# hxsniff attached pid=30501
[0] +0.430886 OPEN 0e41:4246 rc=0
[1] +0.431022 CLAIM interface=0 rc=0 (LIBUSB_SUCCESS / LIBUSB_TRANSFER_COMPLETED)
[2] +0.431031 RELEASE interface=0
[3] +0.431137 OPEN 0e41:4246 rc=0
[4] +0.431308 CLAIM interface=0 rc=0 (LIBUSB_SUCCESS / LIBUSB_TRANSFER_COMPLETED)
[5] +0.652385 ASYNC-IN-SUBMIT ep=0x81 len=0 type=BULK (in, awaiting data)
[6] +0.753475 ASYNC-IN-DONE ep=0x81 len=0 status=2 actual=0
[7] +0.753523 ASYNC-IN-SUBMIT ep=0x81 len=0 type=BULK (in, awaiting data)
[8] +0.866307 ASYNC-IN-DONE ep=0x81 len=0 status=2 actual=0
[9] +0.866389 ASYNC-IN-SUBMIT ep=0x81 len=0 type=BULK (in, awaiting data)
[10] +0.969818 ASYNC-IN-DONE ep=0x81 len=0 status=2 actual=0
[11] +0.969899 ASYNC-IN-SUBMIT ep=0x81 len=0 type=BULK (in, awaiting data)
[12] +1.079048 ASYNC-IN-DONE ep=0x81 len=0 status=2 actual=0
[13] +1.079100 ASYNC-IN-SUBMIT ep=0x81 len=0 type=BULK (in, awaiting data)
[14] +1.191803 ASYNC-IN-DONE ep=0x81 len=0 status=2 actual=0
[15] +1.191844 ASYNC-IN-SUBMIT ep=0x81 len=0 type=BULK (in, awaiting data)
[16] +1.295777 ASYNC-IN-DONE ep=0x81 len=0 status=2 actual=0
[17] +1.295858 ASYNC-IN-SUBMIT ep=0x81 len=0 type=BULK (in, awaiting data)
[18] +1.396529 ASYNC-IN-DONE ep=0x81 len=0 status=2 actual=0
[19] +1.396546 ASYNC-IN-SUBMIT ep=0x81 len=0 type=BULK (in, awaiting data)
[20] +1.498752 ASYNC-IN-DONE ep=0x81 len=0 status=2 actual=0
[21] +1.498770 ASYNC-IN-SUBMIT ep=0x81 len=0 type=BULK (in, awaiting data)
[22] +1.599904 ASYNC-IN-DONE ep=0x81 len=0 status=2 actual=0
[23] +1.599950 ASYNC-IN-SUBMIT ep=0x81 len=0 type=BULK (in, awaiting data)
[24] +1.696551 ASYNC-OUT ep=0x01 len=20 type=BULK 
	0000  0c 00 00 28 01 10 ef 03  00 00 00 02 00 01 00 21 |...(...........!|
	0010  00 10 00 00                                      |....|
[25] +1.696888 ASYNC-OUT-DONE ep=0x01 len=0 status=0 actual=20
[26] +1.697311 ASYNC-IN-DONE ep=0x81 len=20 status=0 actual=20
	0000  0c 00 00 28 ef 03 01 10  00 00 00 02 00 01 00 01 |...(............|
	0010  00 02 00 00                                      |....|
[27] +1.697392 ASYNC-IN-SUBMIT ep=0x81 len=0 type=BULK (in, awaiting data)
[28] +1.720696 ASYNC-OUT ep=0x01 len=28 type=BULK 
	0000  11 00 00 18 01 10 ef 03  00 02 00 04 00 10 00 00 |................|
	0010  01 00 05 00 01 00 00 00  05 00 00 00             |............|
[29] +1.721038 ASYNC-OUT-DONE ep=0x01 len=0 status=0 actual=28
[30] +1.721654 ASYNC-IN-DONE ep=0x81 len=48 status=0 actual=48
	0000  28 00 00 18 ef 03 01 10  00 02 00 04 09 02 00 00 |(...............|
	0010  00 00 02 00 18 00 00 00  05 50 33 33 4d 61 69 6e |.........P33Main|
	0020  00 00 00 00 d3 c7 30 00  00 00 80 03 11 66 39 10 |......0......f9.|
[31] +1.721732 ASYNC-IN-SUBMIT ep=0x81 len=0 type=BULK (in, awaiting data)
[32] +1.771965 ASYNC-OUT ep=0x01 len=16 type=BULK 
	0000  08 00 00 18 01 10 ef 03  00 03 00 08 20 10 00 00 |............ ...|
[33] +1.772164 ASYNC-OUT-DONE ep=0x01 len=0 status=0 actual=16
[34] +1.828585 ASYNC-IN-DONE ep=0x81 len=0 status=2 actual=0
[35] +1.828662 ASYNC-IN-SUBMIT ep=0x81 len=0 type=BULK (in, awaiting data)
[36] +1.891364 ASYNC-IN-DONE ep=0x81 len=16 status=0 actual=16
	0000  08 00 00 18 ef 03 01 10  00 03 00 08 09 02 00 00 |................|
[37] +1.891428 ASYNC-IN-SUBMIT ep=0x81 len=0 type=BULK (in, awaiting data)
[38] +2.001712 ASYNC-IN-DONE ep=0x81 len=0 status=2 actual=0
[39] +2.001761 ASYNC-IN-SUBMIT ep=0x81 len=0 type=BULK (in, awaiting data)
[40] +2.102823 ASYNC-IN-DONE ep=0x81 len=0 status=2 actual=0
[41] +2.102878 ASYNC-IN-SUBMIT ep=0x81 len=0 type=BULK (in, awaiting data)
[42] +2.214049 ASYNC-IN-DONE ep=0x81 len=0 status=2 actual=0
[43] +2.214100 ASYNC-IN-SUBMIT ep=0x81 len=0 type=BULK (in, awaiting data)
[44] +2.326543 ASYNC-IN-DONE ep=0x81 len=0 status=2 actual=0
[45] +2.326604 ASYNC-IN-SUBMIT ep=0x81 len=0 type=BULK (in, awaiting data)
[46] +2.434756 ASYNC-IN-DONE ep=0x81 len=0 status=2 actual=0
[47] +2.434806 ASYNC-IN-SUBMIT ep=0x81 len=0 type=BULK (in, awaiting data)
[48] +2.546024 ASYNC-IN-DONE ep=0x81 len=0 status=2 actual=0
[49] +2.546081 ASYNC-IN-SUBMIT ep=0x81 len=0 type=BULK (in, awaiting data)
[50] +2.650179 ASYNC-IN-DONE ep=0x81 len=0 status=2 actual=0
[51] +2.650268 ASYNC-IN-SUBMIT ep=0x81 len=0 type=BULK (in, awaiting data)
[52] +2.725348 ASYNC-OUT ep=0x01 len=16 type=BULK 
	0000  08 00 00 18 01 10 ef 03  00 04 00 02 20 10 00 00 |............ ...|
[53] +2.725632 ASYNC-OUT-DONE ep=0x01 len=0 status=0 actual=16
[54] +2.726008 ASYNC-IN-DONE ep=0x81 len=16 status=0 actual=16
	0000  08 00 00 18 ef 03 01 10  00 04 00 02 09 02 00 00 |................|
[55] +2.726033 ASYNC-IN-SUBMIT ep=0x81 len=0 type=BULK (in, awaiting data)
[56] +2.835894 ASYNC-IN-DONE ep=0x81 len=0 status=2 actual=0
[57] +2.835945 ASYNC-IN-SUBMIT ep=0x81 len=0 type=BULK (in, awaiting data)
[58] +2.924258 ASYNC-IN-DONE ep=0x81 len=0 status=3 actual=0
[59] +4.183197 RELEASE interface=0
[60] +4.185916 OPEN 0e41:4246 rc=0
[61] +4.186448 CLAIM interface=0 rc=0 (LIBUSB_SUCCESS / LIBUSB_TRANSFER_COMPLETED)
[62] +4.186493 RELEASE interface=0
[63] +4.186846 OPEN 0e41:4246 rc=0
[64] +4.187188 CLAIM interface=0 rc=0 (LIBUSB_SUCCESS / LIBUSB_TRANSFER_COMPLETED)
[65] +4.406689 ASYNC-IN-SUBMIT ep=0x81 len=0 type=BULK (in, awaiting data)
[66] +4.519604 ASYNC-IN-DONE ep=0x81 len=0 status=2 actual=0
[67] +4.519695 ASYNC-IN-SUBMIT ep=0x81 len=0 type=BULK (in, awaiting data)
[68] +4.623400 ASYNC-IN-DONE ep=0x81 len=0 status=2 actual=0
[69] +4.623497 ASYNC-IN-SUBMIT ep=0x81 len=0 type=BULK (in, awaiting data)
[70] +4.730124 ASYNC-IN-DONE ep=0x81 len=0 status=2 actual=0
[71] +4.730225 ASYNC-IN-SUBMIT ep=0x81 len=0 type=BULK (in, awaiting data)
[72] +4.831411 ASYNC-IN-DONE ep=0x81 len=0 status=2 actual=0
[73] +4.831515 ASYNC-IN-SUBMIT ep=0x81 len=0 type=BULK (in, awaiting data)
[74] +4.942105 ASYNC-IN-DONE ep=0x81 len=0 status=2 actual=0
[75] +4.942182 ASYNC-IN-SUBMIT ep=0x81 len=0 type=BULK (in, awaiting data)
[76] +5.048495 ASYNC-IN-DONE ep=0x81 len=0 status=2 actual=0
[77] +5.048594 ASYNC-IN-SUBMIT ep=0x81 len=0 type=BULK (in, awaiting data)
[78] +5.161353 ASYNC-IN-DONE ep=0x81 len=0 status=2 actual=0
[79] +5.161388 ASYNC-IN-SUBMIT ep=0x81 len=0 type=BULK (in, awaiting data)
[80] +5.263409 ASYNC-IN-DONE ep=0x81 len=0 status=2 actual=0
[81] +5.263481 ASYNC-IN-SUBMIT ep=0x81 len=0 type=BULK (in, awaiting data)
[82] +5.376332 ASYNC-IN-DONE ep=0x81 len=0 status=2 actual=0
[83] +5.376401 ASYNC-IN-SUBMIT ep=0x81 len=0 type=BULK (in, awaiting data)
[84] +5.446311 ASYNC-OUT ep=0x01 len=20 type=BULK 
	0000  0c 00 00 28 80 10 ed 03  00 00 00 02 00 01 00 21 |...(...........!|
	0010  00 10 00 00                                      |....|
[85] +5.446633 ASYNC-OUT-DONE ep=0x01 len=0 status=0 actual=20
[86] +5.447049 ASYNC-IN-DONE ep=0x81 len=20 status=0 actual=20
	0000  0c 00 00 28 ed 03 80 10  00 00 00 02 00 01 00 01 |...(............|
	0010  00 02 00 00                                      |....|
[87] +5.447143 ASYNC-IN-SUBMIT ep=0x81 len=0 type=BULK (in, awaiting data)
[88] +5.453541 ASYNC-OUT ep=0x01 len=28 type=BULK 
	0000  11 00 00 18 80 10 ed 03  00 02 00 04 00 10 00 00 |................|
	0010  01 00 06 00 01 00 00 00  06 00 00 00             |............|
[89] +5.453770 ASYNC-OUT-DONE ep=0x01 len=0 status=0 actual=28
[90] +5.454306 ASYNC-IN-DONE ep=0x81 len=28 status=0 actual=28
	0000  11 00 00 18 ed 03 80 10  00 02 00 04 09 02 00 00 |................|
	0010  00 00 06 00 01 00 00 00  06 50 33 33             |.........P33|
[91] +5.454358 ASYNC-IN-SUBMIT ep=0x81 len=0 type=BULK (in, awaiting data)
[92] +5.454405 ASYNC-OUT ep=0x01 len=20 type=BULK 
	0000  0c 00 00 28 02 10 f0 03  00 00 00 02 00 01 00 21 |...(...........!|
	0010  00 10 00 00                                      |....|
[93] +5.454564 ASYNC-OUT-DONE ep=0x01 len=0 status=0 actual=20
[94] +5.455022 ASYNC-IN-DONE ep=0x81 len=20 status=0 actual=20
	0000  0c 00 00 28 f0 03 02 10  00 00 00 02 00 01 00 01 |...(............|
	0010  00 02 00 00                                      |....|
[95] +5.455075 ASYNC-IN-SUBMIT ep=0x81 len=0 type=BULK (in, awaiting data)
[96] +5.503305 ASYNC-IN-DONE ep=0x81 len=16 status=0 actual=16
	0000  08 00 00 18 ed 03 80 10  00 03 00 08 09 02 00 00 |................|
[97] +5.503389 ASYNC-IN-SUBMIT ep=0x81 len=0 type=BULK (in, awaiting data)
[98] +5.505565 ASYNC-OUT ep=0x01 len=16 type=BULK 
	0000  08 00 00 18 80 10 ed 03  00 03 00 08 09 10 00 00 |................|
[99] +5.505686 ASYNC-OUT ep=0x01 len=28 type=BULK 
	0000  11 00 00 18 02 10 f0 03  00 02 00 04 00 10 00 00 |................|
	0010  01 00 04 00 01 00 00 00  04 00 00 00             |............|
[100] +5.505767 ASYNC-OUT-DONE ep=0x01 len=0 status=0 actual=16
[101] +5.505833 ASYNC-OUT-DONE ep=0x01 len=0 status=0 actual=28
[102] +5.506500 ASYNC-IN-DONE ep=0x81 len=28 status=0 actual=28
	0000  11 00 00 18 f0 03 02 10  00 02 00 04 09 02 00 00 |................|
	0010  00 00 04 00 01 00 00 00  04 50 33 33             |.........P33|
[103] +5.506560 ASYNC-IN-SUBMIT ep=0x81 len=0 type=BULK (in, awaiting data)
[104] +5.506611 ASYNC-OUT ep=0x01 len=20 type=BULK 
	0000  0c 00 00 28 01 10 ef 03  00 00 00 02 00 01 00 21 |...(...........!|
	0010  00 10 00 00                                      |....|
[105] +5.506771 ASYNC-OUT-DONE ep=0x01 len=0 status=0 actual=20
[106] +5.507191 ASYNC-IN-DONE ep=0x81 len=20 status=0 actual=20
	0000  0c 00 00 28 ef 03 01 10  00 00 00 02 00 01 00 01 |...(............|
	0010  00 02 00 00                                      |....|
[107] +5.507230 ASYNC-IN-SUBMIT ep=0x81 len=0 type=BULK (in, awaiting data)
[108] +5.557660 ASYNC-OUT ep=0x01 len=16 type=BULK 
	0000  08 00 00 18 02 10 f0 03  00 03 00 08 09 10 00 00 |................|
[109] +5.557857 ASYNC-OUT ep=0x01 len=28 type=BULK 
	0000  11 00 00 18 01 10 ef 03  00 02 00 04 00 10 00 00 |................|
	0010  01 00 02 00 01 00 00 00  02 00 00 00             |............|
[110] +5.557984 ASYNC-OUT-DONE ep=0x01 len=0 status=0 actual=16
[111] +5.558066 ASYNC-OUT-DONE ep=0x01 len=0 status=0 actual=28
[112] +5.558702 ASYNC-IN-DONE ep=0x81 len=28 status=0 actual=28
	0000  11 00 00 18 ef 03 01 10  00 02 00 04 09 02 00 00 |................|
	0010  00 00 05 00 01 00 00 00  02 50 33 33             |.........P33|
[113] +5.558757 ASYNC-IN-SUBMIT ep=0x81 len=0 type=BULK (in, awaiting data)
[114] +5.609722 ASYNC-OUT ep=0x01 len=36 type=BULK 
	0000  19 00 00 18 80 10 ed 03  00 04 00 04 09 10 00 00 |................|
	0010  01 00 06 00 09 00 00 00  83 66 cd 03 e8 64 4c 65 |.........f...dLe|
	0020  80 00 00 00                                      |....|
[115] +5.609989 ASYNC-OUT ep=0x01 len=16 type=BULK 
	0000  08 00 00 18 01 10 ef 03  00 03 00 08 09 10 00 00 |................|
[116] +5.610153 ASYNC-OUT-DONE ep=0x01 len=0 status=0 actual=36
[117] +5.610178 ASYNC-OUT-DONE ep=0x01 len=0 status=0 actual=16
[118] +5.611289 ASYNC-IN-DONE ep=0x81 len=92 status=0 actual=92
	0000  54 00 00 18 ed 03 80 10  00 04 00 04 1a 02 00 00 |T...............|
	0010  00 00 06 00 44 00 00 00  83 66 cd 03 e8 67 00 68 |....D....f...g.h|
	0020  82 3f c3 37 9b ca 42 dc  00 00 ca 3f 34 fd f4 ca |.?.7..B....?4...|
	0030  00 00 00 00 ca 44 fa 00  00 ca 3f 34 fd f4 ca 00 |.....D....?4....|
	0040  00 00 00 ca 45 fa 00 00  ca 3f 34 fd f4 ca 00 00 |....E....?4.....|
	0050  00 00 ca 41 9f 33 33 ca  46 9d 08 00             |...A.33.F...|
[119] +5.611354 ASYNC-IN-SUBMIT ep=0x81 len=0 type=BULK (in, awaiting data)
[120] +5.660979 ASYNC-OUT ep=0x01 len=36 type=BULK 
	0000  1c 00 00 18 80 10 ed 03  00 05 00 0c 55 10 00 00 |............U...|
	0010  01 00 06 00 0c 00 00 00  83 66 cd 03 e9 64 18 65 |.........f...d.e|
	0020  81 76 cc 80                                      |.v..|
[121] +5.661289 ASYNC-OUT-DONE ep=0x01 len=0 status=0 actual=36
[122] +5.662106 ASYNC-IN-DONE ep=0x81 len=40 status=0 actual=40
	0000  1f 00 00 18 ed 03 80 10  00 05 00 04 2e 02 00 00 |................|
	0010  00 00 06 00 0f 00 00 00  83 66 cd 03 e9 67 00 68 |.........f...g.h|
	0020  82 76 cd 00 80 77 00 dc                          |.v...w..|
[123] +5.662157 ASYNC-IN-SUBMIT ep=0x81 len=0 type=BULK (in, awaiting data)
[124] +5.703808 ASYNC-IN-DONE ep=0x81 len=16 status=0 actual=16
	0000  08 00 00 18 ef 03 01 10  00 03 00 08 09 02 00 00 |................|
[125] +5.703848 ASYNC-IN-SUBMIT ep=0x81 len=0 type=BULK (in, awaiting data)
[126] +5.703966 ASYNC-IN-DONE ep=0x81 len=16 status=0 actual=16
	0000  08 00 00 18 ed 03 80 10  00 06 00 08 2e 02 00 00 |................|
[127] +5.704005 ASYNC-IN-SUBMIT ep=0x81 len=0 type=BULK (in, awaiting data)
[128] +5.704185 ASYNC-IN-DONE ep=0x81 len=16 status=0 actual=16
	0000  08 00 00 18 f0 03 02 10  00 03 00 08 09 02 00 00 |................|
[129] +5.704206 ASYNC-IN-SUBMIT ep=0x81 len=0 type=BULK (in, awaiting data)
[130] +5.713063 ASYNC-OUT ep=0x01 len=36 type=BULK 
	0000  19 00 00 18 80 10 ed 03  00 06 00 0c 6c 10 00 00 |............l...|
	0010  01 00 06 00 09 00 00 00  83 66 cd 03 ea 64 17 65 |.........f...d.e|
	0020  c0 00 00 00                                      |....|
[131] +5.713411 ASYNC-OUT-DONE ep=0x01 len=0 status=0 actual=36
[132] +5.714227 ASYNC-IN-DONE ep=0x81 len=60 status=0 actual=60
	0000  34 00 00 18 ed 03 80 10  00 07 00 04 3f 02 00 00 |4...........?...|
	0010  00 00 06 00 24 00 00 00  83 66 cd 03 ea 67 00 68 |....$....f...g.h|
	0020  86 6b cd 00 00 6c cd 00  07 6d a7 43 54 2d 53 61 |.k...l...m.CT-Sa|
	0030  64 00 75 c3 53 92 cd 19  e4 00 5c 00             |d.u.S.....\.|
[133] +5.714274 ASYNC-IN-SUBMIT ep=0x81 len=0 type=BULK (in, awaiting data)
[134] +5.765104 ASYNC-OUT ep=0x01 len=36 type=BULK 
	0000  19 00 00 18 80 10 ed 03  00 07 00 0c 98 10 00 00 |................|
	0010  01 00 06 00 09 00 00 00  83 66 cd 03 eb 64 16 65 |.........f...d.e|
	0020  c0 00 00 00                                      |....|
[135] +5.765461 ASYNC-OUT-DONE ep=0x01 len=0 status=0 actual=36
[136] +5.781299 ASYNC-IN-DONE ep=0x81 len=272 status=0 actual=272
	0000  08 01 00 18 ed 03 80 10  00 08 00 04 50 02 00 00 |............P...|
	0010  00 00 e3 00 ee 09 00 00  83 66 cd 03 eb 67 00 68 |.........f...g.h|
	0020  da 09 e3 a9 6c 36 2d 68  65 6c 69 78 00 da 00 30 |....l6-helix...0|
	0030  3d 00 00 00 60 00 00 00  f8 02 00 00 fa 02 00 00 |=...`...........|
	0040  05 03 00 00 11 03 00 00  01 04 00 00 2e 04 00 00 |................|
	0050  3e 00 00 00 34 04 00 00  e3 09 00 00 e3 09 00 00 |>...4...........|
	0060  89 07 83 24 a4 50 33 33  00 23 ce 03 80 00 00 25 |...$.P33.#.....%|
	0070  b2 76 33 2e 37 31 2d 33  32 2d 67 31 30 33 39 36 |.v3.71-32-g10396|
	0080  36 31 00 00 82 15 00 16  dc 00 14 82 13 00 14 82 |61..............|
	0090  05 01 07 83 02 03 03 03  04 93 c2 ca c2 40 00 00 |.............@..|
	00a0  ca 3f 00 00 00 82 13 06  14 85 18 83 17 c2 19 65 |.?.............e|
	00b0  1a ff 09 01 0a c3 0b 83  02 03 03 03 04 93 ca 3c |...............<|
	00c0  23 d7 00 ca 3e 42 8f 63  ca 3f 7a e1 48 0c 83 02 |#...>B.c.?z.H...|
	00d0  00 03 00 04 90 82 13 06  14 85 18 83 17 c2 19 cd |................|
	00e0  01 43 1a ff 09 01 0a c3  0b 83 02 06 03 06 04 96 |.C..............|
	00f0  ca c1 23 33 33 ca c0 d3  33 33 ca 00 00 00 00 ca |..#33...33......|
	0100  00 00 00 00 ca 00 00 00  00 ca 40 6c cc d1 0c 83 |..........@l....|
[137] +5.781646 ASYNC-IN-SUBMIT ep=0x81 len=0 type=BULK (in, awaiting data)
[138] +5.781722 ASYNC-OUT ep=0x01 len=16 type=BULK 
	0000  08 00 00 18 80 10 ed 03  00 08 00 08 98 11 00 00 |................|
[139] +5.781850 ASYNC-IN-DONE ep=0x81 len=272 status=0 actual=272
	0000  08 01 00 18 ed 03 80 10  00 09 00 04 50 02 00 00 |............P...|
	0010  02 00 03 00 04 90 82 13  06 14 85 18 83 17 c3 19 |................|
	0020  12 1a 40 09 12 0a c3 0b  83 02 0c 03 0c 04 9c ca |..@.............|
	0030  3f 2e 14 7b ca 3e 85 1e  b8 ca 3f 17 0a 3d ca 3e |?..{.>....?..=.>|
	0040  c2 8f 5c ca 3f 51 eb 85  ca 3f 2b 85 1f ca 3e a8 |..\.?Q...?+...>.|
	0050  f5 c3 ca 3f 00 00 00 ca  3e 8a 3d 71 ca 3f 00 00 |...?....>.=q.?..|
	0060  00 ca 3e 4c cc cd ca 3e  f5 c2 8f 0c 83 02 06 03 |..>L...>........|
	0070  05 04 96 ca 40 40 00 00  ca 42 a0 00 00 ca 45 fa |....@@...B....E.|
	0080  00 00 ca 00 00 00 00 ca  00 00 00 00 06 82 13 06 |................|
	0090  14 85 18 83 17 c2 19 cd  01 43 1a ff 09 01 0a c3 |.........C......|
	00a0  0b 83 02 06 03 06 04 96  ca 3f ff ff f8 ca 40 39 |.........?....@9|
	00b0  99 95 ca c0 86 66 68 ca  40 40 00 00 ca 3e cc cc |.....fh.@@...>..|
	00c0  bf ca 00 00 00 00 0c 83  02 00 03 00 04 90 82 13 |................|
	00d0  06 14 85 18 83 17 c2 19  cc 81 1a ff 09 01 0a c3 |................|
	00e0  0b 83 02 0b 03 0b 04 9b  ca c0 b9 99 9a ca c0 06 |................|
	00f0  66 62 ca 40 60 00 00 ca  c0 e0 00 00 ca c0 a3 33 |fb.@`..........3|
	0100  31 ca bf 66 66 60 ca c0  00 00 00 ca 3f b3 33 33 |1..ff`......?.33|
[140] +5.782075 ASYNC-IN-SUBMIT ep=0x81 len=0 type=BULK (in, awaiting data)
[141] +5.782099 ASYNC-OUT ep=0x01 len=16 type=BULK 
	0000  08 00 00 18 80 10 ed 03  00 09 00 08 98 12 00 00 |................|
[142] +5.782132 ASYNC-OUT-DONE ep=0x01 len=0 status=0 actual=16
[143] +5.782186 ASYNC-IN-DONE ep=0x81 len=272 status=0 actual=272
	0000  08 01 00 18 ed 03 80 10  00 0a 00 04 50 02 00 00 |............P...|
	0010  ca c1 26 66 66 ca c1 70  00 00 ca 00 00 00 00 0c |..&ff..p........|
	0020  83 02 00 03 00 04 90 82  13 06 14 85 18 83 17 c2 |................|
	0030  19 78 1a ff 09 01 0a c3  0b 83 02 06 03 06 04 96 |.x..............|
	0040  ca 3e a8 f5 c3 ca 3f 11  eb 83 c2 ca 3d b8 51 f0 |.>....?.....=.Q.|
	0050  ca 3f 80 00 00 ca 00 00  00 00 0c 83 02 00 03 00 |.?..............|
	0060  04 90 82 13 08 14 c0 82  13 08 14 c0 82 13 01 14 |................|
	0070  82 06 01 07 83 02 02 03  02 04 92 ca 3f 00 00 00 |............?...|
	0080  ca 00 00 00 00 82 13 02  14 83 0e 82 05 00 07 83 |................|
	0090  02 00 03 00 04 90 0f 84  08 cd 01 01 0d 00 0a c3 |................|
	00a0  07 83 02 03 03 03 04 93  ca 3f 00 00 00 ca 3f 00 |.........?....?.|
	00b0  00 00 c2 12 c2 82 13 08  14 c0 82 13 08 14 c0 82 |................|
	00c0  13 08 14 c0 82 13 08 14  c0 82 13 08 14 c0 82 13 |................|
	00d0  08 14 c0 82 13 08 14 c0  82 13 08 14 c0 82 13 03 |................|
	00e0  14 83 10 82 06 00 07 83  02 00 03 00 04 90 11 84 |................|
	00f0  08 cc 97 0d 00 0a c3 07  83 02 06 03 06 04 96 ca |................|
	0100  00 00 00 00 ca 3f 00 00  00 ca 00 00 00 00 ca 3f |.....?.........?|
[144] +5.782354 ASYNC-IN-SUBMIT ep=0x81 len=0 type=BULK (in, awaiting data)
[145] +5.782378 ASYNC-OUT ep=0x01 len=16 type=BULK 
	0000  08 00 00 18 80 10 ed 03  00 0a 00 08 98 13 00 00 |................|
[146] +5.782419 ASYNC-OUT-DONE ep=0x01 len=0 status=0 actual=16
[147] +5.782496 ASYNC-OUT-DONE ep=0x01 len=0 status=0 actual=16
[148] +5.782799 ASYNC-IN-DONE ep=0x81 len=272 status=0 actual=272
	0000  08 01 00 18 ed 03 80 10  00 0b 00 04 50 02 00 00 |............P...|
	0010  00 00 00 c2 ca 00 00 00  00 12 c2 01 c0 03 82 07 |................|
	0020  01 08 95 c0 c0 c0 c0 c0  04 9a c0 c0 c0 c0 c0 c0 |................|
	0030  c0 c0 c0 c0 02 82 00 9d  d1 00 00 d1 00 00 d1 00 |................|
	0040  00 d1 00 00 d1 00 00 d1  00 00 d1 00 00 d1 00 00 |................|
	0050  d1 00 00 d1 00 00 d1 00  00 d1 00 00 d1 00 00 01 |................|
	0060  9d 97 cc 00 cc 00 cc 00  cc 00 cc 00 cc 00 cc 00 |................|
	0070  97 cc 00 cc 00 cc 00 cc  00 cc 00 cc 00 cc 00 97 |................|
	0080  cc 00 cc 00 cc 00 cc 00  cc 00 cc 00 cc 00 97 cc |................|
	0090  00 cc 00 cc 00 cc 00 cc  00 cc 00 cc 00 97 cc 00 |................|
	00a0  cc 00 cc 00 cc 00 cc 00  cc 00 cc 00 97 cc 00 cc |................|
	00b0  00 cc 00 cc 00 cc 00 cc  00 cc 00 97 cc 00 cc 00 |................|
	00c0  cc 00 cc 00 cc 00 cc 00  cc 00 97 cc 00 cc 00 cc |................|
	00d0  00 cc 00 cc 00 cc 00 cc  00 97 cc 00 cc 00 cc 00 |................|
	00e0  cc 00 cc 00 cc 00 cc 00  97 cc 00 cc 00 cc 00 cc |................|
	00f0  00 cc 00 cc 00 cc 00 97  cc 00 cc 00 cc 00 cc 00 |................|
	0100  cc 00 cc 00 cc 00 97 cc  00 cc 00 cc 00 cc 00 cc |................|
[149] +5.782975 ASYNC-IN-SUBMIT ep=0x81 len=0 type=BULK (in, awaiting data)
[150] +5.782994 ASYNC-OUT ep=0x01 len=16 type=BULK 
	0000  08 00 00 18 80 10 ed 03  00 0b 00 08 98 14 00 00 |................|
[151] +5.783103 ASYNC-OUT-DONE ep=0x01 len=0 status=0 actual=16
[152] +5.783894 ASYNC-IN-DONE ep=0x81 len=272 status=0 actual=272
	0000  08 01 00 18 ed 03 80 10  00 0c 00 04 50 02 00 00 |............P...|
	0010  00 cc 00 cc 00 97 cc 00  cc 00 cc 00 cc 00 cc 00 |................|
	0020  cc 00 cc 00 05 8f 10 ca  42 97 94 36 2d 00 2e ca |........B..6-...|
	0030  bd cc cc d0 2f ca bd cc  cc d0 30 00 31 c3 32 00 |..../.....0.1.2.|
	0040  33 00 34 00 35 00 36 00  37 00 38 c3 1e 00 cc 86 |3.4.5.6.7.8.....|
	0050  00 06 82 62 03 1a 00 0a  86 06 00 07 00 08 00 09 |...b............|
	0060  14 0a 93 88 00 c3 01 9b  93 0d c2 97 00 00 00 00 |................|
	0070  00 00 00 93 0d c2 97 00  00 00 00 00 00 00 93 0d |................|
	0080  c2 97 00 00 00 00 00 00  00 93 0d c2 97 00 00 00 |................|
	0090  00 00 00 00 93 0d c2 97  00 00 00 00 00 00 00 93 |................|
	00a0  0d c2 97 00 00 00 00 00  00 00 93 0d c2 97 00 00 |................|
	00b0  00 00 00 00 00 93 0d c2  97 00 00 00 00 00 00 00 |................|
	00c0  93 0d c2 97 00 00 00 00  00 00 00 93 0d c2 97 00 |................|
	00d0  00 00 00 00 00 00 93 0d  c2 97 00 00 00 00 00 00 |................|
	00e0  00 02 dc 00 40 93 c2 40  c0 93 c2 40 c0 93 c2 40 |....@..@...@...@|
	00f0  c0 93 c2 40 c0 93 c2 40  c0 93 c2 40 c0 93 c2 40 |...@...@...@...@|
	0100  c0 93 c2 40 c0 93 c2 40  c0 93 c2 40 c0 93 c2 40 |...@...@...@...@|
[153] +5.784129 ASYNC-IN-SUBMIT ep=0x81 len=0 type=BULK (in, awaiting data)
[154] +5.784156 ASYNC-OUT ep=0x01 len=16 type=BULK 
	0000  08 00 00 18 80 10 ed 03  00 0c 00 08 98 15 00 00 |................|
[155] +5.784275 ASYNC-IN-DONE ep=0x81 len=272 status=0 actual=272
	0000  08 01 00 18 ed 03 80 10  00 0d 00 04 50 02 00 00 |............P...|
	0010  c0 93 c2 40 c0 93 c2 40  c0 93 c2 40 c0 93 c2 40 |...@...@...@...@|
	0020  c0 93 c2 40 c0 93 c2 40  c0 93 c2 40 c0 93 c2 40 |...@...@...@...@|
	0030  c0 93 c2 40 c0 93 c2 40  c0 93 c2 40 c0 93 c2 40 |...@...@...@...@|
	0040  c0 93 c2 40 c0 93 c2 40  c0 93 c2 40 c0 93 c2 40 |...@...@...@...@|
	0050  c0 93 c2 40 c0 93 c2 40  c0 93 c2 40 c0 93 c2 40 |...@...@...@...@|
	0060  c0 93 c2 40 c0 93 c2 40  c0 93 c2 40 c0 93 c2 40 |...@...@...@...@|
	0070  c0 93 c2 40 c0 93 c2 40  c0 93 c2 40 c0 93 c2 40 |...@...@...@...@|
	0080  c0 93 c2 40 c0 93 c2 40  c0 93 c2 40 c0 93 c2 40 |...@...@...@...@|
	0090  c0 93 c2 40 c0 93 c2 40  c0 93 c2 40 c0 93 c2 40 |...@...@...@...@|
	00a0  c0 93 c2 40 c0 93 c2 40  c0 93 c2 40 c0 93 c2 40 |...@...@...@...@|
	00b0  c0 93 c2 40 c0 93 c2 40  c0 93 c2 40 c0 93 c2 40 |...@...@...@...@|
	00c0  c0 93 c2 40 c0 93 c2 40  c0 93 c2 40 c0 93 c2 40 |...@...@...@...@|
	00d0  c0 93 c2 40 c0 93 c2 40  c0 93 c2 40 c0 93 c2 40 |...@...@...@...@|
	00e0  c0 93 c2 40 c0 03 dc 00  14 92 c2 c2 92 c2 c3 92 |...@............|
	00f0  c2 c3 92 c2 c3 92 c2 c3  92 c2 c3 92 c2 c3 92 c2 |................|
	0100  c3 92 c2 c3 92 c2 c2 92  c2 c3 92 c2 c3 92 c2 c3 |................|
[156] +5.784444 ASYNC-IN-SUBMIT ep=0x81 len=0 type=BULK (in, awaiting data)
[157] +5.784471 ASYNC-OUT ep=0x01 len=16 type=BULK 
	0000  08 00 00 18 80 10 ed 03  00 0d 00 08 98 16 00 00 |................|
[158] +5.784521 ASYNC-OUT-DONE ep=0x01 len=0 status=0 actual=16
[159] +5.784607 ASYNC-OUT-DONE ep=0x01 len=0 status=0 actual=16
[160] +5.784898 ASYNC-IN-DONE ep=0x81 len=272 status=0 actual=272
	0000  08 01 00 18 ed 03 80 10  00 0e 00 04 50 02 00 00 |............P...|
	0010  92 c2 c3 92 c2 c3 92 c2  c3 92 c2 c3 92 c2 c3 92 |................|
	0020  c2 c3 92 c2 c2 04 ab 53  4e 41 50 53 48 4f 54 20 |.......SNAPSHOT |
	0030  31 00 0e c2 05 ca 42 f0  00 00 0c 00 88 00 c3 01 |1.....B.........|
	0040  9b 93 0d c2 97 00 00 00  00 00 00 00 93 0d c2 97 |................|
	0050  00 00 00 00 00 00 00 93  0d c2 97 00 00 00 00 00 |................|
	0060  00 00 93 0d c2 97 00 00  00 00 00 00 00 93 0d c2 |................|
	0070  97 00 00 00 00 00 00 00  93 0d c2 97 00 00 00 00 |................|
	0080  00 00 00 93 0d c2 97 00  00 00 00 00 00 00 93 0d |................|
	0090  c2 97 00 00 00 00 00 00  00 93 0d c2 97 00 00 00 |................|
	00a0  00 00 00 00 93 0d c2 97  00 00 00 00 00 00 00 93 |................|
	00b0  0d c2 97 00 00 00 00 00  00 00 02 dc 00 40 93 c2 |.............@..|
	00c0  40 c0 93 c2 40 c0 93 c2  40 c0 93 c2 40 c0 93 c2 |@...@...@...@...|
	00d0  40 c0 93 c2 40 c0 93 c2  40 c0 93 c2 40 c0 93 c2 |@...@...@...@...|
	00e0  40 c0 93 c2 40 c0 93 c2  40 c0 93 c2 40 c0 93 c2 |@...@...@...@...|
	00f0  40 c0 93 c2 40 c0 93 c2  40 c0 93 c2 40 c0 93 c2 |@...@...@...@...|
	0100  40 c0 93 c2 40 c0 93 c2  40 c0 93 c2 40 c0 93 c2 |@...@...@...@...|
[161] +5.785080 ASYNC-IN-SUBMIT ep=0x81 len=0 type=BULK (in, awaiting data)
[162] +5.785101 ASYNC-OUT ep=0x01 len=16 type=BULK 
	0000  08 00 00 18 80 10 ed 03  00 0e 00 08 98 17 00 00 |................|
[163] +5.785211 ASYNC-OUT-DONE ep=0x01 len=0 status=0 actual=16
[164] +5.785443 ASYNC-IN-DONE ep=0x81 len=272 status=0 actual=272
	0000  08 01 00 18 ed 03 80 10  00 0f 00 04 50 02 00 00 |............P...|
	0010  40 c0 93 c2 40 c0 93 c2  40 c0 93 c2 40 c0 93 c2 |@...@...@...@...|
	0020  40 c0 93 c2 40 c0 93 c2  40 c0 93 c2 40 c0 93 c2 |@...@...@...@...|
	0030  40 c0 93 c2 40 c0 93 c2  40 c0 93 c2 40 c0 93 c2 |@...@...@...@...|
	0040  40 c0 93 c2 40 c0 93 c2  40 c0 93 c2 40 c0 93 c2 |@...@...@...@...|
	0050  40 c0 93 c2 40 c0 93 c2  40 c0 93 c2 40 c0 93 c2 |@...@...@...@...|
	0060  40 c0 93 c2 40 c0 93 c2  40 c0 93 c2 40 c0 93 c2 |@...@...@...@...|
	0070  40 c0 93 c2 40 c0 93 c2  40 c0 93 c2 40 c0 93 c2 |@...@...@...@...|
	0080  40 c0 93 c2 40 c0 93 c2  40 c0 93 c2 40 c0 93 c2 |@...@...@...@...|
	0090  40 c0 93 c2 40 c0 93 c2  40 c0 93 c2 40 c0 93 c2 |@...@...@...@...|
	00a0  40 c0 93 c2 40 c0 93 c2  40 c0 93 c2 40 c0 93 c2 |@...@...@...@...|
	00b0  40 c0 93 c2 40 c0 93 c2  40 c0 93 c2 40 c0 03 dc |@...@...@...@...|
	00c0  00 14 92 c2 c2 92 c2 c3  92 c2 c3 92 c2 c3 92 c2 |................|
	00d0  c3 92 c2 c3 92 c2 c3 92  c2 c3 92 c2 c3 92 c2 c2 |................|
	00e0  92 c2 c3 92 c2 c3 92 c2  c3 92 c2 c3 92 c2 c3 92 |................|
	00f0  c2 c3 92 c2 c3 92 c2 c3  92 c2 c3 92 c2 c2 04 ab |................|
	0100  53 4e 41 50 53 48 4f 54  20 32 00 0e c2 05 ca 42 |SNAPSHOT 2.....B|
[165] +5.785607 ASYNC-IN-SUBMIT ep=0x81 len=0 type=BULK (in, awaiting data)
[166] +5.785632 ASYNC-OUT ep=0x01 len=16 type=BULK 
	0000  08 00 00 18 80 10 ed 03  00 0f 00 08 98 18 00 00 |................|
[167] +5.785738 ASYNC-OUT-DONE ep=0x01 len=0 status=0 actual=16
[168] +5.786084 ASYNC-IN-DONE ep=0x81 len=272 status=0 actual=272
	0000  08 01 00 18 ed 03 80 10  00 10 00 04 50 02 00 00 |............P...|
	0010  f0 00 00 0c 00 88 00 c3  01 9b 93 0d c2 97 00 00 |................|
	0020  00 00 00 00 00 93 0d c2  97 00 00 00 00 00 00 00 |................|
	0030  93 0d c2 97 00 00 00 00  00 00 00 93 0d c2 97 00 |................|
	0040  00 00 00 00 00 00 93 0d  c2 97 00 00 00 00 00 00 |................|
	0050  00 93 0d c2 97 00 00 00  00 00 00 00 93 0d c2 97 |................|
	0060  00 00 00 00 00 00 00 93  0d c2 97 00 00 00 00 00 |................|
	0070  00 00 93 0d c2 97 00 00  00 00 00 00 00 93 0d c2 |................|
	0080  97 00 00 00 00 00 00 00  93 0d c2 97 00 00 00 00 |................|
	0090  00 00 00 02 dc 00 40 93  c2 40 c0 93 c2 40 c0 93 |......@..@...@..|
	00a0  c2 40 c0 93 c2 40 c0 93  c2 40 c0 93 c2 40 c0 93 |.@...@...@...@..|
	00b0  c2 40 c0 93 c2 40 c0 93  c2 40 c0 93 c2 40 c0 93 |.@...@...@...@..|
	00c0  c2 40 c0 93 c2 40 c0 93  c2 40 c0 93 c2 40 c0 93 |.@...@...@...@..|
	00d0  c2 40 c0 93 c2 40 c0 93  c2 40 c0 93 c2 40 c0 93 |.@...@...@...@..|
	00e0  c2 40 c0 93 c2 40 c0 93  c2 40 c0 93 c2 40 c0 93 |.@...@...@...@..|
	00f0  c2 40 c0 93 c2 40 c0 93  c2 40 c0 93 c2 40 c0 93 |.@...@...@...@..|
	0100  c2 40 c0 93 c2 40 c0 93  c2 40 c0 93 c2 40 c0 93 |.@...@...@...@..|
[169] +5.786271 ASYNC-IN-SUBMIT ep=0x81 len=0 type=BULK (in, awaiting data)
[170] +5.786294 ASYNC-OUT ep=0x01 len=16 type=BULK 
	0000  08 00 00 18 80 10 ed 03  00 10 00 08 98 19 00 00 |................|
[171] +5.786472 ASYNC-OUT-DONE ep=0x01 len=0 status=0 actual=16
[172] +5.786644 ASYNC-IN-DONE ep=0x81 len=264 status=0 actual=264
	0000  fe 00 00 18 ed 03 80 10  00 11 00 04 50 02 00 00 |............P...|
	0010  c2 40 c0 93 c2 40 c0 93  c2 40 c0 93 c2 40 c0 93 |.@...@...@...@..|
	0020  c2 40 c0 93 c2 40 c0 93  c2 40 c0 93 c2 40 c0 93 |.@...@...@...@..|
	0030  c2 40 c0 93 c2 40 c0 93  c2 40 c0 93 c2 40 c0 93 |.@...@...@...@..|
	0040  c2 40 c0 93 c2 40 c0 93  c2 40 c0 93 c2 40 c0 93 |.@...@...@...@..|
	0050  c2 40 c0 93 c2 40 c0 93  c2 40 c0 93 c2 40 c0 93 |.@...@...@...@..|
	0060  c2 40 c0 93 c2 40 c0 93  c2 40 c0 93 c2 40 c0 93 |.@...@...@...@..|
	0070  c2 40 c0 93 c2 40 c0 93  c2 40 c0 93 c2 40 c0 93 |.@...@...@...@..|
	0080  c2 40 c0 93 c2 40 c0 93  c2 40 c0 93 c2 40 c0 93 |.@...@...@...@..|
	0090  c2 40 c0 93 c2 40 c0 03  dc 00 14 92 c2 c2 92 c2 |.@...@..........|
	00a0  c3 92 c2 c3 92 c2 c3 92  c2 c3 92 c2 c3 92 c2 c3 |................|
	00b0  92 c2 c3 92 c2 c3 92 c2  c2 92 c2 c3 92 c2 c3 92 |................|
	00c0  c2 c3 92 c2 c3 92 c2 c3  92 c2 c3 92 c2 c3 92 c2 |................|
	00d0  c3 92 c2 c3 92 c2 c2 04  ab 53 4e 41 50 53 48 4f |.........SNAPSHO|
	00e0  54 20 33 00 0e c2 05 ca  42 f0 00 00 0c 00 0d dc |T 3.....B.......|
	00f0  00 14 c3 c3 c3 c3 c3 c3  c3 c3 c3 c3 c3 c3 c3 c3 |................|
	0100  c3 c3 c3 c3 c3 c3 c0 93                          |........|
[173] +5.786815 ASYNC-IN-SUBMIT ep=0x81 len=0 type=BULK (in, awaiting data)
[174] +5.817045 ASYNC-OUT ep=0x01 len=36 type=BULK 
	0000  1b 00 00 18 80 10 ed 03  00 11 00 0c 8e 1a 00 00 |................|
	0010  01 00 06 00 0b 00 00 00  83 66 cd 03 ec 64 18 65 |.........f...d.e|
	0020  81 76 0e 00                                      |.v..|
[175] +5.817357 ASYNC-OUT-DONE ep=0x01 len=0 status=0 actual=36
[176] +5.818909 ASYNC-IN-DONE ep=0x81 len=40 status=0 actual=40
	0000  1f 00 00 18 ed 03 80 10  00 12 00 04 63 02 00 00 |............c...|
	0010  00 00 06 00 0f 00 00 00  83 66 cd 03 ec 67 00 68 |.........f...g.h|
	0020  82 76 cd 00 0e 77 01 93                          |.v...w..|
[177] +5.818998 ASYNC-IN-SUBMIT ep=0x81 len=0 type=BULK (in, awaiting data)
[178] +5.869159 ASYNC-OUT ep=0x01 len=36 type=BULK 
	0000  1b 00 00 18 80 10 ed 03  00 12 00 0c a5 1a 00 00 |................|
	0010  01 00 06 00 0b 00 00 00  83 66 cd 03 ed 64 18 65 |.........f...d.e|
	0020  81 76 49 00                                      |.vI.|
[179] +5.869407 ASYNC-OUT-DONE ep=0x01 len=0 status=0 actual=36
[180] +5.870278 ASYNC-IN-DONE ep=0x81 len=40 status=0 actual=40
	0000  1f 00 00 18 ed 03 80 10  00 13 00 04 76 02 00 00 |............v...|
	0010  00 00 06 00 0f 00 00 00  83 66 cd 03 ed 67 00 68 |.........f...g.h|
	0020  82 76 cd 00 49 77 00 93                          |.v..Iw..|
[181] +5.870341 ASYNC-IN-SUBMIT ep=0x81 len=0 type=BULK (in, awaiting data)
[182] +5.904579 ASYNC-IN-DONE ep=0x81 len=16 status=0 actual=16
	0000  08 00 00 18 ed 03 80 10  00 14 00 08 76 02 00 00 |............v...|
[183] +5.904660 ASYNC-IN-SUBMIT ep=0x81 len=0 type=BULK (in, awaiting data)
[184] +5.921033 ASYNC-OUT ep=0x01 len=36 type=BULK 
	0000  1c 00 00 18 80 10 ed 03  00 13 00 0c bc 1a 00 00 |................|
	0010  01 00 06 00 0c 00 00 00  83 66 cd 03 ee 64 18 65 |.........f...d.e|
	0020  81 76 cc 88                                      |.v..|
[185] +5.921349 ASYNC-OUT-DONE ep=0x01 len=0 status=0 actual=36
[186] +5.922204 ASYNC-IN-DONE ep=0x81 len=40 status=0 actual=40
	0000  1f 00 00 18 ed 03 80 10  00 15 00 04 8a 02 00 00 |................|
	0010  00 00 06 00 0f 00 00 00  83 66 cd 03 ee 67 00 68 |.........f...g.h|
	0020  82 76 cd 00 88 77 00 93                          |.v...w..|
[187] +5.922308 ASYNC-IN-SUBMIT ep=0x81 len=0 type=BULK (in, awaiting data)
[188] +5.973121 ASYNC-OUT ep=0x01 len=16 type=BULK 
	0000  08 00 00 18 80 10 ed 03  00 14 00 08 d3 1a 00 00 |................|
[189] +5.973305 ASYNC-OUT ep=0x01 len=36 type=BULK 
	0000  1a 00 00 18 01 10 ef 03  00 04 00 04 09 10 00 00 |................|
	0010  01 00 02 00 0a 00 00 00  83 66 cd 03 e8 64 cc fe |.........f...d..|
	0020  65 80 00 00                                      |e...|
[190] +5.973429 ASYNC-OUT-DONE ep=0x01 len=0 status=0 actual=16
[191] +5.973510 ASYNC-OUT-DONE ep=0x01 len=0 status=0 actual=36
[192] +5.974293 ASYNC-IN-DONE ep=0x81 len=36 status=0 actual=36
	0000  19 00 00 18 ef 03 01 10  00 04 00 04 1b 02 00 00 |................|
	0010  00 00 02 00 09 00 00 00  83 66 cd 03 e8 67 00 68 |.........f...g.h|
	0020  c0 76 cd 00                                      |.v..|
[193] +5.974371 ASYNC-IN-SUBMIT ep=0x81 len=0 type=BULK (in, awaiting data)
[194] +6.025131 ASYNC-OUT ep=0x01 len=16 type=BULK 
	0000  08 00 00 18 01 10 ef 03  00 05 00 08 1a 10 00 00 |................|
[195] +6.025352 ASYNC-OUT-DONE ep=0x01 len=0 status=0 actual=16
[196] +6.077179 ASYNC-OUT ep=0x01 len=36 type=BULK 
	0000  1b 00 00 18 80 10 ed 03  00 15 00 04 d3 1a 00 00 |................|
	0010  01 00 06 00 0b 00 00 00  83 66 cd 03 ef 64 18 65 |.........f...d.e|
	0020  81 76 1b 00                                      |.v..|
[197] +6.077386 ASYNC-IN-DONE ep=0x81 len=0 status=2 actual=0
[198] +6.077402 ASYNC-IN-SUBMIT ep=0x81 len=0 type=BULK (in, awaiting data)
[199] +6.077475 ASYNC-OUT-DONE ep=0x01 len=0 status=0 actual=36
[200] +6.078231 ASYNC-IN-DONE ep=0x81 len=40 status=0 actual=40
	0000  1f 00 00 18 ed 03 80 10  00 16 00 04 9d 02 00 00 |................|
	0010  00 00 06 00 0f 00 00 00  83 66 cd 03 ef 67 00 68 |.........f...g.h|
	0020  82 76 cd 00 1b 77 c2 93                          |.v...w..|
[201] +6.078267 ASYNC-IN-SUBMIT ep=0x81 len=0 type=BULK (in, awaiting data)
[202] +6.104976 ASYNC-IN-DONE ep=0x81 len=16 status=0 actual=16
	0000  08 00 00 18 ef 03 01 10  00 05 00 08 1b 02 00 00 |................|
[203] +6.105017 ASYNC-IN-SUBMIT ep=0x81 len=0 type=BULK (in, awaiting data)
[204] +6.105156 ASYNC-IN-DONE ep=0x81 len=16 status=0 actual=16
	0000  08 00 00 18 ed 03 80 10  00 17 00 08 9d 02 00 00 |................|
[205] +6.105183 ASYNC-IN-SUBMIT ep=0x81 len=0 type=BULK (in, awaiting data)
[206] +6.128543 ASYNC-OUT ep=0x01 len=36 type=BULK 
	0000  19 00 00 18 80 10 ed 03  00 16 00 0c ea 1a 00 00 |................|
	0010  01 00 06 00 09 00 00 00  83 66 cd 03 f0 64 63 65 |.........f...dce|
	0020  80 00 00 00                                      |....|
[207] +6.128746 ASYNC-OUT ep=0x01 len=36 type=BULK 
	0000  19 00 00 18 01 10 ef 03  00 06 00 04 1a 10 00 00 |................|
	0010  01 00 02 00 09 00 00 00  83 66 cd 03 e9 64 00 65 |.........f...d.e|
	0020  c0 00 00 00                                      |....|
[208] +6.128849 ASYNC-OUT-DONE ep=0x01 len=0 status=0 actual=36
[209] +6.128917 ASYNC-OUT-DONE ep=0x01 len=0 status=0 actual=36
[210] +6.130252 ASYNC-IN-DONE ep=0x81 len=36 status=0 actual=36
	0000  1b 00 00 18 ed 03 80 10  00 18 00 04 ae 02 00 00 |................|
	0010  00 00 06 00 0b 00 00 00  83 66 cd 03 f0 67 00 68 |.........f...g.h|
	0020  81 3f c2 00                                      |.?..|
[211] +6.130290 ASYNC-IN-SUBMIT ep=0x81 len=0 type=BULK (in, awaiting data)
[212] +6.132164 ASYNC-IN-DONE ep=0x81 len=48 status=0 actual=48
	0000  26 00 00 18 ef 03 01 10  00 06 00 04 2c 02 00 00 |&...........,...|
	0010  00 00 00 00 16 00 00 00  83 66 cd 03 e9 67 00 68 |.........f...g.h|
	0020  91 81 cd 00 00 a8 50 52  45 53 45 54 53 00 c0 93 |......PRESETS...|
[213] +6.132250 ASYNC-IN-SUBMIT ep=0x81 len=0 type=BULK (in, awaiting data)
[214] +6.180587 ASYNC-OUT ep=0x01 len=16 type=BULK 
	0000  08 00 00 18 80 10 ed 03  00 17 00 08 fd 1a 00 00 |................|
[215] +6.180732 ASYNC-OUT ep=0x01 len=40 type=BULK 
	0000  1d 00 00 18 01 10 ef 03  00 07 00 0c 38 10 00 00 |............8...|
	0010  01 00 02 00 0d 00 00 00  83 66 cd 03 ea 64 01 65 |.........f...d.e|
	0020  82 6b 00 65 02 00 00 00                          |.k.e....|
[216] +6.180846 ASYNC-OUT-DONE ep=0x01 len=0 status=0 actual=16
[217] +6.180938 ASYNC-OUT-DONE ep=0x01 len=0 status=0 actual=40
[218] +6.238285 ASYNC-IN-DONE ep=0x81 len=0 status=2 actual=0
[219] +6.238309 ASYNC-IN-SUBMIT ep=0x81 len=0 type=BULK (in, awaiting data)
[220] +6.306093 ASYNC-IN-DONE ep=0x81 len=16 status=0 actual=16
	0000  08 00 00 18 ef 03 01 10  00 07 00 08 41 02 00 00 |............A...|
[221] +6.306141 ASYNC-IN-SUBMIT ep=0x81 len=0 type=BULK (in, awaiting data)
[222] +6.306266 ASYNC-IN-DONE ep=0x81 len=16 status=0 actual=16
	0000  08 00 00 18 ed 03 80 10  00 19 00 08 ae 02 00 00 |................|
[223] +6.306286 ASYNC-IN-SUBMIT ep=0x81 len=0 type=BULK (in, awaiting data)
[224] +6.313397 ASYNC-IN-DONE ep=0x81 len=272 status=0 actual=272
	0000  08 01 00 18 ef 03 01 10  00 08 00 04 41 02 00 00 |............A...|
	0010  00 00 02 00 31 0e 00 00  83 66 cd 03 ea 67 00 68 |....1....f...g.h|
	0020  dc 00 7e 81 cd 00 00 84  cd 00 6d ac 43 54 2d 42 |..~.......m.CT-B|
	0030  6c 61 63 6b 65 6e 64 00  7b c2 7c c2 7d 00 81 cd |lackend.{.|.}...|
	0040  00 01 84 cd 00 6d ab 43  54 2d 44 61 79 20 43 4c |.....m.CT-Day CL|
	0050  4e 00 7b c2 7c c2 7d 00  81 cd 00 02 84 cd 00 6d |N.{.|.}........m|
	0060  ab 43 54 2d 44 61 79 20  52 68 79 00 7b c2 7c c2 |.CT-Day Rhy.{.|.|
	0070  7d 00 81 cd 00 03 84 cd  00 6d ad 43 54 2d 45 6e |}........m.CT-En|
	0080  74 65 72 20 52 68 79 00  7b c2 7c c2 7d 00 81 cd |ter Rhy.{.|.}...|
	0090  00 04 84 cd 00 6d ae 43  54 2d 4d 61 73 74 65 72 |.....m.CT-Master|
	00a0  20 43 4c 4e 00 7b c2 7c  c2 7d 00 81 cd 00 05 84 | CLN.{.|.}......|
	00b0  cd 00 6d af 43 54 2d 4d  61 73 74 65 72 20 4c 65 |..m.CT-Master Le|
	00c0  61 64 00 7b c2 7c c2 7d  00 81 cd 00 06 84 cd 00 |ad.{.|.}........|
	00d0  6d ae 43 54 2d 4d 61 73  74 65 72 20 52 68 79 00 |m.CT-Master Rhy.|
	00e0  7b c2 7c c2 7d 00 81 cd  00 07 84 cd 00 6d a7 43 |{.|.}........m.C|
	00f0  54 2d 53 61 64 00 7b c2  7c c2 7d 00 81 cd 00 08 |T-Sad.{.|.}.....|
	0100  84 cd 00 6d ad 43 54 2d  55 6e 66 6f 20 4c 65 61 |...m.CT-Unfo Lea|
[225] +6.313527 ASYNC-IN-SUBMIT ep=0x81 len=0 type=BULK (in, awaiting data)
[226] +6.313579 ASYNC-OUT ep=0x01 len=16 type=BULK 
	0000  08 00 00 18 01 10 ef 03  00 08 00 08 38 11 00 00 |............8...|
[227] +6.313746 ASYNC-OUT-DONE ep=0x01 len=0 status=0 actual=16
[228] +6.313760 ASYNC-IN-DONE ep=0x81 len=272 status=0 actual=272
	0000  08 01 00 18 ef 03 01 10  00 09 00 04 41 02 00 00 |............A...|
	0010  64 00 7b c2 7c c2 7d 00  81 cd 00 09 84 cd 00 6d |d.{.|.}........m|
	0020  ac 43 54 2d 55 6e 66 6f  20 52 68 79 00 7b c2 7c |.CT-Unfo Rhy.{.||
	0030  c2 7d 00 81 cd 00 0a 84  cd 00 6d af 46 58 3a 53 |.}........m.FX:S|
	0040  6f 66 74 20 46 69 6c 74  65 72 00 7b c2 7c c2 7d |oft Filter.{.|.}|
	0050  00 81 cd 00 0b 84 cd 00  6d ac 46 58 3a 53 6f 6c |........m.FX:Sol|
	0060  69 74 75 64 65 00 7b c2  7c c2 7d 00 81 cd 00 0c |itude.{.|.}.....|
	0070  84 cd 00 6d b0 46 58 3a  35 74 68 20 54 68 65 6e |...m.FX:5th Then|
	0080  20 37 74 68 00 7b c2 7c  c2 7d 00 81 cd 00 0d 84 | 7th.{.|.}......|
	0090  cd 00 6d aa 46 58 3a 53  79 6e 65 72 47 00 7b c2 |..m.FX:SynerG.{.|
	00a0  7c c2 7d 00 81 cd 00 0e  84 cd 00 6d ac 46 58 3a ||.}........m.FX:|
	00b0  54 77 69 6c 69 67 68 74  00 7b c2 7c c2 7d 00 81 |Twilight.{.|.}..|
	00c0  cd 00 0f 84 cd 00 6d ae  46 58 3a 57 61 79 20 53 |......m.FX:Way S|
	00d0  74 6f 6b 65 64 00 7b c2  7c c2 7d 00 81 cd 00 10 |toked.{.|.}.....|
	00e0  84 cd 00 6d ae 46 58 3a  42 65 61 63 68 20 46 75 |...m.FX:Beach Fu|
	00f0  7a 7a 00 7b c2 7c c2 7d  00 81 cd 00 11 84 cd 00 |zz.{.|.}........|
	0100  6d ae 46 58 3a 53 6c 75  64 67 65 67 61 7a 65 00 |m.FX:Sludgegaze.|
[229] +6.313840 ASYNC-IN-SUBMIT ep=0x81 len=0 type=BULK (in, awaiting data)
[230] +6.313878 ASYNC-OUT ep=0x01 len=16 type=BULK 
	0000  08 00 00 18 01 10 ef 03  00 09 00 08 38 12 00 00 |............8...|
[231] +6.314086 ASYNC-OUT-DONE ep=0x01 len=0 status=0 actual=16
[232] +6.314413 ASYNC-IN-DONE ep=0x81 len=272 status=0 actual=272
	0000  08 01 00 18 ef 03 01 10  00 0a 00 04 41 02 00 00 |............A...|
	0010  7b c2 7c c2 7d 00 81 cd  00 12 84 cd 00 6d ae 46 |{.|.}........m.F|
	0020  58 3a 54 72 65 6d 65 6e  74 69 6e 65 00 7b c2 7c |X:Trementine.{.||
	0030  c2 7d 00 81 cd 00 13 84  cd 00 6d b0 46 58 3a 48 |.}........m.FX:H|
	0040  6f 72 72 6f 72 20 53 63  6f 72 65 00 7b c2 7c c2 |orror Score.{.|.|
	0050  7d 00 81 cd 00 14 84 cd  00 6d af 46 58 3a 53 65 |}........m.FX:Se|
	0060  74 20 74 6f 20 53 74 75  6e 00 7b c2 7c c2 7d 00 |t to Stun.{.|.}.|
	0070  81 cd 00 15 84 cd 00 6d  b0 44 49 52 3a 55 53 44 |.......m.DIR:USD|
	0080  6f 75 62 6c 65 4e 72 6d  00 7b c2 7c c2 7d 00 81 |oubleNrm.{.|.}..|
	0090  cd 00 16 84 cd 00 6d ae  44 49 52 3a 45 73 73 65 |......m.DIR:Esse|
	00a0  78 20 41 33 30 00 7b c2  7c c2 7d 00 81 cd 00 17 |x A30.{.|.}.....|
	00b0  84 cd 00 6d b1 44 49 52  3a 43 61 6c 69 52 65 63 |...m.DIR:CaliRec|
	00c0  74 69 66 72 65 00 7b c2  7c c2 7d 00 81 cd 00 18 |tifre.{.|.}.....|
	00d0  84 cd 00 6d b1 44 49 52  3a 4a 61 7a 7a 52 69 76 |...m.DIR:JazzRiv|
	00e0  65 74 31 32 30 00 7b c2  7c c2 7d 00 81 cd 00 19 |et120.{.|.}.....|
	00f0  84 cd 00 6d af 44 49 52  3a 4d 61 74 63 68 73 74 |...m.DIR:Matchst|
	0100  69 63 6b 00 7b c2 7c c2  7d 00 81 cd 00 1a 84 cd |ick.{.|.}.......|
[233] +6.314520 ASYNC-IN-SUBMIT ep=0x81 len=0 type=BULK (in, awaiting data)
[234] +6.314576 ASYNC-OUT ep=0x01 len=16 type=BULK 
	0000  08 00 00 18 01 10 ef 03  00 0a 00 08 38 13 00 00 |............8...|
[235] +6.314777 ASYNC-OUT-DONE ep=0x01 len=0 status=0 actual=16
[236] +6.315020 ASYNC-IN-DONE ep=0x81 len=272 status=0 actual=272
	0000  08 01 00 18 ef 03 01 10  00 0b 00 04 41 02 00 00 |............A...|
	0010  00 6d b1 44 49 52 3a 43  61 72 74 6f 67 72 61 70 |.m.DIR:Cartograp|
	0020  68 65 72 00 7b c2 7c c2  7d 00 81 cd 00 1b 84 cd |her.{.|.}.......|
	0030  00 6d ae 44 49 52 3a 4c  69 74 69 67 61 74 6f 72 |.m.DIR:Litigator|
	0040  00 7b c2 7c c2 7d 00 81  cd 00 1c 84 cd 00 6d ad |.{.|.}........m.|
	0050  44 49 52 3a 44 65 72 61  69 6c 65 64 00 7b c2 7c |DIR:Derailed.{.||
	0060  c2 7d 00 81 cd 00 1d 84  cd 00 6d ad 44 49 52 3a |.}........m.DIR:|
	0070  4d 61 68 61 64 65 76 61  00 7b c2 7c c2 7d 00 81 |Mahadeva.{.|.}..|
	0080  cd 00 1e 84 cd 00 6d b0  44 49 52 3a 50 6c 61 63 |......m.DIR:Plac|
	0090  61 74 65 72 43 6c 6e 00  7b c2 7c c2 7d 00 81 cd |aterCln.{.|.}...|
	00a0  00 1f 84 cd 00 6d b0 44  49 52 3a 50 6c 61 63 61 |.....m.DIR:Placa|
	00b0  74 65 72 44 72 74 00 7b  c2 7c c2 7d 00 81 cd 00 |terDrt.{.|.}....|
	00c0  20 84 cd 00 6d b0 44 49  52 3a 41 4e 47 4c 20 4d | ...m.DIR:ANGL M|
	00d0  65 74 65 6f 72 00 7b c2  7c c2 7d 00 81 cd 00 21 |eteor.{.|.}....!|
	00e0  84 cd 00 6d b1 44 49 52  3a 41 72 63 68 65 74 79 |...m.DIR:Archety|
	00f0  70 65 43 6c 6e 00 7b c2  7c c2 7d 00 81 cd 00 22 |peCln.{.|.}...."|
	0100  84 cd 00 6d b1 44 49 52  3a 43 61 6c 69 54 65 78 |...m.DIR:CaliTex|
[237] +6.315102 ASYNC-IN-SUBMIT ep=0x81 len=0 type=BULK (in, awaiting data)
[238] +6.315153 ASYNC-OUT ep=0x01 len=16 type=BULK 
	0000  08 00 00 18 01 10 ef 03  00 0b 00 08 38 14 00 00 |............8...|
[239] +6.315334 ASYNC-OUT-DONE ep=0x01 len=0 status=0 actual=16
[240] +6.315537 ASYNC-IN-DONE ep=0x81 len=272 status=0 actual=272
	0000  08 01 00 18 ef 03 01 10  00 0c 00 04 41 02 00 00 |............A...|
	0010  61 73 43 68 32 00 7b c2  7c c2 7d 00 81 cd 00 23 |asCh2.{.|.}....#|
	0020  84 cd 00 6d b1 44 49 52  3a 41 72 63 68 65 74 79 |...m.DIR:Archety|
	0030  70 65 4c 65 64 00 7b c2  7c c2 7d 00 81 cd 00 24 |peLed.{.|.}....$|
	0040  84 cd 00 6d b0 44 49 52  3a 57 68 6f 57 61 74 74 |...m.DIR:WhoWatt|
	0050  20 31 30 30 00 7b c2 7c  c2 7d 00 81 cd 00 25 84 | 100.{.|.}....%.|
	0060  cd 00 6d b1 44 49 52 3a  56 6f 6c 74 61 67 65 51 |..m.DIR:VoltageQ|
	0070  75 65 65 6e 00 7b c2 7c  c2 7d 00 81 cd 00 26 84 |ueen.{.|.}....&.|
	0080  cd 00 6d b0 44 49 52 3a  4d 61 6e 64 61 72 69 6e |..m.DIR:Mandarin|
	0090  20 38 30 00 7b c2 7c c2  7d 00 81 cd 00 27 84 cd | 80.{.|.}....'..|
	00a0  00 6d af 44 49 52 3a 48  74 6c 20 43 61 6c 69 4a |.m.DIR:Htl CaliJ|
	00b0  53 00 7b c2 7c c2 7d 00  81 cd 00 28 84 cd 00 6d |S.{.|.}....(...m|
	00c0  b1 44 49 52 3a 41 6c 77  79 73 53 61 74 63 68 4a |.DIR:AlwysSatchJ|
	00d0  53 00 7b c2 7c c2 7d 00  81 cd 00 29 84 cd 00 6d |S.{.|.}....)...m|
	00e0  af 44 49 52 3a 45 4a 20  44 6f 76 65 72 4a 53 00 |.DIR:EJ DoverJS.|
	00f0  7b c2 7c c2 7d 00 81 cd  00 2a 84 cd 00 6d b1 44 |{.|.}....*...m.D|
	0100  49 52 3a 53 65 61 72 65  64 20 47 75 79 4a 53 00 |IR:Seared GuyJS.|
[241] +6.315614 ASYNC-IN-SUBMIT ep=0x81 len=0 type=BULK (in, awaiting data)
[242] +6.315669 ASYNC-OUT ep=0x01 len=16 type=BULK 
	0000  08 00 00 18 01 10 ef 03  00 0c 00 08 38 15 00 00 |............8...|
[243] +6.315839 ASYNC-OUT-DONE ep=0x01 len=0 status=0 actual=16
[244] +6.316492 ASYNC-IN-DONE ep=0x81 len=272 status=0 actual=272
	0000  08 01 00 18 ef 03 01 10  00 0d 00 04 41 02 00 00 |............A...|
	0010  7b c2 7c c2 7d 00 81 cd  00 2b 84 cd 00 6d b1 44 |{.|.}....+...m.D|
	0020  49 52 3a 4a 42 65 63 6b  4c 76 65 72 73 4a 53 00 |IR:JBeckLversJS.|
	0030  7b c2 7c c2 7d 00 81 cd  00 2c 84 cd 00 6d b1 44 |{.|.}....,...m.D|
	0040  49 52 3a 50 74 72 63 69  47 4d 6f 6f 6e 4a 53 00 |IR:PtrciGMoonJS.|
	0050  7b c2 7c c2 7d 00 81 cd  00 2d 84 cd 00 6d ac 44 |{.|.}....-...m.D|
	0060  49 52 3a 54 65 78 61 73  4a 53 00 7b c2 7c c2 7d |IR:TexasJS.{.|.}|
	0070  00 81 cd 00 2e 84 cd 00  6d b1 44 49 52 3a 53 74 |........m.DIR:St|
	0080  65 65 6c 79 20 4b 69 64  4a 53 00 7b c2 7c c2 7d |eely KidJS.{.|.}|
	0090  00 81 cd 00 2f 84 cd 00  6d ae 44 49 52 3a 56 48 |..../...m.DIR:VH|
	00a0  20 4a 75 6d 70 4a 53 00  7b c2 7c c2 7d 00 81 cd | JumpJS.{.|.}...|
	00b0  00 30 84 cd 00 6d ae 44  49 52 3a 57 68 6f 57 61 |.0...m.DIR:WhoWa|
	00c0  74 74 4a 53 00 7b c2 7c  c2 7d 00 81 cd 00 31 84 |ttJS.{.|.}....1.|
	00d0  cd 00 6d b1 44 49 52 3a  52 65 6c 61 74 69 76 69 |..m.DIR:Relativi|
	00e0  74 79 47 44 00 7b c2 7c  c2 7d 00 81 cd 00 32 84 |tyGD.{.|.}....2.|
	00f0  cd 00 6d ac 44 49 52 3a  42 72 6f 77 6e 47 44 00 |..m.DIR:BrownGD.|
	0100  7b c2 7c c2 7d 00 81 cd  00 33 84 cd 00 6d ab 44 |{.|.}....3...m.D|
[245] +6.316600 ASYNC-IN-SUBMIT ep=0x81 len=0 type=BULK (in, awaiting data)
[246] +6.316650 ASYNC-OUT ep=0x01 len=16 type=BULK 
	0000  08 00 00 18 01 10 ef 03  00 0d 00 08 38 16 00 00 |............8...|
[247] +6.316824 ASYNC-OUT-DONE ep=0x01 len=0 status=0 actual=16
[248] +6.317002 ASYNC-IN-DONE ep=0x81 len=272 status=0 actual=272
	0000  08 01 00 18 ef 03 01 10  00 0e 00 04 41 02 00 00 |............A...|
	0010  49 52 3a 53 69 6c 6b 47  44 00 7b c2 7c c2 7d 00 |IR:SilkGD.{.|.}.|
	0020  81 cd 00 34 84 cd 00 6d  b1 44 49 52 3a 54 68 65 |...4...m.DIR:The|
	0030  20 44 6f 63 74 65 72 47  44 00 7b c2 7c c2 7d 00 | DocterGD.{.|.}.|
	0040  81 cd 00 35 84 cd 00 6d  ae 44 49 52 3a 56 69 6e |...5...m.DIR:Vin|
	0050  74 61 67 65 47 44 00 7b  c2 7c c2 7d 00 81 cd 00 |tageGD.{.|.}....|
	0060  36 84 cd 00 6d b0 44 49  52 3a 45 6d 69 6e 20 47 |6...m.DIR:Emin G|
	0070  61 6c 6c 6f 70 00 7b c2  7c c2 7d 00 81 cd 00 37 |allop.{.|.}....7|
	0080  84 cd 00 6d b0 44 49 52  3a 42 72 6f 77 6e 20 53 |...m.DIR:Brown S|
	0090  75 67 61 72 00 7b c2 7c  c2 7d 00 81 cd 00 38 84 |ugar.{.|.}....8.|
	00a0  cd 00 6d b1 44 49 52 3a  20 46 69 6c 74 72 64 20 |..m.DIR: Filtrd |
	00b0  46 75 7a 7a 00 7b c2 7c  c2 7d 00 81 cd 00 39 84 |Fuzz.{.|.}....9.|
	00c0  cd 00 6d b1 44 49 52 3a  45 76 65 72 79 20 42 72 |..m.DIR:Every Br|
	00d0  65 61 74 68 00 7b c2 7c  c2 7d 00 81 cd 00 3a 84 |eath.{.|.}....:.|
	00e0  cd 00 6d b1 44 49 52 3a  4e 6f 20 4e 61 6d 65 20 |..m.DIR:No Name |
	00f0  4c 61 6e 65 00 7b c2 7c  c2 7d 00 81 cd 00 3b 84 |Lane.{.|.}....;.|
	0100  cd 00 6d af 44 49 52 3a  24 20 46 6f 72 20 4e 61 |..m.DIR:$ For Na|
[249] +6.317080 ASYNC-IN-SUBMIT ep=0x81 len=0 type=BULK (in, awaiting data)
[250] +6.317129 ASYNC-OUT ep=0x01 len=16 type=BULK 
	0000  08 00 00 18 01 10 ef 03  00 0e 00 08 38 17 00 00 |............8...|
[251] +6.317303 ASYNC-OUT-DONE ep=0x01 len=0 status=0 actual=16
[252] +6.317593 ASYNC-IN-DONE ep=0x81 len=272 status=0 actual=272
	0000  08 01 00 18 ef 03 01 10  00 0f 00 04 41 02 00 00 |............A...|
	0010  64 61 00 7b c2 7c c2 7d  00 81 cd 00 3c 84 cd 00 |da.{.|.}....<...|
	0020  6d ac 44 49 52 3a 53 75  6c 74 61 6e 73 00 7b c2 |m.DIR:Sultans.{.|
	0030  7c c2 7d 00 81 cd 00 3d  84 cd 00 6d b1 44 49 52 ||.}....=...m.DIR|
	0040  3a 48 65 61 72 74 62 72  65 61 6b 65 72 00 7b c2 |:Heartbreaker.{.|
	0050  7c c2 7d 00 81 cd 00 3e  84 cd 00 6d ae 44 49 52 ||.}....>...m.DIR|
	0060  3a 48 61 6e 67 61 72 20  31 39 00 7b c2 7c c2 7d |:Hangar 19.{.|.}|
	0070  00 81 cd 00 3f 84 cd 00  6d ad 44 49 52 3a 47 6c |....?...m.DIR:Gl|
	0080  6f 73 73 61 72 79 00 7b  c2 7c c2 7d 00 81 cd 00 |ossary.{.|.}....|
	0090  40 84 cd 00 6d b0 44 49  52 3a 50 6f 70 20 4d 79 |@...m.DIR:Pop My|
	00a0  20 50 75 6e 6b 00 7b c2  7c c2 7d 00 81 cd 00 41 | Punk.{.|.}....A|
	00b0  84 cd 00 6d b0 44 49 52  3a 42 61 64 6f 6e 6b 75 |...m.DIR:Badonku|
	00c0  6c 6f 75 73 00 7b c2 7c  c2 7d 00 81 cd 00 42 84 |lous.{.|.}....B.|
	00d0  cd 00 6d ab 44 49 52 3a  52 65 6c 69 65 66 00 7b |..m.DIR:Relief.{|
	00e0  c2 7c c2 7d 00 81 cd 00  43 84 cd 00 6d af 44 49 |.|.}....C...m.DI|
	00f0  52 3a 44 6a 65 6e 74 6c  65 6d 61 6e 00 7b c2 7c |R:Djentleman.{.||
	0100  c2 7d 00 81 cd 00 44 84  cd 00 6d b1 44 49 52 3a |.}....D...m.DIR:|
[253] +6.317677 ASYNC-IN-SUBMIT ep=0x81 len=0 type=BULK (in, awaiting data)
[254] +6.317728 ASYNC-OUT ep=0x01 len=16 type=BULK 
	0000  08 00 00 18 01 10 ef 03  00 0f 00 08 38 18 00 00 |............8...|
[255] +6.317940 ASYNC-OUT-DONE ep=0x01 len=0 status=0 actual=16
[256] +6.320643 ASYNC-IN-DONE ep=0x81 len=272 status=0 actual=272
	0000  08 01 00 18 ef 03 01 10  00 10 00 04 41 02 00 00 |............A...|
	0010  53 6e 75 66 66 6c 75 70  61 67 75 73 00 7b c2 7c |Snufflupagus.{.||
	0020  c2 7d 00 81 cd 00 45 84  cd 00 6d b1 44 49 52 3a |.}....E...m.DIR:|
	0030  47 6f 74 68 20 6f 72 20  4d 6f 64 3f 00 7b c2 7c |Goth or Mod?.{.||
	0040  c2 7d 00 81 cd 00 46 84  cd 00 6d af 44 49 52 3a |.}....F...m.DIR:|
	0050  32 2f 33 20 42 65 61 72  64 73 00 7b c2 7c c2 7d |2/3 Beards.{.|.}|
	0060  00 81 cd 00 47 84 cd 00  6d b1 44 49 52 3a 54 65 |....G...m.DIR:Te|
	0070  68 20 42 72 30 30 74 61  6c 7a 00 7b c2 7c c2 7d |h Br00talz.{.|.}|
	0080  00 81 cd 00 48 84 cd 00  6d b0 34 43 4d 3a 43 6c |....H...m.4CM:Cl|
	0090  65 61 6e 20 53 74 61 72  74 00 7b c2 7c c2 7d 00 |ean Start.{.|.}.|
	00a0  81 cd 00 49 84 cd 00 6d  b0 34 43 4d 3a 44 6f 74 |...I...m.4CM:Dot|
	00b0  20 38 20 44 65 6c 61 79  00 7b c2 7c c2 7d 00 81 | 8 Delay.{.|.}..|
	00c0  cd 00 4a 84 cd 00 6d b0  34 43 4d 3a 50 72 65 61 |..J...m.4CM:Prea|
	00d0  6d 70 20 53 77 61 70 00  7b c2 7c c2 7d 00 81 cd |mp Swap.{.|.}...|
	00e0  00 4b 84 cd 00 6d b0 34  43 4d 3a 4e 61 73 68 76 |.K...m.4CM:Nashv|
	00f0  6c 20 53 6f 6c 6f 00 7b  c2 7c c2 7d 00 81 cd 00 |l Solo.{.|.}....|
	0100  4c 84 cd 00 6d ae 34 43  4d 3a 45 70 69 63 20 4c |L...m.4CM:Epic L|
[257] +6.320746 ASYNC-IN-SUBMIT ep=0x81 len=0 type=BULK (in, awaiting data)
[258] +6.320815 ASYNC-OUT ep=0x01 len=16 type=BULK 
	0000  08 00 00 18 01 10 ef 03  00 10 00 08 38 19 00 00 |............8...|
[259] +6.320948 ASYNC-IN-DONE ep=0x81 len=272 status=0 actual=272
	0000  08 01 00 18 ef 03 01 10  00 11 00 04 41 02 00 00 |............A...|
	0010  65 61 64 00 7b c2 7c c2  7d 00 81 cd 00 4d 84 cd |ead.{.|.}....M..|
	0020  00 6d ac 34 43 4d 3a 43  72 75 6e 63 68 79 00 7b |.m.4CM:Crunchy.{|
	0030  c2 7c c2 7d 00 81 cd 00  4e 84 cd 00 6d ac 42 41 |.|.}....N...m.BA|
	0040  53 3a 41 71 75 61 20 35  31 00 7b c2 7c c2 7d 00 |S:Aqua 51.{.|.}.|
	0050  81 cd 00 4f 84 cd 00 6d  ac 42 41 53 3a 53 56 54 |...O...m.BAS:SVT|
	0060  20 4e 72 6d 00 7b c2 7c  c2 7d 00 81 cd 00 50 84 | Nrm.{.|.}....P.|
	0070  cd 00 6d ae 42 41 53 3a  53 56 54 2d 34 20 50 72 |..m.BAS:SVT-4 Pr|
	0080  6f 00 7b c2 7c c2 7d 00  81 cd 00 51 84 cd 00 6d |o.{.|.}....Q...m|
	0090  af 42 41 53 3a 57 6f 6f  64 79 20 42 6c 75 65 00 |.BAS:Woody Blue.|
	00a0  7b c2 7c c2 7d 00 81 cd  00 52 84 cd 00 6d af 42 |{.|.}....R...m.B|
	00b0  41 53 3a 54 75 63 6b 20  6e 27 20 47 6f 00 7b c2 |AS:Tuck n' Go.{.|
	00c0  7c c2 7d 00 81 cd 00 53  84 cd 00 6d b0 42 41 53 ||.}....S...m.BAS|
	00d0  3a 44 65 6c 20 53 6f 6c  20 33 30 30 00 7b c2 7c |:Del Sol 300.{.||
	00e0  c2 7d 00 81 cd 00 54 84  cd 00 6d b1 42 41 53 3a |.}....T...m.BAS:|
	00f0  43 61 6c 69 20 34 30 30  20 43 68 31 00 7b c2 7c |Cali 400 Ch1.{.||
	0100  c2 7d 00 81 cd 00 55 84  cd 00 6d b1 42 41 53 3a |.}....U...m.BAS:|
[260] +6.321036 ASYNC-IN-SUBMIT ep=0x81 len=0 type=BULK (in, awaiting data)
[261] +6.321059 ASYNC-OUT-DONE ep=0x01 len=0 status=0 actual=16
[262] +6.321074 ASYNC-OUT ep=0x01 len=16 type=BULK 
	0000  08 00 00 18 01 10 ef 03  00 11 00 08 38 1a 00 00 |............8...|
[263] +6.321205 ASYNC-OUT-DONE ep=0x01 len=0 status=0 actual=16
[264] +6.321730 ASYNC-IN-DONE ep=0x81 len=272 status=0 actual=272
	0000  08 01 00 18 ef 03 01 10  00 12 00 04 41 02 00 00 |............A...|
	0010  42 75 73 79 20 4f 6e 65  20 43 68 31 00 7b c2 7c |Busy One Ch1.{.||
	0020  c2 7d 00 81 cd 00 56 84  cd 00 6d ae 42 41 53 3a |.}....V...m.BAS:|
	0030  54 79 4b 30 20 4c 69 6b  65 00 7b c2 7c c2 7d 00 |TyK0 Like.{.|.}.|
	0040  81 cd 00 57 84 cd 00 6d  ad 42 41 53 3a 50 6f 6e |...W...m.BAS:Pon|
	0050  79 20 31 55 70 00 7b c2  7c c2 7d 00 81 cd 00 58 |y 1Up.{.|.}....X|
	0060  84 cd 00 6d ac 42 41 53  3a 53 75 62 20 44 75 62 |...m.BAS:Sub Dub|
	0070  00 7b c2 7c c2 7d 00 81  cd 00 59 84 cd 00 6d ad |.{.|.}....Y...m.|
	0080  42 41 53 3a 50 68 61 74  20 52 61 74 00 7b c2 7c |BAS:Phat Rat.{.||
	0090  c2 7d 00 81 cd 00 5a 84  cd 00 6d ae 42 41 53 3a |.}....Z...m.BAS:|
	00a0  53 79 6e 74 68 65 74 69  6b 00 7b c2 7c c2 7d 00 |Synthetik.{.|.}.|
	00b0  81 cd 00 5b 84 cd 00 6d  ab 41 43 4f 3a 53 74 75 |...[...m.ACO:Stu|
	00c0  64 69 6f 00 7b c2 7c c2  7d 00 81 cd 00 5c 84 cd |dio.{.|.}....\..|
	00d0  00 6d af 41 43 4f 3a 53  6f 6e 67 77 72 69 74 65 |.m.ACO:Songwrite|
	00e0  72 00 7b c2 7c c2 7d 00  81 cd 00 5d 84 cd 00 6d |r.{.|.}....]...m|
	00f0  ae 41 43 4f 3a 4f 75 74  20 54 68 65 72 65 00 7b |.ACO:Out There.{|
	0100  c2 7c c2 7d 00 81 cd 00  5e 84 cd 00 6d aa 4b 45 |.|.}....^...m.KE|
[265] +6.321832 ASYNC-IN-SUBMIT ep=0x81 len=0 type=BULK (in, awaiting data)
[266] +6.321897 ASYNC-OUT ep=0x01 len=16 type=BULK 
	0000  08 00 00 18 01 10 ef 03  00 12 00 08 38 1b 00 00 |............8...|
[267] +6.322100 ASYNC-IN-DONE ep=0x81 len=272 status=0 actual=272
	0000  08 01 00 18 ef 03 01 10  00 13 00 04 41 02 00 00 |............A...|
	0010  59 3a 47 72 69 74 7a 00  7b c2 7c c2 7d 00 81 cd |Y:Gritz.{.|.}...|
	0020  00 5f 84 cd 00 6d af 4b  45 59 3a 41 74 6d 6f 73 |._...m.KEY:Atmos|
	0030  70 68 65 72 65 00 7b c2  7c c2 7d 00 81 cd 00 60 |phere.{.|.}....`|
	0040  84 cd 00 6d ac 4b 45 59  3a 45 63 68 6f 65 7a 7a |...m.KEY:Echoezz|
	0050  00 7b c2 7c c2 7d 00 81  cd 00 61 84 cd 00 6d ab |.{.|.}....a...m.|
	0060  4e 65 77 20 50 72 65 73  65 74 00 7b c2 7c c2 7d |New Preset.{.|.}|
	0070  00 81 cd 00 62 84 cd 00  6d ab 4e 65 77 20 50 72 |....b...m.New Pr|
	0080  65 73 65 74 00 7b c2 7c  c2 7d 00 81 cd 00 63 84 |eset.{.|.}....c.|
	0090  cd 00 6d ab 4e 65 77 20  50 72 65 73 65 74 00 7b |..m.New Preset.{|
	00a0  c2 7c c2 7d 00 81 cd 00  64 84 cd 00 6d ab 4e 65 |.|.}....d...m.Ne|
	00b0  77 20 50 72 65 73 65 74  00 7b c2 7c c2 7d 00 81 |w Preset.{.|.}..|
	00c0  cd 00 65 84 cd 00 6d ab  4e 65 77 20 50 72 65 73 |..e...m.New Pres|
	00d0  65 74 00 7b c2 7c c2 7d  00 81 cd 00 66 84 cd 00 |et.{.|.}....f...|
	00e0  6d ab 4e 65 77 20 50 72  65 73 65 74 00 7b c2 7c |m.New Preset.{.||
	00f0  c2 7d 00 81 cd 00 67 84  cd 00 6d ab 4e 65 77 20 |.}....g...m.New |
	0100  50 72 65 73 65 74 00 7b  c2 7c c2 7d 00 81 cd 00 |Preset.{.|.}....|
[268] +6.322194 ASYNC-IN-SUBMIT ep=0x81 len=0 type=BULK (in, awaiting data)
[269] +6.322227 ASYNC-OUT-DONE ep=0x01 len=0 status=0 actual=16
[270] +6.322251 ASYNC-OUT ep=0x01 len=16 type=BULK 
	0000  08 00 00 18 01 10 ef 03  00 13 00 08 38 1c 00 00 |............8...|
[271] +6.322461 ASYNC-OUT-DONE ep=0x01 len=0 status=0 actual=16
[272] +6.322719 ASYNC-IN-DONE ep=0x81 len=272 status=0 actual=272
	0000  08 01 00 18 ef 03 01 10  00 14 00 04 41 02 00 00 |............A...|
	0010  68 84 cd 00 6d ab 4e 65  77 20 50 72 65 73 65 74 |h...m.New Preset|
	0020  00 7b c2 7c c2 7d 00 81  cd 00 69 84 cd 00 6d ab |.{.|.}....i...m.|
	0030  4e 65 77 20 50 72 65 73  65 74 00 7b c2 7c c2 7d |New Preset.{.|.}|
	0040  00 81 cd 00 6a 84 cd 00  6d ab 4e 65 77 20 50 72 |....j...m.New Pr|
	0050  65 73 65 74 00 7b c2 7c  c2 7d 00 81 cd 00 6b 84 |eset.{.|.}....k.|
	0060  cd 00 6d ab 4e 65 77 20  50 72 65 73 65 74 00 7b |..m.New Preset.{|
	0070  c2 7c c2 7d 00 81 cd 00  6c 84 cd 00 6d ab 4e 65 |.|.}....l...m.Ne|
	0080  77 20 50 72 65 73 65 74  00 7b c2 7c c2 7d 00 81 |w Preset.{.|.}..|
	0090  cd 00 6d 84 cd 00 6d ab  4e 65 77 20 50 72 65 73 |..m...m.New Pres|
	00a0  65 74 00 7b c2 7c c2 7d  00 81 cd 00 6e 84 cd 00 |et.{.|.}....n...|
	00b0  6d ab 4e 65 77 20 50 72  65 73 65 74 00 7b c2 7c |m.New Preset.{.||
	00c0  c2 7d 00 81 cd 00 6f 84  cd 00 6d ab 4e 65 77 20 |.}....o...m.New |
	00d0  50 72 65 73 65 74 00 7b  c2 7c c2 7d 00 81 cd 00 |Preset.{.|.}....|
	00e0  70 84 cd 00 6d ab 4e 65  77 20 50 72 65 73 65 74 |p...m.New Preset|
	00f0  00 7b c2 7c c2 7d 00 81  cd 00 71 84 cd 00 6d ab |.{.|.}....q...m.|
	0100  4e 65 77 20 50 72 65 73  65 74 00 7b c2 7c c2 7d |New Preset.{.|.}|
[273] +6.322806 ASYNC-IN-SUBMIT ep=0x81 len=0 type=BULK (in, awaiting data)
[274] +6.322857 ASYNC-OUT ep=0x01 len=16 type=BULK 
	0000  08 00 00 18 01 10 ef 03  00 14 00 08 38 1d 00 00 |............8...|
[275] +6.323031 ASYNC-OUT-DONE ep=0x01 len=0 status=0 actual=16
[276] +6.323305 ASYNC-IN-DONE ep=0x81 len=272 status=0 actual=272
	0000  08 01 00 18 ef 03 01 10  00 15 00 04 41 02 00 00 |............A...|
	0010  00 81 cd 00 72 84 cd 00  6d ab 4e 65 77 20 50 72 |....r...m.New Pr|
	0020  65 73 65 74 00 7b c2 7c  c2 7d 00 81 cd 00 73 84 |eset.{.|.}....s.|
	0030  cd 00 6d ab 4e 65 77 20  50 72 65 73 65 74 00 7b |..m.New Preset.{|
	0040  c2 7c c2 7d 00 81 cd 00  74 84 cd 00 6d ab 4e 65 |.|.}....t...m.Ne|
	0050  77 20 50 72 65 73 65 74  00 7b c2 7c c2 7d 00 81 |w Preset.{.|.}..|
	0060  cd 00 75 84 cd 00 6d ab  4e 65 77 20 50 72 65 73 |..u...m.New Pres|
	0070  65 74 00 7b c2 7c c2 7d  00 81 cd 00 76 84 cd 00 |et.{.|.}....v...|
	0080  6d ab 4e 65 77 20 50 72  65 73 65 74 00 7b c2 7c |m.New Preset.{.||
	0090  c2 7d 00 81 cd 00 77 84  cd 00 6d ab 4e 65 77 20 |.}....w...m.New |
	00a0  50 72 65 73 65 74 00 7b  c2 7c c2 7d 00 81 cd 00 |Preset.{.|.}....|
	00b0  78 84 cd 00 6d ab 4e 65  77 20 50 72 65 73 65 74 |x...m.New Preset|
	00c0  00 7b c2 7c c2 7d 00 81  cd 00 79 84 cd 00 6d ab |.{.|.}....y...m.|
	00d0  4e 65 77 20 50 72 65 73  65 74 00 7b c2 7c c2 7d |New Preset.{.|.}|
	00e0  00 81 cd 00 7a 84 cd 00  6d ab 4e 65 77 20 50 72 |....z...m.New Pr|
	00f0  65 73 65 74 00 7b c2 7c  c2 7d 00 81 cd 00 7b 84 |eset.{.|.}....{.|
	0100  cd 00 6d ab 4e 65 77 20  50 72 65 73 65 74 00 7b |..m.New Preset.{|
[277] +6.323389 ASYNC-IN-SUBMIT ep=0x81 len=0 type=BULK (in, awaiting data)
[278] +6.323441 ASYNC-OUT ep=0x01 len=16 type=BULK 
	0000  08 00 00 18 01 10 ef 03  00 15 00 08 38 1e 00 00 |............8...|
[279] +6.323621 ASYNC-OUT-DONE ep=0x01 len=0 status=0 actual=16
[280] +6.323797 ASYNC-IN-DONE ep=0x81 len=76 status=0 actual=76
	0000  41 00 00 18 ef 03 01 10  00 16 00 04 41 02 00 00 |A...........A...|
	0010  c2 7c c2 7d 00 81 cd 00  7c 84 cd 00 6d ab 4e 65 |.|.}....|...m.Ne|
	0020  77 20 50 72 65 73 65 74  00 7b c2 7c c2 7d 00 81 |w Preset.{.|.}..|
	0030  cd 00 7d 84 cd 00 6d ab  4e 65 77 20 50 72 65 73 |..}...m.New Pres|
	0040  65 74 00 7b c2 7c c2 7d  00 84 cd 00             |et.{.|.}....|
[281] +6.323831 ASYNC-IN-SUBMIT ep=0x81 len=0 type=BULK (in, awaiting data)
[282] +6.336739 ASYNC-OUT ep=0x01 len=36 type=BULK 
	0000  19 00 00 18 01 10 ef 03  00 16 00 0c 71 1e 00 00 |............q...|
	0010  01 00 02 00 09 00 00 00  83 66 cd 03 eb 64 70 65 |.........f...dpe|
	0020  c0 00 00 00                                      |....|
[283] +6.337050 ASYNC-OUT-DONE ep=0x01 len=0 status=0 actual=36
[284] +6.337783 ASYNC-IN-DONE ep=0x81 len=36 status=0 actual=36
	0000  19 00 00 18 ef 03 01 10  00 17 00 04 52 02 00 00 |............R...|
	0010  00 00 02 00 09 00 00 00  83 66 cd 03 eb 67 00 68 |.........f...g.h|
	0020  c0 20 50 72                                      |. Pr|
[285] +6.337826 ASYNC-IN-SUBMIT ep=0x81 len=0 type=BULK (in, awaiting data)
[286] +6.388803 ASYNC-OUT ep=0x01 len=36 type=BULK 
	0000  1b 00 00 18 01 10 ef 03  00 17 00 0c 82 1e 00 00 |................|
	0010  01 00 02 00 0b 00 00 00  83 66 cd 03 ec 64 0d 65 |.........f...d.e|
	0020  81 65 02 00                                      |.e..|
[287] +6.389148 ASYNC-OUT-DONE ep=0x01 len=0 status=0 actual=36
[288] +6.390012 ASYNC-IN-DONE ep=0x81 len=36 status=0 actual=36
	0000  19 00 00 18 ef 03 01 10  00 18 00 04 65 02 00 00 |............e...|
	0010  00 00 02 00 09 00 00 00  83 66 cd 03 ec 67 00 68 |.........f...g.h|
	0020  c0 20 50 72                                      |. Pr|
[289] +6.390068 ASYNC-IN-SUBMIT ep=0x81 len=0 type=BULK (in, awaiting data)
[290] +6.440878 ASYNC-OUT ep=0x01 len=16 type=BULK 
	0000  08 00 00 18 01 10 ef 03  00 18 00 08 93 1e 00 00 |................|
[291] +6.441208 ASYNC-OUT-DONE ep=0x01 len=0 status=0 actual=16
[292] +6.502795 ASYNC-IN-DONE ep=0x81 len=0 status=2 actual=0
[293] +6.502820 ASYNC-IN-SUBMIT ep=0x81 len=0 type=BULK (in, awaiting data)
[294] +6.506600 ASYNC-IN-DONE ep=0x81 len=16 status=0 actual=16
	0000  08 00 00 18 ef 03 01 10  00 19 00 08 65 02 00 00 |............e...|
[295] +6.506650 ASYNC-IN-SUBMIT ep=0x81 len=0 type=BULK (in, awaiting data)
[296] +6.596399 ASYNC-OUT ep=0x01 len=16 type=BULK 
	0000  08 00 00 18 02 10 f0 03  00 04 00 10 09 10 00 00 |................|
[297] +6.596709 ASYNC-OUT-DONE ep=0x01 len=0 status=0 actual=16
[298] +6.619387 ASYNC-IN-DONE ep=0x81 len=0 status=2 actual=0
[299] +6.619427 ASYNC-IN-SUBMIT ep=0x81 len=0 type=BULK (in, awaiting data)
[300] +6.707062 ASYNC-IN-DONE ep=0x81 len=16 status=0 actual=16
	0000  08 00 00 18 f0 03 02 10  00 04 00 10 09 02 00 00 |................|
[301] +6.707177 ASYNC-IN-SUBMIT ep=0x81 len=0 type=BULK (in, awaiting data)
[302] +6.808169 ASYNC-IN-DONE ep=0x81 len=0 status=2 actual=0
[303] +6.808250 ASYNC-IN-SUBMIT ep=0x81 len=0 type=BULK (in, awaiting data)
[304] +6.914678 ASYNC-IN-DONE ep=0x81 len=0 status=2 actual=0
[305] +6.914766 ASYNC-IN-SUBMIT ep=0x81 len=0 type=BULK (in, awaiting data)
[306] +7.027559 ASYNC-IN-DONE ep=0x81 len=0 status=2 actual=0
[307] +7.027626 ASYNC-IN-SUBMIT ep=0x81 len=0 type=BULK (in, awaiting data)
[308] +7.140478 ASYNC-IN-DONE ep=0x81 len=0 status=2 actual=0
[309] +7.140551 ASYNC-IN-SUBMIT ep=0x81 len=0 type=BULK (in, awaiting data)
[310] +7.218157 ASYNC-OUT ep=0x01 len=16 type=BULK 
	0000  08 00 00 18 80 10 ed 03  00 18 00 10 fd 1a 00 00 |................|
[311] +7.218727 ASYNC-OUT-DONE ep=0x01 len=0 status=0 actual=16
[312] +7.252657 ASYNC-IN-DONE ep=0x81 len=0 status=2 actual=0
[313] +7.252678 ASYNC-IN-SUBMIT ep=0x81 len=0 type=BULK (in, awaiting data)
[314] +7.308996 ASYNC-IN-DONE ep=0x81 len=16 status=0 actual=16
	0000  08 00 00 18 ed 03 80 10  00 1a 00 10 ae 02 00 00 |................|
[315] +7.309142 ASYNC-IN-SUBMIT ep=0x81 len=0 type=BULK (in, awaiting data)
[316] +7.415949 ASYNC-IN-DONE ep=0x81 len=0 status=2 actual=0
[317] +7.416028 ASYNC-IN-SUBMIT ep=0x81 len=0 type=BULK (in, awaiting data)
[318] +7.478163 ASYNC-OUT ep=0x01 len=16 type=BULK 
	0000  08 00 00 18 01 10 ef 03  00 19 00 10 93 1e 00 00 |................|
[319] +7.478469 ASYNC-OUT-DONE ep=0x01 len=0 status=0 actual=16
[320] +7.509805 ASYNC-IN-DONE ep=0x81 len=16 status=0 actual=16
	0000  08 00 00 18 ef 03 01 10  00 1a 00 10 65 02 00 00 |............e...|
[321] +7.509941 ASYNC-IN-SUBMIT ep=0x81 len=0 type=BULK (in, awaiting data)
[322] +7.618977 ASYNC-IN-DONE ep=0x81 len=0 status=2 actual=0
[323] +7.619058 ASYNC-IN-SUBMIT ep=0x81 len=0 type=BULK (in, awaiting data)
[324] +7.634282 ASYNC-OUT ep=0x01 len=16 type=BULK 
	0000  08 00 00 18 02 10 f0 03  00 05 00 10 09 10 00 00 |................|
[325] +7.634540 ASYNC-OUT-DONE ep=0x01 len=0 status=0 actual=16
[326] +7.710494 ASYNC-IN-DONE ep=0x81 len=16 status=0 actual=16
	0000  08 00 00 18 f0 03 02 10  00 05 00 10 09 02 00 00 |................|
[327] +7.710623 ASYNC-IN-SUBMIT ep=0x81 len=0 type=BULK (in, awaiting data)
[328] +7.823418 ASYNC-IN-DONE ep=0x81 len=0 status=2 actual=0
[329] +7.823512 ASYNC-IN-SUBMIT ep=0x81 len=0 type=BULK (in, awaiting data)
[330] +7.936093 ASYNC-IN-DONE ep=0x81 len=0 status=2 actual=0
[331] +7.936165 ASYNC-IN-SUBMIT ep=0x81 len=0 type=BULK (in, awaiting data)
[332] +8.047430 ASYNC-IN-DONE ep=0x81 len=0 status=2 actual=0
[333] +8.047511 ASYNC-IN-SUBMIT ep=0x81 len=0 type=BULK (in, awaiting data)
[334] +8.160357 ASYNC-IN-DONE ep=0x81 len=0 status=2 actual=0
[335] +8.160446 ASYNC-IN-SUBMIT ep=0x81 len=0 type=BULK (in, awaiting data)
[336] +8.257488 ASYNC-OUT ep=0x01 len=16 type=BULK 
	0000  08 00 00 18 80 10 ed 03  00 19 00 10 fd 1a 00 00 |................|
[337] +8.257743 ASYNC-OUT-DONE ep=0x01 len=0 status=0 actual=16
[338] +8.272784 ASYNC-IN-DONE ep=0x81 len=0 status=2 actual=0
[339] +8.272838 ASYNC-IN-SUBMIT ep=0x81 len=0 type=BULK (in, awaiting data)
[340] +8.312402 ASYNC-IN-DONE ep=0x81 len=16 status=0 actual=16
	0000  08 00 00 18 ed 03 80 10  00 1b 00 10 ae 02 00 00 |................|
[341] +8.312506 ASYNC-IN-SUBMIT ep=0x81 len=0 type=BULK (in, awaiting data)
[342] +8.422118 ASYNC-IN-DONE ep=0x81 len=0 status=2 actual=0
[343] +8.422253 ASYNC-IN-SUBMIT ep=0x81 len=0 type=BULK (in, awaiting data)
[344] +8.512841 ASYNC-IN-DONE ep=0x81 len=16 status=0 actual=16
	0000  08 00 00 18 ef 03 01 10  00 1b 00 10 65 02 00 00 |............e...|
[345] +8.512995 ASYNC-IN-SUBMIT ep=0x81 len=0 type=BULK (in, awaiting data)
[346] +8.516057 ASYNC-OUT ep=0x01 len=16 type=BULK 
	0000  08 00 00 18 01 10 ef 03  00 1a 00 10 93 1e 00 00 |................|
[347] +8.516314 ASYNC-OUT-DONE ep=0x01 len=0 status=0 actual=16
[348] +8.620314 ASYNC-IN-DONE ep=0x81 len=0 status=2 actual=0
[349] +8.620404 ASYNC-IN-SUBMIT ep=0x81 len=0 type=BULK (in, awaiting data)
[350] +8.672207 ASYNC-OUT ep=0x01 len=16 type=BULK 
	0000  08 00 00 18 02 10 f0 03  00 06 00 10 09 10 00 00 |................|
[351] +8.672533 ASYNC-OUT-DONE ep=0x01 len=0 status=0 actual=16
[352] +8.714091 ASYNC-IN-DONE ep=0x81 len=16 status=0 actual=16
	0000  08 00 00 18 f0 03 02 10  00 06 00 10 09 02 00 00 |................|
[353] +8.714185 ASYNC-IN-SUBMIT ep=0x81 len=0 type=BULK (in, awaiting data)
[354] +8.824044 ASYNC-IN-DONE ep=0x81 len=0 status=2 actual=0
[355] +8.824120 ASYNC-IN-SUBMIT ep=0x81 len=0 type=BULK (in, awaiting data)
[356] +8.936079 ASYNC-IN-DONE ep=0x81 len=0 status=2 actual=0
[357] +8.936202 ASYNC-IN-SUBMIT ep=0x81 len=0 type=BULK (in, awaiting data)
[358] +9.047760 ASYNC-IN-DONE ep=0x81 len=0 status=2 actual=0
[359] +9.047854 ASYNC-IN-SUBMIT ep=0x81 len=0 type=BULK (in, awaiting data)
[360] +9.160633 ASYNC-IN-DONE ep=0x81 len=0 status=2 actual=0
[361] +9.160736 ASYNC-IN-SUBMIT ep=0x81 len=0 type=BULK (in, awaiting data)
[362] +9.272958 ASYNC-IN-DONE ep=0x81 len=0 status=2 actual=0
[363] +9.273066 ASYNC-IN-SUBMIT ep=0x81 len=0 type=BULK (in, awaiting data)
[364] +9.292992 ASYNC-OUT ep=0x01 len=16 type=BULK 
	0000  08 00 00 18 80 10 ed 03  00 1a 00 10 fd 1a 00 00 |................|
[365] +9.293236 ASYNC-OUT-DONE ep=0x01 len=0 status=0 actual=16
[366] +9.316066 ASYNC-IN-DONE ep=0x81 len=16 status=0 actual=16
	0000  08 00 00 18 ed 03 80 10  00 1c 00 10 ae 02 00 00 |................|
[367] +9.316166 ASYNC-IN-SUBMIT ep=0x81 len=0 type=BULK (in, awaiting data)
[368] +9.418961 ASYNC-IN-DONE ep=0x81 len=0 status=2 actual=0
[369] +9.419056 ASYNC-IN-SUBMIT ep=0x81 len=0 type=BULK (in, awaiting data)
[370] +9.516481 ASYNC-IN-DONE ep=0x81 len=16 status=0 actual=16
	0000  08 00 00 18 ef 03 01 10  00 1c 00 10 65 02 00 00 |............e...|
[371] +9.516647 ASYNC-IN-SUBMIT ep=0x81 len=0 type=BULK (in, awaiting data)
[372] +9.552447 ASYNC-OUT ep=0x01 len=16 type=BULK 
	0000  08 00 00 18 01 10 ef 03  00 1b 00 10 93 1e 00 00 |................|
[373] +9.552728 ASYNC-OUT-DONE ep=0x01 len=0 status=0 actual=16
[374] +9.627703 ASYNC-IN-DONE ep=0x81 len=0 status=2 actual=0
[375] +9.627796 ASYNC-IN-SUBMIT ep=0x81 len=0 type=BULK (in, awaiting data)
[376] +9.707926 ASYNC-OUT ep=0x01 len=16 type=BULK 
	0000  08 00 00 18 02 10 f0 03  00 07 00 10 09 10 00 00 |................|
[377] +9.708213 ASYNC-OUT-DONE ep=0x01 len=0 status=0 actual=16
[378] +9.716941 ASYNC-IN-DONE ep=0x81 len=16 status=0 actual=16
	0000  08 00 00 18 f0 03 02 10  00 07 00 10 09 02 00 00 |................|
[379] +9.717028 ASYNC-IN-SUBMIT ep=0x81 len=0 type=BULK (in, awaiting data)
[380] +9.820199 ASYNC-IN-DONE ep=0x81 len=0 status=2 actual=0
[381] +9.820301 ASYNC-IN-SUBMIT ep=0x81 len=0 type=BULK (in, awaiting data)
[382] +9.933059 ASYNC-IN-DONE ep=0x81 len=0 status=2 actual=0
[383] +9.933142 ASYNC-IN-SUBMIT ep=0x81 len=0 type=BULK (in, awaiting data)
[384] +10.045135 ASYNC-IN-DONE ep=0x81 len=0 status=2 actual=0
[385] +10.045209 ASYNC-IN-SUBMIT ep=0x81 len=0 type=BULK (in, awaiting data)
[386] +10.148640 ASYNC-IN-DONE ep=0x81 len=0 status=2 actual=0
[387] +10.148725 ASYNC-IN-SUBMIT ep=0x81 len=0 type=BULK (in, awaiting data)
[388] +10.256930 ASYNC-IN-DONE ep=0x81 len=0 status=2 actual=0
[389] +10.257007 ASYNC-IN-SUBMIT ep=0x81 len=0 type=BULK (in, awaiting data)
[390] +10.318976 ASYNC-IN-DONE ep=0x81 len=16 status=0 actual=16
	0000  08 00 00 18 ed 03 80 10  00 1d 00 10 ae 02 00 00 |................|
[391] +10.319122 ASYNC-IN-SUBMIT ep=0x81 len=0 type=BULK (in, awaiting data)
[392] +10.329244 ASYNC-OUT ep=0x01 len=16 type=BULK 
	0000  08 00 00 18 80 10 ed 03  00 1b 00 10 fd 1a 00 00 |................|
[393] +10.329478 ASYNC-OUT-DONE ep=0x01 len=0 status=0 actual=16
[394] +10.428153 ASYNC-IN-DONE ep=0x81 len=0 status=2 actual=0
[395] +10.428265 ASYNC-IN-SUBMIT ep=0x81 len=0 type=BULK (in, awaiting data)
[396] +10.519728 ASYNC-IN-DONE ep=0x81 len=16 status=0 actual=16
	0000  08 00 00 18 ef 03 01 10  00 1d 00 10 65 02 00 00 |............e...|
[397] +10.519819 ASYNC-IN-SUBMIT ep=0x81 len=0 type=BULK (in, awaiting data)
[398] +10.588818 ASYNC-OUT ep=0x01 len=16 type=BULK 
	0000  08 00 00 18 01 10 ef 03  00 1c 00 10 93 1e 00 00 |................|
[399] +10.589142 ASYNC-OUT-DONE ep=0x01 len=0 status=0 actual=16
[400] +10.627699 ASYNC-IN-DONE ep=0x81 len=0 status=2 actual=0
[401] +10.627764 ASYNC-IN-SUBMIT ep=0x81 len=0 type=BULK (in, awaiting data)
[402] +10.721265 ASYNC-IN-DONE ep=0x81 len=16 status=0 actual=16
	0000  08 00 00 18 f0 03 02 10  00 08 00 10 09 02 00 00 |................|
[403] +10.721306 ASYNC-IN-SUBMIT ep=0x81 len=0 type=BULK (in, awaiting data)
[404] +10.744917 ASYNC-OUT ep=0x01 len=16 type=BULK 
	0000  08 00 00 18 02 10 f0 03  00 08 00 10 09 10 00 00 |................|
[405] +10.745241 ASYNC-OUT-DONE ep=0x01 len=0 status=0 actual=16
[406] +10.832083 ASYNC-IN-DONE ep=0x81 len=0 status=2 actual=0
[407] +10.832109 ASYNC-IN-SUBMIT ep=0x81 len=0 type=BULK (in, awaiting data)
[408] +10.944921 ASYNC-IN-DONE ep=0x81 len=0 status=2 actual=0
[409] +10.944959 ASYNC-IN-SUBMIT ep=0x81 len=0 type=BULK (in, awaiting data)
[410] +11.057732 ASYNC-IN-DONE ep=0x81 len=0 status=2 actual=0
[411] +11.057772 ASYNC-IN-SUBMIT ep=0x81 len=0 type=BULK (in, awaiting data)
[412] +11.160151 ASYNC-IN-DONE ep=0x81 len=0 status=2 actual=0
[413] +11.160175 ASYNC-IN-SUBMIT ep=0x81 len=0 type=BULK (in, awaiting data)
[414] +11.266730 ASYNC-IN-DONE ep=0x81 len=0 status=2 actual=0
[415] +11.266772 ASYNC-IN-SUBMIT ep=0x81 len=0 type=BULK (in, awaiting data)
[416] +11.323209 ASYNC-IN-DONE ep=0x81 len=16 status=0 actual=16
	0000  08 00 00 18 ed 03 80 10  00 1e 00 10 ae 02 00 00 |................|
[417] +11.323316 ASYNC-IN-SUBMIT ep=0x81 len=0 type=BULK (in, awaiting data)
[418] +11.367786 ASYNC-OUT ep=0x01 len=16 type=BULK 
	0000  08 00 00 18 80 10 ed 03  00 1c 00 10 fd 1a 00 00 |................|
[419] +11.368058 ASYNC-OUT-DONE ep=0x01 len=0 status=0 actual=16
[420] +11.423976 ASYNC-IN-DONE ep=0x81 len=0 status=2 actual=0
[421] +11.424056 ASYNC-IN-SUBMIT ep=0x81 len=0 type=BULK (in, awaiting data)
[422] +11.523498 ASYNC-IN-DONE ep=0x81 len=16 status=0 actual=16
	0000  08 00 00 18 ef 03 01 10  00 1e 00 10 65 02 00 00 |............e...|
[423] +11.523554 ASYNC-IN-SUBMIT ep=0x81 len=0 type=BULK (in, awaiting data)
[424] +11.626714 ASYNC-OUT ep=0x01 len=16 type=BULK 
	0000  08 00 00 18 01 10 ef 03  00 1d 00 10 93 1e 00 00 |................|
[425] +11.627038 ASYNC-OUT-DONE ep=0x01 len=0 status=0 actual=16
[426] +11.631157 ASYNC-IN-DONE ep=0x81 len=0 status=2 actual=0
[427] +11.631176 ASYNC-IN-SUBMIT ep=0x81 len=0 type=BULK (in, awaiting data)
[428] +11.724079 ASYNC-IN-DONE ep=0x81 len=16 status=0 actual=16
	0000  08 00 00 18 f0 03 02 10  00 09 00 10 09 02 00 00 |................|
[429] +11.724204 ASYNC-IN-SUBMIT ep=0x81 len=0 type=BULK (in, awaiting data)
[430] +11.782839 ASYNC-OUT ep=0x01 len=16 type=BULK 
	0000  08 00 00 18 02 10 f0 03  00 09 00 10 09 10 00 00 |................|
[431] +11.783170 ASYNC-OUT-DONE ep=0x01 len=0 status=0 actual=16
[432] +11.836129 ASYNC-IN-DONE ep=0x81 len=0 status=2 actual=0
[433] +11.836234 ASYNC-IN-SUBMIT ep=0x81 len=0 type=BULK (in, awaiting data)
[434] +11.949016 ASYNC-IN-DONE ep=0x81 len=0 status=2 actual=0
[435] +11.949056 ASYNC-IN-SUBMIT ep=0x81 len=0 type=BULK (in, awaiting data)
[436] +12.061915 ASYNC-IN-DONE ep=0x81 len=0 status=2 actual=0
[437] +12.061968 ASYNC-IN-SUBMIT ep=0x81 len=0 type=BULK (in, awaiting data)
[438] +12.174749 ASYNC-IN-DONE ep=0x81 len=0 status=2 actual=0
[439] +12.174780 ASYNC-IN-SUBMIT ep=0x81 len=0 type=BULK (in, awaiting data)
[440] +12.287472 ASYNC-IN-DONE ep=0x81 len=0 status=2 actual=0
[441] +12.287497 ASYNC-IN-SUBMIT ep=0x81 len=0 type=BULK (in, awaiting data)
[442] +12.325966 ASYNC-IN-DONE ep=0x81 len=16 status=0 actual=16
	0000  08 00 00 18 ed 03 80 10  00 1f 00 10 ae 02 00 00 |................|
[443] +12.326007 ASYNC-IN-SUBMIT ep=0x81 len=0 type=BULK (in, awaiting data)
[444] +12.406228 ASYNC-OUT ep=0x01 len=16 type=BULK 
	0000  08 00 00 18 80 10 ed 03  00 1d 00 10 fd 1a 00 00 |................|
[445] +12.406551 ASYNC-OUT-DONE ep=0x01 len=0 status=0 actual=16
[446] +12.426835 ASYNC-IN-DONE ep=0x81 len=0 status=2 actual=0
[447] +12.426861 ASYNC-IN-SUBMIT ep=0x81 len=0 type=BULK (in, awaiting data)
[448] +12.526497 ASYNC-IN-DONE ep=0x81 len=16 status=0 actual=16
	0000  08 00 00 18 ef 03 01 10  00 1f 00 10 65 02 00 00 |............e...|
[449] +12.526628 ASYNC-IN-SUBMIT ep=0x81 len=0 type=BULK (in, awaiting data)
[450] +12.639473 ASYNC-IN-DONE ep=0x81 len=0 status=2 actual=0
[451] +12.639603 ASYNC-IN-SUBMIT ep=0x81 len=0 type=BULK (in, awaiting data)
[452] +12.664413 ASYNC-OUT ep=0x01 len=16 type=BULK 
	0000  08 00 00 18 01 10 ef 03  00 1e 00 10 93 1e 00 00 |................|
[453] +12.664711 ASYNC-OUT-DONE ep=0x01 len=0 status=0 actual=16
[454] +12.727237 ASYNC-IN-DONE ep=0x81 len=16 status=0 actual=16
	0000  08 00 00 18 f0 03 02 10  00 0a 00 10 09 02 00 00 |................|
[455] +12.727331 ASYNC-IN-SUBMIT ep=0x81 len=0 type=BULK (in, awaiting data)
[456] +12.819319 ASYNC-OUT ep=0x01 len=16 type=BULK 
	0000  08 00 00 18 02 10 f0 03  00 0a 00 10 09 10 00 00 |................|
[457] +12.819562 ASYNC-OUT-DONE ep=0x01 len=0 status=0 actual=16
[458] +12.829197 ASYNC-IN-DONE ep=0x81 len=0 status=2 actual=0
[459] +12.829269 ASYNC-IN-SUBMIT ep=0x81 len=0 type=BULK (in, awaiting data)
[460] +12.940662 ASYNC-IN-DONE ep=0x81 len=0 status=2 actual=0
[461] +12.940747 ASYNC-IN-SUBMIT ep=0x81 len=0 type=BULK (in, awaiting data)
[462] +13.052965 ASYNC-IN-DONE ep=0x81 len=0 status=2 actual=0
[463] +13.053042 ASYNC-IN-SUBMIT ep=0x81 len=0 type=BULK (in, awaiting data)
[464] +13.157832 ASYNC-IN-DONE ep=0x81 len=0 status=2 actual=0
[465] +13.157907 ASYNC-IN-SUBMIT ep=0x81 len=0 type=BULK (in, awaiting data)
[466] +13.269731 ASYNC-IN-DONE ep=0x81 len=0 status=2 actual=0
[467] +13.269813 ASYNC-IN-SUBMIT ep=0x81 len=0 type=BULK (in, awaiting data)
[468] +13.329161 ASYNC-IN-DONE ep=0x81 len=16 status=0 actual=16
	0000  08 00 00 18 ed 03 80 10  00 20 00 10 ae 02 00 00 |......... ......|
[469] +13.329266 ASYNC-IN-SUBMIT ep=0x81 len=0 type=BULK (in, awaiting data)
[470] +13.439064 ASYNC-IN-DONE ep=0x81 len=0 status=2 actual=0
[471] +13.439163 ASYNC-IN-SUBMIT ep=0x81 len=0 type=BULK (in, awaiting data)
[472] +13.442125 ASYNC-OUT ep=0x01 len=16 type=BULK 
	0000  08 00 00 18 80 10 ed 03  00 1e 00 10 fd 1a 00 00 |................|
[473] +13.442379 ASYNC-OUT-DONE ep=0x01 len=0 status=0 actual=16
[474] +13.529904 ASYNC-IN-DONE ep=0x81 len=16 status=0 actual=16
	0000  08 00 00 18 ef 03 01 10  00 20 00 10 65 02 00 00 |......... ..e...|
[475] +13.530016 ASYNC-IN-SUBMIT ep=0x81 len=0 type=BULK (in, awaiting data)
[476] +13.639885 ASYNC-IN-DONE ep=0x81 len=0 status=2 actual=0
[477] +13.639955 ASYNC-IN-SUBMIT ep=0x81 len=0 type=BULK (in, awaiting data)
[478] +13.701598 ASYNC-OUT ep=0x01 len=16 type=BULK 
	0000  08 00 00 18 01 10 ef 03  00 1f 00 10 93 1e 00 00 |................|
[479] +13.701912 ASYNC-OUT-DONE ep=0x01 len=0 status=0 actual=16
[480] +13.730726 ASYNC-IN-DONE ep=0x81 len=16 status=0 actual=16
	0000  08 00 00 18 f0 03 02 10  00 0b 00 10 09 02 00 00 |................|
[481] +13.730816 ASYNC-IN-SUBMIT ep=0x81 len=0 type=BULK (in, awaiting data)
[482] +13.841867 ASYNC-IN-DONE ep=0x81 len=0 status=2 actual=0
[483] +13.841945 ASYNC-IN-SUBMIT ep=0x81 len=0 type=BULK (in, awaiting data)
[484] +13.856858 ASYNC-OUT ep=0x01 len=16 type=BULK 
	0000  08 00 00 18 02 10 f0 03  00 0b 00 10 09 10 00 00 |................|
[485] +13.857164 ASYNC-OUT-DONE ep=0x01 len=0 status=0 actual=16
[486] +13.945400 ASYNC-IN-DONE ep=0x81 len=0 status=2 actual=0
[487] +13.945485 ASYNC-IN-SUBMIT ep=0x81 len=0 type=BULK (in, awaiting data)
[488] +14.051566 ASYNC-IN-DONE ep=0x81 len=0 status=2 actual=0
[489] +14.051669 ASYNC-IN-SUBMIT ep=0x81 len=0 type=BULK (in, awaiting data)
[490] +14.153685 ASYNC-IN-DONE ep=0x81 len=0 status=2 actual=0
[491] +14.153780 ASYNC-IN-SUBMIT ep=0x81 len=0 type=BULK (in, awaiting data)
[492] +14.261715 ASYNC-IN-DONE ep=0x81 len=0 status=2 actual=0
[493] +14.261757 ASYNC-IN-SUBMIT ep=0x81 len=0 type=BULK (in, awaiting data)
[494] +14.332721 ASYNC-IN-DONE ep=0x81 len=16 status=0 actual=16
	0000  08 00 00 18 ed 03 80 10  00 21 00 10 ae 02 00 00 |.........!......|
[495] +14.332831 ASYNC-IN-SUBMIT ep=0x81 len=0 type=BULK (in, awaiting data)
[496] +14.445632 ASYNC-IN-DONE ep=0x81 len=0 status=2 actual=0
[497] +14.445737 ASYNC-IN-SUBMIT ep=0x81 len=0 type=BULK (in, awaiting data)
[498] +14.481457 ASYNC-OUT ep=0x01 len=16 type=BULK 
	0000  08 00 00 18 80 10 ed 03  00 1f 00 10 fd 1a 00 00 |................|
[499] +14.481779 ASYNC-OUT-DONE ep=0x01 len=0 status=0 actual=16
[500] +14.533108 ASYNC-IN-DONE ep=0x81 len=16 status=0 actual=16
	0000  08 00 00 18 ef 03 01 10  00 21 00 10 65 02 00 00 |.........!..e...|
[501] +14.533253 ASYNC-IN-SUBMIT ep=0x81 len=0 type=BULK (in, awaiting data)
[502] +14.644326 ASYNC-IN-DONE ep=0x81 len=0 status=2 actual=0
[503] +14.644396 ASYNC-IN-SUBMIT ep=0x81 len=0 type=BULK (in, awaiting data)
[504] +14.733642 ASYNC-IN-DONE ep=0x81 len=16 status=0 actual=16
	0000  08 00 00 18 f0 03 02 10  00 0c 00 10 09 02 00 00 |................|
[505] +14.733754 ASYNC-IN-SUBMIT ep=0x81 len=0 type=BULK (in, awaiting data)
[506] +14.740490 ASYNC-OUT ep=0x01 len=16 type=BULK 
	0000  08 00 00 18 01 10 ef 03  00 20 00 10 93 1e 00 00 |......... ......|
[507] +14.740758 ASYNC-OUT-DONE ep=0x01 len=0 status=0 actual=16
[508] +14.836921 ASYNC-IN-DONE ep=0x81 len=0 status=2 actual=0
[509] +14.836993 ASYNC-IN-SUBMIT ep=0x81 len=0 type=BULK (in, awaiting data)
[510] +14.896414 ASYNC-OUT ep=0x01 len=16 type=BULK 
	0000  08 00 00 18 02 10 f0 03  00 0c 00 10 09 10 00 00 |................|
[511] +14.896729 ASYNC-OUT-DONE ep=0x01 len=0 status=0 actual=16
[512] +14.948631 ASYNC-IN-DONE ep=0x81 len=0 status=2 actual=0
[513] +14.948680 ASYNC-IN-SUBMIT ep=0x81 len=0 type=BULK (in, awaiting data)
[514] +15.051001 ASYNC-IN-DONE ep=0x81 len=0 status=2 actual=0
[515] +15.051069 ASYNC-IN-SUBMIT ep=0x81 len=0 type=BULK (in, awaiting data)
[516] +15.155018 ASYNC-IN-DONE ep=0x81 len=0 status=2 actual=0
[517] +15.155080 ASYNC-IN-SUBMIT ep=0x81 len=0 type=BULK (in, awaiting data)
[518] +15.262860 ASYNC-IN-DONE ep=0x81 len=0 status=2 actual=0
[519] +15.262935 ASYNC-IN-SUBMIT ep=0x81 len=0 type=BULK (in, awaiting data)
[520] +15.335616 ASYNC-IN-DONE ep=0x81 len=16 status=0 actual=16
	0000  08 00 00 18 ed 03 80 10  00 22 00 10 ae 02 00 00 |........."......|
[521] +15.335719 ASYNC-IN-SUBMIT ep=0x81 len=0 type=BULK (in, awaiting data)
[522] +15.438518 ASYNC-IN-DONE ep=0x81 len=0 status=2 actual=0
[523] +15.438577 ASYNC-IN-SUBMIT ep=0x81 len=0 type=BULK (in, awaiting data)
[524] +15.520348 ASYNC-OUT ep=0x01 len=16 type=BULK 
	0000  08 00 00 18 80 10 ed 03  00 20 00 10 fd 1a 00 00 |......... ......|
[525] +15.520659 ASYNC-OUT-DONE ep=0x01 len=0 status=0 actual=16
[526] +15.536700 ASYNC-IN-DONE ep=0x81 len=16 status=0 actual=16
	0000  08 00 00 18 ef 03 01 10  00 22 00 10 65 02 00 00 |........."..e...|
[527] +15.536806 ASYNC-IN-SUBMIT ep=0x81 len=0 type=BULK (in, awaiting data)
[528] +15.649604 ASYNC-IN-DONE ep=0x81 len=0 status=2 actual=0
[529] +15.649694 ASYNC-IN-SUBMIT ep=0x81 len=0 type=BULK (in, awaiting data)
[530] +15.737139 ASYNC-IN-DONE ep=0x81 len=16 status=0 actual=16
	0000  08 00 00 18 f0 03 02 10  00 0d 00 10 09 02 00 00 |................|
[531] +15.737241 ASYNC-IN-SUBMIT ep=0x81 len=0 type=BULK (in, awaiting data)
[532] +15.780479 ASYNC-OUT ep=0x01 len=16 type=BULK 
	0000  08 00 00 18 01 10 ef 03  00 21 00 10 93 1e 00 00 |.........!......|
[533] +15.780777 ASYNC-OUT-DONE ep=0x01 len=0 status=0 actual=16
[534] +15.839243 ASYNC-IN-DONE ep=0x81 len=0 status=2 actual=0
[535] +15.839384 ASYNC-IN-SUBMIT ep=0x81 len=0 type=BULK (in, awaiting data)
[536] +15.936159 ASYNC-OUT ep=0x01 len=16 type=BULK 
	0000  08 00 00 18 02 10 f0 03  00 0d 00 10 09 10 00 00 |................|
[537] +15.936463 ASYNC-OUT-DONE ep=0x01 len=0 status=0 actual=16
[538] +15.940894 ASYNC-IN-DONE ep=0x81 len=0 status=2 actual=0
[539] +15.940951 ASYNC-IN-SUBMIT ep=0x81 len=0 type=BULK (in, awaiting data)
[540] +16.053813 ASYNC-IN-DONE ep=0x81 len=0 status=2 actual=0
[541] +16.053897 ASYNC-IN-SUBMIT ep=0x81 len=0 type=BULK (in, awaiting data)
[542] +16.156589 ASYNC-IN-DONE ep=0x81 len=0 status=2 actual=0
[543] +16.156677 ASYNC-IN-SUBMIT ep=0x81 len=0 type=BULK (in, awaiting data)
[544] +16.266348 ASYNC-IN-DONE ep=0x81 len=0 status=2 actual=0
[545] +16.266448 ASYNC-IN-SUBMIT ep=0x81 len=0 type=BULK (in, awaiting data)
[546] +16.338985 ASYNC-IN-DONE ep=0x81 len=16 status=0 actual=16
	0000  08 00 00 18 ed 03 80 10  00 23 00 10 ae 02 00 00 |.........#......|
[547] +16.339078 ASYNC-IN-SUBMIT ep=0x81 len=0 type=BULK (in, awaiting data)
[548] +16.442309 ASYNC-IN-DONE ep=0x81 len=0 status=2 actual=0
[549] +16.442334 ASYNC-IN-SUBMIT ep=0x81 len=0 type=BULK (in, awaiting data)
[550] +16.539900 ASYNC-IN-DONE ep=0x81 len=16 status=0 actual=16
	0000  08 00 00 18 ef 03 01 10  00 23 00 10 65 02 00 00 |.........#..e...|
[551] +16.539951 ASYNC-IN-SUBMIT ep=0x81 len=0 type=BULK (in, awaiting data)
[552] +16.557926 ASYNC-OUT ep=0x01 len=16 type=BULK 
	0000  08 00 00 18 80 10 ed 03  00 21 00 10 fd 1a 00 00 |.........!......|
[553] +16.558284 ASYNC-OUT-DONE ep=0x01 len=0 status=0 actual=16
[554] +16.652766 ASYNC-IN-DONE ep=0x81 len=0 status=2 actual=0
[555] +16.652861 ASYNC-IN-SUBMIT ep=0x81 len=0 type=BULK (in, awaiting data)
[556] +16.740385 ASYNC-IN-DONE ep=0x81 len=16 status=0 actual=16
	0000  08 00 00 18 f0 03 02 10  00 0e 00 10 09 02 00 00 |................|
[557] +16.740481 ASYNC-IN-SUBMIT ep=0x81 len=0 type=BULK (in, awaiting data)
[558] +16.817263 ASYNC-OUT ep=0x01 len=16 type=BULK 
	0000  08 00 00 18 01 10 ef 03  00 22 00 10 93 1e 00 00 |........."......|
[559] +16.817583 ASYNC-OUT-DONE ep=0x01 len=0 status=0 actual=16
[560] +16.843454 ASYNC-IN-DONE ep=0x81 len=0 status=2 actual=0
[561] +16.843529 ASYNC-IN-SUBMIT ep=0x81 len=0 type=BULK (in, awaiting data)
[562] +16.956219 ASYNC-IN-DONE ep=0x81 len=0 status=2 actual=0
[563] +16.956350 ASYNC-IN-SUBMIT ep=0x81 len=0 type=BULK (in, awaiting data)
[564] +16.972757 ASYNC-OUT ep=0x01 len=16 type=BULK 
	0000  08 00 00 18 02 10 f0 03  00 0e 00 10 09 10 00 00 |................|
[565] +16.973015 ASYNC-OUT-DONE ep=0x01 len=0 status=0 actual=16
[566] +17.061780 ASYNC-IN-DONE ep=0x81 len=0 status=2 actual=0
[567] +17.061847 ASYNC-IN-SUBMIT ep=0x81 len=0 type=BULK (in, awaiting data)
[568] +17.172272 ASYNC-IN-DONE ep=0x81 len=0 status=2 actual=0
[569] +17.172365 ASYNC-IN-SUBMIT ep=0x81 len=0 type=BULK (in, awaiting data)
[570] +17.277557 ASYNC-IN-DONE ep=0x81 len=0 status=2 actual=0
[571] +17.277675 ASYNC-IN-SUBMIT ep=0x81 len=0 type=BULK (in, awaiting data)
[572] +17.342588 ASYNC-IN-DONE ep=0x81 len=16 status=0 actual=16
	0000  08 00 00 18 ed 03 80 10  00 24 00 10 ae 02 00 00 |.........$......|
[573] +17.342703 ASYNC-IN-SUBMIT ep=0x81 len=0 type=BULK (in, awaiting data)
[574] +17.448007 ASYNC-IN-DONE ep=0x81 len=0 status=2 actual=0
[575] +17.448102 ASYNC-IN-SUBMIT ep=0x81 len=0 type=BULK (in, awaiting data)
[576] +17.543039 ASYNC-IN-DONE ep=0x81 len=16 status=0 actual=16
	0000  08 00 00 18 ef 03 01 10  00 24 00 10 65 02 00 00 |.........$..e...|
[577] +17.543125 ASYNC-IN-SUBMIT ep=0x81 len=0 type=BULK (in, awaiting data)
[578] +17.594244 ASYNC-OUT ep=0x01 len=16 type=BULK 
	0000  08 00 00 18 80 10 ed 03  00 22 00 10 fd 1a 00 00 |........."......|
[579] +17.594533 ASYNC-OUT-DONE ep=0x01 len=0 status=0 actual=16
[580] +17.646417 ASYNC-IN-DONE ep=0x81 len=0 status=2 actual=0
[581] +17.646508 ASYNC-IN-SUBMIT ep=0x81 len=0 type=BULK (in, awaiting data)
[582] +17.743988 ASYNC-IN-DONE ep=0x81 len=16 status=0 actual=16
	0000  08 00 00 18 f0 03 02 10  00 0f 00 10 09 02 00 00 |................|
[583] +17.744080 ASYNC-IN-SUBMIT ep=0x81 len=0 type=BULK (in, awaiting data)
[584] +17.847851 ASYNC-IN-DONE ep=0x81 len=0 status=2 actual=0
[585] +17.847930 ASYNC-IN-SUBMIT ep=0x81 len=0 type=BULK (in, awaiting data)
[586] +17.854427 ASYNC-OUT ep=0x01 len=16 type=BULK 
	0000  08 00 00 18 01 10 ef 03  00 23 00 10 93 1e 00 00 |.........#......|
[587] +17.854584 ASYNC-OUT-DONE ep=0x01 len=0 status=0 actual=16
[588] +17.959115 ASYNC-IN-DONE ep=0x81 len=0 status=2 actual=0
[589] +17.959193 ASYNC-IN-SUBMIT ep=0x81 len=0 type=BULK (in, awaiting data)
[590] +18.010634 ASYNC-OUT ep=0x01 len=16 type=BULK 
	0000  08 00 00 18 02 10 f0 03  00 0f 00 10 09 10 00 00 |................|
[591] +18.010983 ASYNC-OUT-DONE ep=0x01 len=0 status=0 actual=16
[592] +18.067750 ASYNC-IN-DONE ep=0x81 len=0 status=2 actual=0
[593] +18.067827 ASYNC-IN-SUBMIT ep=0x81 len=0 type=BULK (in, awaiting data)
[594] +18.171382 ASYNC-IN-DONE ep=0x81 len=0 status=2 actual=0
[595] +18.171488 ASYNC-IN-SUBMIT ep=0x81 len=0 type=BULK (in, awaiting data)
[596] +18.279548 ASYNC-IN-DONE ep=0x81 len=0 status=2 actual=0
[597] +18.279623 ASYNC-IN-SUBMIT ep=0x81 len=0 type=BULK (in, awaiting data)
[598] +18.345994 ASYNC-IN-DONE ep=0x81 len=16 status=0 actual=16
	0000  08 00 00 18 ed 03 80 10  00 25 00 10 ae 02 00 00 |.........%......|
[599] +18.346105 ASYNC-IN-SUBMIT ep=0x81 len=0 type=BULK (in, awaiting data)
[600] +18.457111 ASYNC-IN-DONE ep=0x81 len=0 status=2 actual=0
[601] +18.457195 ASYNC-IN-SUBMIT ep=0x81 len=0 type=BULK (in, awaiting data)
[602] +18.546635 ASYNC-IN-DONE ep=0x81 len=16 status=0 actual=16
	0000  08 00 00 18 ef 03 01 10  00 25 00 10 65 02 00 00 |.........%..e...|
[603] +18.546771 ASYNC-IN-SUBMIT ep=0x81 len=0 type=BULK (in, awaiting data)
[604] +18.633434 ASYNC-OUT ep=0x01 len=16 type=BULK 
	0000  08 00 00 18 80 10 ed 03  00 23 00 10 fd 1a 00 00 |.........#......|
[605] +18.633778 ASYNC-OUT-DONE ep=0x01 len=0 status=0 actual=16
[606] +18.650278 ASYNC-IN-DONE ep=0x81 len=0 status=2 actual=0
[607] +18.650368 ASYNC-IN-SUBMIT ep=0x81 len=0 type=BULK (in, awaiting data)
[608] +18.747898 ASYNC-IN-DONE ep=0x81 len=16 status=0 actual=16
	0000  08 00 00 18 f0 03 02 10  00 10 00 10 09 02 00 00 |................|
[609] +18.747995 ASYNC-IN-SUBMIT ep=0x81 len=0 type=BULK (in, awaiting data)
[610] +18.860809 ASYNC-IN-DONE ep=0x81 len=0 status=2 actual=0
[611] +18.860889 ASYNC-IN-SUBMIT ep=0x81 len=0 type=BULK (in, awaiting data)
[612] +18.893369 ASYNC-OUT ep=0x01 len=16 type=BULK 
	0000  08 00 00 18 01 10 ef 03  00 24 00 10 93 1e 00 00 |.........$......|
[613] +18.893665 ASYNC-OUT-DONE ep=0x01 len=0 status=0 actual=16
[614] +18.963863 ASYNC-IN-DONE ep=0x81 len=0 status=2 actual=0
[615] +18.963937 ASYNC-IN-SUBMIT ep=0x81 len=0 type=BULK (in, awaiting data)
[616] +19.048994 ASYNC-OUT ep=0x01 len=16 type=BULK 
	0000  08 00 00 18 02 10 f0 03  00 10 00 10 09 10 00 00 |................|
[617] +19.049398 ASYNC-OUT-DONE ep=0x01 len=0 status=0 actual=16
[618] +19.073591 ASYNC-IN-DONE ep=0x81 len=0 status=2 actual=0
[619] +19.073657 ASYNC-IN-SUBMIT ep=0x81 len=0 type=BULK (in, awaiting data)
[620] +19.179152 ASYNC-IN-DONE ep=0x81 len=0 status=2 actual=0
[621] +19.179249 ASYNC-IN-SUBMIT ep=0x81 len=0 type=BULK (in, awaiting data)
[622] +19.281657 ASYNC-IN-DONE ep=0x81 len=0 status=2 actual=0
[623] +19.281746 ASYNC-IN-SUBMIT ep=0x81 len=0 type=BULK (in, awaiting data)
[624] +19.349457 ASYNC-IN-DONE ep=0x81 len=16 status=0 actual=16
	0000  08 00 00 18 ed 03 80 10  00 26 00 10 ae 02 00 00 |.........&......|
[625] +19.349563 ASYNC-IN-SUBMIT ep=0x81 len=0 type=BULK (in, awaiting data)
[626] +19.462384 ASYNC-IN-DONE ep=0x81 len=0 status=2 actual=0
[627] +19.462452 ASYNC-IN-SUBMIT ep=0x81 len=0 type=BULK (in, awaiting data)
[628] +19.549876 ASYNC-IN-DONE ep=0x81 len=16 status=0 actual=16
	0000  08 00 00 18 ef 03 01 10  00 26 00 10 65 02 00 00 |.........&..e...|
[629] +19.549975 ASYNC-IN-SUBMIT ep=0x81 len=0 type=BULK (in, awaiting data)
[630] +19.652601 ASYNC-IN-DONE ep=0x81 len=0 status=2 actual=0
[631] +19.652687 ASYNC-IN-SUBMIT ep=0x81 len=0 type=BULK (in, awaiting data)
[632] +19.672311 ASYNC-OUT ep=0x01 len=16 type=BULK 
	0000  08 00 00 18 80 10 ed 03  00 24 00 10 fd 1a 00 00 |.........$......|
[633] +19.672577 ASYNC-OUT-DONE ep=0x01 len=0 status=0 actual=16
[634] +19.750976 ASYNC-IN-DONE ep=0x81 len=16 status=0 actual=16
	0000  08 00 00 18 f0 03 02 10  00 11 00 10 09 02 00 00 |................|
[635] +19.751090 ASYNC-IN-SUBMIT ep=0x81 len=0 type=BULK (in, awaiting data)
[636] +19.863840 ASYNC-IN-DONE ep=0x81 len=0 status=2 actual=0
[637] +19.863923 ASYNC-IN-SUBMIT ep=0x81 len=0 type=BULK (in, awaiting data)
[638] +19.932091 ASYNC-OUT ep=0x01 len=16 type=BULK 
	0000  08 00 00 18 01 10 ef 03  00 25 00 10 93 1e 00 00 |.........%......|
[639] +19.932425 ASYNC-OUT-DONE ep=0x01 len=0 status=0 actual=16
[640] +19.976729 ASYNC-IN-DONE ep=0x81 len=0 status=2 actual=0
[641] +19.976799 ASYNC-IN-SUBMIT ep=0x81 len=0 type=BULK (in, awaiting data)
[642] +20.079423 ASYNC-IN-DONE ep=0x81 len=0 status=2 actual=0
[643] +20.079472 ASYNC-IN-SUBMIT ep=0x81 len=0 type=BULK (in, awaiting data)
[644] +20.087366 ASYNC-OUT ep=0x01 len=16 type=BULK 
	0000  08 00 00 18 02 10 f0 03  00 11 00 10 09 10 00 00 |................|
[645] +20.087699 ASYNC-OUT-DONE ep=0x01 len=0 status=0 actual=16
[646] +20.191164 ASYNC-IN-DONE ep=0x81 len=0 status=2 actual=0
[647] +20.191265 ASYNC-IN-SUBMIT ep=0x81 len=0 type=BULK (in, awaiting data)
[648] +20.297652 ASYNC-IN-DONE ep=0x81 len=0 status=2 actual=0
[649] +20.297750 ASYNC-IN-SUBMIT ep=0x81 len=0 type=BULK (in, awaiting data)
[650] +20.352965 ASYNC-IN-DONE ep=0x81 len=16 status=0 actual=16
	0000  08 00 00 18 ed 03 80 10  00 27 00 10 ae 02 00 00 |.........'......|
[651] +20.353093 ASYNC-IN-SUBMIT ep=0x81 len=0 type=BULK (in, awaiting data)
[652] +20.465377 ASYNC-IN-DONE ep=0x81 len=0 status=2 actual=0
[653] +20.465456 ASYNC-IN-SUBMIT ep=0x81 len=0 type=BULK (in, awaiting data)
[654] +20.553311 ASYNC-IN-DONE ep=0x81 len=16 status=0 actual=16
	0000  08 00 00 18 ef 03 01 10  00 27 00 10 65 02 00 00 |.........'..e...|
[655] +20.553417 ASYNC-IN-SUBMIT ep=0x81 len=0 type=BULK (in, awaiting data)
[656] +20.666219 ASYNC-IN-DONE ep=0x81 len=0 status=2 actual=0
[657] +20.666307 ASYNC-IN-SUBMIT ep=0x81 len=0 type=BULK (in, awaiting data)
[658] +20.710267 ASYNC-OUT ep=0x01 len=16 type=BULK 
	0000  08 00 00 18 80 10 ed 03  00 25 00 10 fd 1a 00 00 |.........%......|
[659] +20.710544 ASYNC-OUT-DONE ep=0x01 len=0 status=0 actual=16
[660] +20.753802 ASYNC-IN-DONE ep=0x81 len=16 status=0 actual=16
	0000  08 00 00 18 f0 03 02 10  00 12 00 10 09 02 00 00 |................|
[661] +20.753901 ASYNC-IN-SUBMIT ep=0x81 len=0 type=BULK (in, awaiting data)
[662] +20.858464 ASYNC-IN-DONE ep=0x81 len=0 status=2 actual=0
[663] +20.858565 ASYNC-IN-SUBMIT ep=0x81 len=0 type=BULK (in, awaiting data)
[664] +20.964576 ASYNC-IN-DONE ep=0x81 len=0 status=2 actual=0
[665] +20.964645 ASYNC-IN-SUBMIT ep=0x81 len=0 type=BULK (in, awaiting data)
[666] +20.970523 ASYNC-OUT ep=0x01 len=16 type=BULK 
	0000  08 00 00 18 01 10 ef 03  00 26 00 10 93 1e 00 00 |.........&......|
[667] +20.970803 ASYNC-OUT-DONE ep=0x01 len=0 status=0 actual=16
[668] +21.072128 ASYNC-IN-DONE ep=0x81 len=0 status=2 actual=0
[669] +21.072169 ASYNC-IN-SUBMIT ep=0x81 len=0 type=BULK (in, awaiting data)
[670] +21.125940 ASYNC-OUT ep=0x01 len=16 type=BULK 
	0000  08 00 00 18 02 10 f0 03  00 12 00 10 09 10 00 00 |................|
[671] +21.126251 ASYNC-OUT-DONE ep=0x01 len=0 status=0 actual=16
[672] +21.178435 ASYNC-IN-DONE ep=0x81 len=0 status=2 actual=0
[673] +21.178475 ASYNC-IN-SUBMIT ep=0x81 len=0 type=BULK (in, awaiting data)
[674] +21.285654 ASYNC-IN-DONE ep=0x81 len=0 status=2 actual=0
[675] +21.285677 ASYNC-IN-SUBMIT ep=0x81 len=0 type=BULK (in, awaiting data)
[676] +21.355776 ASYNC-IN-DONE ep=0x81 len=16 status=0 actual=16
	0000  08 00 00 18 ed 03 80 10  00 28 00 10 ae 02 00 00 |.........(......|
[677] +21.355833 ASYNC-IN-SUBMIT ep=0x81 len=0 type=BULK (in, awaiting data)
[678] +21.466293 ASYNC-IN-DONE ep=0x81 len=0 status=2 actual=0
[679] +21.466327 ASYNC-IN-SUBMIT ep=0x81 len=0 type=BULK (in, awaiting data)
[680] +21.556710 ASYNC-IN-DONE ep=0x81 len=16 status=0 actual=16
	0000  08 00 00 18 ef 03 01 10  00 28 00 10 65 02 00 00 |.........(..e...|
[681] +21.556794 ASYNC-IN-SUBMIT ep=0x81 len=0 type=BULK (in, awaiting data)
[682] +21.662208 ASYNC-IN-DONE ep=0x81 len=0 status=2 actual=0
[683] +21.662283 ASYNC-IN-SUBMIT ep=0x81 len=0 type=BULK (in, awaiting data)
[684] +21.748557 ASYNC-OUT ep=0x01 len=16 type=BULK 
	0000  08 00 00 18 80 10 ed 03  00 26 00 10 fd 1a 00 00 |.........&......|
[685] +21.748869 ASYNC-OUT-DONE ep=0x01 len=0 status=0 actual=16
[686] +21.757458 ASYNC-IN-DONE ep=0x81 len=16 status=0 actual=16
	0000  08 00 00 18 f0 03 02 10  00 13 00 10 09 02 00 00 |................|
[687] +21.757548 ASYNC-IN-SUBMIT ep=0x81 len=0 type=BULK (in, awaiting data)
[688] +21.868267 ASYNC-IN-DONE ep=0x81 len=0 status=2 actual=0
[689] +21.868376 ASYNC-IN-SUBMIT ep=0x81 len=0 type=BULK (in, awaiting data)
[690] +21.981267 ASYNC-IN-DONE ep=0x81 len=0 status=2 actual=0
[691] +21.981343 ASYNC-IN-SUBMIT ep=0x81 len=0 type=BULK (in, awaiting data)
[692] +22.008011 ASYNC-OUT ep=0x01 len=16 type=BULK 
	0000  08 00 00 18 01 10 ef 03  00 27 00 10 93 1e 00 00 |.........'......|
[693] +22.008363 ASYNC-OUT-DONE ep=0x01 len=0 status=0 actual=16
[694] +22.091375 ASYNC-IN-DONE ep=0x81 len=0 status=2 actual=0
[695] +22.091475 ASYNC-IN-SUBMIT ep=0x81 len=0 type=BULK (in, awaiting data)
[696] +22.163883 ASYNC-OUT ep=0x01 len=16 type=BULK 
	0000  08 00 00 18 02 10 f0 03  00 13 00 10 09 10 00 00 |................|
[697] +22.164200 ASYNC-OUT-DONE ep=0x01 len=0 status=0 actual=16
[698] +22.202952 ASYNC-IN-DONE ep=0x81 len=0 status=2 actual=0
[699] +22.203028 ASYNC-IN-SUBMIT ep=0x81 len=0 type=BULK (in, awaiting data)
[700] +22.304564 ASYNC-IN-DONE ep=0x81 len=0 status=2 actual=0
[701] +22.304634 ASYNC-IN-SUBMIT ep=0x81 len=0 type=BULK (in, awaiting data)
[702] +22.359361 ASYNC-IN-DONE ep=0x81 len=16 status=0 actual=16
	0000  08 00 00 18 ed 03 80 10  00 29 00 10 ae 02 00 00 |.........)......|
[703] +22.359467 ASYNC-IN-SUBMIT ep=0x81 len=0 type=BULK (in, awaiting data)
[704] +22.472260 ASYNC-IN-DONE ep=0x81 len=0 status=2 actual=0
[705] +22.472289 ASYNC-IN-SUBMIT ep=0x81 len=0 type=BULK (in, awaiting data)
[706] +22.559778 ASYNC-IN-DONE ep=0x81 len=16 status=0 actual=16
	0000  08 00 00 18 ef 03 01 10  00 29 00 10 65 02 00 00 |.........)..e...|
[707] +22.559821 ASYNC-IN-SUBMIT ep=0x81 len=0 type=BULK (in, awaiting data)
[708] +22.668619 ASYNC-IN-DONE ep=0x81 len=0 status=2 actual=0
[709] +22.668722 ASYNC-IN-SUBMIT ep=0x81 len=0 type=BULK (in, awaiting data)
[710] +22.760700 ASYNC-IN-DONE ep=0x81 len=16 status=0 actual=16
	0000  08 00 00 18 f0 03 02 10  00 14 00 10 09 02 00 00 |................|
[711] +22.760844 ASYNC-IN-SUBMIT ep=0x81 len=0 type=BULK (in, awaiting data)
[712] +22.787161 ASYNC-OUT ep=0x01 len=16 type=BULK 
	0000  08 00 00 18 80 10 ed 03  00 27 00 10 fd 1a 00 00 |.........'......|
[713] +22.787436 ASYNC-OUT-DONE ep=0x01 len=0 status=0 actual=16
[714] +22.871994 ASYNC-IN-DONE ep=0x81 len=0 status=2 actual=0
[715] +22.872073 ASYNC-IN-SUBMIT ep=0x81 len=0 type=BULK (in, awaiting data)
[716] +22.979152 ASYNC-IN-DONE ep=0x81 len=0 status=2 actual=0
[717] +22.979211 ASYNC-IN-SUBMIT ep=0x81 len=0 type=BULK (in, awaiting data)
[718] +23.045646 ASYNC-OUT ep=0x01 len=16 type=BULK 
	0000  08 00 00 18 01 10 ef 03  00 28 00 10 93 1e 00 00 |.........(......|
[719] +23.045976 ASYNC-OUT-DONE ep=0x01 len=0 status=0 actual=16
[720] +23.091179 ASYNC-IN-DONE ep=0x81 len=0 status=2 actual=0
[721] +23.091262 ASYNC-IN-SUBMIT ep=0x81 len=0 type=BULK (in, awaiting data)
[722] +23.200794 ASYNC-OUT ep=0x01 len=16 type=BULK 
	0000  08 00 00 18 02 10 f0 03  00 14 00 10 09 10 00 00 |................|
[723] +23.201093 ASYNC-OUT-DONE ep=0x01 len=0 status=0 actual=16
[724] +23.204014 ASYNC-IN-DONE ep=0x81 len=0 status=2 actual=0
[725] +23.204036 ASYNC-IN-SUBMIT ep=0x81 len=0 type=BULK (in, awaiting data)
[726] +23.304579 ASYNC-IN-DONE ep=0x81 len=0 status=2 actual=0
[727] +23.304677 ASYNC-IN-SUBMIT ep=0x81 len=0 type=BULK (in, awaiting data)
[728] +23.362640 ASYNC-IN-DONE ep=0x81 len=16 status=0 actual=16
	0000  08 00 00 18 ed 03 80 10  00 2a 00 10 ae 02 00 00 |.........*......|
[729] +23.362752 ASYNC-IN-SUBMIT ep=0x81 len=0 type=BULK (in, awaiting data)
[730] +23.471445 ASYNC-IN-DONE ep=0x81 len=0 status=2 actual=0
[731] +23.471513 ASYNC-IN-SUBMIT ep=0x81 len=0 type=BULK (in, awaiting data)
[732] +23.563432 ASYNC-IN-DONE ep=0x81 len=16 status=0 actual=16
	0000  08 00 00 18 ef 03 01 10  00 2a 00 10 65 02 00 00 |.........*..e...|
[733] +23.563692 ASYNC-IN-SUBMIT ep=0x81 len=0 type=BULK (in, awaiting data)
[734] +23.664478 ASYNC-IN-DONE ep=0x81 len=0 status=2 actual=0
[735] +23.664564 ASYNC-IN-SUBMIT ep=0x81 len=0 type=BULK (in, awaiting data)
[736] +23.763833 ASYNC-IN-DONE ep=0x81 len=16 status=0 actual=16
	0000  08 00 00 18 f0 03 02 10  00 15 00 10 09 02 00 00 |................|
[737] +23.763958 ASYNC-IN-SUBMIT ep=0x81 len=0 type=BULK (in, awaiting data)
[738] +23.824198 ASYNC-OUT ep=0x01 len=16 type=BULK 
	0000  08 00 00 18 80 10 ed 03  00 28 00 10 fd 1a 00 00 |.........(......|
[739] +23.824532 ASYNC-OUT-DONE ep=0x01 len=0 status=0 actual=16
[740] +23.876403 ASYNC-IN-DONE ep=0x81 len=0 status=2 actual=0
[741] +23.876488 ASYNC-IN-SUBMIT ep=0x81 len=0 type=BULK (in, awaiting data)
[742] +23.985278 ASYNC-IN-DONE ep=0x81 len=0 status=2 actual=0
[743] +23.985353 ASYNC-IN-SUBMIT ep=0x81 len=0 type=BULK (in, awaiting data)
[744] +24.084134 ASYNC-OUT ep=0x01 len=16 type=BULK 
	0000  08 00 00 18 01 10 ef 03  00 29 00 10 93 1e 00 00 |.........)......|
[745] +24.084429 ASYNC-OUT-DONE ep=0x01 len=0 status=0 actual=16
[746] +24.096229 ASYNC-IN-DONE ep=0x81 len=0 status=2 actual=0
[747] +24.096295 ASYNC-IN-SUBMIT ep=0x81 len=0 type=BULK (in, awaiting data)
[748] +24.197141 ASYNC-IN-DONE ep=0x81 len=0 status=2 actual=0
[749] +24.197216 ASYNC-IN-SUBMIT ep=0x81 len=0 type=BULK (in, awaiting data)
[750] +24.239308 ASYNC-OUT ep=0x01 len=16 type=BULK 
	0000  08 00 00 18 02 10 f0 03  00 15 00 10 09 10 00 00 |................|
[751] +24.239590 ASYNC-OUT-DONE ep=0x01 len=0 status=0 actual=16
[752] +24.308592 ASYNC-IN-DONE ep=0x81 len=0 status=2 actual=0
[753] +24.308667 ASYNC-IN-SUBMIT ep=0x81 len=0 type=BULK (in, awaiting data)
[754] +24.365816 ASYNC-IN-DONE ep=0x81 len=16 status=0 actual=16
	0000  08 00 00 18 ed 03 80 10  00 2b 00 10 ae 02 00 00 |.........+......|
[755] +24.365943 ASYNC-IN-SUBMIT ep=0x81 len=0 type=BULK (in, awaiting data)
[756] +24.478367 ASYNC-IN-DONE ep=0x81 len=0 status=2 actual=0
[757] +24.478459 ASYNC-IN-SUBMIT ep=0x81 len=0 type=BULK (in, awaiting data)
[758] +24.566669 ASYNC-IN-DONE ep=0x81 len=16 status=0 actual=16
	0000  08 00 00 18 ef 03 01 10  00 2b 00 10 65 02 00 00 |.........+..e...|
[759] +24.566734 ASYNC-IN-SUBMIT ep=0x81 len=0 type=BULK (in, awaiting data)
[760] +24.671809 ASYNC-IN-DONE ep=0x81 len=0 status=2 actual=0
[761] +24.671878 ASYNC-IN-SUBMIT ep=0x81 len=0 type=BULK (in, awaiting data)
[762] +24.767413 ASYNC-IN-DONE ep=0x81 len=16 status=0 actual=16
	0000  08 00 00 18 f0 03 02 10  00 16 00 10 09 02 00 00 |................|
[763] +24.767543 ASYNC-IN-SUBMIT ep=0x81 len=0 type=BULK (in, awaiting data)
[764] +24.862304 ASYNC-OUT ep=0x01 len=16 type=BULK 
	0000  08 00 00 18 80 10 ed 03  00 29 00 10 fd 1a 00 00 |.........)......|
[765] +24.862623 ASYNC-OUT-DONE ep=0x01 len=0 status=0 actual=16
[766] +24.875140 ASYNC-IN-DONE ep=0x81 len=0 status=2 actual=0
[767] +24.875195 ASYNC-IN-SUBMIT ep=0x81 len=0 type=BULK (in, awaiting data)
[768] +24.976363 ASYNC-IN-DONE ep=0x81 len=0 status=2 actual=0
[769] +24.976451 ASYNC-IN-SUBMIT ep=0x81 len=0 type=BULK (in, awaiting data)
[770] +25.089261 ASYNC-IN-DONE ep=0x81 len=0 status=2 actual=0
[771] +25.089377 ASYNC-IN-SUBMIT ep=0x81 len=0 type=BULK (in, awaiting data)
[772] +25.122132 ASYNC-OUT ep=0x01 len=16 type=BULK 
	0000  08 00 00 18 01 10 ef 03  00 2a 00 10 93 1e 00 00 |.........*......|
[773] +25.122431 ASYNC-OUT-DONE ep=0x01 len=0 status=0 actual=16
[774] +25.191052 ASYNC-IN-DONE ep=0x81 len=0 status=2 actual=0
[775] +25.191154 ASYNC-IN-SUBMIT ep=0x81 len=0 type=BULK (in, awaiting data)
[776] +25.277696 ASYNC-OUT ep=0x01 len=16 type=BULK 
	0000  08 00 00 18 02 10 f0 03  00 16 00 10 09 10 00 00 |................|
[777] +25.278052 ASYNC-OUT-DONE ep=0x01 len=0 status=0 actual=16
[778] +25.298195 ASYNC-IN-DONE ep=0x81 len=0 status=2 actual=0
[779] +25.298294 ASYNC-IN-SUBMIT ep=0x81 len=0 type=BULK (in, awaiting data)
[780] +25.369412 ASYNC-IN-DONE ep=0x81 len=16 status=0 actual=16
	0000  08 00 00 18 ed 03 80 10  00 2c 00 10 ae 02 00 00 |.........,......|
[781] +25.369556 ASYNC-IN-SUBMIT ep=0x81 len=0 type=BULK (in, awaiting data)
[782] +25.482376 ASYNC-IN-DONE ep=0x81 len=0 status=2 actual=0
[783] +25.482476 ASYNC-IN-SUBMIT ep=0x81 len=0 type=BULK (in, awaiting data)
[784] +25.570734 ASYNC-IN-DONE ep=0x81 len=16 status=0 actual=16
	0000  08 00 00 18 ef 03 01 10  00 2c 00 10 65 02 00 00 |.........,..e...|
[785] +25.570861 ASYNC-IN-SUBMIT ep=0x81 len=0 type=BULK (in, awaiting data)
[786] +25.683715 ASYNC-IN-DONE ep=0x81 len=0 status=2 actual=0
[787] +25.683785 ASYNC-IN-SUBMIT ep=0x81 len=0 type=BULK (in, awaiting data)
[788] +25.771201 ASYNC-IN-DONE ep=0x81 len=16 status=0 actual=16
	0000  08 00 00 18 f0 03 02 10  00 17 00 10 09 02 00 00 |................|
[789] +25.771341 ASYNC-IN-SUBMIT ep=0x81 len=0 type=BULK (in, awaiting data)
[790] +25.876435 ASYNC-IN-DONE ep=0x81 len=0 status=2 actual=0
[791] +25.876516 ASYNC-IN-SUBMIT ep=0x81 len=0 type=BULK (in, awaiting data)
[792] +25.900836 ASYNC-OUT ep=0x01 len=16 type=BULK 
	0000  08 00 00 18 80 10 ed 03  00 2a 00 10 fd 1a 00 00 |.........*......|
[793] +25.901119 ASYNC-OUT-DONE ep=0x01 len=0 status=0 actual=16
[794] +25.983859 ASYNC-IN-DONE ep=0x81 len=0 status=2 actual=0
[795] +25.983930 ASYNC-IN-SUBMIT ep=0x81 len=0 type=BULK (in, awaiting data)
[796] +26.092499 ASYNC-IN-DONE ep=0x81 len=0 status=2 actual=0
[797] +26.092569 ASYNC-IN-SUBMIT ep=0x81 len=0 type=BULK (in, awaiting data)
[798] +26.160077 ASYNC-OUT ep=0x01 len=16 type=BULK 
	0000  08 00 00 18 01 10 ef 03  00 2b 00 10 93 1e 00 00 |.........+......|
[799] +26.160440 ASYNC-OUT-DONE ep=0x01 len=0 status=0 actual=16
[800] +26.198888 ASYNC-IN-DONE ep=0x81 len=0 status=2 actual=0
[801] +26.198966 ASYNC-IN-SUBMIT ep=0x81 len=0 type=BULK (in, awaiting data)
[802] +26.306559 ASYNC-IN-DONE ep=0x81 len=0 status=2 actual=0
[803] +26.306648 ASYNC-IN-SUBMIT ep=0x81 len=0 type=BULK (in, awaiting data)
[804] +26.315631 ASYNC-OUT ep=0x01 len=16 type=BULK 
	0000  08 00 00 18 02 10 f0 03  00 17 00 10 09 10 00 00 |................|
[805] +26.315909 ASYNC-OUT-DONE ep=0x01 len=0 status=0 actual=16
[806] +26.372700 ASYNC-IN-DONE ep=0x81 len=16 status=0 actual=16
	0000  08 00 00 18 ed 03 80 10  00 2d 00 10 ae 02 00 00 |.........-......|
[807] +26.372865 ASYNC-IN-SUBMIT ep=0x81 len=0 type=BULK (in, awaiting data)
[808] +26.485663 ASYNC-IN-DONE ep=0x81 len=0 status=2 actual=0
[809] +26.485740 ASYNC-IN-SUBMIT ep=0x81 len=0 type=BULK (in, awaiting data)
[810] +26.573606 ASYNC-IN-DONE ep=0x81 len=16 status=0 actual=16
	0000  08 00 00 18 ef 03 01 10  00 2d 00 10 65 02 00 00 |.........-..e...|
[811] +26.573749 ASYNC-IN-SUBMIT ep=0x81 len=0 type=BULK (in, awaiting data)
[812] +26.674082 ASYNC-IN-DONE ep=0x81 len=0 status=2 actual=0
[813] +26.674176 ASYNC-IN-SUBMIT ep=0x81 len=0 type=BULK (in, awaiting data)
[814] +26.774613 ASYNC-IN-DONE ep=0x81 len=16 status=0 actual=16
	0000  08 00 00 18 f0 03 02 10  00 18 00 10 09 02 00 00 |................|
[815] +26.774747 ASYNC-IN-SUBMIT ep=0x81 len=0 type=BULK (in, awaiting data)
[816] +26.879274 ASYNC-IN-DONE ep=0x81 len=0 status=2 actual=0
[817] +26.879364 ASYNC-IN-SUBMIT ep=0x81 len=0 type=BULK (in, awaiting data)
[818] +26.939214 ASYNC-OUT ep=0x01 len=16 type=BULK 
	0000  08 00 00 18 80 10 ed 03  00 2b 00 10 fd 1a 00 00 |.........+......|
[819] +26.939532 ASYNC-OUT-DONE ep=0x01 len=0 status=0 actual=16
[820] +26.985977 ASYNC-IN-DONE ep=0x81 len=0 status=2 actual=0
[821] +26.986046 ASYNC-IN-SUBMIT ep=0x81 len=0 type=BULK (in, awaiting data)
[822] +27.089970 ASYNC-IN-DONE ep=0x81 len=0 status=2 actual=0
[823] +27.090070 ASYNC-IN-SUBMIT ep=0x81 len=0 type=BULK (in, awaiting data)
[824] +27.197282 ASYNC-OUT ep=0x01 len=16 type=BULK 
	0000  08 00 00 18 01 10 ef 03  00 2c 00 10 93 1e 00 00 |.........,......|
[825] +27.197611 ASYNC-OUT-DONE ep=0x01 len=0 status=0 actual=16
[826] +27.197738 ASYNC-IN-DONE ep=0x81 len=0 status=2 actual=0
[827] +27.197761 ASYNC-IN-SUBMIT ep=0x81 len=0 type=BULK (in, awaiting data)
[828] +27.310517 ASYNC-IN-DONE ep=0x81 len=0 status=2 actual=0
[829] +27.310593 ASYNC-IN-SUBMIT ep=0x81 len=0 type=BULK (in, awaiting data)
[830] +27.353390 ASYNC-OUT ep=0x01 len=16 type=BULK 
	0000  08 00 00 18 02 10 f0 03  00 18 00 10 09 10 00 00 |................|
[831] +27.353714 ASYNC-OUT-DONE ep=0x01 len=0 status=0 actual=16
[832] +27.375816 ASYNC-IN-DONE ep=0x81 len=16 status=0 actual=16
	0000  08 00 00 18 ed 03 80 10  00 2e 00 10 ae 02 00 00 |................|
[833] +27.375907 ASYNC-IN-SUBMIT ep=0x81 len=0 type=BULK (in, awaiting data)
[834] +27.483619 ASYNC-IN-DONE ep=0x81 len=0 status=2 actual=0
[835] +27.483695 ASYNC-IN-SUBMIT ep=0x81 len=0 type=BULK (in, awaiting data)
[836] +27.576499 ASYNC-IN-DONE ep=0x81 len=16 status=0 actual=16
	0000  08 00 00 18 ef 03 01 10  00 2e 00 10 65 02 00 00 |............e...|
[837] +27.576626 ASYNC-IN-SUBMIT ep=0x81 len=0 type=BULK (in, awaiting data)
[838] +27.689302 ASYNC-IN-DONE ep=0x81 len=0 status=2 actual=0
[839] +27.689402 ASYNC-IN-SUBMIT ep=0x81 len=0 type=BULK (in, awaiting data)
[840] +27.777747 ASYNC-IN-DONE ep=0x81 len=16 status=0 actual=16
	0000  08 00 00 18 f0 03 02 10  00 19 00 10 09 02 00 00 |................|
[841] +27.777913 ASYNC-IN-SUBMIT ep=0x81 len=0 type=BULK (in, awaiting data)
[842] +27.889584 ASYNC-IN-DONE ep=0x81 len=0 status=2 actual=0
[843] +27.889658 ASYNC-IN-SUBMIT ep=0x81 len=0 type=BULK (in, awaiting data)
[844] +27.976358 ASYNC-OUT ep=0x01 len=16 type=BULK 
	0000  08 00 00 18 80 10 ed 03  00 2c 00 10 fd 1a 00 00 |.........,......|
[845] +27.976657 ASYNC-OUT-DONE ep=0x01 len=0 status=0 actual=16
[846] +28.002420 ASYNC-IN-DONE ep=0x81 len=0 status=2 actual=0
[847] +28.002509 ASYNC-IN-SUBMIT ep=0x81 len=0 type=BULK (in, awaiting data)
[848] +28.115380 ASYNC-IN-DONE ep=0x81 len=0 status=2 actual=0
[849] +28.115474 ASYNC-IN-SUBMIT ep=0x81 len=0 type=BULK (in, awaiting data)
[850] +28.228304 ASYNC-IN-DONE ep=0x81 len=0 status=2 actual=0
[851] +28.228355 ASYNC-IN-SUBMIT ep=0x81 len=0 type=BULK (in, awaiting data)
[852] +28.236615 ASYNC-OUT ep=0x01 len=16 type=BULK 
	0000  08 00 00 18 01 10 ef 03  00 2d 00 10 93 1e 00 00 |.........-......|
[853] +28.236937 ASYNC-OUT-DONE ep=0x01 len=0 status=0 actual=16
[854] +28.340082 ASYNC-IN-DONE ep=0x81 len=0 status=2 actual=0
[855] +28.340150 ASYNC-IN-SUBMIT ep=0x81 len=0 type=BULK (in, awaiting data)
[856] +28.379576 ASYNC-IN-DONE ep=0x81 len=16 status=0 actual=16
	0000  08 00 00 18 ed 03 80 10  00 2f 00 10 ae 02 00 00 |........./......|
[857] +28.379712 ASYNC-IN-SUBMIT ep=0x81 len=0 type=BULK (in, awaiting data)
[858] +28.391950 ASYNC-OUT ep=0x01 len=16 type=BULK 
	0000  08 00 00 18 02 10 f0 03  00 19 00 10 09 10 00 00 |................|
[859] +28.392263 ASYNC-OUT-DONE ep=0x01 len=0 status=0 actual=16
[860] +28.481575 ASYNC-IN-DONE ep=0x81 len=0 status=2 actual=0
[861] +28.481656 ASYNC-IN-SUBMIT ep=0x81 len=0 type=BULK (in, awaiting data)
[862] +28.580034 ASYNC-IN-DONE ep=0x81 len=16 status=0 actual=16
	0000  08 00 00 18 ef 03 01 10  00 2f 00 10 65 02 00 00 |........./..e...|
[863] +28.580168 ASYNC-IN-SUBMIT ep=0x81 len=0 type=BULK (in, awaiting data)
[864] +28.692959 ASYNC-IN-DONE ep=0x81 len=0 status=2 actual=0
[865] +28.693045 ASYNC-IN-SUBMIT ep=0x81 len=0 type=BULK (in, awaiting data)
[866] +28.780507 ASYNC-IN-DONE ep=0x81 len=16 status=0 actual=16
	0000  08 00 00 18 f0 03 02 10  00 1a 00 10 09 02 00 00 |................|
[867] +28.780635 ASYNC-IN-SUBMIT ep=0x81 len=0 type=BULK (in, awaiting data)
[868] +28.893463 ASYNC-IN-DONE ep=0x81 len=0 status=2 actual=0
[869] +28.893563 ASYNC-IN-SUBMIT ep=0x81 len=0 type=BULK (in, awaiting data)
[870] +29.004644 ASYNC-IN-DONE ep=0x81 len=0 status=2 actual=0
[871] +29.004712 ASYNC-IN-SUBMIT ep=0x81 len=0 type=BULK (in, awaiting data)
[872] +29.014742 ASYNC-OUT ep=0x01 len=16 type=BULK 
	0000  08 00 00 18 80 10 ed 03  00 2d 00 10 fd 1a 00 00 |.........-......|
[873] +29.014965 ASYNC-OUT-DONE ep=0x01 len=0 status=0 actual=16
[874] +29.117530 ASYNC-IN-DONE ep=0x81 len=0 status=2 actual=0
[875] +29.117622 ASYNC-IN-SUBMIT ep=0x81 len=0 type=BULK (in, awaiting data)
[876] +29.225933 ASYNC-IN-DONE ep=0x81 len=0 status=2 actual=0
[877] +29.226016 ASYNC-IN-SUBMIT ep=0x81 len=0 type=BULK (in, awaiting data)
[878] +29.275014 ASYNC-OUT ep=0x01 len=16 type=BULK 
	0000  08 00 00 18 01 10 ef 03  00 2e 00 10 93 1e 00 00 |................|
[879] +29.275359 ASYNC-OUT-DONE ep=0x01 len=0 status=0 actual=16
[880] +29.337008 ASYNC-IN-DONE ep=0x81 len=0 status=2 actual=0
[881] +29.337111 ASYNC-IN-SUBMIT ep=0x81 len=0 type=BULK (in, awaiting data)
[882] +29.382571 ASYNC-IN-DONE ep=0x81 len=16 status=0 actual=16
	0000  08 00 00 18 ed 03 80 10  00 30 00 10 ae 02 00 00 |.........0......|
[883] +29.382676 ASYNC-IN-SUBMIT ep=0x81 len=0 type=BULK (in, awaiting data)
[884] +29.431161 ASYNC-OUT ep=0x01 len=16 type=BULK 
	0000  08 00 00 18 02 10 f0 03  00 1a 00 10 09 10 00 00 |................|
[885] +29.431468 ASYNC-OUT-DONE ep=0x01 len=0 status=0 actual=16
[886] +29.483356 ASYNC-IN-DONE ep=0x81 len=0 status=2 actual=0
[887] +29.483454 ASYNC-IN-SUBMIT ep=0x81 len=0 type=BULK (in, awaiting data)
[888] +29.583241 ASYNC-IN-DONE ep=0x81 len=16 status=0 actual=16
	0000  08 00 00 18 ef 03 01 10  00 30 00 10 65 02 00 00 |.........0..e...|
[889] +29.583373 ASYNC-IN-SUBMIT ep=0x81 len=0 type=BULK (in, awaiting data)
[890] +29.694814 ASYNC-IN-DONE ep=0x81 len=0 status=2 actual=0
[891] +29.694910 ASYNC-IN-SUBMIT ep=0x81 len=0 type=BULK (in, awaiting data)
[892] +29.784443 ASYNC-IN-DONE ep=0x81 len=16 status=0 actual=16
	0000  08 00 00 18 f0 03 02 10  00 1b 00 10 09 02 00 00 |................|
[893] +29.784544 ASYNC-IN-SUBMIT ep=0x81 len=0 type=BULK (in, awaiting data)
[894] +29.889122 ASYNC-IN-DONE ep=0x81 len=0 status=2 actual=0
[895] +29.889231 ASYNC-IN-SUBMIT ep=0x81 len=0 type=BULK (in, awaiting data)
[896] +30.002098 ASYNC-IN-DONE ep=0x81 len=0 status=2 actual=0
[897] +30.002186 ASYNC-IN-SUBMIT ep=0x81 len=0 type=BULK (in, awaiting data)
[898] +30.054548 ASYNC-OUT ep=0x01 len=16 type=BULK 
	0000  08 00 00 18 80 10 ed 03  00 2e 00 10 fd 1a 00 00 |................|
[899] +30.054744 ASYNC-OUT-DONE ep=0x01 len=0 status=0 actual=16
[900] +30.112008 ASYNC-IN-DONE ep=0x81 len=0 status=2 actual=0
[901] +30.112089 ASYNC-IN-SUBMIT ep=0x81 len=0 type=BULK (in, awaiting data)
[902] +30.218701 ASYNC-IN-DONE ep=0x81 len=0 status=2 actual=0
[903] +30.218786 ASYNC-IN-SUBMIT ep=0x81 len=0 type=BULK (in, awaiting data)
[904] +30.313923 ASYNC-OUT ep=0x01 len=16 type=BULK 
	0000  08 00 00 18 01 10 ef 03  00 2f 00 10 93 1e 00 00 |........./......|
[905] +30.314224 ASYNC-OUT-DONE ep=0x01 len=0 status=0 actual=16
[906] +30.322479 ASYNC-IN-DONE ep=0x81 len=0 status=2 actual=0
[907] +30.322531 ASYNC-IN-SUBMIT ep=0x81 len=0 type=BULK (in, awaiting data)
[908] +30.386264 ASYNC-IN-DONE ep=0x81 len=16 status=0 actual=16
	0000  08 00 00 18 ed 03 80 10  00 31 00 10 ae 02 00 00 |.........1......|
[909] +30.386393 ASYNC-IN-SUBMIT ep=0x81 len=0 type=BULK (in, awaiting data)
[910] +30.469552 ASYNC-OUT ep=0x01 len=16 type=BULK 
	0000  08 00 00 18 02 10 f0 03  00 1b 00 10 09 10 00 00 |................|
[911] +30.469869 ASYNC-OUT-DONE ep=0x01 len=0 status=0 actual=16
[912] +30.495701 ASYNC-IN-DONE ep=0x81 len=0 status=2 actual=0
[913] +30.495760 ASYNC-IN-SUBMIT ep=0x81 len=0 type=BULK (in, awaiting data)
[914] +30.586650 ASYNC-IN-DONE ep=0x81 len=16 status=0 actual=16
	0000  08 00 00 18 ef 03 01 10  00 31 00 10 65 02 00 00 |.........1..e...|
[915] +30.586714 ASYNC-IN-SUBMIT ep=0x81 len=0 type=BULK (in, awaiting data)
[916] +30.699252 ASYNC-IN-DONE ep=0x81 len=0 status=2 actual=0
[917] +30.699337 ASYNC-IN-SUBMIT ep=0x81 len=0 type=BULK (in, awaiting data)
[918] +30.787623 ASYNC-IN-DONE ep=0x81 len=16 status=0 actual=16
	0000  08 00 00 18 f0 03 02 10  00 1c 00 10 09 02 00 00 |................|
[919] +30.787751 ASYNC-IN-SUBMIT ep=0x81 len=0 type=BULK (in, awaiting data)
[920] +30.891900 ASYNC-IN-DONE ep=0x81 len=0 status=2 actual=0
[921] +30.891939 ASYNC-IN-SUBMIT ep=0x81 len=0 type=BULK (in, awaiting data)
[922] +30.998419 ASYNC-IN-DONE ep=0x81 len=0 status=2 actual=0
[923] +30.998515 ASYNC-IN-SUBMIT ep=0x81 len=0 type=BULK (in, awaiting data)
[924] +31.092261 ASYNC-OUT ep=0x01 len=16 type=BULK 
	0000  08 00 00 18 80 10 ed 03  00 2f 00 10 fd 1a 00 00 |........./......|
[925] +31.092613 ASYNC-OUT-DONE ep=0x01 len=0 status=0 actual=16
[926] +31.107263 ASYNC-IN-DONE ep=0x81 len=0 status=2 actual=0
[927] +31.107320 ASYNC-IN-SUBMIT ep=0x81 len=0 type=BULK (in, awaiting data)
[928] +31.219842 ASYNC-IN-DONE ep=0x81 len=0 status=2 actual=0
[929] +31.219940 ASYNC-IN-SUBMIT ep=0x81 len=0 type=BULK (in, awaiting data)
[930] +31.332752 ASYNC-IN-DONE ep=0x81 len=0 status=2 actual=0
[931] +31.332844 ASYNC-IN-SUBMIT ep=0x81 len=0 type=BULK (in, awaiting data)
[932] +31.352494 ASYNC-OUT ep=0x01 len=16 type=BULK 
	0000  08 00 00 18 01 10 ef 03  00 30 00 10 93 1e 00 00 |.........0......|
[933] +31.352741 ASYNC-OUT-DONE ep=0x01 len=0 status=0 actual=16
[934] +31.389110 ASYNC-IN-DONE ep=0x81 len=16 status=0 actual=16
	0000  08 00 00 18 ed 03 80 10  00 32 00 10 ae 02 00 00 |.........2......|
[935] +31.389188 ASYNC-IN-SUBMIT ep=0x81 len=0 type=BULK (in, awaiting data)
[936] +31.494681 ASYNC-IN-DONE ep=0x81 len=0 status=2 actual=0
[937] +31.494797 ASYNC-IN-SUBMIT ep=0x81 len=0 type=BULK (in, awaiting data)
[938] +31.508439 ASYNC-OUT ep=0x01 len=16 type=BULK 
	0000  08 00 00 18 02 10 f0 03  00 1c 00 10 09 10 00 00 |................|
[939] +31.508731 ASYNC-OUT-DONE ep=0x01 len=0 status=0 actual=16
[940] +31.589951 ASYNC-IN-DONE ep=0x81 len=16 status=0 actual=16
	0000  08 00 00 18 ef 03 01 10  00 32 00 10 65 02 00 00 |.........2..e...|
[941] +31.590090 ASYNC-IN-SUBMIT ep=0x81 len=0 type=BULK (in, awaiting data)
[942] +31.702924 ASYNC-IN-DONE ep=0x81 len=0 status=2 actual=0
[943] +31.703028 ASYNC-IN-SUBMIT ep=0x81 len=0 type=BULK (in, awaiting data)
[944] +31.790731 ASYNC-IN-DONE ep=0x81 len=16 status=0 actual=16
	0000  08 00 00 18 f0 03 02 10  00 1d 00 10 09 02 00 00 |................|
[945] +31.790837 ASYNC-IN-SUBMIT ep=0x81 len=0 type=BULK (in, awaiting data)
[946] +31.903220 ASYNC-IN-DONE ep=0x81 len=0 status=2 actual=0
[947] +31.903309 ASYNC-IN-SUBMIT ep=0x81 len=0 type=BULK (in, awaiting data)
[948] +32.014212 ASYNC-IN-DONE ep=0x81 len=0 status=2 actual=0
[949] +32.014287 ASYNC-IN-SUBMIT ep=0x81 len=0 type=BULK (in, awaiting data)
[950] +32.127058 ASYNC-IN-DONE ep=0x81 len=0 status=2 actual=0
[951] +32.127152 ASYNC-IN-SUBMIT ep=0x81 len=0 type=BULK (in, awaiting data)
[952] +32.132193 ASYNC-OUT ep=0x01 len=16 type=BULK 
	0000  08 00 00 18 80 10 ed 03  00 30 00 10 fd 1a 00 00 |.........0......|
[953] +32.132465 ASYNC-OUT-DONE ep=0x01 len=0 status=0 actual=16
[954] +32.230241 ASYNC-IN-DONE ep=0x81 len=0 status=2 actual=0
[955] +32.230326 ASYNC-IN-SUBMIT ep=0x81 len=0 type=BULK (in, awaiting data)
[956] +32.339944 ASYNC-IN-DONE ep=0x81 len=0 status=2 actual=0
[957] +32.340037 ASYNC-IN-SUBMIT ep=0x81 len=0 type=BULK (in, awaiting data)
[958] +32.392476 ASYNC-OUT ep=0x01 len=16 type=BULK 
	0000  08 00 00 18 01 10 ef 03  00 31 00 10 93 1e 00 00 |.........1......|
[959] +32.392637 ASYNC-IN-DONE ep=0x81 len=16 status=0 actual=16
	0000  08 00 00 18 ed 03 80 10  00 33 00 10 ae 02 00 00 |.........3......|
[960] +32.392718 ASYNC-IN-SUBMIT ep=0x81 len=0 type=BULK (in, awaiting data)
[961] +32.392786 ASYNC-OUT-DONE ep=0x01 len=0 status=0 actual=16
[962] +32.504728 ASYNC-IN-DONE ep=0x81 len=0 status=2 actual=0
[963] +32.504810 ASYNC-IN-SUBMIT ep=0x81 len=0 type=BULK (in, awaiting data)
[964] +32.548659 ASYNC-OUT ep=0x01 len=16 type=BULK 
	0000  08 00 00 18 02 10 f0 03  00 1d 00 10 09 10 00 00 |................|
[965] +32.548991 ASYNC-OUT-DONE ep=0x01 len=0 status=0 actual=16
[966] +32.593106 ASYNC-IN-DONE ep=0x81 len=16 status=0 actual=16
	0000  08 00 00 18 ef 03 01 10  00 33 00 10 65 02 00 00 |.........3..e...|
[967] +32.593231 ASYNC-IN-SUBMIT ep=0x81 len=0 type=BULK (in, awaiting data)
[968] +32.700719 ASYNC-IN-DONE ep=0x81 len=0 status=2 actual=0
[969] +32.700814 ASYNC-IN-SUBMIT ep=0x81 len=0 type=BULK (in, awaiting data)
[970] +32.794307 ASYNC-IN-DONE ep=0x81 len=16 status=0 actual=16
	0000  08 00 00 18 f0 03 02 10  00 1e 00 10 09 02 00 00 |................|
[971] +32.794449 ASYNC-IN-SUBMIT ep=0x81 len=0 type=BULK (in, awaiting data)
[972] +32.904766 ASYNC-IN-DONE ep=0x81 len=0 status=2 actual=0
[973] +32.904847 ASYNC-IN-SUBMIT ep=0x81 len=0 type=BULK (in, awaiting data)
[974] +33.015007 ASYNC-IN-DONE ep=0x81 len=0 status=2 actual=0
[975] +33.015089 ASYNC-IN-SUBMIT ep=0x81 len=0 type=BULK (in, awaiting data)
[976] +33.127886 ASYNC-IN-DONE ep=0x81 len=0 status=2 actual=0
[977] +33.127964 ASYNC-IN-SUBMIT ep=0x81 len=0 type=BULK (in, awaiting data)
[978] +33.170991 ASYNC-OUT ep=0x01 len=16 type=BULK 
	0000  08 00 00 18 80 10 ed 03  00 31 00 10 fd 1a 00 00 |.........1......|
[979] +33.171269 ASYNC-OUT-DONE ep=0x01 len=0 status=0 actual=16
[980] +33.239909 ASYNC-IN-DONE ep=0x81 len=0 status=2 actual=0
[981] +33.240000 ASYNC-IN-SUBMIT ep=0x81 len=0 type=BULK (in, awaiting data)
[982] +33.349029 ASYNC-IN-DONE ep=0x81 len=0 status=2 actual=0
[983] +33.349104 ASYNC-IN-SUBMIT ep=0x81 len=0 type=BULK (in, awaiting data)
[984] +33.396205 ASYNC-IN-DONE ep=0x81 len=16 status=0 actual=16
	0000  08 00 00 18 ed 03 80 10  00 34 00 10 ae 02 00 00 |.........4......|
[985] +33.396328 ASYNC-IN-SUBMIT ep=0x81 len=0 type=BULK (in, awaiting data)
[986] +33.430452 ASYNC-OUT ep=0x01 len=16 type=BULK 
	0000  08 00 00 18 01 10 ef 03  00 32 00 10 93 1e 00 00 |.........2......|
[987] +33.430757 ASYNC-OUT-DONE ep=0x01 len=0 status=0 actual=16
[988] +33.504708 ASYNC-IN-DONE ep=0x81 len=0 status=2 actual=0
[989] +33.504756 ASYNC-IN-SUBMIT ep=0x81 len=0 type=BULK (in, awaiting data)
[990] +33.586431 ASYNC-OUT ep=0x01 len=16 type=BULK 
	0000  08 00 00 18 02 10 f0 03  00 1e 00 10 09 10 00 00 |................|
[991] +33.586773 ASYNC-OUT-DONE ep=0x01 len=0 status=0 actual=16
[992] +33.597465 ASYNC-IN-DONE ep=0x81 len=16 status=0 actual=16
	0000  08 00 00 18 ef 03 01 10  00 34 00 10 65 02 00 00 |.........4..e...|
[993] +33.597563 ASYNC-IN-SUBMIT ep=0x81 len=0 type=BULK (in, awaiting data)
[994] +33.707972 ASYNC-IN-DONE ep=0x81 len=0 status=2 actual=0
[995] +33.708059 ASYNC-IN-SUBMIT ep=0x81 len=0 type=BULK (in, awaiting data)
[996] +33.797933 ASYNC-IN-DONE ep=0x81 len=16 status=0 actual=16
	0000  08 00 00 18 f0 03 02 10  00 1f 00 10 09 02 00 00 |................|
[997] +33.798040 ASYNC-IN-SUBMIT ep=0x81 len=0 type=BULK (in, awaiting data)
[998] +33.906951 ASYNC-IN-DONE ep=0x81 len=0 status=2 actual=0
[999] +33.907053 ASYNC-IN-SUBMIT ep=0x81 len=0 type=BULK (in, awaiting data)
[1000] +34.019351 ASYNC-IN-DONE ep=0x81 len=0 status=2 actual=0
[1001] +34.019427 ASYNC-IN-SUBMIT ep=0x81 len=0 type=BULK (in, awaiting data)
[1002] +34.131724 ASYNC-IN-DONE ep=0x81 len=0 status=2 actual=0
[1003] +34.131820 ASYNC-IN-SUBMIT ep=0x81 len=0 type=BULK (in, awaiting data)
[1004] +34.208543 ASYNC-OUT ep=0x01 len=16 type=BULK 
	0000  08 00 00 18 80 10 ed 03  00 32 00 10 fd 1a 00 00 |.........2......|
[1005] +34.208872 ASYNC-OUT-DONE ep=0x01 len=0 status=0 actual=16
[1006] +34.232747 ASYNC-IN-DONE ep=0x81 len=0 status=2 actual=0
[1007] +34.232822 ASYNC-IN-SUBMIT ep=0x81 len=0 type=BULK (in, awaiting data)
[1008] +34.338144 ASYNC-IN-DONE ep=0x81 len=0 status=2 actual=0
[1009] +34.338247 ASYNC-IN-SUBMIT ep=0x81 len=0 type=BULK (in, awaiting data)
[1010] +34.399660 ASYNC-IN-DONE ep=0x81 len=16 status=0 actual=16
	0000  08 00 00 18 ed 03 80 10  00 35 00 10 ae 02 00 00 |.........5......|
[1011] +34.399773 ASYNC-IN-SUBMIT ep=0x81 len=0 type=BULK (in, awaiting data)
[1012] +34.467480 ASYNC-OUT ep=0x01 len=16 type=BULK 
	0000  08 00 00 18 01 10 ef 03  00 33 00 10 93 1e 00 00 |.........3......|
[1013] +34.467816 ASYNC-OUT-DONE ep=0x01 len=0 status=0 actual=16
[1014] +34.512559 ASYNC-IN-DONE ep=0x81 len=0 status=2 actual=0
[1015] +34.512642 ASYNC-IN-SUBMIT ep=0x81 len=0 type=BULK (in, awaiting data)
[1016] +34.600111 ASYNC-IN-DONE ep=0x81 len=16 status=0 actual=16
	0000  08 00 00 18 ef 03 01 10  00 35 00 10 65 02 00 00 |.........5..e...|
[1017] +34.600211 ASYNC-IN-SUBMIT ep=0x81 len=0 type=BULK (in, awaiting data)
[1018] +34.623531 ASYNC-OUT ep=0x01 len=16 type=BULK 
	0000  08 00 00 18 02 10 f0 03  00 1f 00 10 09 10 00 00 |................|
[1019] +34.623804 ASYNC-OUT-DONE ep=0x01 len=0 status=0 actual=16
[1020] +34.712602 ASYNC-IN-DONE ep=0x81 len=0 status=2 actual=0
[1021] +34.712683 ASYNC-IN-SUBMIT ep=0x81 len=0 type=BULK (in, awaiting data)
[1022] +34.800927 ASYNC-IN-DONE ep=0x81 len=16 status=0 actual=16
	0000  08 00 00 18 f0 03 02 10  00 20 00 10 09 02 00 00 |......... ......|
[1023] +34.801057 ASYNC-IN-SUBMIT ep=0x81 len=0 type=BULK (in, awaiting data)
[1024] +34.909983 ASYNC-IN-DONE ep=0x81 len=0 status=2 actual=0
[1025] +34.910078 ASYNC-IN-SUBMIT ep=0x81 len=0 type=BULK (in, awaiting data)
[1026] +35.021847 ASYNC-IN-DONE ep=0x81 len=0 status=2 actual=0
[1027] +35.021919 ASYNC-IN-SUBMIT ep=0x81 len=0 type=BULK (in, awaiting data)
[1028] +35.132399 ASYNC-IN-DONE ep=0x81 len=0 status=2 actual=0
[1029] +35.132498 ASYNC-IN-SUBMIT ep=0x81 len=0 type=BULK (in, awaiting data)
[1030] +35.244908 ASYNC-IN-DONE ep=0x81 len=0 status=2 actual=0
[1031] +35.245004 ASYNC-IN-SUBMIT ep=0x81 len=0 type=BULK (in, awaiting data)
[1032] +35.247644 ASYNC-OUT ep=0x01 len=16 type=BULK 
	0000  08 00 00 18 80 10 ed 03  00 33 00 10 fd 1a 00 00 |.........3......|
[1033] +35.247858 ASYNC-OUT-DONE ep=0x01 len=0 status=0 actual=16
[1034] +35.345641 ASYNC-IN-DONE ep=0x81 len=0 status=2 actual=0
[1035] +35.345736 ASYNC-IN-SUBMIT ep=0x81 len=0 type=BULK (in, awaiting data)
[1036] +35.402793 ASYNC-IN-DONE ep=0x81 len=16 status=0 actual=16
	0000  08 00 00 18 ed 03 80 10  00 36 00 10 ae 02 00 00 |.........6......|
[1037] +35.402901 ASYNC-IN-SUBMIT ep=0x81 len=0 type=BULK (in, awaiting data)
[1038] +35.506512 ASYNC-OUT ep=0x01 len=16 type=BULK 
	0000  08 00 00 18 01 10 ef 03  00 34 00 10 93 1e 00 00 |.........4......|
[1039] +35.506780 ASYNC-OUT-DONE ep=0x01 len=0 status=0 actual=16
[1040] +35.508393 ASYNC-IN-DONE ep=0x81 len=0 status=2 actual=0
[1041] +35.508425 ASYNC-IN-SUBMIT ep=0x81 len=0 type=BULK (in, awaiting data)
[1042] +35.603175 ASYNC-IN-DONE ep=0x81 len=16 status=0 actual=16
	0000  08 00 00 18 ef 03 01 10  00 36 00 10 65 02 00 00 |.........6..e...|
[1043] +35.603316 ASYNC-IN-SUBMIT ep=0x81 len=0 type=BULK (in, awaiting data)
[1044] +35.662690 ASYNC-OUT ep=0x01 len=16 type=BULK 
	0000  08 00 00 18 02 10 f0 03  00 20 00 10 09 10 00 00 |......... ......|
[1045] +35.663017 ASYNC-OUT-DONE ep=0x01 len=0 status=0 actual=16
[1046] +35.714745 ASYNC-IN-DONE ep=0x81 len=0 status=2 actual=0
[1047] +35.714807 ASYNC-IN-SUBMIT ep=0x81 len=0 type=BULK (in, awaiting data)
[1048] +35.804473 ASYNC-IN-DONE ep=0x81 len=16 status=0 actual=16
	0000  08 00 00 18 f0 03 02 10  00 21 00 10 09 02 00 00 |.........!......|
[1049] +35.804611 ASYNC-IN-SUBMIT ep=0x81 len=0 type=BULK (in, awaiting data)
[1050] +35.915715 ASYNC-IN-DONE ep=0x81 len=0 status=2 actual=0
[1051] +35.915798 ASYNC-IN-SUBMIT ep=0x81 len=0 type=BULK (in, awaiting data)
[1052] +36.026669 ASYNC-IN-DONE ep=0x81 len=0 status=2 actual=0
[1053] +36.026765 ASYNC-IN-SUBMIT ep=0x81 len=0 type=BULK (in, awaiting data)
[1054] +36.139424 ASYNC-IN-DONE ep=0x81 len=0 status=2 actual=0
[1055] +36.139534 ASYNC-IN-SUBMIT ep=0x81 len=0 type=BULK (in, awaiting data)
[1056] +36.249036 ASYNC-IN-DONE ep=0x81 len=0 status=2 actual=0
[1057] +36.249120 ASYNC-IN-SUBMIT ep=0x81 len=0 type=BULK (in, awaiting data)
[1058] +36.284521 ASYNC-OUT ep=0x01 len=16 type=BULK 
	0000  08 00 00 18 80 10 ed 03  00 34 00 10 fd 1a 00 00 |.........4......|
[1059] +36.284822 ASYNC-OUT-DONE ep=0x01 len=0 status=0 actual=16
[1060] +36.353486 ASYNC-IN-DONE ep=0x81 len=0 status=2 actual=0
[1061] +36.353559 ASYNC-IN-SUBMIT ep=0x81 len=0 type=BULK (in, awaiting data)
[1062] +36.406060 ASYNC-IN-DONE ep=0x81 len=16 status=0 actual=16
	0000  08 00 00 18 ed 03 80 10  00 37 00 10 ae 02 00 00 |.........7......|
[1063] +36.406195 ASYNC-IN-SUBMIT ep=0x81 len=0 type=BULK (in, awaiting data)
[1064] +36.517721 ASYNC-IN-DONE ep=0x81 len=0 status=2 actual=0
[1065] +36.517813 ASYNC-IN-SUBMIT ep=0x81 len=0 type=BULK (in, awaiting data)
[1066] +36.543582 ASYNC-OUT ep=0x01 len=16 type=BULK 
	0000  08 00 00 18 01 10 ef 03  00 35 00 10 93 1e 00 00 |.........5......|
[1067] +36.543848 ASYNC-OUT-DONE ep=0x01 len=0 status=0 actual=16
[1068] +36.606861 ASYNC-IN-DONE ep=0x81 len=16 status=0 actual=16
	0000  08 00 00 18 ef 03 01 10  00 37 00 10 65 02 00 00 |.........7..e...|
[1069] +36.606997 ASYNC-IN-SUBMIT ep=0x81 len=0 type=BULK (in, awaiting data)
[1070] +36.699447 ASYNC-OUT ep=0x01 len=16 type=BULK 
	0000  08 00 00 18 02 10 f0 03  00 21 00 10 09 10 00 00 |.........!......|
[1071] +36.699735 ASYNC-OUT-DONE ep=0x01 len=0 status=0 actual=16
[1072] +36.715299 ASYNC-IN-DONE ep=0x81 len=0 status=2 actual=0
[1073] +36.715350 ASYNC-IN-SUBMIT ep=0x81 len=0 type=BULK (in, awaiting data)
[1074] +36.807346 ASYNC-IN-DONE ep=0x81 len=16 status=0 actual=16
	0000  08 00 00 18 f0 03 02 10  00 22 00 10 09 02 00 00 |........."......|
[1075] +36.807470 ASYNC-IN-SUBMIT ep=0x81 len=0 type=BULK (in, awaiting data)
[1076] +36.919943 ASYNC-IN-DONE ep=0x81 len=0 status=2 actual=0
[1077] +36.920040 ASYNC-IN-SUBMIT ep=0x81 len=0 type=BULK (in, awaiting data)
[1078] +37.032271 ASYNC-IN-DONE ep=0x81 len=0 status=2 actual=0
[1079] +37.032357 ASYNC-IN-SUBMIT ep=0x81 len=0 type=BULK (in, awaiting data)
[1080] +37.144946 ASYNC-IN-DONE ep=0x81 len=0 status=2 actual=0
[1081] +37.145044 ASYNC-IN-SUBMIT ep=0x81 len=0 type=BULK (in, awaiting data)
[1082] +37.257445 ASYNC-IN-DONE ep=0x81 len=0 status=2 actual=0
[1083] +37.257490 ASYNC-IN-SUBMIT ep=0x81 len=0 type=BULK (in, awaiting data)
[1084] +37.320619 ASYNC-OUT ep=0x01 len=16 type=BULK 
	0000  08 00 00 18 80 10 ed 03  00 35 00 10 fd 1a 00 00 |.........5......|
[1085] +37.320945 ASYNC-OUT-DONE ep=0x01 len=0 status=0 actual=16
[1086] +37.370288 ASYNC-IN-DONE ep=0x81 len=0 status=2 actual=0
[1087] +37.370362 ASYNC-IN-SUBMIT ep=0x81 len=0 type=BULK (in, awaiting data)
[1088] +37.409307 ASYNC-IN-DONE ep=0x81 len=16 status=0 actual=16
	0000  08 00 00 18 ed 03 80 10  00 38 00 10 ae 02 00 00 |.........8......|
[1089] +37.409402 ASYNC-IN-SUBMIT ep=0x81 len=0 type=BULK (in, awaiting data)
[1090] +37.519039 ASYNC-IN-DONE ep=0x81 len=0 status=2 actual=0
[1091] +37.519127 ASYNC-IN-SUBMIT ep=0x81 len=0 type=BULK (in, awaiting data)
[1092] +37.579947 ASYNC-OUT ep=0x01 len=16 type=BULK 
	0000  08 00 00 18 01 10 ef 03  00 36 00 10 93 1e 00 00 |.........6......|
[1093] +37.580243 ASYNC-OUT-DONE ep=0x01 len=0 status=0 actual=16
[1094] +37.610129 ASYNC-IN-DONE ep=0x81 len=16 status=0 actual=16
	0000  08 00 00 18 ef 03 01 10  00 38 00 10 65 02 00 00 |.........8..e...|
[1095] +37.610246 ASYNC-IN-SUBMIT ep=0x81 len=0 type=BULK (in, awaiting data)
[1096] +37.719495 ASYNC-IN-DONE ep=0x81 len=0 status=2 actual=0
[1097] +37.719573 ASYNC-IN-SUBMIT ep=0x81 len=0 type=BULK (in, awaiting data)
[1098] +37.736061 ASYNC-OUT ep=0x01 len=16 type=BULK 
	0000  08 00 00 18 02 10 f0 03  00 22 00 10 09 10 00 00 |........."......|
[1099] +37.736274 ASYNC-OUT-DONE ep=0x01 len=0 status=0 actual=16
[1100] +37.810914 ASYNC-IN-DONE ep=0x81 len=16 status=0 actual=16
	0000  08 00 00 18 f0 03 02 10  00 23 00 10 09 02 00 00 |.........#......|
[1101] +37.811033 ASYNC-IN-SUBMIT ep=0x81 len=0 type=BULK (in, awaiting data)
[1102] +37.923849 ASYNC-IN-DONE ep=0x81 len=0 status=2 actual=0
[1103] +37.923924 ASYNC-IN-SUBMIT ep=0x81 len=0 type=BULK (in, awaiting data)
[1104] +38.036541 ASYNC-IN-DONE ep=0x81 len=0 status=2 actual=0
[1105] +38.036610 ASYNC-IN-SUBMIT ep=0x81 len=0 type=BULK (in, awaiting data)
[1106] +38.149398 ASYNC-IN-DONE ep=0x81 len=0 status=2 actual=0
[1107] +38.149453 ASYNC-IN-SUBMIT ep=0x81 len=0 type=BULK (in, awaiting data)
[1108] +38.262317 ASYNC-IN-DONE ep=0x81 len=0 status=2 actual=0
[1109] +38.262412 ASYNC-IN-SUBMIT ep=0x81 len=0 type=BULK (in, awaiting data)
[1110] +38.356466 ASYNC-OUT ep=0x01 len=16 type=BULK 
	0000  08 00 00 18 80 10 ed 03  00 36 00 10 fd 1a 00 00 |.........6......|
[1111] +38.356818 ASYNC-OUT-DONE ep=0x01 len=0 status=0 actual=16
[1112] +38.368668 ASYNC-IN-DONE ep=0x81 len=0 status=2 actual=0
[1113] +38.368749 ASYNC-IN-SUBMIT ep=0x81 len=0 type=BULK (in, awaiting data)
[1114] +38.412504 ASYNC-IN-DONE ep=0x81 len=16 status=0 actual=16
	0000  08 00 00 18 ed 03 80 10  00 39 00 10 ae 02 00 00 |.........9......|
[1115] +38.412636 ASYNC-IN-SUBMIT ep=0x81 len=0 type=BULK (in, awaiting data)
[1116] +38.523448 ASYNC-IN-DONE ep=0x81 len=0 status=2 actual=0
[1117] +38.523558 ASYNC-IN-SUBMIT ep=0x81 len=0 type=BULK (in, awaiting data)
[1118] +38.613198 ASYNC-IN-DONE ep=0x81 len=16 status=0 actual=16
	0000  08 00 00 18 ef 03 01 10  00 39 00 10 65 02 00 00 |.........9..e...|
[1119] +38.613338 ASYNC-IN-SUBMIT ep=0x81 len=0 type=BULK (in, awaiting data)
[1120] +38.614958 ASYNC-OUT ep=0x01 len=16 type=BULK 
	0000  08 00 00 18 01 10 ef 03  00 37 00 10 93 1e 00 00 |.........7......|
[1121] +38.615167 ASYNC-OUT-DONE ep=0x01 len=0 status=0 actual=16
[1122] +38.719457 ASYNC-IN-DONE ep=0x81 len=0 status=2 actual=0
[1123] +38.719529 ASYNC-IN-SUBMIT ep=0x81 len=0 type=BULK (in, awaiting data)
[1124] +38.771136 ASYNC-OUT ep=0x01 len=16 type=BULK 
	0000  08 00 00 18 02 10 f0 03  00 23 00 10 09 10 00 00 |.........#......|
[1125] +38.771386 ASYNC-OUT-DONE ep=0x01 len=0 status=0 actual=16
[1126] +38.814147 ASYNC-IN-DONE ep=0x81 len=16 status=0 actual=16
	0000  08 00 00 18 f0 03 02 10  00 24 00 10 09 02 00 00 |.........$......|
[1127] +38.814285 ASYNC-IN-SUBMIT ep=0x81 len=0 type=BULK (in, awaiting data)
[1128] +38.924180 ASYNC-IN-DONE ep=0x81 len=0 status=2 actual=0
[1129] +38.924293 ASYNC-IN-SUBMIT ep=0x81 len=0 type=BULK (in, awaiting data)
[1130] +39.030431 ASYNC-IN-DONE ep=0x81 len=0 status=2 actual=0
[1131] +39.030548 ASYNC-IN-SUBMIT ep=0x81 len=0 type=BULK (in, awaiting data)
[1132] +39.134567 ASYNC-IN-DONE ep=0x81 len=0 status=2 actual=0
[1133] +39.134754 ASYNC-IN-SUBMIT ep=0x81 len=0 type=BULK (in, awaiting data)
[1134] +39.238624 ASYNC-IN-DONE ep=0x81 len=0 status=2 actual=0
[1135] +39.238691 ASYNC-IN-SUBMIT ep=0x81 len=0 type=BULK (in, awaiting data)
[1136] +39.340310 ASYNC-IN-DONE ep=0x81 len=0 status=2 actual=0
[1137] +39.340417 ASYNC-IN-SUBMIT ep=0x81 len=0 type=BULK (in, awaiting data)
[1138] +39.394661 ASYNC-OUT ep=0x01 len=16 type=BULK 
	0000  08 00 00 18 80 10 ed 03  00 37 00 10 fd 1a 00 00 |.........7......|
[1139] +39.395031 ASYNC-OUT-DONE ep=0x01 len=0 status=0 actual=16
[1140] +39.416054 ASYNC-IN-DONE ep=0x81 len=16 status=0 actual=16
	0000  08 00 00 18 ed 03 80 10  00 3a 00 10 ae 02 00 00 |.........:......|
[1141] +39.416115 ASYNC-IN-SUBMIT ep=0x81 len=0 type=BULK (in, awaiting data)
[1142] +39.523201 ASYNC-IN-DONE ep=0x81 len=0 status=2 actual=0
[1143] +39.523308 ASYNC-IN-SUBMIT ep=0x81 len=0 type=BULK (in, awaiting data)
[1144] +39.617235 ASYNC-IN-DONE ep=0x81 len=16 status=0 actual=16
	0000  08 00 00 18 ef 03 01 10  00 3a 00 10 65 02 00 00 |.........:..e...|
[1145] +39.617369 ASYNC-IN-SUBMIT ep=0x81 len=0 type=BULK (in, awaiting data)
[1146] +39.654681 ASYNC-OUT ep=0x01 len=16 type=BULK 
	0000  08 00 00 18 01 10 ef 03  00 38 00 10 93 1e 00 00 |.........8......|
[1147] +39.654929 ASYNC-OUT-DONE ep=0x01 len=0 status=0 actual=16
[1148] +39.730165 ASYNC-IN-DONE ep=0x81 len=0 status=2 actual=0
[1149] +39.730246 ASYNC-IN-SUBMIT ep=0x81 len=0 type=BULK (in, awaiting data)
[1150] +39.810684 ASYNC-OUT ep=0x01 len=16 type=BULK 
	0000  08 00 00 18 02 10 f0 03  00 24 00 10 09 10 00 00 |.........$......|
[1151] +39.811039 ASYNC-OUT-DONE ep=0x01 len=0 status=0 actual=16
[1152] +39.817567 ASYNC-IN-DONE ep=0x81 len=16 status=0 actual=16
	0000  08 00 00 18 f0 03 02 10  00 25 00 10 09 02 00 00 |.........%......|
[1153] +39.817659 ASYNC-IN-SUBMIT ep=0x81 len=0 type=BULK (in, awaiting data)
[1154] +39.923252 ASYNC-IN-DONE ep=0x81 len=0 status=2 actual=0
[1155] +39.923414 ASYNC-IN-SUBMIT ep=0x81 len=0 type=BULK (in, awaiting data)
[1156] +40.032421 ASYNC-IN-DONE ep=0x81 len=0 status=2 actual=0
[1157] +40.032493 ASYNC-IN-SUBMIT ep=0x81 len=0 type=BULK (in, awaiting data)
[1158] +40.145228 ASYNC-IN-DONE ep=0x81 len=0 status=2 actual=0
[1159] +40.145303 ASYNC-IN-SUBMIT ep=0x81 len=0 type=BULK (in, awaiting data)
[1160] +40.256250 ASYNC-IN-DONE ep=0x81 len=0 status=2 actual=0
[1161] +40.256432 ASYNC-IN-SUBMIT ep=0x81 len=0 type=BULK (in, awaiting data)
[1162] +40.367308 ASYNC-IN-DONE ep=0x81 len=0 status=2 actual=0
[1163] +40.367384 ASYNC-IN-SUBMIT ep=0x81 len=0 type=BULK (in, awaiting data)
[1164] +40.420162 ASYNC-IN-DONE ep=0x81 len=16 status=0 actual=16
	0000  08 00 00 18 ed 03 80 10  00 3b 00 10 ae 02 00 00 |.........;......|
[1165] +40.420282 ASYNC-IN-SUBMIT ep=0x81 len=0 type=BULK (in, awaiting data)
[1166] +40.432706 ASYNC-OUT ep=0x01 len=16 type=BULK 
	0000  08 00 00 18 80 10 ed 03  00 38 00 10 fd 1a 00 00 |.........8......|
[1167] +40.432994 ASYNC-OUT-DONE ep=0x01 len=0 status=0 actual=16
[1168] +40.531256 ASYNC-IN-DONE ep=0x81 len=0 status=2 actual=0
[1169] +40.531286 ASYNC-IN-SUBMIT ep=0x81 len=0 type=BULK (in, awaiting data)
[1170] +40.620591 ASYNC-IN-DONE ep=0x81 len=16 status=0 actual=16
	0000  08 00 00 18 ef 03 01 10  00 3b 00 10 65 02 00 00 |.........;..e...|
[1171] +40.620679 ASYNC-IN-SUBMIT ep=0x81 len=0 type=BULK (in, awaiting data)
[1172] +40.691733 ASYNC-OUT ep=0x01 len=16 type=BULK 
	0000  08 00 00 18 01 10 ef 03  00 39 00 10 93 1e 00 00 |.........9......|
[1173] +40.692045 ASYNC-OUT-DONE ep=0x01 len=0 status=0 actual=16
[1174] +40.733430 ASYNC-IN-DONE ep=0x81 len=0 status=2 actual=0
[1175] +40.733506 ASYNC-IN-SUBMIT ep=0x81 len=0 type=BULK (in, awaiting data)
[1176] +40.821311 ASYNC-IN-DONE ep=0x81 len=16 status=0 actual=16
	0000  08 00 00 18 f0 03 02 10  00 26 00 10 09 02 00 00 |.........&......|
[1177] +40.821436 ASYNC-IN-SUBMIT ep=0x81 len=0 type=BULK (in, awaiting data)
[1178] +40.847848 ASYNC-OUT ep=0x01 len=16 type=BULK 
	0000  08 00 00 18 02 10 f0 03  00 25 00 10 09 10 00 00 |.........%......|
[1179] +40.848094 ASYNC-OUT-DONE ep=0x01 len=0 status=0 actual=16
[1180] +40.933083 ASYNC-IN-DONE ep=0x81 len=0 status=2 actual=0
[1181] +40.933145 ASYNC-IN-SUBMIT ep=0x81 len=0 type=BULK (in, awaiting data)
[1182] +41.039615 ASYNC-IN-DONE ep=0x81 len=0 status=2 actual=0
[1183] +41.039686 ASYNC-IN-SUBMIT ep=0x81 len=0 type=BULK (in, awaiting data)
[1184] +41.141377 ASYNC-IN-DONE ep=0x81 len=0 status=2 actual=0
[1185] +41.141455 ASYNC-IN-SUBMIT ep=0x81 len=0 type=BULK (in, awaiting data)
[1186] +41.241931 ASYNC-IN-DONE ep=0x81 len=0 status=2 actual=0
[1187] +41.242026 ASYNC-IN-SUBMIT ep=0x81 len=0 type=BULK (in, awaiting data)
[1188] +41.342587 ASYNC-IN-DONE ep=0x81 len=0 status=2 actual=0
[1189] +41.342633 ASYNC-IN-SUBMIT ep=0x81 len=0 type=BULK (in, awaiting data)
[1190] +41.423266 ASYNC-IN-DONE ep=0x81 len=16 status=0 actual=16
	0000  08 00 00 18 ed 03 80 10  00 3c 00 10 ae 02 00 00 |.........<......|
[1191] +41.423358 ASYNC-IN-SUBMIT ep=0x81 len=0 type=BULK (in, awaiting data)
[1192] +41.470671 ASYNC-OUT ep=0x01 len=16 type=BULK 
	0000  08 00 00 18 80 10 ed 03  00 39 00 10 fd 1a 00 00 |.........9......|
[1193] +41.471007 ASYNC-OUT-DONE ep=0x01 len=0 status=0 actual=16
[1194] +41.535266 ASYNC-IN-DONE ep=0x81 len=0 status=2 actual=0
[1195] +41.535334 ASYNC-IN-SUBMIT ep=0x81 len=0 type=BULK (in, awaiting data)
[1196] +41.623967 ASYNC-IN-DONE ep=0x81 len=16 status=0 actual=16
	0000  08 00 00 18 ef 03 01 10  00 3c 00 10 65 02 00 00 |.........<..e...|
[1197] +41.624085 ASYNC-IN-SUBMIT ep=0x81 len=0 type=BULK (in, awaiting data)
[1198] +41.724763 ASYNC-IN-DONE ep=0x81 len=0 status=2 actual=0
[1199] +41.724872 ASYNC-IN-SUBMIT ep=0x81 len=0 type=BULK (in, awaiting data)
[1200] +41.729278 ASYNC-OUT ep=0x01 len=16 type=BULK 
	0000  08 00 00 18 01 10 ef 03  00 3a 00 10 93 1e 00 00 |.........:......|
[1201] +41.729494 ASYNC-OUT-DONE ep=0x01 len=0 status=0 actual=16
[1202] +41.824480 ASYNC-IN-DONE ep=0x81 len=16 status=0 actual=16
	0000  08 00 00 18 f0 03 02 10  00 27 00 10 09 02 00 00 |.........'......|
[1203] +41.824626 ASYNC-IN-SUBMIT ep=0x81 len=0 type=BULK (in, awaiting data)
[1204] +41.884333 ASYNC-OUT ep=0x01 len=16 type=BULK 
	0000  08 00 00 18 02 10 f0 03  00 26 00 10 09 10 00 00 |.........&......|
[1205] +41.884605 ASYNC-OUT-DONE ep=0x01 len=0 status=0 actual=16
[1206] +41.928926 ASYNC-IN-DONE ep=0x81 len=0 status=2 actual=0
[1207] +41.929005 ASYNC-IN-SUBMIT ep=0x81 len=0 type=BULK (in, awaiting data)
[1208] +42.040701 ASYNC-IN-DONE ep=0x81 len=0 status=2 actual=0
[1209] +42.040777 ASYNC-IN-SUBMIT ep=0x81 len=0 type=BULK (in, awaiting data)
[1210] +42.144719 ASYNC-IN-DONE ep=0x81 len=0 status=2 actual=0
[1211] +42.144815 ASYNC-IN-SUBMIT ep=0x81 len=0 type=BULK (in, awaiting data)
[1212] +42.253356 ASYNC-IN-DONE ep=0x81 len=0 status=2 actual=0
[1213] +42.253453 ASYNC-IN-SUBMIT ep=0x81 len=0 type=BULK (in, awaiting data)
[1214] +42.362233 ASYNC-IN-DONE ep=0x81 len=0 status=2 actual=0
[1215] +42.362328 ASYNC-IN-SUBMIT ep=0x81 len=0 type=BULK (in, awaiting data)
[1216] +42.426102 ASYNC-IN-DONE ep=0x81 len=16 status=0 actual=16
	0000  08 00 00 18 ed 03 80 10  00 3d 00 10 ae 02 00 00 |.........=......|
[1217] +42.426246 ASYNC-IN-SUBMIT ep=0x81 len=0 type=BULK (in, awaiting data)
[1218] +42.508820 ASYNC-OUT ep=0x01 len=16 type=BULK 
	0000  08 00 00 18 80 10 ed 03  00 3a 00 10 fd 1a 00 00 |.........:......|
[1219] +42.509147 ASYNC-OUT-DONE ep=0x01 len=0 status=0 actual=16
[1220] +42.536657 ASYNC-IN-DONE ep=0x81 len=0 status=2 actual=0
[1221] +42.536725 ASYNC-IN-SUBMIT ep=0x81 len=0 type=BULK (in, awaiting data)
[1222] +42.627232 ASYNC-IN-DONE ep=0x81 len=16 status=0 actual=16
	0000  08 00 00 18 ef 03 01 10  00 3d 00 10 65 02 00 00 |.........=..e...|
[1223] +42.627341 ASYNC-IN-SUBMIT ep=0x81 len=0 type=BULK (in, awaiting data)
[1224] +42.739559 ASYNC-IN-DONE ep=0x81 len=0 status=2 actual=0
[1225] +42.739663 ASYNC-IN-SUBMIT ep=0x81 len=0 type=BULK (in, awaiting data)
[1226] +42.768152 ASYNC-OUT ep=0x01 len=16 type=BULK 
	0000  08 00 00 18 01 10 ef 03  00 3b 00 10 93 1e 00 00 |.........;......|
[1227] +42.768448 ASYNC-OUT-DONE ep=0x01 len=0 status=0 actual=16
[1228] +42.827671 ASYNC-IN-DONE ep=0x81 len=16 status=0 actual=16
	0000  08 00 00 18 f0 03 02 10  00 28 00 10 09 02 00 00 |.........(......|
[1229] +42.827790 ASYNC-IN-SUBMIT ep=0x81 len=0 type=BULK (in, awaiting data)
[1230] +42.923506 ASYNC-OUT ep=0x01 len=16 type=BULK 
	0000  08 00 00 18 02 10 f0 03  00 27 00 10 09 10 00 00 |.........'......|
[1231] +42.923844 ASYNC-OUT-DONE ep=0x01 len=0 status=0 actual=16
[1232] +42.940567 ASYNC-IN-DONE ep=0x81 len=0 status=2 actual=0
[1233] +42.940658 ASYNC-IN-SUBMIT ep=0x81 len=0 type=BULK (in, awaiting data)
[1234] +43.041743 ASYNC-IN-DONE ep=0x81 len=0 status=2 actual=0
[1235] +43.041853 ASYNC-IN-SUBMIT ep=0x81 len=0 type=BULK (in, awaiting data)
[1236] +43.154724 ASYNC-IN-DONE ep=0x81 len=0 status=2 actual=0
[1237] +43.154821 ASYNC-IN-SUBMIT ep=0x81 len=0 type=BULK (in, awaiting data)
[1238] +43.259545 ASYNC-IN-DONE ep=0x81 len=0 status=2 actual=0
[1239] +43.259622 ASYNC-IN-SUBMIT ep=0x81 len=0 type=BULK (in, awaiting data)
[1240] +43.364257 ASYNC-IN-DONE ep=0x81 len=0 status=2 actual=0
[1241] +43.364356 ASYNC-IN-SUBMIT ep=0x81 len=0 type=BULK (in, awaiting data)
[1242] +43.429425 ASYNC-IN-DONE ep=0x81 len=16 status=0 actual=16
	0000  08 00 00 18 ed 03 80 10  00 3e 00 10 ae 02 00 00 |.........>......|
[1243] +43.429553 ASYNC-IN-SUBMIT ep=0x81 len=0 type=BULK (in, awaiting data)
[1244] +43.542386 ASYNC-IN-DONE ep=0x81 len=0 status=2 actual=0
[1245] +43.542469 ASYNC-IN-SUBMIT ep=0x81 len=0 type=BULK (in, awaiting data)
[1246] +43.545983 ASYNC-OUT ep=0x01 len=16 type=BULK 
	0000  08 00 00 18 80 10 ed 03  00 3b 00 10 fd 1a 00 00 |.........;......|
[1247] +43.546190 ASYNC-OUT-DONE ep=0x01 len=0 status=0 actual=16
[1248] +43.630016 ASYNC-IN-DONE ep=0x81 len=16 status=0 actual=16
	0000  08 00 00 18 ef 03 01 10  00 3e 00 10 65 02 00 00 |.........>..e...|
[1249] +43.630126 ASYNC-IN-SUBMIT ep=0x81 len=0 type=BULK (in, awaiting data)
[1250] +43.741958 ASYNC-IN-DONE ep=0x81 len=0 status=2 actual=0
[1251] +43.742171 ASYNC-IN-SUBMIT ep=0x81 len=0 type=BULK (in, awaiting data)
[1252] +43.806325 ASYNC-OUT ep=0x01 len=16 type=BULK 
	0000  08 00 00 18 01 10 ef 03  00 3c 00 10 93 1e 00 00 |.........<......|
[1253] +43.806638 ASYNC-OUT-DONE ep=0x01 len=0 status=0 actual=16
[1254] +43.830875 ASYNC-IN-DONE ep=0x81 len=16 status=0 actual=16
	0000  08 00 00 18 f0 03 02 10  00 29 00 10 09 02 00 00 |.........)......|
[1255] +43.830984 ASYNC-IN-SUBMIT ep=0x81 len=0 type=BULK (in, awaiting data)
[1256] +43.934067 ASYNC-IN-DONE ep=0x81 len=0 status=2 actual=0
[1257] +43.934149 ASYNC-IN-SUBMIT ep=0x81 len=0 type=BULK (in, awaiting data)
[1258] +43.962486 ASYNC-OUT ep=0x01 len=16 type=BULK 
	0000  08 00 00 18 02 10 f0 03  00 28 00 10 09 10 00 00 |.........(......|
[1259] +43.962783 ASYNC-OUT-DONE ep=0x01 len=0 status=0 actual=16
[1260] +44.042763 ASYNC-IN-DONE ep=0x81 len=0 status=2 actual=0
[1261] +44.042843 ASYNC-IN-SUBMIT ep=0x81 len=0 type=BULK (in, awaiting data)
[1262] +44.153754 ASYNC-IN-DONE ep=0x81 len=0 status=2 actual=0
[1263] +44.153869 ASYNC-IN-SUBMIT ep=0x81 len=0 type=BULK (in, awaiting data)
[1264] +44.255982 ASYNC-IN-DONE ep=0x81 len=0 status=2 actual=0
[1265] +44.256048 ASYNC-IN-SUBMIT ep=0x81 len=0 type=BULK (in, awaiting data)
[1266] +44.359137 ASYNC-IN-DONE ep=0x81 len=0 status=2 actual=0
[1267] +44.359205 ASYNC-IN-SUBMIT ep=0x81 len=0 type=BULK (in, awaiting data)
[1268] +44.432932 ASYNC-IN-DONE ep=0x81 len=16 status=0 actual=16
	0000  08 00 00 18 ed 03 80 10  00 3f 00 10 ae 02 00 00 |.........?......|
[1269] +44.433058 ASYNC-IN-SUBMIT ep=0x81 len=0 type=BULK (in, awaiting data)
[1270] +44.545026 ASYNC-IN-DONE ep=0x81 len=0 status=2 actual=0
[1271] +44.545111 ASYNC-IN-SUBMIT ep=0x81 len=0 type=BULK (in, awaiting data)
[1272] +44.586724 ASYNC-OUT ep=0x01 len=16 type=BULK 
	0000  08 00 00 18 80 10 ed 03  00 3c 00 10 fd 1a 00 00 |.........<......|
[1273] +44.587067 ASYNC-OUT-DONE ep=0x01 len=0 status=0 actual=16
[1274] +44.633619 ASYNC-IN-DONE ep=0x81 len=16 status=0 actual=16
	0000  08 00 00 18 ef 03 01 10  00 3f 00 10 65 02 00 00 |.........?..e...|
[1275] +44.633735 ASYNC-IN-SUBMIT ep=0x81 len=0 type=BULK (in, awaiting data)
[1276] +44.743068 ASYNC-IN-DONE ep=0x81 len=0 status=2 actual=0
[1277] +44.743134 ASYNC-IN-SUBMIT ep=0x81 len=0 type=BULK (in, awaiting data)
[1278] +44.834098 ASYNC-IN-DONE ep=0x81 len=16 status=0 actual=16
	0000  08 00 00 18 f0 03 02 10  00 2a 00 10 09 02 00 00 |.........*......|
[1279] +44.834229 ASYNC-IN-SUBMIT ep=0x81 len=0 type=BULK (in, awaiting data)
[1280] +44.846987 ASYNC-OUT ep=0x01 len=16 type=BULK 
	0000  08 00 00 18 01 10 ef 03  00 3d 00 10 93 1e 00 00 |.........=......|
[1281] +44.847277 ASYNC-OUT-DONE ep=0x01 len=0 status=0 actual=16
[1282] +44.947029 ASYNC-IN-DONE ep=0x81 len=0 status=2 actual=0
[1283] +44.947130 ASYNC-IN-SUBMIT ep=0x81 len=0 type=BULK (in, awaiting data)
[1284] +45.002455 ASYNC-OUT ep=0x01 len=16 type=BULK 
	0000  08 00 00 18 02 10 f0 03  00 29 00 10 09 10 00 00 |.........)......|
[1285] +45.002717 ASYNC-OUT-DONE ep=0x01 len=0 status=0 actual=16
[1286] +45.054616 ASYNC-IN-DONE ep=0x81 len=0 status=2 actual=0
[1287] +45.054703 ASYNC-IN-SUBMIT ep=0x81 len=0 type=BULK (in, awaiting data)
[1288] +45.163512 ASYNC-IN-DONE ep=0x81 len=0 status=2 actual=0
[1289] +45.163575 ASYNC-IN-SUBMIT ep=0x81 len=0 type=BULK (in, awaiting data)
[1290] +45.274258 ASYNC-IN-DONE ep=0x81 len=0 status=2 actual=0
[1291] +45.274362 ASYNC-IN-SUBMIT ep=0x81 len=0 type=BULK (in, awaiting data)
[1292] +45.381710 ASYNC-IN-DONE ep=0x81 len=0 status=2 actual=0
[1293] +45.381793 ASYNC-IN-SUBMIT ep=0x81 len=0 type=BULK (in, awaiting data)
[1294] +45.435991 ASYNC-IN-DONE ep=0x81 len=16 status=0 actual=16
	0000  08 00 00 18 ed 03 80 10  00 40 00 10 ae 02 00 00 |.........@......|
[1295] +45.436095 ASYNC-IN-SUBMIT ep=0x81 len=0 type=BULK (in, awaiting data)
[1296] +45.548893 ASYNC-IN-DONE ep=0x81 len=0 status=2 actual=0
[1297] +45.548975 ASYNC-IN-SUBMIT ep=0x81 len=0 type=BULK (in, awaiting data)
[1298] +45.625088 ASYNC-OUT ep=0x01 len=16 type=BULK 
	0000  08 00 00 18 80 10 ed 03  00 3d 00 10 fd 1a 00 00 |.........=......|
[1299] +45.625391 ASYNC-OUT-DONE ep=0x01 len=0 status=0 actual=16
[1300] +45.636845 ASYNC-IN-DONE ep=0x81 len=16 status=0 actual=16
	0000  08 00 00 18 ef 03 01 10  00 40 00 10 65 02 00 00 |.........@..e...|
[1301] +45.636912 ASYNC-IN-SUBMIT ep=0x81 len=0 type=BULK (in, awaiting data)
[1302] +45.748922 ASYNC-IN-DONE ep=0x81 len=0 status=2 actual=0
[1303] +45.749005 ASYNC-IN-SUBMIT ep=0x81 len=0 type=BULK (in, awaiting data)
[1304] +45.837765 ASYNC-IN-DONE ep=0x81 len=16 status=0 actual=16
	0000  08 00 00 18 f0 03 02 10  00 2b 00 10 09 02 00 00 |.........+......|
[1305] +45.837920 ASYNC-IN-SUBMIT ep=0x81 len=0 type=BULK (in, awaiting data)
[1306] +45.884891 ASYNC-OUT ep=0x01 len=16 type=BULK 
	0000  08 00 00 18 01 10 ef 03  00 3e 00 10 93 1e 00 00 |.........>......|
[1307] +45.885249 ASYNC-OUT-DONE ep=0x01 len=0 status=0 actual=16
[1308] +45.943091 ASYNC-IN-DONE ep=0x81 len=0 status=2 actual=0
[1309] +45.943185 ASYNC-IN-SUBMIT ep=0x81 len=0 type=BULK (in, awaiting data)
[1310] +46.041047 ASYNC-OUT ep=0x01 len=16 type=BULK 
	0000  08 00 00 18 02 10 f0 03  00 2a 00 10 09 10 00 00 |.........*......|
[1311] +46.041340 ASYNC-OUT-DONE ep=0x01 len=0 status=0 actual=16
[1312] +46.044820 ASYNC-IN-DONE ep=0x81 len=0 status=2 actual=0
[1313] +46.044874 ASYNC-IN-SUBMIT ep=0x81 len=0 type=BULK (in, awaiting data)
[1314] +46.157725 ASYNC-IN-DONE ep=0x81 len=0 status=2 actual=0
[1315] +46.157846 ASYNC-IN-SUBMIT ep=0x81 len=0 type=BULK (in, awaiting data)
[1316] +46.266335 ASYNC-IN-DONE ep=0x81 len=0 status=2 actual=0
[1317] +46.266398 ASYNC-IN-SUBMIT ep=0x81 len=0 type=BULK (in, awaiting data)
[1318] +46.369876 ASYNC-IN-DONE ep=0x81 len=0 status=2 actual=0
[1319] +46.369952 ASYNC-IN-SUBMIT ep=0x81 len=0 type=BULK (in, awaiting data)
[1320] +46.439879 ASYNC-IN-DONE ep=0x81 len=16 status=0 actual=16
	0000  08 00 00 18 ed 03 80 10  00 41 00 10 ae 02 00 00 |.........A......|
[1321] +46.440012 ASYNC-IN-SUBMIT ep=0x81 len=0 type=BULK (in, awaiting data)
[1322] +46.546805 ASYNC-IN-DONE ep=0x81 len=0 status=2 actual=0
[1323] +46.546883 ASYNC-IN-SUBMIT ep=0x81 len=0 type=BULK (in, awaiting data)
[1324] +46.640285 ASYNC-IN-DONE ep=0x81 len=16 status=0 actual=16
	0000  08 00 00 18 ef 03 01 10  00 41 00 10 65 02 00 00 |.........A..e...|
[1325] +46.640410 ASYNC-IN-SUBMIT ep=0x81 len=0 type=BULK (in, awaiting data)
[1326] +46.664375 ASYNC-OUT ep=0x01 len=16 type=BULK 
	0000  08 00 00 18 80 10 ed 03  00 3e 00 10 fd 1a 00 00 |.........>......|
[1327] +46.664672 ASYNC-OUT-DONE ep=0x01 len=0 status=0 actual=16
[1328] +46.749260 ASYNC-IN-DONE ep=0x81 len=0 status=2 actual=0
[1329] +46.749345 ASYNC-IN-SUBMIT ep=0x81 len=0 type=BULK (in, awaiting data)
[1330] +46.840856 ASYNC-IN-DONE ep=0x81 len=16 status=0 actual=16
	0000  08 00 00 18 f0 03 02 10  00 2c 00 10 09 02 00 00 |.........,......|
[1331] +46.840998 ASYNC-IN-SUBMIT ep=0x81 len=0 type=BULK (in, awaiting data)
[1332] +46.923951 ASYNC-OUT ep=0x01 len=16 type=BULK 
	0000  08 00 00 18 01 10 ef 03  00 3f 00 10 93 1e 00 00 |.........?......|
[1333] +46.924222 ASYNC-OUT-DONE ep=0x01 len=0 status=0 actual=16
[1334] +46.950093 ASYNC-IN-DONE ep=0x81 len=0 status=2 actual=0
[1335] +46.950147 ASYNC-IN-SUBMIT ep=0x81 len=0 type=BULK (in, awaiting data)
[1336] +47.059909 ASYNC-IN-DONE ep=0x81 len=0 status=2 actual=0
[1337] +47.060009 ASYNC-IN-SUBMIT ep=0x81 len=0 type=BULK (in, awaiting data)
[1338] +47.080097 ASYNC-OUT ep=0x01 len=16 type=BULK 
	0000  08 00 00 18 02 10 f0 03  00 2b 00 10 09 10 00 00 |.........+......|
[1339] +47.080341 ASYNC-OUT-DONE ep=0x01 len=0 status=0 actual=16
[1340] +47.166709 ASYNC-IN-DONE ep=0x81 len=0 status=2 actual=0
[1341] +47.166812 ASYNC-IN-SUBMIT ep=0x81 len=0 type=BULK (in, awaiting data)
[1342] +47.272888 ASYNC-IN-DONE ep=0x81 len=0 status=2 actual=0
[1343] +47.272959 ASYNC-IN-SUBMIT ep=0x81 len=0 type=BULK (in, awaiting data)
[1344] +47.383485 ASYNC-IN-DONE ep=0x81 len=0 status=2 actual=0
[1345] +47.383568 ASYNC-IN-SUBMIT ep=0x81 len=0 type=BULK (in, awaiting data)
[1346] +47.442711 ASYNC-IN-DONE ep=0x81 len=16 status=0 actual=16
	0000  08 00 00 18 ed 03 80 10  00 42 00 10 ae 02 00 00 |.........B......|
[1347] +47.442861 ASYNC-IN-SUBMIT ep=0x81 len=0 type=BULK (in, awaiting data)
[1348] +47.546079 ASYNC-IN-DONE ep=0x81 len=0 status=2 actual=0
[1349] +47.546159 ASYNC-IN-SUBMIT ep=0x81 len=0 type=BULK (in, awaiting data)
[1350] +47.643837 ASYNC-IN-DONE ep=0x81 len=16 status=0 actual=16
	0000  08 00 00 18 ef 03 01 10  00 42 00 10 65 02 00 00 |.........B..e...|
[1351] +47.643953 ASYNC-IN-SUBMIT ep=0x81 len=0 type=BULK (in, awaiting data)
[1352] +47.702720 ASYNC-OUT ep=0x01 len=16 type=BULK 
	0000  08 00 00 18 80 10 ed 03  00 3f 00 10 fd 1a 00 00 |.........?......|
[1353] +47.703018 ASYNC-OUT-DONE ep=0x01 len=0 status=0 actual=16
[1354] +47.754828 ASYNC-IN-DONE ep=0x81 len=0 status=2 actual=0
[1355] +47.754897 ASYNC-IN-SUBMIT ep=0x81 len=0 type=BULK (in, awaiting data)
[1356] +47.844289 ASYNC-IN-DONE ep=0x81 len=16 status=0 actual=16
	0000  08 00 00 18 f0 03 02 10  00 2d 00 10 09 02 00 00 |.........-......|
[1357] +47.844420 ASYNC-IN-SUBMIT ep=0x81 len=0 type=BULK (in, awaiting data)
[1358] +47.955028 ASYNC-IN-DONE ep=0x81 len=0 status=2 actual=0
[1359] +47.955130 ASYNC-IN-SUBMIT ep=0x81 len=0 type=BULK (in, awaiting data)
[1360] +47.962918 ASYNC-OUT ep=0x01 len=16 type=BULK 
	0000  08 00 00 18 01 10 ef 03  00 40 00 10 93 1e 00 00 |.........@......|
[1361] +47.963190 ASYNC-OUT-DONE ep=0x01 len=0 status=0 actual=16
[1362] +48.066715 ASYNC-IN-DONE ep=0x81 len=0 status=2 actual=0
[1363] +48.066818 ASYNC-IN-SUBMIT ep=0x81 len=0 type=BULK (in, awaiting data)
[1364] +48.118531 ASYNC-OUT ep=0x01 len=16 type=BULK 
	0000  08 00 00 18 02 10 f0 03  00 2c 00 10 09 10 00 00 |.........,......|
[1365] +48.118842 ASYNC-OUT-DONE ep=0x01 len=0 status=0 actual=16
[1366] +48.172989 ASYNC-IN-DONE ep=0x81 len=0 status=2 actual=0
[1367] +48.173064 ASYNC-IN-SUBMIT ep=0x81 len=0 type=BULK (in, awaiting data)
[1368] +48.278378 ASYNC-IN-DONE ep=0x81 len=0 status=2 actual=0
[1369] +48.278452 ASYNC-IN-SUBMIT ep=0x81 len=0 type=BULK (in, awaiting data)
[1370] +48.391289 ASYNC-IN-DONE ep=0x81 len=0 status=2 actual=0
[1371] +48.391380 ASYNC-IN-SUBMIT ep=0x81 len=0 type=BULK (in, awaiting data)
[1372] +48.446997 ASYNC-IN-DONE ep=0x81 len=16 status=0 actual=16
	0000  08 00 00 18 ed 03 80 10  00 43 00 10 ae 02 00 00 |.........C......|
[1373] +48.447120 ASYNC-IN-SUBMIT ep=0x81 len=0 type=BULK (in, awaiting data)
[1374] +48.554199 ASYNC-IN-DONE ep=0x81 len=0 status=2 actual=0
[1375] +48.554282 ASYNC-IN-SUBMIT ep=0x81 len=0 type=BULK (in, awaiting data)
[1376] +48.647372 ASYNC-IN-DONE ep=0x81 len=16 status=0 actual=16
	0000  08 00 00 18 ef 03 01 10  00 43 00 10 65 02 00 00 |.........C..e...|
[1377] +48.647495 ASYNC-IN-SUBMIT ep=0x81 len=0 type=BULK (in, awaiting data)
[1378] +48.741238 ASYNC-OUT ep=0x01 len=16 type=BULK 
	0000  08 00 00 18 80 10 ed 03  00 40 00 10 fd 1a 00 00 |.........@......|
[1379] +48.741516 ASYNC-OUT-DONE ep=0x01 len=0 status=0 actual=16
[1380] +48.751645 ASYNC-IN-DONE ep=0x81 len=0 status=2 actual=0
[1381] +48.751711 ASYNC-IN-SUBMIT ep=0x81 len=0 type=BULK (in, awaiting data)
[1382] +48.847815 ASYNC-IN-DONE ep=0x81 len=16 status=0 actual=16
	0000  08 00 00 18 f0 03 02 10  00 2e 00 10 09 02 00 00 |................|
[1383] +48.847923 ASYNC-IN-SUBMIT ep=0x81 len=0 type=BULK (in, awaiting data)
[1384] +48.949526 ASYNC-IN-DONE ep=0x81 len=0 status=2 actual=0
[1385] +48.949606 ASYNC-IN-SUBMIT ep=0x81 len=0 type=BULK (in, awaiting data)
[1386] +49.001471 ASYNC-OUT ep=0x01 len=16 type=BULK 
	0000  08 00 00 18 01 10 ef 03  00 41 00 10 93 1e 00 00 |.........A......|
[1387] +49.001832 ASYNC-OUT-DONE ep=0x01 len=0 status=0 actual=16
[1388] +49.062353 ASYNC-IN-DONE ep=0x81 len=0 status=2 actual=0
[1389] +49.062438 ASYNC-IN-SUBMIT ep=0x81 len=0 type=BULK (in, awaiting data)
[1390] +49.157447 ASYNC-OUT ep=0x01 len=16 type=BULK 
	0000  08 00 00 18 02 10 f0 03  00 2d 00 10 09 10 00 00 |.........-......|
[1391] +49.157772 ASYNC-OUT-DONE ep=0x01 len=0 status=0 actual=16
[1392] +49.174311 ASYNC-IN-DONE ep=0x81 len=0 status=2 actual=0
[1393] +49.174377 ASYNC-IN-SUBMIT ep=0x81 len=0 type=BULK (in, awaiting data)
[1394] +49.278643 ASYNC-IN-DONE ep=0x81 len=0 status=2 actual=0
[1395] +49.278739 ASYNC-IN-SUBMIT ep=0x81 len=0 type=BULK (in, awaiting data)
[1396] +49.387046 ASYNC-IN-DONE ep=0x81 len=0 status=2 actual=0
[1397] +49.387132 ASYNC-IN-SUBMIT ep=0x81 len=0 type=BULK (in, awaiting data)
[1398] +49.449717 ASYNC-IN-DONE ep=0x81 len=16 status=0 actual=16
	0000  08 00 00 18 ed 03 80 10  00 44 00 10 ae 02 00 00 |.........D......|
[1399] +49.449846 ASYNC-IN-SUBMIT ep=0x81 len=0 type=BULK (in, awaiting data)
[1400] +49.561676 ASYNC-IN-DONE ep=0x81 len=0 status=2 actual=0
[1401] +49.561756 ASYNC-IN-SUBMIT ep=0x81 len=0 type=BULK (in, awaiting data)
[1402] +49.650190 ASYNC-IN-DONE ep=0x81 len=16 status=0 actual=16
	0000  08 00 00 18 ef 03 01 10  00 44 00 10 65 02 00 00 |.........D..e...|
[1403] +49.650285 ASYNC-IN-SUBMIT ep=0x81 len=0 type=BULK (in, awaiting data)
[1404] +49.761776 ASYNC-IN-DONE ep=0x81 len=0 status=2 actual=0
[1405] +49.761869 ASYNC-IN-SUBMIT ep=0x81 len=0 type=BULK (in, awaiting data)
[1406] +49.781214 ASYNC-OUT ep=0x01 len=16 type=BULK 
	0000  08 00 00 18 80 10 ed 03  00 41 00 10 fd 1a 00 00 |.........A......|
[1407] +49.781493 ASYNC-OUT-DONE ep=0x01 len=0 status=0 actual=16
[1408] +49.850967 ASYNC-IN-DONE ep=0x81 len=16 status=0 actual=16
	0000  08 00 00 18 f0 03 02 10  00 2f 00 10 09 02 00 00 |........./......|
[1409] +49.851068 ASYNC-IN-SUBMIT ep=0x81 len=0 type=BULK (in, awaiting data)
[1410] +49.963848 ASYNC-IN-DONE ep=0x81 len=0 status=2 actual=0
[1411] +49.963937 ASYNC-IN-SUBMIT ep=0x81 len=0 type=BULK (in, awaiting data)
[1412] +50.041353 ASYNC-OUT ep=0x01 len=16 type=BULK 
	0000  08 00 00 18 01 10 ef 03  00 42 00 10 93 1e 00 00 |.........B......|
[1413] +50.041688 ASYNC-OUT-DONE ep=0x01 len=0 status=0 actual=16
[1414] +50.076681 ASYNC-IN-DONE ep=0x81 len=0 status=2 actual=0
[1415] +50.076784 ASYNC-IN-SUBMIT ep=0x81 len=0 type=BULK (in, awaiting data)
[1416] +50.177165 ASYNC-IN-DONE ep=0x81 len=0 status=2 actual=0
[1417] +50.177254 ASYNC-IN-SUBMIT ep=0x81 len=0 type=BULK (in, awaiting data)
[1418] +50.197473 ASYNC-OUT ep=0x01 len=16 type=BULK 
	0000  08 00 00 18 02 10 f0 03  00 2e 00 10 09 10 00 00 |................|
[1419] +50.197745 ASYNC-OUT-DONE ep=0x01 len=0 status=0 actual=16
[1420] +50.287569 ASYNC-IN-DONE ep=0x81 len=0 status=2 actual=0
[1421] +50.287673 ASYNC-IN-SUBMIT ep=0x81 len=0 type=BULK (in, awaiting data)
[1422] +50.399627 ASYNC-IN-DONE ep=0x81 len=0 status=2 actual=0
[1423] +50.399722 ASYNC-IN-SUBMIT ep=0x81 len=0 type=BULK (in, awaiting data)
[1424] +50.452616 ASYNC-IN-DONE ep=0x81 len=16 status=0 actual=16
	0000  08 00 00 18 ed 03 80 10  00 45 00 10 ae 02 00 00 |.........E......|
[1425] +50.452754 ASYNC-IN-SUBMIT ep=0x81 len=0 type=BULK (in, awaiting data)
[1426] +50.561921 ASYNC-IN-DONE ep=0x81 len=0 status=2 actual=0
[1427] +50.561981 ASYNC-IN-SUBMIT ep=0x81 len=0 type=BULK (in, awaiting data)
[1428] +50.653784 ASYNC-IN-DONE ep=0x81 len=16 status=0 actual=16
	0000  08 00 00 18 ef 03 01 10  00 45 00 10 65 02 00 00 |.........E..e...|
[1429] +50.653895 ASYNC-IN-SUBMIT ep=0x81 len=0 type=BULK (in, awaiting data)
[1430] +50.756134 ASYNC-IN-DONE ep=0x81 len=0 status=2 actual=0
[1431] +50.756237 ASYNC-IN-SUBMIT ep=0x81 len=0 type=BULK (in, awaiting data)
[1432] +50.822185 ASYNC-OUT ep=0x01 len=16 type=BULK 
	0000  08 00 00 18 80 10 ed 03  00 42 00 10 fd 1a 00 00 |.........B......|
[1433] +50.822500 ASYNC-OUT-DONE ep=0x01 len=0 status=0 actual=16
[1434] +50.854285 ASYNC-IN-DONE ep=0x81 len=16 status=0 actual=16
	0000  08 00 00 18 f0 03 02 10  00 30 00 10 09 02 00 00 |.........0......|
[1435] +50.854371 ASYNC-IN-SUBMIT ep=0x81 len=0 type=BULK (in, awaiting data)
[1436] +50.957549 ASYNC-IN-DONE ep=0x81 len=0 status=2 actual=0
[1437] +50.957640 ASYNC-IN-SUBMIT ep=0x81 len=0 type=BULK (in, awaiting data)
[1438] +51.070295 ASYNC-IN-DONE ep=0x81 len=0 status=2 actual=0
[1439] +51.070385 ASYNC-IN-SUBMIT ep=0x81 len=0 type=BULK (in, awaiting data)
[1440] +51.081931 ASYNC-OUT ep=0x01 len=16 type=BULK 
	0000  08 00 00 18 01 10 ef 03  00 43 00 10 93 1e 00 00 |.........C......|
[1441] +51.082242 ASYNC-OUT-DONE ep=0x01 len=0 status=0 actual=16
[1442] +51.178643 ASYNC-IN-DONE ep=0x81 len=0 status=2 actual=0
[1443] +51.178741 ASYNC-IN-SUBMIT ep=0x81 len=0 type=BULK (in, awaiting data)
[1444] +51.238039 ASYNC-OUT ep=0x01 len=16 type=BULK 
	0000  08 00 00 18 02 10 f0 03  00 2f 00 10 09 10 00 00 |........./......|
[1445] +51.238244 ASYNC-OUT-DONE ep=0x01 len=0 status=0 actual=16
[1446] +51.282204 ASYNC-IN-DONE ep=0x81 len=0 status=2 actual=0
[1447] +51.282282 ASYNC-IN-SUBMIT ep=0x81 len=0 type=BULK (in, awaiting data)
[1448] +51.390459 ASYNC-IN-DONE ep=0x81 len=0 status=2 actual=0
[1449] +51.390553 ASYNC-IN-SUBMIT ep=0x81 len=0 type=BULK (in, awaiting data)
[1450] +51.456559 ASYNC-IN-DONE ep=0x81 len=16 status=0 actual=16
	0000  08 00 00 18 ed 03 80 10  00 46 00 10 ae 02 00 00 |.........F......|
[1451] +51.456711 ASYNC-IN-SUBMIT ep=0x81 len=0 type=BULK (in, awaiting data)
[1452] +51.566802 ASYNC-IN-DONE ep=0x81 len=0 status=2 actual=0
[1453] +51.566903 ASYNC-IN-SUBMIT ep=0x81 len=0 type=BULK (in, awaiting data)
[1454] +51.656922 ASYNC-IN-DONE ep=0x81 len=16 status=0 actual=16
	0000  08 00 00 18 ef 03 01 10  00 46 00 10 65 02 00 00 |.........F..e...|
[1455] +51.657044 ASYNC-IN-SUBMIT ep=0x81 len=0 type=BULK (in, awaiting data)
[1456] +51.763569 ASYNC-IN-DONE ep=0x81 len=0 status=2 actual=0
[1457] +51.763662 ASYNC-IN-SUBMIT ep=0x81 len=0 type=BULK (in, awaiting data)
[1458] +51.857433 ASYNC-IN-DONE ep=0x81 len=16 status=0 actual=16
	0000  08 00 00 18 f0 03 02 10  00 31 00 10 09 02 00 00 |.........1......|
[1459] +51.857540 ASYNC-IN-SUBMIT ep=0x81 len=0 type=BULK (in, awaiting data)
[1460] +51.860464 ASYNC-OUT ep=0x01 len=16 type=BULK 
	0000  08 00 00 18 80 10 ed 03  00 43 00 10 fd 1a 00 00 |.........C......|
[1461] +51.860699 ASYNC-OUT-DONE ep=0x01 len=0 status=0 actual=16
[1462] +51.967107 ASYNC-IN-DONE ep=0x81 len=0 status=2 actual=0
[1463] +51.967210 ASYNC-IN-SUBMIT ep=0x81 len=0 type=BULK (in, awaiting data)
[1464] +52.080085 ASYNC-IN-DONE ep=0x81 len=0 status=2 actual=0
[1465] +52.080140 ASYNC-IN-SUBMIT ep=0x81 len=0 type=BULK (in, awaiting data)
[1466] +52.120037 ASYNC-OUT ep=0x01 len=16 type=BULK 
	0000  08 00 00 18 01 10 ef 03  00 44 00 10 93 1e 00 00 |.........D......|
[1467] +52.120341 ASYNC-OUT-DONE ep=0x01 len=0 status=0 actual=16
[1468] +52.192949 ASYNC-IN-DONE ep=0x81 len=0 status=2 actual=0
[1469] +52.193025 ASYNC-IN-SUBMIT ep=0x81 len=0 type=BULK (in, awaiting data)
[1470] +52.275538 ASYNC-OUT ep=0x01 len=16 type=BULK 
	0000  08 00 00 18 02 10 f0 03  00 30 00 10 09 10 00 00 |.........0......|
[1471] +52.275776 ASYNC-OUT-DONE ep=0x01 len=0 status=0 actual=16
[1472] +52.298732 ASYNC-IN-DONE ep=0x81 len=0 status=2 actual=0
[1473] +52.298803 ASYNC-IN-SUBMIT ep=0x81 len=0 type=BULK (in, awaiting data)
[1474] +52.405466 ASYNC-IN-DONE ep=0x81 len=0 status=2 actual=0
[1475] +52.405549 ASYNC-IN-SUBMIT ep=0x81 len=0 type=BULK (in, awaiting data)
[1476] +52.459508 ASYNC-IN-DONE ep=0x81 len=16 status=0 actual=16
	0000  08 00 00 18 ed 03 80 10  00 47 00 10 ae 02 00 00 |.........G......|
[1477] +52.459606 ASYNC-IN-SUBMIT ep=0x81 len=0 type=BULK (in, awaiting data)
[1478] +52.561346 ASYNC-IN-DONE ep=0x81 len=0 status=2 actual=0
[1479] +52.561435 ASYNC-IN-SUBMIT ep=0x81 len=0 type=BULK (in, awaiting data)
[1480] +52.660356 ASYNC-IN-DONE ep=0x81 len=16 status=0 actual=16
	0000  08 00 00 18 ef 03 01 10  00 47 00 10 65 02 00 00 |.........G..e...|
[1481] +52.660483 ASYNC-IN-SUBMIT ep=0x81 len=0 type=BULK (in, awaiting data)
[1482] +52.772516 ASYNC-IN-DONE ep=0x81 len=0 status=2 actual=0
[1483] +52.772604 ASYNC-IN-SUBMIT ep=0x81 len=0 type=BULK (in, awaiting data)
[1484] +52.861092 ASYNC-IN-DONE ep=0x81 len=16 status=0 actual=16
	0000  08 00 00 18 f0 03 02 10  00 32 00 10 09 02 00 00 |.........2......|
[1485] +52.861223 ASYNC-IN-SUBMIT ep=0x81 len=0 type=BULK (in, awaiting data)
[1486] +52.899429 ASYNC-OUT ep=0x01 len=16 type=BULK 
	0000  08 00 00 18 80 10 ed 03  00 44 00 10 fd 1a 00 00 |.........D......|
[1487] +52.899712 ASYNC-OUT-DONE ep=0x01 len=0 status=0 actual=16
[1488] +52.972223 ASYNC-IN-DONE ep=0x81 len=0 status=2 actual=0
[1489] +52.972327 ASYNC-IN-SUBMIT ep=0x81 len=0 type=BULK (in, awaiting data)
[1490] +53.083092 ASYNC-IN-DONE ep=0x81 len=0 status=2 actual=0
[1491] +53.083189 ASYNC-IN-SUBMIT ep=0x81 len=0 type=BULK (in, awaiting data)
[1492] +53.159061 ASYNC-OUT ep=0x01 len=16 type=BULK 
	0000  08 00 00 18 01 10 ef 03  00 45 00 10 93 1e 00 00 |.........E......|
[1493] +53.159315 ASYNC-OUT-DONE ep=0x01 len=0 status=0 actual=16
[1494] +53.195781 ASYNC-IN-DONE ep=0x81 len=0 status=2 actual=0
[1495] +53.195859 ASYNC-IN-SUBMIT ep=0x81 len=0 type=BULK (in, awaiting data)
[1496] +53.297799 ASYNC-IN-DONE ep=0x81 len=0 status=2 actual=0
[1497] +53.297878 ASYNC-IN-SUBMIT ep=0x81 len=0 type=BULK (in, awaiting data)
[1498] +53.315199 ASYNC-OUT ep=0x01 len=16 type=BULK 
	0000  08 00 00 18 02 10 f0 03  00 31 00 10 09 10 00 00 |.........1......|
[1499] +53.315404 ASYNC-OUT-DONE ep=0x01 len=0 status=0 actual=16
[1500] +53.407789 ASYNC-IN-DONE ep=0x81 len=0 status=2 actual=0
[1501] +53.407861 ASYNC-IN-SUBMIT ep=0x81 len=0 type=BULK (in, awaiting data)
[1502] +53.462984 ASYNC-IN-DONE ep=0x81 len=16 status=0 actual=16
	0000  08 00 00 18 ed 03 80 10  00 48 00 10 ae 02 00 00 |.........H......|
[1503] +53.463079 ASYNC-IN-SUBMIT ep=0x81 len=0 type=BULK (in, awaiting data)
[1504] +53.567429 ASYNC-IN-DONE ep=0x81 len=0 status=2 actual=0
[1505] +53.567531 ASYNC-IN-SUBMIT ep=0x81 len=0 type=BULK (in, awaiting data)
[1506] +53.663478 ASYNC-IN-DONE ep=0x81 len=16 status=0 actual=16
	0000  08 00 00 18 ef 03 01 10  00 48 00 10 65 02 00 00 |.........H..e...|
[1507] +53.663607 ASYNC-IN-SUBMIT ep=0x81 len=0 type=BULK (in, awaiting data)
[1508] +53.776416 ASYNC-IN-DONE ep=0x81 len=0 status=2 actual=0
[1509] +53.776522 ASYNC-IN-SUBMIT ep=0x81 len=0 type=BULK (in, awaiting data)
[1510] +53.864728 ASYNC-IN-DONE ep=0x81 len=16 status=0 actual=16
	0000  08 00 00 18 f0 03 02 10  00 33 00 10 09 02 00 00 |.........3......|
[1511] +53.864867 ASYNC-IN-SUBMIT ep=0x81 len=0 type=BULK (in, awaiting data)
[1512] +53.938989 ASYNC-OUT ep=0x01 len=16 type=BULK 
	0000  08 00 00 18 80 10 ed 03  00 45 00 10 fd 1a 00 00 |.........E......|
[1513] +53.939205 ASYNC-OUT-DONE ep=0x01 len=0 status=0 actual=16
[1514] +53.971885 ASYNC-IN-DONE ep=0x81 len=0 status=2 actual=0
[1515] +53.971921 ASYNC-IN-SUBMIT ep=0x81 len=0 type=BULK (in, awaiting data)
[1516] +54.080931 ASYNC-IN-DONE ep=0x81 len=0 status=2 actual=0
[1517] +54.081021 ASYNC-IN-SUBMIT ep=0x81 len=0 type=BULK (in, awaiting data)
[1518] +54.188772 ASYNC-IN-DONE ep=0x81 len=0 status=2 actual=0
[1519] +54.188860 ASYNC-IN-SUBMIT ep=0x81 len=0 type=BULK (in, awaiting data)
[1520] +54.198891 ASYNC-OUT ep=0x01 len=16 type=BULK 
	0000  08 00 00 18 01 10 ef 03  00 46 00 10 93 1e 00 00 |.........F......|
[1521] +54.199131 ASYNC-OUT-DONE ep=0x01 len=0 status=0 actual=16
[1522] +54.299006 ASYNC-IN-DONE ep=0x81 len=0 status=2 actual=0
[1523] +54.299100 ASYNC-IN-SUBMIT ep=0x81 len=0 type=BULK (in, awaiting data)
[1524] +54.354203 ASYNC-OUT ep=0x01 len=16 type=BULK 
	0000  08 00 00 18 02 10 f0 03  00 32 00 10 09 10 00 00 |.........2......|
[1525] +54.354483 ASYNC-OUT-DONE ep=0x01 len=0 status=0 actual=16
[1526] +54.411871 ASYNC-IN-DONE ep=0x81 len=0 status=2 actual=0
[1527] +54.411905 ASYNC-IN-SUBMIT ep=0x81 len=0 type=BULK (in, awaiting data)
[1528] +54.466575 ASYNC-IN-DONE ep=0x81 len=16 status=0 actual=16
	0000  08 00 00 18 ed 03 80 10  00 49 00 10 ae 02 00 00 |.........I......|
[1529] +54.466623 ASYNC-IN-SUBMIT ep=0x81 len=0 type=BULK (in, awaiting data)
[1530] +54.579406 ASYNC-IN-DONE ep=0x81 len=0 status=2 actual=0
[1531] +54.579472 ASYNC-IN-SUBMIT ep=0x81 len=0 type=BULK (in, awaiting data)
[1532] +54.667077 ASYNC-IN-DONE ep=0x81 len=16 status=0 actual=16
	0000  08 00 00 18 ef 03 01 10  00 49 00 10 65 02 00 00 |.........I..e...|
[1533] +54.667228 ASYNC-IN-SUBMIT ep=0x81 len=0 type=BULK (in, awaiting data)
[1534] +54.779880 ASYNC-IN-DONE ep=0x81 len=0 status=2 actual=0
[1535] +54.779979 ASYNC-IN-SUBMIT ep=0x81 len=0 type=BULK (in, awaiting data)
[1536] +54.867510 ASYNC-IN-DONE ep=0x81 len=16 status=0 actual=16
	0000  08 00 00 18 f0 03 02 10  00 34 00 10 09 02 00 00 |.........4......|
[1537] +54.867650 ASYNC-IN-SUBMIT ep=0x81 len=0 type=BULK (in, awaiting data)
[1538] +54.972433 ASYNC-IN-DONE ep=0x81 len=0 status=2 actual=0
[1539] +54.972478 ASYNC-IN-SUBMIT ep=0x81 len=0 type=BULK (in, awaiting data)
[1540] +54.978484 ASYNC-OUT ep=0x01 len=16 type=BULK 
	0000  08 00 00 18 80 10 ed 03  00 46 00 10 fd 1a 00 00 |.........F......|
[1541] +54.978677 ASYNC-OUT-DONE ep=0x01 len=0 status=0 actual=16
[1542] +55.085291 ASYNC-IN-DONE ep=0x81 len=0 status=2 actual=0
[1543] +55.085353 ASYNC-IN-SUBMIT ep=0x81 len=0 type=BULK (in, awaiting data)
[1544] +55.195258 ASYNC-IN-DONE ep=0x81 len=0 status=2 actual=0
[1545] +55.195345 ASYNC-IN-SUBMIT ep=0x81 len=0 type=BULK (in, awaiting data)
[1546] +55.237876 ASYNC-OUT ep=0x01 len=16 type=BULK 
	0000  08 00 00 18 01 10 ef 03  00 47 00 10 93 1e 00 00 |.........G......|
[1547] +55.238130 ASYNC-OUT-DONE ep=0x01 len=0 status=0 actual=16
[1548] +55.305785 ASYNC-IN-DONE ep=0x81 len=0 status=2 actual=0
[1549] +55.305864 ASYNC-IN-SUBMIT ep=0x81 len=0 type=BULK (in, awaiting data)
[1550] +55.393817 ASYNC-OUT ep=0x01 len=16 type=BULK 
	0000  08 00 00 18 02 10 f0 03  00 33 00 10 09 10 00 00 |.........3......|
[1551] +55.394071 ASYNC-OUT-DONE ep=0x01 len=0 status=0 actual=16
[1552] +55.418605 ASYNC-IN-DONE ep=0x81 len=0 status=2 actual=0
[1553] +55.418655 ASYNC-IN-SUBMIT ep=0x81 len=0 type=BULK (in, awaiting data)
[1554] +55.469354 ASYNC-IN-DONE ep=0x81 len=16 status=0 actual=16
	0000  08 00 00 18 ed 03 80 10  00 4a 00 10 ae 02 00 00 |.........J......|
[1555] +55.469463 ASYNC-IN-SUBMIT ep=0x81 len=0 type=BULK (in, awaiting data)
[1556] +55.582291 ASYNC-IN-DONE ep=0x81 len=0 status=2 actual=0
[1557] +55.582395 ASYNC-IN-SUBMIT ep=0x81 len=0 type=BULK (in, awaiting data)
[1558] +55.670195 ASYNC-IN-DONE ep=0x81 len=16 status=0 actual=16
	0000  08 00 00 18 ef 03 01 10  00 4a 00 10 65 02 00 00 |.........J..e...|
[1559] +55.670335 ASYNC-IN-SUBMIT ep=0x81 len=0 type=BULK (in, awaiting data)
[1560] +55.780252 ASYNC-IN-DONE ep=0x81 len=0 status=2 actual=0
[1561] +55.780321 ASYNC-IN-SUBMIT ep=0x81 len=0 type=BULK (in, awaiting data)
[1562] +55.871766 ASYNC-IN-DONE ep=0x81 len=16 status=0 actual=16
	0000  08 00 00 18 f0 03 02 10  00 35 00 10 09 02 00 00 |.........5......|
[1563] +55.871830 ASYNC-IN-SUBMIT ep=0x81 len=0 type=BULK (in, awaiting data)
[1564] +55.973067 ASYNC-IN-DONE ep=0x81 len=0 status=2 actual=0
[1565] +55.973165 ASYNC-IN-SUBMIT ep=0x81 len=0 type=BULK (in, awaiting data)
[1566] +56.018099 ASYNC-OUT ep=0x01 len=16 type=BULK 
	0000  08 00 00 18 80 10 ed 03  00 47 00 10 fd 1a 00 00 |.........G......|
[1567] +56.018347 ASYNC-OUT-DONE ep=0x01 len=0 status=0 actual=16
[1568] +56.086012 ASYNC-IN-DONE ep=0x81 len=0 status=2 actual=0
[1569] +56.086076 ASYNC-IN-SUBMIT ep=0x81 len=0 type=BULK (in, awaiting data)
[1570] +56.190832 ASYNC-IN-DONE ep=0x81 len=0 status=2 actual=0
[1571] +56.190922 ASYNC-IN-SUBMIT ep=0x81 len=0 type=BULK (in, awaiting data)
[1572] +56.276615 ASYNC-OUT ep=0x01 len=16 type=BULK 
	0000  08 00 00 18 01 10 ef 03  00 48 00 10 93 1e 00 00 |.........H......|
[1573] +56.276836 ASYNC-OUT-DONE ep=0x01 len=0 status=0 actual=16
[1574] +56.303749 ASYNC-IN-DONE ep=0x81 len=0 status=2 actual=0
[1575] +56.303790 ASYNC-IN-SUBMIT ep=0x81 len=0 type=BULK (in, awaiting data)
[1576] +56.416525 ASYNC-IN-DONE ep=0x81 len=0 status=2 actual=0
[1577] +56.416609 ASYNC-IN-SUBMIT ep=0x81 len=0 type=BULK (in, awaiting data)
[1578] +56.432678 ASYNC-OUT ep=0x01 len=16 type=BULK 
	0000  08 00 00 18 02 10 f0 03  00 34 00 10 09 10 00 00 |.........4......|
[1579] +56.432990 ASYNC-OUT-DONE ep=0x01 len=0 status=0 actual=16
[1580] +56.473658 ASYNC-IN-DONE ep=0x81 len=16 status=0 actual=16
	0000  08 00 00 18 ed 03 80 10  00 4b 00 10 ae 02 00 00 |.........K......|
[1581] +56.473788 ASYNC-IN-SUBMIT ep=0x81 len=0 type=BULK (in, awaiting data)
[1582] +56.583464 ASYNC-IN-DONE ep=0x81 len=0 status=2 actual=0
[1583] +56.583553 ASYNC-IN-SUBMIT ep=0x81 len=0 type=BULK (in, awaiting data)
[1584] +56.674031 ASYNC-IN-DONE ep=0x81 len=16 status=0 actual=16
	0000  08 00 00 18 ef 03 01 10  00 4b 00 10 65 02 00 00 |.........K..e...|
[1585] +56.674164 ASYNC-IN-SUBMIT ep=0x81 len=0 type=BULK (in, awaiting data)
[1586] +56.782798 ASYNC-IN-DONE ep=0x81 len=0 status=2 actual=0
[1587] +56.782877 ASYNC-IN-SUBMIT ep=0x81 len=0 type=BULK (in, awaiting data)
[1588] +56.874473 ASYNC-IN-DONE ep=0x81 len=16 status=0 actual=16
	0000  08 00 00 18 f0 03 02 10  00 36 00 10 09 02 00 00 |.........6......|
[1589] +56.874570 ASYNC-IN-SUBMIT ep=0x81 len=0 type=BULK (in, awaiting data)
[1590] +56.982141 ASYNC-IN-DONE ep=0x81 len=0 status=2 actual=0
[1591] +56.982221 ASYNC-IN-SUBMIT ep=0x81 len=0 type=BULK (in, awaiting data)
[1592] +57.055089 ASYNC-OUT ep=0x01 len=16 type=BULK 
	0000  08 00 00 18 80 10 ed 03  00 48 00 10 fd 1a 00 00 |.........H......|
[1593] +57.055315 ASYNC-OUT-DONE ep=0x01 len=0 status=0 actual=16
[1594] +57.094083 ASYNC-IN-DONE ep=0x81 len=0 status=2 actual=0
[1595] +57.094168 ASYNC-IN-SUBMIT ep=0x81 len=0 type=BULK (in, awaiting data)
[1596] +57.204608 ASYNC-IN-DONE ep=0x81 len=0 status=2 actual=0
[1597] +57.204704 ASYNC-IN-SUBMIT ep=0x81 len=0 type=BULK (in, awaiting data)
[1598] +57.310860 ASYNC-IN-DONE ep=0x81 len=0 status=2 actual=0
[1599] +57.310886 ASYNC-IN-SUBMIT ep=0x81 len=0 type=BULK (in, awaiting data)
[1600] +57.314915 ASYNC-OUT ep=0x01 len=16 type=BULK 
	0000  08 00 00 18 01 10 ef 03  00 49 00 10 93 1e 00 00 |.........I......|
[1601] +57.315089 ASYNC-OUT-DONE ep=0x01 len=0 status=0 actual=16
[1602] +57.423674 ASYNC-IN-DONE ep=0x81 len=0 status=2 actual=0
[1603] +57.423703 ASYNC-IN-SUBMIT ep=0x81 len=0 type=BULK (in, awaiting data)
[1604] +57.471108 ASYNC-OUT ep=0x01 len=16 type=BULK 
	0000  08 00 00 18 02 10 f0 03  00 35 00 10 09 10 00 00 |.........5......|
[1605] +57.471323 ASYNC-OUT-DONE ep=0x01 len=0 status=0 actual=16
[1606] +57.476825 ASYNC-IN-DONE ep=0x81 len=16 status=0 actual=16
	0000  08 00 00 18 ed 03 80 10  00 4c 00 10 ae 02 00 00 |.........L......|
[1607] +57.476920 ASYNC-IN-SUBMIT ep=0x81 len=0 type=BULK (in, awaiting data)
[1608] +57.587761 ASYNC-IN-DONE ep=0x81 len=0 status=2 actual=0
[1609] +57.587863 ASYNC-IN-SUBMIT ep=0x81 len=0 type=BULK (in, awaiting data)
[1610] +57.677205 ASYNC-IN-DONE ep=0x81 len=16 status=0 actual=16
	0000  08 00 00 18 ef 03 01 10  00 4c 00 10 65 02 00 00 |.........L..e...|
[1611] +57.677319 ASYNC-IN-SUBMIT ep=0x81 len=0 type=BULK (in, awaiting data)
[1612] +57.781860 ASYNC-IN-DONE ep=0x81 len=0 status=2 actual=0
[1613] +57.781947 ASYNC-IN-SUBMIT ep=0x81 len=0 type=BULK (in, awaiting data)
[1614] +57.877826 ASYNC-IN-DONE ep=0x81 len=16 status=0 actual=16
	0000  08 00 00 18 f0 03 02 10  00 37 00 10 09 02 00 00 |.........7......|
[1615] +57.877956 ASYNC-IN-SUBMIT ep=0x81 len=0 type=BULK (in, awaiting data)
[1616] +57.990782 ASYNC-IN-DONE ep=0x81 len=0 status=2 actual=0
[1617] +57.990860 ASYNC-IN-SUBMIT ep=0x81 len=0 type=BULK (in, awaiting data)
[1618] +58.095452 ASYNC-OUT ep=0x01 len=16 type=BULK 
	0000  08 00 00 18 80 10 ed 03  00 49 00 10 fd 1a 00 00 |.........I......|
[1619] +58.095721 ASYNC-OUT-DONE ep=0x01 len=0 status=0 actual=16
[1620] +58.099480 ASYNC-IN-DONE ep=0x81 len=0 status=2 actual=0
[1621] +58.099509 ASYNC-IN-SUBMIT ep=0x81 len=0 type=BULK (in, awaiting data)
[1622] +58.205897 ASYNC-IN-DONE ep=0x81 len=0 status=2 actual=0
[1623] +58.205979 ASYNC-IN-SUBMIT ep=0x81 len=0 type=BULK (in, awaiting data)
[1624] +58.306624 ASYNC-IN-DONE ep=0x81 len=0 status=2 actual=0
[1625] +58.306694 ASYNC-IN-SUBMIT ep=0x81 len=0 type=BULK (in, awaiting data)
[1626] +58.355689 ASYNC-OUT ep=0x01 len=16 type=BULK 
	0000  08 00 00 18 01 10 ef 03  00 4a 00 10 93 1e 00 00 |.........J......|
[1627] +58.356017 ASYNC-OUT-DONE ep=0x01 len=0 status=0 actual=16
[1628] +58.418628 ASYNC-IN-DONE ep=0x81 len=0 status=2 actual=0
[1629] +58.418703 ASYNC-IN-SUBMIT ep=0x81 len=0 type=BULK (in, awaiting data)
[1630] +58.479350 ASYNC-IN-DONE ep=0x81 len=16 status=0 actual=16
	0000  08 00 00 18 ed 03 80 10  00 4d 00 10 ae 02 00 00 |.........M......|
[1631] +58.479479 ASYNC-IN-SUBMIT ep=0x81 len=0 type=BULK (in, awaiting data)
[1632] +58.509810 ASYNC-OUT ep=0x01 len=16 type=BULK 
	0000  08 00 00 18 02 10 f0 03  00 36 00 10 09 10 00 00 |.........6......|
[1633] +58.510088 ASYNC-OUT-DONE ep=0x01 len=0 status=0 actual=16
[1634] +58.587707 ASYNC-IN-DONE ep=0x81 len=0 status=2 actual=0
[1635] +58.587781 ASYNC-IN-SUBMIT ep=0x81 len=0 type=BULK (in, awaiting data)
[1636] +58.680255 ASYNC-IN-DONE ep=0x81 len=16 status=0 actual=16
	0000  08 00 00 18 ef 03 01 10  00 4d 00 10 65 02 00 00 |.........M..e...|
[1637] +58.680359 ASYNC-IN-SUBMIT ep=0x81 len=0 type=BULK (in, awaiting data)
[1638] +58.782122 ASYNC-IN-DONE ep=0x81 len=0 status=2 actual=0
[1639] +58.782251 ASYNC-IN-SUBMIT ep=0x81 len=0 type=BULK (in, awaiting data)
[1640] +58.881400 ASYNC-IN-DONE ep=0x81 len=16 status=0 actual=16
	0000  08 00 00 18 f0 03 02 10  00 38 00 10 09 02 00 00 |.........8......|
[1641] +58.881531 ASYNC-IN-SUBMIT ep=0x81 len=0 type=BULK (in, awaiting data)
[1642] +58.992924 ASYNC-IN-DONE ep=0x81 len=0 status=2 actual=0
[1643] +58.993006 ASYNC-IN-SUBMIT ep=0x81 len=0 type=BULK (in, awaiting data)
[1644] +59.105207 ASYNC-IN-DONE ep=0x81 len=0 status=2 actual=0
[1645] +59.105305 ASYNC-IN-SUBMIT ep=0x81 len=0 type=BULK (in, awaiting data)
[1646] +59.133662 ASYNC-OUT ep=0x01 len=16 type=BULK 
	0000  08 00 00 18 80 10 ed 03  00 4a 00 10 fd 1a 00 00 |.........J......|
[1647] +59.133925 ASYNC-OUT-DONE ep=0x01 len=0 status=0 actual=16
[1648] +59.207335 ASYNC-IN-DONE ep=0x81 len=0 status=2 actual=0
[1649] +59.207407 ASYNC-IN-SUBMIT ep=0x81 len=0 type=BULK (in, awaiting data)
[1650] +59.308945 ASYNC-IN-DONE ep=0x81 len=0 status=2 actual=0
[1651] +59.309015 ASYNC-IN-SUBMIT ep=0x81 len=0 type=BULK (in, awaiting data)
[1652] +59.393106 ASYNC-OUT ep=0x01 len=16 type=BULK 
	0000  08 00 00 18 01 10 ef 03  00 4b 00 10 93 1e 00 00 |.........K......|
[1653] +59.393440 ASYNC-OUT-DONE ep=0x01 len=0 status=0 actual=16
[1654] +59.419201 ASYNC-IN-DONE ep=0x81 len=0 status=2 actual=0
[1655] +59.419277 ASYNC-IN-SUBMIT ep=0x81 len=0 type=BULK (in, awaiting data)
[1656] +59.483352 ASYNC-IN-DONE ep=0x81 len=16 status=0 actual=16
	0000  08 00 00 18 ed 03 80 10  00 4e 00 10 ae 02 00 00 |.........N......|
[1657] +59.483441 ASYNC-IN-SUBMIT ep=0x81 len=0 type=BULK (in, awaiting data)
[1658] +59.549263 ASYNC-OUT ep=0x01 len=16 type=BULK 
	0000  08 00 00 18 02 10 f0 03  00 37 00 10 09 10 00 00 |.........7......|
[1659] +59.549601 ASYNC-OUT-DONE ep=0x01 len=0 status=0 actual=16
[1660] +59.591421 ASYNC-IN-DONE ep=0x81 len=0 status=2 actual=0
[1661] +59.591506 ASYNC-IN-SUBMIT ep=0x81 len=0 type=BULK (in, awaiting data)
[1662] +59.683699 ASYNC-IN-DONE ep=0x81 len=16 status=0 actual=16
	0000  08 00 00 18 ef 03 01 10  00 4e 00 10 65 02 00 00 |.........N..e...|
[1663] +59.683834 ASYNC-IN-SUBMIT ep=0x81 len=0 type=BULK (in, awaiting data)
[1664] +59.785142 ASYNC-IN-DONE ep=0x81 len=0 status=2 actual=0
[1665] +59.785228 ASYNC-IN-SUBMIT ep=0x81 len=0 type=BULK (in, awaiting data)
[1666] +59.884287 ASYNC-IN-DONE ep=0x81 len=16 status=0 actual=16
	0000  08 00 00 18 f0 03 02 10  00 39 00 10 09 02 00 00 |.........9......|
[1667] +59.884418 ASYNC-IN-SUBMIT ep=0x81 len=0 type=BULK (in, awaiting data)
[1668] +59.995385 ASYNC-IN-DONE ep=0x81 len=0 status=2 actual=0
[1669] +59.995469 ASYNC-IN-SUBMIT ep=0x81 len=0 type=BULK (in, awaiting data)
[1670] +60.104674 ASYNC-IN-DONE ep=0x81 len=0 status=2 actual=0
[1671] +60.104776 ASYNC-IN-SUBMIT ep=0x81 len=0 type=BULK (in, awaiting data)
[1672] +60.172168 ASYNC-OUT ep=0x01 len=16 type=BULK 
	0000  08 00 00 18 80 10 ed 03  00 4b 00 10 fd 1a 00 00 |.........K......|
[1673] +60.172448 ASYNC-OUT-DONE ep=0x01 len=0 status=0 actual=16
[1674] +60.208560 ASYNC-IN-DONE ep=0x81 len=0 status=2 actual=0
[1675] +60.208642 ASYNC-IN-SUBMIT ep=0x81 len=0 type=BULK (in, awaiting data)
[1676] +60.314881 ASYNC-IN-DONE ep=0x81 len=0 status=2 actual=0
[1677] +60.314963 ASYNC-IN-SUBMIT ep=0x81 len=0 type=BULK (in, awaiting data)
[1678] +60.427747 ASYNC-IN-DONE ep=0x81 len=0 status=2 actual=0
[1679] +60.427820 ASYNC-IN-SUBMIT ep=0x81 len=0 type=BULK (in, awaiting data)
[1680] +60.432386 ASYNC-OUT ep=0x01 len=16 type=BULK 
	0000  08 00 00 18 01 10 ef 03  00 4c 00 10 93 1e 00 00 |.........L......|
[1681] +60.432531 ASYNC-OUT-DONE ep=0x01 len=0 status=0 actual=16
[1682] +60.486157 ASYNC-IN-DONE ep=0x81 len=16 status=0 actual=16
	0000  08 00 00 18 ed 03 80 10  00 4f 00 10 ae 02 00 00 |.........O......|
[1683] +60.486284 ASYNC-IN-SUBMIT ep=0x81 len=0 type=BULK (in, awaiting data)
[1684] +60.588553 ASYNC-OUT ep=0x01 len=16 type=BULK 
	0000  08 00 00 18 02 10 f0 03  00 38 00 10 09 10 00 00 |.........8......|
[1685] +60.588798 ASYNC-OUT-DONE ep=0x01 len=0 status=0 actual=16
[1686] +60.599106 ASYNC-IN-DONE ep=0x81 len=0 status=2 actual=0
[1687] +60.599180 ASYNC-IN-SUBMIT ep=0x81 len=0 type=BULK (in, awaiting data)
[1688] +60.687284 ASYNC-IN-DONE ep=0x81 len=16 status=0 actual=16
	0000  08 00 00 18 ef 03 01 10  00 4f 00 10 65 02 00 00 |.........O..e...|
[1689] +60.687392 ASYNC-IN-SUBMIT ep=0x81 len=0 type=BULK (in, awaiting data)
[1690] +60.799617 ASYNC-IN-DONE ep=0x81 len=0 status=2 actual=0
[1691] +60.799684 ASYNC-IN-SUBMIT ep=0x81 len=0 type=BULK (in, awaiting data)
[1692] +60.887743 ASYNC-IN-DONE ep=0x81 len=16 status=0 actual=16
	0000  08 00 00 18 f0 03 02 10  00 3a 00 10 09 02 00 00 |.........:......|
[1693] +60.887903 ASYNC-IN-SUBMIT ep=0x81 len=0 type=BULK (in, awaiting data)
[1694] +60.999575 ASYNC-IN-DONE ep=0x81 len=0 status=2 actual=0
[1695] +60.999653 ASYNC-IN-SUBMIT ep=0x81 len=0 type=BULK (in, awaiting data)
[1696] +61.105156 ASYNC-IN-DONE ep=0x81 len=0 status=2 actual=0
[1697] +61.105236 ASYNC-IN-SUBMIT ep=0x81 len=0 type=BULK (in, awaiting data)
[1698] +61.209166 ASYNC-IN-DONE ep=0x81 len=0 status=2 actual=0
[1699] +61.209242 ASYNC-IN-SUBMIT ep=0x81 len=0 type=BULK (in, awaiting data)
[1700] +61.212684 ASYNC-OUT ep=0x01 len=16 type=BULK 
	0000  08 00 00 18 80 10 ed 03  00 4c 00 10 fd 1a 00 00 |.........L......|
[1701] +61.212833 ASYNC-OUT-DONE ep=0x01 len=0 status=0 actual=16
[1702] +61.320465 ASYNC-IN-DONE ep=0x81 len=0 status=2 actual=0
[1703] +61.320545 ASYNC-IN-SUBMIT ep=0x81 len=0 type=BULK (in, awaiting data)
[1704] +61.422155 ASYNC-IN-DONE ep=0x81 len=0 status=2 actual=0
[1705] +61.422266 ASYNC-IN-SUBMIT ep=0x81 len=0 type=BULK (in, awaiting data)
[1706] +61.470543 ASYNC-OUT ep=0x01 len=16 type=BULK 
	0000  08 00 00 18 01 10 ef 03  00 4d 00 10 93 1e 00 00 |.........M......|
[1707] +61.470824 ASYNC-OUT-DONE ep=0x01 len=0 status=0 actual=16
[1708] +61.489711 ASYNC-IN-DONE ep=0x81 len=16 status=0 actual=16
	0000  08 00 00 18 ed 03 80 10  00 50 00 10 ae 02 00 00 |.........P......|
[1709] +61.489804 ASYNC-IN-SUBMIT ep=0x81 len=0 type=BULK (in, awaiting data)
[1710] +61.600608 ASYNC-IN-DONE ep=0x81 len=0 status=2 actual=0
[1711] +61.600704 ASYNC-IN-SUBMIT ep=0x81 len=0 type=BULK (in, awaiting data)
[1712] +61.626521 ASYNC-OUT ep=0x01 len=16 type=BULK 
	0000  08 00 00 18 02 10 f0 03  00 39 00 10 09 10 00 00 |.........9......|
[1713] +61.626867 ASYNC-OUT-DONE ep=0x01 len=0 status=0 actual=16
[1714] +61.690149 ASYNC-IN-DONE ep=0x81 len=16 status=0 actual=16
	0000  08 00 00 18 ef 03 01 10  00 50 00 10 65 02 00 00 |.........P..e...|
[1715] +61.690254 ASYNC-IN-SUBMIT ep=0x81 len=0 type=BULK (in, awaiting data)
[1716] +61.792039 ASYNC-IN-DONE ep=0x81 len=0 status=2 actual=0
[1717] +61.792120 ASYNC-IN-SUBMIT ep=0x81 len=0 type=BULK (in, awaiting data)
[1718] +61.891402 ASYNC-IN-DONE ep=0x81 len=16 status=0 actual=16
	0000  08 00 00 18 f0 03 02 10  00 3b 00 10 09 02 00 00 |.........;......|
[1719] +61.891665 ASYNC-IN-SUBMIT ep=0x81 len=0 type=BULK (in, awaiting data)
[1720] +62.004519 ASYNC-IN-DONE ep=0x81 len=0 status=2 actual=0
[1721] +62.004618 ASYNC-IN-SUBMIT ep=0x81 len=0 type=BULK (in, awaiting data)
[1722] +62.117420 ASYNC-IN-DONE ep=0x81 len=0 status=2 actual=0
[1723] +62.117503 ASYNC-IN-SUBMIT ep=0x81 len=0 type=BULK (in, awaiting data)
[1724] +62.229207 ASYNC-IN-DONE ep=0x81 len=0 status=2 actual=0
[1725] +62.229299 ASYNC-IN-SUBMIT ep=0x81 len=0 type=BULK (in, awaiting data)
[1726] +62.247255 ASYNC-OUT ep=0x01 len=16 type=BULK 
	0000  08 00 00 18 80 10 ed 03  00 4d 00 10 fd 1a 00 00 |.........M......|
[1727] +62.247523 ASYNC-OUT-DONE ep=0x01 len=0 status=0 actual=16
[1728] +62.332735 ASYNC-IN-DONE ep=0x81 len=0 status=2 actual=0
[1729] +62.332839 ASYNC-IN-SUBMIT ep=0x81 len=0 type=BULK (in, awaiting data)
[1730] +62.445667 ASYNC-IN-DONE ep=0x81 len=0 status=2 actual=0
[1731] +62.445766 ASYNC-IN-SUBMIT ep=0x81 len=0 type=BULK (in, awaiting data)
[1732] +62.493257 ASYNC-IN-DONE ep=0x81 len=16 status=0 actual=16
	0000  08 00 00 18 ed 03 80 10  00 51 00 10 ae 02 00 00 |.........Q......|
[1733] +62.493375 ASYNC-IN-SUBMIT ep=0x81 len=0 type=BULK (in, awaiting data)
[1734] +62.507479 ASYNC-OUT ep=0x01 len=16 type=BULK 
	0000  08 00 00 18 01 10 ef 03  00 4e 00 10 93 1e 00 00 |.........N......|
[1735] +62.507692 ASYNC-OUT-DONE ep=0x01 len=0 status=0 actual=16
[1736] +62.602061 ASYNC-IN-DONE ep=0x81 len=0 status=2 actual=0
[1737] +62.602113 ASYNC-IN-SUBMIT ep=0x81 len=0 type=BULK (in, awaiting data)
[1738] +62.663661 ASYNC-OUT ep=0x01 len=16 type=BULK 
	0000  08 00 00 18 02 10 f0 03  00 3a 00 10 09 10 00 00 |.........:......|
[1739] +62.663964 ASYNC-OUT-DONE ep=0x01 len=0 status=0 actual=16
[1740] +62.693651 ASYNC-IN-DONE ep=0x81 len=16 status=0 actual=16
	0000  08 00 00 18 ef 03 01 10  00 51 00 10 65 02 00 00 |.........Q..e...|
[1741] +62.693776 ASYNC-IN-SUBMIT ep=0x81 len=0 type=BULK (in, awaiting data)
[1742] +62.796270 ASYNC-IN-DONE ep=0x81 len=0 status=2 actual=0
[1743] +62.796326 ASYNC-IN-SUBMIT ep=0x81 len=0 type=BULK (in, awaiting data)
[1744] +62.894548 ASYNC-IN-DONE ep=0x81 len=16 status=0 actual=16
	0000  08 00 00 18 f0 03 02 10  00 3c 00 10 09 02 00 00 |.........<......|
[1745] +62.894611 ASYNC-IN-SUBMIT ep=0x81 len=0 type=BULK (in, awaiting data)
[1746] +63.004135 ASYNC-IN-DONE ep=0x81 len=0 status=2 actual=0
[1747] +63.004244 ASYNC-IN-SUBMIT ep=0x81 len=0 type=BULK (in, awaiting data)
[1748] +63.105360 ASYNC-IN-DONE ep=0x81 len=0 status=2 actual=0
[1749] +63.105387 ASYNC-IN-SUBMIT ep=0x81 len=0 type=BULK (in, awaiting data)
[1750] +63.211647 ASYNC-IN-DONE ep=0x81 len=0 status=2 actual=0
[1751] +63.211673 ASYNC-IN-SUBMIT ep=0x81 len=0 type=BULK (in, awaiting data)
[1752] +63.287522 ASYNC-OUT ep=0x01 len=16 type=BULK 
	0000  08 00 00 18 80 10 ed 03  00 4e 00 10 fd 1a 00 00 |.........N......|
[1753] +63.287833 ASYNC-OUT-DONE ep=0x01 len=0 status=0 actual=16
[1754] +63.313655 ASYNC-IN-DONE ep=0x81 len=0 status=2 actual=0
[1755] +63.313731 ASYNC-IN-SUBMIT ep=0x81 len=0 type=BULK (in, awaiting data)
[1756] +63.426536 ASYNC-IN-DONE ep=0x81 len=0 status=2 actual=0
[1757] +63.426633 ASYNC-IN-SUBMIT ep=0x81 len=0 type=BULK (in, awaiting data)
[1758] +63.496580 ASYNC-IN-DONE ep=0x81 len=16 status=0 actual=16
	0000  08 00 00 18 ed 03 80 10  00 52 00 10 ae 02 00 00 |.........R......|
[1759] +63.496683 ASYNC-IN-SUBMIT ep=0x81 len=0 type=BULK (in, awaiting data)
[1760] +63.546855 ASYNC-OUT ep=0x01 len=16 type=BULK 
	0000  08 00 00 18 01 10 ef 03  00 4f 00 10 93 1e 00 00 |.........O......|
[1761] +63.547169 ASYNC-OUT-DONE ep=0x01 len=0 status=0 actual=16
[1762] +63.605960 ASYNC-IN-DONE ep=0x81 len=0 status=2 actual=0
[1763] +63.606038 ASYNC-IN-SUBMIT ep=0x81 len=0 type=BULK (in, awaiting data)
[1764] +63.697253 ASYNC-IN-DONE ep=0x81 len=16 status=0 actual=16
	0000  08 00 00 18 ef 03 01 10  00 52 00 10 65 02 00 00 |.........R..e...|
[1765] +63.697358 ASYNC-IN-SUBMIT ep=0x81 len=0 type=BULK (in, awaiting data)
[1766] +63.703012 ASYNC-OUT ep=0x01 len=16 type=BULK 
	0000  08 00 00 18 02 10 f0 03  00 3b 00 10 09 10 00 00 |.........;......|
[1767] +63.703264 ASYNC-OUT-DONE ep=0x01 len=0 status=0 actual=16
[1768] +63.807998 ASYNC-IN-DONE ep=0x81 len=0 status=2 actual=0
[1769] +63.808076 ASYNC-IN-SUBMIT ep=0x81 len=0 type=BULK (in, awaiting data)
[1770] +63.898558 ASYNC-IN-DONE ep=0x81 len=16 status=0 actual=16
	0000  08 00 00 18 f0 03 02 10  00 3d 00 10 09 02 00 00 |.........=......|
[1771] +63.898682 ASYNC-IN-SUBMIT ep=0x81 len=0 type=BULK (in, awaiting data)
[1772] +64.007994 ASYNC-IN-DONE ep=0x81 len=0 status=2 actual=0
[1773] +64.008077 ASYNC-IN-SUBMIT ep=0x81 len=0 type=BULK (in, awaiting data)
[1774] +64.120467 ASYNC-IN-DONE ep=0x81 len=0 status=2 actual=0
[1775] +64.120573 ASYNC-IN-SUBMIT ep=0x81 len=0 type=BULK (in, awaiting data)
[1776] +64.232956 ASYNC-IN-DONE ep=0x81 len=0 status=2 actual=0
[1777] +64.233020 ASYNC-IN-SUBMIT ep=0x81 len=0 type=BULK (in, awaiting data)
[1778] +64.327066 ASYNC-OUT ep=0x01 len=16 type=BULK 
	0000  08 00 00 18 80 10 ed 03  00 4f 00 10 fd 1a 00 00 |.........O......|
[1779] +64.327324 ASYNC-OUT-DONE ep=0x01 len=0 status=0 actual=16
[1780] +64.338206 ASYNC-IN-DONE ep=0x81 len=0 status=2 actual=0
[1781] +64.338233 ASYNC-IN-SUBMIT ep=0x81 len=0 type=BULK (in, awaiting data)
[1782] +64.451077 ASYNC-IN-DONE ep=0x81 len=0 status=2 actual=0
[1783] +64.451158 ASYNC-IN-SUBMIT ep=0x81 len=0 type=BULK (in, awaiting data)
[1784] +64.499658 ASYNC-IN-DONE ep=0x81 len=16 status=0 actual=16
	0000  08 00 00 18 ed 03 80 10  00 53 00 10 ae 02 00 00 |.........S......|
[1785] +64.499805 ASYNC-IN-SUBMIT ep=0x81 len=0 type=BULK (in, awaiting data)
[1786] +64.586738 ASYNC-OUT ep=0x01 len=16 type=BULK 
	0000  08 00 00 18 01 10 ef 03  00 50 00 10 93 1e 00 00 |.........P......|
[1787] +64.587075 ASYNC-OUT-DONE ep=0x01 len=0 status=0 actual=16
[1788] +64.607298 ASYNC-IN-DONE ep=0x81 len=0 status=2 actual=0
[1789] +64.607372 ASYNC-IN-SUBMIT ep=0x81 len=0 type=BULK (in, awaiting data)
[1790] +64.700473 ASYNC-IN-DONE ep=0x81 len=16 status=0 actual=16
	0000  08 00 00 18 ef 03 01 10  00 53 00 10 65 02 00 00 |.........S..e...|
[1791] +64.700567 ASYNC-IN-SUBMIT ep=0x81 len=0 type=BULK (in, awaiting data)
[1792] +64.742082 ASYNC-OUT ep=0x01 len=16 type=BULK 
	0000  08 00 00 18 02 10 f0 03  00 3c 00 10 09 10 00 00 |.........<......|
[1793] +64.742350 ASYNC-OUT-DONE ep=0x01 len=0 status=0 actual=16
[1794] +64.810638 ASYNC-IN-DONE ep=0x81 len=0 status=2 actual=0
[1795] +64.810722 ASYNC-IN-SUBMIT ep=0x81 len=0 type=BULK (in, awaiting data)
[1796] +64.900972 ASYNC-IN-DONE ep=0x81 len=16 status=0 actual=16
	0000  08 00 00 18 f0 03 02 10  00 3e 00 10 09 02 00 00 |.........>......|
[1797] +64.901112 ASYNC-IN-SUBMIT ep=0x81 len=0 type=BULK (in, awaiting data)
[1798] +65.010351 ASYNC-IN-DONE ep=0x81 len=0 status=2 actual=0
[1799] +65.010416 ASYNC-IN-SUBMIT ep=0x81 len=0 type=BULK (in, awaiting data)
[1800] +65.122380 ASYNC-IN-DONE ep=0x81 len=0 status=2 actual=0
[1801] +65.122489 ASYNC-IN-SUBMIT ep=0x81 len=0 type=BULK (in, awaiting data)
[1802] +65.232944 ASYNC-IN-DONE ep=0x81 len=0 status=2 actual=0
[1803] +65.233015 ASYNC-IN-SUBMIT ep=0x81 len=0 type=BULK (in, awaiting data)
[1804] +65.344260 ASYNC-IN-DONE ep=0x81 len=0 status=2 actual=0
[1805] +65.344330 ASYNC-IN-SUBMIT ep=0x81 len=0 type=BULK (in, awaiting data)
[1806] +65.366029 ASYNC-OUT ep=0x01 len=16 type=BULK 
	0000  08 00 00 18 80 10 ed 03  00 50 00 10 fd 1a 00 00 |.........P......|
[1807] +65.366287 ASYNC-OUT-DONE ep=0x01 len=0 status=0 actual=16
[1808] +65.453941 ASYNC-IN-DONE ep=0x81 len=0 status=2 actual=0
[1809] +65.454021 ASYNC-IN-SUBMIT ep=0x81 len=0 type=BULK (in, awaiting data)
[1810] +65.503206 ASYNC-IN-DONE ep=0x81 len=16 status=0 actual=16
	0000  08 00 00 18 ed 03 80 10  00 54 00 10 ae 02 00 00 |.........T......|
[1811] +65.503284 ASYNC-IN-SUBMIT ep=0x81 len=0 type=BULK (in, awaiting data)
[1812] +65.614716 ASYNC-IN-DONE ep=0x81 len=0 status=2 actual=0
[1813] +65.614794 ASYNC-IN-SUBMIT ep=0x81 len=0 type=BULK (in, awaiting data)
[1814] +65.625414 ASYNC-OUT ep=0x01 len=16 type=BULK 
	0000  08 00 00 18 01 10 ef 03  00 51 00 10 93 1e 00 00 |.........Q......|
[1815] +65.625599 ASYNC-OUT-DONE ep=0x01 len=0 status=0 actual=16
[1816] +65.703667 ASYNC-IN-DONE ep=0x81 len=16 status=0 actual=16
	0000  08 00 00 18 ef 03 01 10  00 54 00 10 65 02 00 00 |.........T..e...|
[1817] +65.703791 ASYNC-IN-SUBMIT ep=0x81 len=0 type=BULK (in, awaiting data)
[1818] +65.780728 ASYNC-OUT ep=0x01 len=16 type=BULK 
	0000  08 00 00 18 02 10 f0 03  00 3d 00 10 09 10 00 00 |.........=......|
[1819] +65.781002 ASYNC-OUT-DONE ep=0x01 len=0 status=0 actual=16
[1820] +65.815413 ASYNC-IN-DONE ep=0x81 len=0 status=2 actual=0
[1821] +65.815560 ASYNC-IN-SUBMIT ep=0x81 len=0 type=BULK (in, awaiting data)
[1822] +65.904440 ASYNC-IN-DONE ep=0x81 len=16 status=0 actual=16
	0000  08 00 00 18 f0 03 02 10  00 3f 00 10 09 02 00 00 |.........?......|
[1823] +65.904541 ASYNC-IN-SUBMIT ep=0x81 len=0 type=BULK (in, awaiting data)
[1824] +66.009861 ASYNC-IN-DONE ep=0x81 len=0 status=2 actual=0
[1825] +66.009935 ASYNC-IN-SUBMIT ep=0x81 len=0 type=BULK (in, awaiting data)
[1826] +66.118338 ASYNC-IN-DONE ep=0x81 len=0 status=2 actual=0
[1827] +66.118433 ASYNC-IN-SUBMIT ep=0x81 len=0 type=BULK (in, awaiting data)
[1828] +66.222468 ASYNC-IN-DONE ep=0x81 len=0 status=2 actual=0
[1829] +66.222558 ASYNC-IN-SUBMIT ep=0x81 len=0 type=BULK (in, awaiting data)
[1830] +66.335395 ASYNC-IN-DONE ep=0x81 len=0 status=2 actual=0
[1831] +66.335477 ASYNC-IN-SUBMIT ep=0x81 len=0 type=BULK (in, awaiting data)
[1832] +66.403661 ASYNC-OUT ep=0x01 len=16 type=BULK 
	0000  08 00 00 18 80 10 ed 03  00 51 00 10 fd 1a 00 00 |.........Q......|
[1833] +66.403952 ASYNC-OUT-DONE ep=0x01 len=0 status=0 actual=16
[1834] +66.440683 ASYNC-IN-DONE ep=0x81 len=0 status=2 actual=0
[1835] +66.440762 ASYNC-IN-SUBMIT ep=0x81 len=0 type=BULK (in, awaiting data)
[1836] +66.506442 ASYNC-IN-DONE ep=0x81 len=16 status=0 actual=16
	0000  08 00 00 18 ed 03 80 10  00 55 00 10 ae 02 00 00 |.........U......|
[1837] +66.506565 ASYNC-IN-SUBMIT ep=0x81 len=0 type=BULK (in, awaiting data)
[1838] +66.612848 ASYNC-IN-DONE ep=0x81 len=0 status=2 actual=0
[1839] +66.612929 ASYNC-IN-SUBMIT ep=0x81 len=0 type=BULK (in, awaiting data)
[1840] +66.662439 ASYNC-OUT ep=0x01 len=16 type=BULK 
	0000  08 00 00 18 01 10 ef 03  00 52 00 10 93 1e 00 00 |.........R......|
[1841] +66.662728 ASYNC-OUT-DONE ep=0x01 len=0 status=0 actual=16
[1842] +66.706854 ASYNC-IN-DONE ep=0x81 len=16 status=0 actual=16
	0000  08 00 00 18 ef 03 01 10  00 55 00 10 65 02 00 00 |.........U..e...|
[1843] +66.706968 ASYNC-IN-SUBMIT ep=0x81 len=0 type=BULK (in, awaiting data)
[1844] +66.816358 ASYNC-IN-DONE ep=0x81 len=0 status=2 actual=0
[1845] +66.816439 ASYNC-IN-SUBMIT ep=0x81 len=0 type=BULK (in, awaiting data)
[1846] +66.818189 ASYNC-OUT ep=0x01 len=16 type=BULK 
	0000  08 00 00 18 02 10 f0 03  00 3e 00 10 09 10 00 00 |.........>......|
[1847] +66.818335 ASYNC-OUT-DONE ep=0x01 len=0 status=0 actual=16
[1848] +66.908047 ASYNC-IN-DONE ep=0x81 len=16 status=0 actual=16
	0000  08 00 00 18 f0 03 02 10  00 40 00 10 09 02 00 00 |.........@......|
[1849] +66.908141 ASYNC-IN-SUBMIT ep=0x81 len=0 type=BULK (in, awaiting data)
[1850] +67.015793 ASYNC-IN-DONE ep=0x81 len=0 status=2 actual=0
[1851] +67.015874 ASYNC-IN-SUBMIT ep=0x81 len=0 type=BULK (in, awaiting data)
[1852] +67.117809 ASYNC-IN-DONE ep=0x81 len=0 status=2 actual=0
[1853] +67.117844 ASYNC-IN-SUBMIT ep=0x81 len=0 type=BULK (in, awaiting data)
[1854] +67.227104 ASYNC-IN-DONE ep=0x81 len=0 status=2 actual=0
[1855] +67.227133 ASYNC-IN-SUBMIT ep=0x81 len=0 type=BULK (in, awaiting data)
[1856] +67.339942 ASYNC-IN-DONE ep=0x81 len=0 status=2 actual=0
[1857] +67.339993 ASYNC-IN-SUBMIT ep=0x81 len=0 type=BULK (in, awaiting data)
[1858] +67.441671 ASYNC-OUT ep=0x01 len=16 type=BULK 
	0000  08 00 00 18 80 10 ed 03  00 52 00 10 fd 1a 00 00 |.........R......|
[1859] +67.441994 ASYNC-OUT-DONE ep=0x01 len=0 status=0 actual=16
[1860] +67.448171 ASYNC-IN-DONE ep=0x81 len=0 status=2 actual=0
[1861] +67.448228 ASYNC-IN-SUBMIT ep=0x81 len=0 type=BULK (in, awaiting data)
[1862] +67.509719 ASYNC-IN-DONE ep=0x81 len=16 status=0 actual=16
	0000  08 00 00 18 ed 03 80 10  00 56 00 10 ae 02 00 00 |.........V......|
[1863] +67.509823 ASYNC-IN-SUBMIT ep=0x81 len=0 type=BULK (in, awaiting data)
[1864] +67.620514 ASYNC-IN-DONE ep=0x81 len=0 status=2 actual=0
[1865] +67.620611 ASYNC-IN-SUBMIT ep=0x81 len=0 type=BULK (in, awaiting data)
[1866] +67.701628 ASYNC-OUT ep=0x01 len=16 type=BULK 
	0000  08 00 00 18 01 10 ef 03  00 53 00 10 93 1e 00 00 |.........S......|
[1867] +67.701853 ASYNC-OUT-DONE ep=0x01 len=0 status=0 actual=16
[1868] +67.710516 ASYNC-IN-DONE ep=0x81 len=16 status=0 actual=16
	0000  08 00 00 18 ef 03 01 10  00 56 00 10 65 02 00 00 |.........V..e...|
[1869] +67.710648 ASYNC-IN-SUBMIT ep=0x81 len=0 type=BULK (in, awaiting data)
[1870] +67.820508 ASYNC-IN-DONE ep=0x81 len=0 status=2 actual=0
[1871] +67.820599 ASYNC-IN-SUBMIT ep=0x81 len=0 type=BULK (in, awaiting data)
[1872] +67.857149 ASYNC-OUT ep=0x01 len=16 type=BULK 
	0000  08 00 00 18 02 10 f0 03  00 3f 00 10 09 10 00 00 |.........?......|
[1873] +67.857381 ASYNC-OUT-DONE ep=0x01 len=0 status=0 actual=16
[1874] +67.910974 ASYNC-IN-DONE ep=0x81 len=16 status=0 actual=16
	0000  08 00 00 18 f0 03 02 10  00 41 00 10 09 02 00 00 |.........A......|
[1875] +67.911020 ASYNC-IN-SUBMIT ep=0x81 len=0 type=BULK (in, awaiting data)
[1876] +68.021695 ASYNC-IN-DONE ep=0x81 len=0 status=2 actual=0
[1877] +68.021719 ASYNC-IN-SUBMIT ep=0x81 len=0 type=BULK (in, awaiting data)
[1878] +68.126236 ASYNC-IN-DONE ep=0x81 len=0 status=2 actual=0
[1879] +68.126265 ASYNC-IN-SUBMIT ep=0x81 len=0 type=BULK (in, awaiting data)
[1880] +68.228827 ASYNC-IN-DONE ep=0x81 len=0 status=2 actual=0
[1881] +68.228853 ASYNC-IN-SUBMIT ep=0x81 len=0 type=BULK (in, awaiting data)
[1882] +68.341594 ASYNC-IN-DONE ep=0x81 len=0 status=2 actual=0
[1883] +68.341650 ASYNC-IN-SUBMIT ep=0x81 len=0 type=BULK (in, awaiting data)
[1884] +68.450232 ASYNC-IN-DONE ep=0x81 len=0 status=2 actual=0
[1885] +68.450309 ASYNC-IN-SUBMIT ep=0x81 len=0 type=BULK (in, awaiting data)
[1886] +68.481423 ASYNC-OUT ep=0x01 len=16 type=BULK 
	0000  08 00 00 18 80 10 ed 03  00 53 00 10 fd 1a 00 00 |.........S......|
[1887] +68.481764 ASYNC-OUT-DONE ep=0x01 len=0 status=0 actual=16
[1888] +68.512965 ASYNC-IN-DONE ep=0x81 len=16 status=0 actual=16
	0000  08 00 00 18 ed 03 80 10  00 57 00 10 ae 02 00 00 |.........W......|
[1889] +68.513070 ASYNC-IN-SUBMIT ep=0x81 len=0 type=BULK (in, awaiting data)
[1890] +68.625942 ASYNC-IN-DONE ep=0x81 len=0 status=2 actual=0
[1891] +68.626037 ASYNC-IN-SUBMIT ep=0x81 len=0 type=BULK (in, awaiting data)
[1892] +68.714094 ASYNC-IN-DONE ep=0x81 len=16 status=0 actual=16
	0000  08 00 00 18 ef 03 01 10  00 57 00 10 65 02 00 00 |.........W..e...|
[1893] +68.714185 ASYNC-IN-SUBMIT ep=0x81 len=0 type=BULK (in, awaiting data)
[1894] +68.740755 ASYNC-OUT ep=0x01 len=16 type=BULK 
	0000  08 00 00 18 01 10 ef 03  00 54 00 10 93 1e 00 00 |.........T......|
[1895] +68.741107 ASYNC-OUT-DONE ep=0x01 len=0 status=0 actual=16
[1896] +68.818977 ASYNC-IN-DONE ep=0x81 len=0 status=2 actual=0
[1897] +68.819059 ASYNC-IN-SUBMIT ep=0x81 len=0 type=BULK (in, awaiting data)
[1898] +68.896931 ASYNC-OUT ep=0x01 len=16 type=BULK 
	0000  08 00 00 18 02 10 f0 03  00 40 00 10 09 10 00 00 |.........@......|
[1899] +68.897235 ASYNC-OUT-DONE ep=0x01 len=0 status=0 actual=16
[1900] +68.914622 ASYNC-IN-DONE ep=0x81 len=16 status=0 actual=16
	0000  08 00 00 18 f0 03 02 10  00 42 00 10 09 02 00 00 |.........B......|
[1901] +68.914765 ASYNC-IN-SUBMIT ep=0x81 len=0 type=BULK (in, awaiting data)
[1902] +69.027616 ASYNC-IN-DONE ep=0x81 len=0 status=2 actual=0
[1903] +69.027706 ASYNC-IN-SUBMIT ep=0x81 len=0 type=BULK (in, awaiting data)
[1904] +69.139994 ASYNC-IN-DONE ep=0x81 len=0 status=2 actual=0
[1905] +69.140110 ASYNC-IN-SUBMIT ep=0x81 len=0 type=BULK (in, awaiting data)
[1906] +69.249764 ASYNC-IN-DONE ep=0x81 len=0 status=2 actual=0
[1907] +69.249863 ASYNC-IN-SUBMIT ep=0x81 len=0 type=BULK (in, awaiting data)
[1908] +69.360056 ASYNC-IN-DONE ep=0x81 len=0 status=2 actual=0
[1909] +69.360162 ASYNC-IN-SUBMIT ep=0x81 len=0 type=BULK (in, awaiting data)
[1910] +69.472739 ASYNC-IN-DONE ep=0x81 len=0 status=2 actual=0
[1911] +69.472838 ASYNC-IN-SUBMIT ep=0x81 len=0 type=BULK (in, awaiting data)
[1912] +69.516530 ASYNC-IN-DONE ep=0x81 len=16 status=0 actual=16
	0000  08 00 00 18 ed 03 80 10  00 58 00 10 ae 02 00 00 |.........X......|
[1913] +69.516667 ASYNC-IN-SUBMIT ep=0x81 len=0 type=BULK (in, awaiting data)
[1914] +69.519184 ASYNC-OUT ep=0x01 len=16 type=BULK 
	0000  08 00 00 18 80 10 ed 03  00 54 00 10 fd 1a 00 00 |.........T......|
[1915] +69.519424 ASYNC-OUT-DONE ep=0x01 len=0 status=0 actual=16
[1916] +69.629449 ASYNC-IN-DONE ep=0x81 len=0 status=2 actual=0
[1917] +69.629557 ASYNC-IN-SUBMIT ep=0x81 len=0 type=BULK (in, awaiting data)
[1918] +69.716963 ASYNC-IN-DONE ep=0x81 len=16 status=0 actual=16
	0000  08 00 00 18 ef 03 01 10  00 58 00 10 65 02 00 00 |.........X..e...|
[1919] +69.717073 ASYNC-IN-SUBMIT ep=0x81 len=0 type=BULK (in, awaiting data)
[1920] +69.778942 ASYNC-OUT ep=0x01 len=16 type=BULK 
	0000  08 00 00 18 01 10 ef 03  00 55 00 10 93 1e 00 00 |.........U......|
[1921] +69.779300 ASYNC-OUT-DONE ep=0x01 len=0 status=0 actual=16
[1922] +69.821766 ASYNC-IN-DONE ep=0x81 len=0 status=2 actual=0
[1923] +69.821877 ASYNC-IN-SUBMIT ep=0x81 len=0 type=BULK (in, awaiting data)
[1924] +69.918165 ASYNC-IN-DONE ep=0x81 len=16 status=0 actual=16
	0000  08 00 00 18 f0 03 02 10  00 43 00 10 09 02 00 00 |.........C......|
[1925] +69.918271 ASYNC-IN-SUBMIT ep=0x81 len=0 type=BULK (in, awaiting data)
[1926] +69.933700 ASYNC-OUT ep=0x01 len=16 type=BULK 
	0000  08 00 00 18 02 10 f0 03  00 41 00 10 09 10 00 00 |.........A......|
[1927] +69.934024 ASYNC-OUT-DONE ep=0x01 len=0 status=0 actual=16
[1928] +70.020896 ASYNC-IN-DONE ep=0x81 len=0 status=2 actual=0
[1929] +70.020974 ASYNC-IN-SUBMIT ep=0x81 len=0 type=BULK (in, awaiting data)
[1930] +70.124731 ASYNC-IN-DONE ep=0x81 len=0 status=2 actual=0
[1931] +70.124829 ASYNC-IN-SUBMIT ep=0x81 len=0 type=BULK (in, awaiting data)
[1932] +70.233626 ASYNC-IN-DONE ep=0x81 len=0 status=2 actual=0
[1933] +70.233709 ASYNC-IN-SUBMIT ep=0x81 len=0 type=BULK (in, awaiting data)
[1934] +70.346580 ASYNC-IN-DONE ep=0x81 len=0 status=2 actual=0
[1935] +70.346644 ASYNC-IN-SUBMIT ep=0x81 len=0 type=BULK (in, awaiting data)
[1936] +70.454694 ASYNC-IN-DONE ep=0x81 len=0 status=2 actual=0
[1937] +70.454787 ASYNC-IN-SUBMIT ep=0x81 len=0 type=BULK (in, awaiting data)
[1938] +70.519741 ASYNC-IN-DONE ep=0x81 len=16 status=0 actual=16
	0000  08 00 00 18 ed 03 80 10  00 59 00 10 ae 02 00 00 |.........Y......|
[1939] +70.519839 ASYNC-IN-SUBMIT ep=0x81 len=0 type=BULK (in, awaiting data)
[1940] +70.557808 ASYNC-OUT ep=0x01 len=16 type=BULK 
	0000  08 00 00 18 80 10 ed 03  00 55 00 10 fd 1a 00 00 |.........U......|
[1941] +70.558076 ASYNC-OUT-DONE ep=0x01 len=0 status=0 actual=16
[1942] +70.632620 ASYNC-IN-DONE ep=0x81 len=0 status=2 actual=0
[1943] +70.632711 ASYNC-IN-SUBMIT ep=0x81 len=0 type=BULK (in, awaiting data)
[1944] +70.721320 ASYNC-IN-DONE ep=0x81 len=16 status=0 actual=16
	0000  08 00 00 18 ef 03 01 10  00 59 00 10 65 02 00 00 |.........Y..e...|
[1945] +70.721585 ASYNC-IN-SUBMIT ep=0x81 len=0 type=BULK (in, awaiting data)
[1946] +70.817539 ASYNC-OUT ep=0x01 len=16 type=BULK 
	0000  08 00 00 18 01 10 ef 03  00 56 00 10 93 1e 00 00 |.........V......|
[1947] +70.817898 ASYNC-OUT-DONE ep=0x01 len=0 status=0 actual=16
[1948] +70.834422 ASYNC-IN-DONE ep=0x81 len=0 status=2 actual=0
[1949] +70.834506 ASYNC-IN-SUBMIT ep=0x81 len=0 type=BULK (in, awaiting data)
[1950] +70.921813 ASYNC-IN-DONE ep=0x81 len=16 status=0 actual=16
	0000  08 00 00 18 f0 03 02 10  00 44 00 10 09 02 00 00 |.........D......|
[1951] +70.921923 ASYNC-IN-SUBMIT ep=0x81 len=0 type=BULK (in, awaiting data)
[1952] +70.973237 ASYNC-OUT ep=0x01 len=16 type=BULK 
	0000  08 00 00 18 02 10 f0 03  00 42 00 10 09 10 00 00 |.........B......|
[1953] +70.973531 ASYNC-OUT-DONE ep=0x01 len=0 status=0 actual=16
[1954] +71.031156 ASYNC-IN-DONE ep=0x81 len=0 status=2 actual=0
[1955] +71.031270 ASYNC-IN-SUBMIT ep=0x81 len=0 type=BULK (in, awaiting data)
[1956] +71.132426 ASYNC-IN-DONE ep=0x81 len=0 status=2 actual=0
[1957] +71.132521 ASYNC-IN-SUBMIT ep=0x81 len=0 type=BULK (in, awaiting data)
[1958] +71.240745 ASYNC-IN-DONE ep=0x81 len=0 status=2 actual=0
[1959] +71.240826 ASYNC-IN-SUBMIT ep=0x81 len=0 type=BULK (in, awaiting data)
[1960] +71.351396 ASYNC-IN-DONE ep=0x81 len=0 status=2 actual=0
[1961] +71.351481 ASYNC-IN-SUBMIT ep=0x81 len=0 type=BULK (in, awaiting data)
[1962] +71.460058 ASYNC-IN-DONE ep=0x81 len=0 status=2 actual=0
[1963] +71.460155 ASYNC-IN-SUBMIT ep=0x81 len=0 type=BULK (in, awaiting data)
[1964] +71.523301 ASYNC-IN-DONE ep=0x81 len=16 status=0 actual=16
	0000  08 00 00 18 ed 03 80 10  00 5a 00 10 ae 02 00 00 |.........Z......|
[1965] +71.523442 ASYNC-IN-SUBMIT ep=0x81 len=0 type=BULK (in, awaiting data)
[1966] +71.596508 ASYNC-OUT ep=0x01 len=16 type=BULK 
	0000  08 00 00 18 80 10 ed 03  00 56 00 10 fd 1a 00 00 |.........V......|
[1967] +71.596778 ASYNC-OUT-DONE ep=0x01 len=0 status=0 actual=16
[1968] +71.635208 ASYNC-IN-DONE ep=0x81 len=0 status=2 actual=0
[1969] +71.635286 ASYNC-IN-SUBMIT ep=0x81 len=0 type=BULK (in, awaiting data)
[1970] +71.724109 ASYNC-IN-DONE ep=0x81 len=16 status=0 actual=16
	0000  08 00 00 18 ef 03 01 10  00 5a 00 10 65 02 00 00 |.........Z..e...|
[1971] +71.724329 ASYNC-IN-SUBMIT ep=0x81 len=0 type=BULK (in, awaiting data)
[1972] +71.834210 ASYNC-IN-DONE ep=0x81 len=0 status=2 actual=0
[1973] +71.834314 ASYNC-IN-SUBMIT ep=0x81 len=0 type=BULK (in, awaiting data)
[1974] +71.854964 ASYNC-OUT ep=0x01 len=16 type=BULK 
	0000  08 00 00 18 01 10 ef 03  00 57 00 10 93 1e 00 00 |.........W......|
[1975] +71.855229 ASYNC-OUT-DONE ep=0x01 len=0 status=0 actual=16
[1976] +71.924957 ASYNC-IN-DONE ep=0x81 len=16 status=0 actual=16
	0000  08 00 00 18 f0 03 02 10  00 45 00 10 09 02 00 00 |.........E......|
[1977] +71.925082 ASYNC-IN-SUBMIT ep=0x81 len=0 type=BULK (in, awaiting data)
[1978] +72.011163 ASYNC-OUT ep=0x01 len=16 type=BULK 
	0000  08 00 00 18 02 10 f0 03  00 43 00 10 09 10 00 00 |.........C......|
[1979] +72.011515 ASYNC-OUT-DONE ep=0x01 len=0 status=0 actual=16
[1980] +72.037316 ASYNC-IN-DONE ep=0x81 len=0 status=2 actual=0
[1981] +72.037383 ASYNC-IN-SUBMIT ep=0x81 len=0 type=BULK (in, awaiting data)
[1982] +72.141210 ASYNC-IN-DONE ep=0x81 len=0 status=2 actual=0
[1983] +72.141300 ASYNC-IN-SUBMIT ep=0x81 len=0 type=BULK (in, awaiting data)
[1984] +72.254141 ASYNC-IN-DONE ep=0x81 len=0 status=2 actual=0
[1985] +72.254226 ASYNC-IN-SUBMIT ep=0x81 len=0 type=BULK (in, awaiting data)
[1986] +72.367050 ASYNC-IN-DONE ep=0x81 len=0 status=2 actual=0
[1987] +72.367158 ASYNC-IN-SUBMIT ep=0x81 len=0 type=BULK (in, awaiting data)
[1988] +72.479974 ASYNC-IN-DONE ep=0x81 len=0 status=2 actual=0
[1989] +72.480069 ASYNC-IN-SUBMIT ep=0x81 len=0 type=BULK (in, awaiting data)
[1990] +72.526548 ASYNC-IN-DONE ep=0x81 len=16 status=0 actual=16
	0000  08 00 00 18 ed 03 80 10  00 5b 00 10 ae 02 00 00 |.........[......|
[1991] +72.526651 ASYNC-IN-SUBMIT ep=0x81 len=0 type=BULK (in, awaiting data)
[1992] +72.627467 ASYNC-IN-DONE ep=0x81 len=0 status=2 actual=0
[1993] +72.627569 ASYNC-IN-SUBMIT ep=0x81 len=0 type=BULK (in, awaiting data)
[1994] +72.633471 ASYNC-OUT ep=0x01 len=16 type=BULK 
	0000  08 00 00 18 80 10 ed 03  00 57 00 10 fd 1a 00 00 |.........W......|
[1995] +72.633796 ASYNC-OUT-DONE ep=0x01 len=0 status=0 actual=16
[1996] +72.727270 ASYNC-IN-DONE ep=0x81 len=16 status=0 actual=16
	0000  08 00 00 18 ef 03 01 10  00 5b 00 10 65 02 00 00 |.........[..e...|
[1997] +72.727407 ASYNC-IN-SUBMIT ep=0x81 len=0 type=BULK (in, awaiting data)
[1998] +72.831287 ASYNC-IN-DONE ep=0x81 len=0 status=2 actual=0
[1999] +72.831398 ASYNC-IN-SUBMIT ep=0x81 len=0 type=BULK (in, awaiting data)
[2000] +72.893726 ASYNC-OUT ep=0x01 len=16 type=BULK 
	0000  08 00 00 18 01 10 ef 03  00 58 00 10 93 1e 00 00 |.........X......|
[2001] +72.894044 ASYNC-OUT-DONE ep=0x01 len=0 status=0 actual=16
[2002] +72.928066 ASYNC-IN-DONE ep=0x81 len=16 status=0 actual=16
	0000  08 00 00 18 f0 03 02 10  00 46 00 10 09 02 00 00 |.........F......|
[2003] +72.928160 ASYNC-IN-SUBMIT ep=0x81 len=0 type=BULK (in, awaiting data)
[2004] +73.035643 ASYNC-IN-DONE ep=0x81 len=0 status=2 actual=0
[2005] +73.035722 ASYNC-IN-SUBMIT ep=0x81 len=0 type=BULK (in, awaiting data)
[2006] +73.049800 ASYNC-OUT ep=0x01 len=16 type=BULK 
	0000  08 00 00 18 02 10 f0 03  00 44 00 10 09 10 00 00 |.........D......|
[2007] +73.050098 ASYNC-OUT-DONE ep=0x01 len=0 status=0 actual=16
[2008] +73.148519 ASYNC-IN-DONE ep=0x81 len=0 status=2 actual=0
[2009] +73.148621 ASYNC-IN-SUBMIT ep=0x81 len=0 type=BULK (in, awaiting data)
[2010] +73.258158 ASYNC-IN-DONE ep=0x81 len=0 status=2 actual=0
[2011] +73.258248 ASYNC-IN-SUBMIT ep=0x81 len=0 type=BULK (in, awaiting data)
[2012] +73.359704 ASYNC-IN-DONE ep=0x81 len=0 status=2 actual=0
[2013] +73.359796 ASYNC-IN-SUBMIT ep=0x81 len=0 type=BULK (in, awaiting data)
[2014] +73.472647 ASYNC-IN-DONE ep=0x81 len=0 status=2 actual=0
[2015] +73.472725 ASYNC-IN-SUBMIT ep=0x81 len=0 type=BULK (in, awaiting data)
[2016] +73.529972 ASYNC-IN-DONE ep=0x81 len=16 status=0 actual=16
	0000  08 00 00 18 ed 03 80 10  00 5c 00 10 ae 02 00 00 |.........\......|
[2017] +73.530074 ASYNC-IN-SUBMIT ep=0x81 len=0 type=BULK (in, awaiting data)
[2018] +73.632593 ASYNC-IN-DONE ep=0x81 len=0 status=2 actual=0
[2019] +73.632649 ASYNC-IN-SUBMIT ep=0x81 len=0 type=BULK (in, awaiting data)
[2020] +73.673123 ASYNC-OUT ep=0x01 len=16 type=BULK 
	0000  08 00 00 18 80 10 ed 03  00 58 00 10 fd 1a 00 00 |.........X......|
[2021] +73.673468 ASYNC-OUT-DONE ep=0x01 len=0 status=0 actual=16
[2022] +73.730721 ASYNC-IN-DONE ep=0x81 len=16 status=0 actual=16
	0000  08 00 00 18 ef 03 01 10  00 5c 00 10 65 02 00 00 |.........\..e...|
[2023] +73.730805 ASYNC-IN-SUBMIT ep=0x81 len=0 type=BULK (in, awaiting data)
[2024] +73.838894 ASYNC-IN-DONE ep=0x81 len=0 status=2 actual=0
[2025] +73.839001 ASYNC-IN-SUBMIT ep=0x81 len=0 type=BULK (in, awaiting data)
[2026] +73.931277 ASYNC-IN-DONE ep=0x81 len=16 status=0 actual=16
	0000  08 00 00 18 f0 03 02 10  00 47 00 10 09 02 00 00 |.........G......|
[2027] +73.931409 ASYNC-IN-SUBMIT ep=0x81 len=0 type=BULK (in, awaiting data)
[2028] +73.933006 ASYNC-OUT ep=0x01 len=16 type=BULK 
	0000  08 00 00 18 01 10 ef 03  00 59 00 10 93 1e 00 00 |.........Y......|
[2029] +73.933214 ASYNC-OUT-DONE ep=0x01 len=0 status=0 actual=16
[2030] +74.044203 ASYNC-IN-DONE ep=0x81 len=0 status=2 actual=0
[2031] +74.044305 ASYNC-IN-SUBMIT ep=0x81 len=0 type=BULK (in, awaiting data)
[2032] +74.088607 ASYNC-OUT ep=0x01 len=16 type=BULK 
	0000  08 00 00 18 02 10 f0 03  00 45 00 10 09 10 00 00 |.........E......|
[2033] +74.088939 ASYNC-OUT-DONE ep=0x01 len=0 status=0 actual=16
[2034] +74.144933 ASYNC-IN-DONE ep=0x81 len=0 status=2 actual=0
[2035] +74.144977 ASYNC-IN-SUBMIT ep=0x81 len=0 type=BULK (in, awaiting data)
[2036] +74.252836 ASYNC-IN-DONE ep=0x81 len=0 status=2 actual=0
[2037] +74.252913 ASYNC-IN-SUBMIT ep=0x81 len=0 type=BULK (in, awaiting data)
[2038] +74.364537 ASYNC-IN-DONE ep=0x81 len=0 status=2 actual=0
[2039] +74.364616 ASYNC-IN-SUBMIT ep=0x81 len=0 type=BULK (in, awaiting data)
[2040] +74.465404 ASYNC-IN-DONE ep=0x81 len=0 status=2 actual=0
[2041] +74.465491 ASYNC-IN-SUBMIT ep=0x81 len=0 type=BULK (in, awaiting data)
[2042] +74.533208 ASYNC-IN-DONE ep=0x81 len=16 status=0 actual=16
	0000  08 00 00 18 ed 03 80 10  00 5d 00 10 ae 02 00 00 |.........]......|
[2043] +74.533307 ASYNC-IN-SUBMIT ep=0x81 len=0 type=BULK (in, awaiting data)
[2044] +74.636392 ASYNC-IN-DONE ep=0x81 len=0 status=2 actual=0
[2045] +74.636571 ASYNC-IN-SUBMIT ep=0x81 len=0 type=BULK (in, awaiting data)
[2046] +74.709910 ASYNC-OUT ep=0x01 len=16 type=BULK 
	0000  08 00 00 18 80 10 ed 03  00 59 00 10 fd 1a 00 00 |.........Y......|
[2047] +74.710233 ASYNC-OUT-DONE ep=0x01 len=0 status=0 actual=16
[2048] +74.733965 ASYNC-IN-DONE ep=0x81 len=16 status=0 actual=16
	0000  08 00 00 18 ef 03 01 10  00 5d 00 10 65 02 00 00 |.........]..e...|
[2049] +74.734059 ASYNC-IN-SUBMIT ep=0x81 len=0 type=BULK (in, awaiting data)
[2050] +74.845644 ASYNC-IN-DONE ep=0x81 len=0 status=2 actual=0
[2051] +74.845740 ASYNC-IN-SUBMIT ep=0x81 len=0 type=BULK (in, awaiting data)
[2052] +74.934823 ASYNC-IN-DONE ep=0x81 len=16 status=0 actual=16
	0000  08 00 00 18 f0 03 02 10  00 48 00 10 09 02 00 00 |.........H......|
[2053] +74.934959 ASYNC-IN-SUBMIT ep=0x81 len=0 type=BULK (in, awaiting data)
[2054] +74.969379 ASYNC-OUT ep=0x01 len=16 type=BULK 
	0000  08 00 00 18 01 10 ef 03  00 5a 00 10 93 1e 00 00 |.........Z......|
[2055] +74.969616 ASYNC-OUT-DONE ep=0x01 len=0 status=0 actual=16
[2056] +75.047336 ASYNC-IN-DONE ep=0x81 len=0 status=2 actual=0
[2057] +75.047426 ASYNC-IN-SUBMIT ep=0x81 len=0 type=BULK (in, awaiting data)
[2058] +75.124667 ASYNC-OUT ep=0x01 len=16 type=BULK 
	0000  08 00 00 18 02 10 f0 03  00 46 00 10 09 10 00 00 |.........F......|
[2059] +75.125006 ASYNC-OUT-DONE ep=0x01 len=0 status=0 actual=16
[2060] +75.160085 ASYNC-IN-DONE ep=0x81 len=0 status=2 actual=0
[2061] +75.160147 ASYNC-IN-SUBMIT ep=0x81 len=0 type=BULK (in, awaiting data)
[2062] +75.267126 ASYNC-IN-DONE ep=0x81 len=0 status=2 actual=0
[2063] +75.267198 ASYNC-IN-SUBMIT ep=0x81 len=0 type=BULK (in, awaiting data)
[2064] +75.371789 ASYNC-IN-DONE ep=0x81 len=0 status=2 actual=0
[2065] +75.371891 ASYNC-IN-SUBMIT ep=0x81 len=0 type=BULK (in, awaiting data)
[2066] +75.474430 ASYNC-IN-DONE ep=0x81 len=0 status=2 actual=0
[2067] +75.474527 ASYNC-IN-SUBMIT ep=0x81 len=0 type=BULK (in, awaiting data)
[2068] +75.536716 ASYNC-IN-DONE ep=0x81 len=16 status=0 actual=16
	0000  08 00 00 18 ed 03 80 10  00 5e 00 10 ae 02 00 00 |.........^......|
[2069] +75.536810 ASYNC-IN-SUBMIT ep=0x81 len=0 type=BULK (in, awaiting data)
[2070] +75.643505 ASYNC-IN-DONE ep=0x81 len=0 status=2 actual=0
[2071] +75.643588 ASYNC-IN-SUBMIT ep=0x81 len=0 type=BULK (in, awaiting data)
[2072] +75.737204 ASYNC-IN-DONE ep=0x81 len=16 status=0 actual=16
	0000  08 00 00 18 ef 03 01 10  00 5e 00 10 65 02 00 00 |.........^..e...|
[2073] +75.737299 ASYNC-IN-SUBMIT ep=0x81 len=0 type=BULK (in, awaiting data)
[2074] +75.747480 ASYNC-OUT ep=0x01 len=16 type=BULK 
	0000  08 00 00 18 80 10 ed 03  00 5a 00 10 fd 1a 00 00 |.........Z......|
[2075] +75.747714 ASYNC-OUT-DONE ep=0x01 len=0 status=0 actual=16
[2076] +75.848493 ASYNC-IN-DONE ep=0x81 len=0 status=2 actual=0
[2077] +75.848584 ASYNC-IN-SUBMIT ep=0x81 len=0 type=BULK (in, awaiting data)
[2078] +75.937779 ASYNC-IN-DONE ep=0x81 len=16 status=0 actual=16
	0000  08 00 00 18 f0 03 02 10  00 49 00 10 09 02 00 00 |.........I......|
[2079] +75.937899 ASYNC-IN-SUBMIT ep=0x81 len=0 type=BULK (in, awaiting data)
[2080] +76.007718 ASYNC-OUT ep=0x01 len=16 type=BULK 
	0000  08 00 00 18 01 10 ef 03  00 5b 00 10 93 1e 00 00 |.........[......|
[2081] +76.008045 ASYNC-OUT-DONE ep=0x01 len=0 status=0 actual=16
[2082] +76.050718 ASYNC-IN-DONE ep=0x81 len=0 status=2 actual=0
[2083] +76.050774 ASYNC-IN-SUBMIT ep=0x81 len=0 type=BULK (in, awaiting data)
[2084] +76.162232 ASYNC-IN-DONE ep=0x81 len=0 status=2 actual=0
[2085] +76.162281 ASYNC-IN-SUBMIT ep=0x81 len=0 type=BULK (in, awaiting data)
[2086] +76.163231 ASYNC-OUT ep=0x01 len=16 type=BULK 
	0000  08 00 00 18 02 10 f0 03  00 47 00 10 09 10 00 00 |.........G......|
[2087] +76.163527 ASYNC-OUT-DONE ep=0x01 len=0 status=0 actual=16
[2088] +76.264046 ASYNC-IN-DONE ep=0x81 len=0 status=2 actual=0
[2089] +76.264150 ASYNC-IN-SUBMIT ep=0x81 len=0 type=BULK (in, awaiting data)
[2090] +76.371606 ASYNC-IN-DONE ep=0x81 len=0 status=2 actual=0
[2091] +76.371684 ASYNC-IN-SUBMIT ep=0x81 len=0 type=BULK (in, awaiting data)
[2092] +76.483927 ASYNC-IN-DONE ep=0x81 len=0 status=2 actual=0
[2093] +76.484013 ASYNC-IN-SUBMIT ep=0x81 len=0 type=BULK (in, awaiting data)
[2094] +76.539640 ASYNC-IN-DONE ep=0x81 len=16 status=0 actual=16
	0000  08 00 00 18 ed 03 80 10  00 5f 00 10 ae 02 00 00 |........._......|
[2095] +76.539736 ASYNC-IN-SUBMIT ep=0x81 len=0 type=BULK (in, awaiting data)
[2096] +76.652509 ASYNC-IN-DONE ep=0x81 len=0 status=2 actual=0
[2097] +76.652569 ASYNC-IN-SUBMIT ep=0x81 len=0 type=BULK (in, awaiting data)
[2098] +76.740435 ASYNC-IN-DONE ep=0x81 len=16 status=0 actual=16
	0000  08 00 00 18 ef 03 01 10  00 5f 00 10 65 02 00 00 |........._..e...|
[2099] +76.740546 ASYNC-IN-SUBMIT ep=0x81 len=0 type=BULK (in, awaiting data)
[2100] +76.786537 ASYNC-OUT ep=0x01 len=16 type=BULK 
	0000  08 00 00 18 80 10 ed 03  00 5b 00 10 fd 1a 00 00 |.........[......|
[2101] +76.786810 ASYNC-OUT-DONE ep=0x01 len=0 status=0 actual=16
[2102] +76.849840 ASYNC-IN-DONE ep=0x81 len=0 status=2 actual=0
[2103] +76.849942 ASYNC-IN-SUBMIT ep=0x81 len=0 type=BULK (in, awaiting data)
[2104] +76.941176 ASYNC-IN-DONE ep=0x81 len=16 status=0 actual=16
	0000  08 00 00 18 f0 03 02 10  00 4a 00 10 09 02 00 00 |.........J......|
[2105] +76.941274 ASYNC-IN-SUBMIT ep=0x81 len=0 type=BULK (in, awaiting data)
[2106] +77.044544 ASYNC-OUT ep=0x01 len=16 type=BULK 
	0000  08 00 00 18 01 10 ef 03  00 5c 00 10 93 1e 00 00 |.........\......|
[2107] +77.044875 ASYNC-OUT-DONE ep=0x01 len=0 status=0 actual=16
[2108] +77.047520 ASYNC-IN-DONE ep=0x81 len=0 status=2 actual=0
[2109] +77.047567 ASYNC-IN-SUBMIT ep=0x81 len=0 type=BULK (in, awaiting data)
[2110] +77.148198 ASYNC-IN-DONE ep=0x81 len=0 status=2 actual=0
[2111] +77.148274 ASYNC-IN-SUBMIT ep=0x81 len=0 type=BULK (in, awaiting data)
[2112] +77.200468 ASYNC-OUT ep=0x01 len=16 type=BULK 
	0000  08 00 00 18 02 10 f0 03  00 48 00 10 09 10 00 00 |.........H......|
[2113] +77.200783 ASYNC-OUT-DONE ep=0x01 len=0 status=0 actual=16
[2114] +77.257861 ASYNC-IN-DONE ep=0x81 len=0 status=2 actual=0
[2115] +77.257964 ASYNC-IN-SUBMIT ep=0x81 len=0 type=BULK (in, awaiting data)
[2116] +77.370689 ASYNC-IN-DONE ep=0x81 len=0 status=2 actual=0
[2117] +77.370764 ASYNC-IN-SUBMIT ep=0x81 len=0 type=BULK (in, awaiting data)
[2118] +77.483254 ASYNC-IN-DONE ep=0x81 len=0 status=2 actual=0
[2119] +77.483336 ASYNC-IN-SUBMIT ep=0x81 len=0 type=BULK (in, awaiting data)
[2120] +77.543151 ASYNC-IN-DONE ep=0x81 len=16 status=0 actual=16
	0000  08 00 00 18 ed 03 80 10  00 60 00 10 ae 02 00 00 |.........`......|
[2121] +77.543200 ASYNC-IN-SUBMIT ep=0x81 len=0 type=BULK (in, awaiting data)
[2122] +77.656064 ASYNC-IN-DONE ep=0x81 len=0 status=2 actual=0
[2123] +77.656145 ASYNC-IN-SUBMIT ep=0x81 len=0 type=BULK (in, awaiting data)
[2124] +77.743685 ASYNC-IN-DONE ep=0x81 len=16 status=0 actual=16
	0000  08 00 00 18 ef 03 01 10  00 60 00 10 65 02 00 00 |.........`..e...|
[2125] +77.743771 ASYNC-IN-SUBMIT ep=0x81 len=0 type=BULK (in, awaiting data)
[2126] +77.823160 ASYNC-OUT ep=0x01 len=16 type=BULK 
	0000  08 00 00 18 80 10 ed 03  00 5c 00 10 fd 1a 00 00 |.........\......|
[2127] +77.823458 ASYNC-OUT-DONE ep=0x01 len=0 status=0 actual=16
[2128] +77.854062 ASYNC-IN-DONE ep=0x81 len=0 status=2 actual=0
[2129] +77.854102 ASYNC-IN-SUBMIT ep=0x81 len=0 type=BULK (in, awaiting data)
[2130] +77.944849 ASYNC-IN-DONE ep=0x81 len=16 status=0 actual=16
	0000  08 00 00 18 f0 03 02 10  00 4b 00 10 09 02 00 00 |.........K......|
[2131] +77.944901 ASYNC-IN-SUBMIT ep=0x81 len=0 type=BULK (in, awaiting data)
[2132] +78.052399 ASYNC-IN-DONE ep=0x81 len=0 status=2 actual=0
[2133] +78.052433 ASYNC-IN-SUBMIT ep=0x81 len=0 type=BULK (in, awaiting data)
[2134] +78.081953 ASYNC-OUT ep=0x01 len=16 type=BULK 
	0000  08 00 00 18 01 10 ef 03  00 5d 00 10 93 1e 00 00 |.........]......|
[2135] +78.082259 ASYNC-OUT-DONE ep=0x01 len=0 status=0 actual=16
[2136] +78.157692 ASYNC-IN-DONE ep=0x81 len=0 status=2 actual=0
[2137] +78.157797 ASYNC-IN-SUBMIT ep=0x81 len=0 type=BULK (in, awaiting data)
[2138] +78.237224 ASYNC-OUT ep=0x01 len=16 type=BULK 
	0000  08 00 00 18 02 10 f0 03  00 49 00 10 09 10 00 00 |.........I......|
[2139] +78.237581 ASYNC-OUT-DONE ep=0x01 len=0 status=0 actual=16
[2140] +78.266564 ASYNC-IN-DONE ep=0x81 len=0 status=2 actual=0
[2141] +78.266613 ASYNC-IN-SUBMIT ep=0x81 len=0 type=BULK (in, awaiting data)
[2142] +78.367480 ASYNC-IN-DONE ep=0x81 len=0 status=2 actual=0
[2143] +78.367569 ASYNC-IN-SUBMIT ep=0x81 len=0 type=BULK (in, awaiting data)
[2144] +78.470259 ASYNC-IN-DONE ep=0x81 len=0 status=2 actual=0
[2145] +78.470348 ASYNC-IN-SUBMIT ep=0x81 len=0 type=BULK (in, awaiting data)
[2146] +78.546757 ASYNC-IN-DONE ep=0x81 len=16 status=0 actual=16
	0000  08 00 00 18 ed 03 80 10  00 61 00 10 ae 02 00 00 |.........a......|
[2147] +78.546899 ASYNC-IN-SUBMIT ep=0x81 len=0 type=BULK (in, awaiting data)
[2148] +78.652013 ASYNC-IN-DONE ep=0x81 len=0 status=2 actual=0
[2149] +78.652111 ASYNC-IN-SUBMIT ep=0x81 len=0 type=BULK (in, awaiting data)
[2150] +78.747918 ASYNC-IN-DONE ep=0x81 len=16 status=0 actual=16
	0000  08 00 00 18 ef 03 01 10  00 61 00 10 65 02 00 00 |.........a..e...|
[2151] +78.748050 ASYNC-IN-SUBMIT ep=0x81 len=0 type=BULK (in, awaiting data)
[2152] +78.860721 ASYNC-OUT ep=0x01 len=16 type=BULK 
	0000  08 00 00 18 80 10 ed 03  00 5d 00 10 fd 1a 00 00 |.........]......|
[2153] +78.860885 ASYNC-IN-DONE ep=0x81 len=0 status=2 actual=0
[2154] +78.860938 ASYNC-IN-SUBMIT ep=0x81 len=0 type=BULK (in, awaiting data)
[2155] +78.861079 ASYNC-OUT-DONE ep=0x01 len=0 status=0 actual=16
[2156] +78.948382 ASYNC-IN-DONE ep=0x81 len=16 status=0 actual=16
	0000  08 00 00 18 f0 03 02 10  00 4c 00 10 09 02 00 00 |.........L......|
[2157] +78.948510 ASYNC-IN-SUBMIT ep=0x81 len=0 type=BULK (in, awaiting data)
[2158] +79.057773 ASYNC-IN-DONE ep=0x81 len=0 status=2 actual=0
[2159] +79.057864 ASYNC-IN-SUBMIT ep=0x81 len=0 type=BULK (in, awaiting data)
[2160] +79.120604 ASYNC-OUT ep=0x01 len=16 type=BULK 
	0000  08 00 00 18 01 10 ef 03  00 5e 00 10 93 1e 00 00 |.........^......|
[2161] +79.120915 ASYNC-OUT-DONE ep=0x01 len=0 status=0 actual=16
[2162] +79.165939 ASYNC-IN-DONE ep=0x81 len=0 status=2 actual=0
[2163] +79.166029 ASYNC-IN-SUBMIT ep=0x81 len=0 type=BULK (in, awaiting data)
[2164] +79.276774 ASYNC-OUT ep=0x01 len=16 type=BULK 
	0000  08 00 00 18 02 10 f0 03  00 4a 00 10 09 10 00 00 |.........J......|
[2165] +79.277098 ASYNC-OUT-DONE ep=0x01 len=0 status=0 actual=16
[2166] +79.278787 ASYNC-IN-DONE ep=0x81 len=0 status=2 actual=0
[2167] +79.278810 ASYNC-IN-SUBMIT ep=0x81 len=0 type=BULK (in, awaiting data)
[2168] +79.391272 ASYNC-IN-DONE ep=0x81 len=0 status=2 actual=0
[2169] +79.391353 ASYNC-IN-SUBMIT ep=0x81 len=0 type=BULK (in, awaiting data)
[2170] +79.500905 ASYNC-IN-DONE ep=0x81 len=0 status=2 actual=0
[2171] +79.501015 ASYNC-IN-SUBMIT ep=0x81 len=0 type=BULK (in, awaiting data)
[2172] +79.550059 ASYNC-IN-DONE ep=0x81 len=16 status=0 actual=16
	0000  08 00 00 18 ed 03 80 10  00 62 00 10 ae 02 00 00 |.........b......|
[2173] +79.550147 ASYNC-IN-SUBMIT ep=0x81 len=0 type=BULK (in, awaiting data)
[2174] +79.663012 ASYNC-IN-DONE ep=0x81 len=0 status=2 actual=0
[2175] +79.663105 ASYNC-IN-SUBMIT ep=0x81 len=0 type=BULK (in, awaiting data)
[2176] +79.750660 ASYNC-IN-DONE ep=0x81 len=16 status=0 actual=16
	0000  08 00 00 18 ef 03 01 10  00 62 00 10 65 02 00 00 |.........b..e...|
[2177] +79.750758 ASYNC-IN-SUBMIT ep=0x81 len=0 type=BULK (in, awaiting data)
[2178] +79.858489 ASYNC-IN-DONE ep=0x81 len=0 status=2 actual=0
[2179] +79.858553 ASYNC-IN-SUBMIT ep=0x81 len=0 type=BULK (in, awaiting data)
[2180] +79.899723 ASYNC-OUT ep=0x01 len=16 type=BULK 
	0000  08 00 00 18 80 10 ed 03  00 5e 00 10 fd 1a 00 00 |.........^......|
[2181] +79.900045 ASYNC-OUT-DONE ep=0x01 len=0 status=0 actual=16
[2182] +79.951066 ASYNC-IN-DONE ep=0x81 len=16 status=0 actual=16
	0000  08 00 00 18 f0 03 02 10  00 4d 00 10 09 02 00 00 |.........M......|
[2183] +79.951126 ASYNC-IN-SUBMIT ep=0x81 len=0 type=BULK (in, awaiting data)
[2184] +80.062771 ASYNC-IN-DONE ep=0x81 len=0 status=2 actual=0
[2185] +80.062853 ASYNC-IN-SUBMIT ep=0x81 len=0 type=BULK (in, awaiting data)
[2186] +80.158479 ASYNC-OUT ep=0x01 len=16 type=BULK 
	0000  08 00 00 18 01 10 ef 03  00 5f 00 10 93 1e 00 00 |........._......|
[2187] +80.158786 ASYNC-OUT-DONE ep=0x01 len=0 status=0 actual=16
[2188] +80.175663 ASYNC-IN-DONE ep=0x81 len=0 status=2 actual=0
[2189] +80.175738 ASYNC-IN-SUBMIT ep=0x81 len=0 type=BULK (in, awaiting data)
[2190] +80.287524 ASYNC-IN-DONE ep=0x81 len=0 status=2 actual=0
[2191] +80.287619 ASYNC-IN-SUBMIT ep=0x81 len=0 type=BULK (in, awaiting data)
[2192] +80.313380 ASYNC-OUT ep=0x01 len=16 type=BULK 
	0000  08 00 00 18 02 10 f0 03  00 4b 00 10 09 10 00 00 |.........K......|
[2193] +80.313788 ASYNC-OUT-DONE ep=0x01 len=0 status=0 actual=16
[2194] +80.397201 ASYNC-IN-DONE ep=0x81 len=0 status=2 actual=0
[2195] +80.397295 ASYNC-IN-SUBMIT ep=0x81 len=0 type=BULK (in, awaiting data)
[2196] +80.500988 ASYNC-IN-DONE ep=0x81 len=0 status=2 actual=0
[2197] +80.501080 ASYNC-IN-SUBMIT ep=0x81 len=0 type=BULK (in, awaiting data)
[2198] +80.553110 ASYNC-IN-DONE ep=0x81 len=16 status=0 actual=16
	0000  08 00 00 18 ed 03 80 10  00 63 00 10 ae 02 00 00 |.........c......|
[2199] +80.553220 ASYNC-IN-SUBMIT ep=0x81 len=0 type=BULK (in, awaiting data)
[2200] +80.660177 ASYNC-IN-DONE ep=0x81 len=0 status=2 actual=0
[2201] +80.660275 ASYNC-IN-SUBMIT ep=0x81 len=0 type=BULK (in, awaiting data)
[2202] +80.753782 ASYNC-IN-DONE ep=0x81 len=16 status=0 actual=16
	0000  08 00 00 18 ef 03 01 10  00 63 00 10 65 02 00 00 |.........c..e...|
[2203] +80.753900 ASYNC-IN-SUBMIT ep=0x81 len=0 type=BULK (in, awaiting data)
[2204] +80.865027 ASYNC-IN-DONE ep=0x81 len=0 status=2 actual=0
[2205] +80.865169 ASYNC-IN-SUBMIT ep=0x81 len=0 type=BULK (in, awaiting data)
[2206] +80.936222 ASYNC-OUT ep=0x01 len=16 type=BULK 
	0000  08 00 00 18 80 10 ed 03  00 5f 00 10 fd 1a 00 00 |........._......|
[2207] +80.936598 ASYNC-OUT-DONE ep=0x01 len=0 status=0 actual=16
[2208] +80.955024 ASYNC-IN-DONE ep=0x81 len=16 status=0 actual=16
	0000  08 00 00 18 f0 03 02 10  00 4e 00 10 09 02 00 00 |.........N......|
[2209] +80.955118 ASYNC-IN-SUBMIT ep=0x81 len=0 type=BULK (in, awaiting data)
[2210] +81.065530 ASYNC-IN-DONE ep=0x81 len=0 status=2 actual=0
[2211] +81.065620 ASYNC-IN-SUBMIT ep=0x81 len=0 type=BULK (in, awaiting data)
[2212] +81.174984 ASYNC-IN-DONE ep=0x81 len=0 status=2 actual=0
[2213] +81.175067 ASYNC-IN-SUBMIT ep=0x81 len=0 type=BULK (in, awaiting data)
[2214] +81.195488 ASYNC-OUT ep=0x01 len=16 type=BULK 
	0000  08 00 00 18 01 10 ef 03  00 60 00 10 93 1e 00 00 |.........`......|
[2215] +81.195795 ASYNC-OUT-DONE ep=0x01 len=0 status=0 actual=16
[2216] +81.287528 ASYNC-IN-DONE ep=0x81 len=0 status=2 actual=0
[2217] +81.287617 ASYNC-IN-SUBMIT ep=0x81 len=0 type=BULK (in, awaiting data)
[2218] +81.351622 ASYNC-OUT ep=0x01 len=16 type=BULK 
	0000  08 00 00 18 02 10 f0 03  00 4c 00 10 09 10 00 00 |.........L......|
[2219] +81.351958 ASYNC-OUT-DONE ep=0x01 len=0 status=0 actual=16
[2220] +81.399268 ASYNC-IN-DONE ep=0x81 len=0 status=2 actual=0
[2221] +81.399378 ASYNC-IN-SUBMIT ep=0x81 len=0 type=BULK (in, awaiting data)
[2222] +81.506517 ASYNC-IN-DONE ep=0x81 len=0 status=2 actual=0
[2223] +81.506597 ASYNC-IN-SUBMIT ep=0x81 len=0 type=BULK (in, awaiting data)
[2224] +81.556646 ASYNC-IN-DONE ep=0x81 len=16 status=0 actual=16
	0000  08 00 00 18 ed 03 80 10  00 64 00 10 ae 02 00 00 |.........d......|
[2225] +81.556759 ASYNC-IN-SUBMIT ep=0x81 len=0 type=BULK (in, awaiting data)
[2226] +81.667180 ASYNC-IN-DONE ep=0x81 len=0 status=2 actual=0
[2227] +81.667276 ASYNC-IN-SUBMIT ep=0x81 len=0 type=BULK (in, awaiting data)
[2228] +81.757403 ASYNC-IN-DONE ep=0x81 len=16 status=0 actual=16
	0000  08 00 00 18 ef 03 01 10  00 64 00 10 65 02 00 00 |.........d..e...|
[2229] +81.757513 ASYNC-IN-SUBMIT ep=0x81 len=0 type=BULK (in, awaiting data)
[2230] +81.859629 ASYNC-IN-DONE ep=0x81 len=0 status=2 actual=0
[2231] +81.859714 ASYNC-IN-SUBMIT ep=0x81 len=0 type=BULK (in, awaiting data)
[2232] +81.957876 ASYNC-IN-DONE ep=0x81 len=16 status=0 actual=16
	0000  08 00 00 18 f0 03 02 10  00 4f 00 10 09 02 00 00 |.........O......|
[2233] +81.957974 ASYNC-IN-SUBMIT ep=0x81 len=0 type=BULK (in, awaiting data)
[2234] +81.973373 ASYNC-OUT ep=0x01 len=16 type=BULK 
	0000  08 00 00 18 80 10 ed 03  00 60 00 10 fd 1a 00 00 |.........`......|
[2235] +81.973647 ASYNC-OUT-DONE ep=0x01 len=0 status=0 actual=16
[2236] +82.067273 ASYNC-IN-DONE ep=0x81 len=0 status=2 actual=0
[2237] +82.067349 ASYNC-IN-SUBMIT ep=0x81 len=0 type=BULK (in, awaiting data)
[2238] +82.179176 ASYNC-IN-DONE ep=0x81 len=0 status=2 actual=0
[2239] +82.179273 ASYNC-IN-SUBMIT ep=0x81 len=0 type=BULK (in, awaiting data)
[2240] +82.233164 ASYNC-OUT ep=0x01 len=16 type=BULK 
	0000  08 00 00 18 01 10 ef 03  00 61 00 10 93 1e 00 00 |.........a......|
[2241] +82.233496 ASYNC-OUT-DONE ep=0x01 len=0 status=0 actual=16
[2242] +82.280841 ASYNC-IN-DONE ep=0x81 len=0 status=2 actual=0
[2243] +82.280913 ASYNC-IN-SUBMIT ep=0x81 len=0 type=BULK (in, awaiting data)
[2244] +82.388491 ASYNC-OUT ep=0x01 len=16 type=BULK 
	0000  08 00 00 18 02 10 f0 03  00 4d 00 10 09 10 00 00 |.........M......|
[2245] +82.388615 ASYNC-IN-DONE ep=0x81 len=0 status=2 actual=0
[2246] +82.388651 ASYNC-IN-SUBMIT ep=0x81 len=0 type=BULK (in, awaiting data)
[2247] +82.388762 ASYNC-OUT-DONE ep=0x01 len=0 status=0 actual=16
[2248] +82.499986 ASYNC-IN-DONE ep=0x81 len=0 status=2 actual=0
[2249] +82.500059 ASYNC-IN-SUBMIT ep=0x81 len=0 type=BULK (in, awaiting data)
[2250] +82.559904 ASYNC-IN-DONE ep=0x81 len=16 status=0 actual=16
	0000  08 00 00 18 ed 03 80 10  00 65 00 10 ae 02 00 00 |.........e......|
[2251] +82.560205 ASYNC-IN-SUBMIT ep=0x81 len=0 type=BULK (in, awaiting data)
[2252] +82.673101 ASYNC-IN-DONE ep=0x81 len=0 status=2 actual=0
[2253] +82.673150 ASYNC-IN-SUBMIT ep=0x81 len=0 type=BULK (in, awaiting data)
[2254] +82.760649 ASYNC-IN-DONE ep=0x81 len=16 status=0 actual=16
	0000  08 00 00 18 ef 03 01 10  00 65 00 10 65 02 00 00 |.........e..e...|
[2255] +82.760757 ASYNC-IN-SUBMIT ep=0x81 len=0 type=BULK (in, awaiting data)
[2256] +82.869190 ASYNC-IN-DONE ep=0x81 len=0 status=2 actual=0
[2257] +82.869288 ASYNC-IN-SUBMIT ep=0x81 len=0 type=BULK (in, awaiting data)
[2258] +82.961759 ASYNC-IN-DONE ep=0x81 len=16 status=0 actual=16
	0000  08 00 00 18 f0 03 02 10  00 50 00 10 09 02 00 00 |.........P......|
[2259] +82.961849 ASYNC-IN-SUBMIT ep=0x81 len=0 type=BULK (in, awaiting data)
[2260] +83.011350 ASYNC-OUT ep=0x01 len=16 type=BULK 
	0000  08 00 00 18 80 10 ed 03  00 61 00 10 fd 1a 00 00 |.........a......|
[2261] +83.011701 ASYNC-OUT-DONE ep=0x01 len=0 status=0 actual=16
[2262] +83.070862 ASYNC-IN-DONE ep=0x81 len=0 status=2 actual=0
[2263] +83.070939 ASYNC-IN-SUBMIT ep=0x81 len=0 type=BULK (in, awaiting data)
[2264] +83.172386 ASYNC-IN-DONE ep=0x81 len=0 status=2 actual=0
[2265] +83.172438 ASYNC-IN-SUBMIT ep=0x81 len=0 type=BULK (in, awaiting data)
[2266] +83.270621 ASYNC-OUT ep=0x01 len=16 type=BULK 
	0000  08 00 00 18 01 10 ef 03  00 62 00 10 93 1e 00 00 |.........b......|
[2267] +83.270913 ASYNC-OUT-DONE ep=0x01 len=0 status=0 actual=16
[2268] +83.272770 ASYNC-IN-DONE ep=0x81 len=0 status=2 actual=0
[2269] +83.272787 ASYNC-IN-SUBMIT ep=0x81 len=0 type=BULK (in, awaiting data)
[2270] +83.375194 ASYNC-IN-DONE ep=0x81 len=0 status=2 actual=0
[2271] +83.375229 ASYNC-IN-SUBMIT ep=0x81 len=0 type=BULK (in, awaiting data)
[2272] +83.426435 ASYNC-OUT ep=0x01 len=16 type=BULK 
	0000  08 00 00 18 02 10 f0 03  00 4e 00 10 09 10 00 00 |.........N......|
[2273] +83.426636 ASYNC-OUT-DONE ep=0x01 len=0 status=0 actual=16
[2274] +83.480172 ASYNC-IN-DONE ep=0x81 len=0 status=2 actual=0
[2275] +83.480208 ASYNC-IN-SUBMIT ep=0x81 len=0 type=BULK (in, awaiting data)
[2276] +83.563436 ASYNC-IN-DONE ep=0x81 len=16 status=0 actual=16
	0000  08 00 00 18 ed 03 80 10  00 66 00 10 ae 02 00 00 |.........f......|
[2277] +83.563510 ASYNC-IN-SUBMIT ep=0x81 len=0 type=BULK (in, awaiting data)
[2278] +83.672991 ASYNC-IN-DONE ep=0x81 len=0 status=2 actual=0
[2279] +83.673084 ASYNC-IN-SUBMIT ep=0x81 len=0 type=BULK (in, awaiting data)
[2280] +83.763802 ASYNC-IN-DONE ep=0x81 len=16 status=0 actual=16
	0000  08 00 00 18 ef 03 01 10  00 66 00 10 65 02 00 00 |.........f..e...|
[2281] +83.763863 ASYNC-IN-SUBMIT ep=0x81 len=0 type=BULK (in, awaiting data)
[2282] +83.874684 ASYNC-IN-DONE ep=0x81 len=0 status=2 actual=0
[2283] +83.874769 ASYNC-IN-SUBMIT ep=0x81 len=0 type=BULK (in, awaiting data)
[2284] +83.964713 ASYNC-IN-DONE ep=0x81 len=16 status=0 actual=16
	0000  08 00 00 18 f0 03 02 10  00 51 00 10 09 02 00 00 |.........Q......|
[2285] +83.964815 ASYNC-IN-SUBMIT ep=0x81 len=0 type=BULK (in, awaiting data)
[2286] +84.048490 ASYNC-OUT ep=0x01 len=16 type=BULK 
	0000  08 00 00 18 80 10 ed 03  00 62 00 10 fd 1a 00 00 |.........b......|
[2287] +84.048803 ASYNC-OUT-DONE ep=0x01 len=0 status=0 actual=16
[2288] +84.077589 ASYNC-IN-DONE ep=0x81 len=0 status=2 actual=0
[2289] +84.077675 ASYNC-IN-SUBMIT ep=0x81 len=0 type=BULK (in, awaiting data)
[2290] +84.190457 ASYNC-IN-DONE ep=0x81 len=0 status=2 actual=0
[2291] +84.190554 ASYNC-IN-SUBMIT ep=0x81 len=0 type=BULK (in, awaiting data)
[2292] +84.303408 ASYNC-IN-DONE ep=0x81 len=0 status=2 actual=0
[2293] +84.303481 ASYNC-IN-SUBMIT ep=0x81 len=0 type=BULK (in, awaiting data)
[2294] +84.308715 ASYNC-OUT ep=0x01 len=16 type=BULK 
	0000  08 00 00 18 01 10 ef 03  00 63 00 10 93 1e 00 00 |.........c......|
[2295] +84.309021 ASYNC-OUT-DONE ep=0x01 len=0 status=0 actual=16
[2296] +84.404997 ASYNC-IN-DONE ep=0x81 len=0 status=2 actual=0
[2297] +84.405092 ASYNC-IN-SUBMIT ep=0x81 len=0 type=BULK (in, awaiting data)
[2298] +84.463349 ASYNC-OUT ep=0x01 len=16 type=BULK 
	0000  08 00 00 18 02 10 f0 03  00 4f 00 10 09 10 00 00 |.........O......|
[2299] +84.463675 ASYNC-OUT-DONE ep=0x01 len=0 status=0 actual=16
[2300] +84.517889 ASYNC-IN-DONE ep=0x81 len=0 status=2 actual=0
[2301] +84.517968 ASYNC-IN-SUBMIT ep=0x81 len=0 type=BULK (in, awaiting data)
[2302] +84.566606 ASYNC-IN-DONE ep=0x81 len=16 status=0 actual=16
	0000  08 00 00 18 ed 03 80 10  00 67 00 10 ae 02 00 00 |.........g......|
[2303] +84.566714 ASYNC-IN-SUBMIT ep=0x81 len=0 type=BULK (in, awaiting data)
[2304] +84.673763 ASYNC-IN-DONE ep=0x81 len=0 status=2 actual=0
[2305] +84.673830 ASYNC-IN-SUBMIT ep=0x81 len=0 type=BULK (in, awaiting data)
[2306] +84.767672 ASYNC-IN-DONE ep=0x81 len=16 status=0 actual=16
	0000  08 00 00 18 ef 03 01 10  00 67 00 10 65 02 00 00 |.........g..e...|
[2307] +84.767773 ASYNC-IN-SUBMIT ep=0x81 len=0 type=BULK (in, awaiting data)
[2308] +84.868254 ASYNC-IN-DONE ep=0x81 len=0 status=2 actual=0
[2309] +84.868343 ASYNC-IN-SUBMIT ep=0x81 len=0 type=BULK (in, awaiting data)
[2310] +84.968135 ASYNC-IN-DONE ep=0x81 len=16 status=0 actual=16
	0000  08 00 00 18 f0 03 02 10  00 52 00 10 09 02 00 00 |.........R......|
[2311] +84.968203 ASYNC-IN-SUBMIT ep=0x81 len=0 type=BULK (in, awaiting data)
[2312] +85.079351 ASYNC-IN-DONE ep=0x81 len=0 status=2 actual=0
[2313] +85.079452 ASYNC-IN-SUBMIT ep=0x81 len=0 type=BULK (in, awaiting data)
[2314] +85.086484 ASYNC-OUT ep=0x01 len=16 type=BULK 
	0000  08 00 00 18 80 10 ed 03  00 63 00 10 fd 1a 00 00 |.........c......|
[2315] +85.086704 ASYNC-OUT-DONE ep=0x01 len=0 status=0 actual=16
[2316] +85.191884 ASYNC-IN-DONE ep=0x81 len=0 status=2 actual=0
[2317] +85.191983 ASYNC-IN-SUBMIT ep=0x81 len=0 type=BULK (in, awaiting data)
[2318] +85.304225 ASYNC-IN-DONE ep=0x81 len=0 status=2 actual=0
[2319] +85.304301 ASYNC-IN-SUBMIT ep=0x81 len=0 type=BULK (in, awaiting data)
[2320] +85.346155 ASYNC-OUT ep=0x01 len=16 type=BULK 
	0000  08 00 00 18 01 10 ef 03  00 64 00 10 93 1e 00 00 |.........d......|
[2321] +85.346460 ASYNC-OUT-DONE ep=0x01 len=0 status=0 actual=16
[2322] +85.407029 ASYNC-IN-DONE ep=0x81 len=0 status=2 actual=0
[2323] +85.407120 ASYNC-IN-SUBMIT ep=0x81 len=0 type=BULK (in, awaiting data)
[2324] +85.502379 ASYNC-OUT ep=0x01 len=16 type=BULK 
	0000  08 00 00 18 02 10 f0 03  00 50 00 10 09 10 00 00 |.........P......|
[2325] +85.502896 ASYNC-OUT-DONE ep=0x01 len=0 status=0 actual=16
[2326] +85.516725 ASYNC-IN-DONE ep=0x81 len=0 status=2 actual=0
[2327] +85.516826 ASYNC-IN-SUBMIT ep=0x81 len=0 type=BULK (in, awaiting data)
[2328] +85.570811 ASYNC-IN-DONE ep=0x81 len=16 status=0 actual=16
	0000  08 00 00 18 ed 03 80 10  00 68 00 10 ae 02 00 00 |.........h......|
[2329] +85.570934 ASYNC-IN-SUBMIT ep=0x81 len=0 type=BULK (in, awaiting data)
[2330] +85.682382 ASYNC-IN-DONE ep=0x81 len=0 status=2 actual=0
[2331] +85.682476 ASYNC-IN-SUBMIT ep=0x81 len=0 type=BULK (in, awaiting data)
[2332] +85.771225 ASYNC-IN-DONE ep=0x81 len=16 status=0 actual=16
	0000  08 00 00 18 ef 03 01 10  00 68 00 10 65 02 00 00 |.........h..e...|
[2333] +85.771351 ASYNC-IN-SUBMIT ep=0x81 len=0 type=BULK (in, awaiting data)
[2334] +85.884176 ASYNC-IN-DONE ep=0x81 len=0 status=2 actual=0
[2335] +85.884270 ASYNC-IN-SUBMIT ep=0x81 len=0 type=BULK (in, awaiting data)
[2336] +85.971778 ASYNC-IN-DONE ep=0x81 len=16 status=0 actual=16
	0000  08 00 00 18 f0 03 02 10  00 53 00 10 09 02 00 00 |.........S......|
[2337] +85.971902 ASYNC-IN-SUBMIT ep=0x81 len=0 type=BULK (in, awaiting data)
[2338] +86.082301 ASYNC-IN-DONE ep=0x81 len=0 status=2 actual=0
[2339] +86.082387 ASYNC-IN-SUBMIT ep=0x81 len=0 type=BULK (in, awaiting data)
[2340] +86.125757 ASYNC-OUT ep=0x01 len=16 type=BULK 
	0000  08 00 00 18 80 10 ed 03  00 64 00 10 fd 1a 00 00 |.........d......|
[2341] +86.126066 ASYNC-OUT-DONE ep=0x01 len=0 status=0 actual=16
[2342] +86.188982 ASYNC-IN-DONE ep=0x81 len=0 status=2 actual=0
[2343] +86.189062 ASYNC-IN-SUBMIT ep=0x81 len=0 type=BULK (in, awaiting data)
[2344] +86.290590 ASYNC-IN-DONE ep=0x81 len=0 status=2 actual=0
[2345] +86.290724 ASYNC-IN-SUBMIT ep=0x81 len=0 type=BULK (in, awaiting data)
[2346] +86.384201 ASYNC-OUT ep=0x01 len=16 type=BULK 
	0000  08 00 00 18 01 10 ef 03  00 65 00 10 93 1e 00 00 |.........e......|
[2347] +86.384496 ASYNC-OUT-DONE ep=0x01 len=0 status=0 actual=16
[2348] +86.391231 ASYNC-IN-DONE ep=0x81 len=0 status=2 actual=0
[2349] +86.391310 ASYNC-IN-SUBMIT ep=0x81 len=0 type=BULK (in, awaiting data)
[2350] +86.504084 ASYNC-IN-DONE ep=0x81 len=0 status=2 actual=0
[2351] +86.504128 ASYNC-IN-SUBMIT ep=0x81 len=0 type=BULK (in, awaiting data)
[2352] +86.539485 ASYNC-OUT ep=0x01 len=16 type=BULK 
	0000  08 00 00 18 02 10 f0 03  00 51 00 10 09 10 00 00 |.........Q......|
[2353] +86.539813 ASYNC-OUT-DONE ep=0x01 len=0 status=0 actual=16
[2354] +86.573709 ASYNC-IN-DONE ep=0x81 len=16 status=0 actual=16
	0000  08 00 00 18 ed 03 80 10  00 69 00 10 ae 02 00 00 |.........i......|
[2355] +86.573875 ASYNC-IN-SUBMIT ep=0x81 len=0 type=BULK (in, awaiting data)
[2356] +86.675043 ASYNC-IN-DONE ep=0x81 len=0 status=2 actual=0
[2357] +86.675133 ASYNC-IN-SUBMIT ep=0x81 len=0 type=BULK (in, awaiting data)
[2358] +86.774936 ASYNC-IN-DONE ep=0x81 len=16 status=0 actual=16
	0000  08 00 00 18 ef 03 01 10  00 69 00 10 65 02 00 00 |.........i..e...|
[2359] +86.775069 ASYNC-IN-SUBMIT ep=0x81 len=0 type=BULK (in, awaiting data)
[2360] +86.876420 ASYNC-IN-DONE ep=0x81 len=0 status=2 actual=0
[2361] +86.876511 ASYNC-IN-SUBMIT ep=0x81 len=0 type=BULK (in, awaiting data)
[2362] +86.975327 ASYNC-IN-DONE ep=0x81 len=16 status=0 actual=16
	0000  08 00 00 18 f0 03 02 10  00 54 00 10 09 02 00 00 |.........T......|
[2363] +86.975420 ASYNC-IN-SUBMIT ep=0x81 len=0 type=BULK (in, awaiting data)
[2364] +87.082736 ASYNC-IN-DONE ep=0x81 len=0 status=2 actual=0
[2365] +87.082803 ASYNC-IN-SUBMIT ep=0x81 len=0 type=BULK (in, awaiting data)
[2366] +87.160195 ASYNC-OUT ep=0x01 len=16 type=BULK 
	0000  08 00 00 18 80 10 ed 03  00 65 00 10 fd 1a 00 00 |.........e......|
[2367] +87.160460 ASYNC-OUT-DONE ep=0x01 len=0 status=0 actual=16
[2368] +87.183315 ASYNC-IN-DONE ep=0x81 len=0 status=2 actual=0
[2369] +87.183342 ASYNC-IN-SUBMIT ep=0x81 len=0 type=BULK (in, awaiting data)
[2370] +87.290342 ASYNC-IN-DONE ep=0x81 len=0 status=2 actual=0
[2371] +87.290376 ASYNC-IN-SUBMIT ep=0x81 len=0 type=BULK (in, awaiting data)
[2372] +87.400280 ASYNC-IN-DONE ep=0x81 len=0 status=2 actual=0
[2373] +87.400321 ASYNC-IN-SUBMIT ep=0x81 len=0 type=BULK (in, awaiting data)
[2374] +87.419724 ASYNC-OUT ep=0x01 len=16 type=BULK 
	0000  08 00 00 18 01 10 ef 03  00 66 00 10 93 1e 00 00 |.........f......|
[2375] +87.420017 ASYNC-OUT-DONE ep=0x01 len=0 status=0 actual=16
[2376] +87.513128 ASYNC-IN-DONE ep=0x81 len=0 status=2 actual=0
[2377] +87.513230 ASYNC-IN-SUBMIT ep=0x81 len=0 type=BULK (in, awaiting data)
[2378] +87.575849 ASYNC-OUT ep=0x01 len=16 type=BULK 
	0000  08 00 00 18 02 10 f0 03  00 52 00 10 09 10 00 00 |.........R......|
[2379] +87.576110 ASYNC-OUT-DONE ep=0x01 len=0 status=0 actual=16
[2380] +87.576550 ASYNC-IN-DONE ep=0x81 len=16 status=0 actual=16
	0000  08 00 00 18 ed 03 80 10  00 6a 00 10 ae 02 00 00 |.........j......|
[2381] +87.576593 ASYNC-IN-SUBMIT ep=0x81 len=0 type=BULK (in, awaiting data)
[2382] +87.683013 ASYNC-IN-DONE ep=0x81 len=0 status=2 actual=0
[2383] +87.683086 ASYNC-IN-SUBMIT ep=0x81 len=0 type=BULK (in, awaiting data)
[2384] +87.777721 ASYNC-IN-DONE ep=0x81 len=16 status=0 actual=16
	0000  08 00 00 18 ef 03 01 10  00 6a 00 10 65 02 00 00 |.........j..e...|
[2385] +87.777874 ASYNC-IN-SUBMIT ep=0x81 len=0 type=BULK (in, awaiting data)
[2386] +87.887396 ASYNC-IN-DONE ep=0x81 len=0 status=2 actual=0
[2387] +87.887492 ASYNC-IN-SUBMIT ep=0x81 len=0 type=BULK (in, awaiting data)
[2388] +87.978128 ASYNC-IN-DONE ep=0x81 len=16 status=0 actual=16
	0000  08 00 00 18 f0 03 02 10  00 55 00 10 09 02 00 00 |.........U......|
[2389] +87.978221 ASYNC-IN-SUBMIT ep=0x81 len=0 type=BULK (in, awaiting data)
[2390] +88.083775 ASYNC-IN-DONE ep=0x81 len=0 status=2 actual=0
[2391] +88.083846 ASYNC-IN-SUBMIT ep=0x81 len=0 type=BULK (in, awaiting data)
[2392] +88.186816 ASYNC-IN-DONE ep=0x81 len=0 status=2 actual=0
[2393] +88.186882 ASYNC-IN-SUBMIT ep=0x81 len=0 type=BULK (in, awaiting data)
[2394] +88.199613 ASYNC-OUT ep=0x01 len=16 type=BULK 
	0000  08 00 00 18 80 10 ed 03  00 66 00 10 fd 1a 00 00 |.........f......|
[2395] +88.199984 ASYNC-OUT-DONE ep=0x01 len=0 status=0 actual=16
[2396] +88.298233 ASYNC-IN-DONE ep=0x81 len=0 status=2 actual=0
[2397] +88.298299 ASYNC-IN-SUBMIT ep=0x81 len=0 type=BULK (in, awaiting data)
[2398] +88.410926 ASYNC-IN-DONE ep=0x81 len=0 status=2 actual=0
[2399] +88.411059 ASYNC-IN-SUBMIT ep=0x81 len=0 type=BULK (in, awaiting data)
[2400] +88.458697 ASYNC-OUT ep=0x01 len=16 type=BULK 
	0000  08 00 00 18 01 10 ef 03  00 67 00 10 93 1e 00 00 |.........g......|
[2401] +88.459057 ASYNC-OUT-DONE ep=0x01 len=0 status=0 actual=16
[2402] +88.521428 ASYNC-IN-DONE ep=0x81 len=0 status=2 actual=0
[2403] +88.521509 ASYNC-IN-SUBMIT ep=0x81 len=0 type=BULK (in, awaiting data)
[2404] +88.579884 ASYNC-IN-DONE ep=0x81 len=16 status=0 actual=16
	0000  08 00 00 18 ed 03 80 10  00 6b 00 10 ae 02 00 00 |.........k......|
[2405] +88.579987 ASYNC-IN-SUBMIT ep=0x81 len=0 type=BULK (in, awaiting data)
[2406] +88.614821 ASYNC-OUT ep=0x01 len=16 type=BULK 
	0000  08 00 00 18 02 10 f0 03  00 53 00 10 09 10 00 00 |.........S......|
[2407] +88.615139 ASYNC-OUT-DONE ep=0x01 len=0 status=0 actual=16
[2408] +88.691237 ASYNC-IN-DONE ep=0x81 len=0 status=2 actual=0
[2409] +88.691339 ASYNC-IN-SUBMIT ep=0x81 len=0 type=BULK (in, awaiting data)
[2410] +88.780620 ASYNC-IN-DONE ep=0x81 len=16 status=0 actual=16
	0000  08 00 00 18 ef 03 01 10  00 6b 00 10 65 02 00 00 |.........k..e...|
[2411] +88.780745 ASYNC-IN-SUBMIT ep=0x81 len=0 type=BULK (in, awaiting data)
[2412] +88.884320 ASYNC-IN-DONE ep=0x81 len=0 status=2 actual=0
[2413] +88.884414 ASYNC-IN-SUBMIT ep=0x81 len=0 type=BULK (in, awaiting data)
[2414] +88.981471 ASYNC-IN-DONE ep=0x81 len=16 status=0 actual=16
	0000  08 00 00 18 f0 03 02 10  00 56 00 10 09 02 00 00 |.........V......|
[2415] +88.981564 ASYNC-IN-SUBMIT ep=0x81 len=0 type=BULK (in, awaiting data)
[2416] +89.084855 ASYNC-IN-DONE ep=0x81 len=0 status=2 actual=0
[2417] +89.084932 ASYNC-IN-SUBMIT ep=0x81 len=0 type=BULK (in, awaiting data)
[2418] +89.192803 ASYNC-IN-DONE ep=0x81 len=0 status=2 actual=0
[2419] +89.192891 ASYNC-IN-SUBMIT ep=0x81 len=0 type=BULK (in, awaiting data)
[2420] +89.236717 ASYNC-OUT ep=0x01 len=16 type=BULK 
	0000  08 00 00 18 80 10 ed 03  00 67 00 10 fd 1a 00 00 |.........g......|
[2421] +89.237028 ASYNC-OUT-DONE ep=0x01 len=0 status=0 actual=16
[2422] +89.299589 ASYNC-IN-DONE ep=0x81 len=0 status=2 actual=0
[2423] +89.299679 ASYNC-IN-SUBMIT ep=0x81 len=0 type=BULK (in, awaiting data)
[2424] +89.412516 ASYNC-IN-DONE ep=0x81 len=0 status=2 actual=0
[2425] +89.412600 ASYNC-IN-SUBMIT ep=0x81 len=0 type=BULK (in, awaiting data)
[2426] +89.496985 ASYNC-OUT ep=0x01 len=16 type=BULK 
	0000  08 00 00 18 01 10 ef 03  00 68 00 10 93 1e 00 00 |.........h......|
[2427] +89.497315 ASYNC-OUT-DONE ep=0x01 len=0 status=0 actual=16
[2428] +89.525518 ASYNC-IN-DONE ep=0x81 len=0 status=2 actual=0
[2429] +89.525703 ASYNC-IN-SUBMIT ep=0x81 len=0 type=BULK (in, awaiting data)
[2430] +89.583137 ASYNC-IN-DONE ep=0x81 len=16 status=0 actual=16
	0000  08 00 00 18 ed 03 80 10  00 6c 00 10 ae 02 00 00 |.........l......|
[2431] +89.583241 ASYNC-IN-SUBMIT ep=0x81 len=0 type=BULK (in, awaiting data)
[2432] +89.652255 ASYNC-OUT ep=0x01 len=16 type=BULK 
	0000  08 00 00 18 02 10 f0 03  00 54 00 10 09 10 00 00 |.........T......|
[2433] +89.652609 ASYNC-OUT-DONE ep=0x01 len=0 status=0 actual=16
[2434] +89.691331 ASYNC-IN-DONE ep=0x81 len=0 status=2 actual=0
[2435] +89.691401 ASYNC-IN-SUBMIT ep=0x81 len=0 type=BULK (in, awaiting data)
[2436] +89.784208 ASYNC-IN-DONE ep=0x81 len=16 status=0 actual=16
	0000  08 00 00 18 ef 03 01 10  00 6c 00 10 65 02 00 00 |.........l..e...|
[2437] +89.784342 ASYNC-IN-SUBMIT ep=0x81 len=0 type=BULK (in, awaiting data)
[2438] +89.890471 ASYNC-IN-DONE ep=0x81 len=0 status=2 actual=0
[2439] +89.890510 ASYNC-IN-SUBMIT ep=0x81 len=0 type=BULK (in, awaiting data)
[2440] +89.984673 ASYNC-IN-DONE ep=0x81 len=16 status=0 actual=16
	0000  08 00 00 18 f0 03 02 10  00 57 00 10 09 02 00 00 |.........W......|
[2441] +89.984775 ASYNC-IN-SUBMIT ep=0x81 len=0 type=BULK (in, awaiting data)
[2442] +90.085276 ASYNC-IN-DONE ep=0x81 len=0 status=2 actual=0
[2443] +90.085383 ASYNC-IN-SUBMIT ep=0x81 len=0 type=BULK (in, awaiting data)
[2444] +90.197557 ASYNC-IN-DONE ep=0x81 len=0 status=2 actual=0
[2445] +90.197623 ASYNC-IN-SUBMIT ep=0x81 len=0 type=BULK (in, awaiting data)
[2446] +90.274108 ASYNC-OUT ep=0x01 len=16 type=BULK 
	0000  08 00 00 18 80 10 ed 03  00 68 00 10 fd 1a 00 00 |.........h......|
[2447] +90.274420 ASYNC-OUT-DONE ep=0x01 len=0 status=0 actual=16
[2448] +90.310409 ASYNC-IN-DONE ep=0x81 len=0 status=2 actual=0
[2449] +90.310499 ASYNC-IN-SUBMIT ep=0x81 len=0 type=BULK (in, awaiting data)
[2450] +90.417358 ASYNC-IN-DONE ep=0x81 len=0 status=2 actual=0
[2451] +90.417453 ASYNC-IN-SUBMIT ep=0x81 len=0 type=BULK (in, awaiting data)
[2452] +90.521539 ASYNC-IN-DONE ep=0x81 len=0 status=2 actual=0
[2453] +90.521609 ASYNC-IN-SUBMIT ep=0x81 len=0 type=BULK (in, awaiting data)
[2454] +90.534314 ASYNC-OUT ep=0x01 len=16 type=BULK 
	0000  08 00 00 18 01 10 ef 03  00 69 00 10 93 1e 00 00 |.........i......|
[2455] +90.534540 ASYNC-OUT-DONE ep=0x01 len=0 status=0 actual=16
[2456] +90.586568 ASYNC-IN-DONE ep=0x81 len=16 status=0 actual=16
	0000  08 00 00 18 ed 03 80 10  00 6d 00 10 ae 02 00 00 |.........m......|
[2457] +90.586696 ASYNC-IN-SUBMIT ep=0x81 len=0 type=BULK (in, awaiting data)
[2458] +90.689565 ASYNC-OUT ep=0x01 len=16 type=BULK 
	0000  08 00 00 18 02 10 f0 03  00 55 00 10 09 10 00 00 |.........U......|
[2459] +90.689863 ASYNC-IN-DONE ep=0x81 len=0 status=2 actual=0
[2460] +90.689915 ASYNC-IN-SUBMIT ep=0x81 len=0 type=BULK (in, awaiting data)
[2461] +90.690044 ASYNC-OUT-DONE ep=0x01 len=0 status=0 actual=16
[2462] +90.787512 ASYNC-IN-DONE ep=0x81 len=16 status=0 actual=16
	0000  08 00 00 18 ef 03 01 10  00 6d 00 10 65 02 00 00 |.........m..e...|
[2463] +90.787613 ASYNC-IN-SUBMIT ep=0x81 len=0 type=BULK (in, awaiting data)
[2464] +90.889971 ASYNC-IN-DONE ep=0x81 len=0 status=2 actual=0
[2465] +90.890057 ASYNC-IN-SUBMIT ep=0x81 len=0 type=BULK (in, awaiting data)
[2466] +90.988103 ASYNC-IN-DONE ep=0x81 len=16 status=0 actual=16
	0000  08 00 00 18 f0 03 02 10  00 58 00 10 09 02 00 00 |.........X......|
[2467] +90.988215 ASYNC-IN-SUBMIT ep=0x81 len=0 type=BULK (in, awaiting data)
[2468] +91.091076 ASYNC-IN-DONE ep=0x81 len=0 status=2 actual=0
[2469] +91.091183 ASYNC-IN-SUBMIT ep=0x81 len=0 type=BULK (in, awaiting data)
[2470] +91.204040 ASYNC-IN-DONE ep=0x81 len=0 status=2 actual=0
[2471] +91.204134 ASYNC-IN-SUBMIT ep=0x81 len=0 type=BULK (in, awaiting data)
[2472] +91.310398 ASYNC-OUT ep=0x01 len=16 type=BULK 
	0000  08 00 00 18 80 10 ed 03  00 69 00 10 fd 1a 00 00 |.........i......|
[2473] +91.310713 ASYNC-OUT-DONE ep=0x01 len=0 status=0 actual=16
[2474] +91.316896 ASYNC-IN-DONE ep=0x81 len=0 status=2 actual=0
[2475] +91.316940 ASYNC-IN-SUBMIT ep=0x81 len=0 type=BULK (in, awaiting data)
[2476] +91.419407 ASYNC-IN-DONE ep=0x81 len=0 status=2 actual=0
[2477] +91.419486 ASYNC-IN-SUBMIT ep=0x81 len=0 type=BULK (in, awaiting data)
[2478] +91.532326 ASYNC-IN-DONE ep=0x81 len=0 status=2 actual=0
[2479] +91.532409 ASYNC-IN-SUBMIT ep=0x81 len=0 type=BULK (in, awaiting data)
[2480] +91.569810 ASYNC-OUT ep=0x01 len=16 type=BULK 
	0000  08 00 00 18 01 10 ef 03  00 6a 00 10 93 1e 00 00 |.........j......|
[2481] +91.570124 ASYNC-OUT-DONE ep=0x01 len=0 status=0 actual=16
[2482] +91.590145 ASYNC-IN-DONE ep=0x81 len=16 status=0 actual=16
	0000  08 00 00 18 ed 03 80 10  00 6e 00 10 ae 02 00 00 |.........n......|
[2483] +91.590224 ASYNC-IN-SUBMIT ep=0x81 len=0 type=BULK (in, awaiting data)
[2484] +91.700072 ASYNC-IN-DONE ep=0x81 len=0 status=2 actual=0
[2485] +91.700173 ASYNC-IN-SUBMIT ep=0x81 len=0 type=BULK (in, awaiting data)
[2486] +91.725959 ASYNC-OUT ep=0x01 len=16 type=BULK 
	0000  08 00 00 18 02 10 f0 03  00 56 00 10 09 10 00 00 |.........V......|
[2487] +91.726270 ASYNC-OUT-DONE ep=0x01 len=0 status=0 actual=16
[2488] +91.790641 ASYNC-IN-DONE ep=0x81 len=16 status=0 actual=16
	0000  08 00 00 18 ef 03 01 10  00 6e 00 10 65 02 00 00 |.........n..e...|
[2489] +91.790764 ASYNC-IN-SUBMIT ep=0x81 len=0 type=BULK (in, awaiting data)
[2490] +91.899497 ASYNC-IN-DONE ep=0x81 len=0 status=2 actual=0
[2491] +91.899619 ASYNC-IN-SUBMIT ep=0x81 len=0 type=BULK (in, awaiting data)
[2492] +91.991551 ASYNC-IN-DONE ep=0x81 len=16 status=0 actual=16
	0000  08 00 00 18 f0 03 02 10  00 59 00 10 09 02 00 00 |.........Y......|
[2493] +91.991764 ASYNC-IN-SUBMIT ep=0x81 len=0 type=BULK (in, awaiting data)
[2494] +92.097396 ASYNC-IN-DONE ep=0x81 len=0 status=2 actual=0
[2495] +92.097486 ASYNC-IN-SUBMIT ep=0x81 len=0 type=BULK (in, awaiting data)
[2496] +92.206223 ASYNC-IN-DONE ep=0x81 len=0 status=2 actual=0
[2497] +92.206322 ASYNC-IN-SUBMIT ep=0x81 len=0 type=BULK (in, awaiting data)
[2498] +92.316843 ASYNC-IN-DONE ep=0x81 len=0 status=2 actual=0
[2499] +92.316929 ASYNC-IN-SUBMIT ep=0x81 len=0 type=BULK (in, awaiting data)
[2500] +92.347327 ASYNC-OUT ep=0x01 len=16 type=BULK 
	0000  08 00 00 18 80 10 ed 03  00 6a 00 10 fd 1a 00 00 |.........j......|
[2501] +92.347665 ASYNC-OUT-DONE ep=0x01 len=0 status=0 actual=16
[2502] +92.420961 ASYNC-IN-DONE ep=0x81 len=0 status=2 actual=0
[2503] +92.421003 ASYNC-IN-SUBMIT ep=0x81 len=0 type=BULK (in, awaiting data)
[2504] +92.533797 ASYNC-IN-DONE ep=0x81 len=0 status=2 actual=0
[2505] +92.533896 ASYNC-IN-SUBMIT ep=0x81 len=0 type=BULK (in, awaiting data)
[2506] +92.593550 ASYNC-IN-DONE ep=0x81 len=16 status=0 actual=16
	0000  08 00 00 18 ed 03 80 10  00 6f 00 10 ae 02 00 00 |.........o......|
[2507] +92.593677 ASYNC-IN-SUBMIT ep=0x81 len=0 type=BULK (in, awaiting data)
[2508] +92.606241 ASYNC-OUT ep=0x01 len=16 type=BULK 
	0000  08 00 00 18 01 10 ef 03  00 6b 00 10 93 1e 00 00 |.........k......|
[2509] +92.606460 ASYNC-OUT-DONE ep=0x01 len=0 status=0 actual=16
[2510] +92.706311 ASYNC-IN-DONE ep=0x81 len=0 status=2 actual=0
[2511] +92.706405 ASYNC-IN-SUBMIT ep=0x81 len=0 type=BULK (in, awaiting data)
[2512] +92.762400 ASYNC-OUT ep=0x01 len=16 type=BULK 
	0000  08 00 00 18 02 10 f0 03  00 57 00 10 09 10 00 00 |.........W......|
[2513] +92.762679 ASYNC-OUT-DONE ep=0x01 len=0 status=0 actual=16
[2514] +92.793922 ASYNC-IN-DONE ep=0x81 len=16 status=0 actual=16
	0000  08 00 00 18 ef 03 01 10  00 6f 00 10 65 02 00 00 |.........o..e...|
[2515] +92.794019 ASYNC-IN-SUBMIT ep=0x81 len=0 type=BULK (in, awaiting data)
[2516] +92.899040 ASYNC-IN-DONE ep=0x81 len=0 status=2 actual=0
[2517] +92.899165 ASYNC-IN-SUBMIT ep=0x81 len=0 type=BULK (in, awaiting data)
[2518] +92.994733 ASYNC-IN-DONE ep=0x81 len=16 status=0 actual=16
	0000  08 00 00 18 f0 03 02 10  00 5a 00 10 09 02 00 00 |.........Z......|
[2519] +92.994865 ASYNC-IN-SUBMIT ep=0x81 len=0 type=BULK (in, awaiting data)
[2520] +93.105760 ASYNC-IN-DONE ep=0x81 len=0 status=2 actual=0
[2521] +93.105858 ASYNC-IN-SUBMIT ep=0x81 len=0 type=BULK (in, awaiting data)
[2522] +93.217258 ASYNC-IN-DONE ep=0x81 len=0 status=2 actual=0
[2523] +93.217344 ASYNC-IN-SUBMIT ep=0x81 len=0 type=BULK (in, awaiting data)
[2524] +93.319792 ASYNC-IN-DONE ep=0x81 len=0 status=2 actual=0
[2525] +93.319856 ASYNC-IN-SUBMIT ep=0x81 len=0 type=BULK (in, awaiting data)
[2526] +93.385336 ASYNC-OUT ep=0x01 len=16 type=BULK 
	0000  08 00 00 18 80 10 ed 03  00 6b 00 10 fd 1a 00 00 |.........k......|
[2527] +93.385696 ASYNC-OUT-DONE ep=0x01 len=0 status=0 actual=16
[2528] +93.423075 ASYNC-IN-DONE ep=0x81 len=0 status=2 actual=0
[2529] +93.423124 ASYNC-IN-SUBMIT ep=0x81 len=0 type=BULK (in, awaiting data)
[2530] +93.535959 ASYNC-IN-DONE ep=0x81 len=0 status=2 actual=0
[2531] +93.536041 ASYNC-IN-SUBMIT ep=0x81 len=0 type=BULK (in, awaiting data)
[2532] +93.597573 ASYNC-IN-DONE ep=0x81 len=16 status=0 actual=16
	0000  08 00 00 18 ed 03 80 10  00 70 00 10 ae 02 00 00 |.........p......|
[2533] +93.597701 ASYNC-IN-SUBMIT ep=0x81 len=0 type=BULK (in, awaiting data)
[2534] +93.645647 ASYNC-OUT ep=0x01 len=16 type=BULK 
	0000  08 00 00 18 01 10 ef 03  00 6c 00 10 93 1e 00 00 |.........l......|
[2535] +93.645948 ASYNC-OUT-DONE ep=0x01 len=0 status=0 actual=16
[2536] +93.704589 ASYNC-IN-DONE ep=0x81 len=0 status=2 actual=0
[2537] +93.704669 ASYNC-IN-SUBMIT ep=0x81 len=0 type=BULK (in, awaiting data)
[2538] +93.797868 ASYNC-IN-DONE ep=0x81 len=16 status=0 actual=16
	0000  08 00 00 18 ef 03 01 10  00 70 00 10 65 02 00 00 |.........p..e...|
[2539] +93.797945 ASYNC-IN-SUBMIT ep=0x81 len=0 type=BULK (in, awaiting data)
[2540] +93.801528 ASYNC-OUT ep=0x01 len=16 type=BULK 
	0000  08 00 00 18 02 10 f0 03  00 58 00 10 09 10 00 00 |.........X......|
[2541] +93.801866 ASYNC-OUT-DONE ep=0x01 len=0 status=0 actual=16
[2542] +93.902031 ASYNC-IN-DONE ep=0x81 len=0 status=2 actual=0
[2543] +93.902110 ASYNC-IN-SUBMIT ep=0x81 len=0 type=BULK (in, awaiting data)
[2544] +93.998401 ASYNC-IN-DONE ep=0x81 len=16 status=0 actual=16
	0000  08 00 00 18 f0 03 02 10  00 5b 00 10 09 02 00 00 |.........[......|
[2545] +93.998523 ASYNC-IN-SUBMIT ep=0x81 len=0 type=BULK (in, awaiting data)
[2546] +94.108662 ASYNC-IN-DONE ep=0x81 len=0 status=2 actual=0
[2547] +94.108897 ASYNC-IN-SUBMIT ep=0x81 len=0 type=BULK (in, awaiting data)
[2548] +94.218157 ASYNC-IN-DONE ep=0x81 len=0 status=2 actual=0
[2549] +94.218242 ASYNC-IN-SUBMIT ep=0x81 len=0 type=BULK (in, awaiting data)
[2550] +94.321000 ASYNC-IN-DONE ep=0x81 len=0 status=2 actual=0
[2551] +94.321047 ASYNC-IN-SUBMIT ep=0x81 len=0 type=BULK (in, awaiting data)
[2552] +94.422572 ASYNC-OUT ep=0x01 len=16 type=BULK 
	0000  08 00 00 18 80 10 ed 03  00 6c 00 10 fd 1a 00 00 |.........l......|
[2553] +94.422924 ASYNC-OUT-DONE ep=0x01 len=0 status=0 actual=16
[2554] +94.425049 ASYNC-IN-DONE ep=0x81 len=0 status=2 actual=0
[2555] +94.425066 ASYNC-IN-SUBMIT ep=0x81 len=0 type=BULK (in, awaiting data)
[2556] +94.537682 ASYNC-IN-DONE ep=0x81 len=0 status=2 actual=0
[2557] +94.537732 ASYNC-IN-SUBMIT ep=0x81 len=0 type=BULK (in, awaiting data)
[2558] +94.600311 ASYNC-IN-DONE ep=0x81 len=16 status=0 actual=16
	0000  08 00 00 18 ed 03 80 10  00 71 00 10 ae 02 00 00 |.........q......|
[2559] +94.600382 ASYNC-IN-SUBMIT ep=0x81 len=0 type=BULK (in, awaiting data)
[2560] +94.680805 ASYNC-OUT ep=0x01 len=16 type=BULK 
	0000  08 00 00 18 01 10 ef 03  00 6d 00 10 93 1e 00 00 |.........m......|
[2561] +94.681012 ASYNC-OUT-DONE ep=0x01 len=0 status=0 actual=16
[2562] +94.706064 ASYNC-IN-DONE ep=0x81 len=0 status=2 actual=0
[2563] +94.706147 ASYNC-IN-SUBMIT ep=0x81 len=0 type=BULK (in, awaiting data)
[2564] +94.800904 ASYNC-IN-DONE ep=0x81 len=16 status=0 actual=16
	0000  08 00 00 18 ef 03 01 10  00 71 00 10 65 02 00 00 |.........q..e...|
[2565] +94.800949 ASYNC-IN-SUBMIT ep=0x81 len=0 type=BULK (in, awaiting data)
[2566] +94.836942 ASYNC-OUT ep=0x01 len=16 type=BULK 
	0000  08 00 00 18 02 10 f0 03  00 59 00 10 09 10 00 00 |.........Y......|
[2567] +94.837150 ASYNC-OUT-DONE ep=0x01 len=0 status=0 actual=16
[2568] +94.912647 ASYNC-IN-DONE ep=0x81 len=0 status=2 actual=0
[2569] +94.912672 ASYNC-IN-SUBMIT ep=0x81 len=0 type=BULK (in, awaiting data)
[2570] +95.001258 ASYNC-IN-DONE ep=0x81 len=16 status=0 actual=16
	0000  08 00 00 18 f0 03 02 10  00 5c 00 10 09 02 00 00 |.........\......|
[2571] +95.001301 ASYNC-IN-SUBMIT ep=0x81 len=0 type=BULK (in, awaiting data)
[2572] +95.113210 ASYNC-IN-DONE ep=0x81 len=0 status=2 actual=0
[2573] +95.113276 ASYNC-IN-SUBMIT ep=0x81 len=0 type=BULK (in, awaiting data)
[2574] +95.219068 ASYNC-IN-DONE ep=0x81 len=0 status=2 actual=0
[2575] +95.219150 ASYNC-IN-SUBMIT ep=0x81 len=0 type=BULK (in, awaiting data)
[2576] +95.330295 ASYNC-IN-DONE ep=0x81 len=0 status=2 actual=0
[2577] +95.330809 ASYNC-IN-SUBMIT ep=0x81 len=0 type=BULK (in, awaiting data)
[2578] +95.436645 ASYNC-IN-DONE ep=0x81 len=0 status=2 actual=0
[2579] +95.436682 ASYNC-IN-SUBMIT ep=0x81 len=0 type=BULK (in, awaiting data)
[2580] +95.459776 ASYNC-OUT ep=0x01 len=16 type=BULK 
	0000  08 00 00 18 80 10 ed 03  00 6d 00 10 fd 1a 00 00 |.........m......|
[2581] +95.459953 ASYNC-OUT-DONE ep=0x01 len=0 status=0 actual=16
[2582] +95.547681 ASYNC-IN-DONE ep=0x81 len=0 status=2 actual=0
[2583] +95.547725 ASYNC-IN-SUBMIT ep=0x81 len=0 type=BULK (in, awaiting data)
[2584] +95.603479 ASYNC-IN-DONE ep=0x81 len=16 status=0 actual=16
	0000  08 00 00 18 ed 03 80 10  00 72 00 10 ae 02 00 00 |.........r......|
[2585] +95.603542 ASYNC-IN-SUBMIT ep=0x81 len=0 type=BULK (in, awaiting data)
[2586] +95.716321 ASYNC-IN-DONE ep=0x81 len=0 status=2 actual=0
[2587] +95.716391 ASYNC-IN-SUBMIT ep=0x81 len=0 type=BULK (in, awaiting data)
[2588] +95.722055 ASYNC-OUT ep=0x01 len=16 type=BULK 
	0000  08 00 00 18 01 10 ef 03  00 6e 00 10 93 1e 00 00 |.........n......|
[2589] +95.722350 ASYNC-OUT-DONE ep=0x01 len=0 status=0 actual=16
[2590] +95.804319 ASYNC-IN-DONE ep=0x81 len=16 status=0 actual=16
	0000  08 00 00 18 ef 03 01 10  00 72 00 10 65 02 00 00 |.........r..e...|
[2591] +95.804410 ASYNC-IN-SUBMIT ep=0x81 len=0 type=BULK (in, awaiting data)
[2592] +95.878232 ASYNC-OUT ep=0x01 len=16 type=BULK 
	0000  08 00 00 18 02 10 f0 03  00 5a 00 10 09 10 00 00 |.........Z......|
[2593] +95.878498 ASYNC-OUT-DONE ep=0x01 len=0 status=0 actual=16
[2594] +95.907496 ASYNC-IN-DONE ep=0x81 len=0 status=2 actual=0
[2595] +95.907537 ASYNC-IN-SUBMIT ep=0x81 len=0 type=BULK (in, awaiting data)
[2596] +96.004786 ASYNC-IN-DONE ep=0x81 len=16 status=0 actual=16
	0000  08 00 00 18 f0 03 02 10  00 5d 00 10 09 02 00 00 |.........]......|
[2597] +96.004892 ASYNC-IN-SUBMIT ep=0x81 len=0 type=BULK (in, awaiting data)
[2598] +96.116793 ASYNC-IN-DONE ep=0x81 len=0 status=2 actual=0
[2599] +96.116832 ASYNC-IN-SUBMIT ep=0x81 len=0 type=BULK (in, awaiting data)
[2600] +96.230254 ASYNC-IN-DONE ep=0x81 len=0 status=2 actual=0
[2601] +96.230303 ASYNC-IN-SUBMIT ep=0x81 len=0 type=BULK (in, awaiting data)
[2602] +96.343005 ASYNC-IN-DONE ep=0x81 len=0 status=2 actual=0
[2603] +96.343056 ASYNC-IN-SUBMIT ep=0x81 len=0 type=BULK (in, awaiting data)
[2604] +96.455738 ASYNC-IN-DONE ep=0x81 len=0 status=2 actual=0
[2605] +96.455773 ASYNC-IN-SUBMIT ep=0x81 len=0 type=BULK (in, awaiting data)
[2606] +96.507926 ASYNC-OUT ep=0x01 len=16 type=BULK 
	0000  08 00 00 18 80 10 ed 03  00 6e 00 10 fd 1a 00 00 |.........n......|
[2607] +96.508178 ASYNC-OUT-DONE ep=0x01 len=0 status=0 actual=16
[2608] +96.556148 ASYNC-IN-DONE ep=0x81 len=0 status=2 actual=0
[2609] +96.556185 ASYNC-IN-SUBMIT ep=0x81 len=0 type=BULK (in, awaiting data)
[2610] +96.607153 ASYNC-IN-DONE ep=0x81 len=16 status=0 actual=16
	0000  08 00 00 18 ed 03 80 10  00 73 00 10 ae 02 00 00 |.........s......|
[2611] +96.607251 ASYNC-IN-SUBMIT ep=0x81 len=0 type=BULK (in, awaiting data)
[2612] +96.720063 ASYNC-IN-DONE ep=0x81 len=0 status=2 actual=0
[2613] +96.720106 ASYNC-IN-SUBMIT ep=0x81 len=0 type=BULK (in, awaiting data)
[2614] +96.767906 ASYNC-OUT ep=0x01 len=16 type=BULK 
	0000  08 00 00 18 01 10 ef 03  00 6f 00 10 93 1e 00 00 |.........o......|
[2615] +96.768177 ASYNC-OUT-DONE ep=0x01 len=0 status=0 actual=16
[2616] +96.807520 ASYNC-IN-DONE ep=0x81 len=16 status=0 actual=16
	0000  08 00 00 18 ef 03 01 10  00 73 00 10 65 02 00 00 |.........s..e...|
[2617] +96.807563 ASYNC-IN-SUBMIT ep=0x81 len=0 type=BULK (in, awaiting data)
[2618] +96.914733 ASYNC-IN-DONE ep=0x81 len=0 status=2 actual=0
[2619] +96.914828 ASYNC-IN-SUBMIT ep=0x81 len=0 type=BULK (in, awaiting data)
[2620] +96.924070 ASYNC-OUT ep=0x01 len=16 type=BULK 
	0000  08 00 00 18 02 10 f0 03  00 5b 00 10 09 10 00 00 |.........[......|
[2621] +96.924403 ASYNC-OUT-DONE ep=0x01 len=0 status=0 actual=16
[2622] +97.007940 ASYNC-IN-DONE ep=0x81 len=16 status=0 actual=16
	0000  08 00 00 18 f0 03 02 10  00 5e 00 10 09 02 00 00 |.........^......|
[2623] +97.008018 ASYNC-IN-SUBMIT ep=0x81 len=0 type=BULK (in, awaiting data)
[2624] +97.120902 ASYNC-IN-DONE ep=0x81 len=0 status=2 actual=0
[2625] +97.121079 ASYNC-IN-SUBMIT ep=0x81 len=0 type=BULK (in, awaiting data)
[2626] +97.232944 ASYNC-IN-DONE ep=0x81 len=0 status=2 actual=0
[2627] +97.233022 ASYNC-IN-SUBMIT ep=0x81 len=0 type=BULK (in, awaiting data)
[2628] +97.335439 ASYNC-IN-DONE ep=0x81 len=0 status=2 actual=0
[2629] +97.335539 ASYNC-IN-SUBMIT ep=0x81 len=0 type=BULK (in, awaiting data)
[2630] +97.442249 ASYNC-IN-DONE ep=0x81 len=0 status=2 actual=0
[2631] +97.442314 ASYNC-IN-SUBMIT ep=0x81 len=0 type=BULK (in, awaiting data)
[2632] +97.545205 ASYNC-OUT ep=0x01 len=16 type=BULK 
	0000  08 00 00 18 80 10 ed 03  00 6f 00 10 fd 1a 00 00 |.........o......|
[2633] +97.545575 ASYNC-OUT-DONE ep=0x01 len=0 status=0 actual=16
[2634] +97.554214 ASYNC-IN-DONE ep=0x81 len=0 status=2 actual=0
[2635] +97.554280 ASYNC-IN-SUBMIT ep=0x81 len=0 type=BULK (in, awaiting data)
[2636] +97.609902 ASYNC-IN-DONE ep=0x81 len=16 status=0 actual=16
	0000  08 00 00 18 ed 03 80 10  00 74 00 10 ae 02 00 00 |.........t......|
[2637] +97.609961 ASYNC-IN-SUBMIT ep=0x81 len=0 type=BULK (in, awaiting data)
[2638] +97.717963 ASYNC-IN-DONE ep=0x81 len=0 status=2 actual=0
[2639] +97.718048 ASYNC-IN-SUBMIT ep=0x81 len=0 type=BULK (in, awaiting data)
[2640] +97.804723 ASYNC-OUT ep=0x01 len=16 type=BULK 
	0000  08 00 00 18 01 10 ef 03  00 70 00 10 93 1e 00 00 |.........p......|
[2641] +97.805131 ASYNC-OUT-DONE ep=0x01 len=0 status=0 actual=16
[2642] +97.810778 ASYNC-IN-DONE ep=0x81 len=16 status=0 actual=16
	0000  08 00 00 18 ef 03 01 10  00 74 00 10 65 02 00 00 |.........t..e...|
[2643] +97.810901 ASYNC-IN-SUBMIT ep=0x81 len=0 type=BULK (in, awaiting data)
[2644] +97.922697 ASYNC-IN-DONE ep=0x81 len=0 status=2 actual=0
[2645] +97.922762 ASYNC-IN-SUBMIT ep=0x81 len=0 type=BULK (in, awaiting data)
[2646] +97.960580 ASYNC-OUT ep=0x01 len=16 type=BULK 
	0000  08 00 00 18 02 10 f0 03  00 5c 00 10 09 10 00 00 |.........\......|
[2647] +97.960939 ASYNC-OUT-DONE ep=0x01 len=0 status=0 actual=16
[2648] +98.011199 ASYNC-IN-DONE ep=0x81 len=16 status=0 actual=16
	0000  08 00 00 18 f0 03 02 10  00 5f 00 10 09 02 00 00 |........._......|
[2649] +98.011339 ASYNC-IN-SUBMIT ep=0x81 len=0 type=BULK (in, awaiting data)
[2650] +98.111794 ASYNC-IN-DONE ep=0x81 len=0 status=2 actual=0
[2651] +98.111908 ASYNC-IN-SUBMIT ep=0x81 len=0 type=BULK (in, awaiting data)
[2652] +98.224753 ASYNC-IN-DONE ep=0x81 len=0 status=2 actual=0
[2653] +98.224861 ASYNC-IN-SUBMIT ep=0x81 len=0 type=BULK (in, awaiting data)
[2654] +98.325273 ASYNC-IN-DONE ep=0x81 len=0 status=2 actual=0
[2655] +98.325360 ASYNC-IN-SUBMIT ep=0x81 len=0 type=BULK (in, awaiting data)
[2656] +98.431448 ASYNC-IN-DONE ep=0x81 len=0 status=2 actual=0
[2657] +98.431487 ASYNC-IN-SUBMIT ep=0x81 len=0 type=BULK (in, awaiting data)
[2658] +98.537849 ASYNC-IN-DONE ep=0x81 len=0 status=2 actual=0
[2659] +98.537897 ASYNC-IN-SUBMIT ep=0x81 len=0 type=BULK (in, awaiting data)
[2660] +98.612460 ASYNC-OUT ep=0x01 len=16 type=BULK 
	0000  08 00 00 18 80 10 ed 03  00 70 00 10 fd 1a 00 00 |.........p......|
[2661] +98.613542 ASYNC-IN-DONE ep=0x81 len=16 status=0 actual=16
	0000  08 00 00 18 ed 03 80 10  00 75 00 10 ae 02 00 00 |.........u......|
[2662] +98.613603 ASYNC-IN-SUBMIT ep=0x81 len=0 type=BULK (in, awaiting data)
[2663] +98.614167 ASYNC-OUT-DONE ep=0x01 len=0 status=0 actual=16
[2664] +98.725205 ASYNC-IN-DONE ep=0x81 len=0 status=2 actual=0
[2665] +98.725251 ASYNC-IN-SUBMIT ep=0x81 len=0 type=BULK (in, awaiting data)
[2666] +98.814104 ASYNC-IN-DONE ep=0x81 len=16 status=0 actual=16
	0000  08 00 00 18 ef 03 01 10  00 75 00 10 65 02 00 00 |.........u..e...|
[2667] +98.814242 ASYNC-IN-SUBMIT ep=0x81 len=0 type=BULK (in, awaiting data)
[2668] +98.819060 ASYNC-OUT ep=0x01 len=16 type=BULK 
	0000  08 00 00 18 01 10 ef 03  00 71 00 10 93 1e 00 00 |.........q......|
[2669] +98.819259 ASYNC-OUT-DONE ep=0x01 len=0 status=0 actual=16
[2670] +98.925291 ASYNC-IN-DONE ep=0x81 len=0 status=2 actual=0
[2671] +98.925381 ASYNC-IN-SUBMIT ep=0x81 len=0 type=BULK (in, awaiting data)
[2672] +98.974147 ASYNC-OUT ep=0x01 len=16 type=BULK 
	0000  08 00 00 18 02 10 f0 03  00 5d 00 10 09 10 00 00 |.........]......|
[2673] +98.975105 ASYNC-OUT-DONE ep=0x01 len=0 status=0 actual=16
[2674] +99.015215 ASYNC-IN-DONE ep=0x81 len=16 status=0 actual=16
	0000  08 00 00 18 f0 03 02 10  00 60 00 10 09 02 00 00 |.........`......|
[2675] +99.015283 ASYNC-IN-SUBMIT ep=0x81 len=0 type=BULK (in, awaiting data)
[2676] +99.116560 ASYNC-IN-DONE ep=0x81 len=0 status=2 actual=0
[2677] +99.116602 ASYNC-IN-SUBMIT ep=0x81 len=0 type=BULK (in, awaiting data)
[2678] +99.229339 ASYNC-IN-DONE ep=0x81 len=0 status=2 actual=0
[2679] +99.229410 ASYNC-IN-SUBMIT ep=0x81 len=0 type=BULK (in, awaiting data)
[2680] +99.341930 ASYNC-IN-DONE ep=0x81 len=0 status=2 actual=0
[2681] +99.341990 ASYNC-IN-SUBMIT ep=0x81 len=0 type=BULK (in, awaiting data)
[2682] +99.450250 ASYNC-IN-DONE ep=0x81 len=0 status=2 actual=0
[2683] +99.450326 ASYNC-IN-SUBMIT ep=0x81 len=0 type=BULK (in, awaiting data)
[2684] +99.551105 ASYNC-IN-DONE ep=0x81 len=0 status=2 actual=0
[2685] +99.551166 ASYNC-IN-SUBMIT ep=0x81 len=0 type=BULK (in, awaiting data)
[2686] +99.617178 ASYNC-IN-DONE ep=0x81 len=16 status=0 actual=16
	0000  08 00 00 18 ed 03 80 10  00 76 00 10 ae 02 00 00 |.........v......|
[2687] +99.617267 ASYNC-IN-SUBMIT ep=0x81 len=0 type=BULK (in, awaiting data)
[2688] +99.654768 ASYNC-OUT ep=0x01 len=16 type=BULK 
	0000  08 00 00 18 80 10 ed 03  00 71 00 10 fd 1a 00 00 |.........q......|
[2689] +99.656191 ASYNC-OUT-DONE ep=0x01 len=0 status=0 actual=16
[2690] +99.730020 ASYNC-IN-DONE ep=0x81 len=0 status=2 actual=0
[2691] +99.730090 ASYNC-IN-SUBMIT ep=0x81 len=0 type=BULK (in, awaiting data)
[2692] +99.817618 ASYNC-IN-DONE ep=0x81 len=16 status=0 actual=16
	0000  08 00 00 18 ef 03 01 10  00 76 00 10 65 02 00 00 |.........v..e...|
[2693] +99.817731 ASYNC-IN-SUBMIT ep=0x81 len=0 type=BULK (in, awaiting data)
[2694] +99.868429 ASYNC-OUT ep=0x01 len=16 type=BULK 
	0000  08 00 00 18 01 10 ef 03  00 72 00 10 93 1e 00 00 |.........r......|
[2695] +99.869050 ASYNC-OUT-DONE ep=0x01 len=0 status=0 actual=16
[2696] +99.923368 ASYNC-IN-DONE ep=0x81 len=0 status=2 actual=0
[2697] +99.923395 ASYNC-IN-SUBMIT ep=0x81 len=0 type=BULK (in, awaiting data)
[2698] +100.017974 ASYNC-IN-DONE ep=0x81 len=16 status=0 actual=16
	0000  08 00 00 18 f0 03 02 10  00 61 00 10 09 02 00 00 |.........a......|
[2699] +100.018026 ASYNC-IN-SUBMIT ep=0x81 len=0 type=BULK (in, awaiting data)
[2700] +100.023345 ASYNC-OUT ep=0x01 len=16 type=BULK 
	0000  08 00 00 18 02 10 f0 03  00 5e 00 10 09 10 00 00 |.........^......|
[2701] +100.023583 ASYNC-OUT-DONE ep=0x01 len=0 status=0 actual=16
[2702] +100.130751 ASYNC-IN-DONE ep=0x81 len=0 status=2 actual=0
[2703] +100.130782 ASYNC-IN-SUBMIT ep=0x81 len=0 type=BULK (in, awaiting data)
[2704] +100.235849 ASYNC-IN-DONE ep=0x81 len=0 status=2 actual=0
[2705] +100.235890 ASYNC-IN-SUBMIT ep=0x81 len=0 type=BULK (in, awaiting data)
[2706] +100.341517 ASYNC-IN-DONE ep=0x81 len=0 status=2 actual=0
[2707] +100.341559 ASYNC-IN-SUBMIT ep=0x81 len=0 type=BULK (in, awaiting data)
[2708] +100.454275 ASYNC-IN-DONE ep=0x81 len=0 status=2 actual=0
[2709] +100.454317 ASYNC-IN-SUBMIT ep=0x81 len=0 type=BULK (in, awaiting data)
[2710] +100.562821 ASYNC-IN-DONE ep=0x81 len=0 status=2 actual=0
[2711] +100.562856 ASYNC-IN-SUBMIT ep=0x81 len=0 type=BULK (in, awaiting data)
[2712] +100.620012 ASYNC-IN-DONE ep=0x81 len=16 status=0 actual=16
	0000  08 00 00 18 ed 03 80 10  00 77 00 10 ae 02 00 00 |.........w......|
[2713] +100.620061 ASYNC-IN-SUBMIT ep=0x81 len=0 type=BULK (in, awaiting data)
[2714] +100.697976 ASYNC-OUT ep=0x01 len=16 type=BULK 
	0000  08 00 00 18 80 10 ed 03  00 72 00 10 fd 1a 00 00 |.........r......|
[2715] +100.698322 ASYNC-OUT-DONE ep=0x01 len=0 status=0 actual=16
[2716] +100.732764 ASYNC-IN-DONE ep=0x81 len=0 status=2 actual=0
[2717] +100.732800 ASYNC-IN-SUBMIT ep=0x81 len=0 type=BULK (in, awaiting data)
[2718] +100.820787 ASYNC-IN-DONE ep=0x81 len=16 status=0 actual=16
	0000  08 00 00 18 ef 03 01 10  00 77 00 10 65 02 00 00 |.........w..e...|
[2719] +100.820821 ASYNC-IN-SUBMIT ep=0x81 len=0 type=BULK (in, awaiting data)
[2720] +100.905517 ASYNC-OUT ep=0x01 len=16 type=BULK 
	0000  08 00 00 18 01 10 ef 03  00 73 00 10 93 1e 00 00 |.........s......|
[2721] +100.905732 ASYNC-OUT-DONE ep=0x01 len=0 status=0 actual=16
[2722] +100.931501 ASYNC-IN-DONE ep=0x81 len=0 status=2 actual=0
[2723] +100.931539 ASYNC-IN-SUBMIT ep=0x81 len=0 type=BULK (in, awaiting data)
[2724] +101.022269 ASYNC-IN-DONE ep=0x81 len=16 status=0 actual=16
	0000  08 00 00 18 f0 03 02 10  00 62 00 10 09 02 00 00 |.........b......|
[2725] +101.022334 ASYNC-IN-SUBMIT ep=0x81 len=0 type=BULK (in, awaiting data)
[2726] +101.061653 ASYNC-OUT ep=0x01 len=16 type=BULK 
	0000  08 00 00 18 02 10 f0 03  00 5f 00 10 09 10 00 00 |........._......|
[2727] +101.061976 ASYNC-OUT-DONE ep=0x01 len=0 status=0 actual=16
[2728] +101.135141 ASYNC-IN-DONE ep=0x81 len=0 status=2 actual=0
[2729] +101.135205 ASYNC-IN-SUBMIT ep=0x81 len=0 type=BULK (in, awaiting data)
[2730] +101.244809 ASYNC-IN-DONE ep=0x81 len=0 status=2 actual=0
[2731] +101.244873 ASYNC-IN-SUBMIT ep=0x81 len=0 type=BULK (in, awaiting data)
[2732] +101.348401 ASYNC-IN-DONE ep=0x81 len=0 status=2 actual=0
[2733] +101.348473 ASYNC-IN-SUBMIT ep=0x81 len=0 type=BULK (in, awaiting data)
[2734] +101.450784 ASYNC-IN-DONE ep=0x81 len=0 status=2 actual=0
[2735] +101.450836 ASYNC-IN-SUBMIT ep=0x81 len=0 type=BULK (in, awaiting data)
[2736] +101.555400 ASYNC-IN-DONE ep=0x81 len=0 status=2 actual=0
[2737] +101.555450 ASYNC-IN-SUBMIT ep=0x81 len=0 type=BULK (in, awaiting data)
[2738] +101.624405 ASYNC-IN-DONE ep=0x81 len=16 status=0 actual=16
	0000  08 00 00 18 ed 03 80 10  00 78 00 10 ae 02 00 00 |.........x......|
[2739] +101.624505 ASYNC-IN-SUBMIT ep=0x81 len=0 type=BULK (in, awaiting data)
[2740] +101.732296 ASYNC-IN-DONE ep=0x81 len=0 status=2 actual=0
[2741] +101.732375 ASYNC-IN-SUBMIT ep=0x81 len=0 type=BULK (in, awaiting data)
[2742] +101.736232 ASYNC-OUT ep=0x01 len=16 type=BULK 
	0000  08 00 00 18 80 10 ed 03  00 73 00 10 fd 1a 00 00 |.........s......|
[2743] +101.736511 ASYNC-OUT-DONE ep=0x01 len=0 status=0 actual=16
[2744] +101.824718 ASYNC-IN-DONE ep=0x81 len=16 status=0 actual=16
	0000  08 00 00 18 ef 03 01 10  00 78 00 10 65 02 00 00 |.........x..e...|
[2745] +101.824811 ASYNC-IN-SUBMIT ep=0x81 len=0 type=BULK (in, awaiting data)
[2746] +101.937470 ASYNC-IN-DONE ep=0x81 len=0 status=2 actual=0
[2747] +101.937541 ASYNC-IN-SUBMIT ep=0x81 len=0 type=BULK (in, awaiting data)
[2748] +101.944426 ASYNC-OUT ep=0x01 len=16 type=BULK 
	0000  08 00 00 18 01 10 ef 03  00 74 00 10 93 1e 00 00 |.........t......|
[2749] +101.944688 ASYNC-OUT-DONE ep=0x01 len=0 status=0 actual=16
[2750] +102.025275 ASYNC-IN-DONE ep=0x81 len=16 status=0 actual=16
	0000  08 00 00 18 f0 03 02 10  00 63 00 10 09 02 00 00 |.........c......|
[2751] +102.025379 ASYNC-IN-SUBMIT ep=0x81 len=0 type=BULK (in, awaiting data)
[2752] +102.099682 ASYNC-OUT ep=0x01 len=16 type=BULK 
	0000  08 00 00 18 02 10 f0 03  00 60 00 10 09 10 00 00 |.........`......|
[2753] +102.099950 ASYNC-OUT-DONE ep=0x01 len=0 status=0 actual=16
[2754] +102.125866 ASYNC-IN-DONE ep=0x81 len=0 status=2 actual=0
[2755] +102.125965 ASYNC-IN-SUBMIT ep=0x81 len=0 type=BULK (in, awaiting data)
[2756] +102.232295 ASYNC-IN-DONE ep=0x81 len=0 status=2 actual=0
[2757] +102.232363 ASYNC-IN-SUBMIT ep=0x81 len=0 type=BULK (in, awaiting data)
[2758] +102.342775 ASYNC-IN-DONE ep=0x81 len=0 status=2 actual=0
[2759] +102.342884 ASYNC-IN-SUBMIT ep=0x81 len=0 type=BULK (in, awaiting data)
[2760] +102.450792 ASYNC-IN-DONE ep=0x81 len=0 status=2 actual=0
[2761] +102.450875 ASYNC-IN-SUBMIT ep=0x81 len=0 type=BULK (in, awaiting data)
[2762] +102.561295 ASYNC-IN-DONE ep=0x81 len=0 status=2 actual=0
[2763] +102.561357 ASYNC-IN-SUBMIT ep=0x81 len=0 type=BULK (in, awaiting data)
[2764] +102.627333 ASYNC-IN-DONE ep=0x81 len=16 status=0 actual=16
	0000  08 00 00 18 ed 03 80 10  00 79 00 10 ae 02 00 00 |.........y......|
[2765] +102.627490 ASYNC-IN-SUBMIT ep=0x81 len=0 type=BULK (in, awaiting data)
[2766] +102.733603 ASYNC-IN-DONE ep=0x81 len=0 status=2 actual=0
[2767] +102.733637 ASYNC-IN-SUBMIT ep=0x81 len=0 type=BULK (in, awaiting data)
[2768] +102.774619 ASYNC-OUT ep=0x01 len=16 type=BULK 
	0000  08 00 00 18 80 10 ed 03  00 74 00 10 fd 1a 00 00 |.........t......|
[2769] +102.774876 ASYNC-OUT-DONE ep=0x01 len=0 status=0 actual=16
[2770] +102.827634 ASYNC-IN-DONE ep=0x81 len=16 status=0 actual=16
	0000  08 00 00 18 ef 03 01 10  00 79 00 10 65 02 00 00 |.........y..e...|
[2771] +102.827675 ASYNC-IN-SUBMIT ep=0x81 len=0 type=BULK (in, awaiting data)
