# hxsniff attached pid=39696
[0] +0.443693 OPEN 0e41:4246 rc=0
[1] +0.443808 CLAIM interface=0 rc=0 (LIBUSB_SUCCESS / LIBUSB_TRANSFER_COMPLETED)
[2] +0.443816 RELEASE interface=0
[3] +0.443974 OPEN 0e41:4246 rc=0
[4] +0.444120 CLAIM interface=0 rc=0 (LIBUSB_SUCCESS / LIBUSB_TRANSFER_COMPLETED)
[5] +0.662828 ASYNC-IN-SUBMIT ep=0x81 len=0 type=BULK (in, awaiting data)
[6] +0.663026 ASYNC-IN-DONE ep=0x81 len=16 status=0 actual=16
	0000  08 00 00 18 ef 03 01 10  00 03 00 08 09 02 00 00 |................|
[7] +0.663058 ASYNC-IN-SUBMIT ep=0x81 len=0 type=BULK (in, awaiting data)
[8] +0.663156 ASYNC-IN-DONE ep=0x81 len=16 status=0 actual=16
	0000  08 00 00 18 ed 03 80 10  00 0e 00 08 2b 02 00 00 |............+...|
[9] +0.663180 ASYNC-IN-SUBMIT ep=0x81 len=0 type=BULK (in, awaiting data)
[10] +0.663269 ASYNC-IN-DONE ep=0x81 len=16 status=0 actual=16
	0000  08 00 00 18 f0 03 02 10  00 03 00 08 09 02 00 00 |................|
[11] +0.663289 ASYNC-IN-SUBMIT ep=0x81 len=0 type=BULK (in, awaiting data)
[12] +0.663378 ASYNC-IN-DONE ep=0x81 len=144 status=0 actual=144
	0000  08 00 00 18 ef 03 01 10  00 04 00 10 09 02 00 00 |................|
	0010  08 00 00 18 ed 03 80 10  00 0f 00 10 2b 02 00 00 |............+...|
	0020  08 00 00 18 f0 03 02 10  00 04 00 10 09 02 00 00 |................|
	0030  08 00 00 18 ef 03 01 10  00 05 00 10 09 02 00 00 |................|
	0040  08 00 00 18 ed 03 80 10  00 10 00 10 2b 02 00 00 |............+...|
	0050  08 00 00 18 f0 03 02 10  00 05 00 10 09 02 00 00 |................|
	0060  08 00 00 18 ef 03 01 10  00 06 00 10 09 02 00 00 |................|
	0070  08 00 00 18 ed 03 80 10  00 11 00 10 2b 02 00 00 |............+...|
	0080  08 00 00 18 f0 03 02 10  00 06 00 10 09 02 00 00 |................|
[13] +0.663456 ASYNC-IN-SUBMIT ep=0x81 len=0 type=BULK (in, awaiting data)
[14] +0.775478 ASYNC-IN-DONE ep=0x81 len=0 status=2 actual=0
[15] +0.775559 ASYNC-IN-SUBMIT ep=0x81 len=0 type=BULK (in, awaiting data)
[16] +0.882158 ASYNC-IN-DONE ep=0x81 len=0 status=2 actual=0
[17] +0.882271 ASYNC-IN-SUBMIT ep=0x81 len=0 type=BULK (in, awaiting data)
[18] +0.989549 ASYNC-IN-DONE ep=0x81 len=0 status=2 actual=0
[19] +0.989630 ASYNC-IN-SUBMIT ep=0x81 len=0 type=BULK (in, awaiting data)
[20] +1.102043 ASYNC-IN-DONE ep=0x81 len=0 status=2 actual=0
[21] +1.102134 ASYNC-IN-SUBMIT ep=0x81 len=0 type=BULK (in, awaiting data)
[22] +1.214644 ASYNC-IN-DONE ep=0x81 len=0 status=2 actual=0
[23] +1.214688 ASYNC-IN-SUBMIT ep=0x81 len=0 type=BULK (in, awaiting data)
[24] +1.322440 ASYNC-IN-DONE ep=0x81 len=0 status=2 actual=0
[25] +1.322480 ASYNC-IN-SUBMIT ep=0x81 len=0 type=BULK (in, awaiting data)
[26] +1.435288 ASYNC-IN-DONE ep=0x81 len=0 status=2 actual=0
[27] +1.435405 ASYNC-IN-SUBMIT ep=0x81 len=0 type=BULK (in, awaiting data)
[28] +1.546781 ASYNC-IN-DONE ep=0x81 len=0 status=2 actual=0
[29] +1.546882 ASYNC-IN-SUBMIT ep=0x81 len=0 type=BULK (in, awaiting data)
[30] +1.653919 ASYNC-IN-DONE ep=0x81 len=0 status=2 actual=0
[31] +1.654035 ASYNC-IN-SUBMIT ep=0x81 len=0 type=BULK (in, awaiting data)
[32] +1.700581 ASYNC-OUT ep=0x01 len=20 type=BULK 
	0000  0c 00 00 28 01 10 ef 03  00 00 00 02 00 01 00 21 |...(...........!|
	0010  00 10 00 00                                      |....|
[33] +1.700931 ASYNC-OUT-DONE ep=0x01 len=0 status=0 actual=20
[34] +1.701335 ASYNC-IN-DONE ep=0x81 len=20 status=0 actual=20
	0000  0c 00 00 28 ef 03 01 10  00 00 00 02 00 01 00 01 |...(............|
	0010  00 02 00 00                                      |....|
[35] +1.701419 ASYNC-IN-SUBMIT ep=0x81 len=0 type=BULK (in, awaiting data)
[36] +1.732763 ASYNC-OUT ep=0x01 len=28 type=BULK 
	0000  11 00 00 18 01 10 ef 03  00 02 00 04 00 10 00 00 |................|
	0010  01 00 05 00 01 00 00 00  05 00 00 00             |............|
[37] +1.733007 ASYNC-OUT-DONE ep=0x01 len=0 status=0 actual=28
[38] +1.733537 ASYNC-IN-DONE ep=0x81 len=48 status=0 actual=48
	0000  28 00 00 18 ef 03 01 10  00 02 00 04 09 02 00 00 |(...............|
	0010  00 00 05 00 18 00 00 00  05 50 33 33 4d 61 69 6e |.........P33Main|
	0020  00 00 00 00 d3 c7 30 00  00 00 80 03 11 66 39 10 |......0......f9.|
[39] +1.733627 ASYNC-IN-SUBMIT ep=0x81 len=0 type=BULK (in, awaiting data)
[40] +1.783596 ASYNC-OUT ep=0x01 len=16 type=BULK 
	0000  08 00 00 18 01 10 ef 03  00 03 00 08 20 10 00 00 |............ ...|
[41] +1.783809 ASYNC-OUT-DONE ep=0x01 len=0 status=0 actual=16
[42] +1.836418 ASYNC-IN-DONE ep=0x81 len=16 status=0 actual=16
	0000  08 00 00 18 ef 03 01 10  00 03 00 08 09 02 00 00 |................|
[43] +1.836540 ASYNC-IN-SUBMIT ep=0x81 len=0 type=BULK (in, awaiting data)
[44] +1.943392 ASYNC-IN-DONE ep=0x81 len=0 status=2 actual=0
[45] +1.943469 ASYNC-IN-SUBMIT ep=0x81 len=0 type=BULK (in, awaiting data)
[46] +2.054672 ASYNC-IN-DONE ep=0x81 len=0 status=2 actual=0
[47] +2.054764 ASYNC-IN-SUBMIT ep=0x81 len=0 type=BULK (in, awaiting data)
[48] +2.167130 ASYNC-IN-DONE ep=0x81 len=0 status=2 actual=0
[49] +2.167227 ASYNC-IN-SUBMIT ep=0x81 len=0 type=BULK (in, awaiting data)
[50] +2.276281 ASYNC-IN-DONE ep=0x81 len=0 status=2 actual=0
[51] +2.276321 ASYNC-IN-SUBMIT ep=0x81 len=0 type=BULK (in, awaiting data)
[52] +2.380410 ASYNC-IN-DONE ep=0x81 len=0 status=2 actual=0
[53] +2.380443 ASYNC-IN-SUBMIT ep=0x81 len=0 type=BULK (in, awaiting data)
[54] +2.482560 ASYNC-IN-DONE ep=0x81 len=0 status=2 actual=0
[55] +2.482640 ASYNC-IN-SUBMIT ep=0x81 len=0 type=BULK (in, awaiting data)
[56] +2.592113 ASYNC-IN-DONE ep=0x81 len=0 status=2 actual=0
[57] +2.592221 ASYNC-IN-SUBMIT ep=0x81 len=0 type=BULK (in, awaiting data)
[58] +2.693582 ASYNC-IN-DONE ep=0x81 len=0 status=2 actual=0
[59] +2.693677 ASYNC-IN-SUBMIT ep=0x81 len=0 type=BULK (in, awaiting data)
[60] +2.738767 ASYNC-OUT ep=0x01 len=16 type=BULK 
	0000  08 00 00 18 01 10 ef 03  00 04 00 02 20 10 00 00 |............ ...|
[61] +2.739132 ASYNC-OUT-DONE ep=0x01 len=0 status=0 actual=16
[62] +2.739504 ASYNC-IN-DONE ep=0x81 len=16 status=0 actual=16
	0000  08 00 00 18 ef 03 01 10  00 04 00 02 09 02 00 00 |................|
[63] +2.739564 ASYNC-IN-SUBMIT ep=0x81 len=0 type=BULK (in, awaiting data)
[64] +2.847501 ASYNC-IN-DONE ep=0x81 len=0 status=2 actual=0
[65] +2.847590 ASYNC-IN-SUBMIT ep=0x81 len=0 type=BULK (in, awaiting data)
[66] +2.927165 ASYNC-IN-DONE ep=0x81 len=0 status=3 actual=0
[67] +4.188622 RELEASE interface=0
[68] +4.192647 OPEN 0e41:4246 rc=0
[69] +4.193174 CLAIM interface=0 rc=0 (LIBUSB_SUCCESS / LIBUSB_TRANSFER_COMPLETED)
[70] +4.193211 RELEASE interface=0
[71] +4.193555 OPEN 0e41:4246 rc=0
[72] +4.193884 CLAIM interface=0 rc=0 (LIBUSB_SUCCESS / LIBUSB_TRANSFER_COMPLETED)
[73] +4.414721 ASYNC-IN-SUBMIT ep=0x81 len=0 type=BULK (in, awaiting data)
[74] +4.525439 ASYNC-IN-DONE ep=0x81 len=0 status=2 actual=0
[75] +4.525526 ASYNC-IN-SUBMIT ep=0x81 len=0 type=BULK (in, awaiting data)
[76] +4.637955 ASYNC-IN-DONE ep=0x81 len=0 status=2 actual=0
[77] +4.638050 ASYNC-IN-SUBMIT ep=0x81 len=0 type=BULK (in, awaiting data)
[78] +4.745381 ASYNC-IN-DONE ep=0x81 len=0 status=2 actual=0
[79] +4.745495 ASYNC-IN-SUBMIT ep=0x81 len=0 type=BULK (in, awaiting data)
[80] +4.846539 ASYNC-IN-DONE ep=0x81 len=0 status=2 actual=0
[81] +4.846607 ASYNC-IN-SUBMIT ep=0x81 len=0 type=BULK (in, awaiting data)
[82] +4.955787 ASYNC-IN-DONE ep=0x81 len=0 status=2 actual=0
[83] +4.955847 ASYNC-IN-SUBMIT ep=0x81 len=0 type=BULK (in, awaiting data)
[84] +5.065231 ASYNC-IN-DONE ep=0x81 len=0 status=2 actual=0
[85] +5.065333 ASYNC-IN-SUBMIT ep=0x81 len=0 type=BULK (in, awaiting data)
[86] +5.168710 ASYNC-IN-DONE ep=0x81 len=0 status=2 actual=0
[87] +5.168761 ASYNC-IN-SUBMIT ep=0x81 len=0 type=BULK (in, awaiting data)
[88] +5.270166 ASYNC-IN-DONE ep=0x81 len=0 status=2 actual=0
[89] +5.270225 ASYNC-IN-SUBMIT ep=0x81 len=0 type=BULK (in, awaiting data)
[90] +5.376020 ASYNC-IN-DONE ep=0x81 len=0 status=2 actual=0
[91] +5.376067 ASYNC-IN-SUBMIT ep=0x81 len=0 type=BULK (in, awaiting data)
[92] +5.459241 ASYNC-OUT ep=0x01 len=20 type=BULK 
	0000  0c 00 00 28 80 10 ed 03  00 00 00 02 00 01 00 21 |...(...........!|
	0010  00 10 00 00                                      |....|
[93] +5.459509 ASYNC-OUT-DONE ep=0x01 len=0 status=0 actual=20
[94] +5.462628 ASYNC-IN-DONE ep=0x81 len=20 status=0 actual=20
	0000  0c 00 00 28 ed 03 80 10  00 00 00 02 00 01 00 01 |...(............|
	0010  00 02 00 00                                      |....|
[95] +5.462672 ASYNC-IN-SUBMIT ep=0x81 len=0 type=BULK (in, awaiting data)
[96] +5.467350 ASYNC-OUT ep=0x01 len=28 type=BULK 
	0000  11 00 00 18 80 10 ed 03  00 02 00 04 00 10 00 00 |................|
	0010  01 00 06 00 01 00 00 00  06 00 00 00             |............|
[97] +5.467572 ASYNC-OUT-DONE ep=0x01 len=0 status=0 actual=28
[98] +5.468141 ASYNC-IN-DONE ep=0x81 len=28 status=0 actual=28
	0000  11 00 00 18 ed 03 80 10  00 02 00 04 09 02 00 00 |................|
	0010  00 00 06 00 01 00 00 00  06 50 33 33             |.........P33|
[99] +5.468166 ASYNC-IN-SUBMIT ep=0x81 len=0 type=BULK (in, awaiting data)
[100] +5.468227 ASYNC-OUT ep=0x01 len=20 type=BULK 
	0000  0c 00 00 28 02 10 f0 03  00 00 00 02 00 01 00 21 |...(...........!|
	0010  00 10 00 00                                      |....|
[101] +5.468399 ASYNC-OUT-DONE ep=0x01 len=0 status=0 actual=20
[102] +5.468846 ASYNC-IN-DONE ep=0x81 len=20 status=0 actual=20
	0000  0c 00 00 28 f0 03 02 10  00 00 00 02 00 01 00 01 |...(............|
	0010  00 02 00 00                                      |....|
[103] +5.468870 ASYNC-IN-SUBMIT ep=0x81 len=0 type=BULK (in, awaiting data)
[104] +5.519102 ASYNC-OUT ep=0x01 len=16 type=BULK 
	0000  08 00 00 18 80 10 ed 03  00 03 00 08 09 10 00 00 |................|
[105] +5.519308 ASYNC-OUT ep=0x01 len=28 type=BULK 
	0000  11 00 00 18 02 10 f0 03  00 02 00 04 00 10 00 00 |................|
	0010  01 00 04 00 01 00 00 00  04 00 00 00             |............|
[106] +5.519425 ASYNC-OUT-DONE ep=0x01 len=0 status=0 actual=16
[107] +5.519469 ASYNC-OUT-DONE ep=0x01 len=0 status=0 actual=28
[108] +5.520152 ASYNC-IN-DONE ep=0x81 len=28 status=0 actual=28
	0000  11 00 00 18 f0 03 02 10  00 02 00 04 09 02 00 00 |................|
	0010  00 00 04 00 01 00 00 00  04 50 33 33             |.........P33|
[109] +5.520219 ASYNC-IN-SUBMIT ep=0x81 len=0 type=BULK (in, awaiting data)
[110] +5.520277 ASYNC-OUT ep=0x01 len=20 type=BULK 
	0000  0c 00 00 28 01 10 ef 03  00 00 00 02 00 01 00 21 |...(...........!|
	0010  00 10 00 00                                      |....|
[111] +5.520443 ASYNC-OUT-DONE ep=0x01 len=0 status=0 actual=20
[112] +5.520865 ASYNC-IN-DONE ep=0x81 len=20 status=0 actual=20
	0000  0c 00 00 28 ef 03 01 10  00 00 00 02 00 01 00 01 |...(............|
	0010  00 02 00 00                                      |....|
[113] +5.520913 ASYNC-IN-SUBMIT ep=0x81 len=0 type=BULK (in, awaiting data)
[114] +5.571157 ASYNC-OUT ep=0x01 len=16 type=BULK 
	0000  08 00 00 18 02 10 f0 03  00 03 00 08 09 10 00 00 |................|
[115] +5.571334 ASYNC-OUT ep=0x01 len=28 type=BULK 
	0000  11 00 00 18 01 10 ef 03  00 02 00 04 00 10 00 00 |................|
	0010  01 00 02 00 01 00 00 00  02 00 00 00             |............|
[116] +5.571436 ASYNC-OUT-DONE ep=0x01 len=0 status=0 actual=16
[117] +5.571494 ASYNC-OUT-DONE ep=0x01 len=0 status=0 actual=28
[118] +5.572190 ASYNC-IN-DONE ep=0x81 len=28 status=0 actual=28
	0000  11 00 00 18 ef 03 01 10  00 02 00 04 09 02 00 00 |................|
	0010  00 00 05 00 01 00 00 00  02 50 33 33             |.........P33|
[119] +5.572264 ASYNC-IN-SUBMIT ep=0x81 len=0 type=BULK (in, awaiting data)
[120] +5.623193 ASYNC-OUT ep=0x01 len=16 type=BULK 
	0000  08 00 00 18 01 10 ef 03  00 03 00 08 09 10 00 00 |................|
[121] +5.623512 ASYNC-OUT-DONE ep=0x01 len=0 status=0 actual=16
[122] +5.648551 ASYNC-IN-DONE ep=0x81 len=16 status=0 actual=16
	0000  08 00 00 18 ef 03 01 10  00 03 00 08 09 02 00 00 |................|
[123] +5.648594 ASYNC-IN-SUBMIT ep=0x81 len=0 type=BULK (in, awaiting data)
[124] +5.648693 ASYNC-IN-DONE ep=0x81 len=16 status=0 actual=16
	0000  08 00 00 18 ed 03 80 10  00 03 00 08 09 02 00 00 |................|
[125] +5.648708 ASYNC-IN-SUBMIT ep=0x81 len=0 type=BULK (in, awaiting data)
[126] +5.648901 ASYNC-IN-DONE ep=0x81 len=16 status=0 actual=16
	0000  08 00 00 18 f0 03 02 10  00 03 00 08 09 02 00 00 |................|
[127] +5.648916 ASYNC-IN-SUBMIT ep=0x81 len=0 type=BULK (in, awaiting data)
[128] +5.675217 ASYNC-OUT ep=0x01 len=36 type=BULK 
	0000  19 00 00 18 80 10 ed 03  00 04 00 04 09 10 00 00 |................|
	0010  01 00 06 00 09 00 00 00  83 66 cd 03 e8 64 4c 65 |.........f...dLe|
	0020  80 00 00 00                                      |....|
[129] +5.675423 ASYNC-OUT-DONE ep=0x01 len=0 status=0 actual=36
[130] +5.676414 ASYNC-IN-DONE ep=0x81 len=92 status=0 actual=92
	0000  54 00 00 18 ed 03 80 10  00 04 00 04 1a 02 00 00 |T...............|
	0010  00 00 06 00 44 00 00 00  83 66 cd 03 e8 67 00 68 |....D....f...g.h|
	0020  82 3f c3 37 9b ca 42 dc  00 00 ca 3f 34 fd f4 ca |.?.7..B....?4...|
	0030  00 00 00 00 ca 44 fa 00  00 ca 3f 34 fd f4 ca 00 |.....D....?4....|
	0040  00 00 00 ca 45 fa 00 00  ca 3f 34 fd f4 ca 00 00 |....E....?4.....|
	0050  00 00 ca 41 9f 33 33 ca  46 9d 08 00             |...A.33.F...|
[131] +5.676449 ASYNC-IN-SUBMIT ep=0x81 len=0 type=BULK (in, awaiting data)
[132] +5.726475 ASYNC-OUT ep=0x01 len=36 type=BULK 
	0000  1c 00 00 18 80 10 ed 03  00 05 00 0c 55 10 00 00 |............U...|
	0010  01 00 06 00 0c 00 00 00  83 66 cd 03 e9 64 18 65 |.........f...d.e|
	0020  81 76 cc 80                                      |.v..|
[133] +5.726649 ASYNC-OUT-DONE ep=0x01 len=0 status=0 actual=36
[134] +5.727508 ASYNC-IN-DONE ep=0x81 len=40 status=0 actual=40
	0000  1f 00 00 18 ed 03 80 10  00 05 00 04 2e 02 00 00 |................|
	0010  00 00 06 00 0f 00 00 00  83 66 cd 03 e9 67 00 68 |.........f...g.h|
	0020  82 76 cd 00 80 77 00 dc                          |.v...w..|
[135] +5.727542 ASYNC-IN-SUBMIT ep=0x81 len=0 type=BULK (in, awaiting data)
[136] +5.778537 ASYNC-OUT ep=0x01 len=36 type=BULK 
	0000  19 00 00 18 80 10 ed 03  00 06 00 0c 6c 10 00 00 |............l...|
	0010  01 00 06 00 09 00 00 00  83 66 cd 03 ea 64 17 65 |.........f...d.e|
	0020  c0 00 00 00                                      |....|
[137] +5.778812 ASYNC-OUT-DONE ep=0x01 len=0 status=0 actual=36
[138] +5.779644 ASYNC-IN-DONE ep=0x81 len=60 status=0 actual=60
	0000  34 00 00 18 ed 03 80 10  00 06 00 04 3f 02 00 00 |4...........?...|
	0010  00 00 06 00 24 00 00 00  83 66 cd 03 ea 67 00 68 |....$....f...g.h|
	0020  86 6b cd 00 00 6c cd 00  07 6d a7 43 54 2d 53 61 |.k...l...m.CT-Sa|
	0030  64 00 75 c2 53 92 cd 19  e4 00 5c 00             |d.u.S.....\.|
[139] +5.779675 ASYNC-IN-SUBMIT ep=0x81 len=0 type=BULK (in, awaiting data)
[140] +5.830592 ASYNC-OUT ep=0x01 len=36 type=BULK 
	0000  19 00 00 18 80 10 ed 03  00 07 00 0c 98 10 00 00 |................|
	0010  01 00 06 00 09 00 00 00  83 66 cd 03 eb 64 16 65 |.........f...d.e|
	0020  c0 00 00 00                                      |....|
[141] +5.830909 ASYNC-OUT-DONE ep=0x01 len=0 status=0 actual=36
[142] +5.846891 ASYNC-IN-DONE ep=0x81 len=272 status=0 actual=272
	0000  08 01 00 18 ed 03 80 10  00 07 00 04 50 02 00 00 |............P...|
	0010  00 00 e3 00 ee 09 00 00  83 66 cd 03 eb 67 00 68 |.........f...g.h|
	0020  da 09 e3 a9 6c 36 2d 68  65 6c 69 78 00 da 00 30 |....l6-helix...0|
	0030  3d 00 00 00 60 00 00 00  f8 02 00 00 fa 02 00 00 |=...`...........|
	0040  05 03 00 00 11 03 00 00  01 04 00 00 2e 04 00 00 |................|
	0050  3e 00 00 00 34 04 00 00  e3 09 00 00 e3 09 00 00 |>...4...........|
	0060  89 07 83 24 a4 50 33 33  00 23 ce 03 80 00 00 25 |...$.P33.#.....%|
	0070  b2 76 33 2e 37 31 2d 33  32 2d 67 31 30 33 39 36 |.v3.71-32-g10396|
	0080  36 31 00 00 82 15 00 16  dc 00 14 82 13 00 14 82 |61..............|
	0090  05 01 07 83 02 03 03 03  04 93 c2 ca c2 40 00 00 |.............@..|
	00a0  ca 3f 00 00 00 82 13 06  14 85 18 83 17 c2 19 65 |.?.............e|
	00b0  1a ff 09 01 0a c3 0b 83  02 03 03 03 04 93 ca 3c |...............<|
	00c0  23 d7 00 ca 3e 42 8f 63  ca 3f 7a e1 48 0c 83 02 |#...>B.c.?z.H...|
	00d0  00 03 00 04 90 82 13 06  14 85 18 83 17 c2 19 cd |................|
	00e0  01 43 1a ff 09 01 0a c3  0b 83 02 06 03 06 04 96 |.C..............|
	00f0  ca c1 23 33 33 ca c0 d3  33 33 ca 00 00 00 00 ca |..#33...33......|
	0100  00 00 00 00 ca 00 00 00  00 ca 40 6c cc d1 0c 83 |..........@l....|
[143] +5.846991 ASYNC-IN-SUBMIT ep=0x81 len=0 type=BULK (in, awaiting data)
[144] +5.847047 ASYNC-OUT ep=0x01 len=16 type=BULK 
	0000  08 00 00 18 80 10 ed 03  00 08 00 08 98 11 00 00 |................|
[145] +5.847210 ASYNC-OUT-DONE ep=0x01 len=0 status=0 actual=16
[146] +5.847307 ASYNC-IN-DONE ep=0x81 len=272 status=0 actual=272
	0000  08 01 00 18 ed 03 80 10  00 08 00 04 50 02 00 00 |............P...|
	0010  02 00 03 00 04 90 82 13  06 14 85 18 83 17 c3 19 |................|
	0020  12 1a 3e 09 12 0a c3 0b  83 02 0c 03 0c 04 9c ca |..>.............|
	0030  3f 6b 85 20 ca 3e a3 d7  07 ca 3f 23 d7 0a ca 3f |?k. .>....?#...?|
	0040  38 51 ec ca 3f 1e b8 52  ca 3f 63 d7 0a ca 3e 38 |8Q..?..R.?c...>8|
	0050  51 f2 ca 3e 4c cc cd ca  3e 8a 3d 71 ca 3f 00 00 |Q..>L...>.=q.?..|
	0060  00 ca 3f 19 99 9a ca 3f  19 99 9a 0c 83 02 06 03 |..?....?........|
	0070  05 04 96 ca 41 00 00 00  ca 41 9f 33 33 ca 46 1f |....A....A.33.F.|
	0080  60 00 ca 3e 75 c2 8f ca  00 00 00 00 05 82 13 06 |`..>u...........|
	0090  14 85 18 83 17 c2 19 cd  01 43 1a ff 09 01 0a c3 |.........C......|
	00a0  0b 83 02 06 03 06 04 96  ca 3f ff ff f8 ca 40 39 |.........?....@9|
	00b0  99 95 ca c0 86 66 68 ca  40 40 00 00 ca 3e cc cc |.....fh.@@...>..|
	00c0  bf ca 00 00 00 00 0c 83  02 00 03 00 04 90 82 13 |................|
	00d0  06 14 85 18 83 17 c2 19  cc 81 1a ff 09 01 0a c3 |................|
	00e0  0b 83 02 0b 03 0b 04 9b  ca c0 b9 99 9a ca c0 06 |................|
	00f0  66 62 ca 40 60 00 00 ca  c0 e0 00 00 ca c0 a3 33 |fb.@`..........3|
	0100  31 ca bf 66 66 60 ca c0  00 00 00 ca 3f b3 33 33 |1..ff`......?.33|
[147] +5.847385 ASYNC-IN-SUBMIT ep=0x81 len=0 type=BULK (in, awaiting data)
[148] +5.847430 ASYNC-OUT ep=0x01 len=16 type=BULK 
	0000  08 00 00 18 80 10 ed 03  00 09 00 08 98 12 00 00 |................|
[149] +5.847584 ASYNC-OUT-DONE ep=0x01 len=0 status=0 actual=16
[150] +5.847910 ASYNC-IN-DONE ep=0x81 len=272 status=0 actual=272
	0000  08 01 00 18 ed 03 80 10  00 09 00 04 50 02 00 00 |............P...|
	0010  ca c1 26 66 66 ca c1 70  00 00 ca 00 00 00 00 0c |..&ff..p........|
	0020  83 02 00 03 00 04 90 82  13 06 14 85 18 83 17 c2 |................|
	0030  19 78 1a ff 09 01 0a c3  0b 83 02 06 03 06 04 96 |.x..............|
	0040  ca 3e a8 f5 c3 ca 3f 11  eb 83 c2 ca 3d b8 51 f0 |.>....?.....=.Q.|
	0050  ca 3f 80 00 00 ca 00 00  00 00 0c 83 02 00 03 00 |.?..............|
	0060  04 90 82 13 08 14 c0 82  13 08 14 c0 82 13 01 14 |................|
	0070  82 06 01 07 83 02 02 03  02 04 92 ca 3f 00 00 00 |............?...|
	0080  ca 00 00 00 00 82 13 02  14 83 0e 82 05 00 07 83 |................|
	0090  02 00 03 00 04 90 0f 84  08 cd 01 01 0d 00 0a c3 |................|
	00a0  07 83 02 03 03 03 04 93  ca 3f 00 00 00 ca 3f 00 |.........?....?.|
	00b0  00 00 c2 12 c2 82 13 08  14 c0 82 13 08 14 c0 82 |................|
	00c0  13 08 14 c0 82 13 08 14  c0 82 13 08 14 c0 82 13 |................|
	00d0  08 14 c0 82 13 08 14 c0  82 13 08 14 c0 82 13 03 |................|
	00e0  14 83 10 82 06 00 07 83  02 00 03 00 04 90 11 84 |................|
	00f0  08 cc 97 0d 00 0a c3 07  83 02 06 03 06 04 96 ca |................|
	0100  00 00 00 00 ca 3f 00 00  00 ca 00 00 00 00 ca 3f |.....?.........?|
[151] +5.847978 ASYNC-IN-SUBMIT ep=0x81 len=0 type=BULK (in, awaiting data)
[152] +5.848021 ASYNC-OUT ep=0x01 len=16 type=BULK 
	0000  08 00 00 18 80 10 ed 03  00 0a 00 08 98 13 00 00 |................|
[153] +5.848158 ASYNC-OUT-DONE ep=0x01 len=0 status=0 actual=16
[154] +5.848473 ASYNC-IN-DONE ep=0x81 len=272 status=0 actual=272
	0000  08 01 00 18 ed 03 80 10  00 0a 00 04 50 02 00 00 |............P...|
	0010  00 00 00 c2 ca 00 00 00  00 12 c2 01 c0 03 82 07 |................|
	0020  01 08 95 c0 c0 c0 c0 c0  04 9a c0 c0 c0 c0 c0 c0 |................|
	0030  c0 c0 c0 c0 02 82 00 9d  d1 00 00 d1 00 00 d1 00 |................|
	0040  00 d1 00 00 d1 00 00 d1  00 00 d1 00 00 d1 00 00 |................|
	0050  d1 00 00 d1 00 00 d1 00  00 d1 00 00 d1 00 00 01 |................|
	0060  9d 97 cc 00 cc 00 cc 00  cc 00 cc 00 cc 00 cc 00 |................|
	0070  97 cc 00 cc 00 cc 00 cc  00 cc 00 cc 00 cc 00 97 |................|
	0080  cc 00 cc 00 cc 00 cc 00  cc 00 cc 00 cc 00 97 cc |................|
	0090  00 cc 00 cc 00 cc 00 cc  00 cc 00 cc 00 97 cc 00 |................|
	00a0  cc 00 cc 00 cc 00 cc 00  cc 00 cc 00 97 cc 00 cc |................|
	00b0  00 cc 00 cc 00 cc 00 cc  00 cc 00 97 cc 00 cc 00 |................|
	00c0  cc 00 cc 00 cc 00 cc 00  cc 00 97 cc 00 cc 00 cc |................|
	00d0  00 cc 00 cc 00 cc 00 cc  00 97 cc 00 cc 00 cc 00 |................|
	00e0  cc 00 cc 00 cc 00 cc 00  97 cc 00 cc 00 cc 00 cc |................|
	00f0  00 cc 00 cc 00 cc 00 97  cc 00 cc 00 cc 00 cc 00 |................|
	0100  cc 00 cc 00 cc 00 97 cc  00 cc 00 cc 00 cc 00 cc |................|
[155] +5.848566 ASYNC-IN-SUBMIT ep=0x81 len=0 type=BULK (in, awaiting data)
[156] +5.848609 ASYNC-OUT ep=0x01 len=16 type=BULK 
	0000  08 00 00 18 80 10 ed 03  00 0b 00 08 98 14 00 00 |................|
[157] +5.848752 ASYNC-OUT-DONE ep=0x01 len=0 status=0 actual=16
[158] +5.849061 ASYNC-IN-DONE ep=0x81 len=272 status=0 actual=272
	0000  08 01 00 18 ed 03 80 10  00 0b 00 04 50 02 00 00 |............P...|
	0010  00 cc 00 cc 00 97 cc 00  cc 00 cc 00 cc 00 cc 00 |................|
	0020  cc 00 cc 00 05 8f 10 ca  42 f0 00 00 2d 00 2e ca |........B...-...|
	0030  bd cc cc d0 2f ca bd cc  cc d0 30 00 31 c3 32 00 |..../.....0.1.2.|
	0040  33 00 34 00 35 00 36 00  37 00 38 c3 1e 00 cc 86 |3.4.5.6.7.8.....|
	0050  00 06 82 62 03 1a 00 0a  86 06 00 07 00 08 00 09 |...b............|
	0060  14 0a 93 88 00 c3 01 9b  93 0d c2 97 00 00 00 00 |................|
	0070  00 00 00 93 0d c2 97 00  00 00 00 00 00 00 93 0d |................|
	0080  c2 97 00 00 00 00 00 00  00 93 0d c2 97 00 00 00 |................|
	0090  00 00 00 00 93 0d c2 97  00 00 00 00 00 00 00 93 |................|
	00a0  0d c2 97 00 00 00 00 00  00 00 93 0d c2 97 00 00 |................|
	00b0  00 00 00 00 00 93 0d c2  97 00 00 00 00 00 00 00 |................|
	00c0  93 0d c2 97 00 00 00 00  00 00 00 93 0d c2 97 00 |................|
	00d0  00 00 00 00 00 00 93 0d  c2 97 00 00 00 00 00 00 |................|
	00e0  00 02 dc 00 40 93 c2 40  c0 93 c2 40 c0 93 c2 40 |....@..@...@...@|
	00f0  c0 93 c2 40 c0 93 c2 40  c0 93 c2 40 c0 93 c2 40 |...@...@...@...@|
	0100  c0 93 c2 40 c0 93 c2 40  c0 93 c2 40 c0 93 c2 40 |...@...@...@...@|
[159] +5.849126 ASYNC-IN-SUBMIT ep=0x81 len=0 type=BULK (in, awaiting data)
[160] +5.849177 ASYNC-OUT ep=0x01 len=16 type=BULK 
	0000  08 00 00 18 80 10 ed 03  00 0c 00 08 98 15 00 00 |................|
[161] +5.849319 ASYNC-OUT-DONE ep=0x01 len=0 status=0 actual=16
[162] +5.849777 ASYNC-IN-DONE ep=0x81 len=16 status=0 actual=16
	0000  08 00 00 18 ed 03 80 10  00 0c 00 08 50 02 00 00 |............P...|
[163] +5.849788 ASYNC-IN-SUBMIT ep=0x81 len=0 type=BULK (in, awaiting data)
[164] +5.850201 ASYNC-IN-DONE ep=0x81 len=272 status=0 actual=272
	0000  08 01 00 18 ed 03 80 10  00 0d 00 04 50 02 00 00 |............P...|
	0010  c0 93 c2 40 c0 93 c2 40  c0 93 c2 40 c0 93 c2 40 |...@...@...@...@|
	0020  c0 93 c2 40 c0 93 c2 40  c0 93 c2 40 c0 93 c2 40 |...@...@...@...@|
	0030  c0 93 c2 40 c0 93 c2 40  c0 93 c2 40 c0 93 c2 40 |...@...@...@...@|
	0040  c0 93 c2 40 c0 93 c2 40  c0 93 c2 40 c0 93 c2 40 |...@...@...@...@|
	0050  c0 93 c2 40 c0 93 c2 40  c0 93 c2 40 c0 93 c2 40 |...@...@...@...@|
	0060  c0 93 c2 40 c0 93 c2 40  c0 93 c2 40 c0 93 c2 40 |...@...@...@...@|
	0070  c0 93 c2 40 c0 93 c2 40  c0 93 c2 40 c0 93 c2 40 |...@...@...@...@|
	0080  c0 93 c2 40 c0 93 c2 40  c0 93 c2 40 c0 93 c2 40 |...@...@...@...@|
	0090  c0 93 c2 40 c0 93 c2 40  c0 93 c2 40 c0 93 c2 40 |...@...@...@...@|
	00a0  c0 93 c2 40 c0 93 c2 40  c0 93 c2 40 c0 93 c2 40 |...@...@...@...@|
	00b0  c0 93 c2 40 c0 93 c2 40  c0 93 c2 40 c0 93 c2 40 |...@...@...@...@|
	00c0  c0 93 c2 40 c0 93 c2 40  c0 93 c2 40 c0 93 c2 40 |...@...@...@...@|
	00d0  c0 93 c2 40 c0 93 c2 40  c0 93 c2 40 c0 93 c2 40 |...@...@...@...@|
	00e0  c0 93 c2 40 c0 03 dc 00  14 92 c2 c2 92 c2 c3 92 |...@............|
	00f0  c2 c3 92 c2 c3 92 c2 c3  92 c2 c3 92 c2 c3 92 c2 |................|
	0100  c3 92 c2 c3 92 c2 c2 92  c2 c3 92 c2 c3 92 c2 c3 |................|
[165] +5.850274 ASYNC-IN-SUBMIT ep=0x81 len=0 type=BULK (in, awaiting data)
[166] +5.850325 ASYNC-OUT ep=0x01 len=16 type=BULK 
	0000  08 00 00 18 80 10 ed 03  00 0d 00 08 98 16 00 00 |................|
[167] +5.850501 ASYNC-OUT-DONE ep=0x01 len=0 status=0 actual=16
[168] +5.850618 ASYNC-IN-DONE ep=0x81 len=272 status=0 actual=272
	0000  08 01 00 18 ed 03 80 10  00 0e 00 04 50 02 00 00 |............P...|
	0010  92 c2 c3 92 c2 c3 92 c2  c3 92 c2 c3 92 c2 c3 92 |................|
	0020  c2 c3 92 c2 c2 04 ab 53  4e 41 50 53 48 4f 54 20 |.......SNAPSHOT |
	0030  31 00 0e c2 05 ca 42 f0  00 00 0c 00 88 00 c3 01 |1.....B.........|
	0040  9b 93 0d c2 97 00 00 00  00 00 00 00 93 0d c2 97 |................|
	0050  00 00 00 00 00 00 00 93  0d c2 97 00 00 00 00 00 |................|
	0060  00 00 93 0d c2 97 00 00  00 00 00 00 00 93 0d c2 |................|
	0070  97 00 00 00 00 00 00 00  93 0d c2 97 00 00 00 00 |................|
	0080  00 00 00 93 0d c2 97 00  00 00 00 00 00 00 93 0d |................|
	0090  c2 97 00 00 00 00 00 00  00 93 0d c2 97 00 00 00 |................|
	00a0  00 00 00 00 93 0d c2 97  00 00 00 00 00 00 00 93 |................|
	00b0  0d c2 97 00 00 00 00 00  00 00 02 dc 00 40 93 c2 |.............@..|
	00c0  40 c0 93 c2 40 c0 93 c2  40 c0 93 c2 40 c0 93 c2 |@...@...@...@...|
	00d0  40 c0 93 c2 40 c0 93 c2  40 c0 93 c2 40 c0 93 c2 |@...@...@...@...|
	00e0  40 c0 93 c2 40 c0 93 c2  40 c0 93 c2 40 c0 93 c2 |@...@...@...@...|
	00f0  40 c0 93 c2 40 c0 93 c2  40 c0 93 c2 40 c0 93 c2 |@...@...@...@...|
	0100  40 c0 93 c2 40 c0 93 c2  40 c0 93 c2 40 c0 93 c2 |@...@...@...@...|
[169] +5.850682 ASYNC-IN-SUBMIT ep=0x81 len=0 type=BULK (in, awaiting data)
[170] +5.850729 ASYNC-OUT ep=0x01 len=16 type=BULK 
	0000  08 00 00 18 80 10 ed 03  00 0e 00 08 98 17 00 00 |................|
[171] +5.850879 ASYNC-OUT-DONE ep=0x01 len=0 status=0 actual=16
[172] +5.851189 ASYNC-IN-DONE ep=0x81 len=272 status=0 actual=272
	0000  08 01 00 18 ed 03 80 10  00 0f 00 04 50 02 00 00 |............P...|
	0010  40 c0 93 c2 40 c0 93 c2  40 c0 93 c2 40 c0 93 c2 |@...@...@...@...|
	0020  40 c0 93 c2 40 c0 93 c2  40 c0 93 c2 40 c0 93 c2 |@...@...@...@...|
	0030  40 c0 93 c2 40 c0 93 c2  40 c0 93 c2 40 c0 93 c2 |@...@...@...@...|
	0040  40 c0 93 c2 40 c0 93 c2  40 c0 93 c2 40 c0 93 c2 |@...@...@...@...|
	0050  40 c0 93 c2 40 c0 93 c2  40 c0 93 c2 40 c0 93 c2 |@...@...@...@...|
	0060  40 c0 93 c2 40 c0 93 c2  40 c0 93 c2 40 c0 93 c2 |@...@...@...@...|
	0070  40 c0 93 c2 40 c0 93 c2  40 c0 93 c2 40 c0 93 c2 |@...@...@...@...|
	0080  40 c0 93 c2 40 c0 93 c2  40 c0 93 c2 40 c0 93 c2 |@...@...@...@...|
	0090  40 c0 93 c2 40 c0 93 c2  40 c0 93 c2 40 c0 93 c2 |@...@...@...@...|
	00a0  40 c0 93 c2 40 c0 93 c2  40 c0 93 c2 40 c0 93 c2 |@...@...@...@...|
	00b0  40 c0 93 c2 40 c0 93 c2  40 c0 93 c2 40 c0 03 dc |@...@...@...@...|
	00c0  00 14 92 c2 c2 92 c2 c3  92 c2 c3 92 c2 c3 92 c2 |................|
	00d0  c3 92 c2 c3 92 c2 c3 92  c2 c3 92 c2 c3 92 c2 c2 |................|
	00e0  92 c2 c3 92 c2 c3 92 c2  c3 92 c2 c3 92 c2 c3 92 |................|
	00f0  c2 c3 92 c2 c3 92 c2 c3  92 c2 c3 92 c2 c2 04 ab |................|
	0100  53 4e 41 50 53 48 4f 54  20 32 00 0e c2 05 ca 42 |SNAPSHOT 2.....B|
[173] +5.851250 ASYNC-IN-SUBMIT ep=0x81 len=0 type=BULK (in, awaiting data)
[174] +5.851292 ASYNC-OUT ep=0x01 len=16 type=BULK 
	0000  08 00 00 18 80 10 ed 03  00 0f 00 08 98 18 00 00 |................|
[175] +5.851432 ASYNC-OUT-DONE ep=0x01 len=0 status=0 actual=16
[176] +5.851778 ASYNC-IN-DONE ep=0x81 len=272 status=0 actual=272
	0000  08 01 00 18 ed 03 80 10  00 10 00 04 50 02 00 00 |............P...|
	0010  f0 00 00 0c 00 88 00 c3  01 9b 93 0d c2 97 00 00 |................|
	0020  00 00 00 00 00 93 0d c2  97 00 00 00 00 00 00 00 |................|
	0030  93 0d c2 97 00 00 00 00  00 00 00 93 0d c2 97 00 |................|
	0040  00 00 00 00 00 00 93 0d  c2 97 00 00 00 00 00 00 |................|
	0050  00 93 0d c2 97 00 00 00  00 00 00 00 93 0d c2 97 |................|
	0060  00 00 00 00 00 00 00 93  0d c2 97 00 00 00 00 00 |................|
	0070  00 00 93 0d c2 97 00 00  00 00 00 00 00 93 0d c2 |................|
	0080  97 00 00 00 00 00 00 00  93 0d c2 97 00 00 00 00 |................|
	0090  00 00 00 02 dc 00 40 93  c2 40 c0 93 c2 40 c0 93 |......@..@...@..|
	00a0  c2 40 c0 93 c2 40 c0 93  c2 40 c0 93 c2 40 c0 93 |.@...@...@...@..|
	00b0  c2 40 c0 93 c2 40 c0 93  c2 40 c0 93 c2 40 c0 93 |.@...@...@...@..|
	00c0  c2 40 c0 93 c2 40 c0 93  c2 40 c0 93 c2 40 c0 93 |.@...@...@...@..|
	00d0  c2 40 c0 93 c2 40 c0 93  c2 40 c0 93 c2 40 c0 93 |.@...@...@...@..|
	00e0  c2 40 c0 93 c2 40 c0 93  c2 40 c0 93 c2 40 c0 93 |.@...@...@...@..|
	00f0  c2 40 c0 93 c2 40 c0 93  c2 40 c0 93 c2 40 c0 93 |.@...@...@...@..|
	0100  c2 40 c0 93 c2 40 c0 93  c2 40 c0 93 c2 40 c0 93 |.@...@...@...@..|
[177] +5.851851 ASYNC-IN-SUBMIT ep=0x81 len=0 type=BULK (in, awaiting data)
[178] +5.851892 ASYNC-OUT ep=0x01 len=16 type=BULK 
	0000  08 00 00 18 80 10 ed 03  00 10 00 08 98 19 00 00 |................|
[179] +5.852040 ASYNC-OUT-DONE ep=0x01 len=0 status=0 actual=16
[180] +5.852637 ASYNC-IN-DONE ep=0x81 len=264 status=0 actual=264
	0000  fe 00 00 18 ed 03 80 10  00 11 00 04 50 02 00 00 |............P...|
	0010  c2 40 c0 93 c2 40 c0 93  c2 40 c0 93 c2 40 c0 93 |.@...@...@...@..|
	0020  c2 40 c0 93 c2 40 c0 93  c2 40 c0 93 c2 40 c0 93 |.@...@...@...@..|
	0030  c2 40 c0 93 c2 40 c0 93  c2 40 c0 93 c2 40 c0 93 |.@...@...@...@..|
	0040  c2 40 c0 93 c2 40 c0 93  c2 40 c0 93 c2 40 c0 93 |.@...@...@...@..|
	0050  c2 40 c0 93 c2 40 c0 93  c2 40 c0 93 c2 40 c0 93 |.@...@...@...@..|
	0060  c2 40 c0 93 c2 40 c0 93  c2 40 c0 93 c2 40 c0 93 |.@...@...@...@..|
	0070  c2 40 c0 93 c2 40 c0 93  c2 40 c0 93 c2 40 c0 93 |.@...@...@...@..|
	0080  c2 40 c0 93 c2 40 c0 93  c2 40 c0 93 c2 40 c0 93 |.@...@...@...@..|
	0090  c2 40 c0 93 c2 40 c0 03  dc 00 14 92 c2 c2 92 c2 |.@...@..........|
	00a0  c3 92 c2 c3 92 c2 c3 92  c2 c3 92 c2 c3 92 c2 c3 |................|
	00b0  92 c2 c3 92 c2 c3 92 c2  c2 92 c2 c3 92 c2 c3 92 |................|
	00c0  c2 c3 92 c2 c3 92 c2 c3  92 c2 c3 92 c2 c3 92 c2 |................|
	00d0  c3 92 c2 c3 92 c2 c2 04  ab 53 4e 41 50 53 48 4f |.........SNAPSHO|
	00e0  54 20 33 00 0e c2 05 ca  42 f0 00 00 0c 00 0d dc |T 3.....B.......|
	00f0  00 14 c3 c3 c3 c3 c3 c3  c3 c3 c3 c3 c3 c3 c3 c3 |................|
	0100  c3 c3 c3 c3 c3 c3 c0 93                          |........|
[181] +5.852701 ASYNC-IN-SUBMIT ep=0x81 len=0 type=BULK (in, awaiting data)
[182] +5.882399 ASYNC-OUT ep=0x01 len=36 type=BULK 
	0000  1b 00 00 18 80 10 ed 03  00 11 00 0c 8e 1a 00 00 |................|
	0010  01 00 06 00 0b 00 00 00  83 66 cd 03 ec 64 18 65 |.........f...d.e|
	0020  81 76 0e 00                                      |.v..|
[183] +5.882579 ASYNC-OUT-DONE ep=0x01 len=0 status=0 actual=36
[184] +5.883471 ASYNC-IN-DONE ep=0x81 len=40 status=0 actual=40
	0000  1f 00 00 18 ed 03 80 10  00 12 00 04 63 02 00 00 |............c...|
	0010  00 00 06 00 0f 00 00 00  83 66 cd 03 ec 67 00 68 |.........f...g.h|
	0020  82 76 cd 00 0e 77 01 93                          |.v...w..|
[185] +5.883495 ASYNC-IN-SUBMIT ep=0x81 len=0 type=BULK (in, awaiting data)
[186] +5.933604 ASYNC-OUT ep=0x01 len=36 type=BULK 
	0000  1b 00 00 18 80 10 ed 03  00 12 00 0c a5 1a 00 00 |................|
	0010  01 00 06 00 0b 00 00 00  83 66 cd 03 ed 64 18 65 |.........f...d.e|
	0020  81 76 49 00                                      |.vI.|
[187] +5.933812 ASYNC-OUT-DONE ep=0x01 len=0 status=0 actual=36
[188] +5.934624 ASYNC-IN-DONE ep=0x81 len=40 status=0 actual=40
	0000  1f 00 00 18 ed 03 80 10  00 13 00 04 76 02 00 00 |............v...|
	0010  00 00 06 00 0f 00 00 00  83 66 cd 03 ed 67 00 68 |.........f...g.h|
	0020  82 76 cd 00 49 77 00 93                          |.v..Iw..|
[189] +5.934671 ASYNC-IN-SUBMIT ep=0x81 len=0 type=BULK (in, awaiting data)
[190] +5.984785 ASYNC-OUT ep=0x01 len=36 type=BULK 
	0000  1c 00 00 18 80 10 ed 03  00 13 00 0c bc 1a 00 00 |................|
	0010  01 00 06 00 0c 00 00 00  83 66 cd 03 ee 64 18 65 |.........f...d.e|
	0020  81 76 cc 88                                      |.v..|
[191] +5.985223 ASYNC-OUT-DONE ep=0x01 len=0 status=0 actual=36
[192] +5.985957 ASYNC-IN-DONE ep=0x81 len=40 status=0 actual=40
	0000  1f 00 00 18 ed 03 80 10  00 14 00 04 8a 02 00 00 |................|
	0010  00 00 06 00 0f 00 00 00  83 66 cd 03 ee 67 00 68 |.........f...g.h|
	0020  82 76 cd 00 88 77 00 93                          |.v...w..|
[193] +5.985983 ASYNC-IN-SUBMIT ep=0x81 len=0 type=BULK (in, awaiting data)
[194] +6.036406 ASYNC-OUT ep=0x01 len=16 type=BULK 
	0000  08 00 00 18 80 10 ed 03  00 14 00 08 d3 1a 00 00 |................|
[195] +6.036487 ASYNC-OUT ep=0x01 len=36 type=BULK 
	0000  1a 00 00 18 01 10 ef 03  00 04 00 04 09 10 00 00 |................|
	0010  01 00 02 00 0a 00 00 00  83 66 cd 03 e8 64 cc fe |.........f...d..|
	0020  65 80 00 00                                      |e...|
[196] +6.036554 ASYNC-OUT-DONE ep=0x01 len=0 status=0 actual=16
[197] +6.036618 ASYNC-OUT-DONE ep=0x01 len=0 status=0 actual=36
[198] +6.037491 ASYNC-IN-DONE ep=0x81 len=36 status=0 actual=36
	0000  19 00 00 18 ef 03 01 10  00 04 00 04 1b 02 00 00 |................|
	0010  00 00 02 00 09 00 00 00  83 66 cd 03 e8 67 00 68 |.........f...g.h|
	0020  c0 76 cd 00                                      |.v..|
[199] +6.037532 ASYNC-IN-SUBMIT ep=0x81 len=0 type=BULK (in, awaiting data)
[200] +6.050207 ASYNC-IN-DONE ep=0x81 len=16 status=0 actual=16
	0000  08 00 00 18 ef 03 01 10  00 05 00 08 1b 02 00 00 |................|
[201] +6.050274 ASYNC-IN-SUBMIT ep=0x81 len=0 type=BULK (in, awaiting data)
[202] +6.050407 ASYNC-IN-DONE ep=0x81 len=16 status=0 actual=16
	0000  08 00 00 18 ed 03 80 10  00 15 00 08 8a 02 00 00 |................|
[203] +6.050440 ASYNC-IN-SUBMIT ep=0x81 len=0 type=BULK (in, awaiting data)
[204] +6.087782 ASYNC-OUT ep=0x01 len=16 type=BULK 
	0000  08 00 00 18 01 10 ef 03  00 05 00 08 1a 10 00 00 |................|
[205] +6.087990 ASYNC-OUT-DONE ep=0x01 len=0 status=0 actual=16
[206] +6.139850 ASYNC-OUT ep=0x01 len=36 type=BULK 
	0000  1b 00 00 18 80 10 ed 03  00 15 00 04 d3 1a 00 00 |................|
	0010  01 00 06 00 0b 00 00 00  83 66 cd 03 ef 64 18 65 |.........f...d.e|
	0020  81 76 1b 00                                      |.v..|
[207] +6.140166 ASYNC-OUT-DONE ep=0x01 len=0 status=0 actual=36
[208] +6.140982 ASYNC-IN-DONE ep=0x81 len=40 status=0 actual=40
	0000  1f 00 00 18 ed 03 80 10  00 16 00 04 9d 02 00 00 |................|
	0010  00 00 06 00 0f 00 00 00  83 66 cd 03 ef 67 00 68 |.........f...g.h|
	0020  82 76 cd 00 1b 77 c2 93                          |.v...w..|
[209] +6.141022 ASYNC-IN-SUBMIT ep=0x81 len=0 type=BULK (in, awaiting data)
[210] +6.191892 ASYNC-OUT ep=0x01 len=36 type=BULK 
	0000  19 00 00 18 80 10 ed 03  00 16 00 0c ea 1a 00 00 |................|
	0010  01 00 06 00 09 00 00 00  83 66 cd 03 f0 64 63 65 |.........f...dce|
	0020  80 00 00 00                                      |....|
[211] +6.192085 ASYNC-OUT ep=0x01 len=36 type=BULK 
	0000  19 00 00 18 01 10 ef 03  00 06 00 04 1a 10 00 00 |................|
	0010  01 00 02 00 09 00 00 00  83 66 cd 03 e9 64 00 65 |.........f...d.e|
	0020  c0 00 00 00                                      |....|
[212] +6.192156 ASYNC-OUT-DONE ep=0x01 len=0 status=0 actual=36
[213] +6.192209 ASYNC-OUT-DONE ep=0x01 len=0 status=0 actual=36
[214] +6.193257 ASYNC-IN-DONE ep=0x81 len=36 status=0 actual=36
	0000  1b 00 00 18 ed 03 80 10  00 17 00 04 ae 02 00 00 |................|
	0010  00 00 06 00 0b 00 00 00  83 66 cd 03 f0 67 00 68 |.........f...g.h|
	0020  81 3f c2 00                                      |.?..|
[215] +6.193284 ASYNC-IN-SUBMIT ep=0x81 len=0 type=BULK (in, awaiting data)
[216] +6.195538 ASYNC-IN-DONE ep=0x81 len=48 status=0 actual=48
	0000  26 00 00 18 ef 03 01 10  00 06 00 04 2c 02 00 00 |&...........,...|
	0010  00 00 e1 28 16 00 00 00  83 66 cd 03 e9 67 00 68 |...(.....f...g.h|
	0020  91 81 cd 00 00 a8 50 52  45 53 45 54 53 00 c0 93 |......PRESETS...|
[217] +6.195576 ASYNC-IN-SUBMIT ep=0x81 len=0 type=BULK (in, awaiting data)
[218] +6.243651 ASYNC-OUT ep=0x01 len=16 type=BULK 
	0000  08 00 00 18 80 10 ed 03  00 17 00 08 fd 1a 00 00 |................|
[219] +6.243833 ASYNC-OUT ep=0x01 len=40 type=BULK 
	0000  1d 00 00 18 01 10 ef 03  00 07 00 0c 38 10 00 00 |............8...|
	0010  01 00 02 00 0d 00 00 00  83 66 cd 03 ea 64 01 65 |.........f...d.e|
	0020  82 6b 00 65 02 00 00 00                          |.k.e....|
[220] +6.243945 ASYNC-OUT-DONE ep=0x01 len=0 status=0 actual=16
[221] +6.244037 ASYNC-OUT-DONE ep=0x01 len=0 status=0 actual=40
[222] +6.250882 ASYNC-IN-DONE ep=0x81 len=16 status=0 actual=16
	0000  08 00 00 18 ef 03 01 10  00 07 00 08 41 02 00 00 |............A...|
[223] +6.250907 ASYNC-IN-SUBMIT ep=0x81 len=0 type=BULK (in, awaiting data)
[224] +6.251056 ASYNC-IN-DONE ep=0x81 len=16 status=0 actual=16
	0000  08 00 00 18 ed 03 80 10  00 18 00 08 ae 02 00 00 |................|
[225] +6.251073 ASYNC-IN-SUBMIT ep=0x81 len=0 type=BULK (in, awaiting data)
[226] +6.363889 ASYNC-IN-DONE ep=0x81 len=0 status=2 actual=0
[227] +6.363911 ASYNC-IN-SUBMIT ep=0x81 len=0 type=BULK (in, awaiting data)
[228] +6.378706 ASYNC-IN-DONE ep=0x81 len=272 status=0 actual=272
	0000  08 01 00 18 ef 03 01 10  00 08 00 04 41 02 00 00 |............A...|
	0010  00 00 02 00 31 0e 00 00  83 66 cd 03 ea 67 00 68 |....1....f...g.h|
	0020  dc 00 7e 81 cd 00 00 84  cd 00 6d ac 43 54 2d 42 |..~.......m.CT-B|
	0030  6c 61 63 6b 65 6e 64 00  7b c2 7c c2 7d 00 81 cd |lackend.{.|.}...|
	0040  00 01 84 cd 00 6d ab 43  54 2d 44 61 79 20 43 4c |.....m.CT-Day CL|
	0050  4e 00 7b c2 7c c2 7d 00  81 cd 00 02 84 cd 00 6d |N.{.|.}........m|
	0060  ab 43 54 2d 44 61 79 20  52 68 79 00 7b c2 7c c2 |.CT-Day Rhy.{.|.|
	0070  7d 00 81 cd 00 03 84 cd  00 6d ad 43 54 2d 45 6e |}........m.CT-En|
	0080  74 65 72 20 52 68 79 00  7b c2 7c c2 7d 00 81 cd |ter Rhy.{.|.}...|
	0090  00 04 84 cd 00 6d ae 43  54 2d 4d 61 73 74 65 72 |.....m.CT-Master|
	00a0  20 43 4c 4e 00 7b c2 7c  c2 7d 00 81 cd 00 05 84 | CLN.{.|.}......|
	00b0  cd 00 6d af 43 54 2d 4d  61 73 74 65 72 20 4c 65 |..m.CT-Master Le|
	00c0  61 64 00 7b c2 7c c2 7d  00 81 cd 00 06 84 cd 00 |ad.{.|.}........|
	00d0  6d ae 43 54 2d 4d 61 73  74 65 72 20 52 68 79 00 |m.CT-Master Rhy.|
	00e0  7b c2 7c c2 7d 00 81 cd  00 07 84 cd 00 6d a7 43 |{.|.}........m.C|
	00f0  54 2d 53 61 64 00 7b c2  7c c2 7d 00 81 cd 00 08 |T-Sad.{.|.}.....|
	0100  84 cd 00 6d ad 43 54 2d  55 6e 66 6f 20 4c 65 61 |...m.CT-Unfo Lea|
[229] +6.378784 ASYNC-IN-SUBMIT ep=0x81 len=0 type=BULK (in, awaiting data)
[230] +6.378867 ASYNC-OUT ep=0x01 len=16 type=BULK 
	0000  08 00 00 18 01 10 ef 03  00 08 00 08 38 11 00 00 |............8...|
[231] +6.378959 ASYNC-IN-DONE ep=0x81 len=272 status=0 actual=272
	0000  08 01 00 18 ef 03 01 10  00 09 00 04 41 02 00 00 |............A...|
	0010  64 00 7b c2 7c c2 7d 00  81 cd 00 09 84 cd 00 6d |d.{.|.}........m|
	0020  ac 43 54 2d 55 6e 66 6f  20 52 68 79 00 7b c2 7c |.CT-Unfo Rhy.{.||
	0030  c2 7d 00 81 cd 00 0a 84  cd 00 6d af 46 58 3a 53 |.}........m.FX:S|
	0040  6f 66 74 20 46 69 6c 74  65 72 00 7b c2 7c c2 7d |oft Filter.{.|.}|
	0050  00 81 cd 00 0b 84 cd 00  6d ac 46 58 3a 53 6f 6c |........m.FX:Sol|
	0060  69 74 75 64 65 00 7b c2  7c c2 7d 00 81 cd 00 0c |itude.{.|.}.....|
	0070  84 cd 00 6d b0 46 58 3a  35 74 68 20 54 68 65 6e |...m.FX:5th Then|
	0080  20 37 74 68 00 7b c2 7c  c2 7d 00 81 cd 00 0d 84 | 7th.{.|.}......|
	0090  cd 00 6d aa 46 58 3a 53  79 6e 65 72 47 00 7b c2 |..m.FX:SynerG.{.|
	00a0  7c c2 7d 00 81 cd 00 0e  84 cd 00 6d ac 46 58 3a ||.}........m.FX:|
	00b0  54 77 69 6c 69 67 68 74  00 7b c2 7c c2 7d 00 81 |Twilight.{.|.}..|
	00c0  cd 00 0f 84 cd 00 6d ae  46 58 3a 57 61 79 20 53 |......m.FX:Way S|
	00d0  74 6f 6b 65 64 00 7b c2  7c c2 7d 00 81 cd 00 10 |toked.{.|.}.....|
	00e0  84 cd 00 6d ae 46 58 3a  42 65 61 63 68 20 46 75 |...m.FX:Beach Fu|
	00f0  7a 7a 00 7b c2 7c c2 7d  00 81 cd 00 11 84 cd 00 |zz.{.|.}........|
	0100  6d ae 46 58 3a 53 6c 75  64 67 65 67 61 7a 65 00 |m.FX:Sludgegaze.|
[232] +6.379028 ASYNC-IN-SUBMIT ep=0x81 len=0 type=BULK (in, awaiting data)
[233] +6.379044 ASYNC-OUT ep=0x01 len=16 type=BULK 
	0000  08 00 00 18 01 10 ef 03  00 09 00 08 38 12 00 00 |............8...|
[234] +6.379080 ASYNC-OUT-DONE ep=0x01 len=0 status=0 actual=16
[235] +6.379139 ASYNC-OUT-DONE ep=0x01 len=0 status=0 actual=16
[236] +6.379294 ASYNC-IN-DONE ep=0x81 len=272 status=0 actual=272
	0000  08 01 00 18 ef 03 01 10  00 0a 00 04 41 02 00 00 |............A...|
	0010  7b c2 7c c2 7d 00 81 cd  00 12 84 cd 00 6d ae 46 |{.|.}........m.F|
	0020  58 3a 54 72 65 6d 65 6e  74 69 6e 65 00 7b c2 7c |X:Trementine.{.||
	0030  c2 7d 00 81 cd 00 13 84  cd 00 6d b0 46 58 3a 48 |.}........m.FX:H|
	0040  6f 72 72 6f 72 20 53 63  6f 72 65 00 7b c2 7c c2 |orror Score.{.|.|
	0050  7d 00 81 cd 00 14 84 cd  00 6d af 46 58 3a 53 65 |}........m.FX:Se|
	0060  74 20 74 6f 20 53 74 75  6e 00 7b c2 7c c2 7d 00 |t to Stun.{.|.}.|
	0070  81 cd 00 15 84 cd 00 6d  b0 44 49 52 3a 55 53 44 |.......m.DIR:USD|
	0080  6f 75 62 6c 65 4e 72 6d  00 7b c2 7c c2 7d 00 81 |oubleNrm.{.|.}..|
	0090  cd 00 16 84 cd 00 6d ae  44 49 52 3a 45 73 73 65 |......m.DIR:Esse|
	00a0  78 20 41 33 30 00 7b c2  7c c2 7d 00 81 cd 00 17 |x A30.{.|.}.....|
	00b0  84 cd 00 6d b1 44 49 52  3a 43 61 6c 69 52 65 63 |...m.DIR:CaliRec|
	00c0  74 69 66 72 65 00 7b c2  7c c2 7d 00 81 cd 00 18 |tifre.{.|.}.....|
	00d0  84 cd 00 6d b1 44 49 52  3a 4a 61 7a 7a 52 69 76 |...m.DIR:JazzRiv|
	00e0  65 74 31 32 30 00 7b c2  7c c2 7d 00 81 cd 00 19 |et120.{.|.}.....|
	00f0  84 cd 00 6d af 44 49 52  3a 4d 61 74 63 68 73 74 |...m.DIR:Matchst|
	0100  69 63 6b 00 7b c2 7c c2  7d 00 81 cd 00 1a 84 cd |ick.{.|.}.......|
[237] +6.379349 ASYNC-IN-SUBMIT ep=0x81 len=0 type=BULK (in, awaiting data)
[238] +6.379365 ASYNC-OUT ep=0x01 len=16 type=BULK 
	0000  08 00 00 18 01 10 ef 03  00 0a 00 08 38 13 00 00 |............8...|
[239] +6.379441 ASYNC-OUT-DONE ep=0x01 len=0 status=0 actual=16
[240] +6.380308 ASYNC-IN-DONE ep=0x81 len=272 status=0 actual=272
	0000  08 01 00 18 ef 03 01 10  00 0b 00 04 41 02 00 00 |............A...|
	0010  00 6d b1 44 49 52 3a 43  61 72 74 6f 67 72 61 70 |.m.DIR:Cartograp|
	0020  68 65 72 00 7b c2 7c c2  7d 00 81 cd 00 1b 84 cd |her.{.|.}.......|
	0030  00 6d ae 44 49 52 3a 4c  69 74 69 67 61 74 6f 72 |.m.DIR:Litigator|
	0040  00 7b c2 7c c2 7d 00 81  cd 00 1c 84 cd 00 6d ad |.{.|.}........m.|
	0050  44 49 52 3a 44 65 72 61  69 6c 65 64 00 7b c2 7c |DIR:Derailed.{.||
	0060  c2 7d 00 81 cd 00 1d 84  cd 00 6d ad 44 49 52 3a |.}........m.DIR:|
	0070  4d 61 68 61 64 65 76 61  00 7b c2 7c c2 7d 00 81 |Mahadeva.{.|.}..|
	0080  cd 00 1e 84 cd 00 6d b0  44 49 52 3a 50 6c 61 63 |......m.DIR:Plac|
	0090  61 74 65 72 43 6c 6e 00  7b c2 7c c2 7d 00 81 cd |aterCln.{.|.}...|
	00a0  00 1f 84 cd 00 6d b0 44  49 52 3a 50 6c 61 63 61 |.....m.DIR:Placa|
	00b0  74 65 72 44 72 74 00 7b  c2 7c c2 7d 00 81 cd 00 |terDrt.{.|.}....|
	00c0  20 84 cd 00 6d b0 44 49  52 3a 41 4e 47 4c 20 4d | ...m.DIR:ANGL M|
	00d0  65 74 65 6f 72 00 7b c2  7c c2 7d 00 81 cd 00 21 |eteor.{.|.}....!|
	00e0  84 cd 00 6d b1 44 49 52  3a 41 72 63 68 65 74 79 |...m.DIR:Archety|
	00f0  70 65 43 6c 6e 00 7b c2  7c c2 7d 00 81 cd 00 22 |peCln.{.|.}...."|
	0100  84 cd 00 6d b1 44 49 52  3a 43 61 6c 69 54 65 78 |...m.DIR:CaliTex|
[241] +6.380371 ASYNC-IN-SUBMIT ep=0x81 len=0 type=BULK (in, awaiting data)
[242] +6.380418 ASYNC-OUT ep=0x01 len=16 type=BULK 
	0000  08 00 00 18 01 10 ef 03  00 0b 00 08 38 14 00 00 |............8...|
[243] +6.380557 ASYNC-IN-DONE ep=0x81 len=272 status=0 actual=272
	0000  08 01 00 18 ef 03 01 10  00 0c 00 04 41 02 00 00 |............A...|
	0010  61 73 43 68 32 00 7b c2  7c c2 7d 00 81 cd 00 23 |asCh2.{.|.}....#|
	0020  84 cd 00 6d b1 44 49 52  3a 41 72 63 68 65 74 79 |...m.DIR:Archety|
	0030  70 65 4c 65 64 00 7b c2  7c c2 7d 00 81 cd 00 24 |peLed.{.|.}....$|
	0040  84 cd 00 6d b0 44 49 52  3a 57 68 6f 57 61 74 74 |...m.DIR:WhoWatt|
	0050  20 31 30 30 00 7b c2 7c  c2 7d 00 81 cd 00 25 84 | 100.{.|.}....%.|
	0060  cd 00 6d b1 44 49 52 3a  56 6f 6c 74 61 67 65 51 |..m.DIR:VoltageQ|
	0070  75 65 65 6e 00 7b c2 7c  c2 7d 00 81 cd 00 26 84 |ueen.{.|.}....&.|
	0080  cd 00 6d b0 44 49 52 3a  4d 61 6e 64 61 72 69 6e |..m.DIR:Mandarin|
	0090  20 38 30 00 7b c2 7c c2  7d 00 81 cd 00 27 84 cd | 80.{.|.}....'..|
	00a0  00 6d af 44 49 52 3a 48  74 6c 20 43 61 6c 69 4a |.m.DIR:Htl CaliJ|
	00b0  53 00 7b c2 7c c2 7d 00  81 cd 00 28 84 cd 00 6d |S.{.|.}....(...m|
	00c0  b1 44 49 52 3a 41 6c 77  79 73 53 61 74 63 68 4a |.DIR:AlwysSatchJ|
	00d0  53 00 7b c2 7c c2 7d 00  81 cd 00 29 84 cd 00 6d |S.{.|.}....)...m|
	00e0  af 44 49 52 3a 45 4a 20  44 6f 76 65 72 4a 53 00 |.DIR:EJ DoverJS.|
	00f0  7b c2 7c c2 7d 00 81 cd  00 2a 84 cd 00 6d b1 44 |{.|.}....*...m.D|
	0100  49 52 3a 53 65 61 72 65  64 20 47 75 79 4a 53 00 |IR:Seared GuyJS.|
[244] +6.380623 ASYNC-IN-SUBMIT ep=0x81 len=0 type=BULK (in, awaiting data)
[245] +6.380642 ASYNC-OUT-DONE ep=0x01 len=0 status=0 actual=16
[246] +6.380657 ASYNC-OUT ep=0x01 len=16 type=BULK 
	0000  08 00 00 18 01 10 ef 03  00 0c 00 08 38 15 00 00 |............8...|
[247] +6.380798 ASYNC-OUT-DONE ep=0x01 len=0 status=0 actual=16
[248] +6.381450 ASYNC-IN-DONE ep=0x81 len=272 status=0 actual=272
	0000  08 01 00 18 ef 03 01 10  00 0d 00 04 41 02 00 00 |............A...|
	0010  7b c2 7c c2 7d 00 81 cd  00 2b 84 cd 00 6d b1 44 |{.|.}....+...m.D|
	0020  49 52 3a 4a 42 65 63 6b  4c 76 65 72 73 4a 53 00 |IR:JBeckLversJS.|
	0030  7b c2 7c c2 7d 00 81 cd  00 2c 84 cd 00 6d b1 44 |{.|.}....,...m.D|
	0040  49 52 3a 50 74 72 63 69  47 4d 6f 6f 6e 4a 53 00 |IR:PtrciGMoonJS.|
	0050  7b c2 7c c2 7d 00 81 cd  00 2d 84 cd 00 6d ac 44 |{.|.}....-...m.D|
	0060  49 52 3a 54 65 78 61 73  4a 53 00 7b c2 7c c2 7d |IR:TexasJS.{.|.}|
	0070  00 81 cd 00 2e 84 cd 00  6d b1 44 49 52 3a 53 74 |........m.DIR:St|
	0080  65 65 6c 79 20 4b 69 64  4a 53 00 7b c2 7c c2 7d |eely KidJS.{.|.}|
	0090  00 81 cd 00 2f 84 cd 00  6d ae 44 49 52 3a 56 48 |..../...m.DIR:VH|
	00a0  20 4a 75 6d 70 4a 53 00  7b c2 7c c2 7d 00 81 cd | JumpJS.{.|.}...|
	00b0  00 30 84 cd 00 6d ae 44  49 52 3a 57 68 6f 57 61 |.0...m.DIR:WhoWa|
	00c0  74 74 4a 53 00 7b c2 7c  c2 7d 00 81 cd 00 31 84 |ttJS.{.|.}....1.|
	00d0  cd 00 6d b1 44 49 52 3a  52 65 6c 61 74 69 76 69 |..m.DIR:Relativi|
	00e0  74 79 47 44 00 7b c2 7c  c2 7d 00 81 cd 00 32 84 |tyGD.{.|.}....2.|
	00f0  cd 00 6d ac 44 49 52 3a  42 72 6f 77 6e 47 44 00 |..m.DIR:BrownGD.|
	0100  7b c2 7c c2 7d 00 81 cd  00 33 84 cd 00 6d ab 44 |{.|.}....3...m.D|
[249] +6.381533 ASYNC-IN-SUBMIT ep=0x81 len=0 type=BULK (in, awaiting data)
[250] +6.381569 ASYNC-OUT ep=0x01 len=16 type=BULK 
	0000  08 00 00 18 01 10 ef 03  00 0d 00 08 38 16 00 00 |............8...|
[251] +6.381692 ASYNC-IN-DONE ep=0x81 len=272 status=0 actual=272
	0000  08 01 00 18 ef 03 01 10  00 0e 00 04 41 02 00 00 |............A...|
	0010  49 52 3a 53 69 6c 6b 47  44 00 7b c2 7c c2 7d 00 |IR:SilkGD.{.|.}.|
	0020  81 cd 00 34 84 cd 00 6d  b1 44 49 52 3a 54 68 65 |...4...m.DIR:The|
	0030  20 44 6f 63 74 65 72 47  44 00 7b c2 7c c2 7d 00 | DocterGD.{.|.}.|
	0040  81 cd 00 35 84 cd 00 6d  ae 44 49 52 3a 56 69 6e |...5...m.DIR:Vin|
	0050  74 61 67 65 47 44 00 7b  c2 7c c2 7d 00 81 cd 00 |tageGD.{.|.}....|
	0060  36 84 cd 00 6d b0 44 49  52 3a 45 6d 69 6e 20 47 |6...m.DIR:Emin G|
	0070  61 6c 6c 6f 70 00 7b c2  7c c2 7d 00 81 cd 00 37 |allop.{.|.}....7|
	0080  84 cd 00 6d b0 44 49 52  3a 42 72 6f 77 6e 20 53 |...m.DIR:Brown S|
	0090  75 67 61 72 00 7b c2 7c  c2 7d 00 81 cd 00 38 84 |ugar.{.|.}....8.|
	00a0  cd 00 6d b1 44 49 52 3a  20 46 69 6c 74 72 64 20 |..m.DIR: Filtrd |
	00b0  46 75 7a 7a 00 7b c2 7c  c2 7d 00 81 cd 00 39 84 |Fuzz.{.|.}....9.|
	00c0  cd 00 6d b1 44 49 52 3a  45 76 65 72 79 20 42 72 |..m.DIR:Every Br|
	00d0  65 61 74 68 00 7b c2 7c  c2 7d 00 81 cd 00 3a 84 |eath.{.|.}....:.|
	00e0  cd 00 6d b1 44 49 52 3a  4e 6f 20 4e 61 6d 65 20 |..m.DIR:No Name |
	00f0  4c 61 6e 65 00 7b c2 7c  c2 7d 00 81 cd 00 3b 84 |Lane.{.|.}....;.|
	0100  cd 00 6d af 44 49 52 3a  24 20 46 6f 72 20 4e 61 |..m.DIR:$ For Na|
[252] +6.381752 ASYNC-IN-SUBMIT ep=0x81 len=0 type=BULK (in, awaiting data)
[253] +6.381770 ASYNC-OUT-DONE ep=0x01 len=0 status=0 actual=16
[254] +6.381784 ASYNC-OUT ep=0x01 len=16 type=BULK 
	0000  08 00 00 18 01 10 ef 03  00 0e 00 08 38 17 00 00 |............8...|
[255] +6.381907 ASYNC-OUT-DONE ep=0x01 len=0 status=0 actual=16
[256] +6.382524 ASYNC-IN-DONE ep=0x81 len=272 status=0 actual=272
	0000  08 01 00 18 ef 03 01 10  00 0f 00 04 41 02 00 00 |............A...|
	0010  64 61 00 7b c2 7c c2 7d  00 81 cd 00 3c 84 cd 00 |da.{.|.}....<...|
	0020  6d ac 44 49 52 3a 53 75  6c 74 61 6e 73 00 7b c2 |m.DIR:Sultans.{.|
	0030  7c c2 7d 00 81 cd 00 3d  84 cd 00 6d b1 44 49 52 ||.}....=...m.DIR|
	0040  3a 48 65 61 72 74 62 72  65 61 6b 65 72 00 7b c2 |:Heartbreaker.{.|
	0050  7c c2 7d 00 81 cd 00 3e  84 cd 00 6d ae 44 49 52 ||.}....>...m.DIR|
	0060  3a 48 61 6e 67 61 72 20  31 39 00 7b c2 7c c2 7d |:Hangar 19.{.|.}|
	0070  00 81 cd 00 3f 84 cd 00  6d ad 44 49 52 3a 47 6c |....?...m.DIR:Gl|
	0080  6f 73 73 61 72 79 00 7b  c2 7c c2 7d 00 81 cd 00 |ossary.{.|.}....|
	0090  40 84 cd 00 6d b0 44 49  52 3a 50 6f 70 20 4d 79 |@...m.DIR:Pop My|
	00a0  20 50 75 6e 6b 00 7b c2  7c c2 7d 00 81 cd 00 41 | Punk.{.|.}....A|
	00b0  84 cd 00 6d b0 44 49 52  3a 42 61 64 6f 6e 6b 75 |...m.DIR:Badonku|
	00c0  6c 6f 75 73 00 7b c2 7c  c2 7d 00 81 cd 00 42 84 |lous.{.|.}....B.|
	00d0  cd 00 6d ab 44 49 52 3a  52 65 6c 69 65 66 00 7b |..m.DIR:Relief.{|
	00e0  c2 7c c2 7d 00 81 cd 00  43 84 cd 00 6d af 44 49 |.|.}....C...m.DI|
	00f0  52 3a 44 6a 65 6e 74 6c  65 6d 61 6e 00 7b c2 7c |R:Djentleman.{.||
	0100  c2 7d 00 81 cd 00 44 84  cd 00 6d b1 44 49 52 3a |.}....D...m.DIR:|
[257] +6.382588 ASYNC-IN-SUBMIT ep=0x81 len=0 type=BULK (in, awaiting data)
[258] +6.382622 ASYNC-OUT ep=0x01 len=16 type=BULK 
	0000  08 00 00 18 01 10 ef 03  00 0f 00 08 38 18 00 00 |............8...|
[259] +6.382750 ASYNC-OUT-DONE ep=0x01 len=0 status=0 actual=16
[260] +6.382898 ASYNC-IN-DONE ep=0x81 len=272 status=0 actual=272
	0000  08 01 00 18 ef 03 01 10  00 10 00 04 41 02 00 00 |............A...|
	0010  53 6e 75 66 66 6c 75 70  61 67 75 73 00 7b c2 7c |Snufflupagus.{.||
	0020  c2 7d 00 81 cd 00 45 84  cd 00 6d b1 44 49 52 3a |.}....E...m.DIR:|
	0030  47 6f 74 68 20 6f 72 20  4d 6f 64 3f 00 7b c2 7c |Goth or Mod?.{.||
	0040  c2 7d 00 81 cd 00 46 84  cd 00 6d af 44 49 52 3a |.}....F...m.DIR:|
	0050  32 2f 33 20 42 65 61 72  64 73 00 7b c2 7c c2 7d |2/3 Beards.{.|.}|
	0060  00 81 cd 00 47 84 cd 00  6d b1 44 49 52 3a 54 65 |....G...m.DIR:Te|
	0070  68 20 42 72 30 30 74 61  6c 7a 00 7b c2 7c c2 7d |h Br00talz.{.|.}|
	0080  00 81 cd 00 48 84 cd 00  6d b0 34 43 4d 3a 43 6c |....H...m.4CM:Cl|
	0090  65 61 6e 20 53 74 61 72  74 00 7b c2 7c c2 7d 00 |ean Start.{.|.}.|
	00a0  81 cd 00 49 84 cd 00 6d  b0 34 43 4d 3a 44 6f 74 |...I...m.4CM:Dot|
	00b0  20 38 20 44 65 6c 61 79  00 7b c2 7c c2 7d 00 81 | 8 Delay.{.|.}..|
	00c0  cd 00 4a 84 cd 00 6d b0  34 43 4d 3a 50 72 65 61 |..J...m.4CM:Prea|
	00d0  6d 70 20 53 77 61 70 00  7b c2 7c c2 7d 00 81 cd |mp Swap.{.|.}...|
	00e0  00 4b 84 cd 00 6d b0 34  43 4d 3a 4e 61 73 68 76 |.K...m.4CM:Nashv|
	00f0  6c 20 53 6f 6c 6f 00 7b  c2 7c c2 7d 00 81 cd 00 |l Solo.{.|.}....|
	0100  4c 84 cd 00 6d ae 34 43  4d 3a 45 70 69 63 20 4c |L...m.4CM:Epic L|
[261] +6.382953 ASYNC-IN-SUBMIT ep=0x81 len=0 type=BULK (in, awaiting data)
[262] +6.382986 ASYNC-OUT ep=0x01 len=16 type=BULK 
	0000  08 00 00 18 01 10 ef 03  00 10 00 08 38 19 00 00 |............8...|
[263] +6.383105 ASYNC-OUT-DONE ep=0x01 len=0 status=0 actual=16
[264] +6.384597 ASYNC-IN-DONE ep=0x81 len=272 status=0 actual=272
	0000  08 01 00 18 ef 03 01 10  00 11 00 04 41 02 00 00 |............A...|
	0010  65 61 64 00 7b c2 7c c2  7d 00 81 cd 00 4d 84 cd |ead.{.|.}....M..|
	0020  00 6d ac 34 43 4d 3a 43  72 75 6e 63 68 79 00 7b |.m.4CM:Crunchy.{|
	0030  c2 7c c2 7d 00 81 cd 00  4e 84 cd 00 6d ac 42 41 |.|.}....N...m.BA|
	0040  53 3a 41 71 75 61 20 35  31 00 7b c2 7c c2 7d 00 |S:Aqua 51.{.|.}.|
	0050  81 cd 00 4f 84 cd 00 6d  ac 42 41 53 3a 53 56 54 |...O...m.BAS:SVT|
	0060  20 4e 72 6d 00 7b c2 7c  c2 7d 00 81 cd 00 50 84 | Nrm.{.|.}....P.|
	0070  cd 00 6d ae 42 41 53 3a  53 56 54 2d 34 20 50 72 |..m.BAS:SVT-4 Pr|
	0080  6f 00 7b c2 7c c2 7d 00  81 cd 00 51 84 cd 00 6d |o.{.|.}....Q...m|
	0090  af 42 41 53 3a 57 6f 6f  64 79 20 42 6c 75 65 00 |.BAS:Woody Blue.|
	00a0  7b c2 7c c2 7d 00 81 cd  00 52 84 cd 00 6d af 42 |{.|.}....R...m.B|
	00b0  41 53 3a 54 75 63 6b 20  6e 27 20 47 6f 00 7b c2 |AS:Tuck n' Go.{.|
	00c0  7c c2 7d 00 81 cd 00 53  84 cd 00 6d b0 42 41 53 ||.}....S...m.BAS|
	00d0  3a 44 65 6c 20 53 6f 6c  20 33 30 30 00 7b c2 7c |:Del Sol 300.{.||
	00e0  c2 7d 00 81 cd 00 54 84  cd 00 6d b1 42 41 53 3a |.}....T...m.BAS:|
	00f0  43 61 6c 69 20 34 30 30  20 43 68 31 00 7b c2 7c |Cali 400 Ch1.{.||
	0100  c2 7d 00 81 cd 00 55 84  cd 00 6d b1 42 41 53 3a |.}....U...m.BAS:|
[265] +6.384668 ASYNC-IN-SUBMIT ep=0x81 len=0 type=BULK (in, awaiting data)
[266] +6.384710 ASYNC-OUT ep=0x01 len=16 type=BULK 
	0000  08 00 00 18 01 10 ef 03  00 11 00 08 38 1a 00 00 |............8...|
[267] +6.384852 ASYNC-OUT-DONE ep=0x01 len=0 status=0 actual=16
[268] +6.385022 ASYNC-IN-DONE ep=0x81 len=272 status=0 actual=272
	0000  08 01 00 18 ef 03 01 10  00 12 00 04 41 02 00 00 |............A...|
	0010  42 75 73 79 20 4f 6e 65  20 43 68 31 00 7b c2 7c |Busy One Ch1.{.||
	0020  c2 7d 00 81 cd 00 56 84  cd 00 6d ae 42 41 53 3a |.}....V...m.BAS:|
	0030  54 79 4b 30 20 4c 69 6b  65 00 7b c2 7c c2 7d 00 |TyK0 Like.{.|.}.|
	0040  81 cd 00 57 84 cd 00 6d  ad 42 41 53 3a 50 6f 6e |...W...m.BAS:Pon|
	0050  79 20 31 55 70 00 7b c2  7c c2 7d 00 81 cd 00 58 |y 1Up.{.|.}....X|
	0060  84 cd 00 6d ac 42 41 53  3a 53 75 62 20 44 75 62 |...m.BAS:Sub Dub|
	0070  00 7b c2 7c c2 7d 00 81  cd 00 59 84 cd 00 6d ad |.{.|.}....Y...m.|
	0080  42 41 53 3a 50 68 61 74  20 52 61 74 00 7b c2 7c |BAS:Phat Rat.{.||
	0090  c2 7d 00 81 cd 00 5a 84  cd 00 6d ae 42 41 53 3a |.}....Z...m.BAS:|
	00a0  53 79 6e 74 68 65 74 69  6b 00 7b c2 7c c2 7d 00 |Synthetik.{.|.}.|
	00b0  81 cd 00 5b 84 cd 00 6d  ab 41 43 4f 3a 53 74 75 |...[...m.ACO:Stu|
	00c0  64 69 6f 00 7b c2 7c c2  7d 00 81 cd 00 5c 84 cd |dio.{.|.}....\..|
	00d0  00 6d af 41 43 4f 3a 53  6f 6e 67 77 72 69 74 65 |.m.ACO:Songwrite|
	00e0  72 00 7b c2 7c c2 7d 00  81 cd 00 5d 84 cd 00 6d |r.{.|.}....]...m|
	00f0  ae 41 43 4f 3a 4f 75 74  20 54 68 65 72 65 00 7b |.ACO:Out There.{|
	0100  c2 7c c2 7d 00 81 cd 00  5e 84 cd 00 6d aa 4b 45 |.|.}....^...m.KE|
[269] +6.385084 ASYNC-IN-SUBMIT ep=0x81 len=0 type=BULK (in, awaiting data)
[270] +6.385125 ASYNC-OUT ep=0x01 len=16 type=BULK 
	0000  08 00 00 18 01 10 ef 03  00 12 00 08 38 1b 00 00 |............8...|
[271] +6.385263 ASYNC-OUT-DONE ep=0x01 len=0 status=0 actual=16
[272] +6.385593 ASYNC-IN-DONE ep=0x81 len=272 status=0 actual=272
	0000  08 01 00 18 ef 03 01 10  00 13 00 04 41 02 00 00 |............A...|
	0010  59 3a 47 72 69 74 7a 00  7b c2 7c c2 7d 00 81 cd |Y:Gritz.{.|.}...|
	0020  00 5f 84 cd 00 6d af 4b  45 59 3a 41 74 6d 6f 73 |._...m.KEY:Atmos|
	0030  70 68 65 72 65 00 7b c2  7c c2 7d 00 81 cd 00 60 |phere.{.|.}....`|
	0040  84 cd 00 6d ac 4b 45 59  3a 45 63 68 6f 65 7a 7a |...m.KEY:Echoezz|
	0050  00 7b c2 7c c2 7d 00 81  cd 00 61 84 cd 00 6d ab |.{.|.}....a...m.|
	0060  4e 65 77 20 50 72 65 73  65 74 00 7b c2 7c c2 7d |New Preset.{.|.}|
	0070  00 81 cd 00 62 84 cd 00  6d ab 4e 65 77 20 50 72 |....b...m.New Pr|
	0080  65 73 65 74 00 7b c2 7c  c2 7d 00 81 cd 00 63 84 |eset.{.|.}....c.|
	0090  cd 00 6d ab 4e 65 77 20  50 72 65 73 65 74 00 7b |..m.New Preset.{|
	00a0  c2 7c c2 7d 00 81 cd 00  64 84 cd 00 6d ab 4e 65 |.|.}....d...m.Ne|
	00b0  77 20 50 72 65 73 65 74  00 7b c2 7c c2 7d 00 81 |w Preset.{.|.}..|
	00c0  cd 00 65 84 cd 00 6d ab  4e 65 77 20 50 72 65 73 |..e...m.New Pres|
	00d0  65 74 00 7b c2 7c c2 7d  00 81 cd 00 66 84 cd 00 |et.{.|.}....f...|
	00e0  6d ab 4e 65 77 20 50 72  65 73 65 74 00 7b c2 7c |m.New Preset.{.||
	00f0  c2 7d 00 81 cd 00 67 84  cd 00 6d ab 4e 65 77 20 |.}....g...m.New |
	0100  50 72 65 73 65 74 00 7b  c2 7c c2 7d 00 81 cd 00 |Preset.{.|.}....|
[273] +6.385649 ASYNC-IN-SUBMIT ep=0x81 len=0 type=BULK (in, awaiting data)
[274] +6.385689 ASYNC-OUT ep=0x01 len=16 type=BULK 
	0000  08 00 00 18 01 10 ef 03  00 13 00 08 38 1c 00 00 |............8...|
[275] +6.385826 ASYNC-OUT-DONE ep=0x01 len=0 status=0 actual=16
[276] +6.386697 ASYNC-IN-DONE ep=0x81 len=272 status=0 actual=272
	0000  08 01 00 18 ef 03 01 10  00 14 00 04 41 02 00 00 |............A...|
	0010  68 84 cd 00 6d ab 4e 65  77 20 50 72 65 73 65 74 |h...m.New Preset|
	0020  00 7b c2 7c c2 7d 00 81  cd 00 69 84 cd 00 6d ab |.{.|.}....i...m.|
	0030  4e 65 77 20 50 72 65 73  65 74 00 7b c2 7c c2 7d |New Preset.{.|.}|
	0040  00 81 cd 00 6a 84 cd 00  6d ab 4e 65 77 20 50 72 |....j...m.New Pr|
	0050  65 73 65 74 00 7b c2 7c  c2 7d 00 81 cd 00 6b 84 |eset.{.|.}....k.|
	0060  cd 00 6d ab 4e 65 77 20  50 72 65 73 65 74 00 7b |..m.New Preset.{|
	0070  c2 7c c2 7d 00 81 cd 00  6c 84 cd 00 6d ab 4e 65 |.|.}....l...m.Ne|
	0080  77 20 50 72 65 73 65 74  00 7b c2 7c c2 7d 00 81 |w Preset.{.|.}..|
	0090  cd 00 6d 84 cd 00 6d ab  4e 65 77 20 50 72 65 73 |..m...m.New Pres|
	00a0  65 74 00 7b c2 7c c2 7d  00 81 cd 00 6e 84 cd 00 |et.{.|.}....n...|
	00b0  6d ab 4e 65 77 20 50 72  65 73 65 74 00 7b c2 7c |m.New Preset.{.||
	00c0  c2 7d 00 81 cd 00 6f 84  cd 00 6d ab 4e 65 77 20 |.}....o...m.New |
	00d0  50 72 65 73 65 74 00 7b  c2 7c c2 7d 00 81 cd 00 |Preset.{.|.}....|
	00e0  70 84 cd 00 6d ab 4e 65  77 20 50 72 65 73 65 74 |p...m.New Preset|
	00f0  00 7b c2 7c c2 7d 00 81  cd 00 71 84 cd 00 6d ab |.{.|.}....q...m.|
	0100  4e 65 77 20 50 72 65 73  65 74 00 7b c2 7c c2 7d |New Preset.{.|.}|
[277] +6.386763 ASYNC-IN-SUBMIT ep=0x81 len=0 type=BULK (in, awaiting data)
[278] +6.386804 ASYNC-OUT ep=0x01 len=16 type=BULK 
	0000  08 00 00 18 01 10 ef 03  00 14 00 08 38 1d 00 00 |............8...|
[279] +6.386950 ASYNC-OUT-DONE ep=0x01 len=0 status=0 actual=16
[280] +6.387094 ASYNC-IN-DONE ep=0x81 len=272 status=0 actual=272
	0000  08 01 00 18 ef 03 01 10  00 15 00 04 41 02 00 00 |............A...|
	0010  00 81 cd 00 72 84 cd 00  6d ab 4e 65 77 20 50 72 |....r...m.New Pr|
	0020  65 73 65 74 00 7b c2 7c  c2 7d 00 81 cd 00 73 84 |eset.{.|.}....s.|
	0030  cd 00 6d ab 4e 65 77 20  50 72 65 73 65 74 00 7b |..m.New Preset.{|
	0040  c2 7c c2 7d 00 81 cd 00  74 84 cd 00 6d ab 4e 65 |.|.}....t...m.Ne|
	0050  77 20 50 72 65 73 65 74  00 7b c2 7c c2 7d 00 81 |w Preset.{.|.}..|
	0060  cd 00 75 84 cd 00 6d ab  4e 65 77 20 50 72 65 73 |..u...m.New Pres|
	0070  65 74 00 7b c2 7c c2 7d  00 81 cd 00 76 84 cd 00 |et.{.|.}....v...|
	0080  6d ab 4e 65 77 20 50 72  65 73 65 74 00 7b c2 7c |m.New Preset.{.||
	0090  c2 7d 00 81 cd 00 77 84  cd 00 6d ab 4e 65 77 20 |.}....w...m.New |
	00a0  50 72 65 73 65 74 00 7b  c2 7c c2 7d 00 81 cd 00 |Preset.{.|.}....|
	00b0  78 84 cd 00 6d ab 4e 65  77 20 50 72 65 73 65 74 |x...m.New Preset|
	00c0  00 7b c2 7c c2 7d 00 81  cd 00 79 84 cd 00 6d ab |.{.|.}....y...m.|
	00d0  4e 65 77 20 50 72 65 73  65 74 00 7b c2 7c c2 7d |New Preset.{.|.}|
	00e0  00 81 cd 00 7a 84 cd 00  6d ab 4e 65 77 20 50 72 |....z...m.New Pr|
	00f0  65 73 65 74 00 7b c2 7c  c2 7d 00 81 cd 00 7b 84 |eset.{.|.}....{.|
	0100  cd 00 6d ab 4e 65 77 20  50 72 65 73 65 74 00 7b |..m.New Preset.{|
[281] +6.387153 ASYNC-IN-SUBMIT ep=0x81 len=0 type=BULK (in, awaiting data)
[282] +6.387195 ASYNC-OUT ep=0x01 len=16 type=BULK 
	0000  08 00 00 18 01 10 ef 03  00 15 00 08 38 1e 00 00 |............8...|
[283] +6.387341 ASYNC-OUT-DONE ep=0x01 len=0 status=0 actual=16
[284] +6.387583 ASYNC-IN-DONE ep=0x81 len=76 status=0 actual=76
	0000  41 00 00 18 ef 03 01 10  00 16 00 04 41 02 00 00 |A...........A...|
	0010  c2 7c c2 7d 00 81 cd 00  7c 84 cd 00 6d ab 4e 65 |.|.}....|...m.Ne|
	0020  77 20 50 72 65 73 65 74  00 7b c2 7c c2 7d 00 81 |w Preset.{.|.}..|
	0030  cd 00 7d 84 cd 00 6d ab  4e 65 77 20 50 72 65 73 |..}...m.New Pres|
	0040  65 74 00 7b c2 7c c2 7d  00 84 cd 00             |et.{.|.}....|
[285] +6.387610 ASYNC-IN-SUBMIT ep=0x81 len=0 type=BULK (in, awaiting data)
[286] +6.399828 ASYNC-OUT ep=0x01 len=36 type=BULK 
	0000  19 00 00 18 01 10 ef 03  00 16 00 0c 71 1e 00 00 |............q...|
	0010  01 00 02 00 09 00 00 00  83 66 cd 03 eb 64 70 65 |.........f...dpe|
	0020  c0 00 00 00                                      |....|
[287] +6.400127 ASYNC-OUT-DONE ep=0x01 len=0 status=0 actual=36
[288] +6.400743 ASYNC-IN-DONE ep=0x81 len=36 status=0 actual=36
	0000  19 00 00 18 ef 03 01 10  00 17 00 04 52 02 00 00 |............R...|
	0010  00 00 02 00 09 00 00 00  83 66 cd 03 eb 67 00 68 |.........f...g.h|
	0020  c0 20 50 72                                      |. Pr|
[289] +6.400769 ASYNC-IN-SUBMIT ep=0x81 len=0 type=BULK (in, awaiting data)
[290] +6.451511 ASYNC-OUT ep=0x01 len=36 type=BULK 
	0000  1b 00 00 18 01 10 ef 03  00 17 00 0c 82 1e 00 00 |................|
	0010  01 00 02 00 0b 00 00 00  83 66 cd 03 ec 64 0d 65 |.........f...d.e|
	0020  81 65 02 00                                      |.e..|
[291] +6.451640 ASYNC-IN-DONE ep=0x81 len=16 status=0 actual=16
	0000  08 00 00 18 ef 03 01 10  00 18 00 08 52 02 00 00 |............R...|
[292] +6.451650 ASYNC-IN-SUBMIT ep=0x81 len=0 type=BULK (in, awaiting data)
[293] +6.451743 ASYNC-OUT-DONE ep=0x01 len=0 status=0 actual=36
[294] +6.452731 ASYNC-IN-DONE ep=0x81 len=36 status=0 actual=36
	0000  19 00 00 18 ef 03 01 10  00 19 00 04 65 02 00 00 |............e...|
	0010  00 00 02 00 09 00 00 00  83 66 cd 03 ec 67 00 68 |.........f...g.h|
	0020  c0 20 50 72                                      |. Pr|
[295] +6.452807 ASYNC-IN-SUBMIT ep=0x81 len=0 type=BULK (in, awaiting data)
[296] +6.502758 ASYNC-OUT ep=0x01 len=16 type=BULK 
	0000  08 00 00 18 01 10 ef 03  00 18 00 08 93 1e 00 00 |................|
[297] +6.503090 ASYNC-OUT-DONE ep=0x01 len=0 status=0 actual=16
[298] +6.561916 ASYNC-IN-DONE ep=0x81 len=0 status=2 actual=0
[299] +6.561952 ASYNC-IN-SUBMIT ep=0x81 len=0 type=BULK (in, awaiting data)
[300] +6.606226 ASYNC-OUT ep=0x01 len=16 type=BULK 
	0000  08 00 00 18 02 10 f0 03  00 04 00 10 09 10 00 00 |................|
[301] +6.606484 ASYNC-OUT-DONE ep=0x01 len=0 status=0 actual=16
[302] +6.651893 ASYNC-IN-DONE ep=0x81 len=16 status=0 actual=16
	0000  08 00 00 18 ef 03 01 10  00 1a 00 08 65 02 00 00 |............e...|
[303] +6.651929 ASYNC-IN-SUBMIT ep=0x81 len=0 type=BULK (in, awaiting data)
[304] +6.652088 ASYNC-IN-DONE ep=0x81 len=16 status=0 actual=16
	0000  08 00 00 18 f0 03 02 10  00 04 00 10 09 02 00 00 |................|
[305] +6.652122 ASYNC-IN-SUBMIT ep=0x81 len=0 type=BULK (in, awaiting data)
[306] +6.764910 ASYNC-IN-DONE ep=0x81 len=0 status=2 actual=0
[307] +6.765016 ASYNC-IN-SUBMIT ep=0x81 len=0 type=BULK (in, awaiting data)
[308] +6.866983 ASYNC-IN-DONE ep=0x81 len=0 status=2 actual=0
[309] +6.867069 ASYNC-IN-SUBMIT ep=0x81 len=0 type=BULK (in, awaiting data)
[310] +6.976991 ASYNC-IN-DONE ep=0x81 len=0 status=2 actual=0
[311] +6.977081 ASYNC-IN-SUBMIT ep=0x81 len=0 type=BULK (in, awaiting data)
[312] +7.089898 ASYNC-IN-DONE ep=0x81 len=0 status=2 actual=0
[313] +7.089972 ASYNC-IN-SUBMIT ep=0x81 len=0 type=BULK (in, awaiting data)
[314] +7.199415 ASYNC-IN-DONE ep=0x81 len=0 status=2 actual=0
[315] +7.199513 ASYNC-IN-SUBMIT ep=0x81 len=0 type=BULK (in, awaiting data)
[316] +7.253855 ASYNC-IN-DONE ep=0x81 len=16 status=0 actual=16
	0000  08 00 00 18 ed 03 80 10  00 19 00 10 ae 02 00 00 |................|
[317] +7.253920 ASYNC-IN-SUBMIT ep=0x81 len=0 type=BULK (in, awaiting data)
[318] +7.280135 ASYNC-OUT ep=0x01 len=16 type=BULK 
	0000  08 00 00 18 80 10 ed 03  00 18 00 10 fd 1a 00 00 |................|
[319] +7.280463 ASYNC-OUT-DONE ep=0x01 len=0 status=0 actual=16
[320] +7.358363 ASYNC-IN-DONE ep=0x81 len=0 status=2 actual=0
[321] +7.358441 ASYNC-IN-SUBMIT ep=0x81 len=0 type=BULK (in, awaiting data)
[322] +7.469395 ASYNC-IN-DONE ep=0x81 len=0 status=2 actual=0
[323] +7.469457 ASYNC-IN-SUBMIT ep=0x81 len=0 type=BULK (in, awaiting data)
[324] +7.540409 ASYNC-OUT ep=0x01 len=16 type=BULK 
	0000  08 00 00 18 01 10 ef 03  00 19 00 10 93 1e 00 00 |................|
[325] +7.540745 ASYNC-OUT-DONE ep=0x01 len=0 status=0 actual=16
[326] +7.571571 ASYNC-IN-DONE ep=0x81 len=0 status=2 actual=0
[327] +7.571639 ASYNC-IN-SUBMIT ep=0x81 len=0 type=BULK (in, awaiting data)
[328] +7.644507 ASYNC-OUT ep=0x01 len=16 type=BULK 
	0000  08 00 00 18 02 10 f0 03  00 05 00 10 09 10 00 00 |................|
[329] +7.644812 ASYNC-OUT-DONE ep=0x01 len=0 status=0 actual=16
[330] +7.655330 ASYNC-IN-DONE ep=0x81 len=16 status=0 actual=16
	0000  08 00 00 18 ef 03 01 10  00 1b 00 10 65 02 00 00 |............e...|
[331] +7.655409 ASYNC-IN-SUBMIT ep=0x81 len=0 type=BULK (in, awaiting data)
[332] +7.655522 ASYNC-IN-DONE ep=0x81 len=16 status=0 actual=16
	0000  08 00 00 18 f0 03 02 10  00 05 00 10 09 02 00 00 |................|
[333] +7.655593 ASYNC-IN-SUBMIT ep=0x81 len=0 type=BULK (in, awaiting data)
[334] +7.765752 ASYNC-IN-DONE ep=0x81 len=0 status=2 actual=0
[335] +7.765828 ASYNC-IN-SUBMIT ep=0x81 len=0 type=BULK (in, awaiting data)
[336] +7.867160 ASYNC-IN-DONE ep=0x81 len=0 status=2 actual=0
[337] +7.867262 ASYNC-IN-SUBMIT ep=0x81 len=0 type=BULK (in, awaiting data)
[338] +7.979594 ASYNC-IN-DONE ep=0x81 len=0 status=2 actual=0
[339] +7.979684 ASYNC-IN-SUBMIT ep=0x81 len=0 type=BULK (in, awaiting data)
[340] +8.083156 ASYNC-IN-DONE ep=0x81 len=0 status=2 actual=0
[341] +8.083249 ASYNC-IN-SUBMIT ep=0x81 len=0 type=BULK (in, awaiting data)
[342] +8.186398 ASYNC-IN-DONE ep=0x81 len=0 status=2 actual=0
[343] +8.186475 ASYNC-IN-SUBMIT ep=0x81 len=0 type=BULK (in, awaiting data)
[344] +8.257229 ASYNC-IN-DONE ep=0x81 len=16 status=0 actual=16
	0000  08 00 00 18 ed 03 80 10  00 1a 00 10 ae 02 00 00 |................|
[345] +8.257374 ASYNC-IN-SUBMIT ep=0x81 len=0 type=BULK (in, awaiting data)
[346] +8.317033 ASYNC-OUT ep=0x01 len=16 type=BULK 
	0000  08 00 00 18 80 10 ed 03  00 19 00 10 fd 1a 00 00 |................|
[347] +8.317299 ASYNC-OUT-DONE ep=0x01 len=0 status=0 actual=16
[348] +8.368251 ASYNC-IN-DONE ep=0x81 len=0 status=2 actual=0
[349] +8.368333 ASYNC-IN-SUBMIT ep=0x81 len=0 type=BULK (in, awaiting data)
[350] +8.472286 ASYNC-IN-DONE ep=0x81 len=0 status=2 actual=0
[351] +8.472369 ASYNC-IN-SUBMIT ep=0x81 len=0 type=BULK (in, awaiting data)
[352] +8.573405 ASYNC-IN-DONE ep=0x81 len=0 status=2 actual=0
[353] +8.573483 ASYNC-IN-SUBMIT ep=0x81 len=0 type=BULK (in, awaiting data)
[354] +8.576226 ASYNC-OUT ep=0x01 len=16 type=BULK 
	0000  08 00 00 18 01 10 ef 03  00 1a 00 10 93 1e 00 00 |................|
[355] +8.576477 ASYNC-OUT-DONE ep=0x01 len=0 status=0 actual=16
[356] +8.658595 ASYNC-IN-DONE ep=0x81 len=16 status=0 actual=16
	0000  08 00 00 18 ef 03 01 10  00 1c 00 10 65 02 00 00 |............e...|
[357] +8.658735 ASYNC-IN-SUBMIT ep=0x81 len=0 type=BULK (in, awaiting data)
[358] +8.658901 ASYNC-IN-DONE ep=0x81 len=16 status=0 actual=16
	0000  08 00 00 18 f0 03 02 10  00 06 00 10 09 02 00 00 |................|
[359] +8.658959 ASYNC-IN-SUBMIT ep=0x81 len=0 type=BULK (in, awaiting data)
[360] +8.680369 ASYNC-OUT ep=0x01 len=16 type=BULK 
	0000  08 00 00 18 02 10 f0 03  00 06 00 10 09 10 00 00 |................|
[361] +8.680728 ASYNC-OUT-DONE ep=0x01 len=0 status=0 actual=16
[362] +8.766843 ASYNC-IN-DONE ep=0x81 len=0 status=2 actual=0
[363] +8.766946 ASYNC-IN-SUBMIT ep=0x81 len=0 type=BULK (in, awaiting data)
[364] +8.873197 ASYNC-IN-DONE ep=0x81 len=0 status=2 actual=0
[365] +8.873287 ASYNC-IN-SUBMIT ep=0x81 len=0 type=BULK (in, awaiting data)
[366] +8.985755 ASYNC-IN-DONE ep=0x81 len=0 status=2 actual=0
[367] +8.985824 ASYNC-IN-SUBMIT ep=0x81 len=0 type=BULK (in, awaiting data)
[368] +9.091399 ASYNC-IN-DONE ep=0x81 len=0 status=2 actual=0
[369] +9.091496 ASYNC-IN-SUBMIT ep=0x81 len=0 type=BULK (in, awaiting data)
[370] +9.200460 ASYNC-IN-DONE ep=0x81 len=0 status=2 actual=0
[371] +9.200559 ASYNC-IN-SUBMIT ep=0x81 len=0 type=BULK (in, awaiting data)
[372] +9.261025 ASYNC-IN-DONE ep=0x81 len=16 status=0 actual=16
	0000  08 00 00 18 ed 03 80 10  00 1b 00 10 ae 02 00 00 |................|
[373] +9.261213 ASYNC-IN-SUBMIT ep=0x81 len=0 type=BULK (in, awaiting data)
[374] +9.355140 ASYNC-OUT ep=0x01 len=16 type=BULK 
	0000  08 00 00 18 80 10 ed 03  00 1a 00 10 fd 1a 00 00 |................|
[375] +9.355353 ASYNC-OUT-DONE ep=0x01 len=0 status=0 actual=16
[376] +9.366170 ASYNC-IN-DONE ep=0x81 len=0 status=2 actual=0
[377] +9.366233 ASYNC-IN-SUBMIT ep=0x81 len=0 type=BULK (in, awaiting data)
[378] +9.473933 ASYNC-IN-DONE ep=0x81 len=0 status=2 actual=0
[379] +9.474027 ASYNC-IN-SUBMIT ep=0x81 len=0 type=BULK (in, awaiting data)
[380] +9.585654 ASYNC-IN-DONE ep=0x81 len=0 status=2 actual=0
[381] +9.585734 ASYNC-IN-SUBMIT ep=0x81 len=0 type=BULK (in, awaiting data)
[382] +9.615435 ASYNC-OUT ep=0x01 len=16 type=BULK 
	0000  08 00 00 18 01 10 ef 03  00 1b 00 10 93 1e 00 00 |................|
[383] +9.615873 ASYNC-OUT-DONE ep=0x01 len=0 status=0 actual=16
[384] +9.662251 ASYNC-IN-DONE ep=0x81 len=16 status=0 actual=16
	0000  08 00 00 18 ef 03 01 10  00 1d 00 10 65 02 00 00 |............e...|
[385] +9.662389 ASYNC-IN-SUBMIT ep=0x81 len=0 type=BULK (in, awaiting data)
[386] +9.662552 ASYNC-IN-DONE ep=0x81 len=16 status=0 actual=16
	0000  08 00 00 18 f0 03 02 10  00 07 00 10 09 02 00 00 |................|
[387] +9.662608 ASYNC-IN-SUBMIT ep=0x81 len=0 type=BULK (in, awaiting data)
[388] +9.719539 ASYNC-OUT ep=0x01 len=16 type=BULK 
	0000  08 00 00 18 02 10 f0 03  00 07 00 10 09 10 00 00 |................|
[389] +9.719837 ASYNC-OUT-DONE ep=0x01 len=0 status=0 actual=16
[390] +9.774794 ASYNC-IN-DONE ep=0x81 len=0 status=2 actual=0
[391] +9.774886 ASYNC-IN-SUBMIT ep=0x81 len=0 type=BULK (in, awaiting data)
[392] +9.881583 ASYNC-IN-DONE ep=0x81 len=0 status=2 actual=0
[393] +9.881684 ASYNC-IN-SUBMIT ep=0x81 len=0 type=BULK (in, awaiting data)
[394] +9.992129 ASYNC-IN-DONE ep=0x81 len=0 status=2 actual=0
[395] +9.992238 ASYNC-IN-SUBMIT ep=0x81 len=0 type=BULK (in, awaiting data)
[396] +10.099700 ASYNC-IN-DONE ep=0x81 len=0 status=2 actual=0
[397] +10.099797 ASYNC-IN-SUBMIT ep=0x81 len=0 type=BULK (in, awaiting data)
[398] +10.202712 ASYNC-IN-DONE ep=0x81 len=0 status=2 actual=0
[399] +10.202790 ASYNC-IN-SUBMIT ep=0x81 len=0 type=BULK (in, awaiting data)
[400] +10.264091 ASYNC-IN-DONE ep=0x81 len=16 status=0 actual=16
	0000  08 00 00 18 ed 03 80 10  00 1c 00 10 ae 02 00 00 |................|
[401] +10.264304 ASYNC-IN-SUBMIT ep=0x81 len=0 type=BULK (in, awaiting data)
[402] +10.376733 ASYNC-IN-DONE ep=0x81 len=0 status=2 actual=0
[403] +10.376802 ASYNC-IN-SUBMIT ep=0x81 len=0 type=BULK (in, awaiting data)
[404] +10.395082 ASYNC-OUT ep=0x01 len=16 type=BULK 
	0000  08 00 00 18 80 10 ed 03  00 1b 00 10 fd 1a 00 00 |................|
[405] +10.395390 ASYNC-OUT-DONE ep=0x01 len=0 status=0 actual=16
[406] +10.477993 ASYNC-IN-DONE ep=0x81 len=0 status=2 actual=0
[407] +10.478063 ASYNC-IN-SUBMIT ep=0x81 len=0 type=BULK (in, awaiting data)
[408] +10.578466 ASYNC-IN-DONE ep=0x81 len=0 status=2 actual=0
[409] +10.578555 ASYNC-IN-SUBMIT ep=0x81 len=0 type=BULK (in, awaiting data)
[410] +10.654366 ASYNC-OUT ep=0x01 len=16 type=BULK 
	0000  08 00 00 18 01 10 ef 03  00 1c 00 10 93 1e 00 00 |................|
[411] +10.654711 ASYNC-OUT-DONE ep=0x01 len=0 status=0 actual=16
[412] +10.665333 ASYNC-IN-DONE ep=0x81 len=16 status=0 actual=16
	0000  08 00 00 18 ef 03 01 10  00 1e 00 10 65 02 00 00 |............e...|
[413] +10.665410 ASYNC-IN-SUBMIT ep=0x81 len=0 type=BULK (in, awaiting data)
[414] +10.665567 ASYNC-IN-DONE ep=0x81 len=16 status=0 actual=16
	0000  08 00 00 18 f0 03 02 10  00 08 00 10 09 02 00 00 |................|
[415] +10.665618 ASYNC-IN-SUBMIT ep=0x81 len=0 type=BULK (in, awaiting data)
[416] +10.758464 ASYNC-OUT ep=0x01 len=16 type=BULK 
	0000  08 00 00 18 02 10 f0 03  00 08 00 10 09 10 00 00 |................|
[417] +10.758761 ASYNC-OUT-DONE ep=0x01 len=0 status=0 actual=16
[418] +10.774783 ASYNC-IN-DONE ep=0x81 len=0 status=2 actual=0
[419] +10.774854 ASYNC-IN-SUBMIT ep=0x81 len=0 type=BULK (in, awaiting data)
[420] +10.886940 ASYNC-IN-DONE ep=0x81 len=0 status=2 actual=0
[421] +10.887033 ASYNC-IN-SUBMIT ep=0x81 len=0 type=BULK (in, awaiting data)
[422] +10.996272 ASYNC-IN-DONE ep=0x81 len=0 status=2 actual=0
[423] +10.996371 ASYNC-IN-SUBMIT ep=0x81 len=0 type=BULK (in, awaiting data)
[424] +11.106978 ASYNC-IN-DONE ep=0x81 len=0 status=2 actual=0
[425] +11.107076 ASYNC-IN-SUBMIT ep=0x81 len=0 type=BULK (in, awaiting data)
[426] +11.215359 ASYNC-IN-DONE ep=0x81 len=0 status=2 actual=0
[427] +11.215457 ASYNC-IN-SUBMIT ep=0x81 len=0 type=BULK (in, awaiting data)
[428] +11.267340 ASYNC-IN-DONE ep=0x81 len=16 status=0 actual=16
	0000  08 00 00 18 ed 03 80 10  00 1d 00 10 ae 02 00 00 |................|
[429] +11.267402 ASYNC-IN-SUBMIT ep=0x81 len=0 type=BULK (in, awaiting data)
[430] +11.376282 ASYNC-IN-DONE ep=0x81 len=0 status=2 actual=0
[431] +11.376367 ASYNC-IN-SUBMIT ep=0x81 len=0 type=BULK (in, awaiting data)
[432] +11.431642 ASYNC-OUT ep=0x01 len=16 type=BULK 
	0000  08 00 00 18 80 10 ed 03  00 1c 00 10 fd 1a 00 00 |................|
[433] +11.431937 ASYNC-OUT-DONE ep=0x01 len=0 status=0 actual=16
[434] +11.487961 ASYNC-IN-DONE ep=0x81 len=0 status=2 actual=0
[435] +11.488038 ASYNC-IN-SUBMIT ep=0x81 len=0 type=BULK (in, awaiting data)
[436] +11.590801 ASYNC-IN-DONE ep=0x81 len=0 status=2 actual=0
[437] +11.590899 ASYNC-IN-SUBMIT ep=0x81 len=0 type=BULK (in, awaiting data)
[438] +11.668896 ASYNC-IN-DONE ep=0x81 len=16 status=0 actual=16
	0000  08 00 00 18 ef 03 01 10  00 1f 00 10 65 02 00 00 |............e...|
[439] +11.668990 ASYNC-IN-SUBMIT ep=0x81 len=0 type=BULK (in, awaiting data)
[440] +11.669123 ASYNC-IN-DONE ep=0x81 len=16 status=0 actual=16
	0000  08 00 00 18 f0 03 02 10  00 09 00 10 09 02 00 00 |................|
[441] +11.669170 ASYNC-IN-SUBMIT ep=0x81 len=0 type=BULK (in, awaiting data)
[442] +11.691487 ASYNC-OUT ep=0x01 len=16 type=BULK 
	0000  08 00 00 18 01 10 ef 03  00 1d 00 10 93 1e 00 00 |................|
[443] +11.691756 ASYNC-OUT-DONE ep=0x01 len=0 status=0 actual=16
[444] +11.781658 ASYNC-IN-DONE ep=0x81 len=0 status=2 actual=0
[445] +11.781730 ASYNC-IN-SUBMIT ep=0x81 len=0 type=BULK (in, awaiting data)
[446] +11.794651 ASYNC-OUT ep=0x01 len=16 type=BULK 
	0000  08 00 00 18 02 10 f0 03  00 09 00 10 09 10 00 00 |................|
[447] +11.794916 ASYNC-OUT-DONE ep=0x01 len=0 status=0 actual=16
[448] +11.892063 ASYNC-IN-DONE ep=0x81 len=0 status=2 actual=0
[449] +11.892098 ASYNC-IN-SUBMIT ep=0x81 len=0 type=BULK (in, awaiting data)
[450] +11.994336 ASYNC-IN-DONE ep=0x81 len=0 status=2 actual=0
[451] +11.994363 ASYNC-IN-SUBMIT ep=0x81 len=0 type=BULK (in, awaiting data)
[452] +12.106437 ASYNC-IN-DONE ep=0x81 len=0 status=2 actual=0
[453] +12.106476 ASYNC-IN-SUBMIT ep=0x81 len=0 type=BULK (in, awaiting data)
[454] +12.217564 ASYNC-IN-DONE ep=0x81 len=0 status=2 actual=0
[455] +12.217596 ASYNC-IN-SUBMIT ep=0x81 len=0 type=BULK (in, awaiting data)
[456] +12.270592 ASYNC-IN-DONE ep=0x81 len=16 status=0 actual=16
	0000  08 00 00 18 ed 03 80 10  00 1e 00 10 ae 02 00 00 |................|
[457] +12.270647 ASYNC-IN-SUBMIT ep=0x81 len=0 type=BULK (in, awaiting data)
[458] +12.383454 ASYNC-IN-DONE ep=0x81 len=0 status=2 actual=0
[459] +12.383547 ASYNC-IN-SUBMIT ep=0x81 len=0 type=BULK (in, awaiting data)
[460] +12.470643 ASYNC-OUT ep=0x01 len=16 type=BULK 
	0000  08 00 00 18 80 10 ed 03  00 1d 00 10 fd 1a 00 00 |................|
[461] +12.471015 ASYNC-OUT-DONE ep=0x01 len=0 status=0 actual=16
[462] +12.487925 ASYNC-IN-DONE ep=0x81 len=0 status=2 actual=0
[463] +12.488024 ASYNC-IN-SUBMIT ep=0x81 len=0 type=BULK (in, awaiting data)
[464] +12.600705 ASYNC-IN-DONE ep=0x81 len=0 status=2 actual=0
[465] +12.600768 ASYNC-IN-SUBMIT ep=0x81 len=0 type=BULK (in, awaiting data)
[466] +12.672054 ASYNC-IN-DONE ep=0x81 len=16 status=0 actual=16
	0000  08 00 00 18 ef 03 01 10  00 20 00 10 65 02 00 00 |......... ..e...|
[467] +12.672200 ASYNC-IN-SUBMIT ep=0x81 len=0 type=BULK (in, awaiting data)
[468] +12.672376 ASYNC-IN-DONE ep=0x81 len=16 status=0 actual=16
	0000  08 00 00 18 f0 03 02 10  00 0a 00 10 09 02 00 00 |................|
[469] +12.672440 ASYNC-IN-SUBMIT ep=0x81 len=0 type=BULK (in, awaiting data)
[470] +12.730806 ASYNC-OUT ep=0x01 len=16 type=BULK 
	0000  08 00 00 18 01 10 ef 03  00 1e 00 10 93 1e 00 00 |................|
[471] +12.731146 ASYNC-OUT-DONE ep=0x01 len=0 status=0 actual=16
[472] +12.782970 ASYNC-IN-DONE ep=0x81 len=0 status=2 actual=0
[473] +12.783043 ASYNC-IN-SUBMIT ep=0x81 len=0 type=BULK (in, awaiting data)
[474] +12.834648 ASYNC-OUT ep=0x01 len=16 type=BULK 
	0000  08 00 00 18 02 10 f0 03  00 0a 00 10 09 10 00 00 |................|
[475] +12.834900 ASYNC-OUT-DONE ep=0x01 len=0 status=0 actual=16
[476] +12.892200 ASYNC-IN-DONE ep=0x81 len=0 status=2 actual=0
[477] +12.892345 ASYNC-IN-SUBMIT ep=0x81 len=0 type=BULK (in, awaiting data)
[478] +13.004632 ASYNC-IN-DONE ep=0x81 len=0 status=2 actual=0
[479] +13.004721 ASYNC-IN-SUBMIT ep=0x81 len=0 type=BULK (in, awaiting data)
[480] +13.110680 ASYNC-IN-DONE ep=0x81 len=0 status=2 actual=0
[481] +13.110775 ASYNC-IN-SUBMIT ep=0x81 len=0 type=BULK (in, awaiting data)
[482] +13.223326 ASYNC-IN-DONE ep=0x81 len=0 status=2 actual=0
[483] +13.223424 ASYNC-IN-SUBMIT ep=0x81 len=0 type=BULK (in, awaiting data)
[484] +13.274003 ASYNC-IN-DONE ep=0x81 len=16 status=0 actual=16
	0000  08 00 00 18 ed 03 80 10  00 1f 00 10 ae 02 00 00 |................|
[485] +13.274159 ASYNC-IN-SUBMIT ep=0x81 len=0 type=BULK (in, awaiting data)
[486] +13.386983 ASYNC-IN-DONE ep=0x81 len=0 status=2 actual=0
[487] +13.387075 ASYNC-IN-SUBMIT ep=0x81 len=0 type=BULK (in, awaiting data)
[488] +13.496283 ASYNC-IN-DONE ep=0x81 len=0 status=2 actual=0
[489] +13.496399 ASYNC-IN-SUBMIT ep=0x81 len=0 type=BULK (in, awaiting data)
[490] +13.510403 ASYNC-OUT ep=0x01 len=16 type=BULK 
	0000  08 00 00 18 80 10 ed 03  00 1e 00 10 fd 1a 00 00 |................|
[491] +13.510648 ASYNC-OUT-DONE ep=0x01 len=0 status=0 actual=16
[492] +13.600443 ASYNC-IN-DONE ep=0x81 len=0 status=2 actual=0
[493] +13.600521 ASYNC-IN-SUBMIT ep=0x81 len=0 type=BULK (in, awaiting data)
[494] +13.675479 ASYNC-IN-DONE ep=0x81 len=16 status=0 actual=16
	0000  08 00 00 18 ef 03 01 10  00 21 00 10 65 02 00 00 |.........!..e...|
[495] +13.675617 ASYNC-IN-SUBMIT ep=0x81 len=0 type=BULK (in, awaiting data)
[496] +13.675790 ASYNC-IN-DONE ep=0x81 len=16 status=0 actual=16
	0000  08 00 00 18 f0 03 02 10  00 0b 00 10 09 02 00 00 |................|
[497] +13.675865 ASYNC-IN-SUBMIT ep=0x81 len=0 type=BULK (in, awaiting data)
[498] +13.770002 ASYNC-OUT ep=0x01 len=16 type=BULK 
	0000  08 00 00 18 01 10 ef 03  00 1f 00 10 93 1e 00 00 |................|
[499] +13.770328 ASYNC-OUT-DONE ep=0x01 len=0 status=0 actual=16
[500] +13.784955 ASYNC-IN-DONE ep=0x81 len=0 status=2 actual=0
[501] +13.785004 ASYNC-IN-SUBMIT ep=0x81 len=0 type=BULK (in, awaiting data)
[502] +13.873427 ASYNC-OUT ep=0x01 len=16 type=BULK 
	0000  08 00 00 18 02 10 f0 03  00 0b 00 10 09 10 00 00 |................|
[503] +13.873673 ASYNC-OUT-DONE ep=0x01 len=0 status=0 actual=16
[504] +13.897730 ASYNC-IN-DONE ep=0x81 len=0 status=2 actual=0
[505] +13.897803 ASYNC-IN-SUBMIT ep=0x81 len=0 type=BULK (in, awaiting data)
[506] +14.010603 ASYNC-IN-DONE ep=0x81 len=0 status=2 actual=0
[507] +14.010716 ASYNC-IN-SUBMIT ep=0x81 len=0 type=BULK (in, awaiting data)
[508] +14.123519 ASYNC-IN-DONE ep=0x81 len=0 status=2 actual=0
[509] +14.123630 ASYNC-IN-SUBMIT ep=0x81 len=0 type=BULK (in, awaiting data)
[510] +14.233667 ASYNC-IN-DONE ep=0x81 len=0 status=2 actual=0
[511] +14.233754 ASYNC-IN-SUBMIT ep=0x81 len=0 type=BULK (in, awaiting data)
[512] +14.277691 ASYNC-IN-DONE ep=0x81 len=16 status=0 actual=16
	0000  08 00 00 18 ed 03 80 10  00 20 00 10 ae 02 00 00 |......... ......|
[513] +14.277832 ASYNC-IN-SUBMIT ep=0x81 len=0 type=BULK (in, awaiting data)
[514] +14.387439 ASYNC-IN-DONE ep=0x81 len=0 status=2 actual=0
[515] +14.387524 ASYNC-IN-SUBMIT ep=0x81 len=0 type=BULK (in, awaiting data)
[516] +14.495705 ASYNC-IN-DONE ep=0x81 len=0 status=2 actual=0
[517] +14.495799 ASYNC-IN-SUBMIT ep=0x81 len=0 type=BULK (in, awaiting data)
[518] +14.545096 ASYNC-OUT ep=0x01 len=16 type=BULK 
	0000  08 00 00 18 80 10 ed 03  00 1f 00 10 fd 1a 00 00 |................|
[519] +14.545453 ASYNC-OUT-DONE ep=0x01 len=0 status=0 actual=16
[520] +14.608020 ASYNC-IN-DONE ep=0x81 len=0 status=2 actual=0
[521] +14.608137 ASYNC-IN-SUBMIT ep=0x81 len=0 type=BULK (in, awaiting data)
[522] +14.678511 ASYNC-IN-DONE ep=0x81 len=16 status=0 actual=16
	0000  08 00 00 18 ef 03 01 10  00 22 00 10 65 02 00 00 |........."..e...|
[523] +14.678618 ASYNC-IN-SUBMIT ep=0x81 len=0 type=BULK (in, awaiting data)
[524] +14.678742 ASYNC-IN-DONE ep=0x81 len=16 status=0 actual=16
	0000  08 00 00 18 f0 03 02 10  00 0c 00 10 09 02 00 00 |................|
[525] +14.678773 ASYNC-IN-SUBMIT ep=0x81 len=0 type=BULK (in, awaiting data)
[526] +14.787026 ASYNC-IN-DONE ep=0x81 len=0 status=2 actual=0
[527] +14.787114 ASYNC-IN-SUBMIT ep=0x81 len=0 type=BULK (in, awaiting data)
[528] +14.803758 ASYNC-OUT ep=0x01 len=16 type=BULK 
	0000  08 00 00 18 01 10 ef 03  00 20 00 10 93 1e 00 00 |......... ......|
[529] +14.803997 ASYNC-OUT-DONE ep=0x01 len=0 status=0 actual=16
[530] +14.889873 ASYNC-IN-DONE ep=0x81 len=0 status=2 actual=0
[531] +14.889951 ASYNC-IN-SUBMIT ep=0x81 len=0 type=BULK (in, awaiting data)
[532] +14.907454 ASYNC-OUT ep=0x01 len=16 type=BULK 
	0000  08 00 00 18 02 10 f0 03  00 0c 00 10 09 10 00 00 |................|
[533] +14.907813 ASYNC-OUT-DONE ep=0x01 len=0 status=0 actual=16
[534] +14.993717 ASYNC-IN-DONE ep=0x81 len=0 status=2 actual=0
[535] +14.993825 ASYNC-IN-SUBMIT ep=0x81 len=0 type=BULK (in, awaiting data)
[536] +15.104027 ASYNC-IN-DONE ep=0x81 len=0 status=2 actual=0
[537] +15.104071 ASYNC-IN-SUBMIT ep=0x81 len=0 type=BULK (in, awaiting data)
[538] +15.216864 ASYNC-IN-DONE ep=0x81 len=0 status=2 actual=0
[539] +15.216953 ASYNC-IN-SUBMIT ep=0x81 len=0 type=BULK (in, awaiting data)
[540] +15.280499 ASYNC-IN-DONE ep=0x81 len=16 status=0 actual=16
	0000  08 00 00 18 ed 03 80 10  00 21 00 10 ae 02 00 00 |.........!......|
[541] +15.280627 ASYNC-IN-SUBMIT ep=0x81 len=0 type=BULK (in, awaiting data)
[542] +15.389872 ASYNC-IN-DONE ep=0x81 len=0 status=2 actual=0
[543] +15.389947 ASYNC-IN-SUBMIT ep=0x81 len=0 type=BULK (in, awaiting data)
[544] +15.500480 ASYNC-IN-DONE ep=0x81 len=0 status=2 actual=0
[545] +15.500582 ASYNC-IN-SUBMIT ep=0x81 len=0 type=BULK (in, awaiting data)
[546] +15.580935 ASYNC-OUT ep=0x01 len=16 type=BULK 
	0000  08 00 00 18 80 10 ed 03  00 20 00 10 fd 1a 00 00 |......... ......|
[547] +15.581258 ASYNC-OUT-DONE ep=0x01 len=0 status=0 actual=16
[548] +15.612935 ASYNC-IN-DONE ep=0x81 len=0 status=2 actual=0
[549] +15.613045 ASYNC-IN-SUBMIT ep=0x81 len=0 type=BULK (in, awaiting data)
[550] +15.681739 ASYNC-IN-DONE ep=0x81 len=16 status=0 actual=16
	0000  08 00 00 18 ef 03 01 10  00 23 00 10 65 02 00 00 |.........#..e...|
[551] +15.681885 ASYNC-IN-SUBMIT ep=0x81 len=0 type=BULK (in, awaiting data)
[552] +15.682047 ASYNC-IN-DONE ep=0x81 len=16 status=0 actual=16
	0000  08 00 00 18 f0 03 02 10  00 0d 00 10 09 02 00 00 |................|
[553] +15.682111 ASYNC-IN-SUBMIT ep=0x81 len=0 type=BULK (in, awaiting data)
[554] +15.789058 ASYNC-IN-DONE ep=0x81 len=0 status=2 actual=0
[555] +15.789164 ASYNC-IN-SUBMIT ep=0x81 len=0 type=BULK (in, awaiting data)
[556] +15.841133 ASYNC-OUT ep=0x01 len=16 type=BULK 
	0000  08 00 00 18 01 10 ef 03  00 21 00 10 93 1e 00 00 |.........!......|
[557] +15.841523 ASYNC-OUT-DONE ep=0x01 len=0 status=0 actual=16
[558] +15.893337 ASYNC-IN-DONE ep=0x81 len=0 status=2 actual=0
[559] +15.893428 ASYNC-IN-SUBMIT ep=0x81 len=0 type=BULK (in, awaiting data)
[560] +15.945254 ASYNC-OUT ep=0x01 len=16 type=BULK 
	0000  08 00 00 18 02 10 f0 03  00 0d 00 10 09 10 00 00 |................|
[561] +15.945586 ASYNC-OUT-DONE ep=0x01 len=0 status=0 actual=16
[562] +15.995996 ASYNC-IN-DONE ep=0x81 len=0 status=2 actual=0
[563] +15.996083 ASYNC-IN-SUBMIT ep=0x81 len=0 type=BULK (in, awaiting data)
[564] +16.096618 ASYNC-IN-DONE ep=0x81 len=0 status=2 actual=0
[565] +16.096730 ASYNC-IN-SUBMIT ep=0x81 len=0 type=BULK (in, awaiting data)
[566] +16.204414 ASYNC-IN-DONE ep=0x81 len=0 status=2 actual=0
[567] +16.204493 ASYNC-IN-SUBMIT ep=0x81 len=0 type=BULK (in, awaiting data)
[568] +16.284560 ASYNC-IN-DONE ep=0x81 len=16 status=0 actual=16
	0000  08 00 00 18 ed 03 80 10  00 22 00 10 ae 02 00 00 |........."......|
[569] +16.284702 ASYNC-IN-SUBMIT ep=0x81 len=0 type=BULK (in, awaiting data)
[570] +16.397500 ASYNC-IN-DONE ep=0x81 len=0 status=2 actual=0
[571] +16.397612 ASYNC-IN-SUBMIT ep=0x81 len=0 type=BULK (in, awaiting data)
[572] +16.498557 ASYNC-IN-DONE ep=0x81 len=0 status=2 actual=0
[573] +16.498653 ASYNC-IN-SUBMIT ep=0x81 len=0 type=BULK (in, awaiting data)
[574] +16.607849 ASYNC-IN-DONE ep=0x81 len=0 status=2 actual=0
[575] +16.607961 ASYNC-IN-SUBMIT ep=0x81 len=0 type=BULK (in, awaiting data)
[576] +16.621501 ASYNC-OUT ep=0x01 len=16 type=BULK 
	0000  08 00 00 18 80 10 ed 03  00 21 00 10 fd 1a 00 00 |.........!......|
[577] +16.621755 ASYNC-OUT-DONE ep=0x01 len=0 status=0 actual=16
[578] +16.685484 ASYNC-IN-DONE ep=0x81 len=16 status=0 actual=16
	0000  08 00 00 18 ef 03 01 10  00 24 00 10 65 02 00 00 |.........$..e...|
[579] +16.685648 ASYNC-IN-SUBMIT ep=0x81 len=0 type=BULK (in, awaiting data)
[580] +16.685817 ASYNC-IN-DONE ep=0x81 len=16 status=0 actual=16
	0000  08 00 00 18 f0 03 02 10  00 0e 00 10 09 02 00 00 |................|
[581] +16.685880 ASYNC-IN-SUBMIT ep=0x81 len=0 type=BULK (in, awaiting data)
[582] +16.791095 ASYNC-IN-DONE ep=0x81 len=0 status=2 actual=0
[583] +16.791173 ASYNC-IN-SUBMIT ep=0x81 len=0 type=BULK (in, awaiting data)
[584] +16.880718 ASYNC-OUT ep=0x01 len=16 type=BULK 
	0000  08 00 00 18 01 10 ef 03  00 22 00 10 93 1e 00 00 |........."......|
[585] +16.881052 ASYNC-OUT-DONE ep=0x01 len=0 status=0 actual=16
[586] +16.893044 ASYNC-IN-DONE ep=0x81 len=0 status=2 actual=0
[587] +16.893203 ASYNC-IN-SUBMIT ep=0x81 len=0 type=BULK (in, awaiting data)
[588] +16.984560 ASYNC-OUT ep=0x01 len=16 type=BULK 
	0000  08 00 00 18 02 10 f0 03  00 0e 00 10 09 10 00 00 |................|
[589] +16.984901 ASYNC-OUT-DONE ep=0x01 len=0 status=0 actual=16
[590] +16.993878 ASYNC-IN-DONE ep=0x81 len=0 status=2 actual=0
[591] +16.993925 ASYNC-IN-SUBMIT ep=0x81 len=0 type=BULK (in, awaiting data)
[592] +17.099817 ASYNC-IN-DONE ep=0x81 len=0 status=2 actual=0
[593] +17.099935 ASYNC-IN-SUBMIT ep=0x81 len=0 type=BULK (in, awaiting data)
[594] +17.207099 ASYNC-IN-DONE ep=0x81 len=0 status=2 actual=0
[595] +17.207195 ASYNC-IN-SUBMIT ep=0x81 len=0 type=BULK (in, awaiting data)
[596] +17.287552 ASYNC-IN-DONE ep=0x81 len=16 status=0 actual=16
	0000  08 00 00 18 ed 03 80 10  00 23 00 10 ae 02 00 00 |.........#......|
[597] +17.287667 ASYNC-IN-SUBMIT ep=0x81 len=0 type=BULK (in, awaiting data)
[598] +17.390663 ASYNC-IN-DONE ep=0x81 len=0 status=2 actual=0
[599] +17.390758 ASYNC-IN-SUBMIT ep=0x81 len=0 type=BULK (in, awaiting data)
[600] +17.500591 ASYNC-IN-DONE ep=0x81 len=0 status=2 actual=0
[601] +17.500699 ASYNC-IN-SUBMIT ep=0x81 len=0 type=BULK (in, awaiting data)
[602] +17.608066 ASYNC-IN-DONE ep=0x81 len=0 status=2 actual=0
[603] +17.608159 ASYNC-IN-SUBMIT ep=0x81 len=0 type=BULK (in, awaiting data)
[604] +17.659698 ASYNC-OUT ep=0x01 len=16 type=BULK 
	0000  08 00 00 18 80 10 ed 03  00 22 00 10 fd 1a 00 00 |........."......|
[605] +17.659987 ASYNC-OUT-DONE ep=0x01 len=0 status=0 actual=16
[606] +17.688909 ASYNC-IN-DONE ep=0x81 len=16 status=0 actual=16
	0000  08 00 00 18 ef 03 01 10  00 25 00 10 65 02 00 00 |.........%..e...|
[607] +17.689053 ASYNC-IN-SUBMIT ep=0x81 len=0 type=BULK (in, awaiting data)
[608] +17.689225 ASYNC-IN-DONE ep=0x81 len=16 status=0 actual=16
	0000  08 00 00 18 f0 03 02 10  00 0f 00 10 09 02 00 00 |................|
[609] +17.689288 ASYNC-IN-SUBMIT ep=0x81 len=0 type=BULK (in, awaiting data)
[610] +17.793160 ASYNC-IN-DONE ep=0x81 len=0 status=2 actual=0
[611] +17.793278 ASYNC-IN-SUBMIT ep=0x81 len=0 type=BULK (in, awaiting data)
[612] +17.906087 ASYNC-IN-DONE ep=0x81 len=0 status=2 actual=0
[613] +17.906163 ASYNC-IN-SUBMIT ep=0x81 len=0 type=BULK (in, awaiting data)
[614] +17.919925 ASYNC-OUT ep=0x01 len=16 type=BULK 
	0000  08 00 00 18 01 10 ef 03  00 23 00 10 93 1e 00 00 |.........#......|
[615] +17.920196 ASYNC-OUT-DONE ep=0x01 len=0 status=0 actual=16
[616] +18.016293 ASYNC-IN-DONE ep=0x81 len=0 status=2 actual=0
[617] +18.016453 ASYNC-IN-SUBMIT ep=0x81 len=0 type=BULK (in, awaiting data)
[618] +18.024034 ASYNC-OUT ep=0x01 len=16 type=BULK 
	0000  08 00 00 18 02 10 f0 03  00 0f 00 10 09 10 00 00 |................|
[619] +18.024294 ASYNC-OUT-DONE ep=0x01 len=0 status=0 actual=16
[620] +18.126640 ASYNC-IN-DONE ep=0x81 len=0 status=2 actual=0
[621] +18.126764 ASYNC-IN-SUBMIT ep=0x81 len=0 type=BULK (in, awaiting data)
[622] +18.239580 ASYNC-IN-DONE ep=0x81 len=0 status=2 actual=0
[623] +18.239696 ASYNC-IN-SUBMIT ep=0x81 len=0 type=BULK (in, awaiting data)
[624] +18.290487 ASYNC-IN-DONE ep=0x81 len=16 status=0 actual=16
	0000  08 00 00 18 ed 03 80 10  00 24 00 10 ae 02 00 00 |.........$......|
[625] +18.290697 ASYNC-IN-SUBMIT ep=0x81 len=0 type=BULK (in, awaiting data)
[626] +18.400512 ASYNC-IN-DONE ep=0x81 len=0 status=2 actual=0
[627] +18.400610 ASYNC-IN-SUBMIT ep=0x81 len=0 type=BULK (in, awaiting data)
[628] +18.510516 ASYNC-IN-DONE ep=0x81 len=0 status=2 actual=0
[629] +18.510624 ASYNC-IN-SUBMIT ep=0x81 len=0 type=BULK (in, awaiting data)
[630] +18.621336 ASYNC-IN-DONE ep=0x81 len=0 status=2 actual=0
[631] +18.621446 ASYNC-IN-SUBMIT ep=0x81 len=0 type=BULK (in, awaiting data)
[632] +18.691826 ASYNC-IN-DONE ep=0x81 len=16 status=0 actual=16
	0000  08 00 00 18 ef 03 01 10  00 26 00 10 65 02 00 00 |.........&..e...|
[633] +18.691950 ASYNC-IN-SUBMIT ep=0x81 len=0 type=BULK (in, awaiting data)
[634] +18.692110 ASYNC-IN-DONE ep=0x81 len=16 status=0 actual=16
	0000  08 00 00 18 f0 03 02 10  00 10 00 10 09 02 00 00 |................|
[635] +18.692160 ASYNC-IN-SUBMIT ep=0x81 len=0 type=BULK (in, awaiting data)
[636] +18.699144 ASYNC-OUT ep=0x01 len=16 type=BULK 
	0000  08 00 00 18 80 10 ed 03  00 23 00 10 fd 1a 00 00 |.........#......|
[637] +18.699415 ASYNC-OUT-DONE ep=0x01 len=0 status=0 actual=16
[638] +18.794364 ASYNC-IN-DONE ep=0x81 len=0 status=2 actual=0
[639] +18.794449 ASYNC-IN-SUBMIT ep=0x81 len=0 type=BULK (in, awaiting data)
[640] +18.907257 ASYNC-IN-DONE ep=0x81 len=0 status=2 actual=0
[641] +18.907342 ASYNC-IN-SUBMIT ep=0x81 len=0 type=BULK (in, awaiting data)
[642] +18.957689 ASYNC-OUT ep=0x01 len=16 type=BULK 
	0000  08 00 00 18 01 10 ef 03  00 24 00 10 93 1e 00 00 |.........$......|
[643] +18.958013 ASYNC-OUT-DONE ep=0x01 len=0 status=0 actual=16
[644] +19.020137 ASYNC-IN-DONE ep=0x81 len=0 status=2 actual=0
[645] +19.020229 ASYNC-IN-SUBMIT ep=0x81 len=0 type=BULK (in, awaiting data)
[646] +19.061776 ASYNC-OUT ep=0x01 len=16 type=BULK 
	0000  08 00 00 18 02 10 f0 03  00 10 00 10 09 10 00 00 |................|
[647] +19.062054 ASYNC-OUT-DONE ep=0x01 len=0 status=0 actual=16
[648] +19.133047 ASYNC-IN-DONE ep=0x81 len=0 status=2 actual=0
[649] +19.133143 ASYNC-IN-SUBMIT ep=0x81 len=0 type=BULK (in, awaiting data)
[650] +19.245735 ASYNC-IN-DONE ep=0x81 len=0 status=2 actual=0
[651] +19.245787 ASYNC-IN-SUBMIT ep=0x81 len=0 type=BULK (in, awaiting data)
[652] +19.293978 ASYNC-IN-DONE ep=0x81 len=16 status=0 actual=16
	0000  08 00 00 18 ed 03 80 10  00 25 00 10 ae 02 00 00 |.........%......|
[653] +19.294097 ASYNC-IN-SUBMIT ep=0x81 len=0 type=BULK (in, awaiting data)
[654] +19.399537 ASYNC-IN-DONE ep=0x81 len=0 status=2 actual=0
[655] +19.399634 ASYNC-IN-SUBMIT ep=0x81 len=0 type=BULK (in, awaiting data)
[656] +19.508828 ASYNC-IN-DONE ep=0x81 len=0 status=2 actual=0
[657] +19.508934 ASYNC-IN-SUBMIT ep=0x81 len=0 type=BULK (in, awaiting data)
[658] +19.621284 ASYNC-IN-DONE ep=0x81 len=0 status=2 actual=0
[659] +19.621382 ASYNC-IN-SUBMIT ep=0x81 len=0 type=BULK (in, awaiting data)
[660] +19.695374 ASYNC-IN-DONE ep=0x81 len=16 status=0 actual=16
	0000  08 00 00 18 ef 03 01 10  00 27 00 10 65 02 00 00 |.........'..e...|
[661] +19.695646 ASYNC-IN-SUBMIT ep=0x81 len=0 type=BULK (in, awaiting data)
[662] +19.695925 ASYNC-IN-DONE ep=0x81 len=16 status=0 actual=16
	0000  08 00 00 18 f0 03 02 10  00 11 00 10 09 02 00 00 |................|
[663] +19.695997 ASYNC-IN-SUBMIT ep=0x81 len=0 type=BULK (in, awaiting data)
[664] +19.736850 ASYNC-OUT ep=0x01 len=16 type=BULK 
	0000  08 00 00 18 80 10 ed 03  00 24 00 10 fd 1a 00 00 |.........$......|
[665] +19.737138 ASYNC-OUT-DONE ep=0x01 len=0 status=0 actual=16
[666] +19.796381 ASYNC-IN-DONE ep=0x81 len=0 status=2 actual=0
[667] +19.796539 ASYNC-IN-SUBMIT ep=0x81 len=0 type=BULK (in, awaiting data)
[668] +19.905207 ASYNC-IN-DONE ep=0x81 len=0 status=2 actual=0
[669] +19.905324 ASYNC-IN-SUBMIT ep=0x81 len=0 type=BULK (in, awaiting data)
[670] +19.995579 ASYNC-OUT ep=0x01 len=16 type=BULK 
	0000  08 00 00 18 01 10 ef 03  00 25 00 10 93 1e 00 00 |.........%......|
[671] +19.995901 ASYNC-OUT-DONE ep=0x01 len=0 status=0 actual=16
[672] +20.016410 ASYNC-IN-DONE ep=0x81 len=0 status=2 actual=0
[673] +20.016482 ASYNC-IN-SUBMIT ep=0x81 len=0 type=BULK (in, awaiting data)
[674] +20.099720 ASYNC-OUT ep=0x01 len=16 type=BULK 
	0000  08 00 00 18 02 10 f0 03  00 11 00 10 09 10 00 00 |................|
[675] +20.100016 ASYNC-OUT-DONE ep=0x01 len=0 status=0 actual=16
[676] +20.125850 ASYNC-IN-DONE ep=0x81 len=0 status=2 actual=0
[677] +20.125919 ASYNC-IN-SUBMIT ep=0x81 len=0 type=BULK (in, awaiting data)
[678] +20.229396 ASYNC-IN-DONE ep=0x81 len=0 status=2 actual=0
[679] +20.229478 ASYNC-IN-SUBMIT ep=0x81 len=0 type=BULK (in, awaiting data)
[680] +20.297239 ASYNC-IN-DONE ep=0x81 len=16 status=0 actual=16
	0000  08 00 00 18 ed 03 80 10  00 26 00 10 ae 02 00 00 |.........&......|
[681] +20.297381 ASYNC-IN-SUBMIT ep=0x81 len=0 type=BULK (in, awaiting data)
[682] +20.410195 ASYNC-IN-DONE ep=0x81 len=0 status=2 actual=0
[683] +20.410288 ASYNC-IN-SUBMIT ep=0x81 len=0 type=BULK (in, awaiting data)
[684] +20.516254 ASYNC-IN-DONE ep=0x81 len=0 status=2 actual=0
[685] +20.516324 ASYNC-IN-SUBMIT ep=0x81 len=0 type=BULK (in, awaiting data)
[686] +20.618318 ASYNC-IN-DONE ep=0x81 len=0 status=2 actual=0
[687] +20.618394 ASYNC-IN-SUBMIT ep=0x81 len=0 type=BULK (in, awaiting data)
[688] +20.698400 ASYNC-IN-DONE ep=0x81 len=16 status=0 actual=16
	0000  08 00 00 18 ef 03 01 10  00 28 00 10 65 02 00 00 |.........(..e...|
[689] +20.698554 ASYNC-IN-SUBMIT ep=0x81 len=0 type=BULK (in, awaiting data)
[690] +20.698776 ASYNC-IN-DONE ep=0x81 len=16 status=0 actual=16
	0000  08 00 00 18 f0 03 02 10  00 12 00 10 09 02 00 00 |................|
[691] +20.698871 ASYNC-IN-SUBMIT ep=0x81 len=0 type=BULK (in, awaiting data)
[692] +20.776366 ASYNC-OUT ep=0x01 len=16 type=BULK 
	0000  08 00 00 18 80 10 ed 03  00 25 00 10 fd 1a 00 00 |.........%......|
[693] +20.776644 ASYNC-OUT-DONE ep=0x01 len=0 status=0 actual=16
[694] +20.802556 ASYNC-IN-DONE ep=0x81 len=0 status=2 actual=0
[695] +20.802655 ASYNC-IN-SUBMIT ep=0x81 len=0 type=BULK (in, awaiting data)
[696] +20.903797 ASYNC-IN-DONE ep=0x81 len=0 status=2 actual=0
[697] +20.903913 ASYNC-IN-SUBMIT ep=0x81 len=0 type=BULK (in, awaiting data)
[698] +21.013005 ASYNC-IN-DONE ep=0x81 len=0 status=2 actual=0
[699] +21.013115 ASYNC-IN-SUBMIT ep=0x81 len=0 type=BULK (in, awaiting data)
[700] +21.036679 ASYNC-OUT ep=0x01 len=16 type=BULK 
	0000  08 00 00 18 01 10 ef 03  00 26 00 10 93 1e 00 00 |.........&......|
[701] +21.037001 ASYNC-OUT-DONE ep=0x01 len=0 status=0 actual=16
[702] +21.114862 ASYNC-IN-DONE ep=0x81 len=0 status=2 actual=0
[703] +21.114947 ASYNC-IN-SUBMIT ep=0x81 len=0 type=BULK (in, awaiting data)
[704] +21.140808 ASYNC-OUT ep=0x01 len=16 type=BULK 
	0000  08 00 00 18 02 10 f0 03  00 12 00 10 09 10 00 00 |................|
[705] +21.141111 ASYNC-OUT-DONE ep=0x01 len=0 status=0 actual=16
[706] +21.225747 ASYNC-IN-DONE ep=0x81 len=0 status=2 actual=0
[707] +21.225865 ASYNC-IN-SUBMIT ep=0x81 len=0 type=BULK (in, awaiting data)
[708] +21.300559 ASYNC-IN-DONE ep=0x81 len=16 status=0 actual=16
	0000  08 00 00 18 ed 03 80 10  00 27 00 10 ae 02 00 00 |.........'......|
[709] +21.300699 ASYNC-IN-SUBMIT ep=0x81 len=0 type=BULK (in, awaiting data)
[710] +21.413023 ASYNC-IN-DONE ep=0x81 len=0 status=2 actual=0
[711] +21.413113 ASYNC-IN-SUBMIT ep=0x81 len=0 type=BULK (in, awaiting data)
[712] +21.517891 ASYNC-IN-DONE ep=0x81 len=0 status=2 actual=0
[713] +21.517991 ASYNC-IN-SUBMIT ep=0x81 len=0 type=BULK (in, awaiting data)
[714] +21.627699 ASYNC-IN-DONE ep=0x81 len=0 status=2 actual=0
[715] +21.627778 ASYNC-IN-SUBMIT ep=0x81 len=0 type=BULK (in, awaiting data)
[716] +21.701980 ASYNC-IN-DONE ep=0x81 len=16 status=0 actual=16
	0000  08 00 00 18 ef 03 01 10  00 29 00 10 65 02 00 00 |.........)..e...|
[717] +21.702112 ASYNC-IN-SUBMIT ep=0x81 len=0 type=BULK (in, awaiting data)
[718] +21.702286 ASYNC-IN-DONE ep=0x81 len=16 status=0 actual=16
	0000  08 00 00 18 f0 03 02 10  00 13 00 10 09 02 00 00 |................|
[719] +21.702350 ASYNC-IN-SUBMIT ep=0x81 len=0 type=BULK (in, awaiting data)
[720] +21.814945 ASYNC-OUT ep=0x01 len=16 type=BULK 
	0000  08 00 00 18 80 10 ed 03  00 26 00 10 fd 1a 00 00 |.........&......|
[721] +21.815123 ASYNC-IN-DONE ep=0x81 len=0 status=2 actual=0
[722] +21.815165 ASYNC-IN-SUBMIT ep=0x81 len=0 type=BULK (in, awaiting data)
[723] +21.815329 ASYNC-OUT-DONE ep=0x01 len=0 status=0 actual=16
[724] +21.920351 ASYNC-IN-DONE ep=0x81 len=0 status=2 actual=0
[725] +21.920470 ASYNC-IN-SUBMIT ep=0x81 len=0 type=BULK (in, awaiting data)
[726] +22.022126 ASYNC-IN-DONE ep=0x81 len=0 status=2 actual=0
[727] +22.022208 ASYNC-IN-SUBMIT ep=0x81 len=0 type=BULK (in, awaiting data)
[728] +22.075233 ASYNC-OUT ep=0x01 len=16 type=BULK 
	0000  08 00 00 18 01 10 ef 03  00 27 00 10 93 1e 00 00 |.........'......|
[729] +22.075574 ASYNC-OUT-DONE ep=0x01 len=0 status=0 actual=16
[730] +22.127434 ASYNC-IN-DONE ep=0x81 len=0 status=2 actual=0
[731] +22.127515 ASYNC-IN-SUBMIT ep=0x81 len=0 type=BULK (in, awaiting data)
[732] +22.179366 ASYNC-OUT ep=0x01 len=16 type=BULK 
	0000  08 00 00 18 02 10 f0 03  00 13 00 10 09 10 00 00 |................|
[733] +22.179719 ASYNC-OUT-DONE ep=0x01 len=0 status=0 actual=16
[734] +22.240367 ASYNC-IN-DONE ep=0x81 len=0 status=2 actual=0
[735] +22.240460 ASYNC-IN-SUBMIT ep=0x81 len=0 type=BULK (in, awaiting data)
[736] +22.303551 ASYNC-IN-DONE ep=0x81 len=16 status=0 actual=16
	0000  08 00 00 18 ed 03 80 10  00 28 00 10 ae 02 00 00 |.........(......|
[737] +22.303607 ASYNC-IN-SUBMIT ep=0x81 len=0 type=BULK (in, awaiting data)
[738] +22.414846 ASYNC-IN-DONE ep=0x81 len=0 status=2 actual=0
[739] +22.414936 ASYNC-IN-SUBMIT ep=0x81 len=0 type=BULK (in, awaiting data)
[740] +22.527735 ASYNC-IN-DONE ep=0x81 len=0 status=2 actual=0
[741] +22.527846 ASYNC-IN-SUBMIT ep=0x81 len=0 type=BULK (in, awaiting data)
[742] +22.639185 ASYNC-IN-DONE ep=0x81 len=0 status=2 actual=0
[743] +22.639279 ASYNC-IN-SUBMIT ep=0x81 len=0 type=BULK (in, awaiting data)
[744] +22.705211 ASYNC-IN-DONE ep=0x81 len=16 status=0 actual=16
	0000  08 00 00 18 ef 03 01 10  00 2a 00 10 65 02 00 00 |.........*..e...|
[745] +22.705371 ASYNC-IN-SUBMIT ep=0x81 len=0 type=BULK (in, awaiting data)
[746] +22.705582 ASYNC-IN-DONE ep=0x81 len=16 status=0 actual=16
	0000  08 00 00 18 f0 03 02 10  00 14 00 10 09 02 00 00 |................|
[747] +22.705672 ASYNC-IN-SUBMIT ep=0x81 len=0 type=BULK (in, awaiting data)
[748] +22.809846 ASYNC-IN-DONE ep=0x81 len=0 status=2 actual=0
[749] +22.809973 ASYNC-IN-SUBMIT ep=0x81 len=0 type=BULK (in, awaiting data)
[750] +22.854469 ASYNC-OUT ep=0x01 len=16 type=BULK 
	0000  08 00 00 18 80 10 ed 03  00 27 00 10 fd 1a 00 00 |.........'......|
[751] +22.854792 ASYNC-OUT-DONE ep=0x01 len=0 status=0 actual=16
[752] +22.922770 ASYNC-IN-DONE ep=0x81 len=0 status=2 actual=0
[753] +22.922868 ASYNC-IN-SUBMIT ep=0x81 len=0 type=BULK (in, awaiting data)
[754] +23.034893 ASYNC-IN-DONE ep=0x81 len=0 status=2 actual=0
[755] +23.035009 ASYNC-IN-SUBMIT ep=0x81 len=0 type=BULK (in, awaiting data)
[756] +23.112883 ASYNC-OUT ep=0x01 len=16 type=BULK 
	0000  08 00 00 18 01 10 ef 03  00 28 00 10 93 1e 00 00 |.........(......|
[757] +23.113280 ASYNC-OUT-DONE ep=0x01 len=0 status=0 actual=16
[758] +23.147786 ASYNC-IN-DONE ep=0x81 len=0 status=2 actual=0
[759] +23.147860 ASYNC-IN-SUBMIT ep=0x81 len=0 type=BULK (in, awaiting data)
[760] +23.217010 ASYNC-OUT ep=0x01 len=16 type=BULK 
	0000  08 00 00 18 02 10 f0 03  00 14 00 10 09 10 00 00 |................|
[761] +23.217318 ASYNC-OUT-DONE ep=0x01 len=0 status=0 actual=16
[762] +23.257326 ASYNC-IN-DONE ep=0x81 len=0 status=2 actual=0
[763] +23.257418 ASYNC-IN-SUBMIT ep=0x81 len=0 type=BULK (in, awaiting data)
[764] +23.307256 ASYNC-IN-DONE ep=0x81 len=16 status=0 actual=16
	0000  08 00 00 18 ed 03 80 10  00 29 00 10 ae 02 00 00 |.........)......|
[765] +23.307408 ASYNC-IN-SUBMIT ep=0x81 len=0 type=BULK (in, awaiting data)
[766] +23.420242 ASYNC-IN-DONE ep=0x81 len=0 status=2 actual=0
[767] +23.420325 ASYNC-IN-SUBMIT ep=0x81 len=0 type=BULK (in, awaiting data)
[768] +23.529659 ASYNC-IN-DONE ep=0x81 len=0 status=2 actual=0
[769] +23.529771 ASYNC-IN-SUBMIT ep=0x81 len=0 type=BULK (in, awaiting data)
[770] +23.630324 ASYNC-IN-DONE ep=0x81 len=0 status=2 actual=0
[771] +23.630435 ASYNC-IN-SUBMIT ep=0x81 len=0 type=BULK (in, awaiting data)
[772] +23.709386 ASYNC-IN-DONE ep=0x81 len=16 status=0 actual=16
	0000  08 00 00 18 ef 03 01 10  00 2b 00 10 65 02 00 00 |.........+..e...|
[773] +23.709531 ASYNC-IN-SUBMIT ep=0x81 len=0 type=BULK (in, awaiting data)
[774] +23.709743 ASYNC-IN-DONE ep=0x81 len=16 status=0 actual=16
	0000  08 00 00 18 f0 03 02 10  00 15 00 10 09 02 00 00 |................|
[775] +23.709823 ASYNC-IN-SUBMIT ep=0x81 len=0 type=BULK (in, awaiting data)
[776] +23.813370 ASYNC-IN-DONE ep=0x81 len=0 status=2 actual=0
[777] +23.813498 ASYNC-IN-SUBMIT ep=0x81 len=0 type=BULK (in, awaiting data)
[778] +23.890434 ASYNC-OUT ep=0x01 len=16 type=BULK 
	0000  08 00 00 18 80 10 ed 03  00 28 00 10 fd 1a 00 00 |.........(......|
[779] +23.890770 ASYNC-OUT-DONE ep=0x01 len=0 status=0 actual=16
[780] +23.924549 ASYNC-IN-DONE ep=0x81 len=0 status=2 actual=0
[781] +23.924716 ASYNC-IN-SUBMIT ep=0x81 len=0 type=BULK (in, awaiting data)
[782] +24.037586 ASYNC-IN-DONE ep=0x81 len=0 status=2 actual=0
[783] +24.037696 ASYNC-IN-SUBMIT ep=0x81 len=0 type=BULK (in, awaiting data)
[784] +24.150208 ASYNC-OUT ep=0x01 len=16 type=BULK 
	0000  08 00 00 18 01 10 ef 03  00 29 00 10 93 1e 00 00 |.........)......|
[785] +24.150439 ASYNC-IN-DONE ep=0x81 len=0 status=2 actual=0
[786] +24.150485 ASYNC-IN-SUBMIT ep=0x81 len=0 type=BULK (in, awaiting data)
[787] +24.150582 ASYNC-OUT-DONE ep=0x01 len=0 status=0 actual=16
[788] +24.254389 ASYNC-OUT ep=0x01 len=16 type=BULK 
	0000  08 00 00 18 02 10 f0 03  00 15 00 10 09 10 00 00 |................|
[789] +24.254726 ASYNC-OUT-DONE ep=0x01 len=0 status=0 actual=16
[790] +24.262378 ASYNC-IN-DONE ep=0x81 len=0 status=2 actual=0
[791] +24.262428 ASYNC-IN-SUBMIT ep=0x81 len=0 type=BULK (in, awaiting data)
[792] +24.311221 ASYNC-IN-DONE ep=0x81 len=16 status=0 actual=16
	0000  08 00 00 18 ed 03 80 10  00 2a 00 10 ae 02 00 00 |.........*......|
[793] +24.311371 ASYNC-IN-SUBMIT ep=0x81 len=0 type=BULK (in, awaiting data)
[794] +24.421574 ASYNC-IN-DONE ep=0x81 len=0 status=2 actual=0
[795] +24.421658 ASYNC-IN-SUBMIT ep=0x81 len=0 type=BULK (in, awaiting data)
[796] +24.524954 ASYNC-IN-DONE ep=0x81 len=0 status=2 actual=0
[797] +24.525045 ASYNC-IN-SUBMIT ep=0x81 len=0 type=BULK (in, awaiting data)
[798] +24.625757 ASYNC-IN-DONE ep=0x81 len=0 status=2 actual=0
[799] +24.625869 ASYNC-IN-SUBMIT ep=0x81 len=0 type=BULK (in, awaiting data)
[800] +24.712326 ASYNC-IN-DONE ep=0x81 len=16 status=0 actual=16
	0000  08 00 00 18 ef 03 01 10  00 2c 00 10 65 02 00 00 |.........,..e...|
[801] +24.712460 ASYNC-IN-SUBMIT ep=0x81 len=0 type=BULK (in, awaiting data)
[802] +24.712622 ASYNC-IN-DONE ep=0x81 len=16 status=0 actual=16
	0000  08 00 00 18 f0 03 02 10  00 16 00 10 09 02 00 00 |................|
[803] +24.712687 ASYNC-IN-SUBMIT ep=0x81 len=0 type=BULK (in, awaiting data)
[804] +24.815975 ASYNC-IN-DONE ep=0x81 len=0 status=2 actual=0
[805] +24.816088 ASYNC-IN-SUBMIT ep=0x81 len=0 type=BULK (in, awaiting data)
[806] +24.928913 ASYNC-IN-DONE ep=0x81 len=0 status=2 actual=0
[807] +24.929025 ASYNC-IN-SUBMIT ep=0x81 len=0 type=BULK (in, awaiting data)
[808] +24.929453 ASYNC-OUT ep=0x01 len=16 type=BULK 
	0000  08 00 00 18 80 10 ed 03  00 29 00 10 fd 1a 00 00 |.........)......|
[809] +24.929675 ASYNC-OUT-DONE ep=0x01 len=0 status=0 actual=16
[810] +25.033691 ASYNC-IN-DONE ep=0x81 len=0 status=2 actual=0
[811] +25.033778 ASYNC-IN-SUBMIT ep=0x81 len=0 type=BULK (in, awaiting data)
[812] +25.137530 ASYNC-IN-DONE ep=0x81 len=0 status=2 actual=0
[813] +25.137619 ASYNC-IN-SUBMIT ep=0x81 len=0 type=BULK (in, awaiting data)
[814] +25.189747 ASYNC-OUT ep=0x01 len=16 type=BULK 
	0000  08 00 00 18 01 10 ef 03  00 2a 00 10 93 1e 00 00 |.........*......|
[815] +25.190097 ASYNC-OUT-DONE ep=0x01 len=0 status=0 actual=16
[816] +25.241925 ASYNC-IN-DONE ep=0x81 len=0 status=2 actual=0
[817] +25.242007 ASYNC-IN-SUBMIT ep=0x81 len=0 type=BULK (in, awaiting data)
[818] +25.293857 ASYNC-OUT ep=0x01 len=16 type=BULK 
	0000  08 00 00 18 02 10 f0 03  00 16 00 10 09 10 00 00 |................|
[819] +25.294129 ASYNC-OUT-DONE ep=0x01 len=0 status=0 actual=16
[820] +25.313863 ASYNC-IN-DONE ep=0x81 len=16 status=0 actual=16
	0000  08 00 00 18 ed 03 80 10  00 2b 00 10 ae 02 00 00 |.........+......|
[821] +25.313955 ASYNC-IN-SUBMIT ep=0x81 len=0 type=BULK (in, awaiting data)
[822] +25.424174 ASYNC-IN-DONE ep=0x81 len=0 status=2 actual=0
[823] +25.424259 ASYNC-IN-SUBMIT ep=0x81 len=0 type=BULK (in, awaiting data)
[824] +25.533833 ASYNC-IN-DONE ep=0x81 len=0 status=2 actual=0
[825] +25.533931 ASYNC-IN-SUBMIT ep=0x81 len=0 type=BULK (in, awaiting data)
[826] +25.635637 ASYNC-IN-DONE ep=0x81 len=0 status=2 actual=0
[827] +25.635845 ASYNC-IN-SUBMIT ep=0x81 len=0 type=BULK (in, awaiting data)
[828] +25.715199 ASYNC-IN-DONE ep=0x81 len=16 status=0 actual=16
	0000  08 00 00 18 ef 03 01 10  00 2d 00 10 65 02 00 00 |.........-..e...|
[829] +25.715340 ASYNC-IN-SUBMIT ep=0x81 len=0 type=BULK (in, awaiting data)
[830] +25.715511 ASYNC-IN-DONE ep=0x81 len=16 status=0 actual=16
	0000  08 00 00 18 f0 03 02 10  00 17 00 10 09 02 00 00 |................|
[831] +25.715576 ASYNC-IN-SUBMIT ep=0x81 len=0 type=BULK (in, awaiting data)
[832] +25.828347 ASYNC-IN-DONE ep=0x81 len=0 status=2 actual=0
[833] +25.828459 ASYNC-IN-SUBMIT ep=0x81 len=0 type=BULK (in, awaiting data)
[834] +25.941214 ASYNC-IN-DONE ep=0x81 len=0 status=2 actual=0
[835] +25.941318 ASYNC-IN-SUBMIT ep=0x81 len=0 type=BULK (in, awaiting data)
[836] +25.967156 ASYNC-OUT ep=0x01 len=16 type=BULK 
	0000  08 00 00 18 80 10 ed 03  00 2a 00 10 fd 1a 00 00 |.........*......|
[837] +25.967506 ASYNC-OUT-DONE ep=0x01 len=0 status=0 actual=16
[838] +26.043216 ASYNC-IN-DONE ep=0x81 len=0 status=2 actual=0
[839] +26.043286 ASYNC-IN-SUBMIT ep=0x81 len=0 type=BULK (in, awaiting data)
[840] +26.156100 ASYNC-IN-DONE ep=0x81 len=0 status=2 actual=0
[841] +26.156206 ASYNC-IN-SUBMIT ep=0x81 len=0 type=BULK (in, awaiting data)
[842] +26.225358 ASYNC-OUT ep=0x01 len=16 type=BULK 
	0000  08 00 00 18 01 10 ef 03  00 2b 00 10 93 1e 00 00 |.........+......|
[843] +26.225626 ASYNC-OUT-DONE ep=0x01 len=0 status=0 actual=16
[844] +26.258117 ASYNC-IN-DONE ep=0x81 len=0 status=2 actual=0
[845] +26.258209 ASYNC-IN-SUBMIT ep=0x81 len=0 type=BULK (in, awaiting data)
[846] +26.317257 ASYNC-IN-DONE ep=0x81 len=16 status=0 actual=16
	0000  08 00 00 18 ed 03 80 10  00 2c 00 10 ae 02 00 00 |.........,......|
[847] +26.317372 ASYNC-IN-SUBMIT ep=0x81 len=0 type=BULK (in, awaiting data)
[848] +26.328414 ASYNC-OUT ep=0x01 len=16 type=BULK 
	0000  08 00 00 18 02 10 f0 03  00 17 00 10 09 10 00 00 |................|
[849] +26.328665 ASYNC-OUT-DONE ep=0x01 len=0 status=0 actual=16
[850] +26.417818 ASYNC-IN-DONE ep=0x81 len=0 status=2 actual=0
[851] +26.417994 ASYNC-IN-SUBMIT ep=0x81 len=0 type=BULK (in, awaiting data)
[852] +26.522198 ASYNC-IN-DONE ep=0x81 len=0 status=2 actual=0
[853] +26.522281 ASYNC-IN-SUBMIT ep=0x81 len=0 type=BULK (in, awaiting data)
[854] +26.630424 ASYNC-IN-DONE ep=0x81 len=0 status=2 actual=0
[855] +26.630532 ASYNC-IN-SUBMIT ep=0x81 len=0 type=BULK (in, awaiting data)
[856] +26.718420 ASYNC-IN-DONE ep=0x81 len=16 status=0 actual=16
	0000  08 00 00 18 ef 03 01 10  00 2e 00 10 65 02 00 00 |............e...|
[857] +26.718574 ASYNC-IN-SUBMIT ep=0x81 len=0 type=BULK (in, awaiting data)
[858] +26.718743 ASYNC-IN-DONE ep=0x81 len=16 status=0 actual=16
	0000  08 00 00 18 f0 03 02 10  00 18 00 10 09 02 00 00 |................|
[859] +26.718813 ASYNC-IN-SUBMIT ep=0x81 len=0 type=BULK (in, awaiting data)
[860] +26.830532 ASYNC-IN-DONE ep=0x81 len=0 status=2 actual=0
[861] +26.830610 ASYNC-IN-SUBMIT ep=0x81 len=0 type=BULK (in, awaiting data)
[862] +26.943406 ASYNC-IN-DONE ep=0x81 len=0 status=2 actual=0
[863] +26.943514 ASYNC-IN-SUBMIT ep=0x81 len=0 type=BULK (in, awaiting data)
[864] +27.001385 ASYNC-OUT ep=0x01 len=16 type=BULK 
	0000  08 00 00 18 80 10 ed 03  00 2b 00 10 fd 1a 00 00 |.........+......|
[865] +27.001707 ASYNC-OUT-DONE ep=0x01 len=0 status=0 actual=16
[866] +27.056394 ASYNC-IN-DONE ep=0x81 len=0 status=2 actual=0
[867] +27.056493 ASYNC-IN-SUBMIT ep=0x81 len=0 type=BULK (in, awaiting data)
[868] +27.165796 ASYNC-IN-DONE ep=0x81 len=0 status=2 actual=0
[869] +27.165903 ASYNC-IN-SUBMIT ep=0x81 len=0 type=BULK (in, awaiting data)
[870] +27.260715 ASYNC-OUT ep=0x01 len=16 type=BULK 
	0000  08 00 00 18 01 10 ef 03  00 2c 00 10 93 1e 00 00 |.........,......|
[871] +27.261056 ASYNC-OUT-DONE ep=0x01 len=0 status=0 actual=16
[872] +27.268163 ASYNC-IN-DONE ep=0x81 len=0 status=2 actual=0
[873] +27.268236 ASYNC-IN-SUBMIT ep=0x81 len=0 type=BULK (in, awaiting data)
[874] +27.320801 ASYNC-IN-DONE ep=0x81 len=16 status=0 actual=16
	0000  08 00 00 18 ed 03 80 10  00 2d 00 10 ae 02 00 00 |.........-......|
[875] +27.320925 ASYNC-IN-SUBMIT ep=0x81 len=0 type=BULK (in, awaiting data)
[876] +27.364783 ASYNC-OUT ep=0x01 len=16 type=BULK 
	0000  08 00 00 18 02 10 f0 03  00 18 00 10 09 10 00 00 |................|
[877] +27.365029 ASYNC-OUT-DONE ep=0x01 len=0 status=0 actual=16
[878] +27.422430 ASYNC-IN-DONE ep=0x81 len=0 status=2 actual=0
[879] +27.422523 ASYNC-IN-SUBMIT ep=0x81 len=0 type=BULK (in, awaiting data)
[880] +27.523656 ASYNC-IN-DONE ep=0x81 len=0 status=2 actual=0
[881] +27.523766 ASYNC-IN-SUBMIT ep=0x81 len=0 type=BULK (in, awaiting data)
[882] +27.625816 ASYNC-IN-DONE ep=0x81 len=0 status=2 actual=0
[883] +27.625931 ASYNC-IN-SUBMIT ep=0x81 len=0 type=BULK (in, awaiting data)
[884] +27.721706 ASYNC-IN-DONE ep=0x81 len=16 status=0 actual=16
	0000  08 00 00 18 ef 03 01 10  00 2f 00 10 65 02 00 00 |........./..e...|
[885] +27.721851 ASYNC-IN-SUBMIT ep=0x81 len=0 type=BULK (in, awaiting data)
[886] +27.722060 ASYNC-IN-DONE ep=0x81 len=16 status=0 actual=16
	0000  08 00 00 18 f0 03 02 10  00 19 00 10 09 02 00 00 |................|
[887] +27.722128 ASYNC-IN-SUBMIT ep=0x81 len=0 type=BULK (in, awaiting data)
[888] +27.833833 ASYNC-IN-DONE ep=0x81 len=0 status=2 actual=0
[889] +27.833941 ASYNC-IN-SUBMIT ep=0x81 len=0 type=BULK (in, awaiting data)
[890] +27.946743 ASYNC-IN-DONE ep=0x81 len=0 status=2 actual=0
[891] +27.946855 ASYNC-IN-SUBMIT ep=0x81 len=0 type=BULK (in, awaiting data)
[892] +28.038935 ASYNC-OUT ep=0x01 len=16 type=BULK 
	0000  08 00 00 18 80 10 ed 03  00 2c 00 10 fd 1a 00 00 |.........,......|
[893] +28.039278 ASYNC-OUT-DONE ep=0x01 len=0 status=0 actual=16
[894] +28.058172 ASYNC-IN-DONE ep=0x81 len=0 status=2 actual=0
[895] +28.058250 ASYNC-IN-SUBMIT ep=0x81 len=0 type=BULK (in, awaiting data)
[896] +28.168632 ASYNC-IN-DONE ep=0x81 len=0 status=2 actual=0
[897] +28.168739 ASYNC-IN-SUBMIT ep=0x81 len=0 type=BULK (in, awaiting data)
[898] +28.272298 ASYNC-IN-DONE ep=0x81 len=0 status=2 actual=0
[899] +28.272391 ASYNC-IN-SUBMIT ep=0x81 len=0 type=BULK (in, awaiting data)
[900] +28.298162 ASYNC-OUT ep=0x01 len=16 type=BULK 
	0000  08 00 00 18 01 10 ef 03  00 2d 00 10 93 1e 00 00 |.........-......|
[901] +28.298489 ASYNC-OUT-DONE ep=0x01 len=0 status=0 actual=16
[902] +28.323683 ASYNC-IN-DONE ep=0x81 len=16 status=0 actual=16
	0000  08 00 00 18 ed 03 80 10  00 2e 00 10 ae 02 00 00 |................|
[903] +28.323807 ASYNC-IN-SUBMIT ep=0x81 len=0 type=BULK (in, awaiting data)
[904] +28.402237 ASYNC-OUT ep=0x01 len=16 type=BULK 
	0000  08 00 00 18 02 10 f0 03  00 19 00 10 09 10 00 00 |................|
[905] +28.402542 ASYNC-OUT-DONE ep=0x01 len=0 status=0 actual=16
[906] +28.433862 ASYNC-IN-DONE ep=0x81 len=0 status=2 actual=0
[907] +28.433945 ASYNC-IN-SUBMIT ep=0x81 len=0 type=BULK (in, awaiting data)
[908] +28.541333 ASYNC-IN-DONE ep=0x81 len=0 status=2 actual=0
[909] +28.541432 ASYNC-IN-SUBMIT ep=0x81 len=0 type=BULK (in, awaiting data)
[910] +28.654248 ASYNC-IN-DONE ep=0x81 len=0 status=2 actual=0
[911] +28.654361 ASYNC-IN-SUBMIT ep=0x81 len=0 type=BULK (in, awaiting data)
[912] +28.725041 ASYNC-IN-DONE ep=0x81 len=16 status=0 actual=16
	0000  08 00 00 18 ef 03 01 10  00 30 00 10 65 02 00 00 |.........0..e...|
[913] +28.725150 ASYNC-IN-SUBMIT ep=0x81 len=0 type=BULK (in, awaiting data)
[914] +28.725267 ASYNC-IN-DONE ep=0x81 len=16 status=0 actual=16
	0000  08 00 00 18 f0 03 02 10  00 1a 00 10 09 02 00 00 |................|
[915] +28.725316 ASYNC-IN-SUBMIT ep=0x81 len=0 type=BULK (in, awaiting data)
[916] +28.837526 ASYNC-IN-DONE ep=0x81 len=0 status=2 actual=0
[917] +28.837612 ASYNC-IN-SUBMIT ep=0x81 len=0 type=BULK (in, awaiting data)
[918] +28.949815 ASYNC-IN-DONE ep=0x81 len=0 status=2 actual=0
[919] +28.949903 ASYNC-IN-SUBMIT ep=0x81 len=0 type=BULK (in, awaiting data)
[920] +29.050970 ASYNC-IN-DONE ep=0x81 len=0 status=2 actual=0
[921] +29.051072 ASYNC-IN-SUBMIT ep=0x81 len=0 type=BULK (in, awaiting data)
[922] +29.077381 ASYNC-OUT ep=0x01 len=16 type=BULK 
	0000  08 00 00 18 80 10 ed 03  00 2d 00 10 fd 1a 00 00 |.........-......|
[923] +29.077650 ASYNC-OUT-DONE ep=0x01 len=0 status=0 actual=16
[924] +29.158021 ASYNC-IN-DONE ep=0x81 len=0 status=2 actual=0
[925] +29.158120 ASYNC-IN-SUBMIT ep=0x81 len=0 type=BULK (in, awaiting data)
[926] +29.266432 ASYNC-IN-DONE ep=0x81 len=0 status=2 actual=0
[927] +29.266536 ASYNC-IN-SUBMIT ep=0x81 len=0 type=BULK (in, awaiting data)
[928] +29.327007 ASYNC-IN-DONE ep=0x81 len=16 status=0 actual=16
	0000  08 00 00 18 ed 03 80 10  00 2f 00 10 ae 02 00 00 |........./......|
[929] +29.327149 ASYNC-IN-SUBMIT ep=0x81 len=0 type=BULK (in, awaiting data)
[930] +29.337606 ASYNC-OUT ep=0x01 len=16 type=BULK 
	0000  08 00 00 18 01 10 ef 03  00 2e 00 10 93 1e 00 00 |................|
[931] +29.337873 ASYNC-OUT-DONE ep=0x01 len=0 status=0 actual=16
[932] +29.433576 ASYNC-IN-DONE ep=0x81 len=0 status=2 actual=0
[933] +29.433653 ASYNC-IN-SUBMIT ep=0x81 len=0 type=BULK (in, awaiting data)
[934] +29.441631 ASYNC-OUT ep=0x01 len=16 type=BULK 
	0000  08 00 00 18 02 10 f0 03  00 1a 00 10 09 10 00 00 |................|
[935] +29.441922 ASYNC-OUT-DONE ep=0x01 len=0 status=0 actual=16
[936] +29.546313 ASYNC-IN-DONE ep=0x81 len=0 status=2 actual=0
[937] +29.546411 ASYNC-IN-SUBMIT ep=0x81 len=0 type=BULK (in, awaiting data)
[938] +29.649380 ASYNC-IN-DONE ep=0x81 len=0 status=2 actual=0
[939] +29.649483 ASYNC-IN-SUBMIT ep=0x81 len=0 type=BULK (in, awaiting data)
[940] +29.728965 ASYNC-IN-DONE ep=0x81 len=16 status=0 actual=16
	0000  08 00 00 18 ef 03 01 10  00 31 00 10 65 02 00 00 |.........1..e...|
[941] +29.729123 ASYNC-IN-SUBMIT ep=0x81 len=0 type=BULK (in, awaiting data)
[942] +29.729323 ASYNC-IN-DONE ep=0x81 len=16 status=0 actual=16
	0000  08 00 00 18 f0 03 02 10  00 1b 00 10 09 02 00 00 |................|
[943] +29.729424 ASYNC-IN-SUBMIT ep=0x81 len=0 type=BULK (in, awaiting data)
[944] +29.831838 ASYNC-IN-DONE ep=0x81 len=0 status=2 actual=0
[945] +29.831947 ASYNC-IN-SUBMIT ep=0x81 len=0 type=BULK (in, awaiting data)
[946] +29.941479 ASYNC-IN-DONE ep=0x81 len=0 status=2 actual=0
[947] +29.941718 ASYNC-IN-SUBMIT ep=0x81 len=0 type=BULK (in, awaiting data)
[948] +30.048270 ASYNC-IN-DONE ep=0x81 len=0 status=2 actual=0
[949] +30.048373 ASYNC-IN-SUBMIT ep=0x81 len=0 type=BULK (in, awaiting data)
[950] +30.116911 ASYNC-OUT ep=0x01 len=16 type=BULK 
	0000  08 00 00 18 80 10 ed 03  00 2e 00 10 fd 1a 00 00 |................|
[951] +30.117180 ASYNC-OUT-DONE ep=0x01 len=0 status=0 actual=16
[952] +30.158857 ASYNC-IN-DONE ep=0x81 len=0 status=2 actual=0
[953] +30.158967 ASYNC-IN-SUBMIT ep=0x81 len=0 type=BULK (in, awaiting data)
[954] +30.271384 ASYNC-IN-DONE ep=0x81 len=0 status=2 actual=0
[955] +30.271492 ASYNC-IN-SUBMIT ep=0x81 len=0 type=BULK (in, awaiting data)
[956] +30.330915 ASYNC-IN-DONE ep=0x81 len=16 status=0 actual=16
	0000  08 00 00 18 ed 03 80 10  00 30 00 10 ae 02 00 00 |.........0......|
[957] +30.331019 ASYNC-IN-SUBMIT ep=0x81 len=0 type=BULK (in, awaiting data)
[958] +30.376379 ASYNC-OUT ep=0x01 len=16 type=BULK 
	0000  08 00 00 18 01 10 ef 03  00 2f 00 10 93 1e 00 00 |........./......|
[959] +30.376741 ASYNC-OUT-DONE ep=0x01 len=0 status=0 actual=16
[960] +30.440691 ASYNC-IN-DONE ep=0x81 len=0 status=2 actual=0
[961] +30.440768 ASYNC-IN-SUBMIT ep=0x81 len=0 type=BULK (in, awaiting data)
[962] +30.480081 ASYNC-OUT ep=0x01 len=16 type=BULK 
	0000  08 00 00 18 02 10 f0 03  00 1b 00 10 09 10 00 00 |................|
[963] +30.480364 ASYNC-OUT-DONE ep=0x01 len=0 status=0 actual=16
[964] +30.553513 ASYNC-IN-DONE ep=0x81 len=0 status=2 actual=0
[965] +30.553551 ASYNC-IN-SUBMIT ep=0x81 len=0 type=BULK (in, awaiting data)
[966] +30.665953 ASYNC-IN-DONE ep=0x81 len=0 status=2 actual=0
[967] +30.666058 ASYNC-IN-SUBMIT ep=0x81 len=0 type=BULK (in, awaiting data)
[968] +30.731833 ASYNC-IN-DONE ep=0x81 len=16 status=0 actual=16
	0000  08 00 00 18 ef 03 01 10  00 32 00 10 65 02 00 00 |.........2..e...|
[969] +30.731981 ASYNC-IN-SUBMIT ep=0x81 len=0 type=BULK (in, awaiting data)
[970] +30.732152 ASYNC-IN-DONE ep=0x81 len=16 status=0 actual=16
	0000  08 00 00 18 f0 03 02 10  00 1c 00 10 09 02 00 00 |................|
[971] +30.732245 ASYNC-IN-SUBMIT ep=0x81 len=0 type=BULK (in, awaiting data)
[972] +30.842137 ASYNC-IN-DONE ep=0x81 len=0 status=2 actual=0
[973] +30.842227 ASYNC-IN-SUBMIT ep=0x81 len=0 type=BULK (in, awaiting data)
[974] +30.946241 ASYNC-IN-DONE ep=0x81 len=0 status=2 actual=0
[975] +30.946313 ASYNC-IN-SUBMIT ep=0x81 len=0 type=BULK (in, awaiting data)
[976] +31.048541 ASYNC-IN-DONE ep=0x81 len=0 status=2 actual=0
[977] +31.048653 ASYNC-IN-SUBMIT ep=0x81 len=0 type=BULK (in, awaiting data)
[978] +31.153554 ASYNC-OUT ep=0x01 len=16 type=BULK 
	0000  08 00 00 18 80 10 ed 03  00 2f 00 10 fd 1a 00 00 |........./......|
[979] +31.153875 ASYNC-OUT-DONE ep=0x01 len=0 status=0 actual=16
[980] +31.158776 ASYNC-IN-DONE ep=0x81 len=0 status=2 actual=0
[981] +31.158827 ASYNC-IN-SUBMIT ep=0x81 len=0 type=BULK (in, awaiting data)
[982] +31.265703 ASYNC-IN-DONE ep=0x81 len=0 status=2 actual=0
[983] +31.265760 ASYNC-IN-SUBMIT ep=0x81 len=0 type=BULK (in, awaiting data)
[984] +31.333833 ASYNC-IN-DONE ep=0x81 len=16 status=0 actual=16
	0000  08 00 00 18 ed 03 80 10  00 31 00 10 ae 02 00 00 |.........1......|
[985] +31.333906 ASYNC-IN-SUBMIT ep=0x81 len=0 type=BULK (in, awaiting data)
[986] +31.413385 ASYNC-OUT ep=0x01 len=16 type=BULK 
	0000  08 00 00 18 01 10 ef 03  00 30 00 10 93 1e 00 00 |.........0......|
[987] +31.413757 ASYNC-OUT-DONE ep=0x01 len=0 status=0 actual=16
[988] +31.445490 ASYNC-IN-DONE ep=0x81 len=0 status=2 actual=0
[989] +31.445517 ASYNC-IN-SUBMIT ep=0x81 len=0 type=BULK (in, awaiting data)
[990] +31.517332 ASYNC-OUT ep=0x01 len=16 type=BULK 
	0000  08 00 00 18 02 10 f0 03  00 1c 00 10 09 10 00 00 |................|
[991] +31.517663 ASYNC-OUT-DONE ep=0x01 len=0 status=0 actual=16
[992] +31.557275 ASYNC-IN-DONE ep=0x81 len=0 status=2 actual=0
[993] +31.557336 ASYNC-IN-SUBMIT ep=0x81 len=0 type=BULK (in, awaiting data)
[994] +31.658097 ASYNC-IN-DONE ep=0x81 len=0 status=2 actual=0
[995] +31.658153 ASYNC-IN-SUBMIT ep=0x81 len=0 type=BULK (in, awaiting data)
[996] +31.735741 ASYNC-IN-DONE ep=0x81 len=16 status=0 actual=16
	0000  08 00 00 18 ef 03 01 10  00 33 00 10 65 02 00 00 |.........3..e...|
[997] +31.735890 ASYNC-IN-SUBMIT ep=0x81 len=0 type=BULK (in, awaiting data)
[998] +31.736068 ASYNC-IN-DONE ep=0x81 len=16 status=0 actual=16
	0000  08 00 00 18 f0 03 02 10  00 1d 00 10 09 02 00 00 |................|
[999] +31.736130 ASYNC-IN-SUBMIT ep=0x81 len=0 type=BULK (in, awaiting data)
[1000] +31.838798 ASYNC-IN-DONE ep=0x81 len=0 status=2 actual=0
[1001] +31.838887 ASYNC-IN-SUBMIT ep=0x81 len=0 type=BULK (in, awaiting data)
[1002] +31.942227 ASYNC-IN-DONE ep=0x81 len=0 status=2 actual=0
[1003] +31.942331 ASYNC-IN-SUBMIT ep=0x81 len=0 type=BULK (in, awaiting data)
[1004] +32.055122 ASYNC-IN-DONE ep=0x81 len=0 status=2 actual=0
[1005] +32.055229 ASYNC-IN-SUBMIT ep=0x81 len=0 type=BULK (in, awaiting data)
[1006] +32.166213 ASYNC-IN-DONE ep=0x81 len=0 status=2 actual=0
[1007] +32.166319 ASYNC-IN-SUBMIT ep=0x81 len=0 type=BULK (in, awaiting data)
[1008] +32.192434 ASYNC-OUT ep=0x01 len=16 type=BULK 
	0000  08 00 00 18 80 10 ed 03  00 30 00 10 fd 1a 00 00 |.........0......|
[1009] +32.192727 ASYNC-OUT-DONE ep=0x01 len=0 status=0 actual=16
[1010] +32.275504 ASYNC-IN-DONE ep=0x81 len=0 status=2 actual=0
[1011] +32.275590 ASYNC-IN-SUBMIT ep=0x81 len=0 type=BULK (in, awaiting data)
[1012] +32.337734 ASYNC-IN-DONE ep=0x81 len=16 status=0 actual=16
	0000  08 00 00 18 ed 03 80 10  00 32 00 10 ae 02 00 00 |.........2......|
[1013] +32.337873 ASYNC-IN-SUBMIT ep=0x81 len=0 type=BULK (in, awaiting data)
[1014] +32.446892 ASYNC-IN-DONE ep=0x81 len=0 status=2 actual=0
[1015] +32.446967 ASYNC-IN-SUBMIT ep=0x81 len=0 type=BULK (in, awaiting data)
[1016] +32.451418 ASYNC-OUT ep=0x01 len=16 type=BULK 
	0000  08 00 00 18 01 10 ef 03  00 31 00 10 93 1e 00 00 |.........1......|
[1017] +32.451733 ASYNC-OUT-DONE ep=0x01 len=0 status=0 actual=16
[1018] +32.555597 ASYNC-OUT ep=0x01 len=16 type=BULK 
	0000  08 00 00 18 02 10 f0 03  00 1d 00 10 09 10 00 00 |................|
[1019] +32.555754 ASYNC-IN-DONE ep=0x81 len=0 status=2 actual=0
[1020] +32.555810 ASYNC-IN-SUBMIT ep=0x81 len=0 type=BULK (in, awaiting data)
[1021] +32.555932 ASYNC-OUT-DONE ep=0x01 len=0 status=0 actual=16
[1022] +32.664256 ASYNC-IN-DONE ep=0x81 len=0 status=2 actual=0
[1023] +32.664372 ASYNC-IN-SUBMIT ep=0x81 len=0 type=BULK (in, awaiting data)
[1024] +32.738912 ASYNC-IN-DONE ep=0x81 len=16 status=0 actual=16
	0000  08 00 00 18 ef 03 01 10  00 34 00 10 65 02 00 00 |.........4..e...|
[1025] +32.739025 ASYNC-IN-SUBMIT ep=0x81 len=0 type=BULK (in, awaiting data)
[1026] +32.739160 ASYNC-IN-DONE ep=0x81 len=16 status=0 actual=16
	0000  08 00 00 18 f0 03 02 10  00 1e 00 10 09 02 00 00 |................|
[1027] +32.739207 ASYNC-IN-SUBMIT ep=0x81 len=0 type=BULK (in, awaiting data)
[1028] +32.849111 ASYNC-IN-DONE ep=0x81 len=0 status=2 actual=0
[1029] +32.849199 ASYNC-IN-SUBMIT ep=0x81 len=0 type=BULK (in, awaiting data)
[1030] +32.957745 ASYNC-IN-DONE ep=0x81 len=0 status=2 actual=0
[1031] +32.957859 ASYNC-IN-SUBMIT ep=0x81 len=0 type=BULK (in, awaiting data)
[1032] +33.065816 ASYNC-IN-DONE ep=0x81 len=0 status=2 actual=0
[1033] +33.065919 ASYNC-IN-SUBMIT ep=0x81 len=0 type=BULK (in, awaiting data)
[1034] +33.173460 ASYNC-IN-DONE ep=0x81 len=0 status=2 actual=0
[1035] +33.173559 ASYNC-IN-SUBMIT ep=0x81 len=0 type=BULK (in, awaiting data)
[1036] +33.230918 ASYNC-OUT ep=0x01 len=16 type=BULK 
	0000  08 00 00 18 80 10 ed 03  00 31 00 10 fd 1a 00 00 |.........1......|
[1037] +33.231232 ASYNC-OUT-DONE ep=0x01 len=0 status=0 actual=16
[1038] +33.280498 ASYNC-IN-DONE ep=0x81 len=0 status=2 actual=0
[1039] +33.280559 ASYNC-IN-SUBMIT ep=0x81 len=0 type=BULK (in, awaiting data)
[1040] +33.340905 ASYNC-IN-DONE ep=0x81 len=16 status=0 actual=16
	0000  08 00 00 18 ed 03 80 10  00 33 00 10 ae 02 00 00 |.........3......|
[1041] +33.341054 ASYNC-IN-SUBMIT ep=0x81 len=0 type=BULK (in, awaiting data)
[1042] +33.445773 ASYNC-IN-DONE ep=0x81 len=0 status=2 actual=0
[1043] +33.445871 ASYNC-IN-SUBMIT ep=0x81 len=0 type=BULK (in, awaiting data)
[1044] +33.490902 ASYNC-OUT ep=0x01 len=16 type=BULK 
	0000  08 00 00 18 01 10 ef 03  00 32 00 10 93 1e 00 00 |.........2......|
[1045] +33.491418 ASYNC-OUT-DONE ep=0x01 len=0 status=0 actual=16
[1046] +33.558644 ASYNC-IN-DONE ep=0x81 len=0 status=2 actual=0
[1047] +33.558724 ASYNC-IN-SUBMIT ep=0x81 len=0 type=BULK (in, awaiting data)
[1048] +33.594076 ASYNC-OUT ep=0x01 len=16 type=BULK 
	0000  08 00 00 18 02 10 f0 03  00 1e 00 10 09 10 00 00 |................|
[1049] +33.594411 ASYNC-OUT-DONE ep=0x01 len=0 status=0 actual=16
[1050] +33.671458 ASYNC-IN-DONE ep=0x81 len=0 status=2 actual=0
[1051] +33.671543 ASYNC-IN-SUBMIT ep=0x81 len=0 type=BULK (in, awaiting data)
[1052] +33.741711 ASYNC-IN-DONE ep=0x81 len=16 status=0 actual=16
	0000  08 00 00 18 ef 03 01 10  00 35 00 10 65 02 00 00 |.........5..e...|
[1053] +33.741789 ASYNC-IN-SUBMIT ep=0x81 len=0 type=BULK (in, awaiting data)
[1054] +33.741942 ASYNC-IN-DONE ep=0x81 len=16 status=0 actual=16
	0000  08 00 00 18 f0 03 02 10  00 1f 00 10 09 02 00 00 |................|
[1055] +33.741967 ASYNC-IN-SUBMIT ep=0x81 len=0 type=BULK (in, awaiting data)
[1056] +33.853740 ASYNC-IN-DONE ep=0x81 len=0 status=2 actual=0
[1057] +33.853779 ASYNC-IN-SUBMIT ep=0x81 len=0 type=BULK (in, awaiting data)
[1058] +33.965768 ASYNC-IN-DONE ep=0x81 len=0 status=2 actual=0
[1059] +33.965882 ASYNC-IN-SUBMIT ep=0x81 len=0 type=BULK (in, awaiting data)
[1060] +34.075510 ASYNC-IN-DONE ep=0x81 len=0 status=2 actual=0
[1061] +34.075616 ASYNC-IN-SUBMIT ep=0x81 len=0 type=BULK (in, awaiting data)
[1062] +34.178822 ASYNC-IN-DONE ep=0x81 len=0 status=2 actual=0
[1063] +34.178915 ASYNC-IN-SUBMIT ep=0x81 len=0 type=BULK (in, awaiting data)
[1064] +34.269405 ASYNC-OUT ep=0x01 len=16 type=BULK 
	0000  08 00 00 18 80 10 ed 03  00 32 00 10 fd 1a 00 00 |.........2......|
[1065] +34.269770 ASYNC-OUT-DONE ep=0x01 len=0 status=0 actual=16
[1066] +34.284366 ASYNC-IN-DONE ep=0x81 len=0 status=2 actual=0
[1067] +34.284433 ASYNC-IN-SUBMIT ep=0x81 len=0 type=BULK (in, awaiting data)
[1068] +34.343601 ASYNC-IN-DONE ep=0x81 len=16 status=0 actual=16
	0000  08 00 00 18 ed 03 80 10  00 34 00 10 ae 02 00 00 |.........4......|
[1069] +34.343746 ASYNC-IN-SUBMIT ep=0x81 len=0 type=BULK (in, awaiting data)
[1070] +34.445793 ASYNC-IN-DONE ep=0x81 len=0 status=2 actual=0
[1071] +34.445897 ASYNC-IN-SUBMIT ep=0x81 len=0 type=BULK (in, awaiting data)
[1072] +34.529508 ASYNC-OUT ep=0x01 len=16 type=BULK 
	0000  08 00 00 18 01 10 ef 03  00 33 00 10 93 1e 00 00 |.........3......|
[1073] +34.529742 ASYNC-OUT-DONE ep=0x01 len=0 status=0 actual=16
[1074] +34.557350 ASYNC-IN-DONE ep=0x81 len=0 status=2 actual=0
[1075] +34.557449 ASYNC-IN-SUBMIT ep=0x81 len=0 type=BULK (in, awaiting data)
[1076] +34.632694 ASYNC-OUT ep=0x01 len=16 type=BULK 
	0000  08 00 00 18 02 10 f0 03  00 1f 00 10 09 10 00 00 |................|
[1077] +34.633110 ASYNC-OUT-DONE ep=0x01 len=0 status=0 actual=16
[1078] +34.658444 ASYNC-IN-DONE ep=0x81 len=0 status=2 actual=0
[1079] +34.658483 ASYNC-IN-SUBMIT ep=0x81 len=0 type=BULK (in, awaiting data)
[1080] +34.745534 ASYNC-IN-DONE ep=0x81 len=16 status=0 actual=16
	0000  08 00 00 18 ef 03 01 10  00 36 00 10 65 02 00 00 |.........6..e...|
[1081] +34.745642 ASYNC-IN-SUBMIT ep=0x81 len=0 type=BULK (in, awaiting data)
[1082] +34.745740 ASYNC-IN-DONE ep=0x81 len=16 status=0 actual=16
	0000  08 00 00 18 f0 03 02 10  00 20 00 10 09 02 00 00 |......... ......|
[1083] +34.745767 ASYNC-IN-SUBMIT ep=0x81 len=0 type=BULK (in, awaiting data)
[1084] +34.857393 ASYNC-IN-DONE ep=0x81 len=0 status=2 actual=0
[1085] +34.857500 ASYNC-IN-SUBMIT ep=0x81 len=0 type=BULK (in, awaiting data)
[1086] +34.970320 ASYNC-IN-DONE ep=0x81 len=0 status=2 actual=0
[1087] +34.970413 ASYNC-IN-SUBMIT ep=0x81 len=0 type=BULK (in, awaiting data)
[1088] +35.082182 ASYNC-IN-DONE ep=0x81 len=0 status=2 actual=0
[1089] +35.082287 ASYNC-IN-SUBMIT ep=0x81 len=0 type=BULK (in, awaiting data)
[1090] +35.190524 ASYNC-IN-DONE ep=0x81 len=0 status=2 actual=0
[1091] +35.190639 ASYNC-IN-SUBMIT ep=0x81 len=0 type=BULK (in, awaiting data)
[1092] +35.299667 ASYNC-IN-DONE ep=0x81 len=0 status=2 actual=0
[1093] +35.299777 ASYNC-IN-SUBMIT ep=0x81 len=0 type=BULK (in, awaiting data)
[1094] +35.308456 ASYNC-OUT ep=0x01 len=16 type=BULK 
	0000  08 00 00 18 80 10 ed 03  00 33 00 10 fd 1a 00 00 |.........3......|
[1095] +35.308685 ASYNC-OUT-DONE ep=0x01 len=0 status=0 actual=16
[1096] +35.347523 ASYNC-IN-DONE ep=0x81 len=16 status=0 actual=16
	0000  08 00 00 18 ed 03 80 10  00 35 00 10 ae 02 00 00 |.........5......|
[1097] +35.347646 ASYNC-IN-SUBMIT ep=0x81 len=0 type=BULK (in, awaiting data)
[1098] +35.451786 ASYNC-IN-DONE ep=0x81 len=0 status=2 actual=0
[1099] +35.451886 ASYNC-IN-SUBMIT ep=0x81 len=0 type=BULK (in, awaiting data)
[1100] +35.557305 ASYNC-IN-DONE ep=0x81 len=0 status=2 actual=0
[1101] +35.557420 ASYNC-IN-SUBMIT ep=0x81 len=0 type=BULK (in, awaiting data)
[1102] +35.567798 ASYNC-OUT ep=0x01 len=16 type=BULK 
	0000  08 00 00 18 01 10 ef 03  00 34 00 10 93 1e 00 00 |.........4......|
[1103] +35.568104 ASYNC-OUT-DONE ep=0x01 len=0 status=0 actual=16
[1104] +35.670235 ASYNC-IN-DONE ep=0x81 len=0 status=2 actual=0
[1105] +35.670356 ASYNC-IN-SUBMIT ep=0x81 len=0 type=BULK (in, awaiting data)
[1106] +35.671902 ASYNC-OUT ep=0x01 len=16 type=BULK 
	0000  08 00 00 18 02 10 f0 03  00 20 00 10 09 10 00 00 |......... ......|
[1107] +35.672160 ASYNC-OUT-DONE ep=0x01 len=0 status=0 actual=16
[1108] +35.748369 ASYNC-IN-DONE ep=0x81 len=16 status=0 actual=16
	0000  08 00 00 18 ef 03 01 10  00 37 00 10 65 02 00 00 |.........7..e...|
[1109] +35.748513 ASYNC-IN-SUBMIT ep=0x81 len=0 type=BULK (in, awaiting data)
[1110] +35.748689 ASYNC-IN-DONE ep=0x81 len=16 status=0 actual=16
	0000  08 00 00 18 f0 03 02 10  00 21 00 10 09 02 00 00 |.........!......|
[1111] +35.748774 ASYNC-IN-SUBMIT ep=0x81 len=0 type=BULK (in, awaiting data)
[1112] +35.857875 ASYNC-IN-DONE ep=0x81 len=0 status=2 actual=0
[1113] +35.857985 ASYNC-IN-SUBMIT ep=0x81 len=0 type=BULK (in, awaiting data)
[1114] +35.965754 ASYNC-IN-DONE ep=0x81 len=0 status=2 actual=0
[1115] +35.965858 ASYNC-IN-SUBMIT ep=0x81 len=0 type=BULK (in, awaiting data)
[1116] +36.073710 ASYNC-IN-DONE ep=0x81 len=0 status=2 actual=0
[1117] +36.073790 ASYNC-IN-SUBMIT ep=0x81 len=0 type=BULK (in, awaiting data)
[1118] +36.186343 ASYNC-IN-DONE ep=0x81 len=0 status=2 actual=0
[1119] +36.186380 ASYNC-IN-SUBMIT ep=0x81 len=0 type=BULK (in, awaiting data)
[1120] +36.290353 ASYNC-IN-DONE ep=0x81 len=0 status=2 actual=0
[1121] +36.290437 ASYNC-IN-SUBMIT ep=0x81 len=0 type=BULK (in, awaiting data)
[1122] +36.348131 ASYNC-OUT ep=0x01 len=16 type=BULK 
	0000  08 00 00 18 80 10 ed 03  00 34 00 10 fd 1a 00 00 |.........4......|
[1123] +36.348473 ASYNC-OUT-DONE ep=0x01 len=0 status=0 actual=16
[1124] +36.350414 ASYNC-IN-DONE ep=0x81 len=16 status=0 actual=16
	0000  08 00 00 18 ed 03 80 10  00 36 00 10 ae 02 00 00 |.........6......|
[1125] +36.350485 ASYNC-IN-SUBMIT ep=0x81 len=0 type=BULK (in, awaiting data)
[1126] +36.461164 ASYNC-IN-DONE ep=0x81 len=0 status=2 actual=0
[1127] +36.461269 ASYNC-IN-SUBMIT ep=0x81 len=0 type=BULK (in, awaiting data)
[1128] +36.565758 ASYNC-IN-DONE ep=0x81 len=0 status=2 actual=0
[1129] +36.565869 ASYNC-IN-SUBMIT ep=0x81 len=0 type=BULK (in, awaiting data)
[1130] +36.607577 ASYNC-OUT ep=0x01 len=16 type=BULK 
	0000  08 00 00 18 01 10 ef 03  00 35 00 10 93 1e 00 00 |.........5......|
[1131] +36.607896 ASYNC-OUT-DONE ep=0x01 len=0 status=0 actual=16
[1132] +36.678714 ASYNC-IN-DONE ep=0x81 len=0 status=2 actual=0
[1133] +36.678799 ASYNC-IN-SUBMIT ep=0x81 len=0 type=BULK (in, awaiting data)
[1134] +36.710712 ASYNC-OUT ep=0x01 len=16 type=BULK 
	0000  08 00 00 18 02 10 f0 03  00 21 00 10 09 10 00 00 |.........!......|
[1135] +36.710952 ASYNC-OUT-DONE ep=0x01 len=0 status=0 actual=16
[1136] +36.751887 ASYNC-IN-DONE ep=0x81 len=16 status=0 actual=16
	0000  08 00 00 18 ef 03 01 10  00 38 00 10 65 02 00 00 |.........8..e...|
[1137] +36.752032 ASYNC-IN-SUBMIT ep=0x81 len=0 type=BULK (in, awaiting data)
[1138] +36.752216 ASYNC-IN-DONE ep=0x81 len=16 status=0 actual=16
	0000  08 00 00 18 f0 03 02 10  00 22 00 10 09 02 00 00 |........."......|
[1139] +36.752296 ASYNC-IN-SUBMIT ep=0x81 len=0 type=BULK (in, awaiting data)
[1140] +36.864607 ASYNC-IN-DONE ep=0x81 len=0 status=2 actual=0
[1141] +36.864690 ASYNC-IN-SUBMIT ep=0x81 len=0 type=BULK (in, awaiting data)
[1142] +36.975486 ASYNC-IN-DONE ep=0x81 len=0 status=2 actual=0
[1143] +36.975594 ASYNC-IN-SUBMIT ep=0x81 len=0 type=BULK (in, awaiting data)
[1144] +37.081383 ASYNC-IN-DONE ep=0x81 len=0 status=2 actual=0
[1145] +37.081507 ASYNC-IN-SUBMIT ep=0x81 len=0 type=BULK (in, awaiting data)
[1146] +37.190489 ASYNC-IN-DONE ep=0x81 len=0 status=2 actual=0
[1147] +37.190596 ASYNC-IN-SUBMIT ep=0x81 len=0 type=BULK (in, awaiting data)
[1148] +37.291342 ASYNC-IN-DONE ep=0x81 len=0 status=2 actual=0
[1149] +37.291490 ASYNC-IN-SUBMIT ep=0x81 len=0 type=BULK (in, awaiting data)
[1150] +37.353747 ASYNC-IN-DONE ep=0x81 len=16 status=0 actual=16
	0000  08 00 00 18 ed 03 80 10  00 37 00 10 ae 02 00 00 |.........7......|
[1151] +37.353885 ASYNC-IN-SUBMIT ep=0x81 len=0 type=BULK (in, awaiting data)
[1152] +37.383511 ASYNC-OUT ep=0x01 len=16 type=BULK 
	0000  08 00 00 18 80 10 ed 03  00 35 00 10 fd 1a 00 00 |.........5......|
[1153] +37.384021 ASYNC-OUT-DONE ep=0x01 len=0 status=0 actual=16
[1154] +37.465733 ASYNC-IN-DONE ep=0x81 len=0 status=2 actual=0
[1155] +37.465815 ASYNC-IN-SUBMIT ep=0x81 len=0 type=BULK (in, awaiting data)
[1156] +37.578616 ASYNC-IN-DONE ep=0x81 len=0 status=2 actual=0
[1157] +37.578705 ASYNC-IN-SUBMIT ep=0x81 len=0 type=BULK (in, awaiting data)
[1158] +37.643088 ASYNC-OUT ep=0x01 len=16 type=BULK 
	0000  08 00 00 18 01 10 ef 03  00 36 00 10 93 1e 00 00 |.........6......|
[1159] +37.643450 ASYNC-OUT-DONE ep=0x01 len=0 status=0 actual=16
[1160] +37.682705 ASYNC-IN-DONE ep=0x81 len=0 status=2 actual=0
[1161] +37.682797 ASYNC-IN-SUBMIT ep=0x81 len=0 type=BULK (in, awaiting data)
[1162] +37.746718 ASYNC-OUT ep=0x01 len=16 type=BULK 
	0000  08 00 00 18 02 10 f0 03  00 22 00 10 09 10 00 00 |........."......|
[1163] +37.747059 ASYNC-OUT-DONE ep=0x01 len=0 status=0 actual=16
[1164] +37.755277 ASYNC-IN-DONE ep=0x81 len=16 status=0 actual=16
	0000  08 00 00 18 ef 03 01 10  00 39 00 10 65 02 00 00 |.........9..e...|
[1165] +37.755347 ASYNC-IN-SUBMIT ep=0x81 len=0 type=BULK (in, awaiting data)
[1166] +37.755499 ASYNC-IN-DONE ep=0x81 len=16 status=0 actual=16
	0000  08 00 00 18 f0 03 02 10  00 23 00 10 09 02 00 00 |.........#......|
[1167] +37.755562 ASYNC-IN-SUBMIT ep=0x81 len=0 type=BULK (in, awaiting data)
[1168] +37.868400 ASYNC-IN-DONE ep=0x81 len=0 status=2 actual=0
[1169] +37.868489 ASYNC-IN-SUBMIT ep=0x81 len=0 type=BULK (in, awaiting data)
[1170] +37.976510 ASYNC-IN-DONE ep=0x81 len=0 status=2 actual=0
[1171] +37.976610 ASYNC-IN-SUBMIT ep=0x81 len=0 type=BULK (in, awaiting data)
[1172] +38.083713 ASYNC-IN-DONE ep=0x81 len=0 status=2 actual=0
[1173] +38.083812 ASYNC-IN-SUBMIT ep=0x81 len=0 type=BULK (in, awaiting data)
[1174] +38.190522 ASYNC-IN-DONE ep=0x81 len=0 status=2 actual=0
[1175] +38.190614 ASYNC-IN-SUBMIT ep=0x81 len=0 type=BULK (in, awaiting data)
[1176] +38.301880 ASYNC-IN-DONE ep=0x81 len=0 status=2 actual=0
[1177] +38.301981 ASYNC-IN-SUBMIT ep=0x81 len=0 type=BULK (in, awaiting data)
[1178] +38.357378 ASYNC-IN-DONE ep=0x81 len=16 status=0 actual=16
	0000  08 00 00 18 ed 03 80 10  00 38 00 10 ae 02 00 00 |.........8......|
[1179] +38.357503 ASYNC-IN-SUBMIT ep=0x81 len=0 type=BULK (in, awaiting data)
[1180] +38.421174 ASYNC-OUT ep=0x01 len=16 type=BULK 
	0000  08 00 00 18 80 10 ed 03  00 36 00 10 fd 1a 00 00 |.........6......|
[1181] +38.421478 ASYNC-OUT-DONE ep=0x01 len=0 status=0 actual=16
[1182] +38.458828 ASYNC-IN-DONE ep=0x81 len=0 status=2 actual=0
[1183] +38.458929 ASYNC-IN-SUBMIT ep=0x81 len=0 type=BULK (in, awaiting data)
[1184] +38.565577 ASYNC-IN-DONE ep=0x81 len=0 status=2 actual=0
[1185] +38.565678 ASYNC-IN-SUBMIT ep=0x81 len=0 type=BULK (in, awaiting data)
[1186] +38.676226 ASYNC-IN-DONE ep=0x81 len=0 status=2 actual=0
[1187] +38.676250 ASYNC-IN-SUBMIT ep=0x81 len=0 type=BULK (in, awaiting data)
[1188] +38.680113 ASYNC-OUT ep=0x01 len=16 type=BULK 
	0000  08 00 00 18 01 10 ef 03  00 37 00 10 93 1e 00 00 |.........7......|
[1189] +38.680477 ASYNC-OUT-DONE ep=0x01 len=0 status=0 actual=16
[1190] +38.758558 ASYNC-IN-DONE ep=0x81 len=16 status=0 actual=16
	0000  08 00 00 18 ef 03 01 10  00 3a 00 10 65 02 00 00 |.........:..e...|
[1191] +38.758603 ASYNC-IN-SUBMIT ep=0x81 len=0 type=BULK (in, awaiting data)
[1192] +38.758740 ASYNC-IN-DONE ep=0x81 len=16 status=0 actual=16
	0000  08 00 00 18 f0 03 02 10  00 24 00 10 09 02 00 00 |.........$......|
[1193] +38.758760 ASYNC-IN-SUBMIT ep=0x81 len=0 type=BULK (in, awaiting data)
[1194] +38.783693 ASYNC-OUT ep=0x01 len=16 type=BULK 
	0000  08 00 00 18 02 10 f0 03  00 23 00 10 09 10 00 00 |.........#......|
[1195] +38.783989 ASYNC-OUT-DONE ep=0x01 len=0 status=0 actual=16
[1196] +38.871426 ASYNC-IN-DONE ep=0x81 len=0 status=2 actual=0
[1197] +38.871460 ASYNC-IN-SUBMIT ep=0x81 len=0 type=BULK (in, awaiting data)
[1198] +38.977438 ASYNC-IN-DONE ep=0x81 len=0 status=2 actual=0
[1199] +38.977461 ASYNC-IN-SUBMIT ep=0x81 len=0 type=BULK (in, awaiting data)
[1200] +39.090167 ASYNC-IN-DONE ep=0x81 len=0 status=2 actual=0
[1201] +39.090189 ASYNC-IN-SUBMIT ep=0x81 len=0 type=BULK (in, awaiting data)
[1202] +39.202331 ASYNC-IN-DONE ep=0x81 len=0 status=2 actual=0
[1203] +39.202355 ASYNC-IN-SUBMIT ep=0x81 len=0 type=BULK (in, awaiting data)
[1204] +39.303857 ASYNC-IN-DONE ep=0x81 len=0 status=2 actual=0
[1205] +39.303902 ASYNC-IN-SUBMIT ep=0x81 len=0 type=BULK (in, awaiting data)
[1206] +39.360642 ASYNC-IN-DONE ep=0x81 len=16 status=0 actual=16
	0000  08 00 00 18 ed 03 80 10  00 39 00 10 ae 02 00 00 |.........9......|
[1207] +39.360675 ASYNC-IN-SUBMIT ep=0x81 len=0 type=BULK (in, awaiting data)
[1208] +39.458249 ASYNC-OUT ep=0x01 len=16 type=BULK 
	0000  08 00 00 18 80 10 ed 03  00 37 00 10 fd 1a 00 00 |.........7......|
[1209] +39.458451 ASYNC-OUT-DONE ep=0x01 len=0 status=0 actual=16
[1210] +39.473370 ASYNC-IN-DONE ep=0x81 len=0 status=2 actual=0
[1211] +39.473422 ASYNC-IN-SUBMIT ep=0x81 len=0 type=BULK (in, awaiting data)
[1212] +39.583249 ASYNC-IN-DONE ep=0x81 len=0 status=2 actual=0
[1213] +39.583313 ASYNC-IN-SUBMIT ep=0x81 len=0 type=BULK (in, awaiting data)
[1214] +39.692356 ASYNC-IN-DONE ep=0x81 len=0 status=2 actual=0
[1215] +39.692450 ASYNC-IN-SUBMIT ep=0x81 len=0 type=BULK (in, awaiting data)
[1216] +39.718252 ASYNC-OUT ep=0x01 len=16 type=BULK 
	0000  08 00 00 18 01 10 ef 03  00 38 00 10 93 1e 00 00 |.........8......|
[1217] +39.718524 ASYNC-OUT-DONE ep=0x01 len=0 status=0 actual=16
[1218] +39.762608 ASYNC-IN-DONE ep=0x81 len=16 status=0 actual=16
	0000  08 00 00 18 ef 03 01 10  00 3b 00 10 65 02 00 00 |.........;..e...|
[1219] +39.762713 ASYNC-IN-SUBMIT ep=0x81 len=0 type=BULK (in, awaiting data)
[1220] +39.762848 ASYNC-IN-DONE ep=0x81 len=16 status=0 actual=16
	0000  08 00 00 18 f0 03 02 10  00 25 00 10 09 02 00 00 |.........%......|
[1221] +39.762896 ASYNC-IN-SUBMIT ep=0x81 len=0 type=BULK (in, awaiting data)
[1222] +39.822082 ASYNC-OUT ep=0x01 len=16 type=BULK 
	0000  08 00 00 18 02 10 f0 03  00 24 00 10 09 10 00 00 |.........$......|
[1223] +39.822376 ASYNC-OUT-DONE ep=0x01 len=0 status=0 actual=16
[1224] +39.874276 ASYNC-IN-DONE ep=0x81 len=0 status=2 actual=0
[1225] +39.874371 ASYNC-IN-SUBMIT ep=0x81 len=0 type=BULK (in, awaiting data)
[1226] +39.978494 ASYNC-IN-DONE ep=0x81 len=0 status=2 actual=0
[1227] +39.978568 ASYNC-IN-SUBMIT ep=0x81 len=0 type=BULK (in, awaiting data)
[1228] +40.085740 ASYNC-IN-DONE ep=0x81 len=0 status=2 actual=0
[1229] +40.085826 ASYNC-IN-SUBMIT ep=0x81 len=0 type=BULK (in, awaiting data)
[1230] +40.190542 ASYNC-IN-DONE ep=0x81 len=0 status=2 actual=0
[1231] +40.190619 ASYNC-IN-SUBMIT ep=0x81 len=0 type=BULK (in, awaiting data)
[1232] +40.301631 ASYNC-IN-DONE ep=0x81 len=0 status=2 actual=0
[1233] +40.301705 ASYNC-IN-SUBMIT ep=0x81 len=0 type=BULK (in, awaiting data)
[1234] +40.363835 ASYNC-IN-DONE ep=0x81 len=16 status=0 actual=16
	0000  08 00 00 18 ed 03 80 10  00 3a 00 10 ae 02 00 00 |.........:......|
[1235] +40.363965 ASYNC-IN-SUBMIT ep=0x81 len=0 type=BULK (in, awaiting data)
[1236] +40.476786 ASYNC-IN-DONE ep=0x81 len=0 status=2 actual=0
[1237] +40.476872 ASYNC-IN-SUBMIT ep=0x81 len=0 type=BULK (in, awaiting data)
[1238] +40.496433 ASYNC-OUT ep=0x01 len=16 type=BULK 
	0000  08 00 00 18 80 10 ed 03  00 38 00 10 fd 1a 00 00 |.........8......|
[1239] +40.496680 ASYNC-OUT-DONE ep=0x01 len=0 status=0 actual=16
[1240] +40.578691 ASYNC-IN-DONE ep=0x81 len=0 status=2 actual=0
[1241] +40.578785 ASYNC-IN-SUBMIT ep=0x81 len=0 type=BULK (in, awaiting data)
[1242] +40.680263 ASYNC-IN-DONE ep=0x81 len=0 status=2 actual=0
[1243] +40.680348 ASYNC-IN-SUBMIT ep=0x81 len=0 type=BULK (in, awaiting data)
[1244] +40.756724 ASYNC-OUT ep=0x01 len=16 type=BULK 
	0000  08 00 00 18 01 10 ef 03  00 39 00 10 93 1e 00 00 |.........9......|
[1245] +40.757077 ASYNC-OUT-DONE ep=0x01 len=0 status=0 actual=16
[1246] +40.765277 ASYNC-IN-DONE ep=0x81 len=16 status=0 actual=16
	0000  08 00 00 18 ef 03 01 10  00 3c 00 10 65 02 00 00 |.........<..e...|
[1247] +40.765412 ASYNC-IN-SUBMIT ep=0x81 len=0 type=BULK (in, awaiting data)
[1248] +40.765591 ASYNC-IN-DONE ep=0x81 len=16 status=0 actual=16
	0000  08 00 00 18 f0 03 02 10  00 26 00 10 09 02 00 00 |.........&......|
[1249] +40.765651 ASYNC-IN-SUBMIT ep=0x81 len=0 type=BULK (in, awaiting data)
[1250] +40.860784 ASYNC-OUT ep=0x01 len=16 type=BULK 
	0000  08 00 00 18 02 10 f0 03  00 25 00 10 09 10 00 00 |.........%......|
[1251] +40.861105 ASYNC-OUT-DONE ep=0x01 len=0 status=0 actual=16
[1252] +40.878430 ASYNC-IN-DONE ep=0x81 len=0 status=2 actual=0
[1253] +40.878523 ASYNC-IN-SUBMIT ep=0x81 len=0 type=BULK (in, awaiting data)
[1254] +40.979510 ASYNC-IN-DONE ep=0x81 len=0 status=2 actual=0
[1255] +40.979573 ASYNC-IN-SUBMIT ep=0x81 len=0 type=BULK (in, awaiting data)
[1256] +41.079934 ASYNC-IN-DONE ep=0x81 len=0 status=2 actual=0
[1257] +41.080005 ASYNC-IN-SUBMIT ep=0x81 len=0 type=BULK (in, awaiting data)
[1258] +41.192103 ASYNC-IN-DONE ep=0x81 len=0 status=2 actual=0
[1259] +41.192180 ASYNC-IN-SUBMIT ep=0x81 len=0 type=BULK (in, awaiting data)
[1260] +41.301668 ASYNC-IN-DONE ep=0x81 len=0 status=2 actual=0
[1261] +41.301758 ASYNC-IN-SUBMIT ep=0x81 len=0 type=BULK (in, awaiting data)
[1262] +41.367302 ASYNC-IN-DONE ep=0x81 len=16 status=0 actual=16
	0000  08 00 00 18 ed 03 80 10  00 3b 00 10 ae 02 00 00 |.........;......|
[1263] +41.367416 ASYNC-IN-SUBMIT ep=0x81 len=0 type=BULK (in, awaiting data)
[1264] +41.474800 ASYNC-IN-DONE ep=0x81 len=0 status=2 actual=0
[1265] +41.474861 ASYNC-IN-SUBMIT ep=0x81 len=0 type=BULK (in, awaiting data)
[1266] +41.536670 ASYNC-OUT ep=0x01 len=16 type=BULK 
	0000  08 00 00 18 80 10 ed 03  00 39 00 10 fd 1a 00 00 |.........9......|
[1267] +41.536967 ASYNC-OUT-DONE ep=0x01 len=0 status=0 actual=16
[1268] +41.587660 ASYNC-IN-DONE ep=0x81 len=0 status=2 actual=0
[1269] +41.587721 ASYNC-IN-SUBMIT ep=0x81 len=0 type=BULK (in, awaiting data)
[1270] +41.691313 ASYNC-IN-DONE ep=0x81 len=0 status=2 actual=0
[1271] +41.691408 ASYNC-IN-SUBMIT ep=0x81 len=0 type=BULK (in, awaiting data)
[1272] +41.768116 ASYNC-IN-DONE ep=0x81 len=16 status=0 actual=16
	0000  08 00 00 18 ef 03 01 10  00 3d 00 10 65 02 00 00 |.........=..e...|
[1273] +41.768238 ASYNC-IN-SUBMIT ep=0x81 len=0 type=BULK (in, awaiting data)
[1274] +41.768396 ASYNC-IN-DONE ep=0x81 len=16 status=0 actual=16
	0000  08 00 00 18 f0 03 02 10  00 27 00 10 09 02 00 00 |.........'......|
[1275] +41.768454 ASYNC-IN-SUBMIT ep=0x81 len=0 type=BULK (in, awaiting data)
[1276] +41.795279 ASYNC-OUT ep=0x01 len=16 type=BULK 
	0000  08 00 00 18 01 10 ef 03  00 3a 00 10 93 1e 00 00 |.........:......|
[1277] +41.795630 ASYNC-OUT-DONE ep=0x01 len=0 status=0 actual=16
[1278] +41.881226 ASYNC-IN-DONE ep=0x81 len=0 status=2 actual=0
[1279] +41.881313 ASYNC-IN-SUBMIT ep=0x81 len=0 type=BULK (in, awaiting data)
[1280] +41.899354 ASYNC-OUT ep=0x01 len=16 type=BULK 
	0000  08 00 00 18 02 10 f0 03  00 26 00 10 09 10 00 00 |.........&......|
[1281] +41.899634 ASYNC-OUT-DONE ep=0x01 len=0 status=0 actual=16
[1282] +41.994130 ASYNC-IN-DONE ep=0x81 len=0 status=2 actual=0
[1283] +41.994202 ASYNC-IN-SUBMIT ep=0x81 len=0 type=BULK (in, awaiting data)
[1284] +42.095222 ASYNC-IN-DONE ep=0x81 len=0 status=2 actual=0
[1285] +42.095322 ASYNC-IN-SUBMIT ep=0x81 len=0 type=BULK (in, awaiting data)
[1286] +42.204375 ASYNC-IN-DONE ep=0x81 len=0 status=2 actual=0
[1287] +42.204439 ASYNC-IN-SUBMIT ep=0x81 len=0 type=BULK (in, awaiting data)
[1288] +42.305736 ASYNC-IN-DONE ep=0x81 len=0 status=2 actual=0
[1289] +42.305840 ASYNC-IN-SUBMIT ep=0x81 len=0 type=BULK (in, awaiting data)
[1290] +42.370283 ASYNC-IN-DONE ep=0x81 len=16 status=0 actual=16
	0000  08 00 00 18 ed 03 80 10  00 3c 00 10 ae 02 00 00 |.........<......|
[1291] +42.370391 ASYNC-IN-SUBMIT ep=0x81 len=0 type=BULK (in, awaiting data)
[1292] +42.473462 ASYNC-IN-DONE ep=0x81 len=0 status=2 actual=0
[1293] +42.473554 ASYNC-IN-SUBMIT ep=0x81 len=0 type=BULK (in, awaiting data)
[1294] +42.573930 ASYNC-OUT ep=0x01 len=16 type=BULK 
	0000  08 00 00 18 80 10 ed 03  00 3a 00 10 fd 1a 00 00 |.........:......|
[1295] +42.574226 ASYNC-OUT-DONE ep=0x01 len=0 status=0 actual=16
[1296] +42.583138 ASYNC-IN-DONE ep=0x81 len=0 status=2 actual=0
[1297] +42.583175 ASYNC-IN-SUBMIT ep=0x81 len=0 type=BULK (in, awaiting data)
[1298] +42.695952 ASYNC-IN-DONE ep=0x81 len=0 status=2 actual=0
[1299] +42.696045 ASYNC-IN-SUBMIT ep=0x81 len=0 type=BULK (in, awaiting data)
[1300] +42.772121 ASYNC-IN-DONE ep=0x81 len=16 status=0 actual=16
	0000  08 00 00 18 ef 03 01 10  00 3e 00 10 65 02 00 00 |.........>..e...|
[1301] +42.772256 ASYNC-IN-SUBMIT ep=0x81 len=0 type=BULK (in, awaiting data)
[1302] +42.772459 ASYNC-IN-DONE ep=0x81 len=16 status=0 actual=16
	0000  08 00 00 18 f0 03 02 10  00 28 00 10 09 02 00 00 |.........(......|
[1303] +42.772535 ASYNC-IN-SUBMIT ep=0x81 len=0 type=BULK (in, awaiting data)
[1304] +42.834138 ASYNC-OUT ep=0x01 len=16 type=BULK 
	0000  08 00 00 18 01 10 ef 03  00 3b 00 10 93 1e 00 00 |.........;......|
[1305] +42.834373 ASYNC-OUT-DONE ep=0x01 len=0 status=0 actual=16
[1306] +42.874119 ASYNC-IN-DONE ep=0x81 len=0 status=2 actual=0
[1307] +42.874257 ASYNC-IN-SUBMIT ep=0x81 len=0 type=BULK (in, awaiting data)
[1308] +42.937662 ASYNC-OUT ep=0x01 len=16 type=BULK 
	0000  08 00 00 18 02 10 f0 03  00 27 00 10 09 10 00 00 |.........'......|
[1309] +42.938030 ASYNC-OUT-DONE ep=0x01 len=0 status=0 actual=16
[1310] +42.981528 ASYNC-IN-DONE ep=0x81 len=0 status=2 actual=0
[1311] +42.981579 ASYNC-IN-SUBMIT ep=0x81 len=0 type=BULK (in, awaiting data)
[1312] +43.090902 ASYNC-IN-DONE ep=0x81 len=0 status=2 actual=0
[1313] +43.091004 ASYNC-IN-SUBMIT ep=0x81 len=0 type=BULK (in, awaiting data)
[1314] +43.197317 ASYNC-IN-DONE ep=0x81 len=0 status=2 actual=0
[1315] +43.197410 ASYNC-IN-SUBMIT ep=0x81 len=0 type=BULK (in, awaiting data)
[1316] +43.310223 ASYNC-IN-DONE ep=0x81 len=0 status=2 actual=0
[1317] +43.310348 ASYNC-IN-SUBMIT ep=0x81 len=0 type=BULK (in, awaiting data)
[1318] +43.373795 ASYNC-IN-DONE ep=0x81 len=16 status=0 actual=16
	0000  08 00 00 18 ed 03 80 10  00 3d 00 10 ae 02 00 00 |.........=......|
[1319] +43.373950 ASYNC-IN-SUBMIT ep=0x81 len=0 type=BULK (in, awaiting data)
[1320] +43.483160 ASYNC-IN-DONE ep=0x81 len=0 status=2 actual=0
[1321] +43.483264 ASYNC-IN-SUBMIT ep=0x81 len=0 type=BULK (in, awaiting data)
[1322] +43.591465 ASYNC-IN-DONE ep=0x81 len=0 status=2 actual=0
[1323] +43.591571 ASYNC-IN-SUBMIT ep=0x81 len=0 type=BULK (in, awaiting data)
[1324] +43.612785 ASYNC-OUT ep=0x01 len=16 type=BULK 
	0000  08 00 00 18 80 10 ed 03  00 3b 00 10 fd 1a 00 00 |.........;......|
[1325] +43.613136 ASYNC-OUT-DONE ep=0x01 len=0 status=0 actual=16
[1326] +43.694440 ASYNC-IN-DONE ep=0x81 len=0 status=2 actual=0
[1327] +43.694550 ASYNC-IN-SUBMIT ep=0x81 len=0 type=BULK (in, awaiting data)
[1328] +43.774909 ASYNC-IN-DONE ep=0x81 len=16 status=0 actual=16
	0000  08 00 00 18 ef 03 01 10  00 3f 00 10 65 02 00 00 |.........?..e...|
[1329] +43.775022 ASYNC-IN-SUBMIT ep=0x81 len=0 type=BULK (in, awaiting data)
[1330] +43.775165 ASYNC-IN-DONE ep=0x81 len=16 status=0 actual=16
	0000  08 00 00 18 f0 03 02 10  00 29 00 10 09 02 00 00 |.........)......|
[1331] +43.775210 ASYNC-IN-SUBMIT ep=0x81 len=0 type=BULK (in, awaiting data)
[1332] +43.872220 ASYNC-OUT ep=0x01 len=16 type=BULK 
	0000  08 00 00 18 01 10 ef 03  00 3c 00 10 93 1e 00 00 |.........<......|
[1333] +43.872487 ASYNC-OUT-DONE ep=0x01 len=0 status=0 actual=16
[1334] +43.886230 ASYNC-IN-DONE ep=0x81 len=0 status=2 actual=0
[1335] +43.886316 ASYNC-IN-SUBMIT ep=0x81 len=0 type=BULK (in, awaiting data)
[1336] +43.975614 ASYNC-OUT ep=0x01 len=16 type=BULK 
	0000  08 00 00 18 02 10 f0 03  00 28 00 10 09 10 00 00 |.........(......|
[1337] +43.975911 ASYNC-OUT-DONE ep=0x01 len=0 status=0 actual=16
[1338] +43.987410 ASYNC-IN-DONE ep=0x81 len=0 status=2 actual=0
[1339] +43.987458 ASYNC-IN-SUBMIT ep=0x81 len=0 type=BULK (in, awaiting data)
[1340] +44.099544 ASYNC-IN-DONE ep=0x81 len=0 status=2 actual=0
[1341] +44.099689 ASYNC-IN-SUBMIT ep=0x81 len=0 type=BULK (in, awaiting data)
[1342] +44.209950 ASYNC-IN-DONE ep=0x81 len=0 status=2 actual=0
[1343] +44.210040 ASYNC-IN-SUBMIT ep=0x81 len=0 type=BULK (in, awaiting data)
[1344] +44.322853 ASYNC-IN-DONE ep=0x81 len=0 status=2 actual=0
[1345] +44.322965 ASYNC-IN-SUBMIT ep=0x81 len=0 type=BULK (in, awaiting data)
[1346] +44.376906 ASYNC-IN-DONE ep=0x81 len=16 status=0 actual=16
	0000  08 00 00 18 ed 03 80 10  00 3e 00 10 ae 02 00 00 |.........>......|
[1347] +44.377041 ASYNC-IN-SUBMIT ep=0x81 len=0 type=BULK (in, awaiting data)
[1348] +44.481443 ASYNC-IN-DONE ep=0x81 len=0 status=2 actual=0
[1349] +44.481544 ASYNC-IN-SUBMIT ep=0x81 len=0 type=BULK (in, awaiting data)
[1350] +44.592166 ASYNC-IN-DONE ep=0x81 len=0 status=2 actual=0
[1351] +44.592279 ASYNC-IN-SUBMIT ep=0x81 len=0 type=BULK (in, awaiting data)
[1352] +44.651296 ASYNC-OUT ep=0x01 len=16 type=BULK 
	0000  08 00 00 18 80 10 ed 03  00 3c 00 10 fd 1a 00 00 |.........<......|
[1353] +44.651578 ASYNC-OUT-DONE ep=0x01 len=0 status=0 actual=16
[1354] +44.703016 ASYNC-IN-DONE ep=0x81 len=0 status=2 actual=0
[1355] +44.703123 ASYNC-IN-SUBMIT ep=0x81 len=0 type=BULK (in, awaiting data)
[1356] +44.778406 ASYNC-IN-DONE ep=0x81 len=16 status=0 actual=16
	0000  08 00 00 18 ef 03 01 10  00 40 00 10 65 02 00 00 |.........@..e...|
[1357] +44.778508 ASYNC-IN-SUBMIT ep=0x81 len=0 type=BULK (in, awaiting data)
[1358] +44.778640 ASYNC-IN-DONE ep=0x81 len=16 status=0 actual=16
	0000  08 00 00 18 f0 03 02 10  00 2a 00 10 09 02 00 00 |.........*......|
[1359] +44.778690 ASYNC-IN-SUBMIT ep=0x81 len=0 type=BULK (in, awaiting data)
[1360] +44.882135 ASYNC-IN-DONE ep=0x81 len=0 status=2 actual=0
[1361] +44.882246 ASYNC-IN-SUBMIT ep=0x81 len=0 type=BULK (in, awaiting data)
[1362] +44.909702 ASYNC-OUT ep=0x01 len=16 type=BULK 
	0000  08 00 00 18 01 10 ef 03  00 3d 00 10 93 1e 00 00 |.........=......|
[1363] +44.910036 ASYNC-OUT-DONE ep=0x01 len=0 status=0 actual=16
[1364] +44.983651 ASYNC-IN-DONE ep=0x81 len=0 status=2 actual=0
[1365] +44.983759 ASYNC-IN-SUBMIT ep=0x81 len=0 type=BULK (in, awaiting data)
[1366] +45.012887 ASYNC-OUT ep=0x01 len=16 type=BULK 
	0000  08 00 00 18 02 10 f0 03  00 29 00 10 09 10 00 00 |.........)......|
[1367] +45.013284 ASYNC-OUT-DONE ep=0x01 len=0 status=0 actual=16
[1368] +45.096332 ASYNC-IN-DONE ep=0x81 len=0 status=2 actual=0
[1369] +45.096455 ASYNC-IN-SUBMIT ep=0x81 len=0 type=BULK (in, awaiting data)
[1370] +45.208840 ASYNC-IN-DONE ep=0x81 len=0 status=2 actual=0
[1371] +45.208950 ASYNC-IN-SUBMIT ep=0x81 len=0 type=BULK (in, awaiting data)
[1372] +45.321793 ASYNC-IN-DONE ep=0x81 len=0 status=2 actual=0
[1373] +45.321873 ASYNC-IN-SUBMIT ep=0x81 len=0 type=BULK (in, awaiting data)
[1374] +45.380294 ASYNC-IN-DONE ep=0x81 len=16 status=0 actual=16
	0000  08 00 00 18 ed 03 80 10  00 3f 00 10 ae 02 00 00 |.........?......|
[1375] +45.380447 ASYNC-IN-SUBMIT ep=0x81 len=0 type=BULK (in, awaiting data)
[1376] +45.483685 ASYNC-IN-DONE ep=0x81 len=0 status=2 actual=0
[1377] +45.483782 ASYNC-IN-SUBMIT ep=0x81 len=0 type=BULK (in, awaiting data)
[1378] +45.596306 ASYNC-IN-DONE ep=0x81 len=0 status=2 actual=0
[1379] +45.596410 ASYNC-IN-SUBMIT ep=0x81 len=0 type=BULK (in, awaiting data)
[1380] +45.688679 ASYNC-OUT ep=0x01 len=16 type=BULK 
	0000  08 00 00 18 80 10 ed 03  00 3d 00 10 fd 1a 00 00 |.........=......|
[1381] +45.689014 ASYNC-OUT-DONE ep=0x01 len=0 status=0 actual=16
[1382] +45.708775 ASYNC-IN-DONE ep=0x81 len=0 status=2 actual=0
[1383] +45.708840 ASYNC-IN-SUBMIT ep=0x81 len=0 type=BULK (in, awaiting data)
[1384] +45.781912 ASYNC-IN-DONE ep=0x81 len=16 status=0 actual=16
	0000  08 00 00 18 ef 03 01 10  00 41 00 10 65 02 00 00 |.........A..e...|
[1385] +45.782052 ASYNC-IN-SUBMIT ep=0x81 len=0 type=BULK (in, awaiting data)
[1386] +45.782224 ASYNC-IN-DONE ep=0x81 len=16 status=0 actual=16
	0000  08 00 00 18 f0 03 02 10  00 2b 00 10 09 02 00 00 |.........+......|
[1387] +45.782285 ASYNC-IN-SUBMIT ep=0x81 len=0 type=BULK (in, awaiting data)
[1388] +45.887970 ASYNC-IN-DONE ep=0x81 len=0 status=2 actual=0
[1389] +45.888074 ASYNC-IN-SUBMIT ep=0x81 len=0 type=BULK (in, awaiting data)
[1390] +45.948885 ASYNC-OUT ep=0x01 len=16 type=BULK 
	0000  08 00 00 18 01 10 ef 03  00 3e 00 10 93 1e 00 00 |.........>......|
[1391] +45.949250 ASYNC-OUT-DONE ep=0x01 len=0 status=0 actual=16
[1392] +45.998047 ASYNC-IN-DONE ep=0x81 len=0 status=2 actual=0
[1393] +45.998137 ASYNC-IN-SUBMIT ep=0x81 len=0 type=BULK (in, awaiting data)
[1394] +46.052452 ASYNC-OUT ep=0x01 len=16 type=BULK 
	0000  08 00 00 18 02 10 f0 03  00 2a 00 10 09 10 00 00 |.........*......|
[1395] +46.052793 ASYNC-OUT-DONE ep=0x01 len=0 status=0 actual=16
[1396] +46.106240 ASYNC-IN-DONE ep=0x81 len=0 status=2 actual=0
[1397] +46.106342 ASYNC-IN-SUBMIT ep=0x81 len=0 type=BULK (in, awaiting data)
[1398] +46.217134 ASYNC-IN-DONE ep=0x81 len=0 status=2 actual=0
[1399] +46.217229 ASYNC-IN-SUBMIT ep=0x81 len=0 type=BULK (in, awaiting data)
[1400] +46.330074 ASYNC-IN-DONE ep=0x81 len=0 status=2 actual=0
[1401] +46.330170 ASYNC-IN-SUBMIT ep=0x81 len=0 type=BULK (in, awaiting data)
[1402] +46.383538 ASYNC-IN-DONE ep=0x81 len=16 status=0 actual=16
	0000  08 00 00 18 ed 03 80 10  00 40 00 10 ae 02 00 00 |.........@......|
[1403] +46.383672 ASYNC-IN-SUBMIT ep=0x81 len=0 type=BULK (in, awaiting data)
[1404] +46.489643 ASYNC-IN-DONE ep=0x81 len=0 status=2 actual=0
[1405] +46.489747 ASYNC-IN-SUBMIT ep=0x81 len=0 type=BULK (in, awaiting data)
[1406] +46.600484 ASYNC-IN-DONE ep=0x81 len=0 status=2 actual=0
[1407] +46.600601 ASYNC-IN-SUBMIT ep=0x81 len=0 type=BULK (in, awaiting data)
[1408] +46.711692 ASYNC-IN-DONE ep=0x81 len=0 status=2 actual=0
[1409] +46.711803 ASYNC-IN-SUBMIT ep=0x81 len=0 type=BULK (in, awaiting data)
[1410] +46.728632 ASYNC-OUT ep=0x01 len=16 type=BULK 
	0000  08 00 00 18 80 10 ed 03  00 3e 00 10 fd 1a 00 00 |.........>......|
[1411] +46.728917 ASYNC-OUT-DONE ep=0x01 len=0 status=0 actual=16
[1412] +46.785168 ASYNC-IN-DONE ep=0x81 len=16 status=0 actual=16
	0000  08 00 00 18 ef 03 01 10  00 42 00 10 65 02 00 00 |.........B..e...|
[1413] +46.785272 ASYNC-IN-SUBMIT ep=0x81 len=0 type=BULK (in, awaiting data)
[1414] +46.785386 ASYNC-IN-DONE ep=0x81 len=16 status=0 actual=16
	0000  08 00 00 18 f0 03 02 10  00 2c 00 10 09 02 00 00 |.........,......|
[1415] +46.785432 ASYNC-IN-SUBMIT ep=0x81 len=0 type=BULK (in, awaiting data)
[1416] +46.892303 ASYNC-IN-DONE ep=0x81 len=0 status=2 actual=0
[1417] +46.892415 ASYNC-IN-SUBMIT ep=0x81 len=0 type=BULK (in, awaiting data)
[1418] +46.988857 ASYNC-OUT ep=0x01 len=16 type=BULK 
	0000  08 00 00 18 01 10 ef 03  00 3f 00 10 93 1e 00 00 |.........?......|
[1419] +46.989173 ASYNC-OUT-DONE ep=0x01 len=0 status=0 actual=16
[1420] +46.997306 ASYNC-IN-DONE ep=0x81 len=0 status=2 actual=0
[1421] +46.997352 ASYNC-IN-SUBMIT ep=0x81 len=0 type=BULK (in, awaiting data)
[1422] +47.092052 ASYNC-OUT ep=0x01 len=16 type=BULK 
	0000  08 00 00 18 02 10 f0 03  00 2b 00 10 09 10 00 00 |.........+......|
[1423] +47.092378 ASYNC-OUT-DONE ep=0x01 len=0 status=0 actual=16
[1424] +47.099499 ASYNC-IN-DONE ep=0x81 len=0 status=2 actual=0
[1425] +47.099545 ASYNC-IN-SUBMIT ep=0x81 len=0 type=BULK (in, awaiting data)
[1426] +47.201264 ASYNC-IN-DONE ep=0x81 len=0 status=2 actual=0
[1427] +47.201387 ASYNC-IN-SUBMIT ep=0x81 len=0 type=BULK (in, awaiting data)
[1428] +47.312965 ASYNC-IN-DONE ep=0x81 len=0 status=2 actual=0
[1429] +47.313075 ASYNC-IN-SUBMIT ep=0x81 len=0 type=BULK (in, awaiting data)
[1430] +47.387326 ASYNC-IN-DONE ep=0x81 len=16 status=0 actual=16
	0000  08 00 00 18 ed 03 80 10  00 41 00 10 ae 02 00 00 |.........A......|
[1431] +47.387471 ASYNC-IN-SUBMIT ep=0x81 len=0 type=BULK (in, awaiting data)
[1432] +47.495499 ASYNC-IN-DONE ep=0x81 len=0 status=2 actual=0
[1433] +47.495599 ASYNC-IN-SUBMIT ep=0x81 len=0 type=BULK (in, awaiting data)
[1434] +47.605759 ASYNC-IN-DONE ep=0x81 len=0 status=2 actual=0
[1435] +47.605857 ASYNC-IN-SUBMIT ep=0x81 len=0 type=BULK (in, awaiting data)
[1436] +47.714992 ASYNC-IN-DONE ep=0x81 len=0 status=2 actual=0
[1437] +47.715075 ASYNC-IN-SUBMIT ep=0x81 len=0 type=BULK (in, awaiting data)
[1438] +47.764876 ASYNC-OUT ep=0x01 len=16 type=BULK 
	0000  08 00 00 18 80 10 ed 03  00 3f 00 10 fd 1a 00 00 |.........?......|
[1439] +47.765172 ASYNC-OUT-DONE ep=0x01 len=0 status=0 actual=16
[1440] +47.788335 ASYNC-IN-DONE ep=0x81 len=16 status=0 actual=16
	0000  08 00 00 18 ef 03 01 10  00 43 00 10 65 02 00 00 |.........C..e...|
[1441] +47.788471 ASYNC-IN-SUBMIT ep=0x81 len=0 type=BULK (in, awaiting data)
[1442] +47.788664 ASYNC-IN-DONE ep=0x81 len=16 status=0 actual=16
	0000  08 00 00 18 f0 03 02 10  00 2d 00 10 09 02 00 00 |.........-......|
[1443] +47.788747 ASYNC-IN-SUBMIT ep=0x81 len=0 type=BULK (in, awaiting data)
[1444] +47.900528 ASYNC-IN-DONE ep=0x81 len=0 status=2 actual=0
[1445] +47.900639 ASYNC-IN-SUBMIT ep=0x81 len=0 type=BULK (in, awaiting data)
[1446] +48.008887 ASYNC-IN-DONE ep=0x81 len=0 status=2 actual=0
[1447] +48.008991 ASYNC-IN-SUBMIT ep=0x81 len=0 type=BULK (in, awaiting data)
[1448] +48.022337 ASYNC-OUT ep=0x01 len=16 type=BULK 
	0000  08 00 00 18 01 10 ef 03  00 40 00 10 93 1e 00 00 |.........@......|
[1449] +48.022592 ASYNC-OUT-DONE ep=0x01 len=0 status=0 actual=16
[1450] +48.113365 ASYNC-IN-DONE ep=0x81 len=0 status=2 actual=0
[1451] +48.113457 ASYNC-IN-SUBMIT ep=0x81 len=0 type=BULK (in, awaiting data)
[1452] +48.126467 ASYNC-OUT ep=0x01 len=16 type=BULK 
	0000  08 00 00 18 02 10 f0 03  00 2c 00 10 09 10 00 00 |.........,......|
[1453] +48.126731 ASYNC-OUT-DONE ep=0x01 len=0 status=0 actual=16
[1454] +48.218403 ASYNC-IN-DONE ep=0x81 len=0 status=2 actual=0
[1455] +48.218481 ASYNC-IN-SUBMIT ep=0x81 len=0 type=BULK (in, awaiting data)
[1456] +48.330205 ASYNC-IN-DONE ep=0x81 len=0 status=2 actual=0
[1457] +48.330319 ASYNC-IN-SUBMIT ep=0x81 len=0 type=BULK (in, awaiting data)
[1458] +48.390422 ASYNC-IN-DONE ep=0x81 len=16 status=0 actual=16
	0000  08 00 00 18 ed 03 80 10  00 42 00 10 ae 02 00 00 |.........B......|
[1459] +48.390568 ASYNC-IN-SUBMIT ep=0x81 len=0 type=BULK (in, awaiting data)
[1460] +48.501420 ASYNC-IN-DONE ep=0x81 len=0 status=2 actual=0
[1461] +48.501523 ASYNC-IN-SUBMIT ep=0x81 len=0 type=BULK (in, awaiting data)
[1462] +48.612923 ASYNC-IN-DONE ep=0x81 len=0 status=2 actual=0
[1463] +48.613010 ASYNC-IN-SUBMIT ep=0x81 len=0 type=BULK (in, awaiting data)
[1464] +48.716045 ASYNC-IN-DONE ep=0x81 len=0 status=2 actual=0
[1465] +48.716135 ASYNC-IN-SUBMIT ep=0x81 len=0 type=BULK (in, awaiting data)
[1466] +48.792012 ASYNC-IN-DONE ep=0x81 len=16 status=0 actual=16
	0000  08 00 00 18 ef 03 01 10  00 44 00 10 65 02 00 00 |.........D..e...|
[1467] +48.792156 ASYNC-IN-SUBMIT ep=0x81 len=0 type=BULK (in, awaiting data)
[1468] +48.792343 ASYNC-IN-DONE ep=0x81 len=16 status=0 actual=16
	0000  08 00 00 18 f0 03 02 10  00 2e 00 10 09 02 00 00 |................|
[1469] +48.792428 ASYNC-IN-SUBMIT ep=0x81 len=0 type=BULK (in, awaiting data)
[1470] +48.801848 ASYNC-OUT ep=0x01 len=16 type=BULK 
	0000  08 00 00 18 80 10 ed 03  00 40 00 10 fd 1a 00 00 |.........@......|
[1471] +48.802064 ASYNC-OUT-DONE ep=0x01 len=0 status=0 actual=16
[1472] +48.904605 ASYNC-IN-DONE ep=0x81 len=0 status=2 actual=0
[1473] +48.904686 ASYNC-IN-SUBMIT ep=0x81 len=0 type=BULK (in, awaiting data)
[1474] +49.011352 ASYNC-IN-DONE ep=0x81 len=0 status=2 actual=0
[1475] +49.011411 ASYNC-IN-SUBMIT ep=0x81 len=0 type=BULK (in, awaiting data)
[1476] +49.062237 ASYNC-OUT ep=0x01 len=16 type=BULK 
	0000  08 00 00 18 01 10 ef 03  00 41 00 10 93 1e 00 00 |.........A......|
[1477] +49.062671 ASYNC-OUT-DONE ep=0x01 len=0 status=0 actual=16
[1478] +49.117035 ASYNC-IN-DONE ep=0x81 len=0 status=2 actual=0
[1479] +49.117154 ASYNC-IN-SUBMIT ep=0x81 len=0 type=BULK (in, awaiting data)
[1480] +49.166410 ASYNC-OUT ep=0x01 len=16 type=BULK 
	0000  08 00 00 18 02 10 f0 03  00 2d 00 10 09 10 00 00 |.........-......|
[1481] +49.166791 ASYNC-OUT-DONE ep=0x01 len=0 status=0 actual=16
[1482] +49.227146 ASYNC-IN-DONE ep=0x81 len=0 status=2 actual=0
[1483] +49.227239 ASYNC-IN-SUBMIT ep=0x81 len=0 type=BULK (in, awaiting data)
[1484] +49.331863 ASYNC-IN-DONE ep=0x81 len=0 status=2 actual=0
[1485] +49.331948 ASYNC-IN-SUBMIT ep=0x81 len=0 type=BULK (in, awaiting data)
[1486] +49.393944 ASYNC-IN-DONE ep=0x81 len=16 status=0 actual=16
	0000  08 00 00 18 ed 03 80 10  00 43 00 10 ae 02 00 00 |.........C......|
[1487] +49.394048 ASYNC-IN-SUBMIT ep=0x81 len=0 type=BULK (in, awaiting data)
[1488] +49.504338 ASYNC-IN-DONE ep=0x81 len=0 status=2 actual=0
[1489] +49.504425 ASYNC-IN-SUBMIT ep=0x81 len=0 type=BULK (in, awaiting data)
[1490] +49.609982 ASYNC-IN-DONE ep=0x81 len=0 status=2 actual=0
[1491] +49.610093 ASYNC-IN-SUBMIT ep=0x81 len=0 type=BULK (in, awaiting data)
[1492] +49.716991 ASYNC-IN-DONE ep=0x81 len=0 status=2 actual=0
[1493] +49.717074 ASYNC-IN-SUBMIT ep=0x81 len=0 type=BULK (in, awaiting data)
[1494] +49.794778 ASYNC-IN-DONE ep=0x81 len=16 status=0 actual=16
	0000  08 00 00 18 ef 03 01 10  00 45 00 10 65 02 00 00 |.........E..e...|
[1495] +49.794911 ASYNC-IN-SUBMIT ep=0x81 len=0 type=BULK (in, awaiting data)
[1496] +49.795081 ASYNC-IN-DONE ep=0x81 len=16 status=0 actual=16
	0000  08 00 00 18 f0 03 02 10  00 2f 00 10 09 02 00 00 |........./......|
[1497] +49.795165 ASYNC-IN-SUBMIT ep=0x81 len=0 type=BULK (in, awaiting data)
[1498] +49.842017 ASYNC-OUT ep=0x01 len=16 type=BULK 
	0000  08 00 00 18 80 10 ed 03  00 41 00 10 fd 1a 00 00 |.........A......|
[1499] +49.842355 ASYNC-OUT-DONE ep=0x01 len=0 status=0 actual=16
[1500] +49.903624 ASYNC-IN-DONE ep=0x81 len=0 status=2 actual=0
[1501] +49.903716 ASYNC-IN-SUBMIT ep=0x81 len=0 type=BULK (in, awaiting data)
[1502] +50.014301 ASYNC-IN-DONE ep=0x81 len=0 status=2 actual=0
[1503] +50.014403 ASYNC-IN-SUBMIT ep=0x81 len=0 type=BULK (in, awaiting data)
[1504] +50.102354 ASYNC-OUT ep=0x01 len=16 type=BULK 
	0000  08 00 00 18 01 10 ef 03  00 42 00 10 93 1e 00 00 |.........B......|
[1505] +50.102702 ASYNC-OUT-DONE ep=0x01 len=0 status=0 actual=16
[1506] +50.122795 ASYNC-IN-DONE ep=0x81 len=0 status=2 actual=0
[1507] +50.122869 ASYNC-IN-SUBMIT ep=0x81 len=0 type=BULK (in, awaiting data)
[1508] +50.206457 ASYNC-OUT ep=0x01 len=16 type=BULK 
	0000  08 00 00 18 02 10 f0 03  00 2e 00 10 09 10 00 00 |................|
[1509] +50.206785 ASYNC-OUT-DONE ep=0x01 len=0 status=0 actual=16
[1510] +50.225393 ASYNC-IN-DONE ep=0x81 len=0 status=2 actual=0
[1511] +50.225473 ASYNC-IN-SUBMIT ep=0x81 len=0 type=BULK (in, awaiting data)
[1512] +50.338250 ASYNC-IN-DONE ep=0x81 len=0 status=2 actual=0
[1513] +50.338329 ASYNC-IN-SUBMIT ep=0x81 len=0 type=BULK (in, awaiting data)
[1514] +50.396900 ASYNC-IN-DONE ep=0x81 len=16 status=0 actual=16
	0000  08 00 00 18 ed 03 80 10  00 44 00 10 ae 02 00 00 |.........D......|
[1515] +50.397058 ASYNC-IN-SUBMIT ep=0x81 len=0 type=BULK (in, awaiting data)
[1516] +50.508839 ASYNC-IN-DONE ep=0x81 len=0 status=2 actual=0
[1517] +50.508914 ASYNC-IN-SUBMIT ep=0x81 len=0 type=BULK (in, awaiting data)
[1518] +50.613412 ASYNC-IN-DONE ep=0x81 len=0 status=2 actual=0
[1519] +50.613524 ASYNC-IN-SUBMIT ep=0x81 len=0 type=BULK (in, awaiting data)
[1520] +50.724065 ASYNC-IN-DONE ep=0x81 len=0 status=2 actual=0
[1521] +50.724140 ASYNC-IN-SUBMIT ep=0x81 len=0 type=BULK (in, awaiting data)
[1522] +50.798449 ASYNC-IN-DONE ep=0x81 len=16 status=0 actual=16
	0000  08 00 00 18 ef 03 01 10  00 46 00 10 65 02 00 00 |.........F..e...|
[1523] +50.798605 ASYNC-IN-SUBMIT ep=0x81 len=0 type=BULK (in, awaiting data)
[1524] +50.798812 ASYNC-IN-DONE ep=0x81 len=16 status=0 actual=16
	0000  08 00 00 18 f0 03 02 10  00 30 00 10 09 02 00 00 |.........0......|
[1525] +50.798898 ASYNC-IN-SUBMIT ep=0x81 len=0 type=BULK (in, awaiting data)
[1526] +50.882508 ASYNC-OUT ep=0x01 len=16 type=BULK 
	0000  08 00 00 18 80 10 ed 03  00 42 00 10 fd 1a 00 00 |.........B......|
[1527] +50.882811 ASYNC-OUT-DONE ep=0x01 len=0 status=0 actual=16
[1528] +50.900339 ASYNC-IN-DONE ep=0x81 len=0 status=2 actual=0
[1529] +50.900463 ASYNC-IN-SUBMIT ep=0x81 len=0 type=BULK (in, awaiting data)
[1530] +51.001667 ASYNC-IN-DONE ep=0x81 len=0 status=2 actual=0
[1531] +51.001727 ASYNC-IN-SUBMIT ep=0x81 len=0 type=BULK (in, awaiting data)
[1532] +51.107996 ASYNC-IN-DONE ep=0x81 len=0 status=2 actual=0
[1533] +51.108051 ASYNC-IN-SUBMIT ep=0x81 len=0 type=BULK (in, awaiting data)
[1534] +51.142048 ASYNC-OUT ep=0x01 len=16 type=BULK 
	0000  08 00 00 18 01 10 ef 03  00 43 00 10 93 1e 00 00 |.........C......|
[1535] +51.142238 ASYNC-OUT-DONE ep=0x01 len=0 status=0 actual=16
[1536] +51.215493 ASYNC-IN-DONE ep=0x81 len=0 status=2 actual=0
[1537] +51.215617 ASYNC-IN-SUBMIT ep=0x81 len=0 type=BULK (in, awaiting data)
[1538] +51.246176 ASYNC-OUT ep=0x01 len=16 type=BULK 
	0000  08 00 00 18 02 10 f0 03  00 2f 00 10 09 10 00 00 |........./......|
[1539] +51.246410 ASYNC-OUT-DONE ep=0x01 len=0 status=0 actual=16
[1540] +51.325561 ASYNC-IN-DONE ep=0x81 len=0 status=2 actual=0
[1541] +51.325602 ASYNC-IN-SUBMIT ep=0x81 len=0 type=BULK (in, awaiting data)
[1542] +51.400746 ASYNC-IN-DONE ep=0x81 len=16 status=0 actual=16
	0000  08 00 00 18 ed 03 80 10  00 45 00 10 ae 02 00 00 |.........E......|
[1543] +51.400856 ASYNC-IN-SUBMIT ep=0x81 len=0 type=BULK (in, awaiting data)
[1544] +51.508053 ASYNC-IN-DONE ep=0x81 len=0 status=2 actual=0
[1545] +51.508089 ASYNC-IN-SUBMIT ep=0x81 len=0 type=BULK (in, awaiting data)
[1546] +51.611073 ASYNC-IN-DONE ep=0x81 len=0 status=2 actual=0
[1547] +51.611113 ASYNC-IN-SUBMIT ep=0x81 len=0 type=BULK (in, awaiting data)
[1548] +51.720312 ASYNC-IN-DONE ep=0x81 len=0 status=2 actual=0
[1549] +51.720412 ASYNC-IN-SUBMIT ep=0x81 len=0 type=BULK (in, awaiting data)
[1550] +51.801561 ASYNC-IN-DONE ep=0x81 len=16 status=0 actual=16
	0000  08 00 00 18 ef 03 01 10  00 47 00 10 65 02 00 00 |.........G..e...|
[1551] +51.801671 ASYNC-IN-SUBMIT ep=0x81 len=0 type=BULK (in, awaiting data)
[1552] +51.801803 ASYNC-IN-DONE ep=0x81 len=16 status=0 actual=16
	0000  08 00 00 18 f0 03 02 10  00 31 00 10 09 02 00 00 |.........1......|
[1553] +51.801846 ASYNC-IN-SUBMIT ep=0x81 len=0 type=BULK (in, awaiting data)
[1554] +51.914608 ASYNC-IN-DONE ep=0x81 len=0 status=2 actual=0
[1555] +51.914711 ASYNC-IN-SUBMIT ep=0x81 len=0 type=BULK (in, awaiting data)
[1556] +51.921573 ASYNC-OUT ep=0x01 len=16 type=BULK 
	0000  08 00 00 18 80 10 ed 03  00 43 00 10 fd 1a 00 00 |.........C......|
[1557] +51.921799 ASYNC-OUT-DONE ep=0x01 len=0 status=0 actual=16
[1558] +52.025089 ASYNC-IN-DONE ep=0x81 len=0 status=2 actual=0
[1559] +52.025171 ASYNC-IN-SUBMIT ep=0x81 len=0 type=BULK (in, awaiting data)
[1560] +52.136450 ASYNC-IN-DONE ep=0x81 len=0 status=2 actual=0
[1561] +52.136560 ASYNC-IN-SUBMIT ep=0x81 len=0 type=BULK (in, awaiting data)
[1562] +52.179592 ASYNC-OUT ep=0x01 len=16 type=BULK 
	0000  08 00 00 18 01 10 ef 03  00 44 00 10 93 1e 00 00 |.........D......|
[1563] +52.179952 ASYNC-OUT-DONE ep=0x01 len=0 status=0 actual=16
[1564] +52.249334 ASYNC-IN-DONE ep=0x81 len=0 status=2 actual=0
[1565] +52.249446 ASYNC-IN-SUBMIT ep=0x81 len=0 type=BULK (in, awaiting data)
[1566] +52.283723 ASYNC-OUT ep=0x01 len=16 type=BULK 
	0000  08 00 00 18 02 10 f0 03  00 30 00 10 09 10 00 00 |.........0......|
[1567] +52.283891 ASYNC-OUT-DONE ep=0x01 len=0 status=0 actual=16
[1568] +52.356587 ASYNC-IN-DONE ep=0x81 len=0 status=2 actual=0
[1569] +52.356679 ASYNC-IN-SUBMIT ep=0x81 len=0 type=BULK (in, awaiting data)
[1570] +52.403455 ASYNC-IN-DONE ep=0x81 len=16 status=0 actual=16
	0000  08 00 00 18 ed 03 80 10  00 46 00 10 ae 02 00 00 |.........F......|
[1571] +52.403566 ASYNC-IN-SUBMIT ep=0x81 len=0 type=BULK (in, awaiting data)
[1572] +52.516505 ASYNC-IN-DONE ep=0x81 len=0 status=2 actual=0
[1573] +52.516639 ASYNC-IN-SUBMIT ep=0x81 len=0 type=BULK (in, awaiting data)
[1574] +52.622166 ASYNC-IN-DONE ep=0x81 len=0 status=2 actual=0
[1575] +52.622272 ASYNC-IN-SUBMIT ep=0x81 len=0 type=BULK (in, awaiting data)
[1576] +52.725931 ASYNC-IN-DONE ep=0x81 len=0 status=2 actual=0
[1577] +52.726025 ASYNC-IN-SUBMIT ep=0x81 len=0 type=BULK (in, awaiting data)
[1578] +52.805044 ASYNC-IN-DONE ep=0x81 len=16 status=0 actual=16
	0000  08 00 00 18 ef 03 01 10  00 48 00 10 65 02 00 00 |.........H..e...|
[1579] +52.805200 ASYNC-IN-SUBMIT ep=0x81 len=0 type=BULK (in, awaiting data)
[1580] +52.805367 ASYNC-IN-DONE ep=0x81 len=16 status=0 actual=16
	0000  08 00 00 18 f0 03 02 10  00 32 00 10 09 02 00 00 |.........2......|
[1581] +52.805430 ASYNC-IN-SUBMIT ep=0x81 len=0 type=BULK (in, awaiting data)
[1582] +52.908869 ASYNC-IN-DONE ep=0x81 len=0 status=2 actual=0
[1583] +52.908977 ASYNC-IN-SUBMIT ep=0x81 len=0 type=BULK (in, awaiting data)
[1584] +52.960127 ASYNC-OUT ep=0x01 len=16 type=BULK 
	0000  08 00 00 18 80 10 ed 03  00 44 00 10 fd 1a 00 00 |.........D......|
[1585] +52.960407 ASYNC-OUT-DONE ep=0x01 len=0 status=0 actual=16
[1586] +53.021122 ASYNC-IN-DONE ep=0x81 len=0 status=2 actual=0
[1587] +53.021182 ASYNC-IN-SUBMIT ep=0x81 len=0 type=BULK (in, awaiting data)
[1588] +53.122885 ASYNC-IN-DONE ep=0x81 len=0 status=2 actual=0
[1589] +53.122922 ASYNC-IN-SUBMIT ep=0x81 len=0 type=BULK (in, awaiting data)
[1590] +53.218716 ASYNC-OUT ep=0x01 len=16 type=BULK 
	0000  08 00 00 18 01 10 ef 03  00 45 00 10 93 1e 00 00 |.........E......|
[1591] +53.218884 ASYNC-OUT-DONE ep=0x01 len=0 status=0 actual=16
[1592] +53.232755 ASYNC-IN-DONE ep=0x81 len=0 status=2 actual=0
[1593] +53.232787 ASYNC-IN-SUBMIT ep=0x81 len=0 type=BULK (in, awaiting data)
[1594] +53.322686 ASYNC-OUT ep=0x01 len=16 type=BULK 
	0000  08 00 00 18 02 10 f0 03  00 31 00 10 09 10 00 00 |.........1......|
[1595] +53.322870 ASYNC-OUT-DONE ep=0x01 len=0 status=0 actual=16
[1596] +53.342108 ASYNC-IN-DONE ep=0x81 len=0 status=2 actual=0
[1597] +53.342136 ASYNC-IN-SUBMIT ep=0x81 len=0 type=BULK (in, awaiting data)
[1598] +53.406974 ASYNC-IN-DONE ep=0x81 len=16 status=0 actual=16
	0000  08 00 00 18 ed 03 80 10  00 47 00 10 ae 02 00 00 |.........G......|
[1599] +53.407016 ASYNC-IN-SUBMIT ep=0x81 len=0 type=BULK (in, awaiting data)
### MARK TEST-MARK
[1600] +53.509010 ASYNC-IN-DONE ep=0x81 len=0 status=2 actual=0
[1601] +53.509023 ASYNC-IN-SUBMIT ep=0x81 len=0 type=BULK (in, awaiting data)
[1602] +53.612154 ASYNC-IN-DONE ep=0x81 len=0 status=2 actual=0
[1603] +53.612188 ASYNC-IN-SUBMIT ep=0x81 len=0 type=BULK (in, awaiting data)
[1604] +53.633735 ASYNC-OUT ep=0x01 len=40 type=BULK 
	0000  1d 00 00 18 80 10 ed 03  00 45 00 04 fd 1a 00 00 |.........E......|
	0010  01 00 06 00 0d 00 00 00  83 66 cd 03 f1 64 4e 65 |.........f...dNe|
	0020  82 62 01 1a 00 00 00 00                          |.b......|
[1605] +53.634042 ASYNC-OUT-DONE ep=0x01 len=0 status=0 actual=40
[1606] +53.699075 ASYNC-IN-DONE ep=0x81 len=36 status=0 actual=36
	0000  19 00 00 18 ed 03 80 10  00 48 00 04 c3 02 00 00 |.........H......|
	0010  00 00 06 00 09 00 00 00  83 66 cd 03 f1 67 00 68 |.........f...g.h|
	0020  c0 20 50 72                                      |. Pr|
[1607] +53.699192 ASYNC-IN-SUBMIT ep=0x81 len=0 type=BULK (in, awaiting data)
[1608] +53.699292 ASYNC-IN-DONE ep=0x81 len=44 status=0 actual=44
	0000  21 00 00 18 f0 03 02 10  00 33 00 04 09 02 00 00 |!........3......|
	0010  00 00 04 00 11 00 00 00  82 69 27 6a 84 52 01 44 |.........i'j.R.D|
	0020  03 79 13 6a 82 62 01 1a  00 7b c2 7c             |.y.j.b...{.||
[1609] +53.699336 ASYNC-IN-SUBMIT ep=0x81 len=0 type=BULK (in, awaiting data)
[1610] +53.737854 ASYNC-OUT ep=0x01 len=16 type=BULK 
	0000  08 00 00 18 80 10 ed 03  00 46 00 08 0e 1b 00 00 |.........F......|
[1611] +53.737998 ASYNC-OUT ep=0x01 len=16 type=BULK 
	0000  08 00 00 18 02 10 f0 03  00 32 00 08 22 10 00 00 |.........2.."...|
[1612] +53.738065 ASYNC-OUT-DONE ep=0x01 len=0 status=0 actual=16
[1613] +53.738121 ASYNC-OUT-DONE ep=0x01 len=0 status=0 actual=16
[1614] +53.804245 ASYNC-IN-DONE ep=0x81 len=0 status=2 actual=0
[1615] +53.804281 ASYNC-IN-SUBMIT ep=0x81 len=0 type=BULK (in, awaiting data)
[1616] +53.808290 ASYNC-IN-DONE ep=0x81 len=16 status=0 actual=16
	0000  08 00 00 18 ef 03 01 10  00 49 00 10 65 02 00 00 |.........I..e...|
[1617] +53.808320 ASYNC-IN-SUBMIT ep=0x81 len=0 type=BULK (in, awaiting data)
[1618] +53.808471 ASYNC-IN-DONE ep=0x81 len=16 status=0 actual=16
	0000  08 00 00 18 ed 03 80 10  00 49 00 08 c3 02 00 00 |.........I......|
[1619] +53.808487 ASYNC-IN-SUBMIT ep=0x81 len=0 type=BULK (in, awaiting data)
[1620] +53.921260 ASYNC-IN-DONE ep=0x81 len=0 status=2 actual=0
[1621] +53.921299 ASYNC-IN-SUBMIT ep=0x81 len=0 type=BULK (in, awaiting data)
[1622] +54.032234 ASYNC-IN-DONE ep=0x81 len=0 status=2 actual=0
[1623] +54.032292 ASYNC-IN-SUBMIT ep=0x81 len=0 type=BULK (in, awaiting data)
[1624] +54.143517 ASYNC-IN-DONE ep=0x81 len=0 status=2 actual=0
[1625] +54.143596 ASYNC-IN-SUBMIT ep=0x81 len=0 type=BULK (in, awaiting data)
[1626] +54.256410 ASYNC-IN-DONE ep=0x81 len=0 status=2 actual=0
[1627] +54.256494 ASYNC-IN-SUBMIT ep=0x81 len=0 type=BULK (in, awaiting data)
[1628] +54.256776 ASYNC-OUT ep=0x01 len=16 type=BULK 
	0000  08 00 00 18 01 10 ef 03  00 46 00 10 93 1e 00 00 |.........F......|
[1629] +54.256935 ASYNC-OUT-DONE ep=0x01 len=0 status=0 actual=16
[1630] +54.360684 ASYNC-IN-DONE ep=0x81 len=0 status=2 actual=0
[1631] +54.360799 ASYNC-IN-SUBMIT ep=0x81 len=0 type=BULK (in, awaiting data)
[1632] +54.470396 ASYNC-IN-DONE ep=0x81 len=0 status=2 actual=0
[1633] +54.470491 ASYNC-IN-SUBMIT ep=0x81 len=0 type=BULK (in, awaiting data)
[1634] +54.579753 ASYNC-IN-DONE ep=0x81 len=0 status=2 actual=0
[1635] +54.579839 ASYNC-IN-SUBMIT ep=0x81 len=0 type=BULK (in, awaiting data)
[1636] +54.611855 ASYNC-IN-DONE ep=0x81 len=16 status=0 actual=16
	0000  08 00 00 18 f0 03 02 10  00 34 00 10 09 02 00 00 |.........4......|
[1637] +54.612003 ASYNC-IN-SUBMIT ep=0x81 len=0 type=BULK (in, awaiting data)
[1638] +54.724820 ASYNC-IN-DONE ep=0x81 len=0 status=2 actual=0
[1639] +54.724932 ASYNC-IN-SUBMIT ep=0x81 len=0 type=BULK (in, awaiting data)
[1640] +54.775434 ASYNC-OUT ep=0x01 len=16 type=BULK 
	0000  08 00 00 18 80 10 ed 03  00 47 00 10 0e 1b 00 00 |.........G......|
[1641] +54.775646 ASYNC-OUT ep=0x01 len=16 type=BULK 
	0000  08 00 00 18 02 10 f0 03  00 33 00 10 22 10 00 00 |.........3.."...|
[1642] +54.775773 ASYNC-OUT-DONE ep=0x01 len=0 status=0 actual=16
[1643] +54.775813 ASYNC-OUT-DONE ep=0x01 len=0 status=0 actual=16
[1644] +54.812247 ASYNC-IN-DONE ep=0x81 len=16 status=0 actual=16
	0000  08 00 00 18 ef 03 01 10  00 4a 00 10 65 02 00 00 |.........J..e...|
[1645] +54.812400 ASYNC-IN-SUBMIT ep=0x81 len=0 type=BULK (in, awaiting data)
[1646] +54.812588 ASYNC-IN-DONE ep=0x81 len=16 status=0 actual=16
	0000  08 00 00 18 ed 03 80 10  00 4a 00 10 c3 02 00 00 |.........J......|
[1647] +54.812662 ASYNC-IN-SUBMIT ep=0x81 len=0 type=BULK (in, awaiting data)
[1648] +54.915597 ASYNC-IN-DONE ep=0x81 len=0 status=2 actual=0
[1649] +54.915766 ASYNC-IN-SUBMIT ep=0x81 len=0 type=BULK (in, awaiting data)
[1650] +55.016660 ASYNC-IN-DONE ep=0x81 len=0 status=2 actual=0
[1651] +55.016725 ASYNC-IN-SUBMIT ep=0x81 len=0 type=BULK (in, awaiting data)
[1652] +55.125461 ASYNC-IN-DONE ep=0x81 len=0 status=2 actual=0
[1653] +55.125509 ASYNC-IN-SUBMIT ep=0x81 len=0 type=BULK (in, awaiting data)
[1654] +55.238296 ASYNC-IN-DONE ep=0x81 len=0 status=2 actual=0
[1655] +55.238332 ASYNC-IN-SUBMIT ep=0x81 len=0 type=BULK (in, awaiting data)
[1656] +55.293633 ASYNC-OUT ep=0x01 len=16 type=BULK 
	0000  08 00 00 18 01 10 ef 03  00 47 00 10 93 1e 00 00 |.........G......|
[1657] +55.293996 ASYNC-OUT-DONE ep=0x01 len=0 status=0 actual=16
[1658] +55.350315 ASYNC-IN-DONE ep=0x81 len=0 status=2 actual=0
[1659] +55.350347 ASYNC-IN-SUBMIT ep=0x81 len=0 type=BULK (in, awaiting data)
[1660] +55.452280 ASYNC-IN-DONE ep=0x81 len=0 status=2 actual=0
[1661] +55.452397 ASYNC-IN-SUBMIT ep=0x81 len=0 type=BULK (in, awaiting data)
[1662] +55.563012 ASYNC-IN-DONE ep=0x81 len=0 status=2 actual=0
[1663] +55.563091 ASYNC-IN-SUBMIT ep=0x81 len=0 type=BULK (in, awaiting data)
[1664] +55.614354 ASYNC-IN-DONE ep=0x81 len=16 status=0 actual=16
	0000  08 00 00 18 f0 03 02 10  00 35 00 10 09 02 00 00 |.........5......|
[1665] +55.614500 ASYNC-IN-SUBMIT ep=0x81 len=0 type=BULK (in, awaiting data)
[1666] +55.725736 ASYNC-IN-DONE ep=0x81 len=0 status=2 actual=0
[1667] +55.725828 ASYNC-IN-SUBMIT ep=0x81 len=0 type=BULK (in, awaiting data)
[1668] +55.812927 ASYNC-OUT ep=0x01 len=16 type=BULK 
	0000  08 00 00 18 80 10 ed 03  00 48 00 10 0e 1b 00 00 |.........H......|
[1669] +55.813092 ASYNC-OUT ep=0x01 len=16 type=BULK 
	0000  08 00 00 18 02 10 f0 03  00 34 00 10 22 10 00 00 |.........4.."...|
[1670] +55.813190 ASYNC-OUT-DONE ep=0x01 len=0 status=0 actual=16
[1671] +55.813236 ASYNC-OUT-DONE ep=0x01 len=0 status=0 actual=16
[1672] +55.815068 ASYNC-IN-DONE ep=0x81 len=16 status=0 actual=16
	0000  08 00 00 18 ef 03 01 10  00 4b 00 10 65 02 00 00 |.........K..e...|
[1673] +55.815142 ASYNC-IN-SUBMIT ep=0x81 len=0 type=BULK (in, awaiting data)
[1674] +55.815289 ASYNC-IN-DONE ep=0x81 len=16 status=0 actual=16
	0000  08 00 00 18 ed 03 80 10  00 4b 00 10 c3 02 00 00 |.........K......|
[1675] +55.815349 ASYNC-IN-SUBMIT ep=0x81 len=0 type=BULK (in, awaiting data)
[1676] +55.924473 ASYNC-IN-DONE ep=0x81 len=0 status=2 actual=0
[1677] +55.924547 ASYNC-IN-SUBMIT ep=0x81 len=0 type=BULK (in, awaiting data)
[1678] +56.036412 ASYNC-IN-DONE ep=0x81 len=0 status=2 actual=0
[1679] +56.036516 ASYNC-IN-SUBMIT ep=0x81 len=0 type=BULK (in, awaiting data)
[1680] +56.143641 ASYNC-IN-DONE ep=0x81 len=0 status=2 actual=0
[1681] +56.143750 ASYNC-IN-SUBMIT ep=0x81 len=0 type=BULK (in, awaiting data)
[1682] +56.249448 ASYNC-IN-DONE ep=0x81 len=0 status=2 actual=0
[1683] +56.249551 ASYNC-IN-SUBMIT ep=0x81 len=0 type=BULK (in, awaiting data)
[1684] +56.333444 ASYNC-OUT ep=0x01 len=16 type=BULK 
	0000  08 00 00 18 01 10 ef 03  00 48 00 10 93 1e 00 00 |.........H......|
[1685] +56.333797 ASYNC-OUT-DONE ep=0x01 len=0 status=0 actual=16
[1686] +56.356954 ASYNC-IN-DONE ep=0x81 len=0 status=2 actual=0
[1687] +56.357031 ASYNC-IN-SUBMIT ep=0x81 len=0 type=BULK (in, awaiting data)
[1688] +56.458561 ASYNC-IN-DONE ep=0x81 len=0 status=2 actual=0
[1689] +56.458641 ASYNC-IN-SUBMIT ep=0x81 len=0 type=BULK (in, awaiting data)
[1690] +56.568471 ASYNC-IN-DONE ep=0x81 len=0 status=2 actual=0
[1691] +56.568548 ASYNC-IN-SUBMIT ep=0x81 len=0 type=BULK (in, awaiting data)
[1692] +56.617486 ASYNC-IN-DONE ep=0x81 len=16 status=0 actual=16
	0000  08 00 00 18 f0 03 02 10  00 36 00 10 09 02 00 00 |.........6......|
[1693] +56.617613 ASYNC-IN-SUBMIT ep=0x81 len=0 type=BULK (in, awaiting data)
[1694] +56.725807 ASYNC-IN-DONE ep=0x81 len=0 status=2 actual=0
[1695] +56.725912 ASYNC-IN-SUBMIT ep=0x81 len=0 type=BULK (in, awaiting data)
[1696] +56.818660 ASYNC-IN-DONE ep=0x81 len=16 status=0 actual=16
	0000  08 00 00 18 ef 03 01 10  00 4c 00 10 65 02 00 00 |.........L..e...|
[1697] +56.818816 ASYNC-IN-SUBMIT ep=0x81 len=0 type=BULK (in, awaiting data)
[1698] +56.818990 ASYNC-IN-DONE ep=0x81 len=16 status=0 actual=16
	0000  08 00 00 18 ed 03 80 10  00 4c 00 10 c3 02 00 00 |.........L......|
[1699] +56.819072 ASYNC-IN-SUBMIT ep=0x81 len=0 type=BULK (in, awaiting data)
[1700] +56.851449 ASYNC-OUT ep=0x01 len=16 type=BULK 
	0000  08 00 00 18 80 10 ed 03  00 49 00 10 0e 1b 00 00 |.........I......|
[1701] +56.851642 ASYNC-OUT ep=0x01 len=16 type=BULK 
	0000  08 00 00 18 02 10 f0 03  00 35 00 10 22 10 00 00 |.........5.."...|
[1702] +56.851782 ASYNC-OUT-DONE ep=0x01 len=0 status=0 actual=16
[1703] +56.851829 ASYNC-OUT-DONE ep=0x01 len=0 status=0 actual=16
[1704] +56.930170 ASYNC-IN-DONE ep=0x81 len=0 status=2 actual=0
[1705] +56.930256 ASYNC-IN-SUBMIT ep=0x81 len=0 type=BULK (in, awaiting data)
[1706] +57.041673 ASYNC-IN-DONE ep=0x81 len=0 status=2 actual=0
[1707] +57.041781 ASYNC-IN-SUBMIT ep=0x81 len=0 type=BULK (in, awaiting data)
[1708] +57.142206 ASYNC-IN-DONE ep=0x81 len=0 status=2 actual=0
[1709] +57.142296 ASYNC-IN-SUBMIT ep=0x81 len=0 type=BULK (in, awaiting data)
[1710] +57.254661 ASYNC-IN-DONE ep=0x81 len=0 status=2 actual=0
[1711] +57.254751 ASYNC-IN-SUBMIT ep=0x81 len=0 type=BULK (in, awaiting data)
[1712] +57.365595 ASYNC-IN-DONE ep=0x81 len=0 status=2 actual=0
[1713] +57.365705 ASYNC-IN-SUBMIT ep=0x81 len=0 type=BULK (in, awaiting data)
[1714] +57.370054 ASYNC-OUT ep=0x01 len=16 type=BULK 
	0000  08 00 00 18 01 10 ef 03  00 49 00 10 93 1e 00 00 |.........I......|
[1715] +57.370285 ASYNC-OUT-DONE ep=0x01 len=0 status=0 actual=16
[1716] +57.473334 ASYNC-IN-DONE ep=0x81 len=0 status=2 actual=0
[1717] +57.473452 ASYNC-IN-SUBMIT ep=0x81 len=0 type=BULK (in, awaiting data)
[1718] +57.579216 ASYNC-IN-DONE ep=0x81 len=0 status=2 actual=0
[1719] +57.579314 ASYNC-IN-SUBMIT ep=0x81 len=0 type=BULK (in, awaiting data)
[1720] +57.621476 ASYNC-IN-DONE ep=0x81 len=16 status=0 actual=16
	0000  08 00 00 18 f0 03 02 10  00 37 00 10 09 02 00 00 |.........7......|
[1721] +57.621597 ASYNC-IN-SUBMIT ep=0x81 len=0 type=BULK (in, awaiting data)
[1722] +57.731779 ASYNC-IN-DONE ep=0x81 len=0 status=2 actual=0
[1723] +57.731892 ASYNC-IN-SUBMIT ep=0x81 len=0 type=BULK (in, awaiting data)
[1724] +57.821864 ASYNC-IN-DONE ep=0x81 len=16 status=0 actual=16
	0000  08 00 00 18 ef 03 01 10  00 4d 00 10 65 02 00 00 |.........M..e...|
[1725] +57.821994 ASYNC-IN-SUBMIT ep=0x81 len=0 type=BULK (in, awaiting data)
[1726] +57.822148 ASYNC-IN-DONE ep=0x81 len=16 status=0 actual=16
	0000  08 00 00 18 ed 03 80 10  00 4d 00 10 c3 02 00 00 |.........M......|
[1727] +57.822204 ASYNC-IN-SUBMIT ep=0x81 len=0 type=BULK (in, awaiting data)
[1728] +57.887826 ASYNC-OUT ep=0x01 len=16 type=BULK 
	0000  08 00 00 18 80 10 ed 03  00 4a 00 10 0e 1b 00 00 |.........J......|
[1729] +57.888038 ASYNC-OUT ep=0x01 len=16 type=BULK 
	0000  08 00 00 18 02 10 f0 03  00 36 00 10 22 10 00 00 |.........6.."...|
[1730] +57.888156 ASYNC-OUT-DONE ep=0x01 len=0 status=0 actual=16
[1731] +57.888186 ASYNC-OUT-DONE ep=0x01 len=0 status=0 actual=16
[1732] +57.932977 ASYNC-IN-DONE ep=0x81 len=0 status=2 actual=0
[1733] +57.933076 ASYNC-IN-SUBMIT ep=0x81 len=0 type=BULK (in, awaiting data)
[1734] +58.035049 ASYNC-IN-DONE ep=0x81 len=0 status=2 actual=0
[1735] +58.035128 ASYNC-IN-SUBMIT ep=0x81 len=0 type=BULK (in, awaiting data)
[1736] +58.146363 ASYNC-IN-DONE ep=0x81 len=0 status=2 actual=0
[1737] +58.146472 ASYNC-IN-SUBMIT ep=0x81 len=0 type=BULK (in, awaiting data)
[1738] +58.252337 ASYNC-IN-DONE ep=0x81 len=0 status=2 actual=0
[1739] +58.252442 ASYNC-IN-SUBMIT ep=0x81 len=0 type=BULK (in, awaiting data)
[1740] +58.365277 ASYNC-IN-DONE ep=0x81 len=0 status=2 actual=0
[1741] +58.365389 ASYNC-IN-SUBMIT ep=0x81 len=0 type=BULK (in, awaiting data)
[1742] +58.406619 ASYNC-OUT ep=0x01 len=16 type=BULK 
	0000  08 00 00 18 01 10 ef 03  00 4a 00 10 93 1e 00 00 |.........J......|
[1743] +58.406870 ASYNC-OUT-DONE ep=0x01 len=0 status=0 actual=16
[1744] +58.478199 ASYNC-IN-DONE ep=0x81 len=0 status=2 actual=0
[1745] +58.478296 ASYNC-IN-SUBMIT ep=0x81 len=0 type=BULK (in, awaiting data)
[1746] +58.588079 ASYNC-IN-DONE ep=0x81 len=0 status=2 actual=0
[1747] +58.588178 ASYNC-IN-SUBMIT ep=0x81 len=0 type=BULK (in, awaiting data)
[1748] +58.624281 ASYNC-IN-DONE ep=0x81 len=16 status=0 actual=16
	0000  08 00 00 18 f0 03 02 10  00 38 00 10 09 02 00 00 |.........8......|
[1749] +58.624401 ASYNC-IN-SUBMIT ep=0x81 len=0 type=BULK (in, awaiting data)
[1750] +58.724759 ASYNC-IN-DONE ep=0x81 len=0 status=2 actual=0
[1751] +58.724878 ASYNC-IN-SUBMIT ep=0x81 len=0 type=BULK (in, awaiting data)
[1752] +58.825363 ASYNC-IN-DONE ep=0x81 len=16 status=0 actual=16
	0000  08 00 00 18 ef 03 01 10  00 4e 00 10 65 02 00 00 |.........N..e...|
[1753] +58.825486 ASYNC-IN-SUBMIT ep=0x81 len=0 type=BULK (in, awaiting data)
[1754] +58.825621 ASYNC-IN-DONE ep=0x81 len=16 status=0 actual=16
	0000  08 00 00 18 ed 03 80 10  00 4e 00 10 c3 02 00 00 |.........N......|
[1755] +58.825672 ASYNC-IN-SUBMIT ep=0x81 len=0 type=BULK (in, awaiting data)
[1756] +58.925455 ASYNC-OUT ep=0x01 len=16 type=BULK 
	0000  08 00 00 18 80 10 ed 03  00 4b 00 10 0e 1b 00 00 |.........K......|
[1757] +58.925593 ASYNC-OUT ep=0x01 len=16 type=BULK 
	0000  08 00 00 18 02 10 f0 03  00 37 00 10 22 10 00 00 |.........7.."...|
[1758] +58.925672 ASYNC-OUT-DONE ep=0x01 len=0 status=0 actual=16
[1759] +58.925733 ASYNC-OUT-DONE ep=0x01 len=0 status=0 actual=16
[1760] +58.934858 ASYNC-IN-DONE ep=0x81 len=0 status=2 actual=0
[1761] +58.934922 ASYNC-IN-SUBMIT ep=0x81 len=0 type=BULK (in, awaiting data)
[1762] +59.046715 ASYNC-IN-DONE ep=0x81 len=0 status=2 actual=0
[1763] +59.046818 ASYNC-IN-SUBMIT ep=0x81 len=0 type=BULK (in, awaiting data)
[1764] +59.158894 ASYNC-IN-DONE ep=0x81 len=0 status=2 actual=0
[1765] +59.158980 ASYNC-IN-SUBMIT ep=0x81 len=0 type=BULK (in, awaiting data)
[1766] +59.265223 ASYNC-IN-DONE ep=0x81 len=0 status=2 actual=0
[1767] +59.265331 ASYNC-IN-SUBMIT ep=0x81 len=0 type=BULK (in, awaiting data)
[1768] +59.368238 ASYNC-IN-DONE ep=0x81 len=0 status=2 actual=0
[1769] +59.368354 ASYNC-IN-SUBMIT ep=0x81 len=0 type=BULK (in, awaiting data)
[1770] +59.445698 ASYNC-OUT ep=0x01 len=16 type=BULK 
	0000  08 00 00 18 01 10 ef 03  00 4b 00 10 93 1e 00 00 |.........K......|
[1771] +59.445970 ASYNC-OUT-DONE ep=0x01 len=0 status=0 actual=16
[1772] +59.475944 ASYNC-IN-DONE ep=0x81 len=0 status=2 actual=0
[1773] +59.476050 ASYNC-IN-SUBMIT ep=0x81 len=0 type=BULK (in, awaiting data)
[1774] +59.581682 ASYNC-IN-DONE ep=0x81 len=0 status=2 actual=0
[1775] +59.581758 ASYNC-IN-SUBMIT ep=0x81 len=0 type=BULK (in, awaiting data)
[1776] +59.627509 ASYNC-IN-DONE ep=0x81 len=16 status=0 actual=16
	0000  08 00 00 18 f0 03 02 10  00 39 00 10 09 02 00 00 |.........9......|
[1777] +59.627633 ASYNC-IN-SUBMIT ep=0x81 len=0 type=BULK (in, awaiting data)
[1778] +59.740455 ASYNC-IN-DONE ep=0x81 len=0 status=2 actual=0
[1779] +59.740546 ASYNC-IN-SUBMIT ep=0x81 len=0 type=BULK (in, awaiting data)
[1780] +59.828255 ASYNC-IN-DONE ep=0x81 len=16 status=0 actual=16
	0000  08 00 00 18 ef 03 01 10  00 4f 00 10 65 02 00 00 |.........O..e...|
[1781] +59.828397 ASYNC-IN-SUBMIT ep=0x81 len=0 type=BULK (in, awaiting data)
[1782] +59.828557 ASYNC-IN-DONE ep=0x81 len=16 status=0 actual=16
	0000  08 00 00 18 ed 03 80 10  00 4f 00 10 c3 02 00 00 |.........O......|
[1783] +59.828619 ASYNC-IN-SUBMIT ep=0x81 len=0 type=BULK (in, awaiting data)
[1784] +59.940764 ASYNC-IN-DONE ep=0x81 len=0 status=2 actual=0
[1785] +59.940863 ASYNC-IN-SUBMIT ep=0x81 len=0 type=BULK (in, awaiting data)
[1786] +59.965847 ASYNC-OUT ep=0x01 len=16 type=BULK 
	0000  08 00 00 18 80 10 ed 03  00 4c 00 10 0e 1b 00 00 |.........L......|
[1787] +59.965971 ASYNC-OUT ep=0x01 len=16 type=BULK 
	0000  08 00 00 18 02 10 f0 03  00 38 00 10 22 10 00 00 |.........8.."...|
[1788] +59.966083 ASYNC-OUT-DONE ep=0x01 len=0 status=0 actual=16
[1789] +59.966157 ASYNC-OUT-DONE ep=0x01 len=0 status=0 actual=16
[1790] +60.044668 ASYNC-IN-DONE ep=0x81 len=0 status=2 actual=0
[1791] +60.044770 ASYNC-IN-SUBMIT ep=0x81 len=0 type=BULK (in, awaiting data)
[1792] +60.152386 ASYNC-IN-DONE ep=0x81 len=0 status=2 actual=0
[1793] +60.152496 ASYNC-IN-SUBMIT ep=0x81 len=0 type=BULK (in, awaiting data)
[1794] +60.263971 ASYNC-IN-DONE ep=0x81 len=0 status=2 actual=0
[1795] +60.264059 ASYNC-IN-SUBMIT ep=0x81 len=0 type=BULK (in, awaiting data)
[1796] +60.370261 ASYNC-IN-DONE ep=0x81 len=0 status=2 actual=0
[1797] +60.370375 ASYNC-IN-SUBMIT ep=0x81 len=0 type=BULK (in, awaiting data)
[1798] +60.475726 ASYNC-IN-DONE ep=0x81 len=0 status=2 actual=0
[1799] +60.475834 ASYNC-IN-SUBMIT ep=0x81 len=0 type=BULK (in, awaiting data)
[1800] +60.483199 ASYNC-OUT ep=0x01 len=16 type=BULK 
	0000  08 00 00 18 01 10 ef 03  00 4c 00 10 93 1e 00 00 |.........L......|
[1801] +60.483533 ASYNC-OUT-DONE ep=0x01 len=0 status=0 actual=16
[1802] +60.587427 ASYNC-IN-DONE ep=0x81 len=0 status=2 actual=0
[1803] +60.587536 ASYNC-IN-SUBMIT ep=0x81 len=0 type=BULK (in, awaiting data)
[1804] +60.631384 ASYNC-IN-DONE ep=0x81 len=16 status=0 actual=16
	0000  08 00 00 18 f0 03 02 10  00 3a 00 10 09 02 00 00 |.........:......|
[1805] +60.631479 ASYNC-IN-SUBMIT ep=0x81 len=0 type=BULK (in, awaiting data)
[1806] +60.732721 ASYNC-IN-DONE ep=0x81 len=0 status=2 actual=0
[1807] +60.732817 ASYNC-IN-SUBMIT ep=0x81 len=0 type=BULK (in, awaiting data)
[1808] +60.831833 ASYNC-IN-DONE ep=0x81 len=16 status=0 actual=16
	0000  08 00 00 18 ef 03 01 10  00 50 00 10 65 02 00 00 |.........P..e...|
[1809] +60.831978 ASYNC-IN-SUBMIT ep=0x81 len=0 type=BULK (in, awaiting data)
[1810] +60.832176 ASYNC-IN-DONE ep=0x81 len=16 status=0 actual=16
	0000  08 00 00 18 ed 03 80 10  00 50 00 10 c3 02 00 00 |.........P......|
[1811] +60.832257 ASYNC-IN-SUBMIT ep=0x81 len=0 type=BULK (in, awaiting data)
[1812] +60.943195 ASYNC-IN-DONE ep=0x81 len=0 status=2 actual=0
[1813] +60.943301 ASYNC-IN-SUBMIT ep=0x81 len=0 type=BULK (in, awaiting data)
[1814] +61.001801 ASYNC-OUT ep=0x01 len=16 type=BULK 
	0000  08 00 00 18 80 10 ed 03  00 4d 00 10 0e 1b 00 00 |.........M......|
[1815] +61.002034 ASYNC-OUT ep=0x01 len=16 type=BULK 
	0000  08 00 00 18 02 10 f0 03  00 39 00 10 22 10 00 00 |.........9.."...|
[1816] +61.002147 ASYNC-OUT-DONE ep=0x01 len=0 status=0 actual=16
[1817] +61.002206 ASYNC-OUT-DONE ep=0x01 len=0 status=0 actual=16
[1818] +61.054704 ASYNC-IN-DONE ep=0x81 len=0 status=2 actual=0
[1819] +61.054804 ASYNC-IN-SUBMIT ep=0x81 len=0 type=BULK (in, awaiting data)
[1820] +61.167256 ASYNC-IN-DONE ep=0x81 len=0 status=2 actual=0
[1821] +61.167359 ASYNC-IN-SUBMIT ep=0x81 len=0 type=BULK (in, awaiting data)
[1822] +61.279719 ASYNC-IN-DONE ep=0x81 len=0 status=2 actual=0
[1823] +61.279814 ASYNC-IN-SUBMIT ep=0x81 len=0 type=BULK (in, awaiting data)
[1824] +61.392196 ASYNC-IN-DONE ep=0x81 len=0 status=2 actual=0
[1825] +61.392308 ASYNC-IN-SUBMIT ep=0x81 len=0 type=BULK (in, awaiting data)
[1826] +61.502008 ASYNC-IN-DONE ep=0x81 len=0 status=2 actual=0
[1827] +61.502101 ASYNC-IN-SUBMIT ep=0x81 len=0 type=BULK (in, awaiting data)
[1828] +61.520555 ASYNC-OUT ep=0x01 len=16 type=BULK 
	0000  08 00 00 18 01 10 ef 03  00 4d 00 10 93 1e 00 00 |.........M......|
[1829] +61.520789 ASYNC-OUT-DONE ep=0x01 len=0 status=0 actual=16
[1830] +61.614972 ASYNC-IN-DONE ep=0x81 len=0 status=2 actual=0
[1831] +61.615052 ASYNC-IN-SUBMIT ep=0x81 len=0 type=BULK (in, awaiting data)
[1832] +61.634422 ASYNC-IN-DONE ep=0x81 len=16 status=0 actual=16
	0000  08 00 00 18 f0 03 02 10  00 3b 00 10 09 02 00 00 |.........;......|
[1833] +61.634512 ASYNC-IN-SUBMIT ep=0x81 len=0 type=BULK (in, awaiting data)
[1834] +61.741623 ASYNC-IN-DONE ep=0x81 len=0 status=2 actual=0
[1835] +61.741724 ASYNC-IN-SUBMIT ep=0x81 len=0 type=BULK (in, awaiting data)
[1836] +61.835348 ASYNC-IN-DONE ep=0x81 len=16 status=0 actual=16
	0000  08 00 00 18 ef 03 01 10  00 51 00 10 65 02 00 00 |.........Q..e...|
[1837] +61.835500 ASYNC-IN-SUBMIT ep=0x81 len=0 type=BULK (in, awaiting data)
[1838] +61.835678 ASYNC-IN-DONE ep=0x81 len=16 status=0 actual=16
	0000  08 00 00 18 ed 03 80 10  00 51 00 10 c3 02 00 00 |.........Q......|
[1839] +61.835761 ASYNC-IN-SUBMIT ep=0x81 len=0 type=BULK (in, awaiting data)
[1840] +61.944719 ASYNC-IN-DONE ep=0x81 len=0 status=2 actual=0
[1841] +61.944819 ASYNC-IN-SUBMIT ep=0x81 len=0 type=BULK (in, awaiting data)
[1842] +62.038603 ASYNC-OUT ep=0x01 len=16 type=BULK 
	0000  08 00 00 18 80 10 ed 03  00 4e 00 10 0e 1b 00 00 |.........N......|
[1843] +62.038812 ASYNC-OUT ep=0x01 len=16 type=BULK 
	0000  08 00 00 18 02 10 f0 03  00 3a 00 10 22 10 00 00 |.........:.."...|
[1844] +62.038947 ASYNC-OUT-DONE ep=0x01 len=0 status=0 actual=16
[1845] +62.038999 ASYNC-OUT-DONE ep=0x01 len=0 status=0 actual=16
[1846] +62.057568 ASYNC-IN-DONE ep=0x81 len=0 status=2 actual=0
[1847] +62.057612 ASYNC-IN-SUBMIT ep=0x81 len=0 type=BULK (in, awaiting data)
[1848] +62.165523 ASYNC-IN-DONE ep=0x81 len=0 status=2 actual=0
[1849] +62.165623 ASYNC-IN-SUBMIT ep=0x81 len=0 type=BULK (in, awaiting data)
[1850] +62.267670 ASYNC-IN-DONE ep=0x81 len=0 status=2 actual=0
[1851] +62.267779 ASYNC-IN-SUBMIT ep=0x81 len=0 type=BULK (in, awaiting data)
[1852] +62.372615 ASYNC-IN-DONE ep=0x81 len=0 status=2 actual=0
[1853] +62.372725 ASYNC-IN-SUBMIT ep=0x81 len=0 type=BULK (in, awaiting data)
[1854] +62.474506 ASYNC-IN-DONE ep=0x81 len=0 status=2 actual=0
[1855] +62.474687 ASYNC-IN-SUBMIT ep=0x81 len=0 type=BULK (in, awaiting data)
[1856] +62.557639 ASYNC-OUT ep=0x01 len=16 type=BULK 
	0000  08 00 00 18 01 10 ef 03  00 4e 00 10 93 1e 00 00 |.........N......|
[1857] +62.558000 ASYNC-OUT-DONE ep=0x01 len=0 status=0 actual=16
[1858] +62.583533 ASYNC-IN-DONE ep=0x81 len=0 status=2 actual=0
[1859] +62.583654 ASYNC-IN-SUBMIT ep=0x81 len=0 type=BULK (in, awaiting data)
[1860] +62.638514 ASYNC-IN-DONE ep=0x81 len=16 status=0 actual=16
	0000  08 00 00 18 f0 03 02 10  00 3c 00 10 09 02 00 00 |.........<......|
[1861] +62.638680 ASYNC-IN-SUBMIT ep=0x81 len=0 type=BULK (in, awaiting data)
[1862] +62.751327 ASYNC-IN-DONE ep=0x81 len=0 status=2 actual=0
[1863] +62.751421 ASYNC-IN-SUBMIT ep=0x81 len=0 type=BULK (in, awaiting data)
[1864] +62.838833 ASYNC-IN-DONE ep=0x81 len=16 status=0 actual=16
	0000  08 00 00 18 ef 03 01 10  00 52 00 10 65 02 00 00 |.........R..e...|
[1865] +62.838987 ASYNC-IN-SUBMIT ep=0x81 len=0 type=BULK (in, awaiting data)
[1866] +62.839192 ASYNC-IN-DONE ep=0x81 len=16 status=0 actual=16
	0000  08 00 00 18 ed 03 80 10  00 52 00 10 c3 02 00 00 |.........R......|
[1867] +62.839279 ASYNC-IN-SUBMIT ep=0x81 len=0 type=BULK (in, awaiting data)
[1868] +62.950546 ASYNC-IN-DONE ep=0x81 len=0 status=2 actual=0
[1869] +62.950646 ASYNC-IN-SUBMIT ep=0x81 len=0 type=BULK (in, awaiting data)
[1870] +63.063048 ASYNC-IN-DONE ep=0x81 len=0 status=2 actual=0
[1871] +63.063137 ASYNC-IN-SUBMIT ep=0x81 len=0 type=BULK (in, awaiting data)
[1872] +63.077891 ASYNC-OUT ep=0x01 len=16 type=BULK 
	0000  08 00 00 18 80 10 ed 03  00 4f 00 10 0e 1b 00 00 |.........O......|
[1873] +63.078066 ASYNC-OUT ep=0x01 len=16 type=BULK 
	0000  08 00 00 18 02 10 f0 03  00 3b 00 10 22 10 00 00 |.........;.."...|
[1874] +63.078187 ASYNC-OUT-DONE ep=0x01 len=0 status=0 actual=16
[1875] +63.078210 ASYNC-OUT-DONE ep=0x01 len=0 status=0 actual=16
[1876] +63.175540 ASYNC-IN-DONE ep=0x81 len=0 status=2 actual=0
[1877] +63.175649 ASYNC-IN-SUBMIT ep=0x81 len=0 type=BULK (in, awaiting data)
[1878] +63.282018 ASYNC-IN-DONE ep=0x81 len=0 status=2 actual=0
[1879] +63.282077 ASYNC-IN-SUBMIT ep=0x81 len=0 type=BULK (in, awaiting data)
[1880] +63.394912 ASYNC-IN-DONE ep=0x81 len=0 status=2 actual=0
[1881] +63.395005 ASYNC-IN-SUBMIT ep=0x81 len=0 type=BULK (in, awaiting data)
[1882] +63.499503 ASYNC-IN-DONE ep=0x81 len=0 status=2 actual=0
[1883] +63.499662 ASYNC-IN-SUBMIT ep=0x81 len=0 type=BULK (in, awaiting data)
[1884] +63.595222 ASYNC-OUT ep=0x01 len=16 type=BULK 
	0000  08 00 00 18 01 10 ef 03  00 4f 00 10 93 1e 00 00 |.........O......|
[1885] +63.595571 ASYNC-OUT-DONE ep=0x01 len=0 status=0 actual=16
[1886] +63.610044 ASYNC-IN-DONE ep=0x81 len=0 status=2 actual=0
[1887] +63.610151 ASYNC-IN-SUBMIT ep=0x81 len=0 type=BULK (in, awaiting data)
[1888] +63.641210 ASYNC-IN-DONE ep=0x81 len=16 status=0 actual=16
	0000  08 00 00 18 f0 03 02 10  00 3d 00 10 09 02 00 00 |.........=......|
[1889] +63.641330 ASYNC-IN-SUBMIT ep=0x81 len=0 type=BULK (in, awaiting data)
[1890] +63.750536 ASYNC-IN-DONE ep=0x81 len=0 status=2 actual=0
[1891] +63.750647 ASYNC-IN-SUBMIT ep=0x81 len=0 type=BULK (in, awaiting data)
[1892] +63.841744 ASYNC-IN-DONE ep=0x81 len=16 status=0 actual=16
	0000  08 00 00 18 ef 03 01 10  00 53 00 10 65 02 00 00 |.........S..e...|
[1893] +63.841898 ASYNC-IN-SUBMIT ep=0x81 len=0 type=BULK (in, awaiting data)
[1894] +63.842057 ASYNC-IN-DONE ep=0x81 len=16 status=0 actual=16
	0000  08 00 00 18 ed 03 80 10  00 53 00 10 c3 02 00 00 |.........S......|
[1895] +63.842092 ASYNC-IN-SUBMIT ep=0x81 len=0 type=BULK (in, awaiting data)
[1896] +63.954770 ASYNC-IN-DONE ep=0x81 len=0 status=2 actual=0
[1897] +63.954874 ASYNC-IN-SUBMIT ep=0x81 len=0 type=BULK (in, awaiting data)
[1898] +64.067183 ASYNC-IN-DONE ep=0x81 len=0 status=2 actual=0
[1899] +64.067222 ASYNC-IN-SUBMIT ep=0x81 len=0 type=BULK (in, awaiting data)
[1900] +64.112922 ASYNC-OUT ep=0x01 len=16 type=BULK 
	0000  08 00 00 18 80 10 ed 03  00 50 00 10 0e 1b 00 00 |.........P......|
[1901] +64.113202 ASYNC-OUT ep=0x01 len=16 type=BULK 
	0000  08 00 00 18 02 10 f0 03  00 3c 00 10 22 10 00 00 |.........<.."...|
[1902] +64.113316 ASYNC-OUT-DONE ep=0x01 len=0 status=0 actual=16
[1903] +64.113368 ASYNC-OUT-DONE ep=0x01 len=0 status=0 actual=16
[1904] +64.179369 ASYNC-IN-DONE ep=0x81 len=0 status=2 actual=0
[1905] +64.179450 ASYNC-IN-SUBMIT ep=0x81 len=0 type=BULK (in, awaiting data)
[1906] +64.285324 ASYNC-IN-DONE ep=0x81 len=0 status=2 actual=0
[1907] +64.285435 ASYNC-IN-SUBMIT ep=0x81 len=0 type=BULK (in, awaiting data)
[1908] +64.395678 ASYNC-IN-DONE ep=0x81 len=0 status=2 actual=0
[1909] +64.395767 ASYNC-IN-SUBMIT ep=0x81 len=0 type=BULK (in, awaiting data)
[1910] +64.503220 ASYNC-IN-DONE ep=0x81 len=0 status=2 actual=0
[1911] +64.503329 ASYNC-IN-SUBMIT ep=0x81 len=0 type=BULK (in, awaiting data)
[1912] +64.611109 ASYNC-IN-DONE ep=0x81 len=0 status=2 actual=0
[1913] +64.611173 ASYNC-IN-SUBMIT ep=0x81 len=0 type=BULK (in, awaiting data)
[1914] +64.633151 ASYNC-OUT ep=0x01 len=16 type=BULK 
	0000  08 00 00 18 01 10 ef 03  00 50 00 10 93 1e 00 00 |.........P......|
[1915] +64.633454 ASYNC-OUT-DONE ep=0x01 len=0 status=0 actual=16
[1916] +64.644075 ASYNC-IN-DONE ep=0x81 len=16 status=0 actual=16
	0000  08 00 00 18 f0 03 02 10  00 3e 00 10 09 02 00 00 |.........>......|
[1917] +64.644189 ASYNC-IN-SUBMIT ep=0x81 len=0 type=BULK (in, awaiting data)
[1918] +64.756986 ASYNC-IN-DONE ep=0x81 len=0 status=2 actual=0
[1919] +64.757089 ASYNC-IN-SUBMIT ep=0x81 len=0 type=BULK (in, awaiting data)
[1920] +64.845029 ASYNC-IN-DONE ep=0x81 len=16 status=0 actual=16
	0000  08 00 00 18 ef 03 01 10  00 54 00 10 65 02 00 00 |.........T..e...|
[1921] +64.845185 ASYNC-IN-SUBMIT ep=0x81 len=0 type=BULK (in, awaiting data)
[1922] +64.845380 ASYNC-IN-DONE ep=0x81 len=16 status=0 actual=16
	0000  08 00 00 18 ed 03 80 10  00 54 00 10 c3 02 00 00 |.........T......|
[1923] +64.845445 ASYNC-IN-SUBMIT ep=0x81 len=0 type=BULK (in, awaiting data)
[1924] +64.954750 ASYNC-IN-DONE ep=0x81 len=0 status=2 actual=0
[1925] +64.954834 ASYNC-IN-SUBMIT ep=0x81 len=0 type=BULK (in, awaiting data)
[1926] +65.057320 ASYNC-IN-DONE ep=0x81 len=0 status=2 actual=0
[1927] +65.057438 ASYNC-IN-SUBMIT ep=0x81 len=0 type=BULK (in, awaiting data)
[1928] +65.151394 ASYNC-OUT ep=0x01 len=16 type=BULK 
	0000  08 00 00 18 80 10 ed 03  00 51 00 10 0e 1b 00 00 |.........Q......|
[1929] +65.151666 ASYNC-OUT ep=0x01 len=16 type=BULK 
	0000  08 00 00 18 02 10 f0 03  00 3d 00 10 22 10 00 00 |.........=.."...|
[1930] +65.151774 ASYNC-OUT-DONE ep=0x01 len=0 status=0 actual=16
[1931] +65.151830 ASYNC-OUT-DONE ep=0x01 len=0 status=0 actual=16
[1932] +65.170275 ASYNC-IN-DONE ep=0x81 len=0 status=2 actual=0
[1933] +65.170347 ASYNC-IN-SUBMIT ep=0x81 len=0 type=BULK (in, awaiting data)
[1934] +65.280737 ASYNC-IN-DONE ep=0x81 len=0 status=2 actual=0
[1935] +65.280820 ASYNC-IN-SUBMIT ep=0x81 len=0 type=BULK (in, awaiting data)
[1936] +65.393628 ASYNC-IN-DONE ep=0x81 len=0 status=2 actual=0
[1937] +65.393719 ASYNC-IN-SUBMIT ep=0x81 len=0 type=BULK (in, awaiting data)
[1938] +65.496706 ASYNC-IN-DONE ep=0x81 len=0 status=2 actual=0
[1939] +65.496792 ASYNC-IN-SUBMIT ep=0x81 len=0 type=BULK (in, awaiting data)
[1940] +65.601269 ASYNC-IN-DONE ep=0x81 len=0 status=2 actual=0
[1941] +65.601337 ASYNC-IN-SUBMIT ep=0x81 len=0 type=BULK (in, awaiting data)
[1942] +65.647717 ASYNC-IN-DONE ep=0x81 len=16 status=0 actual=16
	0000  08 00 00 18 f0 03 02 10  00 3f 00 10 09 02 00 00 |.........?......|
[1943] +65.647843 ASYNC-IN-SUBMIT ep=0x81 len=0 type=BULK (in, awaiting data)
[1944] +65.670273 ASYNC-OUT ep=0x01 len=16 type=BULK 
	0000  08 00 00 18 01 10 ef 03  00 51 00 10 93 1e 00 00 |.........Q......|
[1945] +65.670575 ASYNC-OUT-DONE ep=0x01 len=0 status=0 actual=16
[1946] +65.749999 ASYNC-IN-DONE ep=0x81 len=0 status=2 actual=0
[1947] +65.750094 ASYNC-IN-SUBMIT ep=0x81 len=0 type=BULK (in, awaiting data)
[1948] +65.848147 ASYNC-IN-DONE ep=0x81 len=16 status=0 actual=16
	0000  08 00 00 18 ef 03 01 10  00 55 00 10 65 02 00 00 |.........U..e...|
[1949] +65.848346 ASYNC-IN-SUBMIT ep=0x81 len=0 type=BULK (in, awaiting data)
[1950] +65.848499 ASYNC-IN-DONE ep=0x81 len=16 status=0 actual=16
	0000  08 00 00 18 ed 03 80 10  00 55 00 10 c3 02 00 00 |.........U......|
[1951] +65.848537 ASYNC-IN-SUBMIT ep=0x81 len=0 type=BULK (in, awaiting data)
[1952] +65.952351 ASYNC-IN-DONE ep=0x81 len=0 status=2 actual=0
[1953] +65.952407 ASYNC-IN-SUBMIT ep=0x81 len=0 type=BULK (in, awaiting data)
[1954] +66.064733 ASYNC-IN-DONE ep=0x81 len=0 status=2 actual=0
[1955] +66.064840 ASYNC-IN-SUBMIT ep=0x81 len=0 type=BULK (in, awaiting data)
[1956] +66.177659 ASYNC-IN-DONE ep=0x81 len=0 status=2 actual=0
[1957] +66.177740 ASYNC-IN-SUBMIT ep=0x81 len=0 type=BULK (in, awaiting data)
[1958] +66.190133 ASYNC-OUT ep=0x01 len=16 type=BULK 
	0000  08 00 00 18 80 10 ed 03  00 52 00 10 0e 1b 00 00 |.........R......|
[1959] +66.190324 ASYNC-OUT ep=0x01 len=16 type=BULK 
	0000  08 00 00 18 02 10 f0 03  00 3e 00 10 22 10 00 00 |.........>.."...|
[1960] +66.190450 ASYNC-OUT-DONE ep=0x01 len=0 status=0 actual=16
[1961] +66.190479 ASYNC-OUT-DONE ep=0x01 len=0 status=0 actual=16
[1962] +66.278064 ASYNC-IN-DONE ep=0x81 len=0 status=2 actual=0
[1963] +66.278133 ASYNC-IN-SUBMIT ep=0x81 len=0 type=BULK (in, awaiting data)
[1964] +66.380811 ASYNC-IN-DONE ep=0x81 len=0 status=2 actual=0
[1965] +66.380915 ASYNC-IN-SUBMIT ep=0x81 len=0 type=BULK (in, awaiting data)
[1966] +66.493357 ASYNC-IN-DONE ep=0x81 len=0 status=2 actual=0
[1967] +66.493433 ASYNC-IN-SUBMIT ep=0x81 len=0 type=BULK (in, awaiting data)
[1968] +66.598652 ASYNC-IN-DONE ep=0x81 len=0 status=2 actual=0
[1969] +66.598745 ASYNC-IN-SUBMIT ep=0x81 len=0 type=BULK (in, awaiting data)
[1970] +66.650876 ASYNC-IN-DONE ep=0x81 len=16 status=0 actual=16
	0000  08 00 00 18 f0 03 02 10  00 40 00 10 09 02 00 00 |.........@......|
[1971] +66.651018 ASYNC-IN-SUBMIT ep=0x81 len=0 type=BULK (in, awaiting data)
[1972] +66.709417 ASYNC-OUT ep=0x01 len=16 type=BULK 
	0000  08 00 00 18 01 10 ef 03  00 52 00 10 93 1e 00 00 |.........R......|
[1973] +66.709721 ASYNC-OUT-DONE ep=0x01 len=0 status=0 actual=16
[1974] +66.752624 ASYNC-IN-DONE ep=0x81 len=0 status=2 actual=0
[1975] +66.752714 ASYNC-IN-SUBMIT ep=0x81 len=0 type=BULK (in, awaiting data)
[1976] +66.851766 ASYNC-IN-DONE ep=0x81 len=16 status=0 actual=16
	0000  08 00 00 18 ef 03 01 10  00 56 00 10 65 02 00 00 |.........V..e...|
[1977] +66.851913 ASYNC-IN-SUBMIT ep=0x81 len=0 type=BULK (in, awaiting data)
[1978] +66.852116 ASYNC-IN-DONE ep=0x81 len=16 status=0 actual=16
	0000  08 00 00 18 ed 03 80 10  00 56 00 10 c3 02 00 00 |.........V......|
[1979] +66.852191 ASYNC-IN-SUBMIT ep=0x81 len=0 type=BULK (in, awaiting data)
[1980] +66.965008 ASYNC-IN-DONE ep=0x81 len=0 status=2 actual=0
[1981] +66.965089 ASYNC-IN-SUBMIT ep=0x81 len=0 type=BULK (in, awaiting data)
[1982] +67.070828 ASYNC-IN-DONE ep=0x81 len=0 status=2 actual=0
[1983] +67.070887 ASYNC-IN-SUBMIT ep=0x81 len=0 type=BULK (in, awaiting data)
[1984] +67.179336 ASYNC-IN-DONE ep=0x81 len=0 status=2 actual=0
[1985] +67.179435 ASYNC-IN-SUBMIT ep=0x81 len=0 type=BULK (in, awaiting data)
[1986] +67.229175 ASYNC-OUT ep=0x01 len=16 type=BULK 
	0000  08 00 00 18 80 10 ed 03  00 53 00 10 0e 1b 00 00 |.........S......|
[1987] +67.229313 ASYNC-OUT ep=0x01 len=16 type=BULK 
	0000  08 00 00 18 02 10 f0 03  00 3f 00 10 22 10 00 00 |.........?.."...|
[1988] +67.229404 ASYNC-OUT-DONE ep=0x01 len=0 status=0 actual=16
[1989] +67.229468 ASYNC-OUT-DONE ep=0x01 len=0 status=0 actual=16
[1990] +67.285758 ASYNC-IN-DONE ep=0x81 len=0 status=2 actual=0
[1991] +67.285848 ASYNC-IN-SUBMIT ep=0x81 len=0 type=BULK (in, awaiting data)
[1992] +67.398562 ASYNC-IN-DONE ep=0x81 len=0 status=2 actual=0
[1993] +67.398622 ASYNC-IN-SUBMIT ep=0x81 len=0 type=BULK (in, awaiting data)
[1994] +67.511316 ASYNC-IN-DONE ep=0x81 len=0 status=2 actual=0
[1995] +67.511398 ASYNC-IN-SUBMIT ep=0x81 len=0 type=BULK (in, awaiting data)
[1996] +67.619161 ASYNC-IN-DONE ep=0x81 len=0 status=2 actual=0
[1997] +67.619225 ASYNC-IN-SUBMIT ep=0x81 len=0 type=BULK (in, awaiting data)
[1998] +67.654039 ASYNC-IN-DONE ep=0x81 len=16 status=0 actual=16
	0000  08 00 00 18 f0 03 02 10  00 41 00 10 09 02 00 00 |.........A......|
[1999] +67.654158 ASYNC-IN-SUBMIT ep=0x81 len=0 type=BULK (in, awaiting data)
[2000] +67.748388 ASYNC-OUT ep=0x01 len=16 type=BULK 
	0000  08 00 00 18 01 10 ef 03  00 53 00 10 93 1e 00 00 |.........S......|
[2001] +67.748692 ASYNC-OUT-DONE ep=0x01 len=0 status=0 actual=16
[2002] +67.766935 ASYNC-IN-DONE ep=0x81 len=0 status=2 actual=0
[2003] +67.767003 ASYNC-IN-SUBMIT ep=0x81 len=0 type=BULK (in, awaiting data)
[2004] +67.854784 ASYNC-IN-DONE ep=0x81 len=16 status=0 actual=16
	0000  08 00 00 18 ef 03 01 10  00 57 00 10 65 02 00 00 |.........W..e...|
[2005] +67.854903 ASYNC-IN-SUBMIT ep=0x81 len=0 type=BULK (in, awaiting data)
[2006] +67.855053 ASYNC-IN-DONE ep=0x81 len=16 status=0 actual=16
	0000  08 00 00 18 ed 03 80 10  00 57 00 10 c3 02 00 00 |.........W......|
[2007] +67.855107 ASYNC-IN-SUBMIT ep=0x81 len=0 type=BULK (in, awaiting data)
[2008] +67.962598 ASYNC-IN-DONE ep=0x81 len=0 status=2 actual=0
[2009] +67.962697 ASYNC-IN-SUBMIT ep=0x81 len=0 type=BULK (in, awaiting data)
[2010] +68.065741 ASYNC-IN-DONE ep=0x81 len=0 status=2 actual=0
[2011] +68.065846 ASYNC-IN-SUBMIT ep=0x81 len=0 type=BULK (in, awaiting data)
[2012] +68.176264 ASYNC-IN-DONE ep=0x81 len=0 status=2 actual=0
[2013] +68.176354 ASYNC-IN-SUBMIT ep=0x81 len=0 type=BULK (in, awaiting data)
[2014] +68.267965 ASYNC-OUT ep=0x01 len=16 type=BULK 
	0000  08 00 00 18 80 10 ed 03  00 54 00 10 0e 1b 00 00 |.........T......|
[2015] +68.268178 ASYNC-OUT ep=0x01 len=16 type=BULK 
	0000  08 00 00 18 02 10 f0 03  00 40 00 10 22 10 00 00 |.........@.."...|
[2016] +68.268298 ASYNC-OUT-DONE ep=0x01 len=0 status=0 actual=16
[2017] +68.268328 ASYNC-OUT-DONE ep=0x01 len=0 status=0 actual=16
[2018] +68.279592 ASYNC-IN-DONE ep=0x81 len=0 status=2 actual=0
[2019] +68.279617 ASYNC-IN-SUBMIT ep=0x81 len=0 type=BULK (in, awaiting data)
[2020] +68.384885 ASYNC-IN-DONE ep=0x81 len=0 status=2 actual=0
[2021] +68.384950 ASYNC-IN-SUBMIT ep=0x81 len=0 type=BULK (in, awaiting data)
[2022] +68.493047 ASYNC-IN-DONE ep=0x81 len=0 status=2 actual=0
[2023] +68.493132 ASYNC-IN-SUBMIT ep=0x81 len=0 type=BULK (in, awaiting data)
[2024] +68.594128 ASYNC-IN-DONE ep=0x81 len=0 status=2 actual=0
[2025] +68.594222 ASYNC-IN-SUBMIT ep=0x81 len=0 type=BULK (in, awaiting data)
[2026] +68.657933 ASYNC-IN-DONE ep=0x81 len=16 status=0 actual=16
	0000  08 00 00 18 f0 03 02 10  00 42 00 10 09 02 00 00 |.........B......|
[2027] +68.658063 ASYNC-IN-SUBMIT ep=0x81 len=0 type=BULK (in, awaiting data)
[2028] +68.767213 ASYNC-IN-DONE ep=0x81 len=0 status=2 actual=0
[2029] +68.767304 ASYNC-IN-SUBMIT ep=0x81 len=0 type=BULK (in, awaiting data)
[2030] +68.786905 ASYNC-OUT ep=0x01 len=16 type=BULK 
	0000  08 00 00 18 01 10 ef 03  00 54 00 10 93 1e 00 00 |.........T......|
[2031] +68.787140 ASYNC-OUT-DONE ep=0x01 len=0 status=0 actual=16
[2032] +68.859095 ASYNC-IN-DONE ep=0x81 len=16 status=0 actual=16
	0000  08 00 00 18 ef 03 01 10  00 58 00 10 65 02 00 00 |.........X..e...|
[2033] +68.859202 ASYNC-IN-SUBMIT ep=0x81 len=0 type=BULK (in, awaiting data)
[2034] +68.859331 ASYNC-IN-DONE ep=0x81 len=16 status=0 actual=16
	0000  08 00 00 18 ed 03 80 10  00 58 00 10 c3 02 00 00 |.........X......|
[2035] +68.859370 ASYNC-IN-SUBMIT ep=0x81 len=0 type=BULK (in, awaiting data)
[2036] +68.967802 ASYNC-IN-DONE ep=0x81 len=0 status=2 actual=0
[2037] +68.967881 ASYNC-IN-SUBMIT ep=0x81 len=0 type=BULK (in, awaiting data)
[2038] +69.080257 ASYNC-IN-DONE ep=0x81 len=0 status=2 actual=0
[2039] +69.080363 ASYNC-IN-SUBMIT ep=0x81 len=0 type=BULK (in, awaiting data)
[2040] +69.191533 ASYNC-IN-DONE ep=0x81 len=0 status=2 actual=0
[2041] +69.191629 ASYNC-IN-SUBMIT ep=0x81 len=0 type=BULK (in, awaiting data)
[2042] +69.300578 ASYNC-IN-DONE ep=0x81 len=0 status=2 actual=0
[2043] +69.300659 ASYNC-IN-SUBMIT ep=0x81 len=0 type=BULK (in, awaiting data)
[2044] +69.305592 ASYNC-OUT ep=0x01 len=16 type=BULK 
	0000  08 00 00 18 80 10 ed 03  00 55 00 10 0e 1b 00 00 |.........U......|
[2045] +69.305687 ASYNC-OUT ep=0x01 len=16 type=BULK 
	0000  08 00 00 18 02 10 f0 03  00 41 00 10 22 10 00 00 |.........A.."...|
[2046] +69.305757 ASYNC-OUT-DONE ep=0x01 len=0 status=0 actual=16
[2047] +69.305827 ASYNC-OUT-DONE ep=0x01 len=0 status=0 actual=16
[2048] +69.409926 ASYNC-IN-DONE ep=0x81 len=0 status=2 actual=0
[2049] +69.410014 ASYNC-IN-SUBMIT ep=0x81 len=0 type=BULK (in, awaiting data)
[2050] +69.522772 ASYNC-IN-DONE ep=0x81 len=0 status=2 actual=0
[2051] +69.522854 ASYNC-IN-SUBMIT ep=0x81 len=0 type=BULK (in, awaiting data)
[2052] +69.624954 ASYNC-IN-DONE ep=0x81 len=0 status=2 actual=0
[2053] +69.625055 ASYNC-IN-SUBMIT ep=0x81 len=0 type=BULK (in, awaiting data)
[2054] +69.660865 ASYNC-IN-DONE ep=0x81 len=16 status=0 actual=16
	0000  08 00 00 18 f0 03 02 10  00 43 00 10 09 02 00 00 |.........C......|
[2055] +69.660967 ASYNC-IN-SUBMIT ep=0x81 len=0 type=BULK (in, awaiting data)
[2056] +69.762932 ASYNC-IN-DONE ep=0x81 len=0 status=2 actual=0
[2057] +69.763042 ASYNC-IN-SUBMIT ep=0x81 len=0 type=BULK (in, awaiting data)
[2058] +69.825615 ASYNC-OUT ep=0x01 len=16 type=BULK 
	0000  08 00 00 18 01 10 ef 03  00 55 00 10 93 1e 00 00 |.........U......|
[2059] +69.825897 ASYNC-OUT-DONE ep=0x01 len=0 status=0 actual=16
[2060] +69.861915 ASYNC-IN-DONE ep=0x81 len=16 status=0 actual=16
	0000  08 00 00 18 ef 03 01 10  00 59 00 10 65 02 00 00 |.........Y..e...|
[2061] +69.862020 ASYNC-IN-SUBMIT ep=0x81 len=0 type=BULK (in, awaiting data)
[2062] +69.862183 ASYNC-IN-DONE ep=0x81 len=16 status=0 actual=16
	0000  08 00 00 18 ed 03 80 10  00 59 00 10 c3 02 00 00 |.........Y......|
[2063] +69.862238 ASYNC-IN-SUBMIT ep=0x81 len=0 type=BULK (in, awaiting data)
[2064] +69.965475 ASYNC-IN-DONE ep=0x81 len=0 status=2 actual=0
[2065] +69.965581 ASYNC-IN-SUBMIT ep=0x81 len=0 type=BULK (in, awaiting data)
[2066] +70.073972 ASYNC-IN-DONE ep=0x81 len=0 status=2 actual=0
[2067] +70.073993 ASYNC-IN-SUBMIT ep=0x81 len=0 type=BULK (in, awaiting data)
[2068] +70.185435 ASYNC-IN-DONE ep=0x81 len=0 status=2 actual=0
[2069] +70.185525 ASYNC-IN-SUBMIT ep=0x81 len=0 type=BULK (in, awaiting data)
[2070] +70.291122 ASYNC-IN-DONE ep=0x81 len=0 status=2 actual=0
[2071] +70.291241 ASYNC-IN-SUBMIT ep=0x81 len=0 type=BULK (in, awaiting data)
[2072] +70.345072 ASYNC-OUT ep=0x01 len=16 type=BULK 
	0000  08 00 00 18 80 10 ed 03  00 56 00 10 0e 1b 00 00 |.........V......|
[2073] +70.345298 ASYNC-OUT ep=0x01 len=16 type=BULK 
	0000  08 00 00 18 02 10 f0 03  00 42 00 10 22 10 00 00 |.........B.."...|
[2074] +70.345390 ASYNC-OUT-DONE ep=0x01 len=0 status=0 actual=16
[2075] +70.345486 ASYNC-OUT-DONE ep=0x01 len=0 status=0 actual=16
[2076] +70.397314 ASYNC-IN-DONE ep=0x81 len=0 status=2 actual=0
[2077] +70.397401 ASYNC-IN-SUBMIT ep=0x81 len=0 type=BULK (in, awaiting data)
[2078] +70.505708 ASYNC-IN-DONE ep=0x81 len=0 status=2 actual=0
[2079] +70.505779 ASYNC-IN-SUBMIT ep=0x81 len=0 type=BULK (in, awaiting data)
[2080] +70.618578 ASYNC-IN-DONE ep=0x81 len=0 status=2 actual=0
[2081] +70.618685 ASYNC-IN-SUBMIT ep=0x81 len=0 type=BULK (in, awaiting data)
[2082] +70.664182 ASYNC-IN-DONE ep=0x81 len=16 status=0 actual=16
	0000  08 00 00 18 f0 03 02 10  00 44 00 10 09 02 00 00 |.........D......|
[2083] +70.664327 ASYNC-IN-SUBMIT ep=0x81 len=0 type=BULK (in, awaiting data)
[2084] +70.765771 ASYNC-IN-DONE ep=0x81 len=0 status=2 actual=0
[2085] +70.765865 ASYNC-IN-SUBMIT ep=0x81 len=0 type=BULK (in, awaiting data)
[2086] +70.863725 ASYNC-OUT ep=0x01 len=16 type=BULK 
	0000  08 00 00 18 01 10 ef 03  00 56 00 10 93 1e 00 00 |.........V......|
[2087] +70.864056 ASYNC-OUT-DONE ep=0x01 len=0 status=0 actual=16
[2088] +70.864955 ASYNC-IN-DONE ep=0x81 len=16 status=0 actual=16
	0000  08 00 00 18 ef 03 01 10  00 5a 00 10 65 02 00 00 |.........Z..e...|
[2089] +70.865000 ASYNC-IN-SUBMIT ep=0x81 len=0 type=BULK (in, awaiting data)
[2090] +70.865136 ASYNC-IN-DONE ep=0x81 len=16 status=0 actual=16
	0000  08 00 00 18 ed 03 80 10  00 5a 00 10 c3 02 00 00 |.........Z......|
[2091] +70.865168 ASYNC-IN-SUBMIT ep=0x81 len=0 type=BULK (in, awaiting data)
[2092] +70.965757 ASYNC-IN-DONE ep=0x81 len=0 status=2 actual=0
[2093] +70.965859 ASYNC-IN-SUBMIT ep=0x81 len=0 type=BULK (in, awaiting data)
[2094] +71.077808 ASYNC-IN-DONE ep=0x81 len=0 status=2 actual=0
[2095] +71.077872 ASYNC-IN-SUBMIT ep=0x81 len=0 type=BULK (in, awaiting data)
[2096] +71.190531 ASYNC-IN-DONE ep=0x81 len=0 status=2 actual=0
[2097] +71.190612 ASYNC-IN-SUBMIT ep=0x81 len=0 type=BULK (in, awaiting data)
[2098] +71.301034 ASYNC-IN-DONE ep=0x81 len=0 status=2 actual=0
[2099] +71.301114 ASYNC-IN-SUBMIT ep=0x81 len=0 type=BULK (in, awaiting data)
[2100] +71.384166 ASYNC-OUT ep=0x01 len=16 type=BULK 
	0000  08 00 00 18 80 10 ed 03  00 57 00 10 0e 1b 00 00 |.........W......|
[2101] +71.384355 ASYNC-OUT ep=0x01 len=16 type=BULK 
	0000  08 00 00 18 02 10 f0 03  00 43 00 10 22 10 00 00 |.........C.."...|
[2102] +71.384487 ASYNC-OUT-DONE ep=0x01 len=0 status=0 actual=16
[2103] +71.384535 ASYNC-OUT-DONE ep=0x01 len=0 status=0 actual=16
[2104] +71.409605 ASYNC-IN-DONE ep=0x81 len=0 status=2 actual=0
[2105] +71.409678 ASYNC-IN-SUBMIT ep=0x81 len=0 type=BULK (in, awaiting data)
[2106] +71.521351 ASYNC-IN-DONE ep=0x81 len=0 status=2 actual=0
[2107] +71.521433 ASYNC-IN-SUBMIT ep=0x81 len=0 type=BULK (in, awaiting data)
[2108] +71.624431 ASYNC-IN-DONE ep=0x81 len=0 status=2 actual=0
[2109] +71.624532 ASYNC-IN-SUBMIT ep=0x81 len=0 type=BULK (in, awaiting data)
[2110] +71.668027 ASYNC-IN-DONE ep=0x81 len=16 status=0 actual=16
	0000  08 00 00 18 f0 03 02 10  00 45 00 10 09 02 00 00 |.........E......|
[2111] +71.668118 ASYNC-IN-SUBMIT ep=0x81 len=0 type=BULK (in, awaiting data)
[2112] +71.773473 ASYNC-IN-DONE ep=0x81 len=0 status=2 actual=0
[2113] +71.773640 ASYNC-IN-SUBMIT ep=0x81 len=0 type=BULK (in, awaiting data)
[2114] +71.868340 ASYNC-IN-DONE ep=0x81 len=16 status=0 actual=16
	0000  08 00 00 18 ef 03 01 10  00 5b 00 10 65 02 00 00 |.........[..e...|
[2115] +71.868470 ASYNC-IN-SUBMIT ep=0x81 len=0 type=BULK (in, awaiting data)
[2116] +71.868631 ASYNC-IN-DONE ep=0x81 len=16 status=0 actual=16
	0000  08 00 00 18 ed 03 80 10  00 5b 00 10 c3 02 00 00 |.........[......|
[2117] +71.868687 ASYNC-IN-SUBMIT ep=0x81 len=0 type=BULK (in, awaiting data)
[2118] +71.902665 ASYNC-OUT ep=0x01 len=16 type=BULK 
	0000  08 00 00 18 01 10 ef 03  00 57 00 10 93 1e 00 00 |.........W......|
[2119] +71.902968 ASYNC-OUT-DONE ep=0x01 len=0 status=0 actual=16
[2120] +71.980869 ASYNC-IN-DONE ep=0x81 len=0 status=2 actual=0
[2121] +71.980959 ASYNC-IN-SUBMIT ep=0x81 len=0 type=BULK (in, awaiting data)
[2122] +72.085720 ASYNC-IN-DONE ep=0x81 len=0 status=2 actual=0
[2123] +72.085800 ASYNC-IN-SUBMIT ep=0x81 len=0 type=BULK (in, awaiting data)
[2124] +72.196329 ASYNC-IN-DONE ep=0x81 len=0 status=2 actual=0
[2125] +72.196417 ASYNC-IN-SUBMIT ep=0x81 len=0 type=BULK (in, awaiting data)
[2126] +72.302079 ASYNC-IN-DONE ep=0x81 len=0 status=2 actual=0
[2127] +72.302160 ASYNC-IN-SUBMIT ep=0x81 len=0 type=BULK (in, awaiting data)
[2128] +72.413049 ASYNC-IN-DONE ep=0x81 len=0 status=2 actual=0
[2129] +72.413131 ASYNC-IN-SUBMIT ep=0x81 len=0 type=BULK (in, awaiting data)
[2130] +72.421167 ASYNC-OUT ep=0x01 len=16 type=BULK 
	0000  08 00 00 18 80 10 ed 03  00 58 00 10 0e 1b 00 00 |.........X......|
[2131] +72.421319 ASYNC-OUT ep=0x01 len=16 type=BULK 
	0000  08 00 00 18 02 10 f0 03  00 44 00 10 22 10 00 00 |.........D.."...|
[2132] +72.421433 ASYNC-OUT-DONE ep=0x01 len=0 status=0 actual=16
[2133] +72.421461 ASYNC-OUT-DONE ep=0x01 len=0 status=0 actual=16
[2134] +72.518450 ASYNC-IN-DONE ep=0x81 len=0 status=2 actual=0
[2135] +72.518533 ASYNC-IN-SUBMIT ep=0x81 len=0 type=BULK (in, awaiting data)
[2136] +72.629538 ASYNC-IN-DONE ep=0x81 len=0 status=2 actual=0
[2137] +72.629637 ASYNC-IN-SUBMIT ep=0x81 len=0 type=BULK (in, awaiting data)
[2138] +72.670798 ASYNC-IN-DONE ep=0x81 len=16 status=0 actual=16
	0000  08 00 00 18 f0 03 02 10  00 46 00 10 09 02 00 00 |.........F......|
[2139] +72.670888 ASYNC-IN-SUBMIT ep=0x81 len=0 type=BULK (in, awaiting data)
[2140] +72.774310 ASYNC-IN-DONE ep=0x81 len=0 status=2 actual=0
[2141] +72.774387 ASYNC-IN-SUBMIT ep=0x81 len=0 type=BULK (in, awaiting data)
[2142] +72.871645 ASYNC-IN-DONE ep=0x81 len=16 status=0 actual=16
	0000  08 00 00 18 ef 03 01 10  00 5c 00 10 65 02 00 00 |.........\..e...|
[2143] +72.871775 ASYNC-IN-SUBMIT ep=0x81 len=0 type=BULK (in, awaiting data)
[2144] +72.871950 ASYNC-IN-DONE ep=0x81 len=16 status=0 actual=16
	0000  08 00 00 18 ed 03 80 10  00 5c 00 10 c3 02 00 00 |.........\......|
[2145] +72.872027 ASYNC-IN-SUBMIT ep=0x81 len=0 type=BULK (in, awaiting data)
[2146] +72.940979 ASYNC-OUT ep=0x01 len=16 type=BULK 
	0000  08 00 00 18 01 10 ef 03  00 58 00 10 93 1e 00 00 |.........X......|
[2147] +72.941262 ASYNC-OUT-DONE ep=0x01 len=0 status=0 actual=16
[2148] +72.984781 ASYNC-IN-DONE ep=0x81 len=0 status=2 actual=0
[2149] +72.984856 ASYNC-IN-SUBMIT ep=0x81 len=0 type=BULK (in, awaiting data)
[2150] +73.085758 ASYNC-IN-DONE ep=0x81 len=0 status=2 actual=0
[2151] +73.085855 ASYNC-IN-SUBMIT ep=0x81 len=0 type=BULK (in, awaiting data)
[2152] +73.190504 ASYNC-IN-DONE ep=0x81 len=0 status=2 actual=0
[2153] +73.190569 ASYNC-IN-SUBMIT ep=0x81 len=0 type=BULK (in, awaiting data)
[2154] +73.303110 ASYNC-IN-DONE ep=0x81 len=0 status=2 actual=0
[2155] +73.303231 ASYNC-IN-SUBMIT ep=0x81 len=0 type=BULK (in, awaiting data)
[2156] +73.407808 ASYNC-IN-DONE ep=0x81 len=0 status=2 actual=0
[2157] +73.407886 ASYNC-IN-SUBMIT ep=0x81 len=0 type=BULK (in, awaiting data)
[2158] +73.459819 ASYNC-OUT ep=0x01 len=16 type=BULK 
	0000  08 00 00 18 80 10 ed 03  00 59 00 10 0e 1b 00 00 |.........Y......|
[2159] +73.460067 ASYNC-OUT ep=0x01 len=16 type=BULK 
	0000  08 00 00 18 02 10 f0 03  00 45 00 10 22 10 00 00 |.........E.."...|
[2160] +73.460182 ASYNC-OUT-DONE ep=0x01 len=0 status=0 actual=16
[2161] +73.460222 ASYNC-OUT-DONE ep=0x01 len=0 status=0 actual=16
[2162] +73.519511 ASYNC-IN-DONE ep=0x81 len=0 status=2 actual=0
[2163] +73.519603 ASYNC-IN-SUBMIT ep=0x81 len=0 type=BULK (in, awaiting data)
[2164] +73.621687 ASYNC-IN-DONE ep=0x81 len=0 status=2 actual=0
[2165] +73.621779 ASYNC-IN-SUBMIT ep=0x81 len=0 type=BULK (in, awaiting data)
[2166] +73.674362 ASYNC-IN-DONE ep=0x81 len=16 status=0 actual=16
	0000  08 00 00 18 f0 03 02 10  00 47 00 10 09 02 00 00 |.........G......|
[2167] +73.674521 ASYNC-IN-SUBMIT ep=0x81 len=0 type=BULK (in, awaiting data)
[2168] +73.780257 ASYNC-IN-DONE ep=0x81 len=0 status=2 actual=0
[2169] +73.780416 ASYNC-IN-SUBMIT ep=0x81 len=0 type=BULK (in, awaiting data)
[2170] +73.874735 ASYNC-IN-DONE ep=0x81 len=16 status=0 actual=16
	0000  08 00 00 18 ef 03 01 10  00 5d 00 10 65 02 00 00 |.........]..e...|
[2171] +73.874847 ASYNC-IN-SUBMIT ep=0x81 len=0 type=BULK (in, awaiting data)
[2172] +73.874963 ASYNC-IN-DONE ep=0x81 len=16 status=0 actual=16
	0000  08 00 00 18 ed 03 80 10  00 5d 00 10 c3 02 00 00 |.........]......|
[2173] +73.875012 ASYNC-IN-SUBMIT ep=0x81 len=0 type=BULK (in, awaiting data)
[2174] +73.979499 ASYNC-OUT ep=0x01 len=16 type=BULK 
	0000  08 00 00 18 01 10 ef 03  00 59 00 10 93 1e 00 00 |.........Y......|
[2175] +73.979813 ASYNC-OUT-DONE ep=0x01 len=0 status=0 actual=16
[2176] +73.985638 ASYNC-IN-DONE ep=0x81 len=0 status=2 actual=0
[2177] +73.985682 ASYNC-IN-SUBMIT ep=0x81 len=0 type=BULK (in, awaiting data)
[2178] +74.098461 ASYNC-IN-DONE ep=0x81 len=0 status=2 actual=0
[2179] +74.098557 ASYNC-IN-SUBMIT ep=0x81 len=0 type=BULK (in, awaiting data)
[2180] +74.202050 ASYNC-IN-DONE ep=0x81 len=0 status=2 actual=0
[2181] +74.202128 ASYNC-IN-SUBMIT ep=0x81 len=0 type=BULK (in, awaiting data)
[2182] +74.304199 ASYNC-IN-DONE ep=0x81 len=0 status=2 actual=0
[2183] +74.304322 ASYNC-IN-SUBMIT ep=0x81 len=0 type=BULK (in, awaiting data)
[2184] +74.409489 ASYNC-IN-DONE ep=0x81 len=0 status=2 actual=0
[2185] +74.409597 ASYNC-IN-SUBMIT ep=0x81 len=0 type=BULK (in, awaiting data)
[2186] +74.496841 ASYNC-OUT ep=0x01 len=16 type=BULK 
	0000  08 00 00 18 80 10 ed 03  00 5a 00 10 0e 1b 00 00 |.........Z......|
[2187] +74.497047 ASYNC-OUT ep=0x01 len=16 type=BULK 
	0000  08 00 00 18 02 10 f0 03  00 46 00 10 22 10 00 00 |.........F.."...|
[2188] +74.497168 ASYNC-OUT-DONE ep=0x01 len=0 status=0 actual=16
[2189] +74.497230 ASYNC-OUT-DONE ep=0x01 len=0 status=0 actual=16
[2190] +74.517179 ASYNC-IN-DONE ep=0x81 len=0 status=2 actual=0
[2191] +74.517245 ASYNC-IN-SUBMIT ep=0x81 len=0 type=BULK (in, awaiting data)
[2192] +74.628683 ASYNC-IN-DONE ep=0x81 len=0 status=2 actual=0
[2193] +74.628768 ASYNC-IN-SUBMIT ep=0x81 len=0 type=BULK (in, awaiting data)
[2194] +74.677608 ASYNC-IN-DONE ep=0x81 len=16 status=0 actual=16
	0000  08 00 00 18 f0 03 02 10  00 48 00 10 09 02 00 00 |.........H......|
[2195] +74.677726 ASYNC-IN-SUBMIT ep=0x81 len=0 type=BULK (in, awaiting data)
[2196] +74.784929 ASYNC-IN-DONE ep=0x81 len=0 status=2 actual=0
[2197] +74.785034 ASYNC-IN-SUBMIT ep=0x81 len=0 type=BULK (in, awaiting data)
[2198] +74.878672 ASYNC-IN-DONE ep=0x81 len=16 status=0 actual=16
	0000  08 00 00 18 ef 03 01 10  00 5e 00 10 65 02 00 00 |.........^..e...|
[2199] +74.878821 ASYNC-IN-SUBMIT ep=0x81 len=0 type=BULK (in, awaiting data)
[2200] +74.879010 ASYNC-IN-DONE ep=0x81 len=16 status=0 actual=16
	0000  08 00 00 18 ed 03 80 10  00 5e 00 10 c3 02 00 00 |.........^......|
[2201] +74.879091 ASYNC-IN-SUBMIT ep=0x81 len=0 type=BULK (in, awaiting data)
[2202] +74.989361 ASYNC-IN-DONE ep=0x81 len=0 status=2 actual=0
[2203] +74.989477 ASYNC-IN-SUBMIT ep=0x81 len=0 type=BULK (in, awaiting data)
[2204] +75.015193 ASYNC-OUT ep=0x01 len=16 type=BULK 
	0000  08 00 00 18 01 10 ef 03  00 5a 00 10 93 1e 00 00 |.........Z......|
[2205] +75.015443 ASYNC-OUT-DONE ep=0x01 len=0 status=0 actual=16
[2206] +75.102247 ASYNC-IN-DONE ep=0x81 len=0 status=2 actual=0
[2207] +75.102335 ASYNC-IN-SUBMIT ep=0x81 len=0 type=BULK (in, awaiting data)
[2208] +75.215174 ASYNC-IN-DONE ep=0x81 len=0 status=2 actual=0
[2209] +75.215276 ASYNC-IN-SUBMIT ep=0x81 len=0 type=BULK (in, awaiting data)
[2210] +75.327496 ASYNC-IN-DONE ep=0x81 len=0 status=2 actual=0
[2211] +75.327596 ASYNC-IN-SUBMIT ep=0x81 len=0 type=BULK (in, awaiting data)
[2212] +75.429663 ASYNC-IN-DONE ep=0x81 len=0 status=2 actual=0
[2213] +75.429766 ASYNC-IN-SUBMIT ep=0x81 len=0 type=BULK (in, awaiting data)
[2214] +75.533769 ASYNC-OUT ep=0x01 len=16 type=BULK 
	0000  08 00 00 18 80 10 ed 03  00 5b 00 10 0e 1b 00 00 |.........[......|
[2215] +75.533971 ASYNC-OUT ep=0x01 len=16 type=BULK 
	0000  08 00 00 18 02 10 f0 03  00 47 00 10 22 10 00 00 |.........G.."...|
[2216] +75.534100 ASYNC-OUT-DONE ep=0x01 len=0 status=0 actual=16
[2217] +75.534152 ASYNC-OUT-DONE ep=0x01 len=0 status=0 actual=16
[2218] +75.542172 ASYNC-IN-DONE ep=0x81 len=0 status=2 actual=0
[2219] +75.542245 ASYNC-IN-SUBMIT ep=0x81 len=0 type=BULK (in, awaiting data)
[2220] +75.644951 ASYNC-IN-DONE ep=0x81 len=0 status=2 actual=0
[2221] +75.645059 ASYNC-IN-SUBMIT ep=0x81 len=0 type=BULK (in, awaiting data)
[2222] +75.680787 ASYNC-IN-DONE ep=0x81 len=16 status=0 actual=16
	0000  08 00 00 18 f0 03 02 10  00 49 00 10 09 02 00 00 |.........I......|
[2223] +75.680919 ASYNC-IN-SUBMIT ep=0x81 len=0 type=BULK (in, awaiting data)
[2224] +75.793007 ASYNC-IN-DONE ep=0x81 len=0 status=2 actual=0
[2225] +75.793117 ASYNC-IN-SUBMIT ep=0x81 len=0 type=BULK (in, awaiting data)
[2226] +75.881565 ASYNC-IN-DONE ep=0x81 len=16 status=0 actual=16
	0000  08 00 00 18 ef 03 01 10  00 5f 00 10 65 02 00 00 |........._..e...|
[2227] +75.881721 ASYNC-IN-SUBMIT ep=0x81 len=0 type=BULK (in, awaiting data)
[2228] +75.881905 ASYNC-IN-DONE ep=0x81 len=16 status=0 actual=16
	0000  08 00 00 18 ed 03 80 10  00 5f 00 10 c3 02 00 00 |........._......|
[2229] +75.881992 ASYNC-IN-SUBMIT ep=0x81 len=0 type=BULK (in, awaiting data)
[2230] +75.994677 ASYNC-IN-DONE ep=0x81 len=0 status=2 actual=0
[2231] +75.994713 ASYNC-IN-SUBMIT ep=0x81 len=0 type=BULK (in, awaiting data)
[2232] +76.053130 ASYNC-OUT ep=0x01 len=16 type=BULK 
	0000  08 00 00 18 01 10 ef 03  00 5b 00 10 93 1e 00 00 |.........[......|
[2233] +76.053314 ASYNC-OUT-DONE ep=0x01 len=0 status=0 actual=16
[2234] +76.100597 ASYNC-IN-DONE ep=0x81 len=0 status=2 actual=0
[2235] +76.100625 ASYNC-IN-SUBMIT ep=0x81 len=0 type=BULK (in, awaiting data)
[2236] +76.204043 ASYNC-IN-DONE ep=0x81 len=0 status=2 actual=0
[2237] +76.204072 ASYNC-IN-SUBMIT ep=0x81 len=0 type=BULK (in, awaiting data)
[2238] +76.304675 ASYNC-IN-DONE ep=0x81 len=0 status=2 actual=0
[2239] +76.304702 ASYNC-IN-SUBMIT ep=0x81 len=0 type=BULK (in, awaiting data)
### MARK BLOCK-select-Dist
[2240] +76.417600 ASYNC-IN-DONE ep=0x81 len=0 status=2 actual=0
[2241] +76.417614 ASYNC-IN-SUBMIT ep=0x81 len=0 type=BULK (in, awaiting data)
[2242] +76.523855 ASYNC-IN-DONE ep=0x81 len=0 status=2 actual=0
[2243] +76.523884 ASYNC-IN-SUBMIT ep=0x81 len=0 type=BULK (in, awaiting data)
[2244] +76.572459 ASYNC-OUT ep=0x01 len=16 type=BULK 
	0000  08 00 00 18 80 10 ed 03  00 5c 00 10 0e 1b 00 00 |.........\......|
[2245] +76.572625 ASYNC-OUT ep=0x01 len=16 type=BULK 
	0000  08 00 00 18 02 10 f0 03  00 48 00 10 22 10 00 00 |.........H.."...|
[2246] +76.572704 ASYNC-OUT-DONE ep=0x01 len=0 status=0 actual=16
[2247] +76.572758 ASYNC-OUT-DONE ep=0x01 len=0 status=0 actual=16
[2248] +76.629526 ASYNC-IN-DONE ep=0x81 len=0 status=2 actual=0
[2249] +76.629592 ASYNC-IN-SUBMIT ep=0x81 len=0 type=BULK (in, awaiting data)
[2250] +76.684177 ASYNC-IN-DONE ep=0x81 len=16 status=0 actual=16
	0000  08 00 00 18 f0 03 02 10  00 4a 00 10 09 02 00 00 |.........J......|
[2251] +76.684289 ASYNC-IN-SUBMIT ep=0x81 len=0 type=BULK (in, awaiting data)
[2252] +76.786481 ASYNC-IN-DONE ep=0x81 len=0 status=2 actual=0
[2253] +76.786590 ASYNC-IN-SUBMIT ep=0x81 len=0 type=BULK (in, awaiting data)
[2254] +76.885477 ASYNC-IN-DONE ep=0x81 len=16 status=0 actual=16
	0000  08 00 00 18 ef 03 01 10  00 60 00 10 65 02 00 00 |.........`..e...|
[2255] +76.885662 ASYNC-IN-SUBMIT ep=0x81 len=0 type=BULK (in, awaiting data)
[2256] +76.885847 ASYNC-IN-DONE ep=0x81 len=16 status=0 actual=16
	0000  08 00 00 18 ed 03 80 10  00 60 00 10 c3 02 00 00 |.........`......|
[2257] +76.885935 ASYNC-IN-SUBMIT ep=0x81 len=0 type=BULK (in, awaiting data)
[2258] +76.996371 ASYNC-IN-DONE ep=0x81 len=0 status=2 actual=0
[2259] +76.996487 ASYNC-IN-SUBMIT ep=0x81 len=0 type=BULK (in, awaiting data)
[2260] +77.091644 ASYNC-OUT ep=0x01 len=16 type=BULK 
	0000  08 00 00 18 01 10 ef 03  00 5c 00 10 93 1e 00 00 |.........\......|
[2261] +77.091951 ASYNC-OUT-DONE ep=0x01 len=0 status=0 actual=16
[2262] +77.107878 ASYNC-IN-DONE ep=0x81 len=0 status=2 actual=0
[2263] +77.107951 ASYNC-IN-SUBMIT ep=0x81 len=0 type=BULK (in, awaiting data)
[2264] +77.220743 ASYNC-IN-DONE ep=0x81 len=0 status=2 actual=0
[2265] +77.220848 ASYNC-IN-SUBMIT ep=0x81 len=0 type=BULK (in, awaiting data)
[2266] +77.326016 ASYNC-IN-DONE ep=0x81 len=0 status=2 actual=0
[2267] +77.326121 ASYNC-IN-SUBMIT ep=0x81 len=0 type=BULK (in, awaiting data)
[2268] +77.431622 ASYNC-IN-DONE ep=0x81 len=0 status=2 actual=0
[2269] +77.431708 ASYNC-IN-SUBMIT ep=0x81 len=0 type=BULK (in, awaiting data)
[2270] +77.542230 ASYNC-IN-DONE ep=0x81 len=0 status=2 actual=0
[2271] +77.542329 ASYNC-IN-SUBMIT ep=0x81 len=0 type=BULK (in, awaiting data)
[2272] +77.611761 ASYNC-OUT ep=0x01 len=16 type=BULK 
	0000  08 00 00 18 80 10 ed 03  00 5d 00 10 0e 1b 00 00 |.........]......|
[2273] +77.611963 ASYNC-OUT ep=0x01 len=16 type=BULK 
	0000  08 00 00 18 02 10 f0 03  00 49 00 10 22 10 00 00 |.........I.."...|
[2274] +77.612088 ASYNC-OUT-DONE ep=0x01 len=0 status=0 actual=16
[2275] +77.612140 ASYNC-OUT-DONE ep=0x01 len=0 status=0 actual=16
[2276] +77.652167 ASYNC-IN-DONE ep=0x81 len=0 status=2 actual=0
[2277] +77.652275 ASYNC-IN-SUBMIT ep=0x81 len=0 type=BULK (in, awaiting data)
[2278] +77.687600 ASYNC-IN-DONE ep=0x81 len=16 status=0 actual=16
	0000  08 00 00 18 f0 03 02 10  00 4b 00 10 09 02 00 00 |.........K......|
[2279] +77.687742 ASYNC-IN-SUBMIT ep=0x81 len=0 type=BULK (in, awaiting data)
[2280] +77.795794 ASYNC-IN-DONE ep=0x81 len=0 status=2 actual=0
[2281] +77.795908 ASYNC-IN-SUBMIT ep=0x81 len=0 type=BULK (in, awaiting data)
[2282] +77.888600 ASYNC-IN-DONE ep=0x81 len=16 status=0 actual=16
	0000  08 00 00 18 ef 03 01 10  00 61 00 10 65 02 00 00 |.........a..e...|
[2283] +77.888679 ASYNC-IN-SUBMIT ep=0x81 len=0 type=BULK (in, awaiting data)
[2284] +77.888792 ASYNC-IN-DONE ep=0x81 len=16 status=0 actual=16
	0000  08 00 00 18 ed 03 80 10  00 61 00 10 c3 02 00 00 |.........a......|
[2285] +77.888832 ASYNC-IN-SUBMIT ep=0x81 len=0 type=BULK (in, awaiting data)
[2286] +78.001099 ASYNC-IN-DONE ep=0x81 len=0 status=2 actual=0
[2287] +78.001135 ASYNC-IN-SUBMIT ep=0x81 len=0 type=BULK (in, awaiting data)
[2288] +78.106462 ASYNC-IN-DONE ep=0x81 len=0 status=2 actual=0
[2289] +78.106487 ASYNC-IN-SUBMIT ep=0x81 len=0 type=BULK (in, awaiting data)
[2290] +78.131180 ASYNC-OUT ep=0x01 len=16 type=BULK 
	0000  08 00 00 18 01 10 ef 03  00 5d 00 10 93 1e 00 00 |.........]......|
[2291] +78.131444 ASYNC-OUT-DONE ep=0x01 len=0 status=0 actual=16
[2292] +78.207004 ASYNC-IN-DONE ep=0x81 len=0 status=2 actual=0
[2293] +78.207030 ASYNC-IN-SUBMIT ep=0x81 len=0 type=BULK (in, awaiting data)
### MARK BLOCK-select-EQ1
[2294] +78.315471 ASYNC-IN-DONE ep=0x81 len=0 status=2 actual=0
[2295] +78.315484 ASYNC-IN-SUBMIT ep=0x81 len=0 type=BULK (in, awaiting data)
[2296] +78.415927 ASYNC-IN-DONE ep=0x81 len=0 status=2 actual=0
[2297] +78.415964 ASYNC-IN-SUBMIT ep=0x81 len=0 type=BULK (in, awaiting data)
[2298] +78.495607 ASYNC-OUT ep=0x01 len=40 type=BULK 
	0000  1d 00 00 18 80 10 ed 03  00 5e 00 04 0e 1b 00 00 |.........^......|
	0010  01 00 06 00 0d 00 00 00  83 66 cd 03 f2 64 4e 65 |.........f...dNe|
	0020  82 62 02 1a 00 00 00 00                          |.b......|
[2299] +78.495992 ASYNC-OUT-DONE ep=0x01 len=0 status=0 actual=40
[2300] +78.528771 ASYNC-IN-DONE ep=0x81 len=0 status=2 actual=0
[2301] +78.528863 ASYNC-IN-SUBMIT ep=0x81 len=0 type=BULK (in, awaiting data)
[2302] +78.566098 ASYNC-IN-DONE ep=0x81 len=36 status=0 actual=36
	0000  19 00 00 18 ed 03 80 10  00 62 00 04 d8 02 00 00 |.........b......|
	0010  00 00 06 00 09 00 00 00  83 66 cd 03 f2 67 00 68 |.........f...g.h|
	0020  c0 79 13 6a                                      |.y.j|
[2303] +78.566277 ASYNC-IN-SUBMIT ep=0x81 len=0 type=BULK (in, awaiting data)
[2304] +78.566462 ASYNC-IN-DONE ep=0x81 len=44 status=0 actual=44
	0000  21 00 00 18 f0 03 02 10  00 4c 00 04 09 02 00 00 |!........L......|
	0010  00 00 04 00 11 00 00 00  82 69 27 6a 84 52 01 44 |.........i'j.R.D|
	0020  03 79 13 6a 82 62 02 1a  00 7b c2 7c             |.y.j.b...{.||
[2305] +78.566541 ASYNC-IN-SUBMIT ep=0x81 len=0 type=BULK (in, awaiting data)
[2306] +78.598685 ASYNC-OUT ep=0x01 len=16 type=BULK 
	0000  08 00 00 18 80 10 ed 03  00 5f 00 08 1f 1b 00 00 |........._......|
[2307] +78.598944 ASYNC-OUT ep=0x01 len=16 type=BULK 
	0000  08 00 00 18 02 10 f0 03  00 4a 00 08 3b 10 00 00 |.........J..;...|
[2308] +78.599036 ASYNC-OUT-DONE ep=0x01 len=0 status=0 actual=16
[2309] +78.599097 ASYNC-OUT-DONE ep=0x01 len=0 status=0 actual=16
[2310] +78.677627 ASYNC-IN-DONE ep=0x81 len=0 status=2 actual=0
[2311] +78.677666 ASYNC-IN-SUBMIT ep=0x81 len=0 type=BULK (in, awaiting data)
[2312] +78.690668 ASYNC-IN-DONE ep=0x81 len=16 status=0 actual=16
	0000  08 00 00 18 ed 03 80 10  00 63 00 08 d8 02 00 00 |.........c......|
[2313] +78.690715 ASYNC-IN-SUBMIT ep=0x81 len=0 type=BULK (in, awaiting data)
[2314] +78.802801 ASYNC-IN-DONE ep=0x81 len=0 status=2 actual=0
[2315] +78.802916 ASYNC-IN-SUBMIT ep=0x81 len=0 type=BULK (in, awaiting data)
[2316] +78.891571 ASYNC-IN-DONE ep=0x81 len=16 status=0 actual=16
	0000  08 00 00 18 ef 03 01 10  00 62 00 10 65 02 00 00 |.........b..e...|
[2317] +78.891800 ASYNC-IN-SUBMIT ep=0x81 len=0 type=BULK (in, awaiting data)
[2318] +78.999991 ASYNC-IN-DONE ep=0x81 len=0 status=2 actual=0
[2319] +79.000042 ASYNC-IN-SUBMIT ep=0x81 len=0 type=BULK (in, awaiting data)
[2320] +79.108013 ASYNC-IN-DONE ep=0x81 len=0 status=2 actual=0
[2321] +79.108067 ASYNC-IN-SUBMIT ep=0x81 len=0 type=BULK (in, awaiting data)
[2322] +79.169826 ASYNC-OUT ep=0x01 len=16 type=BULK 
	0000  08 00 00 18 01 10 ef 03  00 5e 00 10 93 1e 00 00 |.........^......|
[2323] +79.170151 ASYNC-OUT-DONE ep=0x01 len=0 status=0 actual=16
[2324] +79.216009 ASYNC-IN-DONE ep=0x81 len=0 status=2 actual=0
[2325] +79.216116 ASYNC-IN-SUBMIT ep=0x81 len=0 type=BULK (in, awaiting data)
[2326] +79.324824 ASYNC-IN-DONE ep=0x81 len=0 status=2 actual=0
[2327] +79.324923 ASYNC-IN-SUBMIT ep=0x81 len=0 type=BULK (in, awaiting data)
[2328] +79.433223 ASYNC-IN-DONE ep=0x81 len=0 status=2 actual=0
[2329] +79.433344 ASYNC-IN-SUBMIT ep=0x81 len=0 type=BULK (in, awaiting data)
[2330] +79.493382 ASYNC-IN-DONE ep=0x81 len=16 status=0 actual=16
	0000  08 00 00 18 f0 03 02 10  00 4d 00 10 09 02 00 00 |.........M......|
[2331] +79.493495 ASYNC-IN-SUBMIT ep=0x81 len=0 type=BULK (in, awaiting data)
[2332] +79.605776 ASYNC-IN-DONE ep=0x81 len=0 status=2 actual=0
[2333] +79.605879 ASYNC-IN-SUBMIT ep=0x81 len=0 type=BULK (in, awaiting data)
[2334] +79.636280 ASYNC-OUT ep=0x01 len=16 type=BULK 
	0000  08 00 00 18 80 10 ed 03  00 60 00 10 1f 1b 00 00 |.........`......|
[2335] +79.636492 ASYNC-OUT ep=0x01 len=16 type=BULK 
	0000  08 00 00 18 02 10 f0 03  00 4b 00 10 3b 10 00 00 |.........K..;...|
[2336] +79.636604 ASYNC-OUT-DONE ep=0x01 len=0 status=0 actual=16
[2337] +79.636664 ASYNC-OUT-DONE ep=0x01 len=0 status=0 actual=16
[2338] +79.694273 ASYNC-IN-DONE ep=0x81 len=16 status=0 actual=16
	0000  08 00 00 18 ed 03 80 10  00 64 00 10 d8 02 00 00 |.........d......|
[2339] +79.694428 ASYNC-IN-SUBMIT ep=0x81 len=0 type=BULK (in, awaiting data)
[2340] +79.804988 ASYNC-IN-DONE ep=0x81 len=0 status=2 actual=0
[2341] +79.805096 ASYNC-IN-SUBMIT ep=0x81 len=0 type=BULK (in, awaiting data)
[2342] +79.894934 ASYNC-IN-DONE ep=0x81 len=16 status=0 actual=16
	0000  08 00 00 18 ef 03 01 10  00 63 00 10 65 02 00 00 |.........c..e...|
[2343] +79.895016 ASYNC-IN-SUBMIT ep=0x81 len=0 type=BULK (in, awaiting data)
[2344] +80.007686 ASYNC-IN-DONE ep=0x81 len=0 status=2 actual=0
[2345] +80.007718 ASYNC-IN-SUBMIT ep=0x81 len=0 type=BULK (in, awaiting data)
[2346] +80.117153 ASYNC-IN-DONE ep=0x81 len=0 status=2 actual=0
[2347] +80.117186 ASYNC-IN-SUBMIT ep=0x81 len=0 type=BULK (in, awaiting data)
[2348] +80.205165 ASYNC-OUT ep=0x01 len=16 type=BULK 
	0000  08 00 00 18 01 10 ef 03  00 5f 00 10 93 1e 00 00 |........._......|
[2349] +80.205347 ASYNC-OUT-DONE ep=0x01 len=0 status=0 actual=16
[2350] +80.224392 ASYNC-IN-DONE ep=0x81 len=0 status=2 actual=0
[2351] +80.224425 ASYNC-IN-SUBMIT ep=0x81 len=0 type=BULK (in, awaiting data)
### MARK BLOCK-select-AmpCab
[2352] +80.332625 ASYNC-IN-DONE ep=0x81 len=0 status=2 actual=0
[2353] +80.332640 ASYNC-IN-SUBMIT ep=0x81 len=0 type=BULK (in, awaiting data)
[2354] +80.411623 ASYNC-OUT ep=0x01 len=40 type=BULK 
	0000  1d 00 00 18 80 10 ed 03  00 61 00 04 1f 1b 00 00 |.........a......|
	0010  01 00 06 00 0d 00 00 00  83 66 cd 03 f3 64 4e 65 |.........f...dNe|
	0020  82 62 03 1a 00 00 00 00                          |.b......|
[2355] +80.412013 ASYNC-OUT-DONE ep=0x01 len=0 status=0 actual=40
[2356] +80.439691 ASYNC-IN-DONE ep=0x81 len=0 status=2 actual=0
[2357] +80.439714 ASYNC-IN-SUBMIT ep=0x81 len=0 type=BULK (in, awaiting data)
[2358] +80.477905 ASYNC-IN-DONE ep=0x81 len=36 status=0 actual=36
	0000  19 00 00 18 ed 03 80 10  00 65 00 04 ed 02 00 00 |.........e......|
	0010  00 00 06 00 09 00 00 00  83 66 cd 03 f3 67 00 68 |.........f...g.h|
	0020  c0 79 13 6a                                      |.y.j|
[2359] +80.478035 ASYNC-IN-SUBMIT ep=0x81 len=0 type=BULK (in, awaiting data)
[2360] +80.478140 ASYNC-IN-DONE ep=0x81 len=44 status=0 actual=44
	0000  21 00 00 18 f0 03 02 10  00 4e 00 04 09 02 00 00 |!........N......|
	0010  00 00 04 00 11 00 00 00  82 69 27 6a 84 52 01 44 |.........i'j.R.D|
	0020  03 79 13 6a 82 62 03 1a  00 7b c2 7c             |.y.j.b...{.||
[2361] +80.478194 ASYNC-IN-SUBMIT ep=0x81 len=0 type=BULK (in, awaiting data)
[2362] +80.496971 ASYNC-IN-DONE ep=0x81 len=16 status=0 actual=16
	0000  08 00 00 18 ed 03 80 10  00 66 00 08 ed 02 00 00 |.........f......|
[2363] +80.497006 ASYNC-IN-SUBMIT ep=0x81 len=0 type=BULK (in, awaiting data)
[2364] +80.515762 ASYNC-OUT ep=0x01 len=16 type=BULK 
	0000  08 00 00 18 80 10 ed 03  00 62 00 08 30 1b 00 00 |.........b..0...|
[2365] +80.515900 ASYNC-OUT ep=0x01 len=16 type=BULK 
	0000  08 00 00 18 02 10 f0 03  00 4c 00 08 54 10 00 00 |.........L..T...|
[2366] +80.515969 ASYNC-OUT-DONE ep=0x01 len=0 status=0 actual=16
[2367] +80.516033 ASYNC-OUT-DONE ep=0x01 len=0 status=0 actual=16
[2368] +80.601743 ASYNC-IN-DONE ep=0x81 len=0 status=2 actual=0
[2369] +80.601780 ASYNC-IN-SUBMIT ep=0x81 len=0 type=BULK (in, awaiting data)
[2370] +80.709474 ASYNC-IN-DONE ep=0x81 len=0 status=2 actual=0
[2371] +80.709567 ASYNC-IN-SUBMIT ep=0x81 len=0 type=BULK (in, awaiting data)
[2372] +80.817529 ASYNC-IN-DONE ep=0x81 len=0 status=2 actual=0
[2373] +80.817619 ASYNC-IN-SUBMIT ep=0x81 len=0 type=BULK (in, awaiting data)
[2374] +80.898254 ASYNC-IN-DONE ep=0x81 len=16 status=0 actual=16
	0000  08 00 00 18 ef 03 01 10  00 64 00 10 65 02 00 00 |.........d..e...|
[2375] +80.898356 ASYNC-IN-SUBMIT ep=0x81 len=0 type=BULK (in, awaiting data)
[2376] +81.009704 ASYNC-IN-DONE ep=0x81 len=0 status=2 actual=0
[2377] +81.009759 ASYNC-IN-SUBMIT ep=0x81 len=0 type=BULK (in, awaiting data)
[2378] +81.115873 ASYNC-IN-DONE ep=0x81 len=0 status=2 actual=0
[2379] +81.115986 ASYNC-IN-SUBMIT ep=0x81 len=0 type=BULK (in, awaiting data)
[2380] +81.224856 ASYNC-IN-DONE ep=0x81 len=0 status=2 actual=0
[2381] +81.224944 ASYNC-IN-SUBMIT ep=0x81 len=0 type=BULK (in, awaiting data)
[2382] +81.243098 ASYNC-OUT ep=0x01 len=16 type=BULK 
	0000  08 00 00 18 01 10 ef 03  00 60 00 10 93 1e 00 00 |.........`......|
[2383] +81.243377 ASYNC-OUT-DONE ep=0x01 len=0 status=0 actual=16
[2384] +81.299382 ASYNC-IN-DONE ep=0x81 len=16 status=0 actual=16
	0000  08 00 00 18 f0 03 02 10  00 4f 00 10 09 02 00 00 |.........O......|
[2385] +81.299496 ASYNC-IN-SUBMIT ep=0x81 len=0 type=BULK (in, awaiting data)
[2386] +81.408283 ASYNC-IN-DONE ep=0x81 len=0 status=2 actual=0
[2387] +81.408356 ASYNC-IN-SUBMIT ep=0x81 len=0 type=BULK (in, awaiting data)
[2388] +81.500228 ASYNC-IN-DONE ep=0x81 len=16 status=0 actual=16
	0000  08 00 00 18 ed 03 80 10  00 67 00 10 ed 02 00 00 |.........g......|
[2389] +81.500378 ASYNC-IN-SUBMIT ep=0x81 len=0 type=BULK (in, awaiting data)
[2390] +81.554181 ASYNC-OUT ep=0x01 len=16 type=BULK 
	0000  08 00 00 18 80 10 ed 03  00 63 00 10 30 1b 00 00 |.........c..0...|
[2391] +81.554361 ASYNC-OUT ep=0x01 len=16 type=BULK 
	0000  08 00 00 18 02 10 f0 03  00 4d 00 10 54 10 00 00 |.........M..T...|
[2392] +81.554497 ASYNC-OUT-DONE ep=0x01 len=0 status=0 actual=16
[2393] +81.554552 ASYNC-OUT-DONE ep=0x01 len=0 status=0 actual=16
[2394] +81.604726 ASYNC-IN-DONE ep=0x81 len=0 status=2 actual=0
[2395] +81.604796 ASYNC-IN-SUBMIT ep=0x81 len=0 type=BULK (in, awaiting data)
[2396] +81.717598 ASYNC-IN-DONE ep=0x81 len=0 status=2 actual=0
[2397] +81.717715 ASYNC-IN-SUBMIT ep=0x81 len=0 type=BULK (in, awaiting data)
[2398] +81.824443 ASYNC-IN-DONE ep=0x81 len=0 status=2 actual=0
[2399] +81.824506 ASYNC-IN-SUBMIT ep=0x81 len=0 type=BULK (in, awaiting data)
[2400] +81.901288 ASYNC-IN-DONE ep=0x81 len=16 status=0 actual=16
	0000  08 00 00 18 ef 03 01 10  00 65 00 10 65 02 00 00 |.........e..e...|
[2401] +81.901329 ASYNC-IN-SUBMIT ep=0x81 len=0 type=BULK (in, awaiting data)
[2402] +82.014070 ASYNC-IN-DONE ep=0x81 len=0 status=2 actual=0
[2403] +82.014109 ASYNC-IN-SUBMIT ep=0x81 len=0 type=BULK (in, awaiting data)
[2404] +82.124103 ASYNC-IN-DONE ep=0x81 len=0 status=2 actual=0
[2405] +82.124139 ASYNC-IN-SUBMIT ep=0x81 len=0 type=BULK (in, awaiting data)
### MARK BLOCK-select-Dyn
[2406] +82.235354 ASYNC-IN-DONE ep=0x81 len=0 status=2 actual=0
[2407] +82.235369 ASYNC-IN-SUBMIT ep=0x81 len=0 type=BULK (in, awaiting data)
[2408] +82.279029 ASYNC-OUT ep=0x01 len=16 type=BULK 
	0000  08 00 00 18 01 10 ef 03  00 61 00 10 93 1e 00 00 |.........a......|
[2409] +82.279317 ASYNC-OUT-DONE ep=0x01 len=0 status=0 actual=16
[2410] +82.302925 ASYNC-IN-DONE ep=0x81 len=16 status=0 actual=16
	0000  08 00 00 18 f0 03 02 10  00 50 00 10 09 02 00 00 |.........P......|
[2411] +82.303016 ASYNC-IN-SUBMIT ep=0x81 len=0 type=BULK (in, awaiting data)
[2412] +82.331117 ASYNC-OUT ep=0x01 len=40 type=BULK 
	0000  1d 00 00 18 80 10 ed 03  00 64 00 04 30 1b 00 00 |.........d..0...|
	0010  01 00 06 00 0d 00 00 00  83 66 cd 03 f4 64 4e 65 |.........f...dNe|
	0020  82 62 06 1a 00 00 00 00                          |.b......|
[2413] +82.331478 ASYNC-OUT-DONE ep=0x01 len=0 status=0 actual=40
[2414] +82.400460 ASYNC-IN-DONE ep=0x81 len=36 status=0 actual=36
	0000  19 00 00 18 ed 03 80 10  00 68 00 04 02 03 00 00 |.........h......|
	0010  00 00 06 00 09 00 00 00  83 66 cd 03 f4 67 00 68 |.........f...g.h|
	0020  c0 79 13 6a                                      |.y.j|
[2415] +82.400597 ASYNC-IN-SUBMIT ep=0x81 len=0 type=BULK (in, awaiting data)
[2416] +82.400722 ASYNC-IN-DONE ep=0x81 len=44 status=0 actual=44
	0000  21 00 00 18 f0 03 02 10  00 51 00 04 09 02 00 00 |!........Q......|
	0010  00 00 04 00 11 00 00 00  82 69 27 6a 84 52 01 44 |.........i'j.R.D|
	0020  03 79 13 6a 82 62 06 1a  00 7b c2 7c             |.y.j.b...{.||
[2417] +82.400772 ASYNC-IN-SUBMIT ep=0x81 len=0 type=BULK (in, awaiting data)
[2418] +82.434380 ASYNC-OUT ep=0x01 len=16 type=BULK 
	0000  08 00 00 18 80 10 ed 03  00 65 00 08 41 1b 00 00 |.........e..A...|
[2419] +82.434497 ASYNC-OUT ep=0x01 len=16 type=BULK 
	0000  08 00 00 18 02 10 f0 03  00 4e 00 08 6d 10 00 00 |.........N..m...|
[2420] +82.434561 ASYNC-OUT-DONE ep=0x01 len=0 status=0 actual=16
[2421] +82.434627 ASYNC-OUT-DONE ep=0x01 len=0 status=0 actual=16
[2422] +82.503429 ASYNC-IN-DONE ep=0x81 len=16 status=0 actual=16
	0000  08 00 00 18 ed 03 80 10  00 69 00 08 02 03 00 00 |.........i......|
[2423] +82.503480 ASYNC-IN-SUBMIT ep=0x81 len=0 type=BULK (in, awaiting data)
[2424] +82.616289 ASYNC-IN-DONE ep=0x81 len=0 status=2 actual=0
[2425] +82.616364 ASYNC-IN-SUBMIT ep=0x81 len=0 type=BULK (in, awaiting data)
[2426] +82.725875 ASYNC-IN-DONE ep=0x81 len=0 status=2 actual=0
[2427] +82.725984 ASYNC-IN-SUBMIT ep=0x81 len=0 type=BULK (in, awaiting data)
[2428] +82.838098 ASYNC-IN-DONE ep=0x81 len=0 status=2 actual=0
[2429] +82.838190 ASYNC-IN-SUBMIT ep=0x81 len=0 type=BULK (in, awaiting data)
[2430] +82.904957 ASYNC-IN-DONE ep=0x81 len=16 status=0 actual=16
	0000  08 00 00 18 ef 03 01 10  00 66 00 10 65 02 00 00 |.........f..e...|
[2431] +82.905098 ASYNC-IN-SUBMIT ep=0x81 len=0 type=BULK (in, awaiting data)
[2432] +83.005601 ASYNC-IN-DONE ep=0x81 len=0 status=2 actual=0
[2433] +83.005663 ASYNC-IN-SUBMIT ep=0x81 len=0 type=BULK (in, awaiting data)
[2434] +83.117193 ASYNC-IN-DONE ep=0x81 len=0 status=2 actual=0
[2435] +83.117303 ASYNC-IN-SUBMIT ep=0x81 len=0 type=BULK (in, awaiting data)
[2436] +83.222913 ASYNC-IN-DONE ep=0x81 len=0 status=2 actual=0
[2437] +83.223008 ASYNC-IN-SUBMIT ep=0x81 len=0 type=BULK (in, awaiting data)
[2438] +83.306214 ASYNC-IN-DONE ep=0x81 len=16 status=0 actual=16
	0000  08 00 00 18 f0 03 02 10  00 52 00 10 09 02 00 00 |.........R......|
[2439] +83.306325 ASYNC-IN-SUBMIT ep=0x81 len=0 type=BULK (in, awaiting data)
[2440] +83.316571 ASYNC-OUT ep=0x01 len=16 type=BULK 
	0000  08 00 00 18 01 10 ef 03  00 62 00 10 93 1e 00 00 |.........b......|
[2441] +83.316833 ASYNC-OUT-DONE ep=0x01 len=0 status=0 actual=16
[2442] +83.412258 ASYNC-IN-DONE ep=0x81 len=0 status=2 actual=0
[2443] +83.412350 ASYNC-IN-SUBMIT ep=0x81 len=0 type=BULK (in, awaiting data)
[2444] +83.472368 ASYNC-OUT ep=0x01 len=16 type=BULK 
	0000  08 00 00 18 80 10 ed 03  00 66 00 10 41 1b 00 00 |.........f..A...|
[2445] +83.472553 ASYNC-OUT ep=0x01 len=16 type=BULK 
	0000  08 00 00 18 02 10 f0 03  00 4f 00 10 6d 10 00 00 |.........O..m...|
[2446] +83.472676 ASYNC-OUT-DONE ep=0x01 len=0 status=0 actual=16
[2447] +83.472729 ASYNC-OUT-DONE ep=0x01 len=0 status=0 actual=16
[2448] +83.506917 ASYNC-IN-DONE ep=0x81 len=16 status=0 actual=16
	0000  08 00 00 18 ed 03 80 10  00 6a 00 10 02 03 00 00 |.........j......|
[2449] +83.507017 ASYNC-IN-SUBMIT ep=0x81 len=0 type=BULK (in, awaiting data)
[2450] +83.609964 ASYNC-IN-DONE ep=0x81 len=0 status=2 actual=0
[2451] +83.610071 ASYNC-IN-SUBMIT ep=0x81 len=0 type=BULK (in, awaiting data)
[2452] +83.722817 ASYNC-IN-DONE ep=0x81 len=0 status=2 actual=0
[2453] +83.722948 ASYNC-IN-SUBMIT ep=0x81 len=0 type=BULK (in, awaiting data)
[2454] +83.824217 ASYNC-IN-DONE ep=0x81 len=0 status=2 actual=0
[2455] +83.824252 ASYNC-IN-SUBMIT ep=0x81 len=0 type=BULK (in, awaiting data)
[2456] +83.908063 ASYNC-IN-DONE ep=0x81 len=16 status=0 actual=16
	0000  08 00 00 18 ef 03 01 10  00 67 00 10 65 02 00 00 |.........g..e...|
[2457] +83.908173 ASYNC-IN-SUBMIT ep=0x81 len=0 type=BULK (in, awaiting data)
[2458] +84.018984 ASYNC-IN-DONE ep=0x81 len=0 status=2 actual=0
[2459] +84.019075 ASYNC-IN-SUBMIT ep=0x81 len=0 type=BULK (in, awaiting data)
[2460] +84.129666 ASYNC-IN-DONE ep=0x81 len=0 status=2 actual=0
[2461] +84.129764 ASYNC-IN-SUBMIT ep=0x81 len=0 type=BULK (in, awaiting data)
[2462] +84.232950 ASYNC-IN-DONE ep=0x81 len=0 status=2 actual=0
[2463] +84.233059 ASYNC-IN-SUBMIT ep=0x81 len=0 type=BULK (in, awaiting data)
[2464] +84.310100 ASYNC-IN-DONE ep=0x81 len=16 status=0 actual=16
	0000  08 00 00 18 f0 03 02 10  00 53 00 10 09 02 00 00 |.........S......|
[2465] +84.310235 ASYNC-IN-SUBMIT ep=0x81 len=0 type=BULK (in, awaiting data)
[2466] +84.354008 ASYNC-OUT ep=0x01 len=16 type=BULK 
	0000  08 00 00 18 01 10 ef 03  00 63 00 10 93 1e 00 00 |.........c......|
[2467] +84.354276 ASYNC-OUT-DONE ep=0x01 len=0 status=0 actual=16
[2468] +84.414007 ASYNC-IN-DONE ep=0x81 len=0 status=2 actual=0
[2469] +84.414091 ASYNC-IN-SUBMIT ep=0x81 len=0 type=BULK (in, awaiting data)
[2470] +84.509671 ASYNC-OUT ep=0x01 len=16 type=BULK 
	0000  08 00 00 18 80 10 ed 03  00 67 00 10 41 1b 00 00 |.........g..A...|
[2471] +84.509921 ASYNC-OUT ep=0x01 len=16 type=BULK 
	0000  08 00 00 18 02 10 f0 03  00 50 00 10 6d 10 00 00 |.........P..m...|
[2472] +84.510061 ASYNC-OUT-DONE ep=0x01 len=0 status=0 actual=16
[2473] +84.510194 ASYNC-OUT-DONE ep=0x01 len=0 status=0 actual=16
[2474] +84.510667 ASYNC-IN-DONE ep=0x81 len=16 status=0 actual=16
	0000  08 00 00 18 ed 03 80 10  00 6b 00 10 02 03 00 00 |.........k......|
[2475] +84.510735 ASYNC-IN-SUBMIT ep=0x81 len=0 type=BULK (in, awaiting data)
[2476] +84.621413 ASYNC-IN-DONE ep=0x81 len=0 status=2 actual=0
[2477] +84.621517 ASYNC-IN-SUBMIT ep=0x81 len=0 type=BULK (in, awaiting data)
[2478] +84.734356 ASYNC-IN-DONE ep=0x81 len=0 status=2 actual=0
[2479] +84.734440 ASYNC-IN-SUBMIT ep=0x81 len=0 type=BULK (in, awaiting data)
[2480] +84.840990 ASYNC-IN-DONE ep=0x81 len=0 status=2 actual=0
[2481] +84.841088 ASYNC-IN-SUBMIT ep=0x81 len=0 type=BULK (in, awaiting data)
[2482] +84.912016 ASYNC-IN-DONE ep=0x81 len=16 status=0 actual=16
	0000  08 00 00 18 ef 03 01 10  00 68 00 10 65 02 00 00 |.........h..e...|
[2483] +84.912124 ASYNC-IN-SUBMIT ep=0x81 len=0 type=BULK (in, awaiting data)
[2484] +85.020053 ASYNC-IN-DONE ep=0x81 len=0 status=2 actual=0
[2485] +85.020158 ASYNC-IN-SUBMIT ep=0x81 len=0 type=BULK (in, awaiting data)
[2486] +85.132702 ASYNC-IN-DONE ep=0x81 len=0 status=2 actual=0
[2487] +85.132816 ASYNC-IN-SUBMIT ep=0x81 len=0 type=BULK (in, awaiting data)
[2488] +85.236598 ASYNC-IN-DONE ep=0x81 len=0 status=2 actual=0
[2489] +85.236697 ASYNC-IN-SUBMIT ep=0x81 len=0 type=BULK (in, awaiting data)
[2490] +85.313175 ASYNC-IN-DONE ep=0x81 len=16 status=0 actual=16
	0000  08 00 00 18 f0 03 02 10  00 54 00 10 09 02 00 00 |.........T......|
[2491] +85.313349 ASYNC-IN-SUBMIT ep=0x81 len=0 type=BULK (in, awaiting data)
[2492] +85.392088 ASYNC-OUT ep=0x01 len=16 type=BULK 
	0000  08 00 00 18 01 10 ef 03  00 64 00 10 93 1e 00 00 |.........d......|
[2493] +85.392436 ASYNC-OUT-DONE ep=0x01 len=0 status=0 actual=16
[2494] +85.416087 ASYNC-IN-DONE ep=0x81 len=0 status=2 actual=0
[2495] +85.416163 ASYNC-IN-SUBMIT ep=0x81 len=0 type=BULK (in, awaiting data)
[2496] +85.513504 ASYNC-IN-DONE ep=0x81 len=16 status=0 actual=16
	0000  08 00 00 18 ed 03 80 10  00 6c 00 10 02 03 00 00 |.........l......|
[2497] +85.513645 ASYNC-IN-SUBMIT ep=0x81 len=0 type=BULK (in, awaiting data)
[2498] +85.548141 ASYNC-OUT ep=0x01 len=16 type=BULK 
	0000  08 00 00 18 80 10 ed 03  00 68 00 10 41 1b 00 00 |.........h..A...|
[2499] +85.548326 ASYNC-OUT ep=0x01 len=16 type=BULK 
	0000  08 00 00 18 02 10 f0 03  00 51 00 10 6d 10 00 00 |.........Q..m...|
[2500] +85.548454 ASYNC-OUT-DONE ep=0x01 len=0 status=0 actual=16
[2501] +85.548510 ASYNC-OUT-DONE ep=0x01 len=0 status=0 actual=16
[2502] +85.616480 ASYNC-IN-DONE ep=0x81 len=0 status=2 actual=0
[2503] +85.616567 ASYNC-IN-SUBMIT ep=0x81 len=0 type=BULK (in, awaiting data)
[2504] +85.719111 ASYNC-IN-DONE ep=0x81 len=0 status=2 actual=0
[2505] +85.719198 ASYNC-IN-SUBMIT ep=0x81 len=0 type=BULK (in, awaiting data)
[2506] +85.832032 ASYNC-IN-DONE ep=0x81 len=0 status=2 actual=0
[2507] +85.832138 ASYNC-IN-SUBMIT ep=0x81 len=0 type=BULK (in, awaiting data)
[2508] +85.914837 ASYNC-IN-DONE ep=0x81 len=16 status=0 actual=16
	0000  08 00 00 18 ef 03 01 10  00 69 00 10 65 02 00 00 |.........i..e...|
[2509] +85.914989 ASYNC-IN-SUBMIT ep=0x81 len=0 type=BULK (in, awaiting data)
[2510] +86.021080 ASYNC-IN-DONE ep=0x81 len=0 status=2 actual=0
[2511] +86.021170 ASYNC-IN-SUBMIT ep=0x81 len=0 type=BULK (in, awaiting data)
[2512] +86.130465 ASYNC-IN-DONE ep=0x81 len=0 status=2 actual=0
[2513] +86.130553 ASYNC-IN-SUBMIT ep=0x81 len=0 type=BULK (in, awaiting data)
[2514] +86.241737 ASYNC-IN-DONE ep=0x81 len=0 status=2 actual=0
[2515] +86.241819 ASYNC-IN-SUBMIT ep=0x81 len=0 type=BULK (in, awaiting data)
[2516] +86.316112 ASYNC-IN-DONE ep=0x81 len=16 status=0 actual=16
	0000  08 00 00 18 f0 03 02 10  00 55 00 10 09 02 00 00 |.........U......|
[2517] +86.316363 ASYNC-IN-SUBMIT ep=0x81 len=0 type=BULK (in, awaiting data)
[2518] +86.418148 ASYNC-IN-DONE ep=0x81 len=0 status=2 actual=0
[2519] +86.418253 ASYNC-IN-SUBMIT ep=0x81 len=0 type=BULK (in, awaiting data)
[2520] +86.429264 ASYNC-OUT ep=0x01 len=16 type=BULK 
	0000  08 00 00 18 01 10 ef 03  00 65 00 10 93 1e 00 00 |.........e......|
[2521] +86.429488 ASYNC-OUT-DONE ep=0x01 len=0 status=0 actual=16
[2522] +86.517275 ASYNC-IN-DONE ep=0x81 len=16 status=0 actual=16
	0000  08 00 00 18 ed 03 80 10  00 6d 00 10 02 03 00 00 |.........m......|
[2523] +86.517423 ASYNC-IN-SUBMIT ep=0x81 len=0 type=BULK (in, awaiting data)
[2524] +86.584720 ASYNC-OUT ep=0x01 len=16 type=BULK 
	0000  08 00 00 18 80 10 ed 03  00 69 00 10 41 1b 00 00 |.........i..A...|
[2525] +86.584944 ASYNC-OUT ep=0x01 len=16 type=BULK 
	0000  08 00 00 18 02 10 f0 03  00 52 00 10 6d 10 00 00 |.........R..m...|
[2526] +86.585050 ASYNC-OUT-DONE ep=0x01 len=0 status=0 actual=16
[2527] +86.585086 ASYNC-OUT-DONE ep=0x01 len=0 status=0 actual=16
[2528] +86.623303 ASYNC-IN-DONE ep=0x81 len=0 status=2 actual=0
[2529] +86.623397 ASYNC-IN-SUBMIT ep=0x81 len=0 type=BULK (in, awaiting data)
[2530] +86.724187 ASYNC-IN-DONE ep=0x81 len=0 status=2 actual=0
[2531] +86.724256 ASYNC-IN-SUBMIT ep=0x81 len=0 type=BULK (in, awaiting data)
[2532] +86.835754 ASYNC-IN-DONE ep=0x81 len=0 status=2 actual=0
[2533] +86.835867 ASYNC-IN-SUBMIT ep=0x81 len=0 type=BULK (in, awaiting data)
[2534] +86.917994 ASYNC-IN-DONE ep=0x81 len=16 status=0 actual=16
	0000  08 00 00 18 ef 03 01 10  00 6a 00 10 65 02 00 00 |.........j..e...|
[2535] +86.918143 ASYNC-IN-SUBMIT ep=0x81 len=0 type=BULK (in, awaiting data)
[2536] +87.022113 ASYNC-IN-DONE ep=0x81 len=0 status=2 actual=0
[2537] +87.022221 ASYNC-IN-SUBMIT ep=0x81 len=0 type=BULK (in, awaiting data)
[2538] +87.130012 ASYNC-IN-DONE ep=0x81 len=0 status=2 actual=0
[2539] +87.130100 ASYNC-IN-SUBMIT ep=0x81 len=0 type=BULK (in, awaiting data)
[2540] +87.234346 ASYNC-IN-DONE ep=0x81 len=0 status=2 actual=0
[2541] +87.234413 ASYNC-IN-SUBMIT ep=0x81 len=0 type=BULK (in, awaiting data)
[2542] +87.319965 ASYNC-IN-DONE ep=0x81 len=16 status=0 actual=16
	0000  08 00 00 18 f0 03 02 10  00 56 00 10 09 02 00 00 |.........V......|
[2543] +87.320128 ASYNC-IN-SUBMIT ep=0x81 len=0 type=BULK (in, awaiting data)
[2544] +87.424539 ASYNC-IN-DONE ep=0x81 len=0 status=2 actual=0
[2545] +87.424637 ASYNC-IN-SUBMIT ep=0x81 len=0 type=BULK (in, awaiting data)
[2546] +87.467344 ASYNC-OUT ep=0x01 len=16 type=BULK 
	0000  08 00 00 18 01 10 ef 03  00 66 00 10 93 1e 00 00 |.........f......|
[2547] +87.467683 ASYNC-OUT-DONE ep=0x01 len=0 status=0 actual=16
[2548] +87.520350 ASYNC-IN-DONE ep=0x81 len=16 status=0 actual=16
	0000  08 00 00 18 ed 03 80 10  00 6e 00 10 02 03 00 00 |.........n......|
[2549] +87.520503 ASYNC-IN-SUBMIT ep=0x81 len=0 type=BULK (in, awaiting data)
[2550] +87.623535 ASYNC-OUT ep=0x01 len=16 type=BULK 
	0000  08 00 00 18 80 10 ed 03  00 6a 00 10 41 1b 00 00 |.........j..A...|
[2551] +87.623728 ASYNC-OUT ep=0x01 len=16 type=BULK 
	0000  08 00 00 18 02 10 f0 03  00 53 00 10 6d 10 00 00 |.........S..m...|
[2552] +87.623847 ASYNC-OUT-DONE ep=0x01 len=0 status=0 actual=16
[2553] +87.623884 ASYNC-OUT-DONE ep=0x01 len=0 status=0 actual=16
[2554] +87.628885 ASYNC-IN-DONE ep=0x81 len=0 status=2 actual=0
[2555] +87.628922 ASYNC-IN-SUBMIT ep=0x81 len=0 type=BULK (in, awaiting data)
[2556] +87.729891 ASYNC-IN-DONE ep=0x81 len=0 status=2 actual=0
[2557] +87.730000 ASYNC-IN-SUBMIT ep=0x81 len=0 type=BULK (in, awaiting data)
[2558] +87.841472 ASYNC-IN-DONE ep=0x81 len=0 status=2 actual=0
[2559] +87.841585 ASYNC-IN-SUBMIT ep=0x81 len=0 type=BULK (in, awaiting data)
[2560] +87.921654 ASYNC-IN-DONE ep=0x81 len=16 status=0 actual=16
	0000  08 00 00 18 ef 03 01 10  00 6b 00 10 65 02 00 00 |.........k..e...|
[2561] +87.921800 ASYNC-IN-SUBMIT ep=0x81 len=0 type=BULK (in, awaiting data)
[2562] +88.023111 ASYNC-IN-DONE ep=0x81 len=0 status=2 actual=0
[2563] +88.023203 ASYNC-IN-SUBMIT ep=0x81 len=0 type=BULK (in, awaiting data)
[2564] +88.132889 ASYNC-IN-DONE ep=0x81 len=0 status=2 actual=0
[2565] +88.132993 ASYNC-IN-SUBMIT ep=0x81 len=0 type=BULK (in, awaiting data)
[2566] +88.245745 ASYNC-IN-DONE ep=0x81 len=0 status=2 actual=0
[2567] +88.245835 ASYNC-IN-SUBMIT ep=0x81 len=0 type=BULK (in, awaiting data)
[2568] +88.322902 ASYNC-IN-DONE ep=0x81 len=16 status=0 actual=16
	0000  08 00 00 18 f0 03 02 10  00 57 00 10 09 02 00 00 |.........W......|
[2569] +88.323009 ASYNC-IN-SUBMIT ep=0x81 len=0 type=BULK (in, awaiting data)
[2570] +88.433176 ASYNC-IN-DONE ep=0x81 len=0 status=2 actual=0
[2571] +88.433275 ASYNC-IN-SUBMIT ep=0x81 len=0 type=BULK (in, awaiting data)
[2572] +88.507175 ASYNC-OUT ep=0x01 len=16 type=BULK 
	0000  08 00 00 18 01 10 ef 03  00 67 00 10 93 1e 00 00 |.........g......|
[2573] +88.507616 ASYNC-OUT-DONE ep=0x01 len=0 status=0 actual=16
[2574] +88.523317 ASYNC-IN-DONE ep=0x81 len=16 status=0 actual=16
	0000  08 00 00 18 ed 03 80 10  00 6f 00 10 02 03 00 00 |.........o......|
[2575] +88.523442 ASYNC-IN-SUBMIT ep=0x81 len=0 type=BULK (in, awaiting data)
[2576] +88.636285 ASYNC-IN-DONE ep=0x81 len=0 status=2 actual=0
[2577] +88.636399 ASYNC-IN-SUBMIT ep=0x81 len=0 type=BULK (in, awaiting data)
[2578] +88.662126 ASYNC-OUT ep=0x01 len=16 type=BULK 
	0000  08 00 00 18 80 10 ed 03  00 6b 00 10 41 1b 00 00 |.........k..A...|
[2579] +88.662317 ASYNC-OUT ep=0x01 len=16 type=BULK 
	0000  08 00 00 18 02 10 f0 03  00 54 00 10 6d 10 00 00 |.........T..m...|
[2580] +88.662432 ASYNC-OUT-DONE ep=0x01 len=0 status=0 actual=16
[2581] +88.662483 ASYNC-OUT-DONE ep=0x01 len=0 status=0 actual=16
[2582] +88.741541 ASYNC-IN-DONE ep=0x81 len=0 status=2 actual=0
[2583] +88.741646 ASYNC-IN-SUBMIT ep=0x81 len=0 type=BULK (in, awaiting data)
[2584] +88.845012 ASYNC-IN-DONE ep=0x81 len=0 status=2 actual=0
[2585] +88.845119 ASYNC-IN-SUBMIT ep=0x81 len=0 type=BULK (in, awaiting data)
[2586] +88.924533 ASYNC-IN-DONE ep=0x81 len=16 status=0 actual=16
	0000  08 00 00 18 ef 03 01 10  00 6c 00 10 65 02 00 00 |.........l..e...|
[2587] +88.924677 ASYNC-IN-SUBMIT ep=0x81 len=0 type=BULK (in, awaiting data)
[2588] +89.037485 ASYNC-IN-DONE ep=0x81 len=0 status=2 actual=0
[2589] +89.037598 ASYNC-IN-SUBMIT ep=0x81 len=0 type=BULK (in, awaiting data)
[2590] +89.150415 ASYNC-IN-DONE ep=0x81 len=0 status=2 actual=0
[2591] +89.150540 ASYNC-IN-SUBMIT ep=0x81 len=0 type=BULK (in, awaiting data)
[2592] +89.263027 ASYNC-IN-DONE ep=0x81 len=0 status=2 actual=0
[2593] +89.263110 ASYNC-IN-SUBMIT ep=0x81 len=0 type=BULK (in, awaiting data)
[2594] +89.326101 ASYNC-IN-DONE ep=0x81 len=16 status=0 actual=16
	0000  08 00 00 18 f0 03 02 10  00 58 00 10 09 02 00 00 |.........X......|
[2595] +89.326217 ASYNC-IN-SUBMIT ep=0x81 len=0 type=BULK (in, awaiting data)
[2596] +89.432918 ASYNC-IN-DONE ep=0x81 len=0 status=2 actual=0
[2597] +89.433020 ASYNC-IN-SUBMIT ep=0x81 len=0 type=BULK (in, awaiting data)
[2598] +89.526525 ASYNC-IN-DONE ep=0x81 len=16 status=0 actual=16
	0000  08 00 00 18 ed 03 80 10  00 70 00 10 02 03 00 00 |.........p......|
[2599] +89.526608 ASYNC-IN-SUBMIT ep=0x81 len=0 type=BULK (in, awaiting data)
[2600] +89.544534 ASYNC-OUT ep=0x01 len=16 type=BULK 
	0000  08 00 00 18 01 10 ef 03  00 68 00 10 93 1e 00 00 |.........h......|
[2601] +89.544773 ASYNC-OUT-DONE ep=0x01 len=0 status=0 actual=16
[2602] +89.630097 ASYNC-IN-DONE ep=0x81 len=0 status=2 actual=0
[2603] +89.630172 ASYNC-IN-SUBMIT ep=0x81 len=0 type=BULK (in, awaiting data)
[2604] +89.699680 ASYNC-OUT ep=0x01 len=16 type=BULK 
	0000  08 00 00 18 80 10 ed 03  00 6c 00 10 41 1b 00 00 |.........l..A...|
[2605] +89.700075 ASYNC-OUT ep=0x01 len=16 type=BULK 
	0000  08 00 00 18 02 10 f0 03  00 55 00 10 6d 10 00 00 |.........U..m...|
[2606] +89.700229 ASYNC-OUT-DONE ep=0x01 len=0 status=0 actual=16
[2607] +89.700351 ASYNC-OUT-DONE ep=0x01 len=0 status=0 actual=16
[2608] +89.741478 ASYNC-IN-DONE ep=0x81 len=0 status=2 actual=0
[2609] +89.741566 ASYNC-IN-SUBMIT ep=0x81 len=0 type=BULK (in, awaiting data)
[2610] +89.846199 ASYNC-IN-DONE ep=0x81 len=0 status=2 actual=0
[2611] +89.846438 ASYNC-IN-SUBMIT ep=0x81 len=0 type=BULK (in, awaiting data)
[2612] +89.928053 ASYNC-IN-DONE ep=0x81 len=16 status=0 actual=16
	0000  08 00 00 18 ef 03 01 10  00 6d 00 10 65 02 00 00 |.........m..e...|
[2613] +89.928134 ASYNC-IN-SUBMIT ep=0x81 len=0 type=BULK (in, awaiting data)
[2614] +90.040965 ASYNC-IN-DONE ep=0x81 len=0 status=2 actual=0
[2615] +90.041051 ASYNC-IN-SUBMIT ep=0x81 len=0 type=BULK (in, awaiting data)
[2616] +90.152510 ASYNC-IN-DONE ep=0x81 len=0 status=2 actual=0
[2617] +90.152601 ASYNC-IN-SUBMIT ep=0x81 len=0 type=BULK (in, awaiting data)
[2618] +90.263605 ASYNC-IN-DONE ep=0x81 len=0 status=2 actual=0
[2619] +90.263700 ASYNC-IN-SUBMIT ep=0x81 len=0 type=BULK (in, awaiting data)
[2620] +90.329352 ASYNC-IN-DONE ep=0x81 len=16 status=0 actual=16
	0000  08 00 00 18 f0 03 02 10  00 59 00 10 09 02 00 00 |.........Y......|
[2621] +90.329484 ASYNC-IN-SUBMIT ep=0x81 len=0 type=BULK (in, awaiting data)
[2622] +90.432453 ASYNC-IN-DONE ep=0x81 len=0 status=2 actual=0
[2623] +90.432531 ASYNC-IN-SUBMIT ep=0x81 len=0 type=BULK (in, awaiting data)
[2624] +90.530087 ASYNC-IN-DONE ep=0x81 len=16 status=0 actual=16
	0000  08 00 00 18 ed 03 80 10  00 71 00 10 02 03 00 00 |.........q......|
[2625] +90.530170 ASYNC-IN-SUBMIT ep=0x81 len=0 type=BULK (in, awaiting data)
[2626] +90.582350 ASYNC-OUT ep=0x01 len=16 type=BULK 
	0000  08 00 00 18 01 10 ef 03  00 69 00 10 93 1e 00 00 |.........i......|
[2627] +90.582588 ASYNC-OUT-DONE ep=0x01 len=0 status=0 actual=16
[2628] +90.633203 ASYNC-IN-DONE ep=0x81 len=0 status=2 actual=0
[2629] +90.633318 ASYNC-IN-SUBMIT ep=0x81 len=0 type=BULK (in, awaiting data)
[2630] +90.737901 ASYNC-OUT ep=0x01 len=16 type=BULK 
	0000  08 00 00 18 80 10 ed 03  00 6d 00 10 41 1b 00 00 |.........m..A...|
[2631] +90.738063 ASYNC-IN-DONE ep=0x81 len=0 status=2 actual=0
[2632] +90.738124 ASYNC-IN-SUBMIT ep=0x81 len=0 type=BULK (in, awaiting data)
[2633] +90.738182 ASYNC-OUT ep=0x01 len=16 type=BULK 
	0000  08 00 00 18 02 10 f0 03  00 56 00 10 6d 10 00 00 |.........V..m...|
[2634] +90.738287 ASYNC-OUT-DONE ep=0x01 len=0 status=0 actual=16
[2635] +90.738414 ASYNC-OUT-DONE ep=0x01 len=0 status=0 actual=16
[2636] +90.848489 ASYNC-IN-DONE ep=0x81 len=0 status=2 actual=0
[2637] +90.848591 ASYNC-IN-SUBMIT ep=0x81 len=0 type=BULK (in, awaiting data)
[2638] +90.931713 ASYNC-IN-DONE ep=0x81 len=16 status=0 actual=16
	0000  08 00 00 18 ef 03 01 10  00 6e 00 10 65 02 00 00 |.........n..e...|
[2639] +90.931834 ASYNC-IN-SUBMIT ep=0x81 len=0 type=BULK (in, awaiting data)
[2640] +91.042929 ASYNC-IN-DONE ep=0x81 len=0 status=2 actual=0
[2641] +91.043013 ASYNC-IN-SUBMIT ep=0x81 len=0 type=BULK (in, awaiting data)
[2642] +91.154880 ASYNC-IN-DONE ep=0x81 len=0 status=2 actual=0
[2643] +91.155116 ASYNC-IN-SUBMIT ep=0x81 len=0 type=BULK (in, awaiting data)
[2644] +91.258948 ASYNC-IN-DONE ep=0x81 len=0 status=2 actual=0
[2645] +91.259094 ASYNC-IN-SUBMIT ep=0x81 len=0 type=BULK (in, awaiting data)
[2646] +91.332895 ASYNC-IN-DONE ep=0x81 len=16 status=0 actual=16
	0000  08 00 00 18 f0 03 02 10  00 5a 00 10 09 02 00 00 |.........Z......|
[2647] +91.333021 ASYNC-IN-SUBMIT ep=0x81 len=0 type=BULK (in, awaiting data)
[2648] +91.445825 ASYNC-IN-DONE ep=0x81 len=0 status=2 actual=0
[2649] +91.445903 ASYNC-IN-SUBMIT ep=0x81 len=0 type=BULK (in, awaiting data)
[2650] +91.533401 ASYNC-IN-DONE ep=0x81 len=16 status=0 actual=16
	0000  08 00 00 18 ed 03 80 10  00 72 00 10 02 03 00 00 |.........r......|
[2651] +91.533546 ASYNC-IN-SUBMIT ep=0x81 len=0 type=BULK (in, awaiting data)
[2652] +91.619235 ASYNC-OUT ep=0x01 len=16 type=BULK 
	0000  08 00 00 18 01 10 ef 03  00 6a 00 10 93 1e 00 00 |.........j......|
[2653] +91.619536 ASYNC-OUT-DONE ep=0x01 len=0 status=0 actual=16
[2654] +91.633898 ASYNC-IN-DONE ep=0x81 len=0 status=2 actual=0
[2655] +91.633982 ASYNC-IN-SUBMIT ep=0x81 len=0 type=BULK (in, awaiting data)
[2656] +91.744545 ASYNC-IN-DONE ep=0x81 len=0 status=2 actual=0
[2657] +91.744648 ASYNC-IN-SUBMIT ep=0x81 len=0 type=BULK (in, awaiting data)
[2658] +91.775344 ASYNC-OUT ep=0x01 len=16 type=BULK 
	0000  08 00 00 18 80 10 ed 03  00 6e 00 10 41 1b 00 00 |.........n..A...|
[2659] +91.775583 ASYNC-OUT ep=0x01 len=16 type=BULK 
	0000  08 00 00 18 02 10 f0 03  00 57 00 10 6d 10 00 00 |.........W..m...|
[2660] +91.775697 ASYNC-OUT-DONE ep=0x01 len=0 status=0 actual=16
[2661] +91.775754 ASYNC-OUT-DONE ep=0x01 len=0 status=0 actual=16
[2662] +91.848626 ASYNC-IN-DONE ep=0x81 len=0 status=2 actual=0
[2663] +91.848734 ASYNC-IN-SUBMIT ep=0x81 len=0 type=BULK (in, awaiting data)
[2664] +91.934979 ASYNC-IN-DONE ep=0x81 len=16 status=0 actual=16
	0000  08 00 00 18 ef 03 01 10  00 6f 00 10 65 02 00 00 |.........o..e...|
[2665] +91.935094 ASYNC-IN-SUBMIT ep=0x81 len=0 type=BULK (in, awaiting data)
[2666] +92.042287 ASYNC-IN-DONE ep=0x81 len=0 status=2 actual=0
[2667] +92.042378 ASYNC-IN-SUBMIT ep=0x81 len=0 type=BULK (in, awaiting data)
[2668] +92.144516 ASYNC-IN-DONE ep=0x81 len=0 status=2 actual=0
[2669] +92.144630 ASYNC-IN-SUBMIT ep=0x81 len=0 type=BULK (in, awaiting data)
[2670] +92.257299 ASYNC-IN-DONE ep=0x81 len=0 status=2 actual=0
[2671] +92.257410 ASYNC-IN-SUBMIT ep=0x81 len=0 type=BULK (in, awaiting data)
[2672] +92.336839 ASYNC-IN-DONE ep=0x81 len=16 status=0 actual=16
	0000  08 00 00 18 f0 03 02 10  00 5b 00 10 09 02 00 00 |.........[......|
[2673] +92.336983 ASYNC-IN-SUBMIT ep=0x81 len=0 type=BULK (in, awaiting data)
[2674] +92.442266 ASYNC-IN-DONE ep=0x81 len=0 status=2 actual=0
[2675] +92.442345 ASYNC-IN-SUBMIT ep=0x81 len=0 type=BULK (in, awaiting data)
[2676] +92.537202 ASYNC-IN-DONE ep=0x81 len=16 status=0 actual=16
	0000  08 00 00 18 ed 03 80 10  00 73 00 10 02 03 00 00 |.........s......|
[2677] +92.537374 ASYNC-IN-SUBMIT ep=0x81 len=0 type=BULK (in, awaiting data)
[2678] +92.649549 ASYNC-IN-DONE ep=0x81 len=0 status=2 actual=0
[2679] +92.649607 ASYNC-IN-SUBMIT ep=0x81 len=0 type=BULK (in, awaiting data)
[2680] +92.659549 ASYNC-OUT ep=0x01 len=16 type=BULK 
	0000  08 00 00 18 01 10 ef 03  00 6b 00 10 93 1e 00 00 |.........k......|
[2681] +92.659760 ASYNC-OUT-DONE ep=0x01 len=0 status=0 actual=16
[2682] +92.759237 ASYNC-IN-DONE ep=0x81 len=0 status=2 actual=0
[2683] +92.759323 ASYNC-IN-SUBMIT ep=0x81 len=0 type=BULK (in, awaiting data)
[2684] +92.815751 ASYNC-OUT ep=0x01 len=16 type=BULK 
	0000  08 00 00 18 80 10 ed 03  00 6f 00 10 41 1b 00 00 |.........o..A...|
[2685] +92.815982 ASYNC-OUT ep=0x01 len=16 type=BULK 
	0000  08 00 00 18 02 10 f0 03  00 58 00 10 6d 10 00 00 |.........X..m...|
[2686] +92.816121 ASYNC-OUT-DONE ep=0x01 len=0 status=0 actual=16
[2687] +92.816169 ASYNC-OUT-DONE ep=0x01 len=0 status=0 actual=16
[2688] +92.863775 ASYNC-IN-DONE ep=0x81 len=0 status=2 actual=0
[2689] +92.863858 ASYNC-IN-SUBMIT ep=0x81 len=0 type=BULK (in, awaiting data)
[2690] +92.938053 ASYNC-IN-DONE ep=0x81 len=16 status=0 actual=16
	0000  08 00 00 18 ef 03 01 10  00 70 00 10 65 02 00 00 |.........p..e...|
[2691] +92.938178 ASYNC-IN-SUBMIT ep=0x81 len=0 type=BULK (in, awaiting data)
[2692] +93.045665 ASYNC-IN-DONE ep=0x81 len=0 status=2 actual=0
[2693] +93.045728 ASYNC-IN-SUBMIT ep=0x81 len=0 type=BULK (in, awaiting data)
[2694] +93.157272 ASYNC-IN-DONE ep=0x81 len=0 status=2 actual=0
[2695] +93.157370 ASYNC-IN-SUBMIT ep=0x81 len=0 type=BULK (in, awaiting data)
[2696] +93.270147 ASYNC-IN-DONE ep=0x81 len=0 status=2 actual=0
[2697] +93.270215 ASYNC-IN-SUBMIT ep=0x81 len=0 type=BULK (in, awaiting data)
[2698] +93.339171 ASYNC-IN-DONE ep=0x81 len=16 status=0 actual=16
	0000  08 00 00 18 f0 03 02 10  00 5c 00 10 09 02 00 00 |.........\......|
[2699] +93.339224 ASYNC-IN-SUBMIT ep=0x81 len=0 type=BULK (in, awaiting data)
[2700] +93.451993 ASYNC-IN-DONE ep=0x81 len=0 status=2 actual=0
[2701] +93.452075 ASYNC-IN-SUBMIT ep=0x81 len=0 type=BULK (in, awaiting data)
[2702] +93.539989 ASYNC-IN-DONE ep=0x81 len=16 status=0 actual=16
	0000  08 00 00 18 ed 03 80 10  00 74 00 10 02 03 00 00 |.........t......|
[2703] +93.540104 ASYNC-IN-SUBMIT ep=0x81 len=0 type=BULK (in, awaiting data)
[2704] +93.647571 ASYNC-IN-DONE ep=0x81 len=0 status=2 actual=0
[2705] +93.647642 ASYNC-IN-SUBMIT ep=0x81 len=0 type=BULK (in, awaiting data)
[2706] +93.699438 ASYNC-OUT ep=0x01 len=16 type=BULK 
	0000  08 00 00 18 01 10 ef 03  00 6c 00 10 93 1e 00 00 |.........l......|
[2707] +93.699717 ASYNC-OUT-DONE ep=0x01 len=0 status=0 actual=16
[2708] +93.756568 ASYNC-IN-DONE ep=0x81 len=0 status=2 actual=0
[2709] +93.756638 ASYNC-IN-SUBMIT ep=0x81 len=0 type=BULK (in, awaiting data)
[2710] +93.855721 ASYNC-OUT ep=0x01 len=16 type=BULK 
	0000  08 00 00 18 80 10 ed 03  00 70 00 10 41 1b 00 00 |.........p..A...|
[2711] +93.855915 ASYNC-OUT ep=0x01 len=16 type=BULK 
	0000  08 00 00 18 02 10 f0 03  00 59 00 10 6d 10 00 00 |.........Y..m...|
[2712] +93.856045 ASYNC-OUT-DONE ep=0x01 len=0 status=0 actual=16
[2713] +93.856095 ASYNC-OUT-DONE ep=0x01 len=0 status=0 actual=16
[2714] +93.869374 ASYNC-IN-DONE ep=0x81 len=0 status=2 actual=0
[2715] +93.869435 ASYNC-IN-SUBMIT ep=0x81 len=0 type=BULK (in, awaiting data)
[2716] +93.941461 ASYNC-IN-DONE ep=0x81 len=16 status=0 actual=16
	0000  08 00 00 18 ef 03 01 10  00 71 00 10 65 02 00 00 |.........q..e...|
[2717] +93.941580 ASYNC-IN-SUBMIT ep=0x81 len=0 type=BULK (in, awaiting data)
[2718] +94.050674 ASYNC-IN-DONE ep=0x81 len=0 status=2 actual=0
[2719] +94.050752 ASYNC-IN-SUBMIT ep=0x81 len=0 type=BULK (in, awaiting data)
[2720] +94.163529 ASYNC-IN-DONE ep=0x81 len=0 status=2 actual=0
[2721] +94.163618 ASYNC-IN-SUBMIT ep=0x81 len=0 type=BULK (in, awaiting data)
[2722] +94.274560 ASYNC-IN-DONE ep=0x81 len=0 status=2 actual=0
[2723] +94.274666 ASYNC-IN-SUBMIT ep=0x81 len=0 type=BULK (in, awaiting data)
[2724] +94.342761 ASYNC-IN-DONE ep=0x81 len=16 status=0 actual=16
	0000  08 00 00 18 f0 03 02 10  00 5d 00 10 09 02 00 00 |.........]......|
[2725] +94.342828 ASYNC-IN-SUBMIT ep=0x81 len=0 type=BULK (in, awaiting data)
[2726] +94.455638 ASYNC-IN-DONE ep=0x81 len=0 status=2 actual=0
[2727] +94.455717 ASYNC-IN-SUBMIT ep=0x81 len=0 type=BULK (in, awaiting data)
[2728] +94.543517 ASYNC-IN-DONE ep=0x81 len=16 status=0 actual=16
	0000  08 00 00 18 ed 03 80 10  00 75 00 10 02 03 00 00 |.........u......|
[2729] +94.543622 ASYNC-IN-SUBMIT ep=0x81 len=0 type=BULK (in, awaiting data)
[2730] +94.652345 ASYNC-IN-DONE ep=0x81 len=0 status=2 actual=0
[2731] +94.652428 ASYNC-IN-SUBMIT ep=0x81 len=0 type=BULK (in, awaiting data)
[2732] +94.736874 ASYNC-OUT ep=0x01 len=16 type=BULK 
	0000  08 00 00 18 01 10 ef 03  00 6d 00 10 93 1e 00 00 |.........m......|
[2733] +94.737221 ASYNC-OUT-DONE ep=0x01 len=0 status=0 actual=16
[2734] +94.762984 ASYNC-IN-DONE ep=0x81 len=0 status=2 actual=0
[2735] +94.763055 ASYNC-IN-SUBMIT ep=0x81 len=0 type=BULK (in, awaiting data)
[2736] +94.875841 ASYNC-IN-DONE ep=0x81 len=0 status=2 actual=0
[2737] +94.875935 ASYNC-IN-SUBMIT ep=0x81 len=0 type=BULK (in, awaiting data)
[2738] +94.892127 ASYNC-OUT ep=0x01 len=16 type=BULK 
	0000  08 00 00 18 80 10 ed 03  00 71 00 10 41 1b 00 00 |.........q..A...|
[2739] +94.892262 ASYNC-OUT ep=0x01 len=16 type=BULK 
	0000  08 00 00 18 02 10 f0 03  00 5a 00 10 6d 10 00 00 |.........Z..m...|
[2740] +94.892383 ASYNC-OUT-DONE ep=0x01 len=0 status=0 actual=16
[2741] +94.892437 ASYNC-OUT-DONE ep=0x01 len=0 status=0 actual=16
[2742] +94.944674 ASYNC-IN-DONE ep=0x81 len=16 status=0 actual=16
	0000  08 00 00 18 ef 03 01 10  00 72 00 10 65 02 00 00 |.........r..e...|
[2743] +94.944782 ASYNC-IN-SUBMIT ep=0x81 len=0 type=BULK (in, awaiting data)
[2744] +95.057570 ASYNC-IN-DONE ep=0x81 len=0 status=2 actual=0
[2745] +95.057656 ASYNC-IN-SUBMIT ep=0x81 len=0 type=BULK (in, awaiting data)
[2746] +95.165445 ASYNC-IN-DONE ep=0x81 len=0 status=2 actual=0
[2747] +95.165562 ASYNC-IN-SUBMIT ep=0x81 len=0 type=BULK (in, awaiting data)
[2748] +95.278301 ASYNC-IN-DONE ep=0x81 len=0 status=2 actual=0
[2749] +95.278357 ASYNC-IN-SUBMIT ep=0x81 len=0 type=BULK (in, awaiting data)
[2750] +95.346264 ASYNC-IN-DONE ep=0x81 len=16 status=0 actual=16
	0000  08 00 00 18 f0 03 02 10  00 5e 00 10 09 02 00 00 |.........^......|
[2751] +95.346388 ASYNC-IN-SUBMIT ep=0x81 len=0 type=BULK (in, awaiting data)
[2752] +95.449695 ASYNC-IN-DONE ep=0x81 len=0 status=2 actual=0
[2753] +95.449791 ASYNC-IN-SUBMIT ep=0x81 len=0 type=BULK (in, awaiting data)
[2754] +95.546704 ASYNC-IN-DONE ep=0x81 len=16 status=0 actual=16
	0000  08 00 00 18 ed 03 80 10  00 76 00 10 02 03 00 00 |.........v......|
[2755] +95.546803 ASYNC-IN-SUBMIT ep=0x81 len=0 type=BULK (in, awaiting data)
[2756] +95.657709 ASYNC-IN-DONE ep=0x81 len=0 status=2 actual=0
[2757] +95.657800 ASYNC-IN-SUBMIT ep=0x81 len=0 type=BULK (in, awaiting data)
[2758] +95.760619 ASYNC-IN-DONE ep=0x81 len=0 status=2 actual=0
[2759] +95.760717 ASYNC-IN-SUBMIT ep=0x81 len=0 type=BULK (in, awaiting data)
[2760] +95.776346 ASYNC-OUT ep=0x01 len=16 type=BULK 
	0000  08 00 00 18 01 10 ef 03  00 6e 00 10 93 1e 00 00 |.........n......|
[2761] +95.776618 ASYNC-OUT-DONE ep=0x01 len=0 status=0 actual=16
[2762] +95.873524 ASYNC-IN-DONE ep=0x81 len=0 status=2 actual=0
[2763] +95.873624 ASYNC-IN-SUBMIT ep=0x81 len=0 type=BULK (in, awaiting data)
[2764] +95.932511 ASYNC-OUT ep=0x01 len=16 type=BULK 
	0000  08 00 00 18 80 10 ed 03  00 72 00 10 41 1b 00 00 |.........r..A...|
[2765] +95.932709 ASYNC-OUT ep=0x01 len=16 type=BULK 
	0000  08 00 00 18 02 10 f0 03  00 5b 00 10 6d 10 00 00 |.........[..m...|
[2766] +95.932846 ASYNC-OUT-DONE ep=0x01 len=0 status=0 actual=16
[2767] +95.932890 ASYNC-OUT-DONE ep=0x01 len=0 status=0 actual=16
[2768] +95.948159 ASYNC-IN-DONE ep=0x81 len=16 status=0 actual=16
	0000  08 00 00 18 ef 03 01 10  00 73 00 10 65 02 00 00 |.........s..e...|
[2769] +95.948253 ASYNC-IN-SUBMIT ep=0x81 len=0 type=BULK (in, awaiting data)
[2770] +96.057257 ASYNC-IN-DONE ep=0x81 len=0 status=2 actual=0
[2771] +96.057357 ASYNC-IN-SUBMIT ep=0x81 len=0 type=BULK (in, awaiting data)
[2772] +96.169900 ASYNC-IN-DONE ep=0x81 len=0 status=2 actual=0
[2773] +96.169995 ASYNC-IN-SUBMIT ep=0x81 len=0 type=BULK (in, awaiting data)
[2774] +96.270924 ASYNC-IN-DONE ep=0x81 len=0 status=2 actual=0
[2775] +96.271010 ASYNC-IN-SUBMIT ep=0x81 len=0 type=BULK (in, awaiting data)
[2776] +96.349464 ASYNC-IN-DONE ep=0x81 len=16 status=0 actual=16
	0000  08 00 00 18 f0 03 02 10  00 5f 00 10 09 02 00 00 |........._......|
[2777] +96.349604 ASYNC-IN-SUBMIT ep=0x81 len=0 type=BULK (in, awaiting data)
[2778] +96.456764 ASYNC-IN-DONE ep=0x81 len=0 status=2 actual=0
[2779] +96.456860 ASYNC-IN-SUBMIT ep=0x81 len=0 type=BULK (in, awaiting data)
[2780] +96.550161 ASYNC-IN-DONE ep=0x81 len=16 status=0 actual=16
	0000  08 00 00 18 ed 03 80 10  00 77 00 10 02 03 00 00 |.........w......|
[2781] +96.550293 ASYNC-IN-SUBMIT ep=0x81 len=0 type=BULK (in, awaiting data)
[2782] +96.660458 ASYNC-IN-DONE ep=0x81 len=0 status=2 actual=0
[2783] +96.660546 ASYNC-IN-SUBMIT ep=0x81 len=0 type=BULK (in, awaiting data)
[2784] +96.773341 ASYNC-IN-DONE ep=0x81 len=0 status=2 actual=0
[2785] +96.773437 ASYNC-IN-SUBMIT ep=0x81 len=0 type=BULK (in, awaiting data)
[2786] +96.816432 ASYNC-OUT ep=0x01 len=16 type=BULK 
	0000  08 00 00 18 01 10 ef 03  00 6f 00 10 93 1e 00 00 |.........o......|
[2787] +96.816754 ASYNC-OUT-DONE ep=0x01 len=0 status=0 actual=16
[2788] +96.886241 ASYNC-IN-DONE ep=0x81 len=0 status=2 actual=0
[2789] +96.886343 ASYNC-IN-SUBMIT ep=0x81 len=0 type=BULK (in, awaiting data)
[2790] +96.951358 ASYNC-IN-DONE ep=0x81 len=16 status=0 actual=16
	0000  08 00 00 18 ef 03 01 10  00 74 00 10 65 02 00 00 |.........t..e...|
[2791] +96.951485 ASYNC-IN-SUBMIT ep=0x81 len=0 type=BULK (in, awaiting data)
[2792] +96.972295 ASYNC-OUT ep=0x01 len=16 type=BULK 
	0000  08 00 00 18 80 10 ed 03  00 73 00 10 41 1b 00 00 |.........s..A...|
[2793] +96.972460 ASYNC-OUT ep=0x01 len=16 type=BULK 
	0000  08 00 00 18 02 10 f0 03  00 5c 00 10 6d 10 00 00 |.........\..m...|
[2794] +96.972574 ASYNC-OUT-DONE ep=0x01 len=0 status=0 actual=16
[2795] +96.972642 ASYNC-OUT-DONE ep=0x01 len=0 status=0 actual=16
[2796] +97.059691 ASYNC-IN-DONE ep=0x81 len=0 status=2 actual=0
[2797] +97.059765 ASYNC-IN-SUBMIT ep=0x81 len=0 type=BULK (in, awaiting data)
[2798] +97.165583 ASYNC-IN-DONE ep=0x81 len=0 status=2 actual=0
[2799] +97.165710 ASYNC-IN-SUBMIT ep=0x81 len=0 type=BULK (in, awaiting data)
[2800] +97.278570 ASYNC-IN-DONE ep=0x81 len=0 status=2 actual=0
[2801] +97.278641 ASYNC-IN-SUBMIT ep=0x81 len=0 type=BULK (in, awaiting data)
[2802] +97.352650 ASYNC-IN-DONE ep=0x81 len=16 status=0 actual=16
	0000  08 00 00 18 f0 03 02 10  00 60 00 10 09 02 00 00 |.........`......|
[2803] +97.352789 ASYNC-IN-SUBMIT ep=0x81 len=0 type=BULK (in, awaiting data)
[2804] +97.463715 ASYNC-IN-DONE ep=0x81 len=0 status=2 actual=0
[2805] +97.463746 ASYNC-IN-SUBMIT ep=0x81 len=0 type=BULK (in, awaiting data)
[2806] +97.553404 ASYNC-IN-DONE ep=0x81 len=16 status=0 actual=16
	0000  08 00 00 18 ed 03 80 10  00 78 00 10 02 03 00 00 |.........x......|
[2807] +97.553449 ASYNC-IN-SUBMIT ep=0x81 len=0 type=BULK (in, awaiting data)
[2808] +97.665651 ASYNC-IN-DONE ep=0x81 len=0 status=2 actual=0
[2809] +97.665679 ASYNC-IN-SUBMIT ep=0x81 len=0 type=BULK (in, awaiting data)
[2810] +97.769323 ASYNC-IN-DONE ep=0x81 len=0 status=2 actual=0
[2811] +97.769349 ASYNC-IN-SUBMIT ep=0x81 len=0 type=BULK (in, awaiting data)
[2812] +97.855675 ASYNC-OUT ep=0x01 len=16 type=BULK 
	0000  08 00 00 18 01 10 ef 03  00 70 00 10 93 1e 00 00 |.........p......|
[2813] +97.855892 ASYNC-OUT-DONE ep=0x01 len=0 status=0 actual=16
[2814] +97.879674 ASYNC-IN-DONE ep=0x81 len=0 status=2 actual=0
[2815] +97.879699 ASYNC-IN-SUBMIT ep=0x81 len=0 type=BULK (in, awaiting data)
[2816] +97.954475 ASYNC-IN-DONE ep=0x81 len=16 status=0 actual=16
	0000  08 00 00 18 ef 03 01 10  00 75 00 10 65 02 00 00 |.........u..e...|
[2817] +97.954518 ASYNC-IN-SUBMIT ep=0x81 len=0 type=BULK (in, awaiting data)
[2818] +98.010526 ASYNC-OUT ep=0x01 len=16 type=BULK 
	0000  08 00 00 18 80 10 ed 03  00 74 00 10 41 1b 00 00 |.........t..A...|
[2819] +98.010627 ASYNC-OUT ep=0x01 len=16 type=BULK 
	0000  08 00 00 18 02 10 f0 03  00 5d 00 10 6d 10 00 00 |.........]..m...|
[2820] +98.010760 ASYNC-OUT-DONE ep=0x01 len=0 status=0 actual=16
[2821] +98.010787 ASYNC-OUT-DONE ep=0x01 len=0 status=0 actual=16
[2822] +98.058819 ASYNC-IN-DONE ep=0x81 len=0 status=2 actual=0
[2823] +98.058843 ASYNC-IN-SUBMIT ep=0x81 len=0 type=BULK (in, awaiting data)
[2824] +98.171653 ASYNC-IN-DONE ep=0x81 len=0 status=2 actual=0
[2825] +98.171675 ASYNC-IN-SUBMIT ep=0x81 len=0 type=BULK (in, awaiting data)
[2826] +98.284380 ASYNC-IN-DONE ep=0x81 len=0 status=2 actual=0
[2827] +98.284400 ASYNC-IN-SUBMIT ep=0x81 len=0 type=BULK (in, awaiting data)
[2828] +98.356123 ASYNC-IN-DONE ep=0x81 len=16 status=0 actual=16
	0000  08 00 00 18 f0 03 02 10  00 61 00 10 09 02 00 00 |.........a......|
[2829] +98.356151 ASYNC-IN-SUBMIT ep=0x81 len=0 type=BULK (in, awaiting data)
[2830] +98.464138 ASYNC-IN-DONE ep=0x81 len=0 status=2 actual=0
[2831] +98.464160 ASYNC-IN-SUBMIT ep=0x81 len=0 type=BULK (in, awaiting data)
[2832] +98.556513 ASYNC-IN-DONE ep=0x81 len=16 status=0 actual=16
	0000  08 00 00 18 ed 03 80 10  00 79 00 10 02 03 00 00 |.........y......|
[2833] +98.556549 ASYNC-IN-SUBMIT ep=0x81 len=0 type=BULK (in, awaiting data)
[2834] +98.669196 ASYNC-IN-DONE ep=0x81 len=0 status=2 actual=0
[2835] +98.669217 ASYNC-IN-SUBMIT ep=0x81 len=0 type=BULK (in, awaiting data)
[2836] +98.781864 ASYNC-IN-DONE ep=0x81 len=0 status=2 actual=0
[2837] +98.781892 ASYNC-IN-SUBMIT ep=0x81 len=0 type=BULK (in, awaiting data)
[2838] +98.891902 ASYNC-OUT ep=0x01 len=16 type=BULK 
	0000  08 00 00 18 01 10 ef 03  00 71 00 10 93 1e 00 00 |.........q......|
[2839] +98.891999 ASYNC-IN-DONE ep=0x81 len=0 status=2 actual=0
[2840] +98.892025 ASYNC-IN-SUBMIT ep=0x81 len=0 type=BULK (in, awaiting data)
[2841] +98.892107 ASYNC-OUT-DONE ep=0x01 len=0 status=0 actual=16
[2842] +98.958461 ASYNC-IN-DONE ep=0x81 len=16 status=0 actual=16
	0000  08 00 00 18 ef 03 01 10  00 76 00 10 65 02 00 00 |.........v..e...|
[2843] +98.958497 ASYNC-IN-SUBMIT ep=0x81 len=0 type=BULK (in, awaiting data)
[2844] +99.047276 ASYNC-OUT ep=0x01 len=16 type=BULK 
	0000  08 00 00 18 80 10 ed 03  00 75 00 10 41 1b 00 00 |.........u..A...|
[2845] +99.047457 ASYNC-OUT ep=0x01 len=16 type=BULK 
	0000  08 00 00 18 02 10 f0 03  00 5e 00 10 6d 10 00 00 |.........^..m...|
[2846] +99.047610 ASYNC-OUT-DONE ep=0x01 len=0 status=0 actual=16
[2847] +99.047636 ASYNC-OUT-DONE ep=0x01 len=0 status=0 actual=16
[2848] +99.071212 ASYNC-IN-DONE ep=0x81 len=0 status=2 actual=0
[2849] +99.071237 ASYNC-IN-SUBMIT ep=0x81 len=0 type=BULK (in, awaiting data)
[2850] +99.176087 ASYNC-IN-DONE ep=0x81 len=0 status=2 actual=0
[2851] +99.176105 ASYNC-IN-SUBMIT ep=0x81 len=0 type=BULK (in, awaiting data)
[2852] +99.285645 ASYNC-IN-DONE ep=0x81 len=0 status=2 actual=0
[2853] +99.285670 ASYNC-IN-SUBMIT ep=0x81 len=0 type=BULK (in, awaiting data)
[2854] +99.359533 ASYNC-IN-DONE ep=0x81 len=16 status=0 actual=16
	0000  08 00 00 18 f0 03 02 10  00 62 00 10 09 02 00 00 |.........b......|
[2855] +99.359564 ASYNC-IN-SUBMIT ep=0x81 len=0 type=BULK (in, awaiting data)
[2856] +99.463410 ASYNC-IN-DONE ep=0x81 len=0 status=2 actual=0
[2857] +99.463432 ASYNC-IN-SUBMIT ep=0x81 len=0 type=BULK (in, awaiting data)
[2858] +99.560397 ASYNC-IN-DONE ep=0x81 len=16 status=0 actual=16
	0000  08 00 00 18 ed 03 80 10  00 7a 00 10 02 03 00 00 |.........z......|
[2859] +99.560432 ASYNC-IN-SUBMIT ep=0x81 len=0 type=BULK (in, awaiting data)
[2860] +99.661772 ASYNC-IN-DONE ep=0x81 len=0 status=2 actual=0
[2861] +99.661797 ASYNC-IN-SUBMIT ep=0x81 len=0 type=BULK (in, awaiting data)
[2862] +99.761965 ASYNC-IN-DONE ep=0x81 len=0 status=2 actual=0
[2863] +99.761985 ASYNC-IN-SUBMIT ep=0x81 len=0 type=BULK (in, awaiting data)
[2864] +99.874761 ASYNC-IN-DONE ep=0x81 len=0 status=2 actual=0
[2865] +99.874801 ASYNC-IN-SUBMIT ep=0x81 len=0 type=BULK (in, awaiting data)
[2866] +99.927968 ASYNC-OUT ep=0x01 len=16 type=BULK 
	0000  08 00 00 18 01 10 ef 03  00 72 00 10 93 1e 00 00 |.........r......|
[2867] +99.928217 ASYNC-OUT-DONE ep=0x01 len=0 status=0 actual=16
[2868] +99.961337 ASYNC-IN-DONE ep=0x81 len=16 status=0 actual=16
	0000  08 00 00 18 ef 03 01 10  00 77 00 10 65 02 00 00 |.........w..e...|
[2869] +99.961386 ASYNC-IN-SUBMIT ep=0x81 len=0 type=BULK (in, awaiting data)
[2870] +100.071307 ASYNC-IN-DONE ep=0x81 len=0 status=2 actual=0
[2871] +100.071318 ASYNC-IN-SUBMIT ep=0x81 len=0 type=BULK (in, awaiting data)
[2872] +100.083564 ASYNC-OUT ep=0x01 len=16 type=BULK 
	0000  08 00 00 18 80 10 ed 03  00 76 00 10 41 1b 00 00 |.........v..A...|
[2873] +100.083663 ASYNC-OUT ep=0x01 len=16 type=BULK 
	0000  08 00 00 18 02 10 f0 03  00 5f 00 10 6d 10 00 00 |........._..m...|
[2874] +100.083741 ASYNC-OUT-DONE ep=0x01 len=0 status=0 actual=16
[2875] +100.083801 ASYNC-OUT-DONE ep=0x01 len=0 status=0 actual=16
[2876] +100.184047 ASYNC-IN-DONE ep=0x81 len=0 status=2 actual=0
[2877] +100.184067 ASYNC-IN-SUBMIT ep=0x81 len=0 type=BULK (in, awaiting data)
[2878] +100.284769 ASYNC-IN-DONE ep=0x81 len=0 status=2 actual=0
[2879] +100.284794 ASYNC-IN-SUBMIT ep=0x81 len=0 type=BULK (in, awaiting data)
[2880] +100.362916 ASYNC-IN-DONE ep=0x81 len=16 status=0 actual=16
	0000  08 00 00 18 f0 03 02 10  00 63 00 10 09 02 00 00 |.........c......|
[2881] +100.362949 ASYNC-IN-SUBMIT ep=0x81 len=0 type=BULK (in, awaiting data)
[2882] +100.464972 ASYNC-IN-DONE ep=0x81 len=0 status=2 actual=0
[2883] +100.465003 ASYNC-IN-SUBMIT ep=0x81 len=0 type=BULK (in, awaiting data)
[2884] +100.563281 ASYNC-IN-DONE ep=0x81 len=16 status=0 actual=16
	0000  08 00 00 18 ed 03 80 10  00 7b 00 10 02 03 00 00 |.........{......|
[2885] +100.563316 ASYNC-IN-SUBMIT ep=0x81 len=0 type=BULK (in, awaiting data)
[2886] +100.666898 ASYNC-IN-DONE ep=0x81 len=0 status=2 actual=0
[2887] +100.666922 ASYNC-IN-SUBMIT ep=0x81 len=0 type=BULK (in, awaiting data)
[2888] +100.769929 ASYNC-IN-DONE ep=0x81 len=0 status=2 actual=0
[2889] +100.769982 ASYNC-IN-SUBMIT ep=0x81 len=0 type=BULK (in, awaiting data)
[2890] +100.882750 ASYNC-IN-DONE ep=0x81 len=0 status=2 actual=0
[2891] +100.882777 ASYNC-IN-SUBMIT ep=0x81 len=0 type=BULK (in, awaiting data)
[2892] +100.963629 ASYNC-OUT ep=0x01 len=16 type=BULK 
	0000  08 00 00 18 01 10 ef 03  00 73 00 10 93 1e 00 00 |.........s......|
[2893] +100.963858 ASYNC-OUT-DONE ep=0x01 len=0 status=0 actual=16
[2894] +100.964655 ASYNC-IN-DONE ep=0x81 len=16 status=0 actual=16
	0000  08 00 00 18 ef 03 01 10  00 78 00 10 65 02 00 00 |.........x..e...|
[2895] +100.964725 ASYNC-IN-SUBMIT ep=0x81 len=0 type=BULK (in, awaiting data)
[2896] +101.070471 ASYNC-IN-DONE ep=0x81 len=0 status=2 actual=0
[2897] +101.070498 ASYNC-IN-SUBMIT ep=0x81 len=0 type=BULK (in, awaiting data)
[2898] +101.119250 ASYNC-OUT ep=0x01 len=16 type=BULK 
	0000  08 00 00 18 80 10 ed 03  00 77 00 10 41 1b 00 00 |.........w..A...|
[2899] +101.119343 ASYNC-OUT ep=0x01 len=16 type=BULK 
	0000  08 00 00 18 02 10 f0 03  00 60 00 10 6d 10 00 00 |.........`..m...|
[2900] +101.119410 ASYNC-OUT-DONE ep=0x01 len=0 status=0 actual=16
[2901] +101.119473 ASYNC-OUT-DONE ep=0x01 len=0 status=0 actual=16
[2902] +101.174490 ASYNC-IN-DONE ep=0x81 len=0 status=2 actual=0
[2903] +101.174511 ASYNC-IN-SUBMIT ep=0x81 len=0 type=BULK (in, awaiting data)
[2904] +101.279156 ASYNC-IN-DONE ep=0x81 len=0 status=2 actual=0
[2905] +101.279176 ASYNC-IN-SUBMIT ep=0x81 len=0 type=BULK (in, awaiting data)
[2906] +101.366386 ASYNC-IN-DONE ep=0x81 len=16 status=0 actual=16
	0000  08 00 00 18 f0 03 02 10  00 64 00 10 09 02 00 00 |.........d......|
[2907] +101.366418 ASYNC-IN-SUBMIT ep=0x81 len=0 type=BULK (in, awaiting data)
[2908] +101.479088 ASYNC-IN-DONE ep=0x81 len=0 status=2 actual=0
[2909] +101.479112 ASYNC-IN-SUBMIT ep=0x81 len=0 type=BULK (in, awaiting data)
[2910] +101.566822 ASYNC-IN-DONE ep=0x81 len=16 status=0 actual=16
	0000  08 00 00 18 ed 03 80 10  00 7c 00 10 02 03 00 00 |.........|......|
[2911] +101.566902 ASYNC-IN-SUBMIT ep=0x81 len=0 type=BULK (in, awaiting data)
[2912] +101.668302 ASYNC-IN-DONE ep=0x81 len=0 status=2 actual=0
[2913] +101.668326 ASYNC-IN-SUBMIT ep=0x81 len=0 type=BULK (in, awaiting data)
[2914] +101.779851 ASYNC-IN-DONE ep=0x81 len=0 status=2 actual=0
[2915] +101.779877 ASYNC-IN-SUBMIT ep=0x81 len=0 type=BULK (in, awaiting data)
[2916] +101.885974 ASYNC-IN-DONE ep=0x81 len=0 status=2 actual=0
[2917] +101.885998 ASYNC-IN-SUBMIT ep=0x81 len=0 type=BULK (in, awaiting data)
[2918] +101.968511 ASYNC-IN-DONE ep=0x81 len=16 status=0 actual=16
	0000  08 00 00 18 ef 03 01 10  00 79 00 10 65 02 00 00 |.........y..e...|
[2919] +101.968541 ASYNC-IN-SUBMIT ep=0x81 len=0 type=BULK (in, awaiting data)
[2920] +102.001514 ASYNC-OUT ep=0x01 len=16 type=BULK 
	0000  08 00 00 18 01 10 ef 03  00 74 00 10 93 1e 00 00 |.........t......|
[2921] +102.001686 ASYNC-OUT-DONE ep=0x01 len=0 status=0 actual=16
[2922] +102.079783 ASYNC-IN-DONE ep=0x81 len=0 status=2 actual=0
[2923] +102.079793 ASYNC-IN-SUBMIT ep=0x81 len=0 type=BULK (in, awaiting data)
[2924] +102.157673 ASYNC-OUT ep=0x01 len=16 type=BULK 
	0000  08 00 00 18 80 10 ed 03  00 78 00 10 41 1b 00 00 |.........x..A...|
[2925] +102.157781 ASYNC-OUT ep=0x01 len=16 type=BULK 
	0000  08 00 00 18 02 10 f0 03  00 61 00 10 6d 10 00 00 |.........a..m...|
[2926] +102.157853 ASYNC-OUT-DONE ep=0x01 len=0 status=0 actual=16
[2927] +102.157922 ASYNC-OUT-DONE ep=0x01 len=0 status=0 actual=16
[2928] +102.183146 ASYNC-IN-DONE ep=0x81 len=0 status=2 actual=0
[2929] +102.183168 ASYNC-IN-SUBMIT ep=0x81 len=0 type=BULK (in, awaiting data)
[2930] +102.295992 ASYNC-IN-DONE ep=0x81 len=0 status=2 actual=0
[2931] +102.296035 ASYNC-IN-SUBMIT ep=0x81 len=0 type=BULK (in, awaiting data)
[2932] +102.369319 ASYNC-IN-DONE ep=0x81 len=16 status=0 actual=16
	0000  08 00 00 18 f0 03 02 10  00 65 00 10 09 02 00 00 |.........e......|
[2933] +102.369371 ASYNC-IN-SUBMIT ep=0x81 len=0 type=BULK (in, awaiting data)
[2934] +102.482140 ASYNC-IN-DONE ep=0x81 len=0 status=2 actual=0
[2935] +102.482185 ASYNC-IN-SUBMIT ep=0x81 len=0 type=BULK (in, awaiting data)
[2936] +102.570199 ASYNC-IN-DONE ep=0x81 len=16 status=0 actual=16
	0000  08 00 00 18 ed 03 80 10  00 7d 00 10 02 03 00 00 |.........}......|
[2937] +102.570301 ASYNC-IN-SUBMIT ep=0x81 len=0 type=BULK (in, awaiting data)
[2938] +102.681564 ASYNC-IN-DONE ep=0x81 len=0 status=2 actual=0
[2939] +102.681597 ASYNC-IN-SUBMIT ep=0x81 len=0 type=BULK (in, awaiting data)
[2940] +102.792326 ASYNC-IN-DONE ep=0x81 len=0 status=2 actual=0
[2941] +102.792408 ASYNC-IN-SUBMIT ep=0x81 len=0 type=BULK (in, awaiting data)
[2942] +102.905195 ASYNC-IN-DONE ep=0x81 len=0 status=2 actual=0
[2943] +102.905294 ASYNC-IN-SUBMIT ep=0x81 len=0 type=BULK (in, awaiting data)
[2944] +102.971336 ASYNC-IN-DONE ep=0x81 len=16 status=0 actual=16
	0000  08 00 00 18 ef 03 01 10  00 7a 00 10 65 02 00 00 |.........z..e...|
[2945] +102.971473 ASYNC-IN-SUBMIT ep=0x81 len=0 type=BULK (in, awaiting data)
[2946] +103.037764 ASYNC-OUT ep=0x01 len=16 type=BULK 
	0000  08 00 00 18 01 10 ef 03  00 75 00 10 93 1e 00 00 |.........u......|
[2947] +103.038060 ASYNC-OUT-DONE ep=0x01 len=0 status=0 actual=16
[2948] +103.075591 ASYNC-IN-DONE ep=0x81 len=0 status=2 actual=0
[2949] +103.075666 ASYNC-IN-SUBMIT ep=0x81 len=0 type=BULK (in, awaiting data)
[2950] +103.188087 ASYNC-IN-DONE ep=0x81 len=0 status=2 actual=0
[2951] +103.188186 ASYNC-IN-SUBMIT ep=0x81 len=0 type=BULK (in, awaiting data)
[2952] +103.192144 ASYNC-OUT ep=0x01 len=16 type=BULK 
	0000  08 00 00 18 80 10 ed 03  00 79 00 10 41 1b 00 00 |.........y..A...|
[2953] +103.192313 ASYNC-OUT ep=0x01 len=16 type=BULK 
	0000  08 00 00 18 02 10 f0 03  00 62 00 10 6d 10 00 00 |.........b..m...|
[2954] +103.192426 ASYNC-OUT-DONE ep=0x01 len=0 status=0 actual=16
[2955] +103.192475 ASYNC-OUT-DONE ep=0x01 len=0 status=0 actual=16
[2956] +103.299776 ASYNC-IN-DONE ep=0x81 len=0 status=2 actual=0
[2957] +103.299893 ASYNC-IN-SUBMIT ep=0x81 len=0 type=BULK (in, awaiting data)
[2958] +103.372990 ASYNC-IN-DONE ep=0x81 len=16 status=0 actual=16
	0000  08 00 00 18 f0 03 02 10  00 66 00 10 09 02 00 00 |.........f......|
[2959] +103.373130 ASYNC-IN-SUBMIT ep=0x81 len=0 type=BULK (in, awaiting data)
[2960] +103.477741 ASYNC-IN-DONE ep=0x81 len=0 status=2 actual=0
[2961] +103.477854 ASYNC-IN-SUBMIT ep=0x81 len=0 type=BULK (in, awaiting data)
[2962] +103.573360 ASYNC-IN-DONE ep=0x81 len=16 status=0 actual=16
	0000  08 00 00 18 ed 03 80 10  00 7e 00 10 02 03 00 00 |.........~......|
[2963] +103.573480 ASYNC-IN-SUBMIT ep=0x81 len=0 type=BULK (in, awaiting data)
[2964] +103.686193 ASYNC-IN-DONE ep=0x81 len=0 status=2 actual=0
[2965] +103.686264 ASYNC-IN-SUBMIT ep=0x81 len=0 type=BULK (in, awaiting data)
[2966] +103.788617 ASYNC-IN-DONE ep=0x81 len=0 status=2 actual=0
[2967] +103.788701 ASYNC-IN-SUBMIT ep=0x81 len=0 type=BULK (in, awaiting data)
[2968] +103.891743 ASYNC-IN-DONE ep=0x81 len=0 status=2 actual=0
[2969] +103.891836 ASYNC-IN-SUBMIT ep=0x81 len=0 type=BULK (in, awaiting data)
[2970] +103.975007 ASYNC-IN-DONE ep=0x81 len=16 status=0 actual=16
	0000  08 00 00 18 ef 03 01 10  00 7b 00 10 65 02 00 00 |.........{..e...|
[2971] +103.975110 ASYNC-IN-SUBMIT ep=0x81 len=0 type=BULK (in, awaiting data)
[2972] +104.072320 ASYNC-OUT ep=0x01 len=16 type=BULK 
	0000  08 00 00 18 01 10 ef 03  00 76 00 10 93 1e 00 00 |.........v......|
[2973] +104.072635 ASYNC-OUT-DONE ep=0x01 len=0 status=0 actual=16
[2974] +104.075528 ASYNC-IN-DONE ep=0x81 len=0 status=2 actual=0
[2975] +104.075582 ASYNC-IN-SUBMIT ep=0x81 len=0 type=BULK (in, awaiting data)
[2976] +104.184952 ASYNC-IN-DONE ep=0x81 len=0 status=2 actual=0
[2977] +104.185028 ASYNC-IN-SUBMIT ep=0x81 len=0 type=BULK (in, awaiting data)
[2978] +104.227506 ASYNC-OUT ep=0x01 len=16 type=BULK 
	0000  08 00 00 18 80 10 ed 03  00 7a 00 10 41 1b 00 00 |.........z..A...|
[2979] +104.227713 ASYNC-OUT ep=0x01 len=16 type=BULK 
	0000  08 00 00 18 02 10 f0 03  00 63 00 10 6d 10 00 00 |.........c..m...|
[2980] +104.227830 ASYNC-OUT-DONE ep=0x01 len=0 status=0 actual=16
[2981] +104.227859 ASYNC-OUT-DONE ep=0x01 len=0 status=0 actual=16
[2982] +104.296421 ASYNC-IN-DONE ep=0x81 len=0 status=2 actual=0
[2983] +104.296537 ASYNC-IN-SUBMIT ep=0x81 len=0 type=BULK (in, awaiting data)
[2984] +104.375827 ASYNC-IN-DONE ep=0x81 len=16 status=0 actual=16
	0000  08 00 00 18 f0 03 02 10  00 67 00 10 09 02 00 00 |.........g......|
[2985] +104.375937 ASYNC-IN-SUBMIT ep=0x81 len=0 type=BULK (in, awaiting data)
[2986] +104.486940 ASYNC-IN-DONE ep=0x81 len=0 status=2 actual=0
[2987] +104.487054 ASYNC-IN-SUBMIT ep=0x81 len=0 type=BULK (in, awaiting data)
[2988] +104.576926 ASYNC-IN-DONE ep=0x81 len=16 status=0 actual=16
	0000  08 00 00 18 ed 03 80 10  00 7f 00 10 02 03 00 00 |................|
[2989] +104.577031 ASYNC-IN-SUBMIT ep=0x81 len=0 type=BULK (in, awaiting data)
[2990] +104.683938 ASYNC-IN-DONE ep=0x81 len=0 status=2 actual=0
[2991] +104.684048 ASYNC-IN-SUBMIT ep=0x81 len=0 type=BULK (in, awaiting data)
[2992] +104.796828 ASYNC-IN-DONE ep=0x81 len=0 status=2 actual=0
[2993] +104.796941 ASYNC-IN-SUBMIT ep=0x81 len=0 type=BULK (in, awaiting data)
[2994] +104.908878 ASYNC-IN-DONE ep=0x81 len=0 status=2 actual=0
[2995] +104.908939 ASYNC-IN-SUBMIT ep=0x81 len=0 type=BULK (in, awaiting data)
[2996] +104.978257 ASYNC-IN-DONE ep=0x81 len=16 status=0 actual=16
	0000  08 00 00 18 ef 03 01 10  00 7c 00 10 65 02 00 00 |.........|..e...|
[2997] +104.978419 ASYNC-IN-SUBMIT ep=0x81 len=0 type=BULK (in, awaiting data)
[2998] +105.081845 ASYNC-IN-DONE ep=0x81 len=0 status=2 actual=0
[2999] +105.081972 ASYNC-IN-SUBMIT ep=0x81 len=0 type=BULK (in, awaiting data)
[3000] +105.108245 ASYNC-OUT ep=0x01 len=16 type=BULK 
	0000  08 00 00 18 01 10 ef 03  00 77 00 10 93 1e 00 00 |.........w......|
[3001] +105.108654 ASYNC-OUT-DONE ep=0x01 len=0 status=0 actual=16
[3002] +105.185987 ASYNC-IN-DONE ep=0x81 len=0 status=2 actual=0
[3003] +105.186096 ASYNC-IN-SUBMIT ep=0x81 len=0 type=BULK (in, awaiting data)
[3004] +105.263895 ASYNC-OUT ep=0x01 len=16 type=BULK 
	0000  08 00 00 18 80 10 ed 03  00 7b 00 10 41 1b 00 00 |.........{..A...|
[3005] +105.264331 ASYNC-OUT ep=0x01 len=16 type=BULK 
	0000  08 00 00 18 02 10 f0 03  00 64 00 10 6d 10 00 00 |.........d..m...|
[3006] +105.264489 ASYNC-OUT-DONE ep=0x01 len=0 status=0 actual=16
[3007] +105.264583 ASYNC-OUT-DONE ep=0x01 len=0 status=0 actual=16
[3008] +105.297584 ASYNC-IN-DONE ep=0x81 len=0 status=2 actual=0
[3009] +105.297694 ASYNC-IN-SUBMIT ep=0x81 len=0 type=BULK (in, awaiting data)
[3010] +105.379387 ASYNC-IN-DONE ep=0x81 len=16 status=0 actual=16
	0000  08 00 00 18 f0 03 02 10  00 68 00 10 09 02 00 00 |.........h......|
[3011] +105.379526 ASYNC-IN-SUBMIT ep=0x81 len=0 type=BULK (in, awaiting data)
[3012] +105.481653 ASYNC-IN-DONE ep=0x81 len=0 status=2 actual=0
[3013] +105.481746 ASYNC-IN-SUBMIT ep=0x81 len=0 type=BULK (in, awaiting data)
[3014] +105.579922 ASYNC-IN-DONE ep=0x81 len=16 status=0 actual=16
	0000  08 00 00 18 ed 03 80 10  00 80 00 10 02 03 00 00 |................|
[3015] +105.580090 ASYNC-IN-SUBMIT ep=0x81 len=0 type=BULK (in, awaiting data)
[3016] +105.692023 ASYNC-IN-DONE ep=0x81 len=0 status=2 actual=0
[3017] +105.692125 ASYNC-IN-SUBMIT ep=0x81 len=0 type=BULK (in, awaiting data)
[3018] +105.804729 ASYNC-IN-DONE ep=0x81 len=0 status=2 actual=0
[3019] +105.804816 ASYNC-IN-SUBMIT ep=0x81 len=0 type=BULK (in, awaiting data)
[3020] +105.916645 ASYNC-IN-DONE ep=0x81 len=0 status=2 actual=0
[3021] +105.916761 ASYNC-IN-SUBMIT ep=0x81 len=0 type=BULK (in, awaiting data)
[3022] +105.981396 ASYNC-IN-DONE ep=0x81 len=16 status=0 actual=16
	0000  08 00 00 18 ef 03 01 10  00 7d 00 10 65 02 00 00 |.........}..e...|
[3023] +105.981524 ASYNC-IN-SUBMIT ep=0x81 len=0 type=BULK (in, awaiting data)
[3024] +106.094302 ASYNC-IN-DONE ep=0x81 len=0 status=2 actual=0
[3025] +106.094386 ASYNC-IN-SUBMIT ep=0x81 len=0 type=BULK (in, awaiting data)
[3026] +106.145931 ASYNC-OUT ep=0x01 len=16 type=BULK 
	0000  08 00 00 18 01 10 ef 03  00 78 00 10 93 1e 00 00 |.........x......|
[3027] +106.146210 ASYNC-OUT-DONE ep=0x01 len=0 status=0 actual=16
[3028] +106.204730 ASYNC-IN-DONE ep=0x81 len=0 status=2 actual=0
[3029] +106.204813 ASYNC-IN-SUBMIT ep=0x81 len=0 type=BULK (in, awaiting data)
[3030] +106.302089 ASYNC-OUT ep=0x01 len=16 type=BULK 
	0000  08 00 00 18 80 10 ed 03  00 7c 00 10 41 1b 00 00 |.........|..A...|
[3031] +106.302228 ASYNC-OUT ep=0x01 len=16 type=BULK 
	0000  08 00 00 18 02 10 f0 03  00 65 00 10 6d 10 00 00 |.........e..m...|
[3032] +106.302316 ASYNC-OUT-DONE ep=0x01 len=0 status=0 actual=16
[3033] +106.302366 ASYNC-OUT-DONE ep=0x01 len=0 status=0 actual=16
[3034] +106.311768 ASYNC-IN-DONE ep=0x81 len=0 status=2 actual=0
[3035] +106.311830 ASYNC-IN-SUBMIT ep=0x81 len=0 type=BULK (in, awaiting data)
[3036] +106.383023 ASYNC-IN-DONE ep=0x81 len=16 status=0 actual=16
	0000  08 00 00 18 f0 03 02 10  00 69 00 10 09 02 00 00 |.........i......|
[3037] +106.383134 ASYNC-IN-SUBMIT ep=0x81 len=0 type=BULK (in, awaiting data)
[3038] +106.484427 ASYNC-IN-DONE ep=0x81 len=0 status=2 actual=0
[3039] +106.484501 ASYNC-IN-SUBMIT ep=0x81 len=0 type=BULK (in, awaiting data)
[3040] +106.584322 ASYNC-IN-DONE ep=0x81 len=16 status=0 actual=16
	0000  08 00 00 18 ed 03 80 10  00 81 00 10 02 03 00 00 |................|
[3041] +106.584470 ASYNC-IN-SUBMIT ep=0x81 len=0 type=BULK (in, awaiting data)
[3042] +106.688588 ASYNC-IN-DONE ep=0x81 len=0 status=2 actual=0
[3043] +106.688701 ASYNC-IN-SUBMIT ep=0x81 len=0 type=BULK (in, awaiting data)
[3044] +106.801551 ASYNC-IN-DONE ep=0x81 len=0 status=2 actual=0
[3045] +106.801658 ASYNC-IN-SUBMIT ep=0x81 len=0 type=BULK (in, awaiting data)
[3046] +106.907837 ASYNC-IN-DONE ep=0x81 len=0 status=2 actual=0
[3047] +106.907888 ASYNC-IN-SUBMIT ep=0x81 len=0 type=BULK (in, awaiting data)
[3048] +106.985093 ASYNC-IN-DONE ep=0x81 len=16 status=0 actual=16
	0000  08 00 00 18 ef 03 01 10  00 7e 00 10 65 02 00 00 |.........~..e...|
[3049] +106.985233 ASYNC-IN-SUBMIT ep=0x81 len=0 type=BULK (in, awaiting data)
[3050] +107.097592 ASYNC-IN-DONE ep=0x81 len=0 status=2 actual=0
[3051] +107.097684 ASYNC-IN-SUBMIT ep=0x81 len=0 type=BULK (in, awaiting data)
[3052] +107.185611 ASYNC-OUT ep=0x01 len=16 type=BULK 
	0000  08 00 00 18 01 10 ef 03  00 79 00 10 93 1e 00 00 |.........y......|
[3053] +107.185880 ASYNC-OUT-DONE ep=0x01 len=0 status=0 actual=16
[3054] +107.208877 ASYNC-IN-DONE ep=0x81 len=0 status=2 actual=0
[3055] +107.208949 ASYNC-IN-SUBMIT ep=0x81 len=0 type=BULK (in, awaiting data)
[3056] +107.321406 ASYNC-IN-DONE ep=0x81 len=0 status=2 actual=0
[3057] +107.321521 ASYNC-IN-SUBMIT ep=0x81 len=0 type=BULK (in, awaiting data)
[3058] +107.341757 ASYNC-OUT ep=0x01 len=16 type=BULK 
	0000  08 00 00 18 80 10 ed 03  00 7d 00 10 41 1b 00 00 |.........}..A...|
[3059] +107.341946 ASYNC-OUT ep=0x01 len=16 type=BULK 
	0000  08 00 00 18 02 10 f0 03  00 66 00 10 6d 10 00 00 |.........f..m...|
[3060] +107.342042 ASYNC-OUT-DONE ep=0x01 len=0 status=0 actual=16
[3061] +107.342076 ASYNC-OUT-DONE ep=0x01 len=0 status=0 actual=16
[3062] +107.386036 ASYNC-IN-DONE ep=0x81 len=16 status=0 actual=16
	0000  08 00 00 18 f0 03 02 10  00 6a 00 10 09 02 00 00 |.........j......|
[3063] +107.386246 ASYNC-IN-SUBMIT ep=0x81 len=0 type=BULK (in, awaiting data)
[3064] +107.496926 ASYNC-IN-DONE ep=0x81 len=0 status=2 actual=0
[3065] +107.496963 ASYNC-IN-SUBMIT ep=0x81 len=0 type=BULK (in, awaiting data)
[3066] +107.587031 ASYNC-IN-DONE ep=0x81 len=16 status=0 actual=16
	0000  08 00 00 18 ed 03 80 10  00 82 00 10 02 03 00 00 |................|
[3067] +107.587188 ASYNC-IN-SUBMIT ep=0x81 len=0 type=BULK (in, awaiting data)
[3068] +107.691343 ASYNC-IN-DONE ep=0x81 len=0 status=2 actual=0
[3069] +107.691460 ASYNC-IN-SUBMIT ep=0x81 len=0 type=BULK (in, awaiting data)
[3070] +107.792281 ASYNC-IN-DONE ep=0x81 len=0 status=2 actual=0
[3071] +107.792334 ASYNC-IN-SUBMIT ep=0x81 len=0 type=BULK (in, awaiting data)
[3072] +107.894244 ASYNC-IN-DONE ep=0x81 len=0 status=2 actual=0
[3073] +107.894345 ASYNC-IN-SUBMIT ep=0x81 len=0 type=BULK (in, awaiting data)
[3074] +107.988311 ASYNC-IN-DONE ep=0x81 len=16 status=0 actual=16
	0000  08 00 00 18 ef 03 01 10  00 7f 00 10 65 02 00 00 |............e...|
[3075] +107.988466 ASYNC-IN-SUBMIT ep=0x81 len=0 type=BULK (in, awaiting data)
[3076] +108.099794 ASYNC-IN-DONE ep=0x81 len=0 status=2 actual=0
[3077] +108.099909 ASYNC-IN-SUBMIT ep=0x81 len=0 type=BULK (in, awaiting data)
[3078] +108.212706 ASYNC-IN-DONE ep=0x81 len=0 status=2 actual=0
[3079] +108.212828 ASYNC-IN-SUBMIT ep=0x81 len=0 type=BULK (in, awaiting data)
[3080] +108.224858 ASYNC-OUT ep=0x01 len=16 type=BULK 
	0000  08 00 00 18 01 10 ef 03  00 7a 00 10 93 1e 00 00 |.........z......|
[3081] +108.225175 ASYNC-OUT-DONE ep=0x01 len=0 status=0 actual=16
[3082] +108.325541 ASYNC-IN-DONE ep=0x81 len=0 status=2 actual=0
[3083] +108.325624 ASYNC-IN-SUBMIT ep=0x81 len=0 type=BULK (in, awaiting data)
[3084] +108.379618 ASYNC-OUT ep=0x01 len=16 type=BULK 
	0000  08 00 00 18 80 10 ed 03  00 7e 00 10 41 1b 00 00 |.........~..A...|
[3085] +108.379855 ASYNC-OUT ep=0x01 len=16 type=BULK 
	0000  08 00 00 18 02 10 f0 03  00 67 00 10 6d 10 00 00 |.........g..m...|
[3086] +108.379976 ASYNC-OUT-DONE ep=0x01 len=0 status=0 actual=16
[3087] +108.380059 ASYNC-OUT-DONE ep=0x01 len=0 status=0 actual=16
[3088] +108.389403 ASYNC-IN-DONE ep=0x81 len=16 status=0 actual=16
	0000  08 00 00 18 f0 03 02 10  00 6b 00 10 09 02 00 00 |.........k......|
[3089] +108.389469 ASYNC-IN-SUBMIT ep=0x81 len=0 type=BULK (in, awaiting data)
[3090] +108.502226 ASYNC-IN-DONE ep=0x81 len=0 status=2 actual=0
[3091] +108.502333 ASYNC-IN-SUBMIT ep=0x81 len=0 type=BULK (in, awaiting data)
[3092] +108.589821 ASYNC-IN-DONE ep=0x81 len=16 status=0 actual=16
	0000  08 00 00 18 ed 03 80 10  00 83 00 10 02 03 00 00 |................|
[3093] +108.589928 ASYNC-IN-SUBMIT ep=0x81 len=0 type=BULK (in, awaiting data)
[3094] +108.700570 ASYNC-IN-DONE ep=0x81 len=0 status=2 actual=0
[3095] +108.700615 ASYNC-IN-SUBMIT ep=0x81 len=0 type=BULK (in, awaiting data)
[3096] +108.813449 ASYNC-IN-DONE ep=0x81 len=0 status=2 actual=0
[3097] +108.813556 ASYNC-IN-SUBMIT ep=0x81 len=0 type=BULK (in, awaiting data)
[3098] +108.926351 ASYNC-IN-DONE ep=0x81 len=0 status=2 actual=0
[3099] +108.926460 ASYNC-IN-SUBMIT ep=0x81 len=0 type=BULK (in, awaiting data)
[3100] +108.991489 ASYNC-IN-DONE ep=0x81 len=16 status=0 actual=16
	0000  08 00 00 18 ef 03 01 10  00 80 00 10 65 02 00 00 |............e...|
[3101] +108.991633 ASYNC-IN-SUBMIT ep=0x81 len=0 type=BULK (in, awaiting data)
[3102] +109.097203 ASYNC-IN-DONE ep=0x81 len=0 status=2 actual=0
[3103] +109.097308 ASYNC-IN-SUBMIT ep=0x81 len=0 type=BULK (in, awaiting data)
[3104] +109.198901 ASYNC-IN-DONE ep=0x81 len=0 status=2 actual=0
[3105] +109.198984 ASYNC-IN-SUBMIT ep=0x81 len=0 type=BULK (in, awaiting data)
[3106] +109.263059 ASYNC-OUT ep=0x01 len=16 type=BULK 
	0000  08 00 00 18 01 10 ef 03  00 7b 00 10 93 1e 00 00 |.........{......|
[3107] +109.263342 ASYNC-OUT-DONE ep=0x01 len=0 status=0 actual=16
[3108] +109.309623 ASYNC-IN-DONE ep=0x81 len=0 status=2 actual=0
[3109] +109.309710 ASYNC-IN-SUBMIT ep=0x81 len=0 type=BULK (in, awaiting data)
[3110] +109.392959 ASYNC-IN-DONE ep=0x81 len=16 status=0 actual=16
	0000  08 00 00 18 f0 03 02 10  00 6c 00 10 09 02 00 00 |.........l......|
[3111] +109.393092 ASYNC-IN-SUBMIT ep=0x81 len=0 type=BULK (in, awaiting data)
[3112] +109.419264 ASYNC-OUT ep=0x01 len=16 type=BULK 
	0000  08 00 00 18 80 10 ed 03  00 7f 00 10 41 1b 00 00 |............A...|
[3113] +109.419471 ASYNC-OUT ep=0x01 len=16 type=BULK 
	0000  08 00 00 18 02 10 f0 03  00 68 00 10 6d 10 00 00 |.........h..m...|
[3114] +109.419600 ASYNC-OUT-DONE ep=0x01 len=0 status=0 actual=16
[3115] +109.419656 ASYNC-OUT-DONE ep=0x01 len=0 status=0 actual=16
[3116] +109.505693 ASYNC-IN-DONE ep=0x81 len=0 status=2 actual=0
[3117] +109.505773 ASYNC-IN-SUBMIT ep=0x81 len=0 type=BULK (in, awaiting data)
[3118] +109.593450 ASYNC-IN-DONE ep=0x81 len=16 status=0 actual=16
	0000  08 00 00 18 ed 03 80 10  00 84 00 10 02 03 00 00 |................|
[3119] +109.593609 ASYNC-IN-SUBMIT ep=0x81 len=0 type=BULK (in, awaiting data)
[3120] +109.704757 ASYNC-IN-DONE ep=0x81 len=0 status=2 actual=0
[3121] +109.704874 ASYNC-IN-SUBMIT ep=0x81 len=0 type=BULK (in, awaiting data)
[3122] +109.813649 ASYNC-IN-DONE ep=0x81 len=0 status=2 actual=0
[3123] +109.813755 ASYNC-IN-SUBMIT ep=0x81 len=0 type=BULK (in, awaiting data)
[3124] +109.924656 ASYNC-IN-DONE ep=0x81 len=0 status=2 actual=0
[3125] +109.924775 ASYNC-IN-SUBMIT ep=0x81 len=0 type=BULK (in, awaiting data)
[3126] +109.994666 ASYNC-IN-DONE ep=0x81 len=16 status=0 actual=16
	0000  08 00 00 18 ef 03 01 10  00 81 00 10 65 02 00 00 |............e...|
[3127] +109.994813 ASYNC-IN-SUBMIT ep=0x81 len=0 type=BULK (in, awaiting data)
[3128] +110.104744 ASYNC-IN-DONE ep=0x81 len=0 status=2 actual=0
[3129] +110.104856 ASYNC-IN-SUBMIT ep=0x81 len=0 type=BULK (in, awaiting data)
[3130] +110.217264 ASYNC-IN-DONE ep=0x81 len=0 status=2 actual=0
[3131] +110.217354 ASYNC-IN-SUBMIT ep=0x81 len=0 type=BULK (in, awaiting data)
[3132] +110.302413 ASYNC-OUT ep=0x01 len=16 type=BULK 
	0000  08 00 00 18 01 10 ef 03  00 7c 00 10 93 1e 00 00 |.........|......|
[3133] +110.302732 ASYNC-OUT-DONE ep=0x01 len=0 status=0 actual=16
[3134] +110.329713 ASYNC-IN-DONE ep=0x81 len=0 status=2 actual=0
[3135] +110.329791 ASYNC-IN-SUBMIT ep=0x81 len=0 type=BULK (in, awaiting data)
[3136] +110.395926 ASYNC-IN-DONE ep=0x81 len=16 status=0 actual=16
	0000  08 00 00 18 f0 03 02 10  00 6d 00 10 09 02 00 00 |.........m......|
[3137] +110.396061 ASYNC-IN-SUBMIT ep=0x81 len=0 type=BULK (in, awaiting data)
[3138] +110.458531 ASYNC-OUT ep=0x01 len=16 type=BULK 
	0000  08 00 00 18 80 10 ed 03  00 80 00 10 41 1b 00 00 |............A...|
[3139] +110.458756 ASYNC-OUT ep=0x01 len=16 type=BULK 
	0000  08 00 00 18 02 10 f0 03  00 69 00 10 6d 10 00 00 |.........i..m...|
[3140] +110.458890 ASYNC-OUT-DONE ep=0x01 len=0 status=0 actual=16
[3141] +110.458945 ASYNC-OUT-DONE ep=0x01 len=0 status=0 actual=16
[3142] +110.504737 ASYNC-IN-DONE ep=0x81 len=0 status=2 actual=0
[3143] +110.504826 ASYNC-IN-SUBMIT ep=0x81 len=0 type=BULK (in, awaiting data)
[3144] +110.596721 ASYNC-IN-DONE ep=0x81 len=16 status=0 actual=16
	0000  08 00 00 18 ed 03 80 10  00 85 00 10 02 03 00 00 |................|
[3145] +110.596863 ASYNC-IN-SUBMIT ep=0x81 len=0 type=BULK (in, awaiting data)
[3146] +110.700075 ASYNC-IN-DONE ep=0x81 len=0 status=2 actual=0
[3147] +110.700126 ASYNC-IN-SUBMIT ep=0x81 len=0 type=BULK (in, awaiting data)
[3148] +110.800582 ASYNC-IN-DONE ep=0x81 len=0 status=2 actual=0
[3149] +110.800667 ASYNC-IN-SUBMIT ep=0x81 len=0 type=BULK (in, awaiting data)
[3150] +110.913461 ASYNC-IN-DONE ep=0x81 len=0 status=2 actual=0
[3151] +110.913579 ASYNC-IN-SUBMIT ep=0x81 len=0 type=BULK (in, awaiting data)
[3152] +110.997762 ASYNC-IN-DONE ep=0x81 len=16 status=0 actual=16
	0000  08 00 00 18 ef 03 01 10  00 82 00 10 65 02 00 00 |............e...|
[3153] +110.997867 ASYNC-IN-SUBMIT ep=0x81 len=0 type=BULK (in, awaiting data)
[3154] +111.107769 ASYNC-IN-DONE ep=0x81 len=0 status=2 actual=0
[3155] +111.107873 ASYNC-IN-SUBMIT ep=0x81 len=0 type=BULK (in, awaiting data)
[3156] +111.213195 ASYNC-IN-DONE ep=0x81 len=0 status=2 actual=0
[3157] +111.213315 ASYNC-IN-SUBMIT ep=0x81 len=0 type=BULK (in, awaiting data)
[3158] +111.324965 ASYNC-IN-DONE ep=0x81 len=0 status=2 actual=0
[3159] +111.325056 ASYNC-IN-SUBMIT ep=0x81 len=0 type=BULK (in, awaiting data)
[3160] +111.341062 ASYNC-OUT ep=0x01 len=16 type=BULK 
	0000  08 00 00 18 01 10 ef 03  00 7d 00 10 93 1e 00 00 |.........}......|
[3161] +111.341342 ASYNC-OUT-DONE ep=0x01 len=0 status=0 actual=16
[3162] +111.399442 ASYNC-IN-DONE ep=0x81 len=16 status=0 actual=16
	0000  08 00 00 18 f0 03 02 10  00 6e 00 10 09 02 00 00 |.........n......|
[3163] +111.399581 ASYNC-IN-SUBMIT ep=0x81 len=0 type=BULK (in, awaiting data)
[3164] +111.496378 ASYNC-OUT ep=0x01 len=16 type=BULK 
	0000  08 00 00 18 80 10 ed 03  00 81 00 10 41 1b 00 00 |............A...|
[3165] +111.496602 ASYNC-OUT ep=0x01 len=16 type=BULK 
	0000  08 00 00 18 02 10 f0 03  00 6a 00 10 6d 10 00 00 |.........j..m...|
[3166] +111.496733 ASYNC-OUT-DONE ep=0x01 len=0 status=0 actual=16
[3167] +111.496782 ASYNC-OUT-DONE ep=0x01 len=0 status=0 actual=16
[3168] +111.512409 ASYNC-IN-DONE ep=0x81 len=0 status=2 actual=0
[3169] +111.512467 ASYNC-IN-SUBMIT ep=0x81 len=0 type=BULK (in, awaiting data)
[3170] +111.599875 ASYNC-IN-DONE ep=0x81 len=16 status=0 actual=16
	0000  08 00 00 18 ed 03 80 10  00 86 00 10 02 03 00 00 |................|
[3171] +111.600028 ASYNC-IN-SUBMIT ep=0x81 len=0 type=BULK (in, awaiting data)
[3172] +111.708977 ASYNC-IN-DONE ep=0x81 len=0 status=2 actual=0
[3173] +111.709073 ASYNC-IN-SUBMIT ep=0x81 len=0 type=BULK (in, awaiting data)
[3174] +111.821901 ASYNC-IN-DONE ep=0x81 len=0 status=2 actual=0
[3175] +111.822006 ASYNC-IN-SUBMIT ep=0x81 len=0 type=BULK (in, awaiting data)
[3176] +111.925271 ASYNC-IN-DONE ep=0x81 len=0 status=2 actual=0
[3177] +111.925396 ASYNC-IN-SUBMIT ep=0x81 len=0 type=BULK (in, awaiting data)
[3178] +112.001175 ASYNC-IN-DONE ep=0x81 len=16 status=0 actual=16
	0000  08 00 00 18 ef 03 01 10  00 83 00 10 65 02 00 00 |............e...|
[3179] +112.001333 ASYNC-IN-SUBMIT ep=0x81 len=0 type=BULK (in, awaiting data)
[3180] +112.102653 ASYNC-IN-DONE ep=0x81 len=0 status=2 actual=0
[3181] +112.102744 ASYNC-IN-SUBMIT ep=0x81 len=0 type=BULK (in, awaiting data)
[3182] +112.214223 ASYNC-IN-DONE ep=0x81 len=0 status=2 actual=0
[3183] +112.214333 ASYNC-IN-SUBMIT ep=0x81 len=0 type=BULK (in, awaiting data)
[3184] +112.327143 ASYNC-IN-DONE ep=0x81 len=0 status=2 actual=0
[3185] +112.327250 ASYNC-IN-SUBMIT ep=0x81 len=0 type=BULK (in, awaiting data)
[3186] +112.379675 ASYNC-OUT ep=0x01 len=16 type=BULK 
	0000  08 00 00 18 01 10 ef 03  00 7e 00 10 93 1e 00 00 |.........~......|
[3187] +112.380087 ASYNC-OUT-DONE ep=0x01 len=0 status=0 actual=16
[3188] +112.402686 ASYNC-IN-DONE ep=0x81 len=16 status=0 actual=16
	0000  08 00 00 18 f0 03 02 10  00 6f 00 10 09 02 00 00 |.........o......|
[3189] +112.402796 ASYNC-IN-SUBMIT ep=0x81 len=0 type=BULK (in, awaiting data)
[3190] +112.512359 ASYNC-IN-DONE ep=0x81 len=0 status=2 actual=0
[3191] +112.512444 ASYNC-IN-SUBMIT ep=0x81 len=0 type=BULK (in, awaiting data)
[3192] +112.535818 ASYNC-OUT ep=0x01 len=16 type=BULK 
	0000  08 00 00 18 80 10 ed 03  00 82 00 10 41 1b 00 00 |............A...|
[3193] +112.536005 ASYNC-OUT ep=0x01 len=16 type=BULK 
	0000  08 00 00 18 02 10 f0 03  00 6b 00 10 6d 10 00 00 |.........k..m...|
[3194] +112.536123 ASYNC-OUT-DONE ep=0x01 len=0 status=0 actual=16
[3195] +112.536162 ASYNC-OUT-DONE ep=0x01 len=0 status=0 actual=16
[3196] +112.603155 ASYNC-IN-DONE ep=0x81 len=16 status=0 actual=16
	0000  08 00 00 18 ed 03 80 10  00 87 00 10 02 03 00 00 |................|
[3197] +112.603315 ASYNC-IN-SUBMIT ep=0x81 len=0 type=BULK (in, awaiting data)
[3198] +112.708205 ASYNC-IN-DONE ep=0x81 len=0 status=2 actual=0
[3199] +112.708286 ASYNC-IN-SUBMIT ep=0x81 len=0 type=BULK (in, awaiting data)
[3200] +112.814236 ASYNC-IN-DONE ep=0x81 len=0 status=2 actual=0
[3201] +112.814340 ASYNC-IN-SUBMIT ep=0x81 len=0 type=BULK (in, awaiting data)
[3202] +112.915950 ASYNC-IN-DONE ep=0x81 len=0 status=2 actual=0
[3203] +112.916065 ASYNC-IN-SUBMIT ep=0x81 len=0 type=BULK (in, awaiting data)
[3204] +113.004606 ASYNC-IN-DONE ep=0x81 len=16 status=0 actual=16
	0000  08 00 00 18 ef 03 01 10  00 84 00 10 65 02 00 00 |............e...|
[3205] +113.004665 ASYNC-IN-SUBMIT ep=0x81 len=0 type=BULK (in, awaiting data)
[3206] +113.117432 ASYNC-IN-DONE ep=0x81 len=0 status=2 actual=0
[3207] +113.117510 ASYNC-IN-SUBMIT ep=0x81 len=0 type=BULK (in, awaiting data)
[3208] +113.230325 ASYNC-IN-DONE ep=0x81 len=0 status=2 actual=0
[3209] +113.230411 ASYNC-IN-SUBMIT ep=0x81 len=0 type=BULK (in, awaiting data)
[3210] +113.343209 ASYNC-IN-DONE ep=0x81 len=0 status=2 actual=0
[3211] +113.343301 ASYNC-IN-SUBMIT ep=0x81 len=0 type=BULK (in, awaiting data)
[3212] +113.405897 ASYNC-IN-DONE ep=0x81 len=16 status=0 actual=16
	0000  08 00 00 18 f0 03 02 10  00 70 00 10 09 02 00 00 |.........p......|
[3213] +113.406053 ASYNC-IN-SUBMIT ep=0x81 len=0 type=BULK (in, awaiting data)
[3214] +113.416634 ASYNC-OUT ep=0x01 len=16 type=BULK 
	0000  08 00 00 18 01 10 ef 03  00 7f 00 10 93 1e 00 00 |................|
[3215] +113.416916 ASYNC-OUT-DONE ep=0x01 len=0 status=0 actual=16
[3216] +113.513388 ASYNC-IN-DONE ep=0x81 len=0 status=2 actual=0
[3217] +113.513450 ASYNC-IN-SUBMIT ep=0x81 len=0 type=BULK (in, awaiting data)
[3218] +113.571827 ASYNC-OUT ep=0x01 len=16 type=BULK 
	0000  08 00 00 18 80 10 ed 03  00 83 00 10 41 1b 00 00 |............A...|
[3219] +113.572042 ASYNC-OUT ep=0x01 len=16 type=BULK 
	0000  08 00 00 18 02 10 f0 03  00 6c 00 10 6d 10 00 00 |.........l..m...|
[3220] +113.572169 ASYNC-OUT-DONE ep=0x01 len=0 status=0 actual=16
[3221] +113.572204 ASYNC-OUT-DONE ep=0x01 len=0 status=0 actual=16
[3222] +113.606383 ASYNC-IN-DONE ep=0x81 len=16 status=0 actual=16
	0000  08 00 00 18 ed 03 80 10  00 88 00 10 02 03 00 00 |................|
[3223] +113.606473 ASYNC-IN-SUBMIT ep=0x81 len=0 type=BULK (in, awaiting data)
[3224] +113.708264 ASYNC-IN-DONE ep=0x81 len=0 status=2 actual=0
[3225] +113.708375 ASYNC-IN-SUBMIT ep=0x81 len=0 type=BULK (in, awaiting data)
[3226] +113.810391 ASYNC-IN-DONE ep=0x81 len=0 status=2 actual=0
[3227] +113.810487 ASYNC-IN-SUBMIT ep=0x81 len=0 type=BULK (in, awaiting data)
[3228] +113.914376 ASYNC-IN-DONE ep=0x81 len=0 status=2 actual=0
[3229] +113.914467 ASYNC-IN-SUBMIT ep=0x81 len=0 type=BULK (in, awaiting data)
[3230] +114.008840 ASYNC-IN-DONE ep=0x81 len=16 status=0 actual=16
	0000  08 00 00 18 ef 03 01 10  00 85 00 10 65 02 00 00 |............e...|
[3231] +114.008951 ASYNC-IN-SUBMIT ep=0x81 len=0 type=BULK (in, awaiting data)
[3232] +114.121425 ASYNC-IN-DONE ep=0x81 len=0 status=2 actual=0
[3233] +114.121540 ASYNC-IN-SUBMIT ep=0x81 len=0 type=BULK (in, awaiting data)
[3234] +114.222289 ASYNC-IN-DONE ep=0x81 len=0 status=2 actual=0
[3235] +114.222382 ASYNC-IN-SUBMIT ep=0x81 len=0 type=BULK (in, awaiting data)
[3236] +114.335171 ASYNC-IN-DONE ep=0x81 len=0 status=2 actual=0
[3237] +114.335292 ASYNC-IN-SUBMIT ep=0x81 len=0 type=BULK (in, awaiting data)
[3238] +114.409390 ASYNC-IN-DONE ep=0x81 len=16 status=0 actual=16
	0000  08 00 00 18 f0 03 02 10  00 71 00 10 09 02 00 00 |.........q......|
[3239] +114.409495 ASYNC-IN-SUBMIT ep=0x81 len=0 type=BULK (in, awaiting data)
[3240] +114.454205 ASYNC-OUT ep=0x01 len=16 type=BULK 
	0000  08 00 00 18 01 10 ef 03  00 80 00 10 93 1e 00 00 |................|
[3241] +114.454578 ASYNC-OUT-DONE ep=0x01 len=0 status=0 actual=16
[3242] +114.521418 ASYNC-IN-DONE ep=0x81 len=0 status=2 actual=0
[3243] +114.521533 ASYNC-IN-SUBMIT ep=0x81 len=0 type=BULK (in, awaiting data)
[3244] +114.609900 ASYNC-OUT ep=0x01 len=16 type=BULK 
	0000  08 00 00 18 80 10 ed 03  00 84 00 10 41 1b 00 00 |............A...|
[3245] +114.610075 ASYNC-OUT ep=0x01 len=16 type=BULK 
	0000  08 00 00 18 02 10 f0 03  00 6d 00 10 6d 10 00 00 |.........m..m...|
[3246] +114.610179 ASYNC-OUT-DONE ep=0x01 len=0 status=0 actual=16
[3247] +114.610214 ASYNC-OUT-DONE ep=0x01 len=0 status=0 actual=16
[3248] +114.611031 ASYNC-IN-DONE ep=0x81 len=16 status=0 actual=16
	0000  08 00 00 18 ed 03 80 10  00 89 00 10 02 03 00 00 |................|
[3249] +114.611085 ASYNC-IN-SUBMIT ep=0x81 len=0 type=BULK (in, awaiting data)
[3250] +114.716521 ASYNC-IN-DONE ep=0x81 len=0 status=2 actual=0
[3251] +114.716630 ASYNC-IN-SUBMIT ep=0x81 len=0 type=BULK (in, awaiting data)
[3252] +114.829429 ASYNC-IN-DONE ep=0x81 len=0 status=2 actual=0
[3253] +114.829540 ASYNC-IN-SUBMIT ep=0x81 len=0 type=BULK (in, awaiting data)
[3254] +114.940088 ASYNC-IN-DONE ep=0x81 len=0 status=2 actual=0
[3255] +114.940204 ASYNC-IN-SUBMIT ep=0x81 len=0 type=BULK (in, awaiting data)
[3256] +115.011614 ASYNC-IN-DONE ep=0x81 len=16 status=0 actual=16
	0000  08 00 00 18 ef 03 01 10  00 86 00 10 65 02 00 00 |............e...|
[3257] +115.011734 ASYNC-IN-SUBMIT ep=0x81 len=0 type=BULK (in, awaiting data)
[3258] +115.122822 ASYNC-IN-DONE ep=0x81 len=0 status=2 actual=0
[3259] +115.122924 ASYNC-IN-SUBMIT ep=0x81 len=0 type=BULK (in, awaiting data)
[3260] +115.233405 ASYNC-IN-DONE ep=0x81 len=0 status=2 actual=0
[3261] +115.233498 ASYNC-IN-SUBMIT ep=0x81 len=0 type=BULK (in, awaiting data)
[3262] +115.340313 ASYNC-IN-DONE ep=0x81 len=0 status=2 actual=0
[3263] +115.340416 ASYNC-IN-SUBMIT ep=0x81 len=0 type=BULK (in, awaiting data)
[3264] +115.412773 ASYNC-IN-DONE ep=0x81 len=16 status=0 actual=16
	0000  08 00 00 18 f0 03 02 10  00 72 00 10 09 02 00 00 |.........r......|
[3265] +115.412939 ASYNC-IN-SUBMIT ep=0x81 len=0 type=BULK (in, awaiting data)
[3266] +115.493612 ASYNC-OUT ep=0x01 len=16 type=BULK 
	0000  08 00 00 18 01 10 ef 03  00 81 00 10 93 1e 00 00 |................|
[3267] +115.493945 ASYNC-OUT-DONE ep=0x01 len=0 status=0 actual=16
[3268] +115.525718 ASYNC-IN-DONE ep=0x81 len=0 status=2 actual=0
[3269] +115.525794 ASYNC-IN-SUBMIT ep=0x81 len=0 type=BULK (in, awaiting data)
[3270] +115.613474 ASYNC-IN-DONE ep=0x81 len=16 status=0 actual=16
	0000  08 00 00 18 ed 03 80 10  00 8a 00 10 02 03 00 00 |................|
[3271] +115.613609 ASYNC-IN-SUBMIT ep=0x81 len=0 type=BULK (in, awaiting data)
[3272] +115.649750 ASYNC-OUT ep=0x01 len=16 type=BULK 
	0000  08 00 00 18 80 10 ed 03  00 85 00 10 41 1b 00 00 |............A...|
[3273] +115.649904 ASYNC-OUT ep=0x01 len=16 type=BULK 
	0000  08 00 00 18 02 10 f0 03  00 6e 00 10 6d 10 00 00 |.........n..m...|
[3274] +115.649983 ASYNC-OUT-DONE ep=0x01 len=0 status=0 actual=16
[3275] +115.650036 ASYNC-OUT-DONE ep=0x01 len=0 status=0 actual=16
[3276] +115.716401 ASYNC-IN-DONE ep=0x81 len=0 status=2 actual=0
[3277] +115.716503 ASYNC-IN-SUBMIT ep=0x81 len=0 type=BULK (in, awaiting data)
[3278] +115.823718 ASYNC-IN-DONE ep=0x81 len=0 status=2 actual=0
[3279] +115.823813 ASYNC-IN-SUBMIT ep=0x81 len=0 type=BULK (in, awaiting data)
[3280] +115.934590 ASYNC-IN-DONE ep=0x81 len=0 status=2 actual=0
[3281] +115.934698 ASYNC-IN-SUBMIT ep=0x81 len=0 type=BULK (in, awaiting data)
[3282] +116.014620 ASYNC-IN-DONE ep=0x81 len=16 status=0 actual=16
	0000  08 00 00 18 ef 03 01 10  00 87 00 10 65 02 00 00 |............e...|
[3283] +116.014749 ASYNC-IN-SUBMIT ep=0x81 len=0 type=BULK (in, awaiting data)
[3284] +116.125724 ASYNC-IN-DONE ep=0x81 len=0 status=2 actual=0
[3285] +116.125849 ASYNC-IN-SUBMIT ep=0x81 len=0 type=BULK (in, awaiting data)
[3286] +116.232536 ASYNC-IN-DONE ep=0x81 len=0 status=2 actual=0
[3287] +116.232718 ASYNC-IN-SUBMIT ep=0x81 len=0 type=BULK (in, awaiting data)
[3288] +116.343205 ASYNC-IN-DONE ep=0x81 len=0 status=2 actual=0
[3289] +116.343310 ASYNC-IN-SUBMIT ep=0x81 len=0 type=BULK (in, awaiting data)
[3290] +116.416028 ASYNC-IN-DONE ep=0x81 len=16 status=0 actual=16
	0000  08 00 00 18 f0 03 02 10  00 73 00 10 09 02 00 00 |.........s......|
[3291] +116.416140 ASYNC-IN-SUBMIT ep=0x81 len=0 type=BULK (in, awaiting data)
[3292] +116.516453 ASYNC-IN-DONE ep=0x81 len=0 status=2 actual=0
[3293] +116.516531 ASYNC-IN-SUBMIT ep=0x81 len=0 type=BULK (in, awaiting data)
[3294] +116.531536 ASYNC-OUT ep=0x01 len=16 type=BULK 
	0000  08 00 00 18 01 10 ef 03  00 82 00 10 93 1e 00 00 |................|
[3295] +116.531800 ASYNC-OUT-DONE ep=0x01 len=0 status=0 actual=16
[3296] +116.616416 ASYNC-IN-DONE ep=0x81 len=16 status=0 actual=16
	0000  08 00 00 18 ed 03 80 10  00 8b 00 10 02 03 00 00 |................|
[3297] +116.616560 ASYNC-IN-SUBMIT ep=0x81 len=0 type=BULK (in, awaiting data)
[3298] +116.687657 ASYNC-OUT ep=0x01 len=16 type=BULK 
	0000  08 00 00 18 80 10 ed 03  00 86 00 10 41 1b 00 00 |............A...|
[3299] +116.687839 ASYNC-OUT ep=0x01 len=16 type=BULK 
	0000  08 00 00 18 02 10 f0 03  00 6f 00 10 6d 10 00 00 |.........o..m...|
[3300] +116.687939 ASYNC-OUT-DONE ep=0x01 len=0 status=0 actual=16
[3301] +116.687993 ASYNC-OUT-DONE ep=0x01 len=0 status=0 actual=16
[3302] +116.727665 ASYNC-IN-DONE ep=0x81 len=0 status=2 actual=0
[3303] +116.727749 ASYNC-IN-SUBMIT ep=0x81 len=0 type=BULK (in, awaiting data)
[3304] +116.839948 ASYNC-IN-DONE ep=0x81 len=0 status=2 actual=0
[3305] +116.840055 ASYNC-IN-SUBMIT ep=0x81 len=0 type=BULK (in, awaiting data)
[3306] +116.949675 ASYNC-IN-DONE ep=0x81 len=0 status=2 actual=0
[3307] +116.949790 ASYNC-IN-SUBMIT ep=0x81 len=0 type=BULK (in, awaiting data)
[3308] +117.017886 ASYNC-IN-DONE ep=0x81 len=16 status=0 actual=16
	0000  08 00 00 18 ef 03 01 10  00 88 00 10 65 02 00 00 |............e...|
[3309] +117.018020 ASYNC-IN-SUBMIT ep=0x81 len=0 type=BULK (in, awaiting data)
[3310] +117.130810 ASYNC-IN-DONE ep=0x81 len=0 status=2 actual=0
[3311] +117.130914 ASYNC-IN-SUBMIT ep=0x81 len=0 type=BULK (in, awaiting data)
[3312] +117.243711 ASYNC-IN-DONE ep=0x81 len=0 status=2 actual=0
[3313] +117.243814 ASYNC-IN-SUBMIT ep=0x81 len=0 type=BULK (in, awaiting data)
[3314] +117.352846 ASYNC-IN-DONE ep=0x81 len=0 status=2 actual=0
[3315] +117.352947 ASYNC-IN-SUBMIT ep=0x81 len=0 type=BULK (in, awaiting data)
[3316] +117.419060 ASYNC-IN-DONE ep=0x81 len=16 status=0 actual=16
	0000  08 00 00 18 f0 03 02 10  00 74 00 10 09 02 00 00 |.........t......|
[3317] +117.419228 ASYNC-IN-SUBMIT ep=0x81 len=0 type=BULK (in, awaiting data)
[3318] +117.524590 ASYNC-IN-DONE ep=0x81 len=0 status=2 actual=0
[3319] +117.524763 ASYNC-IN-SUBMIT ep=0x81 len=0 type=BULK (in, awaiting data)
[3320] +117.569413 ASYNC-OUT ep=0x01 len=16 type=BULK 
	0000  08 00 00 18 01 10 ef 03  00 83 00 10 93 1e 00 00 |................|
[3321] +117.569779 ASYNC-OUT-DONE ep=0x01 len=0 status=0 actual=16
[3322] +117.620235 ASYNC-IN-DONE ep=0x81 len=16 status=0 actual=16
	0000  08 00 00 18 ed 03 80 10  00 8c 00 10 02 03 00 00 |................|
[3323] +117.620383 ASYNC-IN-SUBMIT ep=0x81 len=0 type=BULK (in, awaiting data)
[3324] +117.725440 ASYNC-OUT ep=0x01 len=16 type=BULK 
	0000  08 00 00 18 80 10 ed 03  00 87 00 10 41 1b 00 00 |............A...|
[3325] +117.725628 ASYNC-OUT ep=0x01 len=16 type=BULK 
	0000  08 00 00 18 02 10 f0 03  00 70 00 10 6d 10 00 00 |.........p..m...|
[3326] +117.725713 ASYNC-OUT-DONE ep=0x01 len=0 status=0 actual=16
[3327] +117.725759 ASYNC-OUT-DONE ep=0x01 len=0 status=0 actual=16
[3328] +117.732300 ASYNC-IN-DONE ep=0x81 len=0 status=2 actual=0
[3329] +117.732457 ASYNC-IN-SUBMIT ep=0x81 len=0 type=BULK (in, awaiting data)
[3330] +117.835237 ASYNC-IN-DONE ep=0x81 len=0 status=2 actual=0
[3331] +117.835279 ASYNC-IN-SUBMIT ep=0x81 len=0 type=BULK (in, awaiting data)
[3332] +117.940144 ASYNC-IN-DONE ep=0x81 len=0 status=2 actual=0
[3333] +117.940196 ASYNC-IN-SUBMIT ep=0x81 len=0 type=BULK (in, awaiting data)
[3334] +118.020956 ASYNC-IN-DONE ep=0x81 len=16 status=0 actual=16
	0000  08 00 00 18 ef 03 01 10  00 89 00 10 65 02 00 00 |............e...|
[3335] +118.021000 ASYNC-IN-SUBMIT ep=0x81 len=0 type=BULK (in, awaiting data)
[3336] +118.133694 ASYNC-IN-DONE ep=0x81 len=0 status=2 actual=0
[3337] +118.133722 ASYNC-IN-SUBMIT ep=0x81 len=0 type=BULK (in, awaiting data)
[3338] +118.240644 ASYNC-IN-DONE ep=0x81 len=0 status=2 actual=0
[3339] +118.240674 ASYNC-IN-SUBMIT ep=0x81 len=0 type=BULK (in, awaiting data)
### MARK CAT-Distortion
[3340] +118.350681 ASYNC-IN-DONE ep=0x81 len=0 status=2 actual=0
[3341] +118.350697 ASYNC-IN-SUBMIT ep=0x81 len=0 type=BULK (in, awaiting data)
[3342] +118.422630 ASYNC-IN-DONE ep=0x81 len=16 status=0 actual=16
	0000  08 00 00 18 f0 03 02 10  00 75 00 10 09 02 00 00 |.........u......|
[3343] +118.422678 ASYNC-IN-SUBMIT ep=0x81 len=0 type=BULK (in, awaiting data)
[3344] +118.535362 ASYNC-IN-DONE ep=0x81 len=0 status=2 actual=0
[3345] +118.535391 ASYNC-IN-SUBMIT ep=0x81 len=0 type=BULK (in, awaiting data)
[3346] +118.607724 ASYNC-OUT ep=0x01 len=16 type=BULK 
	0000  08 00 00 18 01 10 ef 03  00 84 00 10 93 1e 00 00 |................|
[3347] +118.608079 ASYNC-OUT-DONE ep=0x01 len=0 status=0 actual=16
[3348] +118.622996 ASYNC-IN-DONE ep=0x81 len=16 status=0 actual=16
	0000  08 00 00 18 ed 03 80 10  00 8d 00 10 02 03 00 00 |................|
[3349] +118.623045 ASYNC-IN-SUBMIT ep=0x81 len=0 type=BULK (in, awaiting data)
[3350] +118.725736 ASYNC-IN-DONE ep=0x81 len=0 status=2 actual=0
[3351] +118.725851 ASYNC-IN-SUBMIT ep=0x81 len=0 type=BULK (in, awaiting data)
[3352] +118.763523 ASYNC-OUT ep=0x01 len=16 type=BULK 
	0000  08 00 00 18 80 10 ed 03  00 88 00 10 41 1b 00 00 |............A...|
[3353] +118.763748 ASYNC-OUT ep=0x01 len=16 type=BULK 
	0000  08 00 00 18 02 10 f0 03  00 71 00 10 6d 10 00 00 |.........q..m...|
[3354] +118.763836 ASYNC-OUT-DONE ep=0x01 len=0 status=0 actual=16
[3355] +118.763902 ASYNC-OUT-DONE ep=0x01 len=0 status=0 actual=16
[3356] +118.834538 ASYNC-IN-DONE ep=0x81 len=0 status=2 actual=0
[3357] +118.834653 ASYNC-IN-SUBMIT ep=0x81 len=0 type=BULK (in, awaiting data)
[3358] +118.946400 ASYNC-IN-DONE ep=0x81 len=0 status=2 actual=0
[3359] +118.946484 ASYNC-IN-SUBMIT ep=0x81 len=0 type=BULK (in, awaiting data)
[3360] +119.024528 ASYNC-IN-DONE ep=0x81 len=16 status=0 actual=16
	0000  08 00 00 18 ef 03 01 10  00 8a 00 10 65 02 00 00 |............e...|
[3361] +119.024646 ASYNC-IN-SUBMIT ep=0x81 len=0 type=BULK (in, awaiting data)
[3362] +119.137499 ASYNC-IN-DONE ep=0x81 len=0 status=2 actual=0
[3363] +119.137602 ASYNC-IN-SUBMIT ep=0x81 len=0 type=BULK (in, awaiting data)
[3364] +119.241760 ASYNC-IN-DONE ep=0x81 len=0 status=2 actual=0
[3365] +119.241863 ASYNC-IN-SUBMIT ep=0x81 len=0 type=BULK (in, awaiting data)
[3366] +119.353668 ASYNC-IN-DONE ep=0x81 len=0 status=2 actual=0
[3367] +119.353726 ASYNC-IN-SUBMIT ep=0x81 len=0 type=BULK (in, awaiting data)
[3368] +119.425820 ASYNC-IN-DONE ep=0x81 len=16 status=0 actual=16
	0000  08 00 00 18 f0 03 02 10  00 76 00 10 09 02 00 00 |.........v......|
[3369] +119.425981 ASYNC-IN-SUBMIT ep=0x81 len=0 type=BULK (in, awaiting data)
[3370] +119.538073 ASYNC-IN-DONE ep=0x81 len=0 status=2 actual=0
[3371] +119.538190 ASYNC-IN-SUBMIT ep=0x81 len=0 type=BULK (in, awaiting data)
[3372] +119.626606 ASYNC-IN-DONE ep=0x81 len=16 status=0 actual=16
	0000  08 00 00 18 ed 03 80 10  00 8e 00 10 02 03 00 00 |................|
[3373] +119.626755 ASYNC-IN-SUBMIT ep=0x81 len=0 type=BULK (in, awaiting data)
[3374] +119.647044 ASYNC-OUT ep=0x01 len=16 type=BULK 
	0000  08 00 00 18 01 10 ef 03  00 85 00 10 93 1e 00 00 |................|
[3375] +119.647349 ASYNC-OUT-DONE ep=0x01 len=0 status=0 actual=16
[3376] +119.737861 ASYNC-IN-DONE ep=0x81 len=0 status=2 actual=0
[3377] +119.737958 ASYNC-IN-SUBMIT ep=0x81 len=0 type=BULK (in, awaiting data)
[3378] +119.803169 ASYNC-OUT ep=0x01 len=16 type=BULK 
	0000  08 00 00 18 80 10 ed 03  00 89 00 10 41 1b 00 00 |............A...|
[3379] +119.803336 ASYNC-OUT ep=0x01 len=16 type=BULK 
	0000  08 00 00 18 02 10 f0 03  00 72 00 10 6d 10 00 00 |.........r..m...|
[3380] +119.803444 ASYNC-OUT-DONE ep=0x01 len=0 status=0 actual=16
[3381] +119.803493 ASYNC-OUT-DONE ep=0x01 len=0 status=0 actual=16
[3382] +119.850640 ASYNC-IN-DONE ep=0x81 len=0 status=2 actual=0
[3383] +119.850683 ASYNC-IN-SUBMIT ep=0x81 len=0 type=BULK (in, awaiting data)
[3384] +119.962734 ASYNC-IN-DONE ep=0x81 len=0 status=2 actual=0
[3385] +119.962761 ASYNC-IN-SUBMIT ep=0x81 len=0 type=BULK (in, awaiting data)
[3386] +120.027998 ASYNC-IN-DONE ep=0x81 len=16 status=0 actual=16
	0000  08 00 00 18 ef 03 01 10  00 8b 00 10 65 02 00 00 |............e...|
[3387] +120.028038 ASYNC-IN-SUBMIT ep=0x81 len=0 type=BULK (in, awaiting data)
[3388] +120.133748 ASYNC-IN-DONE ep=0x81 len=0 status=2 actual=0
[3389] +120.133775 ASYNC-IN-SUBMIT ep=0x81 len=0 type=BULK (in, awaiting data)
### MARK CAT-Dynamics
[3390] +120.244468 ASYNC-IN-DONE ep=0x81 len=0 status=2 actual=0
[3391] +120.244481 ASYNC-IN-SUBMIT ep=0x81 len=0 type=BULK (in, awaiting data)
[3392] +120.351432 ASYNC-IN-DONE ep=0x81 len=0 status=2 actual=0
[3393] +120.351452 ASYNC-IN-SUBMIT ep=0x81 len=0 type=BULK (in, awaiting data)
[3394] +120.429355 ASYNC-IN-DONE ep=0x81 len=16 status=0 actual=16
	0000  08 00 00 18 f0 03 02 10  00 77 00 10 09 02 00 00 |.........w......|
[3395] +120.429415 ASYNC-IN-SUBMIT ep=0x81 len=0 type=BULK (in, awaiting data)
[3396] +120.532492 ASYNC-IN-DONE ep=0x81 len=0 status=2 actual=0
[3397] +120.532560 ASYNC-IN-SUBMIT ep=0x81 len=0 type=BULK (in, awaiting data)
[3398] +120.630073 ASYNC-IN-DONE ep=0x81 len=16 status=0 actual=16
	0000  08 00 00 18 ed 03 80 10  00 8f 00 10 02 03 00 00 |................|
[3399] +120.630204 ASYNC-IN-SUBMIT ep=0x81 len=0 type=BULK (in, awaiting data)
[3400] +120.685967 ASYNC-OUT ep=0x01 len=16 type=BULK 
	0000  08 00 00 18 01 10 ef 03  00 86 00 10 93 1e 00 00 |................|
[3401] +120.686277 ASYNC-OUT-DONE ep=0x01 len=0 status=0 actual=16
[3402] +120.740729 ASYNC-IN-DONE ep=0x81 len=0 status=2 actual=0
[3403] +120.740817 ASYNC-IN-SUBMIT ep=0x81 len=0 type=BULK (in, awaiting data)
[3404] +120.841296 ASYNC-IN-DONE ep=0x81 len=0 status=2 actual=0
[3405] +120.841426 ASYNC-IN-SUBMIT ep=0x81 len=0 type=BULK (in, awaiting data)
[3406] +120.842057 ASYNC-OUT ep=0x01 len=16 type=BULK 
	0000  08 00 00 18 80 10 ed 03  00 8a 00 10 41 1b 00 00 |............A...|
[3407] +120.842138 ASYNC-OUT ep=0x01 len=16 type=BULK 
	0000  08 00 00 18 02 10 f0 03  00 73 00 10 6d 10 00 00 |.........s..m...|
[3408] +120.842195 ASYNC-OUT-DONE ep=0x01 len=0 status=0 actual=16
[3409] +120.842279 ASYNC-OUT-DONE ep=0x01 len=0 status=0 actual=16
[3410] +120.954279 ASYNC-IN-DONE ep=0x81 len=0 status=2 actual=0
[3411] +120.954345 ASYNC-IN-SUBMIT ep=0x81 len=0 type=BULK (in, awaiting data)
[3412] +121.031341 ASYNC-IN-DONE ep=0x81 len=16 status=0 actual=16
	0000  08 00 00 18 ef 03 01 10  00 8c 00 10 65 02 00 00 |............e...|
[3413] +121.031477 ASYNC-IN-SUBMIT ep=0x81 len=0 type=BULK (in, awaiting data)
[3414] +121.133927 ASYNC-IN-DONE ep=0x81 len=0 status=2 actual=0
[3415] +121.134019 ASYNC-IN-SUBMIT ep=0x81 len=0 type=BULK (in, awaiting data)
[3416] +121.245096 ASYNC-IN-DONE ep=0x81 len=0 status=2 actual=0
[3417] +121.245195 ASYNC-IN-SUBMIT ep=0x81 len=0 type=BULK (in, awaiting data)
[3418] +121.356890 ASYNC-IN-DONE ep=0x81 len=0 status=2 actual=0
[3419] +121.356981 ASYNC-IN-SUBMIT ep=0x81 len=0 type=BULK (in, awaiting data)
[3420] +121.432499 ASYNC-IN-DONE ep=0x81 len=16 status=0 actual=16
	0000  08 00 00 18 f0 03 02 10  00 78 00 10 09 02 00 00 |.........x......|
[3421] +121.432659 ASYNC-IN-SUBMIT ep=0x81 len=0 type=BULK (in, awaiting data)
[3422] +121.541219 ASYNC-IN-DONE ep=0x81 len=0 status=2 actual=0
[3423] +121.541313 ASYNC-IN-SUBMIT ep=0x81 len=0 type=BULK (in, awaiting data)
[3424] +121.633853 ASYNC-IN-DONE ep=0x81 len=16 status=0 actual=16
	0000  08 00 00 18 ed 03 80 10  00 90 00 10 02 03 00 00 |................|
[3425] +121.634005 ASYNC-IN-SUBMIT ep=0x81 len=0 type=BULK (in, awaiting data)
[3426] +121.725275 ASYNC-OUT ep=0x01 len=16 type=BULK 
	0000  08 00 00 18 01 10 ef 03  00 87 00 10 93 1e 00 00 |................|
[3427] +121.725532 ASYNC-OUT-DONE ep=0x01 len=0 status=0 actual=16
[3428] +121.746766 ASYNC-IN-DONE ep=0x81 len=0 status=2 actual=0
[3429] +121.746802 ASYNC-IN-SUBMIT ep=0x81 len=0 type=BULK (in, awaiting data)
[3430] +121.850597 ASYNC-IN-DONE ep=0x81 len=0 status=2 actual=0
[3431] +121.850635 ASYNC-IN-SUBMIT ep=0x81 len=0 type=BULK (in, awaiting data)
[3432] +121.880178 ASYNC-OUT ep=0x01 len=16 type=BULK 
	0000  08 00 00 18 80 10 ed 03  00 8b 00 10 41 1b 00 00 |............A...|
[3433] +121.880322 ASYNC-OUT ep=0x01 len=16 type=BULK 
	0000  08 00 00 18 02 10 f0 03  00 74 00 10 6d 10 00 00 |.........t..m...|
[3434] +121.880400 ASYNC-OUT-DONE ep=0x01 len=0 status=0 actual=16
[3435] +121.880450 ASYNC-OUT-DONE ep=0x01 len=0 status=0 actual=16
[3436] +121.952326 ASYNC-IN-DONE ep=0x81 len=0 status=2 actual=0
[3437] +121.952349 ASYNC-IN-SUBMIT ep=0x81 len=0 type=BULK (in, awaiting data)
[3438] +122.035088 ASYNC-IN-DONE ep=0x81 len=16 status=0 actual=16
	0000  08 00 00 18 ef 03 01 10  00 8d 00 10 65 02 00 00 |............e...|
[3439] +122.035117 ASYNC-IN-SUBMIT ep=0x81 len=0 type=BULK (in, awaiting data)
[3440] +122.138088 ASYNC-IN-DONE ep=0x81 len=0 status=2 actual=0
[3441] +122.138117 ASYNC-IN-SUBMIT ep=0x81 len=0 type=BULK (in, awaiting data)
### MARK CAT-EQ
[3442] +122.248445 ASYNC-IN-DONE ep=0x81 len=0 status=2 actual=0
[3443] +122.248459 ASYNC-IN-SUBMIT ep=0x81 len=0 type=BULK (in, awaiting data)
[3444] +122.355448 ASYNC-IN-DONE ep=0x81 len=0 status=2 actual=0
[3445] +122.355491 ASYNC-IN-SUBMIT ep=0x81 len=0 type=BULK (in, awaiting data)
[3446] +122.436004 ASYNC-IN-DONE ep=0x81 len=16 status=0 actual=16
	0000  08 00 00 18 f0 03 02 10  00 79 00 10 09 02 00 00 |.........y......|
[3447] +122.436089 ASYNC-IN-SUBMIT ep=0x81 len=0 type=BULK (in, awaiting data)
[3448] +122.546534 ASYNC-IN-DONE ep=0x81 len=0 status=2 actual=0
[3449] +122.546629 ASYNC-IN-SUBMIT ep=0x81 len=0 type=BULK (in, awaiting data)
[3450] +122.637258 ASYNC-IN-DONE ep=0x81 len=16 status=0 actual=16
	0000  08 00 00 18 ed 03 80 10  00 91 00 10 02 03 00 00 |................|
[3451] +122.637388 ASYNC-IN-SUBMIT ep=0x81 len=0 type=BULK (in, awaiting data)
[3452] +122.750260 ASYNC-IN-DONE ep=0x81 len=0 status=2 actual=0
[3453] +122.750355 ASYNC-IN-SUBMIT ep=0x81 len=0 type=BULK (in, awaiting data)
[3454] +122.761873 ASYNC-OUT ep=0x01 len=16 type=BULK 
	0000  08 00 00 18 01 10 ef 03  00 88 00 10 93 1e 00 00 |................|
[3455] +122.762093 ASYNC-OUT-DONE ep=0x01 len=0 status=0 actual=16
[3456] +122.863219 ASYNC-IN-DONE ep=0x81 len=0 status=2 actual=0
[3457] +122.863284 ASYNC-IN-SUBMIT ep=0x81 len=0 type=BULK (in, awaiting data)
[3458] +122.917218 ASYNC-OUT ep=0x01 len=16 type=BULK 
	0000  08 00 00 18 80 10 ed 03  00 8c 00 10 41 1b 00 00 |............A...|
[3459] +122.917402 ASYNC-OUT ep=0x01 len=16 type=BULK 
	0000  08 00 00 18 02 10 f0 03  00 75 00 10 6d 10 00 00 |.........u..m...|
[3460] +122.917531 ASYNC-OUT-DONE ep=0x01 len=0 status=0 actual=16
[3461] +122.917556 ASYNC-OUT-DONE ep=0x01 len=0 status=0 actual=16
[3462] +122.975447 ASYNC-IN-DONE ep=0x81 len=0 status=2 actual=0
[3463] +122.975528 ASYNC-IN-SUBMIT ep=0x81 len=0 type=BULK (in, awaiting data)
[3464] +123.037997 ASYNC-IN-DONE ep=0x81 len=16 status=0 actual=16
	0000  08 00 00 18 ef 03 01 10  00 8e 00 10 65 02 00 00 |............e...|
[3465] +123.038132 ASYNC-IN-SUBMIT ep=0x81 len=0 type=BULK (in, awaiting data)
[3466] +123.150938 ASYNC-IN-DONE ep=0x81 len=0 status=2 actual=0
[3467] +123.150994 ASYNC-IN-SUBMIT ep=0x81 len=0 type=BULK (in, awaiting data)
[3468] +123.255534 ASYNC-IN-DONE ep=0x81 len=0 status=2 actual=0
[3469] +123.255611 ASYNC-IN-SUBMIT ep=0x81 len=0 type=BULK (in, awaiting data)
[3470] +123.368242 ASYNC-IN-DONE ep=0x81 len=0 status=2 actual=0
[3471] +123.368337 ASYNC-IN-SUBMIT ep=0x81 len=0 type=BULK (in, awaiting data)
[3472] +123.439295 ASYNC-IN-DONE ep=0x81 len=16 status=0 actual=16
	0000  08 00 00 18 f0 03 02 10  00 7a 00 10 09 02 00 00 |.........z......|
[3473] +123.439432 ASYNC-IN-SUBMIT ep=0x81 len=0 type=BULK (in, awaiting data)
[3474] +123.543081 ASYNC-IN-DONE ep=0x81 len=0 status=2 actual=0
[3475] +123.543189 ASYNC-IN-SUBMIT ep=0x81 len=0 type=BULK (in, awaiting data)
[3476] +123.640013 ASYNC-IN-DONE ep=0x81 len=16 status=0 actual=16
	0000  08 00 00 18 ed 03 80 10  00 92 00 10 02 03 00 00 |................|
[3477] +123.640082 ASYNC-IN-SUBMIT ep=0x81 len=0 type=BULK (in, awaiting data)
[3478] +123.740417 ASYNC-IN-DONE ep=0x81 len=0 status=2 actual=0
[3479] +123.740460 ASYNC-IN-SUBMIT ep=0x81 len=0 type=BULK (in, awaiting data)
[3480] +123.799619 ASYNC-OUT ep=0x01 len=16 type=BULK 
	0000  08 00 00 18 01 10 ef 03  00 89 00 10 93 1e 00 00 |................|
[3481] +123.799784 ASYNC-OUT-DONE ep=0x01 len=0 status=0 actual=16
[3482] +123.846883 ASYNC-IN-DONE ep=0x81 len=0 status=2 actual=0
[3483] +123.846906 ASYNC-IN-SUBMIT ep=0x81 len=0 type=BULK (in, awaiting data)
[3484] +123.950816 ASYNC-IN-DONE ep=0x81 len=0 status=2 actual=0
[3485] +123.950844 ASYNC-IN-SUBMIT ep=0x81 len=0 type=BULK (in, awaiting data)
[3486] +123.955631 ASYNC-OUT ep=0x01 len=16 type=BULK 
	0000  08 00 00 18 80 10 ed 03  00 8d 00 10 41 1b 00 00 |............A...|
[3487] +123.955721 ASYNC-OUT ep=0x01 len=16 type=BULK 
	0000  08 00 00 18 02 10 f0 03  00 76 00 10 6d 10 00 00 |.........v..m...|
[3488] +123.955781 ASYNC-OUT-DONE ep=0x01 len=0 status=0 actual=16
[3489] +123.955852 ASYNC-OUT-DONE ep=0x01 len=0 status=0 actual=16
[3490] +124.041145 ASYNC-IN-DONE ep=0x81 len=16 status=0 actual=16
	0000  08 00 00 18 ef 03 01 10  00 8f 00 10 65 02 00 00 |............e...|
[3491] +124.041183 ASYNC-IN-SUBMIT ep=0x81 len=0 type=BULK (in, awaiting data)
### MARK CAT-Modulation
[3492] +124.150770 ASYNC-IN-DONE ep=0x81 len=0 status=2 actual=0
[3493] +124.150784 ASYNC-IN-SUBMIT ep=0x81 len=0 type=BULK (in, awaiting data)
[3494] +124.252263 ASYNC-IN-DONE ep=0x81 len=0 status=2 actual=0
[3495] +124.252278 ASYNC-IN-SUBMIT ep=0x81 len=0 type=BULK (in, awaiting data)
[3496] +124.352704 ASYNC-IN-DONE ep=0x81 len=0 status=2 actual=0
[3497] +124.352729 ASYNC-IN-SUBMIT ep=0x81 len=0 type=BULK (in, awaiting data)
[3498] +124.442447 ASYNC-IN-DONE ep=0x81 len=16 status=0 actual=16
	0000  08 00 00 18 f0 03 02 10  00 7b 00 10 09 02 00 00 |.........{......|
[3499] +124.442500 ASYNC-IN-SUBMIT ep=0x81 len=0 type=BULK (in, awaiting data)
[3500] +124.542862 ASYNC-IN-DONE ep=0x81 len=0 status=2 actual=0
[3501] +124.542951 ASYNC-IN-SUBMIT ep=0x81 len=0 type=BULK (in, awaiting data)
[3502] +124.643296 ASYNC-IN-DONE ep=0x81 len=16 status=0 actual=16
	0000  08 00 00 18 ed 03 80 10  00 93 00 10 02 03 00 00 |................|
[3503] +124.643431 ASYNC-IN-SUBMIT ep=0x81 len=0 type=BULK (in, awaiting data)
[3504] +124.746987 ASYNC-IN-DONE ep=0x81 len=0 status=2 actual=0
[3505] +124.747039 ASYNC-IN-SUBMIT ep=0x81 len=0 type=BULK (in, awaiting data)
[3506] +124.836917 ASYNC-OUT ep=0x01 len=16 type=BULK 
	0000  08 00 00 18 01 10 ef 03  00 8a 00 10 93 1e 00 00 |................|
[3507] +124.837219 ASYNC-OUT-DONE ep=0x01 len=0 status=0 actual=16
[3508] +124.858743 ASYNC-IN-DONE ep=0x81 len=0 status=2 actual=0
[3509] +124.858816 ASYNC-IN-SUBMIT ep=0x81 len=0 type=BULK (in, awaiting data)
[3510] +124.971548 ASYNC-IN-DONE ep=0x81 len=0 status=2 actual=0
[3511] +124.971629 ASYNC-IN-SUBMIT ep=0x81 len=0 type=BULK (in, awaiting data)
[3512] +124.992650 ASYNC-OUT ep=0x01 len=16 type=BULK 
	0000  08 00 00 18 80 10 ed 03  00 8e 00 10 41 1b 00 00 |............A...|
[3513] +124.992835 ASYNC-OUT ep=0x01 len=16 type=BULK 
	0000  08 00 00 18 02 10 f0 03  00 77 00 10 6d 10 00 00 |.........w..m...|
[3514] +124.992961 ASYNC-OUT-DONE ep=0x01 len=0 status=0 actual=16
[3515] +124.992986 ASYNC-OUT-DONE ep=0x01 len=0 status=0 actual=16
[3516] +125.044652 ASYNC-IN-DONE ep=0x81 len=16 status=0 actual=16
	0000  08 00 00 18 ef 03 01 10  00 90 00 10 65 02 00 00 |............e...|
[3517] +125.044760 ASYNC-IN-SUBMIT ep=0x81 len=0 type=BULK (in, awaiting data)
[3518] +125.157586 ASYNC-IN-DONE ep=0x81 len=0 status=2 actual=0
[3519] +125.157670 ASYNC-IN-SUBMIT ep=0x81 len=0 type=BULK (in, awaiting data)
[3520] +125.270483 ASYNC-IN-DONE ep=0x81 len=0 status=2 actual=0
[3521] +125.270579 ASYNC-IN-SUBMIT ep=0x81 len=0 type=BULK (in, awaiting data)
[3522] +125.373623 ASYNC-IN-DONE ep=0x81 len=0 status=2 actual=0
[3523] +125.373724 ASYNC-IN-SUBMIT ep=0x81 len=0 type=BULK (in, awaiting data)
[3524] +125.445917 ASYNC-IN-DONE ep=0x81 len=16 status=0 actual=16
	0000  08 00 00 18 f0 03 02 10  00 7c 00 10 09 02 00 00 |.........|......|
[3525] +125.446056 ASYNC-IN-SUBMIT ep=0x81 len=0 type=BULK (in, awaiting data)
[3526] +125.558854 ASYNC-IN-DONE ep=0x81 len=0 status=2 actual=0
[3527] +125.558918 ASYNC-IN-SUBMIT ep=0x81 len=0 type=BULK (in, awaiting data)
[3528] +125.646627 ASYNC-IN-DONE ep=0x81 len=16 status=0 actual=16
	0000  08 00 00 18 ed 03 80 10  00 94 00 10 02 03 00 00 |................|
[3529] +125.646742 ASYNC-IN-SUBMIT ep=0x81 len=0 type=BULK (in, awaiting data)
[3530] +125.758882 ASYNC-IN-DONE ep=0x81 len=0 status=2 actual=0
[3531] +125.758911 ASYNC-IN-SUBMIT ep=0x81 len=0 type=BULK (in, awaiting data)
[3532] +125.871377 ASYNC-IN-DONE ep=0x81 len=0 status=2 actual=0
[3533] +125.871407 ASYNC-IN-SUBMIT ep=0x81 len=0 type=BULK (in, awaiting data)
[3534] +125.875471 ASYNC-OUT ep=0x01 len=16 type=BULK 
	0000  08 00 00 18 01 10 ef 03  00 8b 00 10 93 1e 00 00 |................|
[3535] +125.875639 ASYNC-OUT-DONE ep=0x01 len=0 status=0 actual=16
[3536] +125.984151 ASYNC-IN-DONE ep=0x81 len=0 status=2 actual=0
[3537] +125.984180 ASYNC-IN-SUBMIT ep=0x81 len=0 type=BULK (in, awaiting data)
### MARK CAT-Delay
[3538] +126.030579 ASYNC-OUT ep=0x01 len=16 type=BULK 
	0000  08 00 00 18 80 10 ed 03  00 8f 00 10 41 1b 00 00 |............A...|
[3539] +126.030717 ASYNC-OUT ep=0x01 len=16 type=BULK 
	0000  08 00 00 18 02 10 f0 03  00 78 00 10 6d 10 00 00 |.........x..m...|
[3540] +126.030836 ASYNC-OUT-DONE ep=0x01 len=0 status=0 actual=16
[3541] +126.030856 ASYNC-OUT-DONE ep=0x01 len=0 status=0 actual=16
[3542] +126.047861 ASYNC-IN-DONE ep=0x81 len=16 status=0 actual=16
	0000  08 00 00 18 ef 03 01 10  00 91 00 10 65 02 00 00 |............e...|
[3543] +126.047890 ASYNC-IN-SUBMIT ep=0x81 len=0 type=BULK (in, awaiting data)
[3544] +126.159801 ASYNC-IN-DONE ep=0x81 len=0 status=2 actual=0
[3545] +126.159831 ASYNC-IN-SUBMIT ep=0x81 len=0 type=BULK (in, awaiting data)
[3546] +126.263210 ASYNC-IN-DONE ep=0x81 len=0 status=2 actual=0
[3547] +126.263237 ASYNC-IN-SUBMIT ep=0x81 len=0 type=BULK (in, awaiting data)
[3548] +126.370023 ASYNC-IN-DONE ep=0x81 len=0 status=2 actual=0
[3549] +126.370071 ASYNC-IN-SUBMIT ep=0x81 len=0 type=BULK (in, awaiting data)
[3550] +126.449197 ASYNC-IN-DONE ep=0x81 len=16 status=0 actual=16
	0000  08 00 00 18 f0 03 02 10  00 7d 00 10 09 02 00 00 |.........}......|
[3551] +126.449294 ASYNC-IN-SUBMIT ep=0x81 len=0 type=BULK (in, awaiting data)
[3552] +126.562063 ASYNC-IN-DONE ep=0x81 len=0 status=2 actual=0
[3553] +126.562157 ASYNC-IN-SUBMIT ep=0x81 len=0 type=BULK (in, awaiting data)
[3554] +126.649987 ASYNC-IN-DONE ep=0x81 len=16 status=0 actual=16
	0000  08 00 00 18 ed 03 80 10  00 95 00 10 02 03 00 00 |................|
[3555] +126.650120 ASYNC-IN-SUBMIT ep=0x81 len=0 type=BULK (in, awaiting data)
[3556] +126.757266 ASYNC-IN-DONE ep=0x81 len=0 status=2 actual=0
[3557] +126.757350 ASYNC-IN-SUBMIT ep=0x81 len=0 type=BULK (in, awaiting data)
[3558] +126.870150 ASYNC-IN-DONE ep=0x81 len=0 status=2 actual=0
[3559] +126.870214 ASYNC-IN-SUBMIT ep=0x81 len=0 type=BULK (in, awaiting data)
[3560] +126.912642 ASYNC-OUT ep=0x01 len=16 type=BULK 
	0000  08 00 00 18 01 10 ef 03  00 8c 00 10 93 1e 00 00 |................|
[3561] +126.912907 ASYNC-OUT-DONE ep=0x01 len=0 status=0 actual=16
[3562] +126.980266 ASYNC-IN-DONE ep=0x81 len=0 status=2 actual=0
[3563] +126.980351 ASYNC-IN-SUBMIT ep=0x81 len=0 type=BULK (in, awaiting data)
[3564] +127.051040 ASYNC-IN-DONE ep=0x81 len=16 status=0 actual=16
	0000  08 00 00 18 ef 03 01 10  00 92 00 10 65 02 00 00 |............e...|
[3565] +127.051147 ASYNC-IN-SUBMIT ep=0x81 len=0 type=BULK (in, awaiting data)
[3566] +127.068420 ASYNC-OUT ep=0x01 len=16 type=BULK 
	0000  08 00 00 18 80 10 ed 03  00 90 00 10 41 1b 00 00 |............A...|
[3567] +127.068555 ASYNC-OUT ep=0x01 len=16 type=BULK 
	0000  08 00 00 18 02 10 f0 03  00 79 00 10 6d 10 00 00 |.........y..m...|
[3568] +127.068675 ASYNC-OUT-DONE ep=0x01 len=0 status=0 actual=16
[3569] +127.068723 ASYNC-OUT-DONE ep=0x01 len=0 status=0 actual=16
[3570] +127.163738 ASYNC-IN-DONE ep=0x81 len=0 status=2 actual=0
[3571] +127.163837 ASYNC-IN-SUBMIT ep=0x81 len=0 type=BULK (in, awaiting data)
[3572] +127.270563 ASYNC-IN-DONE ep=0x81 len=0 status=2 actual=0
[3573] +127.270660 ASYNC-IN-SUBMIT ep=0x81 len=0 type=BULK (in, awaiting data)
[3574] +127.379415 ASYNC-IN-DONE ep=0x81 len=0 status=2 actual=0
[3575] +127.379519 ASYNC-IN-SUBMIT ep=0x81 len=0 type=BULK (in, awaiting data)
[3576] +127.452663 ASYNC-IN-DONE ep=0x81 len=16 status=0 actual=16
	0000  08 00 00 18 f0 03 02 10  00 7e 00 10 09 02 00 00 |.........~......|
[3577] +127.452795 ASYNC-IN-SUBMIT ep=0x81 len=0 type=BULK (in, awaiting data)
[3578] +127.563142 ASYNC-IN-DONE ep=0x81 len=0 status=2 actual=0
[3579] +127.563197 ASYNC-IN-SUBMIT ep=0x81 len=0 type=BULK (in, awaiting data)
[3580] +127.652999 ASYNC-IN-DONE ep=0x81 len=16 status=0 actual=16
	0000  08 00 00 18 ed 03 80 10  00 96 00 10 02 03 00 00 |................|
[3581] +127.653060 ASYNC-IN-SUBMIT ep=0x81 len=0 type=BULK (in, awaiting data)
[3582] +127.754296 ASYNC-IN-DONE ep=0x81 len=0 status=2 actual=0
[3583] +127.754320 ASYNC-IN-SUBMIT ep=0x81 len=0 type=BULK (in, awaiting data)
[3584] +127.867074 ASYNC-IN-DONE ep=0x81 len=0 status=2 actual=0
[3585] +127.867106 ASYNC-IN-SUBMIT ep=0x81 len=0 type=BULK (in, awaiting data)
[3586] +127.951333 ASYNC-OUT ep=0x01 len=16 type=BULK 
	0000  08 00 00 18 01 10 ef 03  00 8d 00 10 93 1e 00 00 |................|
[3587] +127.951527 ASYNC-OUT-DONE ep=0x01 len=0 status=0 actual=16
### MARK CAT-Reverb
[3588] +127.979844 ASYNC-IN-DONE ep=0x81 len=0 status=2 actual=0
[3589] +127.979857 ASYNC-IN-SUBMIT ep=0x81 len=0 type=BULK (in, awaiting data)
[3590] +128.054619 ASYNC-IN-DONE ep=0x81 len=16 status=0 actual=16
	0000  08 00 00 18 ef 03 01 10  00 93 00 10 65 02 00 00 |............e...|
[3591] +128.054648 ASYNC-IN-SUBMIT ep=0x81 len=0 type=BULK (in, awaiting data)
[3592] +128.106889 ASYNC-OUT ep=0x01 len=16 type=BULK 
	0000  08 00 00 18 80 10 ed 03  00 91 00 10 41 1b 00 00 |............A...|
[3593] +128.107016 ASYNC-OUT ep=0x01 len=16 type=BULK 
	0000  08 00 00 18 02 10 f0 03  00 7a 00 10 6d 10 00 00 |.........z..m...|
[3594] +128.107091 ASYNC-OUT-DONE ep=0x01 len=0 status=0 actual=16
[3595] +128.107154 ASYNC-OUT-DONE ep=0x01 len=0 status=0 actual=16
[3596] +128.158791 ASYNC-IN-DONE ep=0x81 len=0 status=2 actual=0
[3597] +128.158830 ASYNC-IN-SUBMIT ep=0x81 len=0 type=BULK (in, awaiting data)
[3598] +128.266731 ASYNC-IN-DONE ep=0x81 len=0 status=2 actual=0
[3599] +128.266763 ASYNC-IN-SUBMIT ep=0x81 len=0 type=BULK (in, awaiting data)
[3600] +128.367371 ASYNC-IN-DONE ep=0x81 len=0 status=2 actual=0
[3601] +128.367469 ASYNC-IN-SUBMIT ep=0x81 len=0 type=BULK (in, awaiting data)
[3602] +128.455897 ASYNC-IN-DONE ep=0x81 len=16 status=0 actual=16
	0000  08 00 00 18 f0 03 02 10  00 7f 00 10 09 02 00 00 |................|
[3603] +128.456011 ASYNC-IN-SUBMIT ep=0x81 len=0 type=BULK (in, awaiting data)
[3604] +128.562438 ASYNC-IN-DONE ep=0x81 len=0 status=2 actual=0
[3605] +128.562543 ASYNC-IN-SUBMIT ep=0x81 len=0 type=BULK (in, awaiting data)
[3606] +128.657023 ASYNC-IN-DONE ep=0x81 len=16 status=0 actual=16
	0000  08 00 00 18 ed 03 80 10  00 97 00 10 02 03 00 00 |................|
[3607] +128.657136 ASYNC-IN-SUBMIT ep=0x81 len=0 type=BULK (in, awaiting data)
[3608] +128.769866 ASYNC-IN-DONE ep=0x81 len=0 status=2 actual=0
[3609] +128.769944 ASYNC-IN-SUBMIT ep=0x81 len=0 type=BULK (in, awaiting data)
[3610] +128.870985 ASYNC-IN-DONE ep=0x81 len=0 status=2 actual=0
[3611] +128.871079 ASYNC-IN-SUBMIT ep=0x81 len=0 type=BULK (in, awaiting data)
[3612] +128.983977 ASYNC-IN-DONE ep=0x81 len=0 status=2 actual=0
[3613] +128.984043 ASYNC-IN-SUBMIT ep=0x81 len=0 type=BULK (in, awaiting data)
[3614] +128.990895 ASYNC-OUT ep=0x01 len=16 type=BULK 
	0000  08 00 00 18 01 10 ef 03  00 8e 00 10 93 1e 00 00 |................|
[3615] +128.991150 ASYNC-OUT-DONE ep=0x01 len=0 status=0 actual=16
[3616] +129.058619 ASYNC-IN-DONE ep=0x81 len=16 status=0 actual=16
	0000  08 00 00 18 ef 03 01 10  00 94 00 10 65 02 00 00 |............e...|
[3617] +129.058720 ASYNC-IN-SUBMIT ep=0x81 len=0 type=BULK (in, awaiting data)
[3618] +129.145495 ASYNC-OUT ep=0x01 len=16 type=BULK 
	0000  08 00 00 18 80 10 ed 03  00 92 00 10 41 1b 00 00 |............A...|
[3619] +129.145635 ASYNC-OUT ep=0x01 len=16 type=BULK 
	0000  08 00 00 18 02 10 f0 03  00 7b 00 10 6d 10 00 00 |.........{..m...|
[3620] +129.145719 ASYNC-OUT-DONE ep=0x01 len=0 status=0 actual=16
[3621] +129.145770 ASYNC-OUT-DONE ep=0x01 len=0 status=0 actual=16
[3622] +129.166598 ASYNC-IN-DONE ep=0x81 len=0 status=2 actual=0
[3623] +129.166756 ASYNC-IN-SUBMIT ep=0x81 len=0 type=BULK (in, awaiting data)
[3624] +129.275688 ASYNC-IN-DONE ep=0x81 len=0 status=2 actual=0
[3625] +129.275771 ASYNC-IN-SUBMIT ep=0x81 len=0 type=BULK (in, awaiting data)
[3626] +129.382111 ASYNC-IN-DONE ep=0x81 len=0 status=2 actual=0
[3627] +129.382204 ASYNC-IN-SUBMIT ep=0x81 len=0 type=BULK (in, awaiting data)
[3628] +129.459704 ASYNC-IN-DONE ep=0x81 len=16 status=0 actual=16
	0000  08 00 00 18 f0 03 02 10  00 80 00 10 09 02 00 00 |................|
[3629] +129.459851 ASYNC-IN-SUBMIT ep=0x81 len=0 type=BULK (in, awaiting data)
[3630] +129.560790 ASYNC-IN-DONE ep=0x81 len=0 status=2 actual=0
[3631] +129.560851 ASYNC-IN-SUBMIT ep=0x81 len=0 type=BULK (in, awaiting data)
[3632] +129.659999 ASYNC-IN-DONE ep=0x81 len=16 status=0 actual=16
	0000  08 00 00 18 ed 03 80 10  00 98 00 10 02 03 00 00 |................|
[3633] +129.660039 ASYNC-IN-SUBMIT ep=0x81 len=0 type=BULK (in, awaiting data)
[3634] +129.765308 ASYNC-IN-DONE ep=0x81 len=0 status=2 actual=0
[3635] +129.765337 ASYNC-IN-SUBMIT ep=0x81 len=0 type=BULK (in, awaiting data)
[3636] +129.875523 ASYNC-IN-DONE ep=0x81 len=0 status=2 actual=0
[3637] +129.875552 ASYNC-IN-SUBMIT ep=0x81 len=0 type=BULK (in, awaiting data)
### MARK CAT-PitchSynth
[3638] +129.984908 ASYNC-IN-DONE ep=0x81 len=0 status=2 actual=0
[3639] +129.984924 ASYNC-IN-SUBMIT ep=0x81 len=0 type=BULK (in, awaiting data)
[3640] +130.028681 ASYNC-OUT ep=0x01 len=16 type=BULK 
	0000  08 00 00 18 01 10 ef 03  00 8f 00 10 93 1e 00 00 |................|
[3641] +130.028992 ASYNC-OUT-DONE ep=0x01 len=0 status=0 actual=16
[3642] +130.061929 ASYNC-IN-DONE ep=0x81 len=16 status=0 actual=16
	0000  08 00 00 18 ef 03 01 10  00 95 00 10 65 02 00 00 |............e...|
[3643] +130.061961 ASYNC-IN-SUBMIT ep=0x81 len=0 type=BULK (in, awaiting data)
[3644] +130.174732 ASYNC-IN-DONE ep=0x81 len=0 status=2 actual=0
[3645] +130.174765 ASYNC-IN-SUBMIT ep=0x81 len=0 type=BULK (in, awaiting data)
[3646] +130.184048 ASYNC-OUT ep=0x01 len=16 type=BULK 
	0000  08 00 00 18 80 10 ed 03  00 93 00 10 41 1b 00 00 |............A...|
[3647] +130.184186 ASYNC-OUT ep=0x01 len=16 type=BULK 
	0000  08 00 00 18 02 10 f0 03  00 7c 00 10 6d 10 00 00 |.........|..m...|
[3648] +130.184297 ASYNC-OUT-DONE ep=0x01 len=0 status=0 actual=16
[3649] +130.184332 ASYNC-OUT-DONE ep=0x01 len=0 status=0 actual=16
[3650] +130.283586 ASYNC-IN-DONE ep=0x81 len=0 status=2 actual=0
[3651] +130.283659 ASYNC-IN-SUBMIT ep=0x81 len=0 type=BULK (in, awaiting data)
[3652] +130.386592 ASYNC-IN-DONE ep=0x81 len=0 status=2 actual=0
[3653] +130.386676 ASYNC-IN-SUBMIT ep=0x81 len=0 type=BULK (in, awaiting data)
[3654] +130.462951 ASYNC-IN-DONE ep=0x81 len=16 status=0 actual=16
	0000  08 00 00 18 f0 03 02 10  00 81 00 10 09 02 00 00 |................|
[3655] +130.463053 ASYNC-IN-SUBMIT ep=0x81 len=0 type=BULK (in, awaiting data)
[3656] +130.570582 ASYNC-IN-DONE ep=0x81 len=0 status=2 actual=0
[3657] +130.570659 ASYNC-IN-SUBMIT ep=0x81 len=0 type=BULK (in, awaiting data)
[3658] +130.663382 ASYNC-IN-DONE ep=0x81 len=16 status=0 actual=16
	0000  08 00 00 18 ed 03 80 10  00 99 00 10 02 03 00 00 |................|
[3659] +130.663516 ASYNC-IN-SUBMIT ep=0x81 len=0 type=BULK (in, awaiting data)
[3660] +130.776187 ASYNC-IN-DONE ep=0x81 len=0 status=2 actual=0
[3661] +130.776289 ASYNC-IN-SUBMIT ep=0x81 len=0 type=BULK (in, awaiting data)
[3662] +130.882320 ASYNC-IN-DONE ep=0x81 len=0 status=2 actual=0
[3663] +130.882414 ASYNC-IN-SUBMIT ep=0x81 len=0 type=BULK (in, awaiting data)
[3664] +130.988077 ASYNC-IN-DONE ep=0x81 len=0 status=2 actual=0
[3665] +130.988153 ASYNC-IN-SUBMIT ep=0x81 len=0 type=BULK (in, awaiting data)
[3666] +131.064276 ASYNC-OUT ep=0x01 len=16 type=BULK 
	0000  08 00 00 18 01 10 ef 03  00 90 00 10 93 1e 00 00 |................|
[3667] +131.064596 ASYNC-OUT-DONE ep=0x01 len=0 status=0 actual=16
[3668] +131.064768 ASYNC-IN-DONE ep=0x81 len=16 status=0 actual=16
	0000  08 00 00 18 ef 03 01 10  00 96 00 10 65 02 00 00 |............e...|
[3669] +131.064829 ASYNC-IN-SUBMIT ep=0x81 len=0 type=BULK (in, awaiting data)
[3670] +131.175638 ASYNC-IN-DONE ep=0x81 len=0 status=2 actual=0
[3671] +131.175720 ASYNC-IN-SUBMIT ep=0x81 len=0 type=BULK (in, awaiting data)
[3672] +131.220221 ASYNC-OUT ep=0x01 len=16 type=BULK 
	0000  08 00 00 18 80 10 ed 03  00 94 00 10 41 1b 00 00 |............A...|
[3673] +131.220363 ASYNC-OUT ep=0x01 len=16 type=BULK 
	0000  08 00 00 18 02 10 f0 03  00 7d 00 10 6d 10 00 00 |.........}..m...|
[3674] +131.220485 ASYNC-OUT-DONE ep=0x01 len=0 status=0 actual=16
[3675] +131.220530 ASYNC-OUT-DONE ep=0x01 len=0 status=0 actual=16
[3676] +131.288105 ASYNC-IN-DONE ep=0x81 len=0 status=2 actual=0
[3677] +131.288185 ASYNC-IN-SUBMIT ep=0x81 len=0 type=BULK (in, awaiting data)
[3678] +131.399521 ASYNC-IN-DONE ep=0x81 len=0 status=2 actual=0
[3679] +131.399602 ASYNC-IN-SUBMIT ep=0x81 len=0 type=BULK (in, awaiting data)
[3680] +131.465543 ASYNC-IN-DONE ep=0x81 len=16 status=0 actual=16
	0000  08 00 00 18 f0 03 02 10  00 82 00 10 09 02 00 00 |................|
[3681] +131.465624 ASYNC-IN-SUBMIT ep=0x81 len=0 type=BULK (in, awaiting data)
[3682] +131.578345 ASYNC-IN-DONE ep=0x81 len=0 status=2 actual=0
[3683] +131.578375 ASYNC-IN-SUBMIT ep=0x81 len=0 type=BULK (in, awaiting data)
[3684] +131.666815 ASYNC-IN-DONE ep=0x81 len=16 status=0 actual=16
	0000  08 00 00 18 ed 03 80 10  00 9a 00 10 02 03 00 00 |................|
[3685] +131.666853 ASYNC-IN-SUBMIT ep=0x81 len=0 type=BULK (in, awaiting data)
[3686] +131.776654 ASYNC-IN-DONE ep=0x81 len=0 status=2 actual=0
[3687] +131.776680 ASYNC-IN-SUBMIT ep=0x81 len=0 type=BULK (in, awaiting data)
### MARK CAT-Filter
[3688] +131.889604 ASYNC-IN-DONE ep=0x81 len=0 status=2 actual=0
[3689] +131.889639 ASYNC-IN-SUBMIT ep=0x81 len=0 type=BULK (in, awaiting data)
[3690] +132.000487 ASYNC-IN-DONE ep=0x81 len=0 status=2 actual=0
[3691] +132.000520 ASYNC-IN-SUBMIT ep=0x81 len=0 type=BULK (in, awaiting data)
[3692] +132.067623 ASYNC-IN-DONE ep=0x81 len=16 status=0 actual=16
	0000  08 00 00 18 ef 03 01 10  00 97 00 10 65 02 00 00 |............e...|
[3693] +132.067712 ASYNC-IN-SUBMIT ep=0x81 len=0 type=BULK (in, awaiting data)
[3694] +132.102312 ASYNC-OUT ep=0x01 len=16 type=BULK 
	0000  08 00 00 18 01 10 ef 03  00 91 00 10 93 1e 00 00 |................|
[3695] +132.102564 ASYNC-OUT-DONE ep=0x01 len=0 status=0 actual=16
[3696] +132.172286 ASYNC-IN-DONE ep=0x81 len=0 status=2 actual=0
[3697] +132.172347 ASYNC-IN-SUBMIT ep=0x81 len=0 type=BULK (in, awaiting data)
[3698] +132.258499 ASYNC-OUT ep=0x01 len=16 type=BULK 
	0000  08 00 00 18 80 10 ed 03  00 95 00 10 41 1b 00 00 |............A...|
[3699] +132.258690 ASYNC-OUT ep=0x01 len=16 type=BULK 
	0000  08 00 00 18 02 10 f0 03  00 7e 00 10 6d 10 00 00 |.........~..m...|
[3700] +132.258804 ASYNC-OUT-DONE ep=0x01 len=0 status=0 actual=16
[3701] +132.258867 ASYNC-OUT-DONE ep=0x01 len=0 status=0 actual=16
[3702] +132.284465 ASYNC-IN-DONE ep=0x81 len=0 status=2 actual=0
[3703] +132.284542 ASYNC-IN-SUBMIT ep=0x81 len=0 type=BULK (in, awaiting data)
[3704] +132.396608 ASYNC-IN-DONE ep=0x81 len=0 status=2 actual=0
[3705] +132.396697 ASYNC-IN-SUBMIT ep=0x81 len=0 type=BULK (in, awaiting data)
[3706] +132.469544 ASYNC-IN-DONE ep=0x81 len=16 status=0 actual=16
	0000  08 00 00 18 f0 03 02 10  00 83 00 10 09 02 00 00 |................|
[3707] +132.469666 ASYNC-IN-SUBMIT ep=0x81 len=0 type=BULK (in, awaiting data)
[3708] +132.575077 ASYNC-IN-DONE ep=0x81 len=0 status=2 actual=0
[3709] +132.575141 ASYNC-IN-SUBMIT ep=0x81 len=0 type=BULK (in, awaiting data)
[3710] +132.669909 ASYNC-IN-DONE ep=0x81 len=16 status=0 actual=16
	0000  08 00 00 18 ed 03 80 10  00 9b 00 10 02 03 00 00 |................|
[3711] +132.670037 ASYNC-IN-SUBMIT ep=0x81 len=0 type=BULK (in, awaiting data)
[3712] +132.777962 ASYNC-IN-DONE ep=0x81 len=0 status=2 actual=0
[3713] +132.778045 ASYNC-IN-SUBMIT ep=0x81 len=0 type=BULK (in, awaiting data)
[3714] +132.888072 ASYNC-IN-DONE ep=0x81 len=0 status=2 actual=0
[3715] +132.888143 ASYNC-IN-SUBMIT ep=0x81 len=0 type=BULK (in, awaiting data)
[3716] +132.993435 ASYNC-IN-DONE ep=0x81 len=0 status=2 actual=0
[3717] +132.993502 ASYNC-IN-SUBMIT ep=0x81 len=0 type=BULK (in, awaiting data)
[3718] +133.071448 ASYNC-IN-DONE ep=0x81 len=16 status=0 actual=16
	0000  08 00 00 18 ef 03 01 10  00 98 00 10 65 02 00 00 |............e...|
[3719] +133.071563 ASYNC-IN-SUBMIT ep=0x81 len=0 type=BULK (in, awaiting data)
[3720] +133.142052 ASYNC-OUT ep=0x01 len=16 type=BULK 
	0000  08 00 00 18 01 10 ef 03  00 92 00 10 93 1e 00 00 |................|
[3721] +133.142329 ASYNC-OUT-DONE ep=0x01 len=0 status=0 actual=16
[3722] +133.184287 ASYNC-IN-DONE ep=0x81 len=0 status=2 actual=0
[3723] +133.184380 ASYNC-IN-SUBMIT ep=0x81 len=0 type=BULK (in, awaiting data)
[3724] +133.296361 ASYNC-OUT ep=0x01 len=16 type=BULK 
	0000  08 00 00 18 80 10 ed 03  00 96 00 10 41 1b 00 00 |............A...|
[3725] +133.296616 ASYNC-OUT ep=0x01 len=16 type=BULK 
	0000  08 00 00 18 02 10 f0 03  00 7f 00 10 6d 10 00 00 |............m...|
[3726] +133.296741 ASYNC-OUT-DONE ep=0x01 len=0 status=0 actual=16
[3727] +133.296799 ASYNC-OUT-DONE ep=0x01 len=0 status=0 actual=16
[3728] +133.297110 ASYNC-IN-DONE ep=0x81 len=0 status=2 actual=0
[3729] +133.297146 ASYNC-IN-SUBMIT ep=0x81 len=0 type=BULK (in, awaiting data)
[3730] +133.403629 ASYNC-IN-DONE ep=0x81 len=0 status=2 actual=0
[3731] +133.403746 ASYNC-IN-SUBMIT ep=0x81 len=0 type=BULK (in, awaiting data)
[3732] +133.472277 ASYNC-IN-DONE ep=0x81 len=16 status=0 actual=16
	0000  08 00 00 18 f0 03 02 10  00 84 00 10 09 02 00 00 |................|
[3733] +133.472363 ASYNC-IN-SUBMIT ep=0x81 len=0 type=BULK (in, awaiting data)
[3734] +133.582103 ASYNC-IN-DONE ep=0x81 len=0 status=2 actual=0
[3735] +133.582134 ASYNC-IN-SUBMIT ep=0x81 len=0 type=BULK (in, awaiting data)
[3736] +133.673103 ASYNC-IN-DONE ep=0x81 len=16 status=0 actual=16
	0000  08 00 00 18 ed 03 80 10  00 9c 00 10 02 03 00 00 |................|
[3737] +133.673156 ASYNC-IN-SUBMIT ep=0x81 len=0 type=BULK (in, awaiting data)
[3738] +133.781669 ASYNC-IN-DONE ep=0x81 len=0 status=2 actual=0
[3739] +133.781700 ASYNC-IN-SUBMIT ep=0x81 len=0 type=BULK (in, awaiting data)
### MARK CAT-Wah
[3740] +133.892470 ASYNC-IN-DONE ep=0x81 len=0 status=2 actual=0
[3741] +133.892485 ASYNC-IN-SUBMIT ep=0x81 len=0 type=BULK (in, awaiting data)
[3742] +133.999311 ASYNC-IN-DONE ep=0x81 len=0 status=2 actual=0
[3743] +133.999347 ASYNC-IN-SUBMIT ep=0x81 len=0 type=BULK (in, awaiting data)
[3744] +134.074336 ASYNC-IN-DONE ep=0x81 len=16 status=0 actual=16
	0000  08 00 00 18 ef 03 01 10  00 99 00 10 65 02 00 00 |............e...|
[3745] +134.074381 ASYNC-IN-SUBMIT ep=0x81 len=0 type=BULK (in, awaiting data)
[3746] +134.181774 ASYNC-OUT ep=0x01 len=16 type=BULK 
	0000  08 00 00 18 01 10 ef 03  00 93 00 10 93 1e 00 00 |................|
[3747] +134.182099 ASYNC-OUT-DONE ep=0x01 len=0 status=0 actual=16
[3748] +134.187112 ASYNC-IN-DONE ep=0x81 len=0 status=2 actual=0
[3749] +134.187133 ASYNC-IN-SUBMIT ep=0x81 len=0 type=BULK (in, awaiting data)
[3750] +134.293181 ASYNC-IN-DONE ep=0x81 len=0 status=2 actual=0
[3751] +134.293273 ASYNC-IN-SUBMIT ep=0x81 len=0 type=BULK (in, awaiting data)
[3752] +134.337852 ASYNC-OUT ep=0x01 len=16 type=BULK 
	0000  08 00 00 18 80 10 ed 03  00 97 00 10 41 1b 00 00 |............A...|
[3753] +134.337995 ASYNC-OUT ep=0x01 len=16 type=BULK 
	0000  08 00 00 18 02 10 f0 03  00 80 00 10 6d 10 00 00 |............m...|
[3754] +134.338098 ASYNC-OUT-DONE ep=0x01 len=0 status=0 actual=16
[3755] +134.338174 ASYNC-OUT-DONE ep=0x01 len=0 status=0 actual=16
[3756] +134.404791 ASYNC-IN-DONE ep=0x81 len=0 status=2 actual=0
[3757] +134.404881 ASYNC-IN-SUBMIT ep=0x81 len=0 type=BULK (in, awaiting data)
[3758] +134.475885 ASYNC-IN-DONE ep=0x81 len=16 status=0 actual=16
	0000  08 00 00 18 f0 03 02 10  00 85 00 10 09 02 00 00 |................|
[3759] +134.476034 ASYNC-IN-SUBMIT ep=0x81 len=0 type=BULK (in, awaiting data)
[3760] +134.583194 ASYNC-IN-DONE ep=0x81 len=0 status=2 actual=0
[3761] +134.583339 ASYNC-IN-SUBMIT ep=0x81 len=0 type=BULK (in, awaiting data)
[3762] +134.676367 ASYNC-IN-DONE ep=0x81 len=16 status=0 actual=16
	0000  08 00 00 18 ed 03 80 10  00 9d 00 10 02 03 00 00 |................|
[3763] +134.676510 ASYNC-IN-SUBMIT ep=0x81 len=0 type=BULK (in, awaiting data)
[3764] +134.788167 ASYNC-IN-DONE ep=0x81 len=0 status=2 actual=0
[3765] +134.788269 ASYNC-IN-SUBMIT ep=0x81 len=0 type=BULK (in, awaiting data)
[3766] +134.897662 ASYNC-IN-DONE ep=0x81 len=0 status=2 actual=0
[3767] +134.897751 ASYNC-IN-SUBMIT ep=0x81 len=0 type=BULK (in, awaiting data)
[3768] +135.010013 ASYNC-IN-DONE ep=0x81 len=0 status=2 actual=0
[3769] +135.010110 ASYNC-IN-SUBMIT ep=0x81 len=0 type=BULK (in, awaiting data)
[3770] +135.077894 ASYNC-IN-DONE ep=0x81 len=16 status=0 actual=16
	0000  08 00 00 18 ef 03 01 10  00 9a 00 10 65 02 00 00 |............e...|
[3771] +135.078049 ASYNC-IN-SUBMIT ep=0x81 len=0 type=BULK (in, awaiting data)
[3772] +135.190540 ASYNC-IN-DONE ep=0x81 len=0 status=2 actual=0
[3773] +135.190647 ASYNC-IN-SUBMIT ep=0x81 len=0 type=BULK (in, awaiting data)
[3774] +135.221736 ASYNC-OUT ep=0x01 len=16 type=BULK 
	0000  08 00 00 18 01 10 ef 03  00 94 00 10 93 1e 00 00 |................|
[3775] +135.221939 ASYNC-OUT-DONE ep=0x01 len=0 status=0 actual=16
[3776] +135.300577 ASYNC-IN-DONE ep=0x81 len=0 status=2 actual=0
[3777] +135.300657 ASYNC-IN-SUBMIT ep=0x81 len=0 type=BULK (in, awaiting data)
[3778] +135.377329 ASYNC-OUT ep=0x01 len=16 type=BULK 
	0000  08 00 00 18 80 10 ed 03  00 98 00 10 41 1b 00 00 |............A...|
[3779] +135.377534 ASYNC-OUT ep=0x01 len=16 type=BULK 
	0000  08 00 00 18 02 10 f0 03  00 81 00 10 6d 10 00 00 |............m...|
[3780] +135.377646 ASYNC-OUT-DONE ep=0x01 len=0 status=0 actual=16
[3781] +135.377712 ASYNC-OUT-DONE ep=0x01 len=0 status=0 actual=16
[3782] +135.406622 ASYNC-IN-DONE ep=0x81 len=0 status=2 actual=0
[3783] +135.406654 ASYNC-IN-SUBMIT ep=0x81 len=0 type=BULK (in, awaiting data)
[3784] +135.479437 ASYNC-IN-DONE ep=0x81 len=16 status=0 actual=16
	0000  08 00 00 18 f0 03 02 10  00 86 00 10 09 02 00 00 |................|
[3785] +135.479488 ASYNC-IN-SUBMIT ep=0x81 len=0 type=BULK (in, awaiting data)
[3786] +135.585572 ASYNC-IN-DONE ep=0x81 len=0 status=2 actual=0
[3787] +135.585601 ASYNC-IN-SUBMIT ep=0x81 len=0 type=BULK (in, awaiting data)
[3788] +135.679847 ASYNC-IN-DONE ep=0x81 len=16 status=0 actual=16
	0000  08 00 00 18 ed 03 80 10  00 9e 00 10 02 03 00 00 |................|
[3789] +135.679893 ASYNC-IN-SUBMIT ep=0x81 len=0 type=BULK (in, awaiting data)
### MARK CAT-AmpCab
[3790] +135.791418 ASYNC-IN-DONE ep=0x81 len=0 status=2 actual=0
[3791] +135.791431 ASYNC-IN-SUBMIT ep=0x81 len=0 type=BULK (in, awaiting data)
[3792] +135.898948 ASYNC-IN-DONE ep=0x81 len=0 status=2 actual=0
[3793] +135.898987 ASYNC-IN-SUBMIT ep=0x81 len=0 type=BULK (in, awaiting data)
[3794] +136.011149 ASYNC-IN-DONE ep=0x81 len=0 status=2 actual=0
[3795] +136.011198 ASYNC-IN-SUBMIT ep=0x81 len=0 type=BULK (in, awaiting data)
[3796] +136.081383 ASYNC-IN-DONE ep=0x81 len=16 status=0 actual=16
	0000  08 00 00 18 ef 03 01 10  00 9b 00 10 65 02 00 00 |............e...|
[3797] +136.081430 ASYNC-IN-SUBMIT ep=0x81 len=0 type=BULK (in, awaiting data)
[3798] +136.194250 ASYNC-IN-DONE ep=0x81 len=0 status=2 actual=0
[3799] +136.194359 ASYNC-IN-SUBMIT ep=0x81 len=0 type=BULK (in, awaiting data)
[3800] +136.259736 ASYNC-OUT ep=0x01 len=16 type=BULK 
	0000  08 00 00 18 01 10 ef 03  00 95 00 10 93 1e 00 00 |................|
[3801] +136.260073 ASYNC-OUT-DONE ep=0x01 len=0 status=0 actual=16
[3802] +136.307162 ASYNC-IN-DONE ep=0x81 len=0 status=2 actual=0
[3803] +136.307271 ASYNC-IN-SUBMIT ep=0x81 len=0 type=BULK (in, awaiting data)
[3804] +136.415424 ASYNC-OUT ep=0x01 len=16 type=BULK 
	0000  08 00 00 18 80 10 ed 03  00 99 00 10 41 1b 00 00 |............A...|
[3805] +136.415634 ASYNC-OUT ep=0x01 len=16 type=BULK 
	0000  08 00 00 18 02 10 f0 03  00 82 00 10 6d 10 00 00 |............m...|
[3806] +136.415760 ASYNC-OUT-DONE ep=0x01 len=0 status=0 actual=16
[3807] +136.415800 ASYNC-OUT-DONE ep=0x01 len=0 status=0 actual=16
[3808] +136.417201 ASYNC-IN-DONE ep=0x81 len=0 status=2 actual=0
[3809] +136.417231 ASYNC-IN-SUBMIT ep=0x81 len=0 type=BULK (in, awaiting data)
[3810] +136.482337 ASYNC-IN-DONE ep=0x81 len=16 status=0 actual=16
	0000  08 00 00 18 f0 03 02 10  00 87 00 10 09 02 00 00 |................|
[3811] +136.482453 ASYNC-IN-SUBMIT ep=0x81 len=0 type=BULK (in, awaiting data)
[3812] +136.589783 ASYNC-IN-DONE ep=0x81 len=0 status=2 actual=0
[3813] +136.589863 ASYNC-IN-SUBMIT ep=0x81 len=0 type=BULK (in, awaiting data)
[3814] +136.683255 ASYNC-IN-DONE ep=0x81 len=16 status=0 actual=16
	0000  08 00 00 18 ed 03 80 10  00 9f 00 10 02 03 00 00 |................|
[3815] +136.683398 ASYNC-IN-SUBMIT ep=0x81 len=0 type=BULK (in, awaiting data)
[3816] +136.791391 ASYNC-IN-DONE ep=0x81 len=0 status=2 actual=0
[3817] +136.791505 ASYNC-IN-SUBMIT ep=0x81 len=0 type=BULK (in, awaiting data)
[3818] +136.899984 ASYNC-IN-DONE ep=0x81 len=0 status=2 actual=0
[3819] +136.900074 ASYNC-IN-SUBMIT ep=0x81 len=0 type=BULK (in, awaiting data)
[3820] +137.009477 ASYNC-IN-DONE ep=0x81 len=0 status=2 actual=0
[3821] +137.009575 ASYNC-IN-SUBMIT ep=0x81 len=0 type=BULK (in, awaiting data)
[3822] +137.084778 ASYNC-IN-DONE ep=0x81 len=16 status=0 actual=16
	0000  08 00 00 18 ef 03 01 10  00 9c 00 10 65 02 00 00 |............e...|
[3823] +137.084930 ASYNC-IN-SUBMIT ep=0x81 len=0 type=BULK (in, awaiting data)
[3824] +137.190399 ASYNC-IN-DONE ep=0x81 len=0 status=2 actual=0
[3825] +137.190494 ASYNC-IN-SUBMIT ep=0x81 len=0 type=BULK (in, awaiting data)
[3826] +137.299100 ASYNC-OUT ep=0x01 len=16 type=BULK 
	0000  08 00 00 18 01 10 ef 03  00 96 00 10 93 1e 00 00 |................|
[3827] +137.299358 ASYNC-OUT-DONE ep=0x01 len=0 status=0 actual=16
[3828] +137.301492 ASYNC-IN-DONE ep=0x81 len=0 status=2 actual=0
[3829] +137.301539 ASYNC-IN-SUBMIT ep=0x81 len=0 type=BULK (in, awaiting data)
[3830] +137.408765 ASYNC-IN-DONE ep=0x81 len=0 status=2 actual=0
[3831] +137.408830 ASYNC-IN-SUBMIT ep=0x81 len=0 type=BULK (in, awaiting data)
[3832] +137.455238 ASYNC-OUT ep=0x01 len=16 type=BULK 
	0000  08 00 00 18 80 10 ed 03  00 9a 00 10 41 1b 00 00 |............A...|
[3833] +137.455414 ASYNC-OUT ep=0x01 len=16 type=BULK 
	0000  08 00 00 18 02 10 f0 03  00 83 00 10 6d 10 00 00 |............m...|
[3834] +137.455490 ASYNC-OUT-DONE ep=0x01 len=0 status=0 actual=16
[3835] +137.455578 ASYNC-OUT-DONE ep=0x01 len=0 status=0 actual=16
[3836] +137.486592 ASYNC-IN-DONE ep=0x81 len=16 status=0 actual=16
	0000  08 00 00 18 f0 03 02 10  00 88 00 10 09 02 00 00 |................|
[3837] +137.486636 ASYNC-IN-SUBMIT ep=0x81 len=0 type=BULK (in, awaiting data)
[3838] +137.591825 ASYNC-IN-DONE ep=0x81 len=0 status=2 actual=0
[3839] +137.591856 ASYNC-IN-SUBMIT ep=0x81 len=0 type=BULK (in, awaiting data)
[3840] +137.686878 ASYNC-IN-DONE ep=0x81 len=16 status=0 actual=16
	0000  08 00 00 18 ed 03 80 10  00 a0 00 10 02 03 00 00 |................|
[3841] +137.686918 ASYNC-IN-SUBMIT ep=0x81 len=0 type=BULK (in, awaiting data)
### MARK CAT-Cab
[3842] +137.796596 ASYNC-IN-DONE ep=0x81 len=0 status=2 actual=0
[3843] +137.796615 ASYNC-IN-SUBMIT ep=0x81 len=0 type=BULK (in, awaiting data)
[3844] +137.900603 ASYNC-IN-DONE ep=0x81 len=0 status=2 actual=0
[3845] +137.900629 ASYNC-IN-SUBMIT ep=0x81 len=0 type=BULK (in, awaiting data)
[3846] +138.013373 ASYNC-IN-DONE ep=0x81 len=0 status=2 actual=0
[3847] +138.013401 ASYNC-IN-SUBMIT ep=0x81 len=0 type=BULK (in, awaiting data)
[3848] +138.087860 ASYNC-IN-DONE ep=0x81 len=16 status=0 actual=16
	0000  08 00 00 18 ef 03 01 10  00 9d 00 10 65 02 00 00 |............e...|
[3849] +138.087912 ASYNC-IN-SUBMIT ep=0x81 len=0 type=BULK (in, awaiting data)
[3850] +138.200638 ASYNC-IN-DONE ep=0x81 len=0 status=2 actual=0
[3851] +138.200673 ASYNC-IN-SUBMIT ep=0x81 len=0 type=BULK (in, awaiting data)
[3852] +138.309536 ASYNC-IN-DONE ep=0x81 len=0 status=2 actual=0
[3853] +138.309650 ASYNC-IN-SUBMIT ep=0x81 len=0 type=BULK (in, awaiting data)
[3854] +138.338358 ASYNC-OUT ep=0x01 len=16 type=BULK 
	0000  08 00 00 18 01 10 ef 03  00 97 00 10 93 1e 00 00 |................|
[3855] +138.338676 ASYNC-OUT-DONE ep=0x01 len=0 status=0 actual=16
[3856] +138.412851 ASYNC-IN-DONE ep=0x81 len=0 status=2 actual=0
[3857] +138.412927 ASYNC-IN-SUBMIT ep=0x81 len=0 type=BULK (in, awaiting data)
[3858] +138.488970 ASYNC-IN-DONE ep=0x81 len=16 status=0 actual=16
	0000  08 00 00 18 f0 03 02 10  00 89 00 10 09 02 00 00 |................|
[3859] +138.489098 ASYNC-IN-SUBMIT ep=0x81 len=0 type=BULK (in, awaiting data)
[3860] +138.494497 ASYNC-OUT ep=0x01 len=16 type=BULK 
	0000  08 00 00 18 80 10 ed 03  00 9b 00 10 41 1b 00 00 |............A...|
[3861] +138.494650 ASYNC-OUT ep=0x01 len=16 type=BULK 
	0000  08 00 00 18 02 10 f0 03  00 84 00 10 6d 10 00 00 |............m...|
[3862] +138.494770 ASYNC-OUT-DONE ep=0x01 len=0 status=0 actual=16
[3863] +138.494823 ASYNC-OUT-DONE ep=0x01 len=0 status=0 actual=16
[3864] +138.598760 ASYNC-IN-DONE ep=0x81 len=0 status=2 actual=0
[3865] +138.598844 ASYNC-IN-SUBMIT ep=0x81 len=0 type=BULK (in, awaiting data)
[3866] +138.689805 ASYNC-IN-DONE ep=0x81 len=16 status=0 actual=16
	0000  08 00 00 18 ed 03 80 10  00 a1 00 10 02 03 00 00 |................|
[3867] +138.689957 ASYNC-IN-SUBMIT ep=0x81 len=0 type=BULK (in, awaiting data)
[3868] +138.798860 ASYNC-IN-DONE ep=0x81 len=0 status=2 actual=0
[3869] +138.798960 ASYNC-IN-SUBMIT ep=0x81 len=0 type=BULK (in, awaiting data)
[3870] +138.901957 ASYNC-IN-DONE ep=0x81 len=0 status=2 actual=0
[3871] +138.901993 ASYNC-IN-SUBMIT ep=0x81 len=0 type=BULK (in, awaiting data)
[3872] +139.014794 ASYNC-IN-DONE ep=0x81 len=0 status=2 actual=0
[3873] +139.014885 ASYNC-IN-SUBMIT ep=0x81 len=0 type=BULK (in, awaiting data)
[3874] +139.091283 ASYNC-IN-DONE ep=0x81 len=16 status=0 actual=16
	0000  08 00 00 18 ef 03 01 10  00 9e 00 10 65 02 00 00 |............e...|
[3875] +139.091395 ASYNC-IN-SUBMIT ep=0x81 len=0 type=BULK (in, awaiting data)
[3876] +139.200611 ASYNC-IN-DONE ep=0x81 len=0 status=2 actual=0
[3877] +139.200701 ASYNC-IN-SUBMIT ep=0x81 len=0 type=BULK (in, awaiting data)
[3878] +139.305679 ASYNC-IN-DONE ep=0x81 len=0 status=2 actual=0
[3879] +139.305753 ASYNC-IN-SUBMIT ep=0x81 len=0 type=BULK (in, awaiting data)
[3880] +139.374984 ASYNC-OUT ep=0x01 len=16 type=BULK 
	0000  08 00 00 18 01 10 ef 03  00 98 00 10 93 1e 00 00 |................|
[3881] +139.375222 ASYNC-OUT-DONE ep=0x01 len=0 status=0 actual=16
[3882] +139.418472 ASYNC-IN-DONE ep=0x81 len=0 status=2 actual=0
[3883] +139.418503 ASYNC-IN-SUBMIT ep=0x81 len=0 type=BULK (in, awaiting data)
[3884] +139.492184 ASYNC-IN-DONE ep=0x81 len=16 status=0 actual=16
	0000  08 00 00 18 f0 03 02 10  00 8a 00 10 09 02 00 00 |................|
[3885] +139.492224 ASYNC-IN-SUBMIT ep=0x81 len=0 type=BULK (in, awaiting data)
[3886] +139.531121 ASYNC-OUT ep=0x01 len=16 type=BULK 
	0000  08 00 00 18 80 10 ed 03  00 9c 00 10 41 1b 00 00 |............A...|
[3887] +139.531268 ASYNC-OUT ep=0x01 len=16 type=BULK 
	0000  08 00 00 18 02 10 f0 03  00 85 00 10 6d 10 00 00 |............m...|
[3888] +139.531344 ASYNC-OUT-DONE ep=0x01 len=0 status=0 actual=16
[3889] +139.531399 ASYNC-OUT-DONE ep=0x01 len=0 status=0 actual=16
[3890] +139.604513 ASYNC-IN-DONE ep=0x81 len=0 status=2 actual=0
[3891] +139.604551 ASYNC-IN-SUBMIT ep=0x81 len=0 type=BULK (in, awaiting data)
[3892] +139.693310 ASYNC-IN-DONE ep=0x81 len=16 status=0 actual=16
	0000  08 00 00 18 ed 03 80 10  00 a2 00 10 02 03 00 00 |................|
[3893] +139.693353 ASYNC-IN-SUBMIT ep=0x81 len=0 type=BULK (in, awaiting data)
### MARK CAT-IR
[3894] +139.804894 ASYNC-IN-DONE ep=0x81 len=0 status=2 actual=0
[3895] +139.804912 ASYNC-IN-SUBMIT ep=0x81 len=0 type=BULK (in, awaiting data)
[3896] +139.917685 ASYNC-IN-DONE ep=0x81 len=0 status=2 actual=0
[3897] +139.917741 ASYNC-IN-SUBMIT ep=0x81 len=0 type=BULK (in, awaiting data)
[3898] +140.019319 ASYNC-IN-DONE ep=0x81 len=0 status=2 actual=0
[3899] +140.019356 ASYNC-IN-SUBMIT ep=0x81 len=0 type=BULK (in, awaiting data)
[3900] +140.094194 ASYNC-IN-DONE ep=0x81 len=16 status=0 actual=16
	0000  08 00 00 18 ef 03 01 10  00 9f 00 10 65 02 00 00 |............e...|
[3901] +140.094318 ASYNC-IN-SUBMIT ep=0x81 len=0 type=BULK (in, awaiting data)
[3902] +140.207138 ASYNC-IN-DONE ep=0x81 len=0 status=2 actual=0
[3903] +140.207252 ASYNC-IN-SUBMIT ep=0x81 len=0 type=BULK (in, awaiting data)
[3904] +140.317021 ASYNC-IN-DONE ep=0x81 len=0 status=2 actual=0
[3905] +140.317138 ASYNC-IN-SUBMIT ep=0x81 len=0 type=BULK (in, awaiting data)
[3906] +140.414946 ASYNC-OUT ep=0x01 len=16 type=BULK 
	0000  08 00 00 18 01 10 ef 03  00 99 00 10 93 1e 00 00 |................|
[3907] +140.415270 ASYNC-OUT-DONE ep=0x01 len=0 status=0 actual=16
[3908] +140.429791 ASYNC-IN-DONE ep=0x81 len=0 status=2 actual=0
[3909] +140.429986 ASYNC-IN-SUBMIT ep=0x81 len=0 type=BULK (in, awaiting data)
[3910] +140.496239 ASYNC-IN-DONE ep=0x81 len=16 status=0 actual=16
	0000  08 00 00 18 f0 03 02 10  00 8b 00 10 09 02 00 00 |................|
[3911] +140.496356 ASYNC-IN-SUBMIT ep=0x81 len=0 type=BULK (in, awaiting data)
[3912] +140.570057 ASYNC-OUT ep=0x01 len=16 type=BULK 
	0000  08 00 00 18 80 10 ed 03  00 9d 00 10 41 1b 00 00 |............A...|
[3913] +140.570245 ASYNC-OUT ep=0x01 len=16 type=BULK 
	0000  08 00 00 18 02 10 f0 03  00 86 00 10 6d 10 00 00 |............m...|
[3914] +140.570372 ASYNC-OUT-DONE ep=0x01 len=0 status=0 actual=16
[3915] +140.570425 ASYNC-OUT-DONE ep=0x01 len=0 status=0 actual=16
[3916] +140.607838 ASYNC-IN-DONE ep=0x81 len=0 status=2 actual=0
[3917] +140.608005 ASYNC-IN-SUBMIT ep=0x81 len=0 type=BULK (in, awaiting data)
[3918] +140.696609 ASYNC-IN-DONE ep=0x81 len=16 status=0 actual=16
	0000  08 00 00 18 ed 03 80 10  00 a3 00 10 02 03 00 00 |................|
[3919] +140.696731 ASYNC-IN-SUBMIT ep=0x81 len=0 type=BULK (in, awaiting data)
[3920] +140.798606 ASYNC-IN-DONE ep=0x81 len=0 status=2 actual=0
[3921] +140.798694 ASYNC-IN-SUBMIT ep=0x81 len=0 type=BULK (in, awaiting data)
[3922] +140.904450 ASYNC-IN-DONE ep=0x81 len=0 status=2 actual=0
[3923] +140.904513 ASYNC-IN-SUBMIT ep=0x81 len=0 type=BULK (in, awaiting data)
[3924] +141.016848 ASYNC-IN-DONE ep=0x81 len=0 status=2 actual=0
[3925] +141.016942 ASYNC-IN-SUBMIT ep=0x81 len=0 type=BULK (in, awaiting data)
[3926] +141.097844 ASYNC-IN-DONE ep=0x81 len=16 status=0 actual=16
	0000  08 00 00 18 ef 03 01 10  00 a0 00 10 65 02 00 00 |............e...|
[3927] +141.097960 ASYNC-IN-SUBMIT ep=0x81 len=0 type=BULK (in, awaiting data)
[3928] +141.205151 ASYNC-IN-DONE ep=0x81 len=0 status=2 actual=0
[3929] +141.205264 ASYNC-IN-SUBMIT ep=0x81 len=0 type=BULK (in, awaiting data)
[3930] +141.305657 ASYNC-IN-DONE ep=0x81 len=0 status=2 actual=0
[3931] +141.305720 ASYNC-IN-SUBMIT ep=0x81 len=0 type=BULK (in, awaiting data)
[3932] +141.418424 ASYNC-IN-DONE ep=0x81 len=0 status=2 actual=0
[3933] +141.418452 ASYNC-IN-SUBMIT ep=0x81 len=0 type=BULK (in, awaiting data)
[3934] +141.452654 ASYNC-OUT ep=0x01 len=16 type=BULK 
	0000  08 00 00 18 01 10 ef 03  00 9a 00 10 93 1e 00 00 |................|
[3935] +141.452988 ASYNC-OUT-DONE ep=0x01 len=0 status=0 actual=16
[3936] +141.499003 ASYNC-IN-DONE ep=0x81 len=16 status=0 actual=16
	0000  08 00 00 18 f0 03 02 10  00 8c 00 10 09 02 00 00 |................|
[3937] +141.499044 ASYNC-IN-SUBMIT ep=0x81 len=0 type=BULK (in, awaiting data)
[3938] +141.608080 ASYNC-IN-DONE ep=0x81 len=0 status=2 actual=0
[3939] +141.608115 ASYNC-IN-SUBMIT ep=0x81 len=0 type=BULK (in, awaiting data)
[3940] +141.608742 ASYNC-OUT ep=0x01 len=16 type=BULK 
	0000  08 00 00 18 80 10 ed 03  00 9e 00 10 41 1b 00 00 |............A...|
[3941] +141.608885 ASYNC-OUT ep=0x01 len=16 type=BULK 
	0000  08 00 00 18 02 10 f0 03  00 87 00 10 6d 10 00 00 |............m...|
[3942] +141.608953 ASYNC-OUT-DONE ep=0x01 len=0 status=0 actual=16
[3943] +141.609024 ASYNC-OUT-DONE ep=0x01 len=0 status=0 actual=16
### MARK CAT-VolumePan
[3944] +141.700395 ASYNC-IN-DONE ep=0x81 len=16 status=0 actual=16
	0000  08 00 00 18 ed 03 80 10  00 a4 00 10 02 03 00 00 |................|
[3945] +141.700427 ASYNC-IN-SUBMIT ep=0x81 len=0 type=BULK (in, awaiting data)
[3946] +141.813109 ASYNC-IN-DONE ep=0x81 len=0 status=2 actual=0
[3947] +141.813149 ASYNC-IN-SUBMIT ep=0x81 len=0 type=BULK (in, awaiting data)
[3948] +141.925572 ASYNC-IN-DONE ep=0x81 len=0 status=2 actual=0
[3949] +141.925610 ASYNC-IN-SUBMIT ep=0x81 len=0 type=BULK (in, awaiting data)
[3950] +142.033406 ASYNC-IN-DONE ep=0x81 len=0 status=2 actual=0
[3951] +142.033481 ASYNC-IN-SUBMIT ep=0x81 len=0 type=BULK (in, awaiting data)
[3952] +142.101054 ASYNC-IN-DONE ep=0x81 len=16 status=0 actual=16
	0000  08 00 00 18 ef 03 01 10  00 a1 00 10 65 02 00 00 |............e...|
[3953] +142.101174 ASYNC-IN-SUBMIT ep=0x81 len=0 type=BULK (in, awaiting data)
[3954] +142.207495 ASYNC-IN-DONE ep=0x81 len=0 status=2 actual=0
[3955] +142.207608 ASYNC-IN-SUBMIT ep=0x81 len=0 type=BULK (in, awaiting data)
[3956] +142.317318 ASYNC-IN-DONE ep=0x81 len=0 status=2 actual=0
[3957] +142.317398 ASYNC-IN-SUBMIT ep=0x81 len=0 type=BULK (in, awaiting data)
[3958] +142.429565 ASYNC-IN-DONE ep=0x81 len=0 status=2 actual=0
[3959] +142.429647 ASYNC-IN-SUBMIT ep=0x81 len=0 type=BULK (in, awaiting data)
[3960] +142.491123 ASYNC-OUT ep=0x01 len=16 type=BULK 
	0000  08 00 00 18 01 10 ef 03  00 9b 00 10 93 1e 00 00 |................|
[3961] +142.491444 ASYNC-OUT-DONE ep=0x01 len=0 status=0 actual=16
[3962] +142.502358 ASYNC-IN-DONE ep=0x81 len=16 status=0 actual=16
	0000  08 00 00 18 f0 03 02 10  00 8d 00 10 09 02 00 00 |................|
[3963] +142.502451 ASYNC-IN-SUBMIT ep=0x81 len=0 type=BULK (in, awaiting data)
[3964] +142.613652 ASYNC-IN-DONE ep=0x81 len=0 status=2 actual=0
[3965] +142.613744 ASYNC-IN-SUBMIT ep=0x81 len=0 type=BULK (in, awaiting data)
[3966] +142.647049 ASYNC-OUT ep=0x01 len=16 type=BULK 
	0000  08 00 00 18 80 10 ed 03  00 9f 00 10 41 1b 00 00 |............A...|
[3967] +142.647238 ASYNC-OUT ep=0x01 len=16 type=BULK 
	0000  08 00 00 18 02 10 f0 03  00 88 00 10 6d 10 00 00 |............m...|
[3968] +142.647359 ASYNC-OUT-DONE ep=0x01 len=0 status=0 actual=16
[3969] +142.647413 ASYNC-OUT-DONE ep=0x01 len=0 status=0 actual=16
[3970] +142.703052 ASYNC-IN-DONE ep=0x81 len=16 status=0 actual=16
	0000  08 00 00 18 ed 03 80 10  00 a5 00 10 02 03 00 00 |................|
[3971] +142.703201 ASYNC-IN-SUBMIT ep=0x81 len=0 type=BULK (in, awaiting data)
[3972] +142.815949 ASYNC-IN-DONE ep=0x81 len=0 status=2 actual=0
[3973] +142.816039 ASYNC-IN-SUBMIT ep=0x81 len=0 type=BULK (in, awaiting data)
[3974] +142.921932 ASYNC-IN-DONE ep=0x81 len=0 status=2 actual=0
[3975] +142.921985 ASYNC-IN-SUBMIT ep=0x81 len=0 type=BULK (in, awaiting data)
[3976] +143.024558 ASYNC-IN-DONE ep=0x81 len=0 status=2 actual=0
[3977] +143.024675 ASYNC-IN-SUBMIT ep=0x81 len=0 type=BULK (in, awaiting data)
[3978] +143.104219 ASYNC-IN-DONE ep=0x81 len=16 status=0 actual=16
	0000  08 00 00 18 ef 03 01 10  00 a2 00 10 65 02 00 00 |............e...|
[3979] +143.104371 ASYNC-IN-SUBMIT ep=0x81 len=0 type=BULK (in, awaiting data)
[3980] +143.209988 ASYNC-IN-DONE ep=0x81 len=0 status=2 actual=0
[3981] +143.210053 ASYNC-IN-SUBMIT ep=0x81 len=0 type=BULK (in, awaiting data)
[3982] +143.322781 ASYNC-IN-DONE ep=0x81 len=0 status=2 actual=0
[3983] +143.322809 ASYNC-IN-SUBMIT ep=0x81 len=0 type=BULK (in, awaiting data)
[3984] +143.435174 ASYNC-IN-DONE ep=0x81 len=0 status=2 actual=0
[3985] +143.435204 ASYNC-IN-SUBMIT ep=0x81 len=0 type=BULK (in, awaiting data)
[3986] +143.506108 ASYNC-IN-DONE ep=0x81 len=16 status=0 actual=16
	0000  08 00 00 18 f0 03 02 10  00 8e 00 10 09 02 00 00 |................|
[3987] +143.506157 ASYNC-IN-SUBMIT ep=0x81 len=0 type=BULK (in, awaiting data)
[3988] +143.526963 ASYNC-OUT ep=0x01 len=16 type=BULK 
	0000  08 00 00 18 01 10 ef 03  00 9c 00 10 93 1e 00 00 |................|
[3989] +143.527215 ASYNC-OUT-DONE ep=0x01 len=0 status=0 actual=16
### MARK CAT-SendReturn
[3990] +143.610303 ASYNC-IN-DONE ep=0x81 len=0 status=2 actual=0
[3991] +143.610316 ASYNC-IN-SUBMIT ep=0x81 len=0 type=BULK (in, awaiting data)
[3992] +143.683176 ASYNC-OUT ep=0x01 len=16 type=BULK 
	0000  08 00 00 18 80 10 ed 03  00 a0 00 10 41 1b 00 00 |............A...|
[3993] +143.683398 ASYNC-OUT ep=0x01 len=16 type=BULK 
	0000  08 00 00 18 02 10 f0 03  00 89 00 10 6d 10 00 00 |............m...|
[3994] +143.683524 ASYNC-OUT-DONE ep=0x01 len=0 status=0 actual=16
[3995] +143.683565 ASYNC-OUT-DONE ep=0x01 len=0 status=0 actual=16
[3996] +143.706484 ASYNC-IN-DONE ep=0x81 len=16 status=0 actual=16
	0000  08 00 00 18 ed 03 80 10  00 a6 00 10 02 03 00 00 |................|
[3997] +143.706531 ASYNC-IN-SUBMIT ep=0x81 len=0 type=BULK (in, awaiting data)
[3998] +143.817226 ASYNC-IN-DONE ep=0x81 len=0 status=2 actual=0
[3999] +143.817279 ASYNC-IN-SUBMIT ep=0x81 len=0 type=BULK (in, awaiting data)
[4000] +143.929817 ASYNC-IN-DONE ep=0x81 len=0 status=2 actual=0
[4001] +143.929880 ASYNC-IN-SUBMIT ep=0x81 len=0 type=BULK (in, awaiting data)
[4002] +144.042703 ASYNC-IN-DONE ep=0x81 len=0 status=2 actual=0
[4003] +144.042789 ASYNC-IN-SUBMIT ep=0x81 len=0 type=BULK (in, awaiting data)
[4004] +144.107759 ASYNC-IN-DONE ep=0x81 len=16 status=0 actual=16
	0000  08 00 00 18 ef 03 01 10  00 a3 00 10 65 02 00 00 |............e...|
[4005] +144.107865 ASYNC-IN-SUBMIT ep=0x81 len=0 type=BULK (in, awaiting data)
[4006] +144.211159 ASYNC-IN-DONE ep=0x81 len=0 status=2 actual=0
[4007] +144.211271 ASYNC-IN-SUBMIT ep=0x81 len=0 type=BULK (in, awaiting data)
[4008] +144.324136 ASYNC-IN-DONE ep=0x81 len=0 status=2 actual=0
[4009] +144.324236 ASYNC-IN-SUBMIT ep=0x81 len=0 type=BULK (in, awaiting data)
[4010] +144.425757 ASYNC-IN-DONE ep=0x81 len=0 status=2 actual=0
[4011] +144.425860 ASYNC-IN-SUBMIT ep=0x81 len=0 type=BULK (in, awaiting data)
[4012] +144.509329 ASYNC-IN-DONE ep=0x81 len=16 status=0 actual=16
	0000  08 00 00 18 f0 03 02 10  00 8f 00 10 09 02 00 00 |................|
[4013] +144.509482 ASYNC-IN-SUBMIT ep=0x81 len=0 type=BULK (in, awaiting data)
[4014] +144.563923 ASYNC-OUT ep=0x01 len=16 type=BULK 
	0000  08 00 00 18 01 10 ef 03  00 9d 00 10 93 1e 00 00 |................|
[4015] +144.564302 ASYNC-OUT-DONE ep=0x01 len=0 status=0 actual=16
[4016] +144.616129 ASYNC-IN-DONE ep=0x81 len=0 status=2 actual=0
[4017] +144.616232 ASYNC-IN-SUBMIT ep=0x81 len=0 type=BULK (in, awaiting data)
[4018] +144.710302 ASYNC-IN-DONE ep=0x81 len=16 status=0 actual=16
	0000  08 00 00 18 ed 03 80 10  00 a7 00 10 02 03 00 00 |................|
[4019] +144.710402 ASYNC-IN-SUBMIT ep=0x81 len=0 type=BULK (in, awaiting data)
[4020] +144.720037 ASYNC-OUT ep=0x01 len=16 type=BULK 
	0000  08 00 00 18 80 10 ed 03  00 a1 00 10 41 1b 00 00 |............A...|
[4021] +144.720142 ASYNC-OUT ep=0x01 len=16 type=BULK 
	0000  08 00 00 18 02 10 f0 03  00 8a 00 10 6d 10 00 00 |............m...|
[4022] +144.720259 ASYNC-OUT-DONE ep=0x01 len=0 status=0 actual=16
[4023] +144.720312 ASYNC-OUT-DONE ep=0x01 len=0 status=0 actual=16
[4024] +144.816627 ASYNC-IN-DONE ep=0x81 len=0 status=2 actual=0
[4025] +144.816726 ASYNC-IN-SUBMIT ep=0x81 len=0 type=BULK (in, awaiting data)
[4026] +144.925740 ASYNC-IN-DONE ep=0x81 len=0 status=2 actual=0
[4027] +144.925799 ASYNC-IN-SUBMIT ep=0x81 len=0 type=BULK (in, awaiting data)
[4028] +145.028607 ASYNC-IN-DONE ep=0x81 len=0 status=2 actual=0
[4029] +145.028697 ASYNC-IN-SUBMIT ep=0x81 len=0 type=BULK (in, awaiting data)
[4030] +145.111146 ASYNC-IN-DONE ep=0x81 len=16 status=0 actual=16
	0000  08 00 00 18 ef 03 01 10  00 a4 00 10 65 02 00 00 |............e...|
[4031] +145.111311 ASYNC-IN-SUBMIT ep=0x81 len=0 type=BULK (in, awaiting data)
[4032] +145.223376 ASYNC-IN-DONE ep=0x81 len=0 status=2 actual=0
[4033] +145.223424 ASYNC-IN-SUBMIT ep=0x81 len=0 type=BULK (in, awaiting data)
[4034] +145.333071 ASYNC-IN-DONE ep=0x81 len=0 status=2 actual=0
[4035] +145.333098 ASYNC-IN-SUBMIT ep=0x81 len=0 type=BULK (in, awaiting data)
[4036] +145.440234 ASYNC-IN-DONE ep=0x81 len=0 status=2 actual=0
[4037] +145.440268 ASYNC-IN-SUBMIT ep=0x81 len=0 type=BULK (in, awaiting data)
[4038] +145.512729 ASYNC-IN-DONE ep=0x81 len=16 status=0 actual=16
	0000  08 00 00 18 f0 03 02 10  00 90 00 10 09 02 00 00 |................|
[4039] +145.512775 ASYNC-IN-SUBMIT ep=0x81 len=0 type=BULK (in, awaiting data)
### MARK CAT-Looper
[4040] +145.600626 ASYNC-OUT ep=0x01 len=16 type=BULK 
	0000  08 00 00 18 01 10 ef 03  00 9e 00 10 93 1e 00 00 |................|
[4041] +145.600892 ASYNC-OUT-DONE ep=0x01 len=0 status=0 actual=16
[4042] +145.625511 ASYNC-IN-DONE ep=0x81 len=0 status=2 actual=0
[4043] +145.625524 ASYNC-IN-SUBMIT ep=0x81 len=0 type=BULK (in, awaiting data)
[4044] +145.713119 ASYNC-IN-DONE ep=0x81 len=16 status=0 actual=16
	0000  08 00 00 18 ed 03 80 10  00 a8 00 10 02 03 00 00 |................|
[4045] +145.713189 ASYNC-IN-SUBMIT ep=0x81 len=0 type=BULK (in, awaiting data)
[4046] +145.756325 ASYNC-OUT ep=0x01 len=16 type=BULK 
	0000  08 00 00 18 80 10 ed 03  00 a2 00 10 41 1b 00 00 |............A...|
[4047] +145.756561 ASYNC-OUT ep=0x01 len=16 type=BULK 
	0000  08 00 00 18 02 10 f0 03  00 8b 00 10 6d 10 00 00 |............m...|
[4048] +145.756679 ASYNC-OUT-DONE ep=0x01 len=0 status=0 actual=16
[4049] +145.756742 ASYNC-OUT-DONE ep=0x01 len=0 status=0 actual=16
[4050] +145.825908 ASYNC-IN-DONE ep=0x81 len=0 status=2 actual=0
[4051] +145.826004 ASYNC-IN-SUBMIT ep=0x81 len=0 type=BULK (in, awaiting data)
[4052] +145.938302 ASYNC-IN-DONE ep=0x81 len=0 status=2 actual=0
[4053] +145.938384 ASYNC-IN-SUBMIT ep=0x81 len=0 type=BULK (in, awaiting data)
[4054] +146.051194 ASYNC-IN-DONE ep=0x81 len=0 status=2 actual=0
[4055] +146.051245 ASYNC-IN-SUBMIT ep=0x81 len=0 type=BULK (in, awaiting data)
[4056] +146.114402 ASYNC-IN-DONE ep=0x81 len=16 status=0 actual=16
	0000  08 00 00 18 ef 03 01 10  00 a5 00 10 65 02 00 00 |............e...|
[4057] +146.114505 ASYNC-IN-SUBMIT ep=0x81 len=0 type=BULK (in, awaiting data)
[4058] +146.226409 ASYNC-IN-DONE ep=0x81 len=0 status=2 actual=0
[4059] +146.226490 ASYNC-IN-SUBMIT ep=0x81 len=0 type=BULK (in, awaiting data)
[4060] +146.337983 ASYNC-IN-DONE ep=0x81 len=0 status=2 actual=0
[4061] +146.338068 ASYNC-IN-SUBMIT ep=0x81 len=0 type=BULK (in, awaiting data)
[4062] +146.450577 ASYNC-IN-DONE ep=0x81 len=0 status=2 actual=0
[4063] +146.450673 ASYNC-IN-SUBMIT ep=0x81 len=0 type=BULK (in, awaiting data)
[4064] +146.515958 ASYNC-IN-DONE ep=0x81 len=16 status=0 actual=16
	0000  08 00 00 18 f0 03 02 10  00 91 00 10 09 02 00 00 |................|
[4065] +146.516062 ASYNC-IN-SUBMIT ep=0x81 len=0 type=BULK (in, awaiting data)
[4066] +146.628893 ASYNC-IN-DONE ep=0x81 len=0 status=2 actual=0
[4067] +146.628994 ASYNC-IN-SUBMIT ep=0x81 len=0 type=BULK (in, awaiting data)
[4068] +146.638995 ASYNC-OUT ep=0x01 len=16 type=BULK 
	0000  08 00 00 18 01 10 ef 03  00 9f 00 10 93 1e 00 00 |................|
[4069] +146.639286 ASYNC-OUT-DONE ep=0x01 len=0 status=0 actual=16
[4070] +146.716426 ASYNC-IN-DONE ep=0x81 len=16 status=0 actual=16
	0000  08 00 00 18 ed 03 80 10  00 a9 00 10 02 03 00 00 |................|
[4071] +146.716551 ASYNC-IN-SUBMIT ep=0x81 len=0 type=BULK (in, awaiting data)
[4072] +146.795232 ASYNC-OUT ep=0x01 len=16 type=BULK 
	0000  08 00 00 18 80 10 ed 03  00 a3 00 10 41 1b 00 00 |............A...|
[4073] +146.795419 ASYNC-OUT ep=0x01 len=16 type=BULK 
	0000  08 00 00 18 02 10 f0 03  00 8c 00 10 6d 10 00 00 |............m...|
[4074] +146.795540 ASYNC-OUT-DONE ep=0x01 len=0 status=0 actual=16
[4075] +146.795591 ASYNC-OUT-DONE ep=0x01 len=0 status=0 actual=16
[4076] +146.820073 ASYNC-IN-DONE ep=0x81 len=0 status=2 actual=0
[4077] +146.820182 ASYNC-IN-SUBMIT ep=0x81 len=0 type=BULK (in, awaiting data)
[4078] +146.930292 ASYNC-IN-DONE ep=0x81 len=0 status=2 actual=0
[4079] +146.930349 ASYNC-IN-SUBMIT ep=0x81 len=0 type=BULK (in, awaiting data)
[4080] +147.032608 ASYNC-IN-DONE ep=0x81 len=0 status=2 actual=0
[4081] +147.032690 ASYNC-IN-SUBMIT ep=0x81 len=0 type=BULK (in, awaiting data)
[4082] +147.117890 ASYNC-IN-DONE ep=0x81 len=16 status=0 actual=16
	0000  08 00 00 18 ef 03 01 10  00 a6 00 10 65 02 00 00 |............e...|
[4083] +147.117926 ASYNC-IN-SUBMIT ep=0x81 len=0 type=BULK (in, awaiting data)
[4084] +147.225562 ASYNC-IN-DONE ep=0x81 len=0 status=2 actual=0
[4085] +147.225597 ASYNC-IN-SUBMIT ep=0x81 len=0 type=BULK (in, awaiting data)
[4086] +147.337923 ASYNC-IN-DONE ep=0x81 len=0 status=2 actual=0
[4087] +147.337946 ASYNC-IN-SUBMIT ep=0x81 len=0 type=BULK (in, awaiting data)
[4088] +147.439154 ASYNC-IN-DONE ep=0x81 len=0 status=2 actual=0
[4089] +147.439250 ASYNC-IN-SUBMIT ep=0x81 len=0 type=BULK (in, awaiting data)
[4090] +147.519133 ASYNC-IN-DONE ep=0x81 len=16 status=0 actual=16
	0000  08 00 00 18 f0 03 02 10  00 92 00 10 09 02 00 00 |................|
[4091] +147.519245 ASYNC-IN-SUBMIT ep=0x81 len=0 type=BULK (in, awaiting data)
[4092] +147.620664 ASYNC-IN-DONE ep=0x81 len=0 status=2 actual=0
[4093] +147.620757 ASYNC-IN-SUBMIT ep=0x81 len=0 type=BULK (in, awaiting data)
[4094] +147.676168 ASYNC-OUT ep=0x01 len=16 type=BULK 
	0000  08 00 00 18 01 10 ef 03  00 a0 00 10 93 1e 00 00 |................|
[4095] +147.676450 ASYNC-OUT-DONE ep=0x01 len=0 status=0 actual=16
[4096] +147.719660 ASYNC-IN-DONE ep=0x81 len=16 status=0 actual=16
	0000  08 00 00 18 ed 03 80 10  00 aa 00 10 02 03 00 00 |................|
[4097] +147.719777 ASYNC-IN-SUBMIT ep=0x81 len=0 type=BULK (in, awaiting data)
[4098] +147.823836 ASYNC-IN-DONE ep=0x81 len=0 status=2 actual=0
[4099] +147.823897 ASYNC-IN-SUBMIT ep=0x81 len=0 type=BULK (in, awaiting data)
[4100] +147.832197 ASYNC-OUT ep=0x01 len=16 type=BULK 
	0000  08 00 00 18 80 10 ed 03  00 a4 00 10 41 1b 00 00 |............A...|
[4101] +147.832356 ASYNC-OUT ep=0x01 len=16 type=BULK 
	0000  08 00 00 18 02 10 f0 03  00 8d 00 10 6d 10 00 00 |............m...|
[4102] +147.832456 ASYNC-OUT-DONE ep=0x01 len=0 status=0 actual=16
[4103] +147.832507 ASYNC-OUT-DONE ep=0x01 len=0 status=0 actual=16
[4104] +147.936475 ASYNC-IN-DONE ep=0x81 len=0 status=2 actual=0
[4105] +147.936570 ASYNC-IN-SUBMIT ep=0x81 len=0 type=BULK (in, awaiting data)
[4106] +148.049401 ASYNC-IN-DONE ep=0x81 len=0 status=2 actual=0
[4107] +148.049570 ASYNC-IN-SUBMIT ep=0x81 len=0 type=BULK (in, awaiting data)
[4108] +148.121111 ASYNC-IN-DONE ep=0x81 len=16 status=0 actual=16
	0000  08 00 00 18 ef 03 01 10  00 a7 00 10 65 02 00 00 |............e...|
[4109] +148.121256 ASYNC-IN-SUBMIT ep=0x81 len=0 type=BULK (in, awaiting data)
[4110] +148.224918 ASYNC-IN-DONE ep=0x81 len=0 status=2 actual=0
[4111] +148.224967 ASYNC-IN-SUBMIT ep=0x81 len=0 type=BULK (in, awaiting data)
[4112] +148.333962 ASYNC-IN-DONE ep=0x81 len=0 status=2 actual=0
[4113] +148.334081 ASYNC-IN-SUBMIT ep=0x81 len=0 type=BULK (in, awaiting data)
[4114] +148.446915 ASYNC-IN-DONE ep=0x81 len=0 status=2 actual=0
[4115] +148.446985 ASYNC-IN-SUBMIT ep=0x81 len=0 type=BULK (in, awaiting data)
[4116] +148.522768 ASYNC-IN-DONE ep=0x81 len=16 status=0 actual=16
	0000  08 00 00 18 f0 03 02 10  00 93 00 10 09 02 00 00 |................|
[4117] +148.522929 ASYNC-IN-SUBMIT ep=0x81 len=0 type=BULK (in, awaiting data)
[4118] +148.634210 ASYNC-IN-DONE ep=0x81 len=0 status=2 actual=0
[4119] +148.634316 ASYNC-IN-SUBMIT ep=0x81 len=0 type=BULK (in, awaiting data)
[4120] +148.715013 ASYNC-OUT ep=0x01 len=16 type=BULK 
	0000  08 00 00 18 01 10 ef 03  00 a1 00 10 93 1e 00 00 |................|
[4121] +148.715325 ASYNC-OUT-DONE ep=0x01 len=0 status=0 actual=16
[4122] +148.723080 ASYNC-IN-DONE ep=0x81 len=16 status=0 actual=16
	0000  08 00 00 18 ed 03 80 10  00 ab 00 10 02 03 00 00 |................|
[4123] +148.723183 ASYNC-IN-SUBMIT ep=0x81 len=0 type=BULK (in, awaiting data)
[4124] +148.830554 ASYNC-IN-DONE ep=0x81 len=0 status=2 actual=0
[4125] +148.830639 ASYNC-IN-SUBMIT ep=0x81 len=0 type=BULK (in, awaiting data)
[4126] +148.871102 ASYNC-OUT ep=0x01 len=16 type=BULK 
	0000  08 00 00 18 80 10 ed 03  00 a5 00 10 41 1b 00 00 |............A...|
[4127] +148.871293 ASYNC-OUT ep=0x01 len=16 type=BULK 
	0000  08 00 00 18 02 10 f0 03  00 8e 00 10 6d 10 00 00 |............m...|
[4128] +148.871415 ASYNC-OUT-DONE ep=0x01 len=0 status=0 actual=16
[4129] +148.871473 ASYNC-OUT-DONE ep=0x01 len=0 status=0 actual=16
[4130] +148.942238 ASYNC-IN-DONE ep=0x81 len=0 status=2 actual=0
[4131] +148.942329 ASYNC-IN-SUBMIT ep=0x81 len=0 type=BULK (in, awaiting data)
[4132] +149.050549 ASYNC-IN-DONE ep=0x81 len=0 status=2 actual=0
[4133] +149.050643 ASYNC-IN-SUBMIT ep=0x81 len=0 type=BULK (in, awaiting data)
[4134] +149.124583 ASYNC-IN-DONE ep=0x81 len=16 status=0 actual=16
	0000  08 00 00 18 ef 03 01 10  00 a8 00 10 65 02 00 00 |............e...|
[4135] +149.124725 ASYNC-IN-SUBMIT ep=0x81 len=0 type=BULK (in, awaiting data)
[4136] +149.232769 ASYNC-IN-DONE ep=0x81 len=0 status=2 actual=0
[4137] +149.232883 ASYNC-IN-SUBMIT ep=0x81 len=0 type=BULK (in, awaiting data)
[4138] +149.339646 ASYNC-IN-DONE ep=0x81 len=0 status=2 actual=0
[4139] +149.339744 ASYNC-IN-SUBMIT ep=0x81 len=0 type=BULK (in, awaiting data)
[4140] +149.448037 ASYNC-IN-DONE ep=0x81 len=0 status=2 actual=0
[4141] +149.448140 ASYNC-IN-SUBMIT ep=0x81 len=0 type=BULK (in, awaiting data)
[4142] +149.525899 ASYNC-IN-DONE ep=0x81 len=16 status=0 actual=16
	0000  08 00 00 18 f0 03 02 10  00 94 00 10 09 02 00 00 |................|
[4143] +149.526040 ASYNC-IN-SUBMIT ep=0x81 len=0 type=BULK (in, awaiting data)
[4144] +149.638127 ASYNC-IN-DONE ep=0x81 len=0 status=2 actual=0
[4145] +149.638236 ASYNC-IN-SUBMIT ep=0x81 len=0 type=BULK (in, awaiting data)
[4146] +149.726623 ASYNC-IN-DONE ep=0x81 len=16 status=0 actual=16
	0000  08 00 00 18 ed 03 80 10  00 ac 00 10 02 03 00 00 |................|
[4147] +149.726720 ASYNC-IN-SUBMIT ep=0x81 len=0 type=BULK (in, awaiting data)
[4148] +149.752879 ASYNC-OUT ep=0x01 len=16 type=BULK 
	0000  08 00 00 18 01 10 ef 03  00 a2 00 10 93 1e 00 00 |................|
[4149] +149.753188 ASYNC-OUT-DONE ep=0x01 len=0 status=0 actual=16
[4150] +149.838147 ASYNC-IN-DONE ep=0x81 len=0 status=2 actual=0
[4151] +149.838228 ASYNC-IN-SUBMIT ep=0x81 len=0 type=BULK (in, awaiting data)
[4152] +149.908205 ASYNC-OUT ep=0x01 len=16 type=BULK 
	0000  08 00 00 18 80 10 ed 03  00 a6 00 10 41 1b 00 00 |............A...|
[4153] +149.908391 ASYNC-OUT ep=0x01 len=16 type=BULK 
	0000  08 00 00 18 02 10 f0 03  00 8f 00 10 6d 10 00 00 |............m...|
[4154] +149.908515 ASYNC-OUT-DONE ep=0x01 len=0 status=0 actual=16
[4155] +149.908565 ASYNC-OUT-DONE ep=0x01 len=0 status=0 actual=16
[4156] +149.946315 ASYNC-IN-DONE ep=0x81 len=0 status=2 actual=0
[4157] +149.946411 ASYNC-IN-SUBMIT ep=0x81 len=0 type=BULK (in, awaiting data)
[4158] +150.058909 ASYNC-IN-DONE ep=0x81 len=0 status=2 actual=0
[4159] +150.058998 ASYNC-IN-SUBMIT ep=0x81 len=0 type=BULK (in, awaiting data)
[4160] +150.127839 ASYNC-IN-DONE ep=0x81 len=16 status=0 actual=16
	0000  08 00 00 18 ef 03 01 10  00 a9 00 10 65 02 00 00 |............e...|
[4161] +150.127983 ASYNC-IN-SUBMIT ep=0x81 len=0 type=BULK (in, awaiting data)
[4162] +150.233000 ASYNC-IN-DONE ep=0x81 len=0 status=2 actual=0
[4163] +150.233120 ASYNC-IN-SUBMIT ep=0x81 len=0 type=BULK (in, awaiting data)
[4164] +150.341821 ASYNC-IN-DONE ep=0x81 len=0 status=2 actual=0
[4165] +150.341927 ASYNC-IN-SUBMIT ep=0x81 len=0 type=BULK (in, awaiting data)
[4166] +150.450638 ASYNC-IN-DONE ep=0x81 len=0 status=2 actual=0
[4167] +150.450727 ASYNC-IN-SUBMIT ep=0x81 len=0 type=BULK (in, awaiting data)
[4168] +150.529045 ASYNC-IN-DONE ep=0x81 len=16 status=0 actual=16
	0000  08 00 00 18 f0 03 02 10  00 95 00 10 09 02 00 00 |................|
[4169] +150.529191 ASYNC-IN-SUBMIT ep=0x81 len=0 type=BULK (in, awaiting data)
[4170] +150.638143 ASYNC-IN-DONE ep=0x81 len=0 status=2 actual=0
[4171] +150.638259 ASYNC-IN-SUBMIT ep=0x81 len=0 type=BULK (in, awaiting data)
[4172] +150.729936 ASYNC-IN-DONE ep=0x81 len=16 status=0 actual=16
	0000  08 00 00 18 ed 03 80 10  00 ad 00 10 02 03 00 00 |................|
[4173] +150.730072 ASYNC-IN-SUBMIT ep=0x81 len=0 type=BULK (in, awaiting data)
[4174] +150.790307 ASYNC-OUT ep=0x01 len=16 type=BULK 
	0000  08 00 00 18 01 10 ef 03  00 a3 00 10 93 1e 00 00 |................|
[4175] +150.790576 ASYNC-OUT-DONE ep=0x01 len=0 status=0 actual=16
[4176] +150.841507 ASYNC-IN-DONE ep=0x81 len=0 status=2 actual=0
[4177] +150.841617 ASYNC-IN-SUBMIT ep=0x81 len=0 type=BULK (in, awaiting data)
[4178] +150.945489 ASYNC-OUT ep=0x01 len=16 type=BULK 
	0000  08 00 00 18 80 10 ed 03  00 a7 00 10 41 1b 00 00 |............A...|
[4179] +150.945685 ASYNC-OUT ep=0x01 len=16 type=BULK 
	0000  08 00 00 18 02 10 f0 03  00 90 00 10 6d 10 00 00 |............m...|
[4180] +150.945808 ASYNC-OUT-DONE ep=0x01 len=0 status=0 actual=16
[4181] +150.945869 ASYNC-OUT-DONE ep=0x01 len=0 status=0 actual=16
[4182] +150.948446 ASYNC-IN-DONE ep=0x81 len=0 status=2 actual=0
[4183] +150.948503 ASYNC-IN-SUBMIT ep=0x81 len=0 type=BULK (in, awaiting data)
[4184] +151.061314 ASYNC-IN-DONE ep=0x81 len=0 status=2 actual=0
[4185] +151.061419 ASYNC-IN-SUBMIT ep=0x81 len=0 type=BULK (in, awaiting data)
[4186] +151.131005 ASYNC-IN-DONE ep=0x81 len=16 status=0 actual=16
	0000  08 00 00 18 ef 03 01 10  00 aa 00 10 65 02 00 00 |............e...|
[4187] +151.131140 ASYNC-IN-SUBMIT ep=0x81 len=0 type=BULK (in, awaiting data)
[4188] +151.244000 ASYNC-IN-DONE ep=0x81 len=0 status=2 actual=0
[4189] +151.244099 ASYNC-IN-SUBMIT ep=0x81 len=0 type=BULK (in, awaiting data)
[4190] +151.356902 ASYNC-IN-DONE ep=0x81 len=0 status=2 actual=0
[4191] +151.356999 ASYNC-IN-SUBMIT ep=0x81 len=0 type=BULK (in, awaiting data)
[4192] +151.465661 ASYNC-IN-DONE ep=0x81 len=0 status=2 actual=0
[4193] +151.465740 ASYNC-IN-SUBMIT ep=0x81 len=0 type=BULK (in, awaiting data)
[4194] +151.532559 ASYNC-IN-DONE ep=0x81 len=16 status=0 actual=16
	0000  08 00 00 18 f0 03 02 10  00 96 00 10 09 02 00 00 |................|
[4195] +151.532687 ASYNC-IN-SUBMIT ep=0x81 len=0 type=BULK (in, awaiting data)
[4196] +151.642260 ASYNC-IN-DONE ep=0x81 len=0 status=2 actual=0
[4197] +151.642342 ASYNC-IN-SUBMIT ep=0x81 len=0 type=BULK (in, awaiting data)
[4198] +151.733989 ASYNC-IN-DONE ep=0x81 len=16 status=0 actual=16
	0000  08 00 00 18 ed 03 80 10  00 ae 00 10 02 03 00 00 |................|
[4199] +151.734089 ASYNC-IN-SUBMIT ep=0x81 len=0 type=BULK (in, awaiting data)
[4200] +151.827529 ASYNC-OUT ep=0x01 len=16 type=BULK 
	0000  08 00 00 18 01 10 ef 03  00 a4 00 10 93 1e 00 00 |................|
[4201] +151.827820 ASYNC-OUT-DONE ep=0x01 len=0 status=0 actual=16
[4202] +151.835580 ASYNC-IN-DONE ep=0x81 len=0 status=2 actual=0
[4203] +151.835643 ASYNC-IN-SUBMIT ep=0x81 len=0 type=BULK (in, awaiting data)
[4204] +151.940924 ASYNC-IN-DONE ep=0x81 len=0 status=2 actual=0
[4205] +151.941061 ASYNC-IN-SUBMIT ep=0x81 len=0 type=BULK (in, awaiting data)
[4206] +151.983741 ASYNC-OUT ep=0x01 len=16 type=BULK 
	0000  08 00 00 18 80 10 ed 03  00 a8 00 10 41 1b 00 00 |............A...|
[4207] +151.983984 ASYNC-OUT ep=0x01 len=16 type=BULK 
	0000  08 00 00 18 02 10 f0 03  00 91 00 10 6d 10 00 00 |............m...|
[4208] +151.984127 ASYNC-OUT-DONE ep=0x01 len=0 status=0 actual=16
[4209] +151.984173 ASYNC-OUT-DONE ep=0x01 len=0 status=0 actual=16
[4210] +152.048230 ASYNC-IN-DONE ep=0x81 len=0 status=2 actual=0
[4211] +152.048303 ASYNC-IN-SUBMIT ep=0x81 len=0 type=BULK (in, awaiting data)
[4212] +152.134626 ASYNC-IN-DONE ep=0x81 len=16 status=0 actual=16
	0000  08 00 00 18 ef 03 01 10  00 ab 00 10 65 02 00 00 |............e...|
[4213] +152.134748 ASYNC-IN-SUBMIT ep=0x81 len=0 type=BULK (in, awaiting data)
[4214] +152.243761 ASYNC-IN-DONE ep=0x81 len=0 status=2 actual=0
[4215] +152.243860 ASYNC-IN-SUBMIT ep=0x81 len=0 type=BULK (in, awaiting data)
[4216] +152.349343 ASYNC-IN-DONE ep=0x81 len=0 status=2 actual=0
[4217] +152.349442 ASYNC-IN-SUBMIT ep=0x81 len=0 type=BULK (in, awaiting data)
[4218] +152.460937 ASYNC-IN-DONE ep=0x81 len=0 status=2 actual=0
[4219] +152.461116 ASYNC-IN-SUBMIT ep=0x81 len=0 type=BULK (in, awaiting data)
[4220] +152.535938 ASYNC-IN-DONE ep=0x81 len=16 status=0 actual=16
	0000  08 00 00 18 f0 03 02 10  00 97 00 10 09 02 00 00 |................|
[4221] +152.536033 ASYNC-IN-SUBMIT ep=0x81 len=0 type=BULK (in, awaiting data)
[4222] +152.648131 ASYNC-IN-DONE ep=0x81 len=0 status=2 actual=0
[4223] +152.648211 ASYNC-IN-SUBMIT ep=0x81 len=0 type=BULK (in, awaiting data)
[4224] +152.736562 ASYNC-IN-DONE ep=0x81 len=16 status=0 actual=16
	0000  08 00 00 18 ed 03 80 10  00 af 00 10 02 03 00 00 |................|
[4225] +152.736684 ASYNC-IN-SUBMIT ep=0x81 len=0 type=BULK (in, awaiting data)
[4226] +152.849497 ASYNC-IN-DONE ep=0x81 len=0 status=2 actual=0
[4227] +152.849574 ASYNC-IN-SUBMIT ep=0x81 len=0 type=BULK (in, awaiting data)
[4228] +152.865907 ASYNC-OUT ep=0x01 len=16 type=BULK 
	0000  08 00 00 18 01 10 ef 03  00 a5 00 10 93 1e 00 00 |................|
[4229] +152.866162 ASYNC-OUT-DONE ep=0x01 len=0 status=0 actual=16
[4230] +152.952837 ASYNC-IN-DONE ep=0x81 len=0 status=2 actual=0
[4231] +152.952936 ASYNC-IN-SUBMIT ep=0x81 len=0 type=BULK (in, awaiting data)
[4232] +153.022073 ASYNC-OUT ep=0x01 len=16 type=BULK 
	0000  08 00 00 18 80 10 ed 03  00 a9 00 10 41 1b 00 00 |............A...|
[4233] +153.022232 ASYNC-OUT ep=0x01 len=16 type=BULK 
	0000  08 00 00 18 02 10 f0 03  00 92 00 10 6d 10 00 00 |............m...|
[4234] +153.022334 ASYNC-OUT-DONE ep=0x01 len=0 status=0 actual=16
[4235] +153.022378 ASYNC-OUT-DONE ep=0x01 len=0 status=0 actual=16
[4236] +153.065668 ASYNC-IN-DONE ep=0x81 len=0 status=2 actual=0
[4237] +153.065815 ASYNC-IN-SUBMIT ep=0x81 len=0 type=BULK (in, awaiting data)
[4238] +153.137825 ASYNC-IN-DONE ep=0x81 len=16 status=0 actual=16
	0000  08 00 00 18 ef 03 01 10  00 ac 00 10 65 02 00 00 |............e...|
[4239] +153.137961 ASYNC-IN-SUBMIT ep=0x81 len=0 type=BULK (in, awaiting data)
[4240] +153.241665 ASYNC-IN-DONE ep=0x81 len=0 status=2 actual=0
[4241] +153.241750 ASYNC-IN-SUBMIT ep=0x81 len=0 type=BULK (in, awaiting data)
[4242] +153.352953 ASYNC-IN-DONE ep=0x81 len=0 status=2 actual=0
[4243] +153.353061 ASYNC-IN-SUBMIT ep=0x81 len=0 type=BULK (in, awaiting data)
[4244] +153.465623 ASYNC-IN-DONE ep=0x81 len=0 status=2 actual=0
[4245] +153.465655 ASYNC-IN-SUBMIT ep=0x81 len=0 type=BULK (in, awaiting data)
[4246] +153.538920 ASYNC-IN-DONE ep=0x81 len=16 status=0 actual=16
	0000  08 00 00 18 f0 03 02 10  00 98 00 10 09 02 00 00 |................|
[4247] +153.538965 ASYNC-IN-SUBMIT ep=0x81 len=0 type=BULK (in, awaiting data)
[4248] +153.644195 ASYNC-IN-DONE ep=0x81 len=0 status=2 actual=0
[4249] +153.644215 ASYNC-IN-SUBMIT ep=0x81 len=0 type=BULK (in, awaiting data)
[4250] +153.739671 ASYNC-IN-DONE ep=0x81 len=16 status=0 actual=16
	0000  08 00 00 18 ed 03 80 10  00 b0 00 10 02 03 00 00 |................|
[4251] +153.739706 ASYNC-IN-SUBMIT ep=0x81 len=0 type=BULK (in, awaiting data)
[4252] +153.850585 ASYNC-IN-DONE ep=0x81 len=0 status=2 actual=0
[4253] +153.850613 ASYNC-IN-SUBMIT ep=0x81 len=0 type=BULK (in, awaiting data)
[4254] +153.903742 ASYNC-OUT ep=0x01 len=16 type=BULK 
	0000  08 00 00 18 01 10 ef 03  00 a6 00 10 93 1e 00 00 |................|
[4255] +153.903987 ASYNC-OUT-DONE ep=0x01 len=0 status=0 actual=16
[4256] +153.954934 ASYNC-IN-DONE ep=0x81 len=0 status=2 actual=0
[4257] +153.954952 ASYNC-IN-SUBMIT ep=0x81 len=0 type=BULK (in, awaiting data)
[4258] +154.058548 ASYNC-OUT ep=0x01 len=16 type=BULK 
	0000  08 00 00 18 80 10 ed 03  00 aa 00 10 41 1b 00 00 |............A...|
[4259] +154.058725 ASYNC-OUT ep=0x01 len=16 type=BULK 
	0000  08 00 00 18 02 10 f0 03  00 93 00 10 6d 10 00 00 |............m...|
[4260] +154.058805 ASYNC-OUT-DONE ep=0x01 len=0 status=0 actual=16
[4261] +154.058893 ASYNC-OUT-DONE ep=0x01 len=0 status=0 actual=16
[4262] +154.058968 ASYNC-IN-DONE ep=0x81 len=0 status=2 actual=0
[4263] +154.058976 ASYNC-IN-SUBMIT ep=0x81 len=0 type=BULK (in, awaiting data)
[4264] +154.140949 ASYNC-IN-DONE ep=0x81 len=16 status=0 actual=16
	0000  08 00 00 18 ef 03 01 10  00 ad 00 10 65 02 00 00 |............e...|
[4265] +154.140978 ASYNC-IN-SUBMIT ep=0x81 len=0 type=BULK (in, awaiting data)
[4266] +154.253689 ASYNC-IN-DONE ep=0x81 len=0 status=2 actual=0
[4267] +154.253712 ASYNC-IN-SUBMIT ep=0x81 len=0 type=BULK (in, awaiting data)
[4268] +154.366430 ASYNC-IN-DONE ep=0x81 len=0 status=2 actual=0
[4269] +154.366469 ASYNC-IN-SUBMIT ep=0x81 len=0 type=BULK (in, awaiting data)
[4270] +154.472972 ASYNC-IN-DONE ep=0x81 len=0 status=2 actual=0
[4271] +154.473075 ASYNC-IN-SUBMIT ep=0x81 len=0 type=BULK (in, awaiting data)
[4272] +154.542487 ASYNC-IN-DONE ep=0x81 len=16 status=0 actual=16
	0000  08 00 00 18 f0 03 02 10  00 99 00 10 09 02 00 00 |................|
[4273] +154.542612 ASYNC-IN-SUBMIT ep=0x81 len=0 type=BULK (in, awaiting data)
[4274] +154.645611 ASYNC-IN-DONE ep=0x81 len=0 status=2 actual=0
[4275] +154.645677 ASYNC-IN-SUBMIT ep=0x81 len=0 type=BULK (in, awaiting data)
[4276] +154.743248 ASYNC-IN-DONE ep=0x81 len=16 status=0 actual=16
	0000  08 00 00 18 ed 03 80 10  00 b1 00 10 02 03 00 00 |................|
[4277] +154.743366 ASYNC-IN-SUBMIT ep=0x81 len=0 type=BULK (in, awaiting data)
[4278] +154.856176 ASYNC-IN-DONE ep=0x81 len=0 status=2 actual=0
[4279] +154.856280 ASYNC-IN-SUBMIT ep=0x81 len=0 type=BULK (in, awaiting data)
[4280] +154.938008 ASYNC-OUT ep=0x01 len=16 type=BULK 
	0000  08 00 00 18 01 10 ef 03  00 a7 00 10 93 1e 00 00 |................|
[4281] +154.938330 ASYNC-OUT-DONE ep=0x01 len=0 status=0 actual=16
[4282] +154.957134 ASYNC-IN-DONE ep=0x81 len=0 status=2 actual=0
[4283] +154.957221 ASYNC-IN-SUBMIT ep=0x81 len=0 type=BULK (in, awaiting data)
[4284] +155.065731 ASYNC-IN-DONE ep=0x81 len=0 status=2 actual=0
[4285] +155.065798 ASYNC-IN-SUBMIT ep=0x81 len=0 type=BULK (in, awaiting data)
[4286] +155.093655 ASYNC-OUT ep=0x01 len=16 type=BULK 
	0000  08 00 00 18 80 10 ed 03  00 ab 00 10 41 1b 00 00 |............A...|
[4287] +155.093787 ASYNC-OUT ep=0x01 len=16 type=BULK 
	0000  08 00 00 18 02 10 f0 03  00 94 00 10 6d 10 00 00 |............m...|
[4288] +155.093902 ASYNC-OUT-DONE ep=0x01 len=0 status=0 actual=16
[4289] +155.093970 ASYNC-OUT-DONE ep=0x01 len=0 status=0 actual=16
[4290] +155.144534 ASYNC-IN-DONE ep=0x81 len=16 status=0 actual=16
	0000  08 00 00 18 ef 03 01 10  00 ae 00 10 65 02 00 00 |............e...|
[4291] +155.144662 ASYNC-IN-SUBMIT ep=0x81 len=0 type=BULK (in, awaiting data)
[4292] +155.254778 ASYNC-IN-DONE ep=0x81 len=0 status=2 actual=0
[4293] +155.254867 ASYNC-IN-SUBMIT ep=0x81 len=0 type=BULK (in, awaiting data)
[4294] +155.367714 ASYNC-IN-DONE ep=0x81 len=0 status=2 actual=0
[4295] +155.367814 ASYNC-IN-SUBMIT ep=0x81 len=0 type=BULK (in, awaiting data)
[4296] +155.479783 ASYNC-IN-DONE ep=0x81 len=0 status=2 actual=0
[4297] +155.479887 ASYNC-IN-SUBMIT ep=0x81 len=0 type=BULK (in, awaiting data)
[4298] +155.545650 ASYNC-IN-DONE ep=0x81 len=16 status=0 actual=16
	0000  08 00 00 18 f0 03 02 10  00 9a 00 10 09 02 00 00 |................|
[4299] +155.545782 ASYNC-IN-SUBMIT ep=0x81 len=0 type=BULK (in, awaiting data)
[4300] +155.651334 ASYNC-IN-DONE ep=0x81 len=0 status=2 actual=0
[4301] +155.651436 ASYNC-IN-SUBMIT ep=0x81 len=0 type=BULK (in, awaiting data)
[4302] +155.746579 ASYNC-IN-DONE ep=0x81 len=16 status=0 actual=16
	0000  08 00 00 18 ed 03 80 10  00 b2 00 10 02 03 00 00 |................|
[4303] +155.746705 ASYNC-IN-SUBMIT ep=0x81 len=0 type=BULK (in, awaiting data)
[4304] +155.859513 ASYNC-IN-DONE ep=0x81 len=0 status=2 actual=0
[4305] +155.859605 ASYNC-IN-SUBMIT ep=0x81 len=0 type=BULK (in, awaiting data)
[4306] +155.972418 ASYNC-IN-DONE ep=0x81 len=0 status=2 actual=0
[4307] +155.972488 ASYNC-IN-SUBMIT ep=0x81 len=0 type=BULK (in, awaiting data)
[4308] +155.973786 ASYNC-OUT ep=0x01 len=16 type=BULK 
	0000  08 00 00 18 01 10 ef 03  00 a8 00 10 93 1e 00 00 |................|
[4309] +155.974001 ASYNC-OUT-DONE ep=0x01 len=0 status=0 actual=16
[4310] +156.085293 ASYNC-IN-DONE ep=0x81 len=0 status=2 actual=0
[4311] +156.085386 ASYNC-IN-SUBMIT ep=0x81 len=0 type=BULK (in, awaiting data)
[4312] +156.129654 ASYNC-OUT ep=0x01 len=16 type=BULK 
	0000  08 00 00 18 80 10 ed 03  00 ac 00 10 41 1b 00 00 |............A...|
[4313] +156.129863 ASYNC-OUT ep=0x01 len=16 type=BULK 
	0000  08 00 00 18 02 10 f0 03  00 95 00 10 6d 10 00 00 |............m...|
[4314] +156.129993 ASYNC-OUT-DONE ep=0x01 len=0 status=0 actual=16
[4315] +156.130041 ASYNC-OUT-DONE ep=0x01 len=0 status=0 actual=16
[4316] +156.147530 ASYNC-IN-DONE ep=0x81 len=16 status=0 actual=16
	0000  08 00 00 18 ef 03 01 10  00 af 00 10 65 02 00 00 |............e...|
[4317] +156.147616 ASYNC-IN-SUBMIT ep=0x81 len=0 type=BULK (in, awaiting data)
[4318] +156.257091 ASYNC-IN-DONE ep=0x81 len=0 status=2 actual=0
[4319] +156.257184 ASYNC-IN-SUBMIT ep=0x81 len=0 type=BULK (in, awaiting data)
[4320] +156.360668 ASYNC-IN-DONE ep=0x81 len=0 status=2 actual=0
[4321] +156.360766 ASYNC-IN-SUBMIT ep=0x81 len=0 type=BULK (in, awaiting data)
[4322] +156.471519 ASYNC-IN-DONE ep=0x81 len=0 status=2 actual=0
[4323] +156.471619 ASYNC-IN-SUBMIT ep=0x81 len=0 type=BULK (in, awaiting data)
[4324] +156.549123 ASYNC-IN-DONE ep=0x81 len=16 status=0 actual=16
	0000  08 00 00 18 f0 03 02 10  00 9b 00 10 09 02 00 00 |................|
[4325] +156.549270 ASYNC-IN-SUBMIT ep=0x81 len=0 type=BULK (in, awaiting data)
[4326] +156.659019 ASYNC-IN-DONE ep=0x81 len=0 status=2 actual=0
[4327] +156.659104 ASYNC-IN-SUBMIT ep=0x81 len=0 type=BULK (in, awaiting data)
[4328] +156.749600 ASYNC-IN-DONE ep=0x81 len=16 status=0 actual=16
	0000  08 00 00 18 ed 03 80 10  00 b3 00 10 02 03 00 00 |................|
[4329] +156.749690 ASYNC-IN-SUBMIT ep=0x81 len=0 type=BULK (in, awaiting data)
[4330] +156.856765 ASYNC-IN-DONE ep=0x81 len=0 status=2 actual=0
[4331] +156.856889 ASYNC-IN-SUBMIT ep=0x81 len=0 type=BULK (in, awaiting data)
[4332] +156.960676 ASYNC-IN-DONE ep=0x81 len=0 status=2 actual=0
[4333] +156.960761 ASYNC-IN-SUBMIT ep=0x81 len=0 type=BULK (in, awaiting data)
[4334] +157.012591 ASYNC-OUT ep=0x01 len=16 type=BULK 
	0000  08 00 00 18 01 10 ef 03  00 a9 00 10 93 1e 00 00 |................|
[4335] +157.012956 ASYNC-OUT-DONE ep=0x01 len=0 status=0 actual=16
[4336] +157.072028 ASYNC-IN-DONE ep=0x81 len=0 status=2 actual=0
[4337] +157.072137 ASYNC-IN-SUBMIT ep=0x81 len=0 type=BULK (in, awaiting data)
[4338] +157.150894 ASYNC-IN-DONE ep=0x81 len=16 status=0 actual=16
	0000  08 00 00 18 ef 03 01 10  00 b0 00 10 65 02 00 00 |............e...|
[4339] +157.151048 ASYNC-IN-SUBMIT ep=0x81 len=0 type=BULK (in, awaiting data)
[4340] +157.168761 ASYNC-OUT ep=0x01 len=16 type=BULK 
	0000  08 00 00 18 80 10 ed 03  00 ad 00 10 41 1b 00 00 |............A...|
[4341] +157.168975 ASYNC-OUT ep=0x01 len=16 type=BULK 
	0000  08 00 00 18 02 10 f0 03  00 96 00 10 6d 10 00 00 |............m...|
[4342] +157.169096 ASYNC-OUT-DONE ep=0x01 len=0 status=0 actual=16
[4343] +157.169142 ASYNC-OUT-DONE ep=0x01 len=0 status=0 actual=16
[4344] +157.263866 ASYNC-IN-DONE ep=0x81 len=0 status=2 actual=0
[4345] +157.263917 ASYNC-IN-SUBMIT ep=0x81 len=0 type=BULK (in, awaiting data)
[4346] +157.376727 ASYNC-IN-DONE ep=0x81 len=0 status=2 actual=0
[4347] +157.376764 ASYNC-IN-SUBMIT ep=0x81 len=0 type=BULK (in, awaiting data)
[4348] +157.488629 ASYNC-IN-DONE ep=0x81 len=0 status=2 actual=0
[4349] +157.488663 ASYNC-IN-SUBMIT ep=0x81 len=0 type=BULK (in, awaiting data)
[4350] +157.552387 ASYNC-IN-DONE ep=0x81 len=16 status=0 actual=16
	0000  08 00 00 18 f0 03 02 10  00 9c 00 10 09 02 00 00 |................|
[4351] +157.552469 ASYNC-IN-SUBMIT ep=0x81 len=0 type=BULK (in, awaiting data)
[4352] +157.657862 ASYNC-IN-DONE ep=0x81 len=0 status=2 actual=0
[4353] +157.657933 ASYNC-IN-SUBMIT ep=0x81 len=0 type=BULK (in, awaiting data)
[4354] +157.752868 ASYNC-IN-DONE ep=0x81 len=16 status=0 actual=16
	0000  08 00 00 18 ed 03 80 10  00 b4 00 10 02 03 00 00 |................|
[4355] +157.753014 ASYNC-IN-SUBMIT ep=0x81 len=0 type=BULK (in, awaiting data)
[4356] +157.865727 ASYNC-IN-DONE ep=0x81 len=0 status=2 actual=0
[4357] +157.865830 ASYNC-IN-SUBMIT ep=0x81 len=0 type=BULK (in, awaiting data)
[4358] +157.978684 ASYNC-IN-DONE ep=0x81 len=0 status=2 actual=0
[4359] +157.978760 ASYNC-IN-SUBMIT ep=0x81 len=0 type=BULK (in, awaiting data)
[4360] +158.050818 ASYNC-OUT ep=0x01 len=16 type=BULK 
	0000  08 00 00 18 01 10 ef 03  00 aa 00 10 93 1e 00 00 |................|
[4361] +158.051122 ASYNC-OUT-DONE ep=0x01 len=0 status=0 actual=16
[4362] +158.082987 ASYNC-IN-DONE ep=0x81 len=0 status=2 actual=0
[4363] +158.083101 ASYNC-IN-SUBMIT ep=0x81 len=0 type=BULK (in, awaiting data)
[4364] +158.154427 ASYNC-IN-DONE ep=0x81 len=16 status=0 actual=16
	0000  08 00 00 18 ef 03 01 10  00 b1 00 10 65 02 00 00 |............e...|
[4365] +158.154568 ASYNC-IN-SUBMIT ep=0x81 len=0 type=BULK (in, awaiting data)
[4366] +158.206444 ASYNC-OUT ep=0x01 len=16 type=BULK 
	0000  08 00 00 18 80 10 ed 03  00 ae 00 10 41 1b 00 00 |............A...|
[4367] +158.206616 ASYNC-OUT ep=0x01 len=16 type=BULK 
	0000  08 00 00 18 02 10 f0 03  00 97 00 10 6d 10 00 00 |............m...|
[4368] +158.206739 ASYNC-OUT-DONE ep=0x01 len=0 status=0 actual=16
[4369] +158.206784 ASYNC-OUT-DONE ep=0x01 len=0 status=0 actual=16
[4370] +158.267381 ASYNC-IN-DONE ep=0x81 len=0 status=2 actual=0
[4371] +158.267470 ASYNC-IN-SUBMIT ep=0x81 len=0 type=BULK (in, awaiting data)
[4372] +158.370214 ASYNC-IN-DONE ep=0x81 len=0 status=2 actual=0
[4373] +158.370313 ASYNC-IN-SUBMIT ep=0x81 len=0 type=BULK (in, awaiting data)
[4374] +158.472722 ASYNC-IN-DONE ep=0x81 len=0 status=2 actual=0
[4375] +158.472797 ASYNC-IN-SUBMIT ep=0x81 len=0 type=BULK (in, awaiting data)
[4376] +158.555611 ASYNC-IN-DONE ep=0x81 len=16 status=0 actual=16
	0000  08 00 00 18 f0 03 02 10  00 9d 00 10 09 02 00 00 |................|
[4377] +158.555745 ASYNC-IN-SUBMIT ep=0x81 len=0 type=BULK (in, awaiting data)
[4378] +158.665686 ASYNC-IN-DONE ep=0x81 len=0 status=2 actual=0
[4379] +158.665768 ASYNC-IN-SUBMIT ep=0x81 len=0 type=BULK (in, awaiting data)
[4380] +158.756375 ASYNC-IN-DONE ep=0x81 len=16 status=0 actual=16
	0000  08 00 00 18 ed 03 80 10  00 b5 00 10 02 03 00 00 |................|
[4381] +158.756507 ASYNC-IN-SUBMIT ep=0x81 len=0 type=BULK (in, awaiting data)
[4382] +158.865692 ASYNC-IN-DONE ep=0x81 len=0 status=2 actual=0
[4383] +158.865761 ASYNC-IN-SUBMIT ep=0x81 len=0 type=BULK (in, awaiting data)
[4384] +158.976171 ASYNC-IN-DONE ep=0x81 len=0 status=2 actual=0
[4385] +158.976263 ASYNC-IN-SUBMIT ep=0x81 len=0 type=BULK (in, awaiting data)
[4386] +159.085677 ASYNC-IN-DONE ep=0x81 len=0 status=2 actual=0
[4387] +159.085767 ASYNC-IN-SUBMIT ep=0x81 len=0 type=BULK (in, awaiting data)
[4388] +159.088895 ASYNC-OUT ep=0x01 len=16 type=BULK 
	0000  08 00 00 18 01 10 ef 03  00 ab 00 10 93 1e 00 00 |................|
[4389] +159.089115 ASYNC-OUT-DONE ep=0x01 len=0 status=0 actual=16
[4390] +159.158551 ASYNC-IN-DONE ep=0x81 len=16 status=0 actual=16
	0000  08 00 00 18 ef 03 01 10  00 b2 00 10 65 02 00 00 |............e...|
[4391] +159.158674 ASYNC-IN-SUBMIT ep=0x81 len=0 type=BULK (in, awaiting data)
[4392] +159.243232 ASYNC-OUT ep=0x01 len=16 type=BULK 
	0000  08 00 00 18 80 10 ed 03  00 af 00 10 41 1b 00 00 |............A...|
[4393] +159.243372 ASYNC-OUT ep=0x01 len=16 type=BULK 
	0000  08 00 00 18 02 10 f0 03  00 98 00 10 6d 10 00 00 |............m...|
[4394] +159.243463 ASYNC-OUT-DONE ep=0x01 len=0 status=0 actual=16
[4395] +159.243518 ASYNC-OUT-DONE ep=0x01 len=0 status=0 actual=16
[4396] +159.271483 ASYNC-IN-DONE ep=0x81 len=0 status=2 actual=0
[4397] +159.271562 ASYNC-IN-SUBMIT ep=0x81 len=0 type=BULK (in, awaiting data)
[4398] +159.375424 ASYNC-IN-DONE ep=0x81 len=0 status=2 actual=0
[4399] +159.375514 ASYNC-IN-SUBMIT ep=0x81 len=0 type=BULK (in, awaiting data)
[4400] +159.479639 ASYNC-IN-DONE ep=0x81 len=0 status=2 actual=0
[4401] +159.479733 ASYNC-IN-SUBMIT ep=0x81 len=0 type=BULK (in, awaiting data)
[4402] +159.559162 ASYNC-IN-DONE ep=0x81 len=16 status=0 actual=16
	0000  08 00 00 18 f0 03 02 10  00 9e 00 10 09 02 00 00 |................|
[4403] +159.559295 ASYNC-IN-SUBMIT ep=0x81 len=0 type=BULK (in, awaiting data)
[4404] +159.667649 ASYNC-IN-DONE ep=0x81 len=0 status=2 actual=0
[4405] +159.667733 ASYNC-IN-SUBMIT ep=0x81 len=0 type=BULK (in, awaiting data)
[4406] +159.760432 ASYNC-IN-DONE ep=0x81 len=16 status=0 actual=16
	0000  08 00 00 18 ed 03 80 10  00 b6 00 10 02 03 00 00 |................|
[4407] +159.760538 ASYNC-IN-SUBMIT ep=0x81 len=0 type=BULK (in, awaiting data)
[4408] +159.869217 ASYNC-IN-DONE ep=0x81 len=0 status=2 actual=0
[4409] +159.869283 ASYNC-IN-SUBMIT ep=0x81 len=0 type=BULK (in, awaiting data)
[4410] +159.971104 ASYNC-IN-DONE ep=0x81 len=0 status=2 actual=0
[4411] +159.971199 ASYNC-IN-SUBMIT ep=0x81 len=0 type=BULK (in, awaiting data)
[4412] +160.073160 ASYNC-IN-DONE ep=0x81 len=0 status=2 actual=0
[4413] +160.073261 ASYNC-IN-SUBMIT ep=0x81 len=0 type=BULK (in, awaiting data)
[4414] +160.126560 ASYNC-OUT ep=0x01 len=16 type=BULK 
	0000  08 00 00 18 01 10 ef 03  00 ac 00 10 93 1e 00 00 |................|
[4415] +160.126879 ASYNC-OUT-DONE ep=0x01 len=0 status=0 actual=16
[4416] +160.161179 ASYNC-IN-DONE ep=0x81 len=16 status=0 actual=16
	0000  08 00 00 18 ef 03 01 10  00 b3 00 10 65 02 00 00 |............e...|
[4417] +160.161294 ASYNC-IN-SUBMIT ep=0x81 len=0 type=BULK (in, awaiting data)
[4418] +160.271517 ASYNC-IN-DONE ep=0x81 len=0 status=2 actual=0
[4419] +160.271614 ASYNC-IN-SUBMIT ep=0x81 len=0 type=BULK (in, awaiting data)
[4420] +160.282672 ASYNC-OUT ep=0x01 len=16 type=BULK 
	0000  08 00 00 18 80 10 ed 03  00 b0 00 10 41 1b 00 00 |............A...|
[4421] +160.282802 ASYNC-OUT ep=0x01 len=16 type=BULK 
	0000  08 00 00 18 02 10 f0 03  00 99 00 10 6d 10 00 00 |............m...|
[4422] +160.282908 ASYNC-OUT-DONE ep=0x01 len=0 status=0 actual=16
[4423] +160.282974 ASYNC-OUT-DONE ep=0x01 len=0 status=0 actual=16
[4424] +160.384013 ASYNC-IN-DONE ep=0x81 len=0 status=2 actual=0
[4425] +160.384082 ASYNC-IN-SUBMIT ep=0x81 len=0 type=BULK (in, awaiting data)
[4426] +160.491522 ASYNC-IN-DONE ep=0x81 len=0 status=2 actual=0
[4427] +160.491624 ASYNC-IN-SUBMIT ep=0x81 len=0 type=BULK (in, awaiting data)
[4428] +160.562480 ASYNC-IN-DONE ep=0x81 len=16 status=0 actual=16
	0000  08 00 00 18 f0 03 02 10  00 9f 00 10 09 02 00 00 |................|
[4429] +160.562608 ASYNC-IN-SUBMIT ep=0x81 len=0 type=BULK (in, awaiting data)
[4430] +160.668446 ASYNC-IN-DONE ep=0x81 len=0 status=2 actual=0
[4431] +160.668548 ASYNC-IN-SUBMIT ep=0x81 len=0 type=BULK (in, awaiting data)
[4432] +160.763199 ASYNC-IN-DONE ep=0x81 len=16 status=0 actual=16
	0000  08 00 00 18 ed 03 80 10  00 b7 00 10 02 03 00 00 |................|
[4433] +160.763300 ASYNC-IN-SUBMIT ep=0x81 len=0 type=BULK (in, awaiting data)
[4434] +160.866605 ASYNC-IN-DONE ep=0x81 len=0 status=2 actual=0
[4435] +160.866681 ASYNC-IN-SUBMIT ep=0x81 len=0 type=BULK (in, awaiting data)
[4436] +160.969265 ASYNC-IN-DONE ep=0x81 len=0 status=2 actual=0
[4437] +160.969338 ASYNC-IN-SUBMIT ep=0x81 len=0 type=BULK (in, awaiting data)
[4438] +161.074222 ASYNC-IN-DONE ep=0x81 len=0 status=2 actual=0
[4439] +161.074301 ASYNC-IN-SUBMIT ep=0x81 len=0 type=BULK (in, awaiting data)
[4440] +161.164382 ASYNC-IN-DONE ep=0x81 len=16 status=0 actual=16
	0000  08 00 00 18 ef 03 01 10  00 b4 00 10 65 02 00 00 |............e...|
[4441] +161.164529 ASYNC-IN-SUBMIT ep=0x81 len=0 type=BULK (in, awaiting data)
[4442] +161.165427 ASYNC-OUT ep=0x01 len=16 type=BULK 
	0000  08 00 00 18 01 10 ef 03  00 ad 00 10 93 1e 00 00 |................|
[4443] +161.165646 ASYNC-OUT-DONE ep=0x01 len=0 status=0 actual=16
[4444] +161.277337 ASYNC-IN-DONE ep=0x81 len=0 status=2 actual=0
[4445] +161.277428 ASYNC-IN-SUBMIT ep=0x81 len=0 type=BULK (in, awaiting data)
[4446] +161.321584 ASYNC-OUT ep=0x01 len=16 type=BULK 
	0000  08 00 00 18 80 10 ed 03  00 b1 00 10 41 1b 00 00 |............A...|
[4447] +161.321720 ASYNC-OUT ep=0x01 len=16 type=BULK 
	0000  08 00 00 18 02 10 f0 03  00 9a 00 10 6d 10 00 00 |............m...|
[4448] +161.321835 ASYNC-OUT-DONE ep=0x01 len=0 status=0 actual=16
[4449] +161.321891 ASYNC-OUT-DONE ep=0x01 len=0 status=0 actual=16
[4450] +161.390221 ASYNC-IN-DONE ep=0x81 len=0 status=2 actual=0
[4451] +161.390317 ASYNC-IN-SUBMIT ep=0x81 len=0 type=BULK (in, awaiting data)
[4452] +161.491454 ASYNC-IN-DONE ep=0x81 len=0 status=2 actual=0
[4453] +161.491606 ASYNC-IN-SUBMIT ep=0x81 len=0 type=BULK (in, awaiting data)
[4454] +161.565627 ASYNC-IN-DONE ep=0x81 len=16 status=0 actual=16
	0000  08 00 00 18 f0 03 02 10  00 a0 00 10 09 02 00 00 |................|
[4455] +161.565724 ASYNC-IN-SUBMIT ep=0x81 len=0 type=BULK (in, awaiting data)
[4456] +161.668793 ASYNC-IN-DONE ep=0x81 len=0 status=2 actual=0
[4457] +161.668877 ASYNC-IN-SUBMIT ep=0x81 len=0 type=BULK (in, awaiting data)
[4458] +161.766350 ASYNC-IN-DONE ep=0x81 len=16 status=0 actual=16
	0000  08 00 00 18 ed 03 80 10  00 b8 00 10 02 03 00 00 |................|
[4459] +161.766455 ASYNC-IN-SUBMIT ep=0x81 len=0 type=BULK (in, awaiting data)
[4460] +161.874894 ASYNC-IN-DONE ep=0x81 len=0 status=2 actual=0
[4461] +161.874988 ASYNC-IN-SUBMIT ep=0x81 len=0 type=BULK (in, awaiting data)
[4462] +161.975723 ASYNC-IN-DONE ep=0x81 len=0 status=2 actual=0
[4463] +161.975812 ASYNC-IN-SUBMIT ep=0x81 len=0 type=BULK (in, awaiting data)
[4464] +162.088332 ASYNC-IN-DONE ep=0x81 len=0 status=2 actual=0
[4465] +162.088441 ASYNC-IN-SUBMIT ep=0x81 len=0 type=BULK (in, awaiting data)
[4466] +162.167638 ASYNC-IN-DONE ep=0x81 len=16 status=0 actual=16
	0000  08 00 00 18 ef 03 01 10  00 b5 00 10 65 02 00 00 |............e...|
[4467] +162.167705 ASYNC-IN-SUBMIT ep=0x81 len=0 type=BULK (in, awaiting data)
[4468] +162.204650 ASYNC-OUT ep=0x01 len=16 type=BULK 
	0000  08 00 00 18 01 10 ef 03  00 ae 00 10 93 1e 00 00 |................|
[4469] +162.204900 ASYNC-OUT-DONE ep=0x01 len=0 status=0 actual=16
[4470] +162.279863 ASYNC-IN-DONE ep=0x81 len=0 status=2 actual=0
[4471] +162.279959 ASYNC-IN-SUBMIT ep=0x81 len=0 type=BULK (in, awaiting data)
[4472] +162.359904 ASYNC-OUT ep=0x01 len=16 type=BULK 
	0000  08 00 00 18 80 10 ed 03  00 b2 00 10 41 1b 00 00 |............A...|
[4473] +162.360095 ASYNC-OUT ep=0x01 len=16 type=BULK 
	0000  08 00 00 18 02 10 f0 03  00 9b 00 10 6d 10 00 00 |............m...|
[4474] +162.360216 ASYNC-OUT-DONE ep=0x01 len=0 status=0 actual=16
[4475] +162.360291 ASYNC-OUT-DONE ep=0x01 len=0 status=0 actual=16
[4476] +162.388848 ASYNC-IN-DONE ep=0x81 len=0 status=2 actual=0
[4477] +162.388920 ASYNC-IN-SUBMIT ep=0x81 len=0 type=BULK (in, awaiting data)
[4478] +162.500701 ASYNC-IN-DONE ep=0x81 len=0 status=2 actual=0
[4479] +162.500770 ASYNC-IN-SUBMIT ep=0x81 len=0 type=BULK (in, awaiting data)
[4480] +162.568935 ASYNC-IN-DONE ep=0x81 len=16 status=0 actual=16
	0000  08 00 00 18 f0 03 02 10  00 a1 00 10 09 02 00 00 |................|
[4481] +162.569064 ASYNC-IN-SUBMIT ep=0x81 len=0 type=BULK (in, awaiting data)
[4482] +162.675755 ASYNC-IN-DONE ep=0x81 len=0 status=2 actual=0
[4483] +162.675842 ASYNC-IN-SUBMIT ep=0x81 len=0 type=BULK (in, awaiting data)
[4484] +162.770132 ASYNC-IN-DONE ep=0x81 len=16 status=0 actual=16
	0000  08 00 00 18 ed 03 80 10  00 b9 00 10 02 03 00 00 |................|
[4485] +162.770254 ASYNC-IN-SUBMIT ep=0x81 len=0 type=BULK (in, awaiting data)
[4486] +162.880154 ASYNC-IN-DONE ep=0x81 len=0 status=2 actual=0
[4487] +162.880251 ASYNC-IN-SUBMIT ep=0x81 len=0 type=BULK (in, awaiting data)
[4488] +162.982470 ASYNC-IN-DONE ep=0x81 len=0 status=2 actual=0
[4489] +162.982565 ASYNC-IN-SUBMIT ep=0x81 len=0 type=BULK (in, awaiting data)
[4490] +163.091200 ASYNC-IN-DONE ep=0x81 len=0 status=2 actual=0
[4491] +163.091272 ASYNC-IN-SUBMIT ep=0x81 len=0 type=BULK (in, awaiting data)
[4492] +163.171020 ASYNC-IN-DONE ep=0x81 len=16 status=0 actual=16
	0000  08 00 00 18 ef 03 01 10  00 b6 00 10 65 02 00 00 |............e...|
[4493] +163.171199 ASYNC-IN-SUBMIT ep=0x81 len=0 type=BULK (in, awaiting data)
[4494] +163.244359 ASYNC-OUT ep=0x01 len=16 type=BULK 
	0000  08 00 00 18 01 10 ef 03  00 af 00 10 93 1e 00 00 |................|
[4495] +163.244736 ASYNC-OUT-DONE ep=0x01 len=0 status=0 actual=16
[4496] +163.282690 ASYNC-IN-DONE ep=0x81 len=0 status=2 actual=0
[4497] +163.282814 ASYNC-IN-SUBMIT ep=0x81 len=0 type=BULK (in, awaiting data)
[4498] +163.388691 ASYNC-IN-DONE ep=0x81 len=0 status=2 actual=0
[4499] +163.388789 ASYNC-IN-SUBMIT ep=0x81 len=0 type=BULK (in, awaiting data)
[4500] +163.400599 ASYNC-OUT ep=0x01 len=16 type=BULK 
	0000  08 00 00 18 80 10 ed 03  00 b3 00 10 41 1b 00 00 |............A...|
[4501] +163.400809 ASYNC-OUT ep=0x01 len=16 type=BULK 
	0000  08 00 00 18 02 10 f0 03  00 9c 00 10 6d 10 00 00 |............m...|
[4502] +163.400919 ASYNC-OUT-DONE ep=0x01 len=0 status=0 actual=16
[4503] +163.401000 ASYNC-OUT-DONE ep=0x01 len=0 status=0 actual=16
[4504] +163.500674 ASYNC-IN-DONE ep=0x81 len=0 status=2 actual=0
[4505] +163.500744 ASYNC-IN-SUBMIT ep=0x81 len=0 type=BULK (in, awaiting data)
[4506] +163.572041 ASYNC-IN-DONE ep=0x81 len=16 status=0 actual=16
	0000  08 00 00 18 f0 03 02 10  00 a2 00 10 09 02 00 00 |................|
[4507] +163.572156 ASYNC-IN-SUBMIT ep=0x81 len=0 type=BULK (in, awaiting data)
[4508] +163.684234 ASYNC-IN-DONE ep=0x81 len=0 status=2 actual=0
[4509] +163.684308 ASYNC-IN-SUBMIT ep=0x81 len=0 type=BULK (in, awaiting data)
[4510] +163.772954 ASYNC-IN-DONE ep=0x81 len=16 status=0 actual=16
	0000  08 00 00 18 ed 03 80 10  00 ba 00 10 02 03 00 00 |................|
[4511] +163.773109 ASYNC-IN-SUBMIT ep=0x81 len=0 type=BULK (in, awaiting data)
[4512] +163.883339 ASYNC-IN-DONE ep=0x81 len=0 status=2 actual=0
[4513] +163.883433 ASYNC-IN-SUBMIT ep=0x81 len=0 type=BULK (in, awaiting data)
[4514] +163.992350 ASYNC-IN-DONE ep=0x81 len=0 status=2 actual=0
[4515] +163.992474 ASYNC-IN-SUBMIT ep=0x81 len=0 type=BULK (in, awaiting data)
[4516] +164.097855 ASYNC-IN-DONE ep=0x81 len=0 status=2 actual=0
[4517] +164.098062 ASYNC-IN-SUBMIT ep=0x81 len=0 type=BULK (in, awaiting data)
[4518] +164.174227 ASYNC-IN-DONE ep=0x81 len=16 status=0 actual=16
	0000  08 00 00 18 ef 03 01 10  00 b7 00 10 65 02 00 00 |............e...|
[4519] +164.174367 ASYNC-IN-SUBMIT ep=0x81 len=0 type=BULK (in, awaiting data)
[4520] +164.278604 ASYNC-OUT ep=0x01 len=16 type=BULK 
	0000  08 00 00 18 01 10 ef 03  00 b0 00 10 93 1e 00 00 |................|
[4521] +164.278767 ASYNC-IN-DONE ep=0x81 len=0 status=2 actual=0
[4522] +164.278820 ASYNC-IN-SUBMIT ep=0x81 len=0 type=BULK (in, awaiting data)
[4523] +164.278939 ASYNC-OUT-DONE ep=0x01 len=0 status=0 actual=16
[4524] +164.382871 ASYNC-IN-DONE ep=0x81 len=0 status=2 actual=0
[4525] +164.382987 ASYNC-IN-SUBMIT ep=0x81 len=0 type=BULK (in, awaiting data)
[4526] +164.434758 ASYNC-OUT ep=0x01 len=16 type=BULK 
	0000  08 00 00 18 80 10 ed 03  00 b4 00 10 41 1b 00 00 |............A...|
[4527] +164.434957 ASYNC-OUT ep=0x01 len=16 type=BULK 
	0000  08 00 00 18 02 10 f0 03  00 9d 00 10 6d 10 00 00 |............m...|
[4528] +164.435082 ASYNC-OUT-DONE ep=0x01 len=0 status=0 actual=16
[4529] +164.435138 ASYNC-OUT-DONE ep=0x01 len=0 status=0 actual=16
[4530] +164.485665 ASYNC-IN-DONE ep=0x81 len=0 status=2 actual=0
[4531] +164.485761 ASYNC-IN-SUBMIT ep=0x81 len=0 type=BULK (in, awaiting data)
[4532] +164.575689 ASYNC-IN-DONE ep=0x81 len=16 status=0 actual=16
	0000  08 00 00 18 f0 03 02 10  00 a3 00 10 09 02 00 00 |................|
[4533] +164.575843 ASYNC-IN-SUBMIT ep=0x81 len=0 type=BULK (in, awaiting data)
[4534] +164.684431 ASYNC-IN-DONE ep=0x81 len=0 status=2 actual=0
[4535] +164.684514 ASYNC-IN-SUBMIT ep=0x81 len=0 type=BULK (in, awaiting data)
[4536] +164.776325 ASYNC-IN-DONE ep=0x81 len=16 status=0 actual=16
	0000  08 00 00 18 ed 03 80 10  00 bb 00 10 02 03 00 00 |................|
[4537] +164.776488 ASYNC-IN-SUBMIT ep=0x81 len=0 type=BULK (in, awaiting data)
[4538] +164.883302 ASYNC-IN-DONE ep=0x81 len=0 status=2 actual=0
[4539] +164.883414 ASYNC-IN-SUBMIT ep=0x81 len=0 type=BULK (in, awaiting data)
[4540] +164.993457 ASYNC-IN-DONE ep=0x81 len=0 status=2 actual=0
[4541] +164.993575 ASYNC-IN-SUBMIT ep=0x81 len=0 type=BULK (in, awaiting data)
[4542] +165.098761 ASYNC-IN-DONE ep=0x81 len=0 status=2 actual=0
[4543] +165.098864 ASYNC-IN-SUBMIT ep=0x81 len=0 type=BULK (in, awaiting data)
[4544] +165.177629 ASYNC-IN-DONE ep=0x81 len=16 status=0 actual=16
	0000  08 00 00 18 ef 03 01 10  00 b8 00 10 65 02 00 00 |............e...|
[4545] +165.177771 ASYNC-IN-SUBMIT ep=0x81 len=0 type=BULK (in, awaiting data)
[4546] +165.284957 ASYNC-IN-DONE ep=0x81 len=0 status=2 actual=0
[4547] +165.285046 ASYNC-IN-SUBMIT ep=0x81 len=0 type=BULK (in, awaiting data)
[4548] +165.318159 ASYNC-OUT ep=0x01 len=16 type=BULK 
	0000  08 00 00 18 01 10 ef 03  00 b1 00 10 93 1e 00 00 |................|
[4549] +165.318469 ASYNC-OUT-DONE ep=0x01 len=0 status=0 actual=16
[4550] +165.396402 ASYNC-IN-DONE ep=0x81 len=0 status=2 actual=0
[4551] +165.396518 ASYNC-IN-SUBMIT ep=0x81 len=0 type=BULK (in, awaiting data)
[4552] +165.474340 ASYNC-OUT ep=0x01 len=16 type=BULK 
	0000  08 00 00 18 80 10 ed 03  00 b5 00 10 41 1b 00 00 |............A...|
[4553] +165.474577 ASYNC-OUT ep=0x01 len=16 type=BULK 
	0000  08 00 00 18 02 10 f0 03  00 9e 00 10 6d 10 00 00 |............m...|
[4554] +165.474706 ASYNC-OUT-DONE ep=0x01 len=0 status=0 actual=16
[4555] +165.474801 ASYNC-OUT-DONE ep=0x01 len=0 status=0 actual=16
[4556] +165.500544 ASYNC-IN-DONE ep=0x81 len=0 status=2 actual=0
[4557] +165.500634 ASYNC-IN-SUBMIT ep=0x81 len=0 type=BULK (in, awaiting data)
[4558] +165.578815 ASYNC-IN-DONE ep=0x81 len=16 status=0 actual=16
	0000  08 00 00 18 f0 03 02 10  00 a4 00 10 09 02 00 00 |................|
[4559] +165.578934 ASYNC-IN-SUBMIT ep=0x81 len=0 type=BULK (in, awaiting data)
[4560] +165.691741 ASYNC-IN-DONE ep=0x81 len=0 status=2 actual=0
[4561] +165.691836 ASYNC-IN-SUBMIT ep=0x81 len=0 type=BULK (in, awaiting data)
[4562] +165.779910 ASYNC-IN-DONE ep=0x81 len=16 status=0 actual=16
	0000  08 00 00 18 ed 03 80 10  00 bc 00 10 02 03 00 00 |................|
[4563] +165.780037 ASYNC-IN-SUBMIT ep=0x81 len=0 type=BULK (in, awaiting data)
[4564] +165.892339 ASYNC-IN-DONE ep=0x81 len=0 status=2 actual=0
[4565] +165.892460 ASYNC-IN-SUBMIT ep=0x81 len=0 type=BULK (in, awaiting data)
[4566] +166.004842 ASYNC-IN-DONE ep=0x81 len=0 status=2 actual=0
[4567] +166.004953 ASYNC-IN-SUBMIT ep=0x81 len=0 type=BULK (in, awaiting data)
[4568] +166.117752 ASYNC-IN-DONE ep=0x81 len=0 status=2 actual=0
[4569] +166.117859 ASYNC-IN-SUBMIT ep=0x81 len=0 type=BULK (in, awaiting data)
[4570] +166.180665 ASYNC-IN-DONE ep=0x81 len=16 status=0 actual=16
	0000  08 00 00 18 ef 03 01 10  00 b9 00 10 65 02 00 00 |............e...|
[4571] +166.180736 ASYNC-IN-SUBMIT ep=0x81 len=0 type=BULK (in, awaiting data)
[4572] +166.285757 ASYNC-IN-DONE ep=0x81 len=0 status=2 actual=0
[4573] +166.285868 ASYNC-IN-SUBMIT ep=0x81 len=0 type=BULK (in, awaiting data)
[4574] +166.357931 ASYNC-OUT ep=0x01 len=16 type=BULK 
	0000  08 00 00 18 01 10 ef 03  00 b2 00 10 93 1e 00 00 |................|
[4575] +166.358258 ASYNC-OUT-DONE ep=0x01 len=0 status=0 actual=16
[4576] +166.387930 ASYNC-IN-DONE ep=0x81 len=0 status=2 actual=0
[4577] +166.388006 ASYNC-IN-SUBMIT ep=0x81 len=0 type=BULK (in, awaiting data)
[4578] +166.500798 ASYNC-IN-DONE ep=0x81 len=0 status=2 actual=0
[4579] +166.500913 ASYNC-IN-SUBMIT ep=0x81 len=0 type=BULK (in, awaiting data)
[4580] +166.513879 ASYNC-OUT ep=0x01 len=16 type=BULK 
	0000  08 00 00 18 80 10 ed 03  00 b6 00 10 41 1b 00 00 |............A...|
[4581] +166.514015 ASYNC-OUT ep=0x01 len=16 type=BULK 
	0000  08 00 00 18 02 10 f0 03  00 9f 00 10 6d 10 00 00 |............m...|
[4582] +166.514119 ASYNC-OUT-DONE ep=0x01 len=0 status=0 actual=16
[4583] +166.514204 ASYNC-OUT-DONE ep=0x01 len=0 status=0 actual=16
[4584] +166.582228 ASYNC-IN-DONE ep=0x81 len=16 status=0 actual=16
	0000  08 00 00 18 f0 03 02 10  00 a5 00 10 09 02 00 00 |................|
[4585] +166.582321 ASYNC-IN-SUBMIT ep=0x81 len=0 type=BULK (in, awaiting data)
[4586] +166.682966 ASYNC-IN-DONE ep=0x81 len=0 status=2 actual=0
[4587] +166.683049 ASYNC-IN-SUBMIT ep=0x81 len=0 type=BULK (in, awaiting data)
[4588] +166.783572 ASYNC-IN-DONE ep=0x81 len=16 status=0 actual=16
	0000  08 00 00 18 ed 03 80 10  00 bd 00 10 02 03 00 00 |................|
[4589] +166.783715 ASYNC-IN-SUBMIT ep=0x81 len=0 type=BULK (in, awaiting data)
[4590] +166.890622 ASYNC-IN-DONE ep=0x81 len=0 status=2 actual=0
[4591] +166.890731 ASYNC-IN-SUBMIT ep=0x81 len=0 type=BULK (in, awaiting data)
[4592] +166.998890 ASYNC-IN-DONE ep=0x81 len=0 status=2 actual=0
[4593] +166.998978 ASYNC-IN-SUBMIT ep=0x81 len=0 type=BULK (in, awaiting data)
[4594] +167.100707 ASYNC-IN-DONE ep=0x81 len=0 status=2 actual=0
[4595] +167.100812 ASYNC-IN-SUBMIT ep=0x81 len=0 type=BULK (in, awaiting data)
[4596] +167.184984 ASYNC-IN-DONE ep=0x81 len=16 status=0 actual=16
	0000  08 00 00 18 ef 03 01 10  00 ba 00 10 65 02 00 00 |............e...|
[4597] +167.185114 ASYNC-IN-SUBMIT ep=0x81 len=0 type=BULK (in, awaiting data)
[4598] +167.293895 ASYNC-IN-DONE ep=0x81 len=0 status=2 actual=0
[4599] +167.294006 ASYNC-IN-SUBMIT ep=0x81 len=0 type=BULK (in, awaiting data)
[4600] +167.397861 ASYNC-OUT ep=0x01 len=16 type=BULK 
	0000  08 00 00 18 01 10 ef 03  00 b3 00 10 93 1e 00 00 |................|
[4601] +167.398177 ASYNC-OUT-DONE ep=0x01 len=0 status=0 actual=16
[4602] +167.405649 ASYNC-IN-DONE ep=0x81 len=0 status=2 actual=0
[4603] +167.405713 ASYNC-IN-SUBMIT ep=0x81 len=0 type=BULK (in, awaiting data)
[4604] +167.509023 ASYNC-IN-DONE ep=0x81 len=0 status=2 actual=0
[4605] +167.509076 ASYNC-IN-SUBMIT ep=0x81 len=0 type=BULK (in, awaiting data)
[4606] +167.552490 ASYNC-OUT ep=0x01 len=16 type=BULK 
	0000  08 00 00 18 80 10 ed 03  00 b7 00 10 41 1b 00 00 |............A...|
[4607] +167.552689 ASYNC-OUT ep=0x01 len=16 type=BULK 
	0000  08 00 00 18 02 10 f0 03  00 a0 00 10 6d 10 00 00 |............m...|
[4608] +167.552823 ASYNC-OUT-DONE ep=0x01 len=0 status=0 actual=16
[4609] +167.552874 ASYNC-OUT-DONE ep=0x01 len=0 status=0 actual=16
[4610] +167.585852 ASYNC-IN-DONE ep=0x81 len=16 status=0 actual=16
	0000  08 00 00 18 f0 03 02 10  00 a6 00 10 09 02 00 00 |................|
[4611] +167.585946 ASYNC-IN-SUBMIT ep=0x81 len=0 type=BULK (in, awaiting data)
[4612] +167.697689 ASYNC-IN-DONE ep=0x81 len=0 status=2 actual=0
[4613] +167.697788 ASYNC-IN-SUBMIT ep=0x81 len=0 type=BULK (in, awaiting data)
[4614] +167.787051 ASYNC-IN-DONE ep=0x81 len=16 status=0 actual=16
	0000  08 00 00 18 ed 03 80 10  00 be 00 10 02 03 00 00 |................|
[4615] +167.787148 ASYNC-IN-SUBMIT ep=0x81 len=0 type=BULK (in, awaiting data)
[4616] +167.899964 ASYNC-IN-DONE ep=0x81 len=0 status=2 actual=0
[4617] +167.900074 ASYNC-IN-SUBMIT ep=0x81 len=0 type=BULK (in, awaiting data)
[4618] +168.002132 ASYNC-IN-DONE ep=0x81 len=0 status=2 actual=0
[4619] +168.002245 ASYNC-IN-SUBMIT ep=0x81 len=0 type=BULK (in, awaiting data)
[4620] +168.106608 ASYNC-IN-DONE ep=0x81 len=0 status=2 actual=0
[4621] +168.106694 ASYNC-IN-SUBMIT ep=0x81 len=0 type=BULK (in, awaiting data)
[4622] +168.187717 ASYNC-IN-DONE ep=0x81 len=16 status=0 actual=16
	0000  08 00 00 18 ef 03 01 10  00 bb 00 10 65 02 00 00 |............e...|
[4623] +168.187868 ASYNC-IN-SUBMIT ep=0x81 len=0 type=BULK (in, awaiting data)
[4624] +168.300675 ASYNC-IN-DONE ep=0x81 len=0 status=2 actual=0
[4625] +168.300785 ASYNC-IN-SUBMIT ep=0x81 len=0 type=BULK (in, awaiting data)
[4626] +168.413560 ASYNC-IN-DONE ep=0x81 len=0 status=2 actual=0
[4627] +168.413689 ASYNC-IN-SUBMIT ep=0x81 len=0 type=BULK (in, awaiting data)
[4628] +168.434867 ASYNC-OUT ep=0x01 len=16 type=BULK 
	0000  08 00 00 18 01 10 ef 03  00 b4 00 10 93 1e 00 00 |................|
[4629] +168.435203 ASYNC-OUT-DONE ep=0x01 len=0 status=0 actual=16
[4630] +168.516641 ASYNC-IN-DONE ep=0x81 len=0 status=2 actual=0
[4631] +168.516722 ASYNC-IN-SUBMIT ep=0x81 len=0 type=BULK (in, awaiting data)
[4632] +168.588736 ASYNC-IN-DONE ep=0x81 len=16 status=0 actual=16
	0000  08 00 00 18 f0 03 02 10  00 a7 00 10 09 02 00 00 |................|
[4633] +168.588879 ASYNC-IN-SUBMIT ep=0x81 len=0 type=BULK (in, awaiting data)
[4634] +168.590916 ASYNC-OUT ep=0x01 len=16 type=BULK 
	0000  08 00 00 18 80 10 ed 03  00 b8 00 10 41 1b 00 00 |............A...|
[4635] +168.591075 ASYNC-OUT ep=0x01 len=16 type=BULK 
	0000  08 00 00 18 02 10 f0 03  00 a1 00 10 6d 10 00 00 |............m...|
[4636] +168.591202 ASYNC-OUT-DONE ep=0x01 len=0 status=0 actual=16
[4637] +168.591288 ASYNC-OUT-DONE ep=0x01 len=0 status=0 actual=16
[4638] +168.695301 ASYNC-IN-DONE ep=0x81 len=0 status=2 actual=0
[4639] +168.695399 ASYNC-IN-SUBMIT ep=0x81 len=0 type=BULK (in, awaiting data)
[4640] +168.789850 ASYNC-IN-DONE ep=0x81 len=16 status=0 actual=16
	0000  08 00 00 18 ed 03 80 10  00 bf 00 10 02 03 00 00 |................|
[4641] +168.789974 ASYNC-IN-SUBMIT ep=0x81 len=0 type=BULK (in, awaiting data)
[4642] +168.898950 ASYNC-IN-DONE ep=0x81 len=0 status=2 actual=0
[4643] +168.899057 ASYNC-IN-SUBMIT ep=0x81 len=0 type=BULK (in, awaiting data)
[4644] +169.007220 ASYNC-IN-DONE ep=0x81 len=0 status=2 actual=0
[4645] +169.007315 ASYNC-IN-SUBMIT ep=0x81 len=0 type=BULK (in, awaiting data)
[4646] +169.117347 ASYNC-IN-DONE ep=0x81 len=0 status=2 actual=0
[4647] +169.117454 ASYNC-IN-SUBMIT ep=0x81 len=0 type=BULK (in, awaiting data)
[4648] +169.190642 ASYNC-IN-DONE ep=0x81 len=16 status=0 actual=16
	0000  08 00 00 18 ef 03 01 10  00 bc 00 10 65 02 00 00 |............e...|
[4649] +169.190756 ASYNC-IN-SUBMIT ep=0x81 len=0 type=BULK (in, awaiting data)
[4650] +169.293539 ASYNC-IN-DONE ep=0x81 len=0 status=2 actual=0
[4651] +169.293635 ASYNC-IN-SUBMIT ep=0x81 len=0 type=BULK (in, awaiting data)
[4652] +169.406434 ASYNC-IN-DONE ep=0x81 len=0 status=2 actual=0
[4653] +169.406533 ASYNC-IN-SUBMIT ep=0x81 len=0 type=BULK (in, awaiting data)
[4654] +169.475351 ASYNC-OUT ep=0x01 len=16 type=BULK 
	0000  08 00 00 18 01 10 ef 03  00 b5 00 10 93 1e 00 00 |................|
[4655] +169.475718 ASYNC-OUT-DONE ep=0x01 len=0 status=0 actual=16
[4656] +169.509669 ASYNC-IN-DONE ep=0x81 len=0 status=2 actual=0
[4657] +169.509854 ASYNC-IN-SUBMIT ep=0x81 len=0 type=BULK (in, awaiting data)
[4658] +169.592338 ASYNC-IN-DONE ep=0x81 len=16 status=0 actual=16
	0000  08 00 00 18 f0 03 02 10  00 a8 00 10 09 02 00 00 |................|
[4659] +169.592453 ASYNC-IN-SUBMIT ep=0x81 len=0 type=BULK (in, awaiting data)
[4660] +169.631462 ASYNC-OUT ep=0x01 len=16 type=BULK 
	0000  08 00 00 18 80 10 ed 03  00 b9 00 10 41 1b 00 00 |............A...|
[4661] +169.631662 ASYNC-OUT ep=0x01 len=16 type=BULK 
	0000  08 00 00 18 02 10 f0 03  00 a2 00 10 6d 10 00 00 |............m...|
[4662] +169.631774 ASYNC-OUT-DONE ep=0x01 len=0 status=0 actual=16
[4663] +169.631864 ASYNC-OUT-DONE ep=0x01 len=0 status=0 actual=16
[4664] +169.702021 ASYNC-IN-DONE ep=0x81 len=0 status=2 actual=0
[4665] +169.702121 ASYNC-IN-SUBMIT ep=0x81 len=0 type=BULK (in, awaiting data)
[4666] +169.792721 ASYNC-IN-DONE ep=0x81 len=16 status=0 actual=16
	0000  08 00 00 18 ed 03 80 10  00 c0 00 10 02 03 00 00 |................|
[4667] +169.792865 ASYNC-IN-SUBMIT ep=0x81 len=0 type=BULK (in, awaiting data)
[4668] +169.903963 ASYNC-IN-DONE ep=0x81 len=0 status=2 actual=0
[4669] +169.904068 ASYNC-IN-SUBMIT ep=0x81 len=0 type=BULK (in, awaiting data)
[4670] +170.016876 ASYNC-IN-DONE ep=0x81 len=0 status=2 actual=0
[4671] +170.016985 ASYNC-IN-SUBMIT ep=0x81 len=0 type=BULK (in, awaiting data)
[4672] +170.124520 ASYNC-IN-DONE ep=0x81 len=0 status=2 actual=0
[4673] +170.124619 ASYNC-IN-SUBMIT ep=0x81 len=0 type=BULK (in, awaiting data)
[4674] +170.194644 ASYNC-IN-DONE ep=0x81 len=16 status=0 actual=16
	0000  08 00 00 18 ef 03 01 10  00 bd 00 10 65 02 00 00 |............e...|
[4675] +170.194805 ASYNC-IN-SUBMIT ep=0x81 len=0 type=BULK (in, awaiting data)
[4676] +170.306739 ASYNC-IN-DONE ep=0x81 len=0 status=2 actual=0
[4677] +170.306846 ASYNC-IN-SUBMIT ep=0x81 len=0 type=BULK (in, awaiting data)
[4678] +170.419701 ASYNC-IN-DONE ep=0x81 len=0 status=2 actual=0
[4679] +170.419789 ASYNC-IN-SUBMIT ep=0x81 len=0 type=BULK (in, awaiting data)
[4680] +170.514789 ASYNC-OUT ep=0x01 len=16 type=BULK 
	0000  08 00 00 18 01 10 ef 03  00 b6 00 10 93 1e 00 00 |................|
[4681] +170.515114 ASYNC-OUT-DONE ep=0x01 len=0 status=0 actual=16
[4682] +170.525660 ASYNC-IN-DONE ep=0x81 len=0 status=2 actual=0
[4683] +170.525724 ASYNC-IN-SUBMIT ep=0x81 len=0 type=BULK (in, awaiting data)
[4684] +170.595498 ASYNC-IN-DONE ep=0x81 len=16 status=0 actual=16
	0000  08 00 00 18 f0 03 02 10  00 a9 00 10 09 02 00 00 |................|
[4685] +170.595640 ASYNC-IN-SUBMIT ep=0x81 len=0 type=BULK (in, awaiting data)
[4686] +170.670925 ASYNC-OUT ep=0x01 len=16 type=BULK 
	0000  08 00 00 18 80 10 ed 03  00 ba 00 10 41 1b 00 00 |............A...|
[4687] +170.671125 ASYNC-OUT ep=0x01 len=16 type=BULK 
	0000  08 00 00 18 02 10 f0 03  00 a3 00 10 6d 10 00 00 |............m...|
[4688] +170.671257 ASYNC-OUT-DONE ep=0x01 len=0 status=0 actual=16
[4689] +170.671293 ASYNC-OUT-DONE ep=0x01 len=0 status=0 actual=16
[4690] +170.704854 ASYNC-IN-DONE ep=0x81 len=0 status=2 actual=0
[4691] +170.704956 ASYNC-IN-SUBMIT ep=0x81 len=0 type=BULK (in, awaiting data)
[4692] +170.796568 ASYNC-IN-DONE ep=0x81 len=16 status=0 actual=16
	0000  08 00 00 18 ed 03 80 10  00 c1 00 10 02 03 00 00 |................|
[4693] +170.796676 ASYNC-IN-SUBMIT ep=0x81 len=0 type=BULK (in, awaiting data)
[4694] +170.897675 ASYNC-IN-DONE ep=0x81 len=0 status=2 actual=0
[4695] +170.897792 ASYNC-IN-SUBMIT ep=0x81 len=0 type=BULK (in, awaiting data)
[4696] +171.009017 ASYNC-IN-DONE ep=0x81 len=0 status=2 actual=0
[4697] +171.009104 ASYNC-IN-SUBMIT ep=0x81 len=0 type=BULK (in, awaiting data)
[4698] +171.116303 ASYNC-IN-DONE ep=0x81 len=0 status=2 actual=0
[4699] +171.116509 ASYNC-IN-SUBMIT ep=0x81 len=0 type=BULK (in, awaiting data)
[4700] +171.197436 ASYNC-IN-DONE ep=0x81 len=16 status=0 actual=16
	0000  08 00 00 18 ef 03 01 10  00 be 00 10 65 02 00 00 |............e...|
[4701] +171.197590 ASYNC-IN-SUBMIT ep=0x81 len=0 type=BULK (in, awaiting data)
[4702] +171.308317 ASYNC-IN-DONE ep=0x81 len=0 status=2 actual=0
[4703] +171.308402 ASYNC-IN-SUBMIT ep=0x81 len=0 type=BULK (in, awaiting data)
[4704] +171.421200 ASYNC-IN-DONE ep=0x81 len=0 status=2 actual=0
[4705] +171.421316 ASYNC-IN-SUBMIT ep=0x81 len=0 type=BULK (in, awaiting data)
[4706] +171.534171 ASYNC-IN-DONE ep=0x81 len=0 status=2 actual=0
[4707] +171.534274 ASYNC-IN-SUBMIT ep=0x81 len=0 type=BULK (in, awaiting data)
[4708] +171.553608 ASYNC-OUT ep=0x01 len=16 type=BULK 
	0000  08 00 00 18 01 10 ef 03  00 b7 00 10 93 1e 00 00 |................|
[4709] +171.553874 ASYNC-OUT-DONE ep=0x01 len=0 status=0 actual=16
[4710] +171.598986 ASYNC-IN-DONE ep=0x81 len=16 status=0 actual=16
	0000  08 00 00 18 f0 03 02 10  00 aa 00 10 09 02 00 00 |................|
[4711] +171.599127 ASYNC-IN-SUBMIT ep=0x81 len=0 type=BULK (in, awaiting data)
[4712] +171.708904 ASYNC-OUT ep=0x01 len=16 type=BULK 
	0000  08 00 00 18 80 10 ed 03  00 bb 00 10 41 1b 00 00 |............A...|
[4713] +171.709099 ASYNC-OUT ep=0x01 len=16 type=BULK 
	0000  08 00 00 18 02 10 f0 03  00 a4 00 10 6d 10 00 00 |............m...|
[4714] +171.709224 ASYNC-OUT-DONE ep=0x01 len=0 status=0 actual=16
[4715] +171.709276 ASYNC-OUT-DONE ep=0x01 len=0 status=0 actual=16
[4716] +171.711878 ASYNC-IN-DONE ep=0x81 len=0 status=2 actual=0
[4717] +171.711913 ASYNC-IN-SUBMIT ep=0x81 len=0 type=BULK (in, awaiting data)
[4718] +171.799482 ASYNC-IN-DONE ep=0x81 len=16 status=0 actual=16
	0000  08 00 00 18 ed 03 80 10  00 c2 00 10 02 03 00 00 |................|
[4719] +171.799630 ASYNC-IN-SUBMIT ep=0x81 len=0 type=BULK (in, awaiting data)
[4720] +171.905791 ASYNC-IN-DONE ep=0x81 len=0 status=2 actual=0
[4721] +171.905983 ASYNC-IN-SUBMIT ep=0x81 len=0 type=BULK (in, awaiting data)
[4722] +172.008695 ASYNC-IN-DONE ep=0x81 len=0 status=2 actual=0
[4723] +172.008770 ASYNC-IN-SUBMIT ep=0x81 len=0 type=BULK (in, awaiting data)
[4724] +172.121160 ASYNC-IN-DONE ep=0x81 len=0 status=2 actual=0
[4725] +172.121270 ASYNC-IN-SUBMIT ep=0x81 len=0 type=BULK (in, awaiting data)
[4726] +172.200974 ASYNC-IN-DONE ep=0x81 len=16 status=0 actual=16
	0000  08 00 00 18 ef 03 01 10  00 bf 00 10 65 02 00 00 |............e...|
[4727] +172.201115 ASYNC-IN-SUBMIT ep=0x81 len=0 type=BULK (in, awaiting data)
[4728] +172.308072 ASYNC-IN-DONE ep=0x81 len=0 status=2 actual=0
[4729] +172.308173 ASYNC-IN-SUBMIT ep=0x81 len=0 type=BULK (in, awaiting data)
[4730] +172.408966 ASYNC-IN-DONE ep=0x81 len=0 status=2 actual=0
[4731] +172.409021 ASYNC-IN-SUBMIT ep=0x81 len=0 type=BULK (in, awaiting data)
[4732] +172.521542 ASYNC-IN-DONE ep=0x81 len=0 status=2 actual=0
[4733] +172.521645 ASYNC-IN-SUBMIT ep=0x81 len=0 type=BULK (in, awaiting data)
[4734] +172.589603 ASYNC-OUT ep=0x01 len=16 type=BULK 
	0000  08 00 00 18 01 10 ef 03  00 b8 00 10 93 1e 00 00 |................|
[4735] +172.589925 ASYNC-OUT-DONE ep=0x01 len=0 status=0 actual=16
[4736] +172.602539 ASYNC-IN-DONE ep=0x81 len=16 status=0 actual=16
	0000  08 00 00 18 f0 03 02 10  00 ab 00 10 09 02 00 00 |................|
[4737] +172.602628 ASYNC-IN-SUBMIT ep=0x81 len=0 type=BULK (in, awaiting data)
[4738] +172.709418 ASYNC-IN-DONE ep=0x81 len=0 status=2 actual=0
[4739] +172.709518 ASYNC-IN-SUBMIT ep=0x81 len=0 type=BULK (in, awaiting data)
[4740] +172.745533 ASYNC-OUT ep=0x01 len=16 type=BULK 
	0000  08 00 00 18 80 10 ed 03  00 bc 00 10 41 1b 00 00 |............A...|
[4741] +172.745707 ASYNC-OUT ep=0x01 len=16 type=BULK 
	0000  08 00 00 18 02 10 f0 03  00 a5 00 10 6d 10 00 00 |............m...|
[4742] +172.745831 ASYNC-OUT-DONE ep=0x01 len=0 status=0 actual=16
[4743] +172.745885 ASYNC-OUT-DONE ep=0x01 len=0 status=0 actual=16
[4744] +172.802968 ASYNC-IN-DONE ep=0x81 len=16 status=0 actual=16
	0000  08 00 00 18 ed 03 80 10  00 c3 00 10 02 03 00 00 |................|
[4745] +172.803042 ASYNC-IN-SUBMIT ep=0x81 len=0 type=BULK (in, awaiting data)
[4746] +172.915781 ASYNC-IN-DONE ep=0x81 len=0 status=2 actual=0
[4747] +172.915818 ASYNC-IN-SUBMIT ep=0x81 len=0 type=BULK (in, awaiting data)
[4748] +173.028732 ASYNC-IN-DONE ep=0x81 len=0 status=2 actual=0
[4749] +173.028839 ASYNC-IN-SUBMIT ep=0x81 len=0 type=BULK (in, awaiting data)
[4750] +173.141739 ASYNC-IN-DONE ep=0x81 len=0 status=2 actual=0
[4751] +173.141848 ASYNC-IN-SUBMIT ep=0x81 len=0 type=BULK (in, awaiting data)
[4752] +173.204558 ASYNC-IN-DONE ep=0x81 len=16 status=0 actual=16
	0000  08 00 00 18 ef 03 01 10  00 c0 00 10 65 02 00 00 |............e...|
[4753] +173.204723 ASYNC-IN-SUBMIT ep=0x81 len=0 type=BULK (in, awaiting data)
[4754] +173.314430 ASYNC-IN-DONE ep=0x81 len=0 status=2 actual=0
[4755] +173.314496 ASYNC-IN-SUBMIT ep=0x81 len=0 type=BULK (in, awaiting data)
[4756] +173.425742 ASYNC-IN-DONE ep=0x81 len=0 status=2 actual=0
[4757] +173.425852 ASYNC-IN-SUBMIT ep=0x81 len=0 type=BULK (in, awaiting data)
[4758] +173.529851 ASYNC-IN-DONE ep=0x81 len=0 status=2 actual=0
[4759] +173.529959 ASYNC-IN-SUBMIT ep=0x81 len=0 type=BULK (in, awaiting data)
[4760] +173.605412 ASYNC-IN-DONE ep=0x81 len=16 status=0 actual=16
	0000  08 00 00 18 f0 03 02 10  00 ac 00 10 09 02 00 00 |................|
[4761] +173.605492 ASYNC-IN-SUBMIT ep=0x81 len=0 type=BULK (in, awaiting data)
[4762] +173.629601 ASYNC-OUT ep=0x01 len=16 type=BULK 
	0000  08 00 00 18 01 10 ef 03  00 b9 00 10 93 1e 00 00 |................|
[4763] +173.629978 ASYNC-OUT-DONE ep=0x01 len=0 status=0 actual=16
[4764] +173.717356 ASYNC-IN-DONE ep=0x81 len=0 status=2 actual=0
[4765] +173.717444 ASYNC-IN-SUBMIT ep=0x81 len=0 type=BULK (in, awaiting data)
[4766] +173.785033 ASYNC-OUT ep=0x01 len=16 type=BULK 
	0000  08 00 00 18 80 10 ed 03  00 bd 00 10 41 1b 00 00 |............A...|
[4767] +173.785266 ASYNC-OUT ep=0x01 len=16 type=BULK 
	0000  08 00 00 18 02 10 f0 03  00 a6 00 10 6d 10 00 00 |............m...|
[4768] +173.785395 ASYNC-OUT-DONE ep=0x01 len=0 status=0 actual=16
[4769] +173.785457 ASYNC-OUT-DONE ep=0x01 len=0 status=0 actual=16
[4770] +173.806212 ASYNC-IN-DONE ep=0x81 len=16 status=0 actual=16
	0000  08 00 00 18 ed 03 80 10  00 c4 00 10 02 03 00 00 |................|
[4771] +173.806343 ASYNC-IN-SUBMIT ep=0x81 len=0 type=BULK (in, awaiting data)
[4772] +173.910646 ASYNC-IN-DONE ep=0x81 len=0 status=2 actual=0
[4773] +173.910734 ASYNC-IN-SUBMIT ep=0x81 len=0 type=BULK (in, awaiting data)
[4774] +174.023551 ASYNC-IN-DONE ep=0x81 len=0 status=2 actual=0
[4775] +174.023670 ASYNC-IN-SUBMIT ep=0x81 len=0 type=BULK (in, awaiting data)
[4776] +174.133262 ASYNC-IN-DONE ep=0x81 len=0 status=2 actual=0
[4777] +174.133377 ASYNC-IN-SUBMIT ep=0x81 len=0 type=BULK (in, awaiting data)
[4778] +174.207385 ASYNC-IN-DONE ep=0x81 len=16 status=0 actual=16
	0000  08 00 00 18 ef 03 01 10  00 c1 00 10 65 02 00 00 |............e...|
[4779] +174.207519 ASYNC-IN-SUBMIT ep=0x81 len=0 type=BULK (in, awaiting data)
[4780] +174.320376 ASYNC-IN-DONE ep=0x81 len=0 status=2 actual=0
[4781] +174.320482 ASYNC-IN-SUBMIT ep=0x81 len=0 type=BULK (in, awaiting data)
[4782] +174.430363 ASYNC-IN-DONE ep=0x81 len=0 status=2 actual=0
[4783] +174.430453 ASYNC-IN-SUBMIT ep=0x81 len=0 type=BULK (in, awaiting data)
[4784] +174.542353 ASYNC-IN-DONE ep=0x81 len=0 status=2 actual=0
[4785] +174.542470 ASYNC-IN-SUBMIT ep=0x81 len=0 type=BULK (in, awaiting data)
[4786] +174.609771 ASYNC-IN-DONE ep=0x81 len=16 status=0 actual=16
	0000  08 00 00 18 f0 03 02 10  00 ad 00 10 09 02 00 00 |................|
[4787] +174.609915 ASYNC-IN-SUBMIT ep=0x81 len=0 type=BULK (in, awaiting data)
[4788] +174.667140 ASYNC-OUT ep=0x01 len=16 type=BULK 
	0000  08 00 00 18 01 10 ef 03  00 ba 00 10 93 1e 00 00 |................|
[4789] +174.667509 ASYNC-OUT-DONE ep=0x01 len=0 status=0 actual=16
[4790] +174.722744 ASYNC-IN-DONE ep=0x81 len=0 status=2 actual=0
[4791] +174.722826 ASYNC-IN-SUBMIT ep=0x81 len=0 type=BULK (in, awaiting data)
[4792] +174.810170 ASYNC-IN-DONE ep=0x81 len=16 status=0 actual=16
	0000  08 00 00 18 ed 03 80 10  00 c5 00 10 02 03 00 00 |................|
[4793] +174.810282 ASYNC-IN-SUBMIT ep=0x81 len=0 type=BULK (in, awaiting data)
[4794] +174.822407 ASYNC-OUT ep=0x01 len=16 type=BULK 
	0000  08 00 00 18 80 10 ed 03  00 be 00 10 41 1b 00 00 |............A...|
[4795] +174.822601 ASYNC-OUT ep=0x01 len=16 type=BULK 
	0000  08 00 00 18 02 10 f0 03  00 a7 00 10 6d 10 00 00 |............m...|
[4796] +174.822719 ASYNC-OUT-DONE ep=0x01 len=0 status=0 actual=16
[4797] +174.822753 ASYNC-OUT-DONE ep=0x01 len=0 status=0 actual=16
[4798] +174.923192 ASYNC-IN-DONE ep=0x81 len=0 status=2 actual=0
[4799] +174.923387 ASYNC-IN-SUBMIT ep=0x81 len=0 type=BULK (in, awaiting data)
[4800] +175.024984 ASYNC-IN-DONE ep=0x81 len=0 status=2 actual=0
[4801] +175.025066 ASYNC-IN-SUBMIT ep=0x81 len=0 type=BULK (in, awaiting data)
[4802] +175.125658 ASYNC-IN-DONE ep=0x81 len=0 status=2 actual=0
[4803] +175.125748 ASYNC-IN-SUBMIT ep=0x81 len=0 type=BULK (in, awaiting data)
[4804] +175.211736 ASYNC-IN-DONE ep=0x81 len=16 status=0 actual=16
	0000  08 00 00 18 ef 03 01 10  00 c2 00 10 65 02 00 00 |............e...|
[4805] +175.211848 ASYNC-IN-SUBMIT ep=0x81 len=0 type=BULK (in, awaiting data)
[4806] +175.324680 ASYNC-IN-DONE ep=0x81 len=0 status=2 actual=0
[4807] +175.324769 ASYNC-IN-SUBMIT ep=0x81 len=0 type=BULK (in, awaiting data)
[4808] +175.437591 ASYNC-IN-DONE ep=0x81 len=0 status=2 actual=0
[4809] +175.437704 ASYNC-IN-SUBMIT ep=0x81 len=0 type=BULK (in, awaiting data)
[4810] +175.547026 ASYNC-IN-DONE ep=0x81 len=0 status=2 actual=0
[4811] +175.547136 ASYNC-IN-SUBMIT ep=0x81 len=0 type=BULK (in, awaiting data)
[4812] +175.612582 ASYNC-IN-DONE ep=0x81 len=16 status=0 actual=16
	0000  08 00 00 18 f0 03 02 10  00 ae 00 10 09 02 00 00 |................|
[4813] +175.612736 ASYNC-IN-SUBMIT ep=0x81 len=0 type=BULK (in, awaiting data)
[4814] +175.706195 ASYNC-OUT ep=0x01 len=16 type=BULK 
	0000  08 00 00 18 01 10 ef 03  00 bb 00 10 93 1e 00 00 |................|
[4815] +175.706472 ASYNC-OUT-DONE ep=0x01 len=0 status=0 actual=16
[4816] +175.725582 ASYNC-IN-DONE ep=0x81 len=0 status=2 actual=0
[4817] +175.725676 ASYNC-IN-SUBMIT ep=0x81 len=0 type=BULK (in, awaiting data)
[4818] +175.813020 ASYNC-IN-DONE ep=0x81 len=16 status=0 actual=16
	0000  08 00 00 18 ed 03 80 10  00 c6 00 10 02 03 00 00 |................|
[4819] +175.813188 ASYNC-IN-SUBMIT ep=0x81 len=0 type=BULK (in, awaiting data)
[4820] +175.861752 ASYNC-OUT ep=0x01 len=16 type=BULK 
	0000  08 00 00 18 80 10 ed 03  00 bf 00 10 41 1b 00 00 |............A...|
[4821] +175.861950 ASYNC-OUT ep=0x01 len=16 type=BULK 
	0000  08 00 00 18 02 10 f0 03  00 a8 00 10 6d 10 00 00 |............m...|
[4822] +175.862079 ASYNC-OUT-DONE ep=0x01 len=0 status=0 actual=16
[4823] +175.862123 ASYNC-OUT-DONE ep=0x01 len=0 status=0 actual=16
[4824] +175.925998 ASYNC-IN-DONE ep=0x81 len=0 status=2 actual=0
[4825] +175.926098 ASYNC-IN-SUBMIT ep=0x81 len=0 type=BULK (in, awaiting data)
[4826] +176.038899 ASYNC-IN-DONE ep=0x81 len=0 status=2 actual=0
[4827] +176.039008 ASYNC-IN-SUBMIT ep=0x81 len=0 type=BULK (in, awaiting data)
[4828] +176.149578 ASYNC-IN-DONE ep=0x81 len=0 status=2 actual=0
[4829] +176.149663 ASYNC-IN-SUBMIT ep=0x81 len=0 type=BULK (in, awaiting data)
[4830] +176.214510 ASYNC-IN-DONE ep=0x81 len=16 status=0 actual=16
	0000  08 00 00 18 ef 03 01 10  00 c3 00 10 65 02 00 00 |............e...|
[4831] +176.214628 ASYNC-IN-SUBMIT ep=0x81 len=0 type=BULK (in, awaiting data)
[4832] +176.325060 ASYNC-IN-DONE ep=0x81 len=0 status=2 actual=0
[4833] +176.325160 ASYNC-IN-SUBMIT ep=0x81 len=0 type=BULK (in, awaiting data)
[4834] +176.433373 ASYNC-IN-DONE ep=0x81 len=0 status=2 actual=0
[4835] +176.433462 ASYNC-IN-SUBMIT ep=0x81 len=0 type=BULK (in, awaiting data)
[4836] +176.537488 ASYNC-IN-DONE ep=0x81 len=0 status=2 actual=0
[4837] +176.537588 ASYNC-IN-SUBMIT ep=0x81 len=0 type=BULK (in, awaiting data)
[4838] +176.615323 ASYNC-IN-DONE ep=0x81 len=16 status=0 actual=16
	0000  08 00 00 18 f0 03 02 10  00 af 00 10 09 02 00 00 |................|
[4839] +176.615436 ASYNC-IN-SUBMIT ep=0x81 len=0 type=BULK (in, awaiting data)
[4840] +176.727418 ASYNC-IN-DONE ep=0x81 len=0 status=2 actual=0
[4841] +176.727498 ASYNC-IN-SUBMIT ep=0x81 len=0 type=BULK (in, awaiting data)
[4842] +176.744742 ASYNC-OUT ep=0x01 len=16 type=BULK 
	0000  08 00 00 18 01 10 ef 03  00 bc 00 10 93 1e 00 00 |................|
[4843] +176.745102 ASYNC-OUT-DONE ep=0x01 len=0 status=0 actual=16
[4844] +176.816543 ASYNC-IN-DONE ep=0x81 len=16 status=0 actual=16
	0000  08 00 00 18 ed 03 80 10  00 c7 00 10 02 03 00 00 |................|
[4845] +176.816581 ASYNC-IN-SUBMIT ep=0x81 len=0 type=BULK (in, awaiting data)
[4846] +176.900816 ASYNC-OUT ep=0x01 len=16 type=BULK 
	0000  08 00 00 18 80 10 ed 03  00 c0 00 10 41 1b 00 00 |............A...|
[4847] +176.900969 ASYNC-OUT ep=0x01 len=16 type=BULK 
	0000  08 00 00 18 02 10 f0 03  00 a9 00 10 6d 10 00 00 |............m...|
[4848] +176.901060 ASYNC-OUT-DONE ep=0x01 len=0 status=0 actual=16
[4849] +176.901133 ASYNC-OUT-DONE ep=0x01 len=0 status=0 actual=16
[4850] +176.926899 ASYNC-IN-DONE ep=0x81 len=0 status=2 actual=0
[4851] +176.926944 ASYNC-IN-SUBMIT ep=0x81 len=0 type=BULK (in, awaiting data)
[4852] +177.039622 ASYNC-IN-DONE ep=0x81 len=0 status=2 actual=0
[4853] +177.039647 ASYNC-IN-SUBMIT ep=0x81 len=0 type=BULK (in, awaiting data)
[4854] +177.147627 ASYNC-IN-DONE ep=0x81 len=0 status=2 actual=0
[4855] +177.147649 ASYNC-IN-SUBMIT ep=0x81 len=0 type=BULK (in, awaiting data)
[4856] +177.217309 ASYNC-IN-DONE ep=0x81 len=16 status=0 actual=16
	0000  08 00 00 18 ef 03 01 10  00 c4 00 10 65 02 00 00 |............e...|
[4857] +177.217346 ASYNC-IN-SUBMIT ep=0x81 len=0 type=BULK (in, awaiting data)
### MARK PARAM-PeakReduction-slider
[4858] +177.329998 ASYNC-IN-DONE ep=0x81 len=0 status=2 actual=0
[4859] +177.330017 ASYNC-IN-SUBMIT ep=0x81 len=0 type=BULK (in, awaiting data)
[4860] +177.368733 ASYNC-OUT ep=0x01 len=48 type=BULK 
	0000  27 00 00 18 80 10 ed 03  00 c1 00 04 41 1b 00 00 |'...........A...|
	0010  01 00 06 00 17 00 00 00  83 66 cd 03 f5 64 1e 65 |.........f...d.e|
	0020  85 62 06 1d c3 1a 00 1c  00 77 ca 3e a8 f5 c3 00 |.b.......w.>....|
[4861] +177.369046 ASYNC-OUT-DONE ep=0x01 len=0 status=0 actual=48
[4862] +177.370896 ASYNC-IN-DONE ep=0x81 len=48 status=0 actual=48
	0000  27 00 00 18 ed 03 80 10  00 c8 00 04 21 03 00 00 |'...........!...|
	0010  00 00 06 00 17 00 00 00  83 66 cd 03 f5 67 00 68 |.........f...g.h|
	0020  85 62 06 1d c3 1a 00 1c  00 77 ca 3e a8 f5 c3 81 |.b.......w.>....|
[4863] +177.370948 ASYNC-IN-SUBMIT ep=0x81 len=0 type=BULK (in, awaiting data)
[4864] +177.417789 ASYNC-IN-DONE ep=0x81 len=16 status=0 actual=16
	0000  08 00 00 18 ed 03 80 10  00 c9 00 08 21 03 00 00 |............!...|
[4865] +177.417896 ASYNC-IN-SUBMIT ep=0x81 len=0 type=BULK (in, awaiting data)
[4866] +177.419374 ASYNC-OUT ep=0x01 len=48 type=BULK 
	0000  27 00 00 18 80 10 ed 03  00 c2 00 0c 60 1b 00 00 |'...........`...|
	0010  01 00 06 00 17 00 00 00  83 66 cd 03 f6 64 1e 65 |.........f...d.e|
	0020  85 62 06 1d c3 1a 00 1c  00 77 ca 3d 4c cc cd 00 |.b.......w.=L...|
[4867] +177.419665 ASYNC-OUT-DONE ep=0x01 len=0 status=0 actual=48
[4868] +177.422419 ASYNC-IN-DONE ep=0x81 len=48 status=0 actual=48
	0000  27 00 00 18 ed 03 80 10  00 ca 00 04 40 03 00 00 |'...........@...|
	0010  00 00 06 00 17 00 00 00  83 66 cd 03 f6 67 00 68 |.........f...g.h|
	0020  85 62 06 1d c3 1a 00 1c  00 77 ca 3d 4c cc cd 81 |.b.......w.=L...|
[4869] +177.422471 ASYNC-IN-SUBMIT ep=0x81 len=0 type=BULK (in, awaiting data)
[4870] +177.422739 ASYNC-IN-DONE ep=0x81 len=52 status=0 actual=52
	0000  2b 00 00 18 f0 03 02 10  00 b0 00 04 09 02 00 00 |+...............|
	0010  00 00 04 00 1b 00 00 00  82 69 1e 6a 84 52 00 44 |.........i.j.R.D|
	0020  06 79 14 6a 85 62 06 1d  c3 1a 00 1c 00 77 ca 3d |.y.j.b.......w.=|
	0030  4c cc cd 84                                      |L...|
[4871] +177.422809 ASYNC-IN-SUBMIT ep=0x81 len=0 type=BULK (in, awaiting data)
[4872] +177.471310 ASYNC-OUT ep=0x01 len=48 type=BULK 
	0000  27 00 00 18 80 10 ed 03  00 c3 00 0c 7f 1b 00 00 |'...............|
	0010  01 00 06 00 17 00 00 00  83 66 cd 03 f7 64 1e 65 |.........f...d.e|
	0020  85 62 06 1d c3 1a 00 1c  00 77 ca 3d 4c cc cd 00 |.b.......w.=L...|
[4873] +177.471539 ASYNC-OUT ep=0x01 len=16 type=BULK 
	0000  08 00 00 18 02 10 f0 03  00 aa 00 08 90 10 00 00 |................|
[4874] +177.471673 ASYNC-OUT-DONE ep=0x01 len=0 status=0 actual=48
[4875] +177.471778 ASYNC-OUT-DONE ep=0x01 len=0 status=0 actual=16
[4876] +177.473506 ASYNC-IN-DONE ep=0x81 len=48 status=0 actual=48
	0000  27 00 00 18 ed 03 80 10  00 cb 00 04 5f 03 00 00 |'..........._...|
	0010  00 00 06 00 17 00 00 00  83 66 cd 03 f7 67 00 68 |.........f...g.h|
	0020  85 62 06 1d c3 1a 00 1c  00 77 ca 3d 4c cc cd 3d |.b.......w.=L..=|
[4877] +177.473558 ASYNC-IN-SUBMIT ep=0x81 len=0 type=BULK (in, awaiting data)
[4878] +177.522606 ASYNC-OUT ep=0x01 len=16 type=BULK 
	0000  08 00 00 18 80 10 ed 03  00 c4 00 08 9e 1b 00 00 |................|
[4879] +177.522918 ASYNC-OUT-DONE ep=0x01 len=0 status=0 actual=16
[4880] +177.585949 ASYNC-IN-DONE ep=0x81 len=0 status=2 actual=0
[4881] +177.585979 ASYNC-IN-SUBMIT ep=0x81 len=0 type=BULK (in, awaiting data)
[4882] +177.618183 ASYNC-IN-DONE ep=0x81 len=16 status=0 actual=16
	0000  08 00 00 18 ed 03 80 10  00 cc 00 08 5f 03 00 00 |............_...|
[4883] +177.618228 ASYNC-IN-SUBMIT ep=0x81 len=0 type=BULK (in, awaiting data)
[4884] +177.722765 ASYNC-IN-DONE ep=0x81 len=0 status=2 actual=0
[4885] +177.722873 ASYNC-IN-SUBMIT ep=0x81 len=0 type=BULK (in, awaiting data)
[4886] +177.782767 ASYNC-OUT ep=0x01 len=16 type=BULK 
	0000  08 00 00 18 01 10 ef 03  00 bd 00 10 93 1e 00 00 |................|
[4887] +177.783077 ASYNC-OUT-DONE ep=0x01 len=0 status=0 actual=16
[4888] +177.834601 ASYNC-IN-DONE ep=0x81 len=0 status=2 actual=0
[4889] +177.834681 ASYNC-IN-SUBMIT ep=0x81 len=0 type=BULK (in, awaiting data)
[4890] +177.943675 ASYNC-IN-DONE ep=0x81 len=0 status=2 actual=0
[4891] +177.943764 ASYNC-IN-SUBMIT ep=0x81 len=0 type=BULK (in, awaiting data)
[4892] +178.055641 ASYNC-IN-DONE ep=0x81 len=0 status=2 actual=0
[4893] +178.055745 ASYNC-IN-SUBMIT ep=0x81 len=0 type=BULK (in, awaiting data)
[4894] +178.168582 ASYNC-IN-DONE ep=0x81 len=0 status=2 actual=0
[4895] +178.168678 ASYNC-IN-SUBMIT ep=0x81 len=0 type=BULK (in, awaiting data)
[4896] +178.221370 ASYNC-IN-DONE ep=0x81 len=16 status=0 actual=16
	0000  08 00 00 18 ef 03 01 10  00 c5 00 10 65 02 00 00 |............e...|
[4897] +178.221527 ASYNC-IN-SUBMIT ep=0x81 len=0 type=BULK (in, awaiting data)
[4898] +178.333036 ASYNC-IN-DONE ep=0x81 len=0 status=2 actual=0
[4899] +178.333143 ASYNC-IN-SUBMIT ep=0x81 len=0 type=BULK (in, awaiting data)
[4900] +178.421769 ASYNC-IN-DONE ep=0x81 len=16 status=0 actual=16
	0000  08 00 00 18 f0 03 02 10  00 b1 00 10 09 02 00 00 |................|
[4901] +178.421881 ASYNC-IN-SUBMIT ep=0x81 len=0 type=BULK (in, awaiting data)
[4902] +178.507309 ASYNC-OUT ep=0x01 len=16 type=BULK 
	0000  08 00 00 18 02 10 f0 03  00 ab 00 10 90 10 00 00 |................|
[4903] +178.507725 ASYNC-OUT-DONE ep=0x01 len=0 status=0 actual=16
[4904] +178.534181 ASYNC-IN-DONE ep=0x81 len=0 status=2 actual=0
[4905] +178.534262 ASYNC-IN-SUBMIT ep=0x81 len=0 type=BULK (in, awaiting data)
[4906] +178.559318 ASYNC-OUT ep=0x01 len=16 type=BULK 
	0000  08 00 00 18 80 10 ed 03  00 c5 00 10 9e 1b 00 00 |................|
[4907] +178.559485 ASYNC-OUT-DONE ep=0x01 len=0 status=0 actual=16
[4908] +178.622171 ASYNC-IN-DONE ep=0x81 len=16 status=0 actual=16
	0000  08 00 00 18 ed 03 80 10  00 cd 00 10 5f 03 00 00 |............_...|
[4909] +178.622283 ASYNC-IN-SUBMIT ep=0x81 len=0 type=BULK (in, awaiting data)
[4910] +178.728577 ASYNC-IN-DONE ep=0x81 len=0 status=2 actual=0
[4911] +178.728644 ASYNC-IN-SUBMIT ep=0x81 len=0 type=BULK (in, awaiting data)
[4912] +178.819531 ASYNC-OUT ep=0x01 len=16 type=BULK 
	0000  08 00 00 18 01 10 ef 03  00 be 00 10 93 1e 00 00 |................|
[4913] +178.819784 ASYNC-OUT-DONE ep=0x01 len=0 status=0 actual=16
[4914] +178.841326 ASYNC-IN-DONE ep=0x81 len=0 status=2 actual=0
[4915] +178.841360 ASYNC-IN-SUBMIT ep=0x81 len=0 type=BULK (in, awaiting data)
[4916] +178.950127 ASYNC-IN-DONE ep=0x81 len=0 status=2 actual=0
[4917] +178.950214 ASYNC-IN-SUBMIT ep=0x81 len=0 type=BULK (in, awaiting data)
[4918] +179.062927 ASYNC-IN-DONE ep=0x81 len=0 status=2 actual=0
[4919] +179.062956 ASYNC-IN-SUBMIT ep=0x81 len=0 type=BULK (in, awaiting data)
### MARK PARAM-Gain-slider
[4920] +179.175837 ASYNC-IN-DONE ep=0x81 len=0 status=2 actual=0
[4921] +179.175849 ASYNC-IN-SUBMIT ep=0x81 len=0 type=BULK (in, awaiting data)
[4922] +179.224185 ASYNC-IN-DONE ep=0x81 len=16 status=0 actual=16
	0000  08 00 00 18 ef 03 01 10  00 c6 00 10 65 02 00 00 |............e...|
[4923] +179.224228 ASYNC-IN-SUBMIT ep=0x81 len=0 type=BULK (in, awaiting data)
[4924] +179.337021 ASYNC-IN-DONE ep=0x81 len=0 status=2 actual=0
[4925] +179.337079 ASYNC-IN-SUBMIT ep=0x81 len=0 type=BULK (in, awaiting data)
[4926] +179.338534 ASYNC-OUT ep=0x01 len=48 type=BULK 
	0000  27 00 00 18 80 10 ed 03  00 c6 00 04 9e 1b 00 00 |'...............|
	0010  01 00 06 00 17 00 00 00  83 66 cd 03 f8 64 1e 65 |.........f...d.e|
	0020  85 62 06 1d c3 1a 00 1c  01 77 ca 3f 11 eb 85 00 |.b.......w.?....|
[4927] +179.338800 ASYNC-OUT-DONE ep=0x01 len=0 status=0 actual=48
[4928] +179.340330 ASYNC-IN-DONE ep=0x81 len=48 status=0 actual=48
	0000  27 00 00 18 ed 03 80 10  00 ce 00 04 7e 03 00 00 |'...........~...|
	0010  00 00 06 00 17 00 00 00  83 66 cd 03 f8 67 00 68 |.........f...g.h|
	0020  85 62 06 1d c3 1a 00 1c  01 77 ca 3f 11 eb 85 3d |.b.......w.?...=|
[4929] +179.340370 ASYNC-IN-SUBMIT ep=0x81 len=0 type=BULK (in, awaiting data)
[4930] +179.390601 ASYNC-OUT ep=0x01 len=48 type=BULK 
	0000  27 00 00 18 80 10 ed 03  00 c7 00 0c bd 1b 00 00 |'...............|
	0010  01 00 06 00 17 00 00 00  83 66 cd 03 f9 64 1e 65 |.........f...d.e|
	0020  85 62 06 1d c3 1a 00 1c  01 77 ca 3e ae 14 7b 00 |.b.......w.>..{.|
[4931] +179.390922 ASYNC-OUT-DONE ep=0x01 len=0 status=0 actual=48
[4932] +179.393099 ASYNC-IN-DONE ep=0x81 len=48 status=0 actual=48
	0000  27 00 00 18 ed 03 80 10  00 cf 00 04 9d 03 00 00 |'...............|
	0010  00 00 06 00 17 00 00 00  83 66 cd 03 f9 67 00 68 |.........f...g.h|
	0020  85 62 06 1d c3 1a 00 1c  01 77 ca 3e ae 14 7b 3d |.b.......w.>..{=|
[4933] +179.393210 ASYNC-IN-SUBMIT ep=0x81 len=0 type=BULK (in, awaiting data)
[4934] +179.393786 ASYNC-IN-DONE ep=0x81 len=52 status=0 actual=52
	0000  2b 00 00 18 f0 03 02 10  00 b2 00 04 09 02 00 00 |+...............|
	0010  00 00 04 00 1b 00 00 00  82 69 1e 6a 84 52 00 44 |.........i.j.R.D|
	0020  06 79 14 6a 85 62 06 1d  c3 1a 00 1c 01 77 ca 3e |.y.j.b.......w.>|
	0030  ae 14 7b 84                                      |..{.|
[4935] +179.393936 ASYNC-IN-SUBMIT ep=0x81 len=0 type=BULK (in, awaiting data)
[4936] +179.424852 ASYNC-IN-DONE ep=0x81 len=16 status=0 actual=16
	0000  08 00 00 18 ed 03 80 10  00 d0 00 08 9d 03 00 00 |................|
[4937] +179.424903 ASYNC-IN-SUBMIT ep=0x81 len=0 type=BULK (in, awaiting data)
[4938] +179.442497 ASYNC-OUT ep=0x01 len=48 type=BULK 
	0000  27 00 00 18 80 10 ed 03  00 c8 00 0c dc 1b 00 00 |'...............|
	0010  01 00 06 00 17 00 00 00  83 66 cd 03 fa 64 1e 65 |.........f...d.e|
	0020  85 62 06 1d c3 1a 00 1c  01 77 ca 3e ae 14 7b 00 |.b.......w.>..{.|
[4939] +179.442673 ASYNC-OUT ep=0x01 len=16 type=BULK 
	0000  08 00 00 18 02 10 f0 03  00 ac 00 08 b3 10 00 00 |................|
[4940] +179.442787 ASYNC-OUT-DONE ep=0x01 len=0 status=0 actual=48
[4941] +179.442903 ASYNC-OUT-DONE ep=0x01 len=0 status=0 actual=16
[4942] +179.444696 ASYNC-IN-DONE ep=0x81 len=48 status=0 actual=48
	0000  27 00 00 18 ed 03 80 10  00 d1 00 04 bc 03 00 00 |'...............|
	0010  00 00 06 00 17 00 00 00  83 66 cd 03 fa 67 00 68 |.........f...g.h|
	0020  85 62 06 1d c3 1a 00 1c  01 77 ca 3e ae 14 7b 3e |.b.......w.>..{>|
[4943] +179.444736 ASYNC-IN-SUBMIT ep=0x81 len=0 type=BULK (in, awaiting data)
[4944] +179.494618 ASYNC-OUT ep=0x01 len=16 type=BULK 
	0000  08 00 00 18 80 10 ed 03  00 c9 00 08 fb 1b 00 00 |................|
[4945] +179.494923 ASYNC-OUT-DONE ep=0x01 len=0 status=0 actual=16
[4946] +179.546418 ASYNC-IN-DONE ep=0x81 len=0 status=2 actual=0
[4947] +179.546494 ASYNC-IN-SUBMIT ep=0x81 len=0 type=BULK (in, awaiting data)
[4948] +179.625317 ASYNC-IN-DONE ep=0x81 len=16 status=0 actual=16
	0000  08 00 00 18 ed 03 80 10  00 d2 00 08 bc 03 00 00 |................|
[4949] +179.625420 ASYNC-IN-SUBMIT ep=0x81 len=0 type=BULK (in, awaiting data)
[4950] +179.738254 ASYNC-IN-DONE ep=0x81 len=0 status=2 actual=0
[4951] +179.738342 ASYNC-IN-SUBMIT ep=0x81 len=0 type=BULK (in, awaiting data)
[4952] +179.851167 ASYNC-IN-DONE ep=0x81 len=0 status=2 actual=0
[4953] +179.851208 ASYNC-IN-SUBMIT ep=0x81 len=0 type=BULK (in, awaiting data)
[4954] +179.858514 ASYNC-OUT ep=0x01 len=16 type=BULK 
	0000  08 00 00 18 01 10 ef 03  00 bf 00 10 93 1e 00 00 |................|
[4955] +179.858784 ASYNC-OUT-DONE ep=0x01 len=0 status=0 actual=16
[4956] +179.964064 ASYNC-IN-DONE ep=0x81 len=0 status=2 actual=0
[4957] +179.964134 ASYNC-IN-SUBMIT ep=0x81 len=0 type=BULK (in, awaiting data)
[4958] +180.070650 ASYNC-IN-DONE ep=0x81 len=0 status=2 actual=0
[4959] +180.070738 ASYNC-IN-SUBMIT ep=0x81 len=0 type=BULK (in, awaiting data)
[4960] +180.180395 ASYNC-IN-DONE ep=0x81 len=0 status=2 actual=0
[4961] +180.180483 ASYNC-IN-SUBMIT ep=0x81 len=0 type=BULK (in, awaiting data)
[4962] +180.227317 ASYNC-IN-DONE ep=0x81 len=16 status=0 actual=16
	0000  08 00 00 18 ef 03 01 10  00 c7 00 10 65 02 00 00 |............e...|
[4963] +180.227415 ASYNC-IN-SUBMIT ep=0x81 len=0 type=BULK (in, awaiting data)
[4964] +180.227544 ASYNC-IN-DONE ep=0x81 len=16 status=0 actual=16
	0000  08 00 00 18 f0 03 02 10  00 b3 00 10 09 02 00 00 |................|
[4965] +180.227584 ASYNC-IN-SUBMIT ep=0x81 len=0 type=BULK (in, awaiting data)
[4966] +180.340415 ASYNC-IN-DONE ep=0x81 len=0 status=2 actual=0
[4967] +180.340501 ASYNC-IN-SUBMIT ep=0x81 len=0 type=BULK (in, awaiting data)
[4968] +180.450898 ASYNC-IN-DONE ep=0x81 len=0 status=2 actual=0
[4969] +180.450996 ASYNC-IN-SUBMIT ep=0x81 len=0 type=BULK (in, awaiting data)
[4970] +180.482282 ASYNC-OUT ep=0x01 len=16 type=BULK 
	0000  08 00 00 18 02 10 f0 03  00 ad 00 10 b3 10 00 00 |................|
[4971] +180.482606 ASYNC-OUT-DONE ep=0x01 len=0 status=0 actual=16
[4972] +180.534305 ASYNC-OUT ep=0x01 len=16 type=BULK 
	0000  08 00 00 18 80 10 ed 03  00 ca 00 10 fb 1b 00 00 |................|
[4973] +180.534497 ASYNC-OUT-DONE ep=0x01 len=0 status=0 actual=16
[4974] +180.563130 ASYNC-IN-DONE ep=0x81 len=0 status=2 actual=0
[4975] +180.563210 ASYNC-IN-SUBMIT ep=0x81 len=0 type=BULK (in, awaiting data)
[4976] +180.628673 ASYNC-IN-DONE ep=0x81 len=16 status=0 actual=16
	0000  08 00 00 18 ed 03 80 10  00 d3 00 10 bc 03 00 00 |................|
[4977] +180.628810 ASYNC-IN-SUBMIT ep=0x81 len=0 type=BULK (in, awaiting data)
[4978] +180.733989 ASYNC-IN-DONE ep=0x81 len=0 status=2 actual=0
[4979] +180.734050 ASYNC-IN-SUBMIT ep=0x81 len=0 type=BULK (in, awaiting data)
[4980] +180.846405 ASYNC-IN-DONE ep=0x81 len=0 status=2 actual=0
[4981] +180.846431 ASYNC-IN-SUBMIT ep=0x81 len=0 type=BULK (in, awaiting data)
[4982] +180.894559 ASYNC-OUT ep=0x01 len=16 type=BULK 
	0000  08 00 00 18 01 10 ef 03  00 c0 00 10 93 1e 00 00 |................|
[4983] +180.894766 ASYNC-OUT-DONE ep=0x01 len=0 status=0 actual=16
[4984] +180.952443 ASYNC-IN-DONE ep=0x81 len=0 status=2 actual=0
[4985] +180.952470 ASYNC-IN-SUBMIT ep=0x81 len=0 type=BULK (in, awaiting data)
[4986] +181.053600 ASYNC-IN-DONE ep=0x81 len=0 status=2 actual=0
[4987] +181.053629 ASYNC-IN-SUBMIT ep=0x81 len=0 type=BULK (in, awaiting data)
### MARK PARAM-Type-toggle-Limit
[4988] +181.157697 ASYNC-IN-DONE ep=0x81 len=0 status=2 actual=0
[4989] +181.157711 ASYNC-IN-SUBMIT ep=0x81 len=0 type=BULK (in, awaiting data)
[4990] +181.230983 ASYNC-IN-DONE ep=0x81 len=16 status=0 actual=16
	0000  08 00 00 18 ef 03 01 10  00 c8 00 10 65 02 00 00 |............e...|
[4991] +181.231037 ASYNC-IN-SUBMIT ep=0x81 len=0 type=BULK (in, awaiting data)
[4992] +181.231156 ASYNC-IN-DONE ep=0x81 len=16 status=0 actual=16
	0000  08 00 00 18 f0 03 02 10  00 b4 00 10 09 02 00 00 |................|
[4993] +181.231176 ASYNC-IN-SUBMIT ep=0x81 len=0 type=BULK (in, awaiting data)
[4994] +181.258440 ASYNC-OUT ep=0x01 len=44 type=BULK 
	0000  23 00 00 18 80 10 ed 03  00 cb 00 04 fb 1b 00 00 |#...............|
	0010  01 00 06 00 13 00 00 00  83 66 cd 03 fb 64 1e 65 |.........f...d.e|
	0020  85 62 06 1d c3 1a 00 1c  02 77 c2 00             |.b.......w..|
[4995] +181.258794 ASYNC-OUT-DONE ep=0x01 len=0 status=0 actual=44
[4996] +181.260395 ASYNC-IN-DONE ep=0x81 len=44 status=0 actual=44
	0000  23 00 00 18 ed 03 80 10  00 d4 00 04 d7 03 00 00 |#...............|
	0010  00 00 06 00 13 00 00 00  83 66 cd 03 fb 67 00 68 |.........f...g.h|
	0020  85 62 06 1d c3 1a 00 1c  02 77 c2 3e             |.b.......w.>|
[4997] +181.260450 ASYNC-IN-SUBMIT ep=0x81 len=0 type=BULK (in, awaiting data)
[4998] +181.310542 ASYNC-OUT ep=0x01 len=44 type=BULK 
	0000  23 00 00 18 80 10 ed 03  00 cc 00 0c 16 1c 00 00 |#...............|
	0010  01 00 06 00 13 00 00 00  83 66 cd 03 fc 64 1e 65 |.........f...d.e|
	0020  85 62 06 1d c3 1a 00 1c  02 77 c3 00             |.b.......w..|
[4999] +181.310856 ASYNC-OUT-DONE ep=0x01 len=0 status=0 actual=44
[5000] +181.313052 ASYNC-IN-DONE ep=0x81 len=44 status=0 actual=44
	0000  23 00 00 18 ed 03 80 10  00 d5 00 04 f2 03 00 00 |#...............|
	0010  00 00 06 00 13 00 00 00  83 66 cd 03 fc 67 00 68 |.........f...g.h|
	0020  85 62 06 1d c3 1a 00 1c  02 77 c3 3e             |.b.......w.>|
[5001] +181.313101 ASYNC-IN-SUBMIT ep=0x81 len=0 type=BULK (in, awaiting data)
[5002] +181.313362 ASYNC-IN-DONE ep=0x81 len=48 status=0 actual=48
	0000  27 00 00 18 f0 03 02 10  00 b5 00 04 09 02 00 00 |'...............|
	0010  00 00 04 00 17 00 00 00  82 69 1e 6a 84 52 00 44 |.........i.j.R.D|
	0020  06 79 14 6a 85 62 06 1d  c3 1a 00 1c 02 77 c3 3e |.y.j.b.......w.>|
[5003] +181.313396 ASYNC-IN-SUBMIT ep=0x81 len=0 type=BULK (in, awaiting data)
[5004] +181.362557 ASYNC-OUT ep=0x01 len=44 type=BULK 
	0000  23 00 00 18 80 10 ed 03  00 cd 00 0c 31 1c 00 00 |#...........1...|
	0010  01 00 06 00 13 00 00 00  83 66 cd 03 fd 64 1e 65 |.........f...d.e|
	0020  85 62 06 1d c3 1a 00 1c  02 77 c3 00             |.b.......w..|
[5005] +181.362729 ASYNC-OUT ep=0x01 len=16 type=BULK 
	0000  08 00 00 18 02 10 f0 03  00 ae 00 08 d2 10 00 00 |................|
[5006] +181.362841 ASYNC-OUT-DONE ep=0x01 len=0 status=0 actual=44
[5007] +181.362891 ASYNC-OUT-DONE ep=0x01 len=0 status=0 actual=16
[5008] +181.364644 ASYNC-IN-DONE ep=0x81 len=44 status=0 actual=44
	0000  23 00 00 18 ed 03 80 10  00 d6 00 04 0d 04 00 00 |#...............|
	0010  00 00 06 00 13 00 00 00  83 66 cd 03 fd 67 00 68 |.........f...g.h|
	0020  85 62 06 1d c3 1a 00 1c  02 77 c3 1c             |.b.......w..|
[5009] +181.364729 ASYNC-IN-SUBMIT ep=0x81 len=0 type=BULK (in, awaiting data)
[5010] +181.414637 ASYNC-OUT ep=0x01 len=16 type=BULK 
	0000  08 00 00 18 80 10 ed 03  00 ce 00 08 4c 1c 00 00 |............L...|
[5011] +181.414898 ASYNC-OUT-DONE ep=0x01 len=0 status=0 actual=16
[5012] +181.431567 ASYNC-IN-DONE ep=0x81 len=16 status=0 actual=16
	0000  08 00 00 18 ed 03 80 10  00 d7 00 08 0d 04 00 00 |................|
[5013] +181.431606 ASYNC-IN-SUBMIT ep=0x81 len=0 type=BULK (in, awaiting data)
[5014] +181.538183 ASYNC-IN-DONE ep=0x81 len=0 status=2 actual=0
[5015] +181.538295 ASYNC-IN-SUBMIT ep=0x81 len=0 type=BULK (in, awaiting data)
[5016] +181.648099 ASYNC-IN-DONE ep=0x81 len=0 status=2 actual=0
[5017] +181.648188 ASYNC-IN-SUBMIT ep=0x81 len=0 type=BULK (in, awaiting data)
[5018] +181.756315 ASYNC-IN-DONE ep=0x81 len=0 status=2 actual=0
[5019] +181.756375 ASYNC-IN-SUBMIT ep=0x81 len=0 type=BULK (in, awaiting data)
[5020] +181.869155 ASYNC-IN-DONE ep=0x81 len=0 status=2 actual=0
[5021] +181.869215 ASYNC-IN-SUBMIT ep=0x81 len=0 type=BULK (in, awaiting data)
[5022] +181.933808 ASYNC-OUT ep=0x01 len=16 type=BULK 
	0000  08 00 00 18 01 10 ef 03  00 c1 00 10 93 1e 00 00 |................|
[5023] +181.934068 ASYNC-OUT-DONE ep=0x01 len=0 status=0 actual=16
[5024] +181.973928 ASYNC-IN-DONE ep=0x81 len=0 status=2 actual=0
[5025] +181.973992 ASYNC-IN-SUBMIT ep=0x81 len=0 type=BULK (in, awaiting data)
[5026] +182.085650 ASYNC-IN-DONE ep=0x81 len=0 status=2 actual=0
[5027] +182.085735 ASYNC-IN-SUBMIT ep=0x81 len=0 type=BULK (in, awaiting data)
[5028] +182.190410 ASYNC-IN-DONE ep=0x81 len=0 status=2 actual=0
[5029] +182.190497 ASYNC-IN-SUBMIT ep=0x81 len=0 type=BULK (in, awaiting data)
[5030] +182.234475 ASYNC-IN-DONE ep=0x81 len=16 status=0 actual=16
	0000  08 00 00 18 ef 03 01 10  00 c9 00 10 65 02 00 00 |............e...|
[5031] +182.234615 ASYNC-IN-SUBMIT ep=0x81 len=0 type=BULK (in, awaiting data)
[5032] +182.234773 ASYNC-IN-DONE ep=0x81 len=16 status=0 actual=16
	0000  08 00 00 18 f0 03 02 10  00 b6 00 10 09 02 00 00 |................|
[5033] +182.234829 ASYNC-IN-SUBMIT ep=0x81 len=0 type=BULK (in, awaiting data)
[5034] +182.347608 ASYNC-IN-DONE ep=0x81 len=0 status=2 actual=0
[5035] +182.347703 ASYNC-IN-SUBMIT ep=0x81 len=0 type=BULK (in, awaiting data)
[5036] +182.401440 ASYNC-OUT ep=0x01 len=16 type=BULK 
	0000  08 00 00 18 02 10 f0 03  00 af 00 10 d2 10 00 00 |................|
[5037] +182.401726 ASYNC-OUT-DONE ep=0x01 len=0 status=0 actual=16
[5038] +182.435271 ASYNC-IN-DONE ep=0x81 len=16 status=0 actual=16
	0000  08 00 00 18 ed 03 80 10  00 d8 00 10 0d 04 00 00 |................|
[5039] +182.435385 ASYNC-IN-SUBMIT ep=0x81 len=0 type=BULK (in, awaiting data)
[5040] +182.453561 ASYNC-OUT ep=0x01 len=16 type=BULK 
	0000  08 00 00 18 80 10 ed 03  00 cf 00 10 4c 1c 00 00 |............L...|
[5041] +182.453900 ASYNC-OUT-DONE ep=0x01 len=0 status=0 actual=16
[5042] +182.547063 ASYNC-IN-DONE ep=0x81 len=0 status=2 actual=0
[5043] +182.547138 ASYNC-IN-SUBMIT ep=0x81 len=0 type=BULK (in, awaiting data)
[5044] +182.648271 ASYNC-IN-DONE ep=0x81 len=0 status=2 actual=0
[5045] +182.648332 ASYNC-IN-SUBMIT ep=0x81 len=0 type=BULK (in, awaiting data)
[5046] +182.751833 ASYNC-IN-DONE ep=0x81 len=0 status=2 actual=0
[5047] +182.751869 ASYNC-IN-SUBMIT ep=0x81 len=0 type=BULK (in, awaiting data)
[5048] +182.864644 ASYNC-IN-DONE ep=0x81 len=0 status=2 actual=0
[5049] +182.864683 ASYNC-IN-SUBMIT ep=0x81 len=0 type=BULK (in, awaiting data)
[5050] +182.973440 ASYNC-OUT ep=0x01 len=16 type=BULK 
	0000  08 00 00 18 01 10 ef 03  00 c2 00 10 93 1e 00 00 |................|
[5051] +182.973743 ASYNC-OUT-DONE ep=0x01 len=0 status=0 actual=16
[5052] +182.975573 ASYNC-IN-DONE ep=0x81 len=0 status=2 actual=0
[5053] +182.975588 ASYNC-IN-SUBMIT ep=0x81 len=0 type=BULK (in, awaiting data)
### MARK PARAM-Type-toggle-Compress
[5054] +183.088283 ASYNC-IN-DONE ep=0x81 len=0 status=2 actual=0
[5055] +183.088296 ASYNC-IN-SUBMIT ep=0x81 len=0 type=BULK (in, awaiting data)
[5056] +183.200988 ASYNC-IN-DONE ep=0x81 len=0 status=2 actual=0
[5057] +183.201005 ASYNC-IN-SUBMIT ep=0x81 len=0 type=BULK (in, awaiting data)
[5058] +183.232569 ASYNC-OUT ep=0x01 len=44 type=BULK 
	0000  23 00 00 18 80 10 ed 03  00 d0 00 04 4c 1c 00 00 |#...........L...|
	0010  01 00 06 00 13 00 00 00  83 66 cd 03 fe 64 1e 65 |.........f...d.e|
	0020  85 62 06 1d c3 1a 00 1c  02 77 c3 00             |.b.......w..|
[5059] +183.232929 ASYNC-OUT-DONE ep=0x01 len=0 status=0 actual=44
[5060] +183.234971 ASYNC-IN-DONE ep=0x81 len=44 status=0 actual=44
	0000  23 00 00 18 ed 03 80 10  00 d9 00 04 28 04 00 00 |#...........(...|
	0010  00 00 06 00 13 00 00 00  83 66 cd 03 fe 67 00 68 |.........f...g.h|
	0020  85 62 06 1d c3 1a 00 1c  02 77 c3 1c             |.b.......w..|
[5061] +183.235026 ASYNC-IN-SUBMIT ep=0x81 len=0 type=BULK (in, awaiting data)
[5062] +183.238180 ASYNC-IN-DONE ep=0x81 len=16 status=0 actual=16
	0000  08 00 00 18 ef 03 01 10  00 ca 00 10 65 02 00 00 |............e...|
[5063] +183.238214 ASYNC-IN-SUBMIT ep=0x81 len=0 type=BULK (in, awaiting data)
[5064] +183.238393 ASYNC-IN-DONE ep=0x81 len=16 status=0 actual=16
	0000  08 00 00 18 ed 03 80 10  00 da 00 08 28 04 00 00 |............(...|
[5065] +183.238417 ASYNC-IN-SUBMIT ep=0x81 len=0 type=BULK (in, awaiting data)
[5066] +183.238581 ASYNC-IN-DONE ep=0x81 len=16 status=0 actual=16
	0000  08 00 00 18 f0 03 02 10  00 b7 00 10 09 02 00 00 |................|
[5067] +183.238602 ASYNC-IN-SUBMIT ep=0x81 len=0 type=BULK (in, awaiting data)
[5068] +183.284627 ASYNC-OUT ep=0x01 len=44 type=BULK 
	0000  23 00 00 18 80 10 ed 03  00 d1 00 0c 67 1c 00 00 |#...........g...|
	0010  01 00 06 00 13 00 00 00  83 66 cd 03 ff 64 1e 65 |.........f...d.e|
	0020  85 62 06 1d c3 1a 00 1c  02 77 c2 00             |.b.......w..|
[5069] +183.284992 ASYNC-OUT-DONE ep=0x01 len=0 status=0 actual=44
[5070] +183.287452 ASYNC-IN-DONE ep=0x81 len=44 status=0 actual=44
	0000  23 00 00 18 ed 03 80 10  00 db 00 04 43 04 00 00 |#...........C...|
	0010  00 00 06 00 13 00 00 00  83 66 cd 03 ff 67 00 68 |.........f...g.h|
	0020  85 62 06 1d c3 1a 00 1c  02 77 c2 1c             |.b.......w..|
[5071] +183.287536 ASYNC-IN-SUBMIT ep=0x81 len=0 type=BULK (in, awaiting data)
[5072] +183.287802 ASYNC-IN-DONE ep=0x81 len=48 status=0 actual=48
	0000  27 00 00 18 f0 03 02 10  00 b8 00 04 09 02 00 00 |'...............|
	0010  00 00 04 00 17 00 00 00  82 69 1e 6a 84 52 00 44 |.........i.j.R.D|
	0020  06 79 14 6a 85 62 06 1d  c3 1a 00 1c 02 77 c2 3e |.y.j.b.......w.>|
[5073] +183.287878 ASYNC-IN-SUBMIT ep=0x81 len=0 type=BULK (in, awaiting data)
[5074] +183.335471 ASYNC-OUT ep=0x01 len=44 type=BULK 
	0000  23 00 00 18 80 10 ed 03  00 d2 00 0c 82 1c 00 00 |#...............|
	0010  01 00 06 00 13 00 00 00  83 66 cd 04 00 64 1e 65 |.........f...d.e|
	0020  85 62 06 1d c3 1a 00 1c  02 77 c2 00             |.b.......w..|
[5075] +183.335698 ASYNC-OUT ep=0x01 len=16 type=BULK 
	0000  08 00 00 18 02 10 f0 03  00 b0 00 08 f1 10 00 00 |................|
[5076] +183.335823 ASYNC-OUT-DONE ep=0x01 len=0 status=0 actual=44
[5077] +183.335851 ASYNC-OUT-DONE ep=0x01 len=0 status=0 actual=16
[5078] +183.337948 ASYNC-IN-DONE ep=0x81 len=44 status=0 actual=44
	0000  23 00 00 18 ed 03 80 10  00 dc 00 04 5e 04 00 00 |#...........^...|
	0010  00 00 06 00 13 00 00 00  83 66 cd 04 00 67 00 68 |.........f...g.h|
	0020  85 62 06 1d c3 1a 00 1c  02 77 c2 1c             |.b.......w..|
[5079] +183.338048 ASYNC-IN-SUBMIT ep=0x81 len=0 type=BULK (in, awaiting data)
[5080] +183.387477 ASYNC-OUT ep=0x01 len=16 type=BULK 
	0000  08 00 00 18 80 10 ed 03  00 d3 00 08 9d 1c 00 00 |................|
[5081] +183.387688 ASYNC-OUT-DONE ep=0x01 len=0 status=0 actual=16
[5082] +183.439032 ASYNC-IN-DONE ep=0x81 len=16 status=0 actual=16
	0000  08 00 00 18 ed 03 80 10  00 dd 00 08 5e 04 00 00 |............^...|
[5083] +183.439143 ASYNC-IN-SUBMIT ep=0x81 len=0 type=BULK (in, awaiting data)
[5084] +183.550973 ASYNC-IN-DONE ep=0x81 len=0 status=2 actual=0
[5085] +183.551069 ASYNC-IN-SUBMIT ep=0x81 len=0 type=BULK (in, awaiting data)
[5086] +183.654412 ASYNC-IN-DONE ep=0x81 len=0 status=2 actual=0
[5087] +183.654595 ASYNC-IN-SUBMIT ep=0x81 len=0 type=BULK (in, awaiting data)
[5088] +183.766633 ASYNC-IN-DONE ep=0x81 len=0 status=2 actual=0
[5089] +183.766723 ASYNC-IN-SUBMIT ep=0x81 len=0 type=BULK (in, awaiting data)
[5090] +183.879524 ASYNC-IN-DONE ep=0x81 len=0 status=2 actual=0
[5091] +183.879559 ASYNC-IN-SUBMIT ep=0x81 len=0 type=BULK (in, awaiting data)
[5092] +183.992366 ASYNC-IN-DONE ep=0x81 len=0 status=2 actual=0
[5093] +183.992458 ASYNC-IN-SUBMIT ep=0x81 len=0 type=BULK (in, awaiting data)
[5094] +184.011818 ASYNC-OUT ep=0x01 len=16 type=BULK 
	0000  08 00 00 18 01 10 ef 03  00 c3 00 10 93 1e 00 00 |................|
[5095] +184.012123 ASYNC-OUT-DONE ep=0x01 len=0 status=0 actual=16
[5096] +184.100968 ASYNC-IN-DONE ep=0x81 len=0 status=2 actual=0
[5097] +184.101037 ASYNC-IN-SUBMIT ep=0x81 len=0 type=BULK (in, awaiting data)
[5098] +184.213794 ASYNC-IN-DONE ep=0x81 len=0 status=2 actual=0
[5099] +184.213877 ASYNC-IN-SUBMIT ep=0x81 len=0 type=BULK (in, awaiting data)
[5100] +184.241143 ASYNC-IN-DONE ep=0x81 len=16 status=0 actual=16
	0000  08 00 00 18 ef 03 01 10  00 cb 00 10 65 02 00 00 |............e...|
[5101] +184.241276 ASYNC-IN-SUBMIT ep=0x81 len=0 type=BULK (in, awaiting data)
[5102] +184.241446 ASYNC-IN-DONE ep=0x81 len=16 status=0 actual=16
	0000  08 00 00 18 f0 03 02 10  00 b9 00 10 09 02 00 00 |................|
[5103] +184.241512 ASYNC-IN-SUBMIT ep=0x81 len=0 type=BULK (in, awaiting data)
[5104] +184.349798 ASYNC-IN-DONE ep=0x81 len=0 status=2 actual=0
[5105] +184.349905 ASYNC-IN-SUBMIT ep=0x81 len=0 type=BULK (in, awaiting data)
[5106] +184.375676 ASYNC-OUT ep=0x01 len=16 type=BULK 
	0000  08 00 00 18 02 10 f0 03  00 b1 00 10 f1 10 00 00 |................|
[5107] +184.375925 ASYNC-OUT-DONE ep=0x01 len=0 status=0 actual=16
[5108] +184.427725 ASYNC-OUT ep=0x01 len=16 type=BULK 
	0000  08 00 00 18 80 10 ed 03  00 d4 00 10 9d 1c 00 00 |................|
[5109] +184.427990 ASYNC-OUT-DONE ep=0x01 len=0 status=0 actual=16
[5110] +184.441684 ASYNC-IN-DONE ep=0x81 len=16 status=0 actual=16
	0000  08 00 00 18 ed 03 80 10  00 de 00 10 5e 04 00 00 |............^...|
[5111] +184.441796 ASYNC-IN-SUBMIT ep=0x81 len=0 type=BULK (in, awaiting data)
[5112] +184.551786 ASYNC-IN-DONE ep=0x81 len=0 status=2 actual=0
[5113] +184.551894 ASYNC-IN-SUBMIT ep=0x81 len=0 type=BULK (in, awaiting data)
[5114] +184.653154 ASYNC-IN-DONE ep=0x81 len=0 status=2 actual=0
[5115] +184.653209 ASYNC-IN-SUBMIT ep=0x81 len=0 type=BULK (in, awaiting data)
[5116] +184.758893 ASYNC-IN-DONE ep=0x81 len=0 status=2 actual=0
[5117] +184.758920 ASYNC-IN-SUBMIT ep=0x81 len=0 type=BULK (in, awaiting data)
[5118] +184.867938 ASYNC-IN-DONE ep=0x81 len=0 status=2 actual=0
[5119] +184.867969 ASYNC-IN-SUBMIT ep=0x81 len=0 type=BULK (in, awaiting data)
[5120] +184.972523 ASYNC-IN-DONE ep=0x81 len=0 status=2 actual=0
[5121] +184.972552 ASYNC-IN-SUBMIT ep=0x81 len=0 type=BULK (in, awaiting data)
### MARK PARAM-Mix-slider
[5122] +185.050927 ASYNC-OUT ep=0x01 len=16 type=BULK 
	0000  08 00 00 18 01 10 ef 03  00 c4 00 10 93 1e 00 00 |................|
[5123] +185.051199 ASYNC-OUT-DONE ep=0x01 len=0 status=0 actual=16
[5124] +185.076659 ASYNC-IN-DONE ep=0x81 len=0 status=2 actual=0
[5125] +185.076699 ASYNC-IN-SUBMIT ep=0x81 len=0 type=BULK (in, awaiting data)
[5126] +185.189452 ASYNC-IN-DONE ep=0x81 len=0 status=2 actual=0
[5127] +185.189474 ASYNC-IN-SUBMIT ep=0x81 len=0 type=BULK (in, awaiting data)
[5128] +185.206689 ASYNC-OUT ep=0x01 len=48 type=BULK 
	0000  27 00 00 18 80 10 ed 03  00 d5 00 04 9d 1c 00 00 |'...............|
	0010  01 00 06 00 17 00 00 00  83 66 cd 04 01 64 1e 65 |.........f...d.e|
	0020  85 62 06 1d c3 1a 00 1c  04 77 ca 3f 80 00 00 00 |.b.......w.?....|
[5129] +185.206925 ASYNC-OUT-DONE ep=0x01 len=0 status=0 actual=48
[5130] +185.208579 ASYNC-IN-DONE ep=0x81 len=48 status=0 actual=48
	0000  27 00 00 18 ed 03 80 10  00 df 00 04 7d 04 00 00 |'...........}...|
	0010  00 00 06 00 17 00 00 00  83 66 cd 04 01 67 00 68 |.........f...g.h|
	0020  85 62 06 1d c3 1a 00 1c  04 77 ca 3f 80 00 00 3e |.b.......w.?...>|
[5131] +185.208630 ASYNC-IN-SUBMIT ep=0x81 len=0 type=BULK (in, awaiting data)
[5132] +185.243731 ASYNC-IN-DONE ep=0x81 len=16 status=0 actual=16
	0000  08 00 00 18 ef 03 01 10  00 cc 00 10 65 02 00 00 |............e...|
[5133] +185.243836 ASYNC-IN-SUBMIT ep=0x81 len=0 type=BULK (in, awaiting data)
[5134] +185.243968 ASYNC-IN-DONE ep=0x81 len=16 status=0 actual=16
	0000  08 00 00 18 ed 03 80 10  00 e0 00 08 7d 04 00 00 |............}...|
[5135] +185.244012 ASYNC-IN-SUBMIT ep=0x81 len=0 type=BULK (in, awaiting data)
[5136] +185.244107 ASYNC-IN-DONE ep=0x81 len=16 status=0 actual=16
	0000  08 00 00 18 f0 03 02 10  00 ba 00 10 09 02 00 00 |................|
[5137] +185.244156 ASYNC-IN-SUBMIT ep=0x81 len=0 type=BULK (in, awaiting data)
[5138] +185.258706 ASYNC-OUT ep=0x01 len=48 type=BULK 
	0000  27 00 00 18 80 10 ed 03  00 d6 00 0c bc 1c 00 00 |'...............|
	0010  01 00 06 00 17 00 00 00  83 66 cd 04 02 64 1e 65 |.........f...d.e|
	0020  85 62 06 1d c3 1a 00 1c  04 77 ca 3f 47 ae 14 00 |.b.......w.?G...|
[5139] +185.258957 ASYNC-OUT-DONE ep=0x01 len=0 status=0 actual=48
[5140] +185.261692 ASYNC-IN-DONE ep=0x81 len=48 status=0 actual=48
	0000  27 00 00 18 ed 03 80 10  00 e1 00 04 9c 04 00 00 |'...............|
	0010  00 00 06 00 17 00 00 00  83 66 cd 04 02 67 00 68 |.........f...g.h|
	0020  85 62 06 1d c3 1a 00 1c  04 77 ca 3f 47 ae 14 3e |.b.......w.?G..>|
[5141] +185.261784 ASYNC-IN-SUBMIT ep=0x81 len=0 type=BULK (in, awaiting data)
[5142] +185.262072 ASYNC-IN-DONE ep=0x81 len=52 status=0 actual=52
	0000  2b 00 00 18 f0 03 02 10  00 bb 00 04 09 02 00 00 |+...............|
	0010  00 00 04 00 1b 00 00 00  82 69 1e 6a 84 52 00 44 |.........i.j.R.D|
	0020  06 79 14 6a 85 62 06 1d  c3 1a 00 1c 04 77 ca 3f |.y.j.b.......w.?|
	0030  47 ae 14 84                                      |G...|
[5143] +185.262202 ASYNC-IN-SUBMIT ep=0x81 len=0 type=BULK (in, awaiting data)
[5144] +185.310876 ASYNC-OUT ep=0x01 len=48 type=BULK 
	0000  27 00 00 18 80 10 ed 03  00 d7 00 0c db 1c 00 00 |'...............|
	0010  01 00 06 00 17 00 00 00  83 66 cd 04 03 64 1e 65 |.........f...d.e|
	0020  85 62 06 1d c3 1a 00 1c  04 77 ca 3f 47 ae 14 00 |.b.......w.?G...|
[5145] +185.311192 ASYNC-OUT ep=0x01 len=16 type=BULK 
	0000  08 00 00 18 02 10 f0 03  00 b2 00 08 14 11 00 00 |................|
[5146] +185.311309 ASYNC-OUT-DONE ep=0x01 len=0 status=0 actual=48
[5147] +185.311393 ASYNC-OUT-DONE ep=0x01 len=0 status=0 actual=16
[5148] +185.313286 ASYNC-IN-DONE ep=0x81 len=48 status=0 actual=48
	0000  27 00 00 18 ed 03 80 10  00 e2 00 04 bb 04 00 00 |'...............|
	0010  00 00 06 00 17 00 00 00  83 66 cd 04 03 67 00 68 |.........f...g.h|
	0020  85 62 06 1d c3 1a 00 1c  04 77 ca 3f 47 ae 14 3f |.b.......w.?G..?|
[5149] +185.313331 ASYNC-IN-SUBMIT ep=0x81 len=0 type=BULK (in, awaiting data)
[5150] +185.362923 ASYNC-OUT ep=0x01 len=16 type=BULK 
	0000  08 00 00 18 80 10 ed 03  00 d8 00 08 fa 1c 00 00 |................|
[5151] +185.363186 ASYNC-OUT-DONE ep=0x01 len=0 status=0 actual=16
[5152] +185.415083 ASYNC-IN-DONE ep=0x81 len=0 status=2 actual=0
[5153] +185.415152 ASYNC-IN-SUBMIT ep=0x81 len=0 type=BULK (in, awaiting data)
[5154] +185.444525 ASYNC-IN-DONE ep=0x81 len=16 status=0 actual=16
	0000  08 00 00 18 ed 03 80 10  00 e3 00 08 bb 04 00 00 |................|
[5155] +185.444614 ASYNC-IN-SUBMIT ep=0x81 len=0 type=BULK (in, awaiting data)
[5156] +185.548444 ASYNC-IN-DONE ep=0x81 len=0 status=2 actual=0
[5157] +185.548523 ASYNC-IN-SUBMIT ep=0x81 len=0 type=BULK (in, awaiting data)
[5158] +185.661311 ASYNC-IN-DONE ep=0x81 len=0 status=2 actual=0
[5159] +185.661418 ASYNC-IN-SUBMIT ep=0x81 len=0 type=BULK (in, awaiting data)
[5160] +185.762552 ASYNC-IN-DONE ep=0x81 len=0 status=2 actual=0
[5161] +185.762645 ASYNC-IN-SUBMIT ep=0x81 len=0 type=BULK (in, awaiting data)
[5162] +185.875439 ASYNC-IN-DONE ep=0x81 len=0 status=2 actual=0
[5163] +185.875499 ASYNC-IN-SUBMIT ep=0x81 len=0 type=BULK (in, awaiting data)
[5164] +185.988158 ASYNC-IN-DONE ep=0x81 len=0 status=2 actual=0
[5165] +185.988258 ASYNC-IN-SUBMIT ep=0x81 len=0 type=BULK (in, awaiting data)
[5166] +186.090282 ASYNC-OUT ep=0x01 len=16 type=BULK 
	0000  08 00 00 18 01 10 ef 03  00 c5 00 10 93 1e 00 00 |................|
[5167] +186.090596 ASYNC-OUT-DONE ep=0x01 len=0 status=0 actual=16
[5168] +186.101011 ASYNC-IN-DONE ep=0x81 len=0 status=2 actual=0
[5169] +186.101058 ASYNC-IN-SUBMIT ep=0x81 len=0 type=BULK (in, awaiting data)
[5170] +186.208277 ASYNC-IN-DONE ep=0x81 len=0 status=2 actual=0
[5171] +186.208372 ASYNC-IN-SUBMIT ep=0x81 len=0 type=BULK (in, awaiting data)
[5172] +186.247491 ASYNC-IN-DONE ep=0x81 len=16 status=0 actual=16
	0000  08 00 00 18 ef 03 01 10  00 cd 00 10 65 02 00 00 |............e...|
[5173] +186.247595 ASYNC-IN-SUBMIT ep=0x81 len=0 type=BULK (in, awaiting data)
[5174] +186.247737 ASYNC-IN-DONE ep=0x81 len=16 status=0 actual=16
	0000  08 00 00 18 f0 03 02 10  00 bc 00 10 09 02 00 00 |................|
[5175] +186.247798 ASYNC-IN-SUBMIT ep=0x81 len=0 type=BULK (in, awaiting data)
[5176] +186.349605 ASYNC-OUT ep=0x01 len=16 type=BULK 
	0000  08 00 00 18 02 10 f0 03  00 b3 00 10 14 11 00 00 |................|
[5177] +186.349975 ASYNC-OUT-DONE ep=0x01 len=0 status=0 actual=16
[5178] +186.356794 ASYNC-IN-DONE ep=0x81 len=0 status=2 actual=0
[5179] +186.356883 ASYNC-IN-SUBMIT ep=0x81 len=0 type=BULK (in, awaiting data)
[5180] +186.401647 ASYNC-OUT ep=0x01 len=16 type=BULK 
	0000  08 00 00 18 80 10 ed 03  00 d9 00 10 fa 1c 00 00 |................|
[5181] +186.401916 ASYNC-OUT-DONE ep=0x01 len=0 status=0 actual=16
[5182] +186.448063 ASYNC-IN-DONE ep=0x81 len=16 status=0 actual=16
	0000  08 00 00 18 ed 03 80 10  00 e4 00 10 bb 04 00 00 |................|
[5183] +186.448176 ASYNC-IN-SUBMIT ep=0x81 len=0 type=BULK (in, awaiting data)
[5184] +186.557981 ASYNC-IN-DONE ep=0x81 len=0 status=2 actual=0
[5185] +186.558037 ASYNC-IN-SUBMIT ep=0x81 len=0 type=BULK (in, awaiting data)
[5186] +186.668011 ASYNC-IN-DONE ep=0x81 len=0 status=2 actual=0
[5187] +186.668045 ASYNC-IN-SUBMIT ep=0x81 len=0 type=BULK (in, awaiting data)
[5188] +186.768892 ASYNC-IN-DONE ep=0x81 len=0 status=2 actual=0
[5189] +186.768908 ASYNC-IN-SUBMIT ep=0x81 len=0 type=BULK (in, awaiting data)
[5190] +186.877351 ASYNC-IN-DONE ep=0x81 len=0 status=2 actual=0
[5191] +186.877386 ASYNC-IN-SUBMIT ep=0x81 len=0 type=BULK (in, awaiting data)
### MARK PARAM-Level-spinner-up
[5192] +186.988304 ASYNC-IN-DONE ep=0x81 len=0 status=2 actual=0
[5193] +186.988316 ASYNC-IN-SUBMIT ep=0x81 len=0 type=BULK (in, awaiting data)
[5194] +187.100235 ASYNC-IN-DONE ep=0x81 len=0 status=2 actual=0
[5195] +187.100254 ASYNC-IN-SUBMIT ep=0x81 len=0 type=BULK (in, awaiting data)
[5196] +187.127626 ASYNC-OUT ep=0x01 len=48 type=BULK 
	0000  27 00 00 18 80 10 ed 03  00 da 00 04 fa 1c 00 00 |'...............|
	0010  01 00 06 00 17 00 00 00  83 66 cd 04 04 64 1e 65 |.........f...d.e|
	0020  85 62 06 1d c3 1a 00 1c  05 77 ca 00 00 00 00 00 |.b.......w......|
[5197] +187.127863 ASYNC-OUT ep=0x01 len=16 type=BULK 
	0000  08 00 00 18 01 10 ef 03  00 c6 00 10 93 1e 00 00 |................|
[5198] +187.127996 ASYNC-OUT-DONE ep=0x01 len=0 status=0 actual=48
[5199] +187.128046 ASYNC-OUT-DONE ep=0x01 len=0 status=0 actual=16
[5200] +187.129778 ASYNC-IN-DONE ep=0x81 len=48 status=0 actual=48
	0000  27 00 00 18 ed 03 80 10  00 e5 00 04 da 04 00 00 |'...............|
	0010  00 00 06 00 17 00 00 00  83 66 cd 04 04 67 00 68 |.........f...g.h|
	0020  85 62 06 1d c3 1a 00 1c  05 77 ca 00 00 00 00 3f |.b.......w.....?|
[5201] +187.129833 ASYNC-IN-SUBMIT ep=0x81 len=0 type=BULK (in, awaiting data)
[5202] +187.179641 ASYNC-OUT ep=0x01 len=48 type=BULK 
	0000  27 00 00 18 80 10 ed 03  00 db 00 0c 19 1d 00 00 |'...............|
	0010  01 00 06 00 17 00 00 00  83 66 cd 04 05 64 1e 65 |.........f...d.e|
	0020  85 62 06 1d c3 1a 00 1c  05 77 ca bd cc cc 00 00 |.b.......w......|
[5203] +187.180015 ASYNC-OUT-DONE ep=0x01 len=0 status=0 actual=48
[5204] +187.182507 ASYNC-IN-DONE ep=0x81 len=48 status=0 actual=48
	0000  27 00 00 18 ed 03 80 10  00 e6 00 04 f9 04 00 00 |'...............|
	0010  00 00 06 00 17 00 00 00  83 66 cd 04 05 67 00 68 |.........f...g.h|
	0020  85 62 06 1d c3 1a 00 1c  05 77 ca bd cc cc 00 3f |.b.......w.....?|
[5205] +187.182560 ASYNC-IN-SUBMIT ep=0x81 len=0 type=BULK (in, awaiting data)
[5206] +187.182797 ASYNC-IN-DONE ep=0x81 len=52 status=0 actual=52
	0000  2b 00 00 18 f0 03 02 10  00 bd 00 04 09 02 00 00 |+...............|
	0010  00 00 04 00 1b 00 00 00  82 69 1e 6a 84 52 00 44 |.........i.j.R.D|
	0020  06 79 14 6a 85 62 06 1d  c3 1a 00 1c 05 77 ca bd |.y.j.b.......w..|
	0030  cc cc 00 84                                      |....|
[5207] +187.182836 ASYNC-IN-SUBMIT ep=0x81 len=0 type=BULK (in, awaiting data)
[5208] +187.230736 ASYNC-OUT ep=0x01 len=48 type=BULK 
	0000  27 00 00 18 80 10 ed 03  00 dc 00 0c 38 1d 00 00 |'...........8...|
	0010  01 00 06 00 17 00 00 00  83 66 cd 04 06 64 1e 65 |.........f...d.e|
	0020  85 62 06 1d c3 1a 00 1c  05 77 ca bd cc cc 00 00 |.b.......w......|
[5209] +187.230914 ASYNC-OUT ep=0x01 len=16 type=BULK 
	0000  08 00 00 18 02 10 f0 03  00 b4 00 08 37 11 00 00 |............7...|
[5210] +187.231047 ASYNC-OUT-DONE ep=0x01 len=0 status=0 actual=48
[5211] +187.231116 ASYNC-OUT-DONE ep=0x01 len=0 status=0 actual=16
[5212] +187.232857 ASYNC-IN-DONE ep=0x81 len=48 status=0 actual=48
	0000  27 00 00 18 ed 03 80 10  00 e7 00 04 18 05 00 00 |'...............|
	0010  00 00 06 00 17 00 00 00  83 66 cd 04 06 67 00 68 |.........f...g.h|
	0020  85 62 06 1d c3 1a 00 1c  05 77 ca bd cc cc 00 bd |.b.......w......|
[5213] +187.232908 ASYNC-IN-SUBMIT ep=0x81 len=0 type=BULK (in, awaiting data)
[5214] +187.249984 ASYNC-IN-DONE ep=0x81 len=16 status=0 actual=16
	0000  08 00 00 18 ef 03 01 10  00 ce 00 10 65 02 00 00 |............e...|
[5215] +187.250025 ASYNC-IN-SUBMIT ep=0x81 len=0 type=BULK (in, awaiting data)
[5216] +187.250237 ASYNC-IN-DONE ep=0x81 len=16 status=0 actual=16
	0000  08 00 00 18 ed 03 80 10  00 e8 00 08 18 05 00 00 |................|
[5217] +187.250277 ASYNC-IN-SUBMIT ep=0x81 len=0 type=BULK (in, awaiting data)
[5218] +187.281959 ASYNC-OUT ep=0x01 len=16 type=BULK 
	0000  08 00 00 18 80 10 ed 03  00 dd 00 08 57 1d 00 00 |............W...|
[5219] +187.282244 ASYNC-OUT-DONE ep=0x01 len=0 status=0 actual=16
[5220] +187.350567 ASYNC-IN-DONE ep=0x81 len=0 status=2 actual=0
[5221] +187.350617 ASYNC-IN-SUBMIT ep=0x81 len=0 type=BULK (in, awaiting data)
[5222] +187.459177 ASYNC-IN-DONE ep=0x81 len=0 status=2 actual=0
[5223] +187.459288 ASYNC-IN-SUBMIT ep=0x81 len=0 type=BULK (in, awaiting data)
[5224] +187.567813 ASYNC-IN-DONE ep=0x81 len=0 status=2 actual=0
[5225] +187.567897 ASYNC-IN-SUBMIT ep=0x81 len=0 type=BULK (in, awaiting data)
[5226] +187.680732 ASYNC-IN-DONE ep=0x81 len=0 status=2 actual=0
[5227] +187.680829 ASYNC-IN-SUBMIT ep=0x81 len=0 type=BULK (in, awaiting data)
[5228] +187.793661 ASYNC-IN-DONE ep=0x81 len=0 status=2 actual=0
[5229] +187.793735 ASYNC-IN-SUBMIT ep=0x81 len=0 type=BULK (in, awaiting data)
[5230] +187.899823 ASYNC-IN-DONE ep=0x81 len=0 status=2 actual=0
[5231] +187.899886 ASYNC-IN-SUBMIT ep=0x81 len=0 type=BULK (in, awaiting data)
[5232] +188.008805 ASYNC-IN-DONE ep=0x81 len=0 status=2 actual=0
[5233] +188.008902 ASYNC-IN-SUBMIT ep=0x81 len=0 type=BULK (in, awaiting data)
[5234] +188.053624 ASYNC-IN-DONE ep=0x81 len=16 status=0 actual=16
	0000  08 00 00 18 f0 03 02 10  00 be 00 10 09 02 00 00 |................|
[5235] +188.053760 ASYNC-IN-SUBMIT ep=0x81 len=0 type=BULK (in, awaiting data)
[5236] +188.155060 ASYNC-IN-DONE ep=0x81 len=0 status=2 actual=0
[5237] +188.155135 ASYNC-IN-SUBMIT ep=0x81 len=0 type=BULK (in, awaiting data)
[5238] +188.166056 ASYNC-OUT ep=0x01 len=16 type=BULK 
	0000  08 00 00 18 01 10 ef 03  00 c7 00 10 93 1e 00 00 |................|
[5239] +188.166250 ASYNC-OUT-DONE ep=0x01 len=0 status=0 actual=16
[5240] +188.254293 ASYNC-IN-DONE ep=0x81 len=16 status=0 actual=16
	0000  08 00 00 18 ef 03 01 10  00 cf 00 10 65 02 00 00 |............e...|
[5241] +188.254391 ASYNC-IN-SUBMIT ep=0x81 len=0 type=BULK (in, awaiting data)
[5242] +188.254488 ASYNC-IN-DONE ep=0x81 len=16 status=0 actual=16
	0000  08 00 00 18 ed 03 80 10  00 e9 00 10 18 05 00 00 |................|
[5243] +188.254522 ASYNC-IN-SUBMIT ep=0x81 len=0 type=BULK (in, awaiting data)
[5244] +188.270163 ASYNC-OUT ep=0x01 len=16 type=BULK 
	0000  08 00 00 18 02 10 f0 03  00 b5 00 10 37 11 00 00 |............7...|
[5245] +188.270454 ASYNC-OUT-DONE ep=0x01 len=0 status=0 actual=16
[5246] +188.322277 ASYNC-OUT ep=0x01 len=16 type=BULK 
	0000  08 00 00 18 80 10 ed 03  00 de 00 10 57 1d 00 00 |............W...|
[5247] +188.322602 ASYNC-OUT-DONE ep=0x01 len=0 status=0 actual=16
[5248] +188.358234 ASYNC-IN-DONE ep=0x81 len=0 status=2 actual=0
[5249] +188.358307 ASYNC-IN-SUBMIT ep=0x81 len=0 type=BULK (in, awaiting data)
[5250] +188.462193 ASYNC-IN-DONE ep=0x81 len=0 status=2 actual=0
[5251] +188.462275 ASYNC-IN-SUBMIT ep=0x81 len=0 type=BULK (in, awaiting data)
[5252] +188.570180 ASYNC-IN-DONE ep=0x81 len=0 status=2 actual=0
[5253] +188.570214 ASYNC-IN-SUBMIT ep=0x81 len=0 type=BULK (in, awaiting data)
[5254] +188.680387 ASYNC-IN-DONE ep=0x81 len=0 status=2 actual=0
[5255] +188.680412 ASYNC-IN-SUBMIT ep=0x81 len=0 type=BULK (in, awaiting data)
[5256] +188.793069 ASYNC-IN-DONE ep=0x81 len=0 status=2 actual=0
[5257] +188.793099 ASYNC-IN-SUBMIT ep=0x81 len=0 type=BULK (in, awaiting data)
### MARK BLOCK-bypass-toggle
[5258] +188.895051 ASYNC-IN-DONE ep=0x81 len=0 status=2 actual=0
[5259] +188.895062 ASYNC-IN-SUBMIT ep=0x81 len=0 type=BULK (in, awaiting data)
[5260] +189.005638 ASYNC-IN-DONE ep=0x81 len=0 status=2 actual=0
[5261] +189.005677 ASYNC-IN-SUBMIT ep=0x81 len=0 type=BULK (in, awaiting data)
[5262] +189.056712 ASYNC-IN-DONE ep=0x81 len=16 status=0 actual=16
	0000  08 00 00 18 f0 03 02 10  00 bf 00 10 09 02 00 00 |................|
[5263] +189.056772 ASYNC-IN-SUBMIT ep=0x81 len=0 type=BULK (in, awaiting data)
[5264] +189.100133 ASYNC-OUT ep=0x01 len=40 type=BULK 
	0000  1d 00 00 18 80 10 ed 03  00 df 00 04 57 1d 00 00 |............W...|
	0010  01 00 06 00 0d 00 00 00  83 66 cd 04 07 64 29 65 |.........f...d)e|
	0020  82 62 06 3b c2 00 00 00                          |.b.;....|
[5265] +189.100492 ASYNC-OUT-DONE ep=0x01 len=0 status=0 actual=40
[5266] +189.102079 ASYNC-IN-DONE ep=0x81 len=36 status=0 actual=36
	0000  19 00 00 18 ed 03 80 10  00 ea 00 04 2d 05 00 00 |............-...|
	0010  00 00 06 00 09 00 00 00  83 66 cd 04 07 67 00 68 |.........f...g.h|
	0020  c0 62 06 1d                                      |.b..|
[5267] +189.102126 ASYNC-IN-SUBMIT ep=0x81 len=0 type=BULK (in, awaiting data)
[5268] +189.108787 ASYNC-IN-DONE ep=0x81 len=44 status=0 actual=44
	0000  21 00 00 18 f0 03 02 10  00 c0 00 04 09 02 00 00 |!...............|
	0010  00 00 04 00 11 00 00 00  82 69 31 6a 84 52 00 44 |.........i1j.R.D|
	0020  05 79 11 6a 82 62 06 3b  c2 77 ca bd             |.y.j.b.;.w..|
[5269] +189.108848 ASYNC-IN-SUBMIT ep=0x81 len=0 type=BULK (in, awaiting data)
[5270] +189.151575 ASYNC-OUT ep=0x01 len=16 type=BULK 
	0000  08 00 00 18 80 10 ed 03  00 e0 00 08 68 1d 00 00 |............h...|
[5271] +189.151742 ASYNC-OUT ep=0x01 len=16 type=BULK 
	0000  08 00 00 18 02 10 f0 03  00 b6 00 08 50 11 00 00 |............P...|
[5272] +189.151839 ASYNC-OUT-DONE ep=0x01 len=0 status=0 actual=16
[5273] +189.151929 ASYNC-OUT-DONE ep=0x01 len=0 status=0 actual=16
[5274] +189.203663 ASYNC-OUT ep=0x01 len=16 type=BULK 
	0000  08 00 00 18 01 10 ef 03  00 c8 00 10 93 1e 00 00 |................|
[5275] +189.203960 ASYNC-OUT-DONE ep=0x01 len=0 status=0 actual=16
[5276] +189.219137 ASYNC-IN-DONE ep=0x81 len=0 status=2 actual=0
[5277] +189.219189 ASYNC-IN-SUBMIT ep=0x81 len=0 type=BULK (in, awaiting data)
[5278] +189.257128 ASYNC-IN-DONE ep=0x81 len=16 status=0 actual=16
	0000  08 00 00 18 ef 03 01 10  00 d0 00 10 65 02 00 00 |............e...|
[5279] +189.257240 ASYNC-IN-SUBMIT ep=0x81 len=0 type=BULK (in, awaiting data)
[5280] +189.257385 ASYNC-IN-DONE ep=0x81 len=16 status=0 actual=16
	0000  08 00 00 18 ed 03 80 10  00 eb 00 08 2d 05 00 00 |............-...|
[5281] +189.257435 ASYNC-IN-SUBMIT ep=0x81 len=0 type=BULK (in, awaiting data)
[5282] +189.365685 ASYNC-IN-DONE ep=0x81 len=0 status=2 actual=0
[5283] +189.365779 ASYNC-IN-SUBMIT ep=0x81 len=0 type=BULK (in, awaiting data)
[5284] +189.475683 ASYNC-IN-DONE ep=0x81 len=0 status=2 actual=0
[5285] +189.475763 ASYNC-IN-SUBMIT ep=0x81 len=0 type=BULK (in, awaiting data)
[5286] +189.584687 ASYNC-IN-DONE ep=0x81 len=0 status=2 actual=0
[5287] +189.584783 ASYNC-IN-SUBMIT ep=0x81 len=0 type=BULK (in, awaiting data)
[5288] +189.685717 ASYNC-IN-DONE ep=0x81 len=0 status=2 actual=0
[5289] +189.685806 ASYNC-IN-SUBMIT ep=0x81 len=0 type=BULK (in, awaiting data)
[5290] +189.798663 ASYNC-IN-DONE ep=0x81 len=0 status=2 actual=0
[5291] +189.798744 ASYNC-IN-SUBMIT ep=0x81 len=0 type=BULK (in, awaiting data)
[5292] +189.906365 ASYNC-IN-DONE ep=0x81 len=0 status=2 actual=0
[5293] +189.906417 ASYNC-IN-SUBMIT ep=0x81 len=0 type=BULK (in, awaiting data)
[5294] +190.019238 ASYNC-IN-DONE ep=0x81 len=0 status=2 actual=0
[5295] +190.019340 ASYNC-IN-SUBMIT ep=0x81 len=0 type=BULK (in, awaiting data)
[5296] +190.060983 ASYNC-IN-DONE ep=0x81 len=16 status=0 actual=16
	0000  08 00 00 18 f0 03 02 10  00 c1 00 10 09 02 00 00 |................|
[5297] +190.061118 ASYNC-IN-SUBMIT ep=0x81 len=0 type=BULK (in, awaiting data)
[5298] +190.171472 ASYNC-IN-DONE ep=0x81 len=0 status=2 actual=0
[5299] +190.171543 ASYNC-IN-SUBMIT ep=0x81 len=0 type=BULK (in, awaiting data)
[5300] +190.191512 ASYNC-OUT ep=0x01 len=16 type=BULK 
	0000  08 00 00 18 80 10 ed 03  00 e1 00 10 68 1d 00 00 |............h...|
[5301] +190.191668 ASYNC-OUT ep=0x01 len=16 type=BULK 
	0000  08 00 00 18 02 10 f0 03  00 b7 00 10 50 11 00 00 |............P...|
[5302] +190.191796 ASYNC-OUT-DONE ep=0x01 len=0 status=0 actual=16
[5303] +190.191824 ASYNC-OUT-DONE ep=0x01 len=0 status=0 actual=16
[5304] +190.243542 ASYNC-OUT ep=0x01 len=16 type=BULK 
	0000  08 00 00 18 01 10 ef 03  00 c9 00 10 93 1e 00 00 |................|
[5305] +190.243771 ASYNC-OUT-DONE ep=0x01 len=0 status=0 actual=16
[5306] +190.261277 ASYNC-IN-DONE ep=0x81 len=16 status=0 actual=16
	0000  08 00 00 18 ef 03 01 10  00 d1 00 10 65 02 00 00 |............e...|
[5307] +190.261342 ASYNC-IN-SUBMIT ep=0x81 len=0 type=BULK (in, awaiting data)
[5308] +190.261505 ASYNC-IN-DONE ep=0x81 len=16 status=0 actual=16
	0000  08 00 00 18 ed 03 80 10  00 ec 00 10 2d 05 00 00 |............-...|
[5309] +190.261580 ASYNC-IN-SUBMIT ep=0x81 len=0 type=BULK (in, awaiting data)
[5310] +190.374417 ASYNC-IN-DONE ep=0x81 len=0 status=2 actual=0
[5311] +190.374539 ASYNC-IN-SUBMIT ep=0x81 len=0 type=BULK (in, awaiting data)
[5312] +190.487274 ASYNC-IN-DONE ep=0x81 len=0 status=2 actual=0
[5313] +190.487321 ASYNC-IN-SUBMIT ep=0x81 len=0 type=BULK (in, awaiting data)
[5314] +190.600044 ASYNC-IN-DONE ep=0x81 len=0 status=2 actual=0
[5315] +190.600068 ASYNC-IN-SUBMIT ep=0x81 len=0 type=BULK (in, awaiting data)
[5316] +190.712767 ASYNC-IN-DONE ep=0x81 len=0 status=2 actual=0
[5317] +190.712794 ASYNC-IN-SUBMIT ep=0x81 len=0 type=BULK (in, awaiting data)
[5318] +190.813458 ASYNC-IN-DONE ep=0x81 len=0 status=2 actual=0
[5319] +190.813486 ASYNC-IN-SUBMIT ep=0x81 len=0 type=BULK (in, awaiting data)
### MARK BLOCK-bypass-restore
[5320] +190.926411 ASYNC-IN-DONE ep=0x81 len=0 status=2 actual=0
[5321] +190.926427 ASYNC-IN-SUBMIT ep=0x81 len=0 type=BULK (in, awaiting data)
[5322] +191.022480 ASYNC-OUT ep=0x01 len=40 type=BULK 
	0000  1d 00 00 18 80 10 ed 03  00 e2 00 04 68 1d 00 00 |............h...|
	0010  01 00 06 00 0d 00 00 00  83 66 cd 04 08 64 29 65 |.........f...d)e|
	0020  82 62 06 3b c3 00 00 00                          |.b.;....|
[5323] +191.022839 ASYNC-OUT-DONE ep=0x01 len=0 status=0 actual=40
[5324] +191.024388 ASYNC-IN-DONE ep=0x81 len=36 status=0 actual=36
	0000  19 00 00 18 ed 03 80 10  00 ed 00 04 42 05 00 00 |............B...|
	0010  00 00 06 00 09 00 00 00  83 66 cd 04 08 67 00 68 |.........f...g.h|
	0020  c0 79 11 6a                                      |.y.j|
[5325] +191.024443 ASYNC-IN-SUBMIT ep=0x81 len=0 type=BULK (in, awaiting data)
[5326] +191.031099 ASYNC-IN-DONE ep=0x81 len=44 status=0 actual=44
	0000  21 00 00 18 f0 03 02 10  00 c2 00 04 09 02 00 00 |!...............|
	0010  00 00 04 00 11 00 00 00  82 69 31 6a 84 52 00 44 |.........i1j.R.D|
	0020  05 79 11 6a 82 62 06 3b  c3 77 ca bd             |.y.j.b.;.w..|
[5327] +191.031152 ASYNC-IN-SUBMIT ep=0x81 len=0 type=BULK (in, awaiting data)
[5328] +191.063133 ASYNC-IN-DONE ep=0x81 len=16 status=0 actual=16
	0000  08 00 00 18 ed 03 80 10  00 ee 00 08 42 05 00 00 |............B...|
[5329] +191.063194 ASYNC-IN-SUBMIT ep=0x81 len=0 type=BULK (in, awaiting data)
[5330] +191.074541 ASYNC-OUT ep=0x01 len=16 type=BULK 
	0000  08 00 00 18 80 10 ed 03  00 e3 00 08 79 1d 00 00 |............y...|
[5331] +191.074708 ASYNC-OUT ep=0x01 len=16 type=BULK 
	0000  08 00 00 18 02 10 f0 03  00 b8 00 08 69 11 00 00 |............i...|
[5332] +191.074835 ASYNC-OUT-DONE ep=0x01 len=0 status=0 actual=16
[5333] +191.074856 ASYNC-OUT-DONE ep=0x01 len=0 status=0 actual=16
[5334] +191.176006 ASYNC-IN-DONE ep=0x81 len=0 status=2 actual=0
[5335] +191.176081 ASYNC-IN-SUBMIT ep=0x81 len=0 type=BULK (in, awaiting data)
[5336] +191.264219 ASYNC-IN-DONE ep=0x81 len=16 status=0 actual=16
	0000  08 00 00 18 ef 03 01 10  00 d2 00 10 65 02 00 00 |............e...|
[5337] +191.264342 ASYNC-IN-SUBMIT ep=0x81 len=0 type=BULK (in, awaiting data)
[5338] +191.282447 ASYNC-OUT ep=0x01 len=16 type=BULK 
	0000  08 00 00 18 01 10 ef 03  00 ca 00 10 93 1e 00 00 |................|
[5339] +191.282796 ASYNC-OUT-DONE ep=0x01 len=0 status=0 actual=16
[5340] +191.366615 ASYNC-IN-DONE ep=0x81 len=0 status=2 actual=0
[5341] +191.366739 ASYNC-IN-SUBMIT ep=0x81 len=0 type=BULK (in, awaiting data)
[5342] +191.479565 ASYNC-IN-DONE ep=0x81 len=0 status=2 actual=0
[5343] +191.479669 ASYNC-IN-SUBMIT ep=0x81 len=0 type=BULK (in, awaiting data)
[5344] +191.582748 ASYNC-IN-DONE ep=0x81 len=0 status=2 actual=0
[5345] +191.582835 ASYNC-IN-SUBMIT ep=0x81 len=0 type=BULK (in, awaiting data)
[5346] +191.684321 ASYNC-IN-DONE ep=0x81 len=0 status=2 actual=0
[5347] +191.684406 ASYNC-IN-SUBMIT ep=0x81 len=0 type=BULK (in, awaiting data)
[5348] +191.787081 ASYNC-IN-DONE ep=0x81 len=0 status=2 actual=0
[5349] +191.787185 ASYNC-IN-SUBMIT ep=0x81 len=0 type=BULK (in, awaiting data)
[5350] +191.865997 ASYNC-IN-DONE ep=0x81 len=16 status=0 actual=16
	0000  08 00 00 18 f0 03 02 10  00 c3 00 10 09 02 00 00 |................|
[5351] +191.866070 ASYNC-IN-SUBMIT ep=0x81 len=0 type=BULK (in, awaiting data)
[5352] +191.975777 ASYNC-IN-DONE ep=0x81 len=0 status=2 actual=0
[5353] +191.975865 ASYNC-IN-SUBMIT ep=0x81 len=0 type=BULK (in, awaiting data)
[5354] +192.066618 ASYNC-IN-DONE ep=0x81 len=16 status=0 actual=16
	0000  08 00 00 18 ed 03 80 10  00 ef 00 10 42 05 00 00 |............B...|
[5355] +192.066746 ASYNC-IN-SUBMIT ep=0x81 len=0 type=BULK (in, awaiting data)
[5356] +192.112886 ASYNC-OUT ep=0x01 len=16 type=BULK 
	0000  08 00 00 18 80 10 ed 03  00 e4 00 10 79 1d 00 00 |............y...|
[5357] +192.113055 ASYNC-OUT ep=0x01 len=16 type=BULK 
	0000  08 00 00 18 02 10 f0 03  00 b9 00 10 69 11 00 00 |............i...|
[5358] +192.113157 ASYNC-OUT-DONE ep=0x01 len=0 status=0 actual=16
[5359] +192.113186 ASYNC-OUT-DONE ep=0x01 len=0 status=0 actual=16
[5360] +192.170640 ASYNC-IN-DONE ep=0x81 len=0 status=2 actual=0
[5361] +192.170740 ASYNC-IN-SUBMIT ep=0x81 len=0 type=BULK (in, awaiting data)
[5362] +192.267825 ASYNC-IN-DONE ep=0x81 len=16 status=0 actual=16
	0000  08 00 00 18 ef 03 01 10  00 d3 00 10 65 02 00 00 |............e...|
[5363] +192.267960 ASYNC-IN-SUBMIT ep=0x81 len=0 type=BULK (in, awaiting data)
[5364] +192.320965 ASYNC-OUT ep=0x01 len=16 type=BULK 
	0000  08 00 00 18 01 10 ef 03  00 cb 00 10 93 1e 00 00 |................|
[5365] +192.321259 ASYNC-OUT-DONE ep=0x01 len=0 status=0 actual=16
[5366] +192.374112 ASYNC-IN-DONE ep=0x81 len=0 status=2 actual=0
[5367] +192.374151 ASYNC-IN-SUBMIT ep=0x81 len=0 type=BULK (in, awaiting data)
[5368] +192.486818 ASYNC-IN-DONE ep=0x81 len=0 status=2 actual=0
[5369] +192.486848 ASYNC-IN-SUBMIT ep=0x81 len=0 type=BULK (in, awaiting data)
[5370] +192.596513 ASYNC-IN-DONE ep=0x81 len=0 status=2 actual=0
[5371] +192.596556 ASYNC-IN-SUBMIT ep=0x81 len=0 type=BULK (in, awaiting data)
[5372] +192.709281 ASYNC-IN-DONE ep=0x81 len=0 status=2 actual=0
[5373] +192.709317 ASYNC-IN-SUBMIT ep=0x81 len=0 type=BULK (in, awaiting data)
[5374] +192.815133 ASYNC-IN-DONE ep=0x81 len=0 status=2 actual=0
[5375] +192.815222 ASYNC-IN-SUBMIT ep=0x81 len=0 type=BULK (in, awaiting data)
[5376] +192.869522 ASYNC-IN-DONE ep=0x81 len=16 status=0 actual=16
	0000  08 00 00 18 f0 03 02 10  00 c4 00 10 09 02 00 00 |................|
[5377] +192.869617 ASYNC-IN-SUBMIT ep=0x81 len=0 type=BULK (in, awaiting data)
[5378] +192.977623 ASYNC-IN-DONE ep=0x81 len=0 status=2 actual=0
[5379] +192.977692 ASYNC-IN-SUBMIT ep=0x81 len=0 type=BULK (in, awaiting data)
[5380] +193.070598 ASYNC-IN-DONE ep=0x81 len=16 status=0 actual=16
	0000  08 00 00 18 ed 03 80 10  00 f0 00 10 42 05 00 00 |............B...|
[5381] +193.070701 ASYNC-IN-SUBMIT ep=0x81 len=0 type=BULK (in, awaiting data)
[5382] +193.153323 ASYNC-OUT ep=0x01 len=16 type=BULK 
	0000  08 00 00 18 80 10 ed 03  00 e5 00 10 79 1d 00 00 |............y...|
[5383] +193.153514 ASYNC-OUT ep=0x01 len=16 type=BULK 
	0000  08 00 00 18 02 10 f0 03  00 ba 00 10 69 11 00 00 |............i...|
[5384] +193.153638 ASYNC-OUT-DONE ep=0x01 len=0 status=0 actual=16
[5385] +193.153686 ASYNC-OUT-DONE ep=0x01 len=0 status=0 actual=16
[5386] +193.183496 ASYNC-IN-DONE ep=0x81 len=0 status=2 actual=0
[5387] +193.183577 ASYNC-IN-SUBMIT ep=0x81 len=0 type=BULK (in, awaiting data)
[5388] +193.270987 ASYNC-IN-DONE ep=0x81 len=16 status=0 actual=16
	0000  08 00 00 18 ef 03 01 10  00 d4 00 10 65 02 00 00 |............e...|
[5389] +193.271176 ASYNC-IN-SUBMIT ep=0x81 len=0 type=BULK (in, awaiting data)
[5390] +193.361275 ASYNC-OUT ep=0x01 len=16 type=BULK 
	0000  08 00 00 18 01 10 ef 03  00 cc 00 10 93 1e 00 00 |................|
[5391] +193.361568 ASYNC-OUT-DONE ep=0x01 len=0 status=0 actual=16
[5392] +193.383974 ASYNC-IN-DONE ep=0x81 len=0 status=2 actual=0
[5393] +193.384032 ASYNC-IN-SUBMIT ep=0x81 len=0 type=BULK (in, awaiting data)
[5394] +193.491256 ASYNC-IN-DONE ep=0x81 len=0 status=2 actual=0
[5395] +193.491363 ASYNC-IN-SUBMIT ep=0x81 len=0 type=BULK (in, awaiting data)
[5396] +193.592289 ASYNC-IN-DONE ep=0x81 len=0 status=2 actual=0
[5397] +193.592370 ASYNC-IN-SUBMIT ep=0x81 len=0 type=BULK (in, awaiting data)
[5398] +193.699920 ASYNC-IN-DONE ep=0x81 len=0 status=2 actual=0
[5399] +193.700007 ASYNC-IN-SUBMIT ep=0x81 len=0 type=BULK (in, awaiting data)
[5400] +193.811321 ASYNC-IN-DONE ep=0x81 len=0 status=2 actual=0
[5401] +193.811421 ASYNC-IN-SUBMIT ep=0x81 len=0 type=BULK (in, awaiting data)
[5402] +193.872752 ASYNC-IN-DONE ep=0x81 len=16 status=0 actual=16
	0000  08 00 00 18 f0 03 02 10  00 c5 00 10 09 02 00 00 |................|
[5403] +193.872899 ASYNC-IN-SUBMIT ep=0x81 len=0 type=BULK (in, awaiting data)
[5404] +193.985666 ASYNC-IN-DONE ep=0x81 len=0 status=2 actual=0
[5405] +193.985765 ASYNC-IN-SUBMIT ep=0x81 len=0 type=BULK (in, awaiting data)
[5406] +194.073440 ASYNC-IN-DONE ep=0x81 len=16 status=0 actual=16
	0000  08 00 00 18 ed 03 80 10  00 f1 00 10 42 05 00 00 |............B...|
[5407] +194.073525 ASYNC-IN-SUBMIT ep=0x81 len=0 type=BULK (in, awaiting data)
[5408] +194.184862 ASYNC-IN-DONE ep=0x81 len=0 status=2 actual=0
[5409] +194.184943 ASYNC-IN-SUBMIT ep=0x81 len=0 type=BULK (in, awaiting data)
[5410] +194.190023 ASYNC-OUT ep=0x01 len=16 type=BULK 
	0000  08 00 00 18 80 10 ed 03  00 e6 00 10 79 1d 00 00 |............y...|
[5411] +194.190318 ASYNC-OUT ep=0x01 len=16 type=BULK 
	0000  08 00 00 18 02 10 f0 03  00 bb 00 10 69 11 00 00 |............i...|
[5412] +194.190441 ASYNC-OUT-DONE ep=0x01 len=0 status=0 actual=16
[5413] +194.190483 ASYNC-OUT-DONE ep=0x01 len=0 status=0 actual=16
[5414] +194.274225 ASYNC-IN-DONE ep=0x81 len=16 status=0 actual=16
	0000  08 00 00 18 ef 03 01 10  00 d5 00 10 65 02 00 00 |............e...|
[5415] +194.274389 ASYNC-IN-SUBMIT ep=0x81 len=0 type=BULK (in, awaiting data)
[5416] +194.375281 ASYNC-IN-DONE ep=0x81 len=0 status=2 actual=0
[5417] +194.375376 ASYNC-IN-SUBMIT ep=0x81 len=0 type=BULK (in, awaiting data)
[5418] +194.397606 ASYNC-OUT ep=0x01 len=16 type=BULK 
	0000  08 00 00 18 01 10 ef 03  00 cd 00 10 93 1e 00 00 |................|
[5419] +194.397991 ASYNC-OUT-DONE ep=0x01 len=0 status=0 actual=16
[5420] +194.485673 ASYNC-IN-DONE ep=0x81 len=0 status=2 actual=0
[5421] +194.485751 ASYNC-IN-SUBMIT ep=0x81 len=0 type=BULK (in, awaiting data)
[5422] +194.598555 ASYNC-IN-DONE ep=0x81 len=0 status=2 actual=0
[5423] +194.598674 ASYNC-IN-SUBMIT ep=0x81 len=0 type=BULK (in, awaiting data)
[5424] +194.709094 ASYNC-IN-DONE ep=0x81 len=0 status=2 actual=0
[5425] +194.709194 ASYNC-IN-SUBMIT ep=0x81 len=0 type=BULK (in, awaiting data)
[5426] +194.817431 ASYNC-IN-DONE ep=0x81 len=0 status=2 actual=0
[5427] +194.817532 ASYNC-IN-SUBMIT ep=0x81 len=0 type=BULK (in, awaiting data)
[5428] +194.876582 ASYNC-IN-DONE ep=0x81 len=16 status=0 actual=16
	0000  08 00 00 18 f0 03 02 10  00 c6 00 10 09 02 00 00 |................|
[5429] +194.876690 ASYNC-IN-SUBMIT ep=0x81 len=0 type=BULK (in, awaiting data)
[5430] +194.979017 ASYNC-IN-DONE ep=0x81 len=0 status=2 actual=0
[5431] +194.979115 ASYNC-IN-SUBMIT ep=0x81 len=0 type=BULK (in, awaiting data)
[5432] +195.076858 ASYNC-IN-DONE ep=0x81 len=16 status=0 actual=16
	0000  08 00 00 18 ed 03 80 10  00 f2 00 10 42 05 00 00 |............B...|
[5433] +195.076986 ASYNC-IN-SUBMIT ep=0x81 len=0 type=BULK (in, awaiting data)
[5434] +195.189857 ASYNC-IN-DONE ep=0x81 len=0 status=2 actual=0
[5435] +195.189964 ASYNC-IN-SUBMIT ep=0x81 len=0 type=BULK (in, awaiting data)
[5436] +195.227822 ASYNC-OUT ep=0x01 len=16 type=BULK 
	0000  08 00 00 18 80 10 ed 03  00 e7 00 10 79 1d 00 00 |............y...|
[5437] +195.228025 ASYNC-OUT ep=0x01 len=16 type=BULK 
	0000  08 00 00 18 02 10 f0 03  00 bc 00 10 69 11 00 00 |............i...|
[5438] +195.228145 ASYNC-OUT-DONE ep=0x01 len=0 status=0 actual=16
[5439] +195.228209 ASYNC-OUT-DONE ep=0x01 len=0 status=0 actual=16
[5440] +195.277445 ASYNC-IN-DONE ep=0x81 len=16 status=0 actual=16
	0000  08 00 00 18 ef 03 01 10  00 d6 00 10 65 02 00 00 |............e...|
[5441] +195.277545 ASYNC-IN-SUBMIT ep=0x81 len=0 type=BULK (in, awaiting data)
[5442] +195.385671 ASYNC-IN-DONE ep=0x81 len=0 status=2 actual=0
[5443] +195.385777 ASYNC-IN-SUBMIT ep=0x81 len=0 type=BULK (in, awaiting data)
[5444] +195.435666 ASYNC-OUT ep=0x01 len=16 type=BULK 
	0000  08 00 00 18 01 10 ef 03  00 ce 00 10 93 1e 00 00 |................|
[5445] +195.436056 ASYNC-OUT-DONE ep=0x01 len=0 status=0 actual=16
[5446] +195.498156 ASYNC-IN-DONE ep=0x81 len=0 status=2 actual=0
[5447] +195.498239 ASYNC-IN-SUBMIT ep=0x81 len=0 type=BULK (in, awaiting data)
[5448] +195.598951 ASYNC-IN-DONE ep=0x81 len=0 status=2 actual=0
[5449] +195.599075 ASYNC-IN-SUBMIT ep=0x81 len=0 type=BULK (in, awaiting data)
[5450] +195.711888 ASYNC-IN-DONE ep=0x81 len=0 status=2 actual=0
[5451] +195.711994 ASYNC-IN-SUBMIT ep=0x81 len=0 type=BULK (in, awaiting data)
[5452] +195.822509 ASYNC-IN-DONE ep=0x81 len=0 status=2 actual=0
[5453] +195.822554 ASYNC-IN-SUBMIT ep=0x81 len=0 type=BULK (in, awaiting data)
[5454] +195.879460 ASYNC-IN-DONE ep=0x81 len=16 status=0 actual=16
	0000  08 00 00 18 f0 03 02 10  00 c7 00 10 09 02 00 00 |................|
[5455] +195.879509 ASYNC-IN-SUBMIT ep=0x81 len=0 type=BULK (in, awaiting data)
[5456] +195.990173 ASYNC-IN-DONE ep=0x81 len=0 status=2 actual=0
[5457] +195.990263 ASYNC-IN-SUBMIT ep=0x81 len=0 type=BULK (in, awaiting data)
[5458] +196.080224 ASYNC-IN-DONE ep=0x81 len=16 status=0 actual=16
	0000  08 00 00 18 ed 03 80 10  00 f3 00 10 42 05 00 00 |............B...|
[5459] +196.080343 ASYNC-IN-SUBMIT ep=0x81 len=0 type=BULK (in, awaiting data)
[5460] +196.183017 ASYNC-IN-DONE ep=0x81 len=0 status=2 actual=0
[5461] +196.183130 ASYNC-IN-SUBMIT ep=0x81 len=0 type=BULK (in, awaiting data)
[5462] +196.267061 ASYNC-OUT ep=0x01 len=16 type=BULK 
	0000  08 00 00 18 80 10 ed 03  00 e8 00 10 79 1d 00 00 |............y...|
[5463] +196.267258 ASYNC-OUT ep=0x01 len=16 type=BULK 
	0000  08 00 00 18 02 10 f0 03  00 bd 00 10 69 11 00 00 |............i...|
[5464] +196.267386 ASYNC-OUT-DONE ep=0x01 len=0 status=0 actual=16
[5465] +196.267440 ASYNC-OUT-DONE ep=0x01 len=0 status=0 actual=16
[5466] +196.280532 ASYNC-IN-DONE ep=0x81 len=16 status=0 actual=16
	0000  08 00 00 18 ef 03 01 10  00 d7 00 10 65 02 00 00 |............e...|
[5467] +196.280625 ASYNC-IN-SUBMIT ep=0x81 len=0 type=BULK (in, awaiting data)
[5468] +196.392300 ASYNC-IN-DONE ep=0x81 len=0 status=2 actual=0
[5469] +196.392357 ASYNC-IN-SUBMIT ep=0x81 len=0 type=BULK (in, awaiting data)
[5470] +196.473674 ASYNC-OUT ep=0x01 len=16 type=BULK 
	0000  08 00 00 18 01 10 ef 03  00 cf 00 10 93 1e 00 00 |................|
[5471] +196.473999 ASYNC-OUT-DONE ep=0x01 len=0 status=0 actual=16
[5472] +196.497958 ASYNC-IN-DONE ep=0x81 len=0 status=2 actual=0
[5473] +196.498040 ASYNC-IN-SUBMIT ep=0x81 len=0 type=BULK (in, awaiting data)
[5474] +196.610865 ASYNC-IN-DONE ep=0x81 len=0 status=2 actual=0
[5475] +196.610955 ASYNC-IN-SUBMIT ep=0x81 len=0 type=BULK (in, awaiting data)
[5476] +196.716801 ASYNC-IN-DONE ep=0x81 len=0 status=2 actual=0
[5477] +196.716905 ASYNC-IN-SUBMIT ep=0x81 len=0 type=BULK (in, awaiting data)
[5478] +196.822920 ASYNC-IN-DONE ep=0x81 len=0 status=2 actual=0
[5479] +196.823028 ASYNC-IN-SUBMIT ep=0x81 len=0 type=BULK (in, awaiting data)
[5480] +196.883694 ASYNC-IN-DONE ep=0x81 len=16 status=0 actual=16
	0000  08 00 00 18 f0 03 02 10  00 c8 00 10 09 02 00 00 |................|
[5481] +196.883829 ASYNC-IN-SUBMIT ep=0x81 len=0 type=BULK (in, awaiting data)
[5482] +196.996612 ASYNC-IN-DONE ep=0x81 len=0 status=2 actual=0
[5483] +196.996724 ASYNC-IN-SUBMIT ep=0x81 len=0 type=BULK (in, awaiting data)
[5484] +197.084068 ASYNC-IN-DONE ep=0x81 len=16 status=0 actual=16
	0000  08 00 00 18 ed 03 80 10  00 f4 00 10 42 05 00 00 |............B...|
[5485] +197.084209 ASYNC-IN-SUBMIT ep=0x81 len=0 type=BULK (in, awaiting data)
[5486] +197.196557 ASYNC-IN-DONE ep=0x81 len=0 status=2 actual=0
[5487] +197.196657 ASYNC-IN-SUBMIT ep=0x81 len=0 type=BULK (in, awaiting data)
[5488] +197.284410 ASYNC-IN-DONE ep=0x81 len=16 status=0 actual=16
	0000  08 00 00 18 ef 03 01 10  00 d8 00 10 65 02 00 00 |............e...|
[5489] +197.284564 ASYNC-IN-SUBMIT ep=0x81 len=0 type=BULK (in, awaiting data)
[5490] +197.302628 ASYNC-OUT ep=0x01 len=16 type=BULK 
	0000  08 00 00 18 80 10 ed 03  00 e9 00 10 79 1d 00 00 |............y...|
[5491] +197.302820 ASYNC-OUT ep=0x01 len=16 type=BULK 
	0000  08 00 00 18 02 10 f0 03  00 be 00 10 69 11 00 00 |............i...|
[5492] +197.302934 ASYNC-OUT-DONE ep=0x01 len=0 status=0 actual=16
[5493] +197.302984 ASYNC-OUT-DONE ep=0x01 len=0 status=0 actual=16
[5494] +197.395396 ASYNC-IN-DONE ep=0x81 len=0 status=2 actual=0
[5495] +197.395514 ASYNC-IN-SUBMIT ep=0x81 len=0 type=BULK (in, awaiting data)
[5496] +197.508392 ASYNC-IN-DONE ep=0x81 len=0 status=2 actual=0
[5497] +197.508481 ASYNC-IN-SUBMIT ep=0x81 len=0 type=BULK (in, awaiting data)
[5498] +197.509347 ASYNC-OUT ep=0x01 len=16 type=BULK 
	0000  08 00 00 18 01 10 ef 03  00 d0 00 10 93 1e 00 00 |................|
[5499] +197.509566 ASYNC-OUT-DONE ep=0x01 len=0 status=0 actual=16
[5500] +197.613615 ASYNC-IN-DONE ep=0x81 len=0 status=2 actual=0
[5501] +197.613719 ASYNC-IN-SUBMIT ep=0x81 len=0 type=BULK (in, awaiting data)
[5502] +197.726518 ASYNC-IN-DONE ep=0x81 len=0 status=2 actual=0
[5503] +197.726612 ASYNC-IN-SUBMIT ep=0x81 len=0 type=BULK (in, awaiting data)
[5504] +197.837947 ASYNC-IN-DONE ep=0x81 len=0 status=2 actual=0
[5505] +197.838063 ASYNC-IN-SUBMIT ep=0x81 len=0 type=BULK (in, awaiting data)
[5506] +197.886219 ASYNC-IN-DONE ep=0x81 len=16 status=0 actual=16
	0000  08 00 00 18 f0 03 02 10  00 c9 00 10 09 02 00 00 |................|
[5507] +197.886312 ASYNC-IN-SUBMIT ep=0x81 len=0 type=BULK (in, awaiting data)
[5508] +197.999089 ASYNC-IN-DONE ep=0x81 len=0 status=2 actual=0
[5509] +197.999187 ASYNC-IN-SUBMIT ep=0x81 len=0 type=BULK (in, awaiting data)
[5510] +198.087416 ASYNC-IN-DONE ep=0x81 len=16 status=0 actual=16
	0000  08 00 00 18 ed 03 80 10  00 f5 00 10 42 05 00 00 |............B...|
[5511] +198.087541 ASYNC-IN-SUBMIT ep=0x81 len=0 type=BULK (in, awaiting data)
[5512] +198.197589 ASYNC-IN-DONE ep=0x81 len=0 status=2 actual=0
[5513] +198.197699 ASYNC-IN-SUBMIT ep=0x81 len=0 type=BULK (in, awaiting data)
[5514] +198.287814 ASYNC-IN-DONE ep=0x81 len=16 status=0 actual=16
	0000  08 00 00 18 ef 03 01 10  00 d9 00 10 65 02 00 00 |............e...|
[5515] +198.287967 ASYNC-IN-SUBMIT ep=0x81 len=0 type=BULK (in, awaiting data)
[5516] +198.339282 ASYNC-OUT ep=0x01 len=16 type=BULK 
	0000  08 00 00 18 80 10 ed 03  00 ea 00 10 79 1d 00 00 |............y...|
[5517] +198.339484 ASYNC-OUT ep=0x01 len=16 type=BULK 
	0000  08 00 00 18 02 10 f0 03  00 bf 00 10 69 11 00 00 |............i...|
[5518] +198.339606 ASYNC-OUT-DONE ep=0x01 len=0 status=0 actual=16
[5519] +198.339659 ASYNC-OUT-DONE ep=0x01 len=0 status=0 actual=16
[5520] +198.399643 ASYNC-IN-DONE ep=0x81 len=0 status=2 actual=0
[5521] +198.399712 ASYNC-IN-SUBMIT ep=0x81 len=0 type=BULK (in, awaiting data)
[5522] +198.507942 ASYNC-IN-DONE ep=0x81 len=0 status=2 actual=0
[5523] +198.508066 ASYNC-IN-SUBMIT ep=0x81 len=0 type=BULK (in, awaiting data)
[5524] +198.545522 ASYNC-OUT ep=0x01 len=16 type=BULK 
	0000  08 00 00 18 01 10 ef 03  00 d1 00 10 93 1e 00 00 |................|
[5525] +198.545728 ASYNC-OUT-DONE ep=0x01 len=0 status=0 actual=16
[5526] +198.608460 ASYNC-IN-DONE ep=0x81 len=0 status=2 actual=0
[5527] +198.608551 ASYNC-IN-SUBMIT ep=0x81 len=0 type=BULK (in, awaiting data)
[5528] +198.712787 ASYNC-IN-DONE ep=0x81 len=0 status=2 actual=0
[5529] +198.712884 ASYNC-IN-SUBMIT ep=0x81 len=0 type=BULK (in, awaiting data)
[5530] +198.825130 ASYNC-IN-DONE ep=0x81 len=0 status=2 actual=0
[5531] +198.825233 ASYNC-IN-SUBMIT ep=0x81 len=0 type=BULK (in, awaiting data)
[5532] +198.889502 ASYNC-IN-DONE ep=0x81 len=16 status=0 actual=16
	0000  08 00 00 18 f0 03 02 10  00 ca 00 10 09 02 00 00 |................|
[5533] +198.889658 ASYNC-IN-SUBMIT ep=0x81 len=0 type=BULK (in, awaiting data)
[5534] +198.993203 ASYNC-IN-DONE ep=0x81 len=0 status=2 actual=0
[5535] +198.993281 ASYNC-IN-SUBMIT ep=0x81 len=0 type=BULK (in, awaiting data)
[5536] +199.090217 ASYNC-IN-DONE ep=0x81 len=16 status=0 actual=16
	0000  08 00 00 18 ed 03 80 10  00 f6 00 10 42 05 00 00 |............B...|
[5537] +199.090375 ASYNC-IN-SUBMIT ep=0x81 len=0 type=BULK (in, awaiting data)
[5538] +199.203143 ASYNC-IN-DONE ep=0x81 len=0 status=2 actual=0
[5539] +199.203190 ASYNC-IN-SUBMIT ep=0x81 len=0 type=BULK (in, awaiting data)
[5540] +199.290608 ASYNC-IN-DONE ep=0x81 len=16 status=0 actual=16
	0000  08 00 00 18 ef 03 01 10  00 da 00 10 65 02 00 00 |............e...|
[5541] +199.290653 ASYNC-IN-SUBMIT ep=0x81 len=0 type=BULK (in, awaiting data)
[5542] +199.375602 ASYNC-OUT ep=0x01 len=16 type=BULK 
	0000  08 00 00 18 80 10 ed 03  00 eb 00 10 79 1d 00 00 |............y...|
[5543] +199.375751 ASYNC-OUT ep=0x01 len=16 type=BULK 
	0000  08 00 00 18 02 10 f0 03  00 c0 00 10 69 11 00 00 |............i...|
[5544] +199.375838 ASYNC-OUT-DONE ep=0x01 len=0 status=0 actual=16
[5545] +199.375887 ASYNC-OUT-DONE ep=0x01 len=0 status=0 actual=16
[5546] +199.401686 ASYNC-IN-DONE ep=0x81 len=0 status=2 actual=0
[5547] +199.401708 ASYNC-IN-SUBMIT ep=0x81 len=0 type=BULK (in, awaiting data)
[5548] +199.507177 ASYNC-IN-DONE ep=0x81 len=0 status=2 actual=0
[5549] +199.507203 ASYNC-IN-SUBMIT ep=0x81 len=0 type=BULK (in, awaiting data)
[5550] +199.582824 ASYNC-OUT ep=0x01 len=16 type=BULK 
	0000  08 00 00 18 01 10 ef 03  00 d2 00 10 93 1e 00 00 |................|
[5551] +199.583076 ASYNC-OUT-DONE ep=0x01 len=0 status=0 actual=16
[5552] +199.609331 ASYNC-IN-DONE ep=0x81 len=0 status=2 actual=0
[5553] +199.609355 ASYNC-IN-SUBMIT ep=0x81 len=0 type=BULK (in, awaiting data)
### MARK SNAPSHOT-selector-open
[5554] +199.721801 ASYNC-IN-DONE ep=0x81 len=0 status=2 actual=0
[5555] +199.721815 ASYNC-IN-SUBMIT ep=0x81 len=0 type=BULK (in, awaiting data)
[5556] +199.823139 ASYNC-IN-DONE ep=0x81 len=0 status=2 actual=0
[5557] +199.823184 ASYNC-IN-SUBMIT ep=0x81 len=0 type=BULK (in, awaiting data)
[5558] +199.892994 ASYNC-IN-DONE ep=0x81 len=16 status=0 actual=16
	0000  08 00 00 18 f0 03 02 10  00 cb 00 10 09 02 00 00 |................|
[5559] +199.893055 ASYNC-IN-SUBMIT ep=0x81 len=0 type=BULK (in, awaiting data)
[5560] +200.005769 ASYNC-IN-DONE ep=0x81 len=0 status=2 actual=0
[5561] +200.005803 ASYNC-IN-SUBMIT ep=0x81 len=0 type=BULK (in, awaiting data)
[5562] +200.093451 ASYNC-IN-DONE ep=0x81 len=16 status=0 actual=16
	0000  08 00 00 18 ed 03 80 10  00 f7 00 10 42 05 00 00 |............B...|
[5563] +200.093641 ASYNC-IN-SUBMIT ep=0x81 len=0 type=BULK (in, awaiting data)
[5564] +200.205670 ASYNC-IN-DONE ep=0x81 len=0 status=2 actual=0
[5565] +200.205778 ASYNC-IN-SUBMIT ep=0x81 len=0 type=BULK (in, awaiting data)
[5566] +200.293885 ASYNC-IN-DONE ep=0x81 len=16 status=0 actual=16
	0000  08 00 00 18 ef 03 01 10  00 db 00 10 65 02 00 00 |............e...|
[5567] +200.293988 ASYNC-IN-SUBMIT ep=0x81 len=0 type=BULK (in, awaiting data)
[5568] +200.399760 ASYNC-IN-DONE ep=0x81 len=0 status=2 actual=0
[5569] +200.399878 ASYNC-IN-SUBMIT ep=0x81 len=0 type=BULK (in, awaiting data)
[5570] +200.412160 ASYNC-OUT ep=0x01 len=16 type=BULK 
	0000  08 00 00 18 80 10 ed 03  00 ec 00 10 79 1d 00 00 |............y...|
[5571] +200.412283 ASYNC-OUT ep=0x01 len=16 type=BULK 
	0000  08 00 00 18 02 10 f0 03  00 c1 00 10 69 11 00 00 |............i...|
[5572] +200.412399 ASYNC-OUT-DONE ep=0x01 len=0 status=0 actual=16
[5573] +200.412465 ASYNC-OUT-DONE ep=0x01 len=0 status=0 actual=16
[5574] +200.507802 ASYNC-IN-DONE ep=0x81 len=0 status=2 actual=0
[5575] +200.507970 ASYNC-IN-SUBMIT ep=0x81 len=0 type=BULK (in, awaiting data)
[5576] +200.620418 ASYNC-OUT ep=0x01 len=16 type=BULK 
	0000  08 00 00 18 01 10 ef 03  00 d3 00 10 93 1e 00 00 |................|
[5577] +200.620573 ASYNC-IN-DONE ep=0x81 len=0 status=2 actual=0
[5578] +200.620610 ASYNC-IN-SUBMIT ep=0x81 len=0 type=BULK (in, awaiting data)
[5579] +200.620712 ASYNC-OUT-DONE ep=0x01 len=0 status=0 actual=16
[5580] +200.729893 ASYNC-IN-DONE ep=0x81 len=0 status=2 actual=0
[5581] +200.730024 ASYNC-IN-SUBMIT ep=0x81 len=0 type=BULK (in, awaiting data)
[5582] +200.832225 ASYNC-IN-DONE ep=0x81 len=0 status=2 actual=0
[5583] +200.832330 ASYNC-IN-SUBMIT ep=0x81 len=0 type=BULK (in, awaiting data)
[5584] +200.895884 ASYNC-IN-DONE ep=0x81 len=16 status=0 actual=16
	0000  08 00 00 18 f0 03 02 10  00 cc 00 10 09 02 00 00 |................|
[5585] +200.896010 ASYNC-IN-SUBMIT ep=0x81 len=0 type=BULK (in, awaiting data)
[5586] +201.008749 ASYNC-IN-DONE ep=0x81 len=0 status=2 actual=0
[5587] +201.008846 ASYNC-IN-SUBMIT ep=0x81 len=0 type=BULK (in, awaiting data)
[5588] +201.096994 ASYNC-IN-DONE ep=0x81 len=16 status=0 actual=16
	0000  08 00 00 18 ed 03 80 10  00 f8 00 10 42 05 00 00 |............B...|
[5589] +201.097099 ASYNC-IN-SUBMIT ep=0x81 len=0 type=BULK (in, awaiting data)
[5590] +201.198142 ASYNC-IN-DONE ep=0x81 len=0 status=2 actual=0
[5591] +201.198210 ASYNC-IN-SUBMIT ep=0x81 len=0 type=BULK (in, awaiting data)
[5592] +201.297306 ASYNC-IN-DONE ep=0x81 len=16 status=0 actual=16
	0000  08 00 00 18 ef 03 01 10  00 dc 00 10 65 02 00 00 |............e...|
[5593] +201.297341 ASYNC-IN-SUBMIT ep=0x81 len=0 type=BULK (in, awaiting data)
[5594] +201.407369 ASYNC-IN-DONE ep=0x81 len=0 status=2 actual=0
[5595] +201.407395 ASYNC-IN-SUBMIT ep=0x81 len=0 type=BULK (in, awaiting data)
[5596] +201.451768 ASYNC-OUT ep=0x01 len=16 type=BULK 
	0000  08 00 00 18 80 10 ed 03  00 ed 00 10 79 1d 00 00 |............y...|
[5597] +201.451934 ASYNC-OUT ep=0x01 len=16 type=BULK 
	0000  08 00 00 18 02 10 f0 03  00 c2 00 10 69 11 00 00 |............i...|
[5598] +201.452024 ASYNC-OUT-DONE ep=0x01 len=0 status=0 actual=16
[5599] +201.452102 ASYNC-OUT-DONE ep=0x01 len=0 status=0 actual=16
[5600] +201.508158 ASYNC-IN-DONE ep=0x81 len=0 status=2 actual=0
[5601] +201.508188 ASYNC-IN-SUBMIT ep=0x81 len=0 type=BULK (in, awaiting data)
### MARK SNAPSHOT-pick
[5602] +201.611418 ASYNC-IN-DONE ep=0x81 len=0 status=2 actual=0
[5603] +201.611431 ASYNC-IN-SUBMIT ep=0x81 len=0 type=BULK (in, awaiting data)
[5604] +201.658849 ASYNC-OUT ep=0x01 len=16 type=BULK 
	0000  08 00 00 18 01 10 ef 03  00 d4 00 10 93 1e 00 00 |................|
[5605] +201.659155 ASYNC-OUT-DONE ep=0x01 len=0 status=0 actual=16
[5606] +201.724188 ASYNC-IN-DONE ep=0x81 len=0 status=2 actual=0
[5607] +201.724234 ASYNC-IN-SUBMIT ep=0x81 len=0 type=BULK (in, awaiting data)
[5608] +201.834512 ASYNC-IN-DONE ep=0x81 len=0 status=2 actual=0
[5609] +201.834565 ASYNC-IN-SUBMIT ep=0x81 len=0 type=BULK (in, awaiting data)
[5610] +201.899363 ASYNC-IN-DONE ep=0x81 len=16 status=0 actual=16
	0000  08 00 00 18 f0 03 02 10  00 cd 00 10 09 02 00 00 |................|
[5611] +201.899409 ASYNC-IN-SUBMIT ep=0x81 len=0 type=BULK (in, awaiting data)
[5612] +202.008393 ASYNC-IN-DONE ep=0x81 len=0 status=2 actual=0
[5613] +202.008492 ASYNC-IN-SUBMIT ep=0x81 len=0 type=BULK (in, awaiting data)
[5614] +202.099872 ASYNC-IN-DONE ep=0x81 len=16 status=0 actual=16
	0000  08 00 00 18 ed 03 80 10  00 f9 00 10 42 05 00 00 |............B...|
[5615] +202.100000 ASYNC-IN-SUBMIT ep=0x81 len=0 type=BULK (in, awaiting data)
[5616] +202.207594 ASYNC-IN-DONE ep=0x81 len=0 status=2 actual=0
[5617] +202.207700 ASYNC-IN-SUBMIT ep=0x81 len=0 type=BULK (in, awaiting data)
[5618] +202.300698 ASYNC-IN-DONE ep=0x81 len=16 status=0 actual=16
	0000  08 00 00 18 ef 03 01 10  00 dd 00 10 65 02 00 00 |............e...|
[5619] +202.300787 ASYNC-IN-SUBMIT ep=0x81 len=0 type=BULK (in, awaiting data)
[5620] +202.401931 ASYNC-IN-DONE ep=0x81 len=0 status=2 actual=0
[5621] +202.402009 ASYNC-IN-SUBMIT ep=0x81 len=0 type=BULK (in, awaiting data)
[5622] +202.488494 ASYNC-OUT ep=0x01 len=16 type=BULK 
	0000  08 00 00 18 80 10 ed 03  00 ee 00 10 79 1d 00 00 |............y...|
[5623] +202.488665 ASYNC-OUT ep=0x01 len=16 type=BULK 
	0000  08 00 00 18 02 10 f0 03  00 c3 00 10 69 11 00 00 |............i...|
[5624] +202.488766 ASYNC-OUT-DONE ep=0x01 len=0 status=0 actual=16
[5625] +202.488815 ASYNC-OUT-DONE ep=0x01 len=0 status=0 actual=16
[5626] +202.514778 ASYNC-IN-DONE ep=0x81 len=0 status=2 actual=0
[5627] +202.514867 ASYNC-IN-SUBMIT ep=0x81 len=0 type=BULK (in, awaiting data)
[5628] +202.625735 ASYNC-IN-DONE ep=0x81 len=0 status=2 actual=0
[5629] +202.625824 ASYNC-IN-SUBMIT ep=0x81 len=0 type=BULK (in, awaiting data)
[5630] +202.696703 ASYNC-OUT ep=0x01 len=16 type=BULK 
	0000  08 00 00 18 01 10 ef 03  00 d5 00 10 93 1e 00 00 |................|
[5631] +202.696962 ASYNC-OUT-DONE ep=0x01 len=0 status=0 actual=16
[5632] +202.738161 ASYNC-IN-DONE ep=0x81 len=0 status=2 actual=0
[5633] +202.738221 ASYNC-IN-SUBMIT ep=0x81 len=0 type=BULK (in, awaiting data)
[5634] +202.850552 ASYNC-IN-DONE ep=0x81 len=0 status=2 actual=0
[5635] +202.850647 ASYNC-IN-SUBMIT ep=0x81 len=0 type=BULK (in, awaiting data)
[5636] +202.903035 ASYNC-IN-DONE ep=0x81 len=16 status=0 actual=16
	0000  08 00 00 18 f0 03 02 10  00 ce 00 10 09 02 00 00 |................|
[5637] +202.903173 ASYNC-IN-SUBMIT ep=0x81 len=0 type=BULK (in, awaiting data)
[5638] +203.006870 ASYNC-IN-DONE ep=0x81 len=0 status=2 actual=0
[5639] +203.006960 ASYNC-IN-SUBMIT ep=0x81 len=0 type=BULK (in, awaiting data)
[5640] +203.103437 ASYNC-IN-DONE ep=0x81 len=16 status=0 actual=16
	0000  08 00 00 18 ed 03 80 10  00 fa 00 10 42 05 00 00 |............B...|
[5641] +203.103545 ASYNC-IN-SUBMIT ep=0x81 len=0 type=BULK (in, awaiting data)
[5642] +203.207798 ASYNC-IN-DONE ep=0x81 len=0 status=2 actual=0
[5643] +203.207872 ASYNC-IN-SUBMIT ep=0x81 len=0 type=BULK (in, awaiting data)
[5644] +203.303770 ASYNC-IN-DONE ep=0x81 len=16 status=0 actual=16
	0000  08 00 00 18 ef 03 01 10  00 de 00 10 65 02 00 00 |............e...|
[5645] +203.303804 ASYNC-IN-SUBMIT ep=0x81 len=0 type=BULK (in, awaiting data)
[5646] +203.407055 ASYNC-IN-DONE ep=0x81 len=0 status=2 actual=0
[5647] +203.407081 ASYNC-IN-SUBMIT ep=0x81 len=0 type=BULK (in, awaiting data)
[5648] +203.517414 ASYNC-IN-DONE ep=0x81 len=0 status=2 actual=0
[5649] +203.517510 ASYNC-IN-SUBMIT ep=0x81 len=0 type=BULK (in, awaiting data)
[5650] +203.527417 ASYNC-OUT ep=0x01 len=16 type=BULK 
	0000  08 00 00 18 80 10 ed 03  00 ef 00 10 79 1d 00 00 |............y...|
[5651] +203.527535 ASYNC-OUT ep=0x01 len=16 type=BULK 
	0000  08 00 00 18 02 10 f0 03  00 c4 00 10 69 11 00 00 |............i...|
[5652] +203.527591 ASYNC-OUT-DONE ep=0x01 len=0 status=0 actual=16
[5653] +203.527660 ASYNC-OUT-DONE ep=0x01 len=0 status=0 actual=16
### MARK TEMPO-click
[5654] +203.622642 ASYNC-IN-DONE ep=0x81 len=0 status=2 actual=0
[5655] +203.622658 ASYNC-IN-SUBMIT ep=0x81 len=0 type=BULK (in, awaiting data)
[5656] +203.734040 ASYNC-IN-DONE ep=0x81 len=0 status=2 actual=0
[5657] +203.734079 ASYNC-IN-SUBMIT ep=0x81 len=0 type=BULK (in, awaiting data)
[5658] +203.734552 ASYNC-OUT ep=0x01 len=16 type=BULK 
	0000  08 00 00 18 01 10 ef 03  00 d6 00 10 93 1e 00 00 |................|
[5659] +203.734828 ASYNC-OUT-DONE ep=0x01 len=0 status=0 actual=16
[5660] +203.846841 ASYNC-IN-DONE ep=0x81 len=0 status=2 actual=0
[5661] +203.846900 ASYNC-IN-SUBMIT ep=0x81 len=0 type=BULK (in, awaiting data)
[5662] +203.906158 ASYNC-IN-DONE ep=0x81 len=16 status=0 actual=16
	0000  08 00 00 18 f0 03 02 10  00 cf 00 10 09 02 00 00 |................|
[5663] +203.906283 ASYNC-IN-SUBMIT ep=0x81 len=0 type=BULK (in, awaiting data)
[5664] +204.019078 ASYNC-IN-DONE ep=0x81 len=0 status=2 actual=0
[5665] +204.019175 ASYNC-IN-SUBMIT ep=0x81 len=0 type=BULK (in, awaiting data)
[5666] +204.106940 ASYNC-IN-DONE ep=0x81 len=16 status=0 actual=16
	0000  08 00 00 18 ed 03 80 10  00 fb 00 10 42 05 00 00 |............B...|
[5667] +204.107068 ASYNC-IN-SUBMIT ep=0x81 len=0 type=BULK (in, awaiting data)
[5668] +204.217432 ASYNC-IN-DONE ep=0x81 len=0 status=2 actual=0
[5669] +204.217512 ASYNC-IN-SUBMIT ep=0x81 len=0 type=BULK (in, awaiting data)
[5670] +204.308215 ASYNC-IN-DONE ep=0x81 len=16 status=0 actual=16
	0000  08 00 00 18 ef 03 01 10  00 df 00 10 65 02 00 00 |............e...|
[5671] +204.308313 ASYNC-IN-SUBMIT ep=0x81 len=0 type=BULK (in, awaiting data)
[5672] +204.409158 ASYNC-IN-DONE ep=0x81 len=0 status=2 actual=0
[5673] +204.409243 ASYNC-IN-SUBMIT ep=0x81 len=0 type=BULK (in, awaiting data)
[5674] +204.521550 ASYNC-IN-DONE ep=0x81 len=0 status=2 actual=0
[5675] +204.521644 ASYNC-IN-SUBMIT ep=0x81 len=0 type=BULK (in, awaiting data)
[5676] +204.563216 ASYNC-OUT ep=0x01 len=16 type=BULK 
	0000  08 00 00 18 80 10 ed 03  00 f0 00 10 79 1d 00 00 |............y...|
[5677] +204.563380 ASYNC-OUT ep=0x01 len=16 type=BULK 
	0000  08 00 00 18 02 10 f0 03  00 c5 00 10 69 11 00 00 |............i...|
[5678] +204.563510 ASYNC-OUT-DONE ep=0x01 len=0 status=0 actual=16
[5679] +204.563558 ASYNC-OUT-DONE ep=0x01 len=0 status=0 actual=16
[5680] +204.634484 ASYNC-IN-DONE ep=0x81 len=0 status=2 actual=0
[5681] +204.634552 ASYNC-IN-SUBMIT ep=0x81 len=0 type=BULK (in, awaiting data)
[5682] +204.735750 ASYNC-IN-DONE ep=0x81 len=0 status=2 actual=0
[5683] +204.735825 ASYNC-IN-SUBMIT ep=0x81 len=0 type=BULK (in, awaiting data)
[5684] +204.771386 ASYNC-OUT ep=0x01 len=16 type=BULK 
	0000  08 00 00 18 01 10 ef 03  00 d7 00 10 93 1e 00 00 |................|
[5685] +204.771607 ASYNC-OUT-DONE ep=0x01 len=0 status=0 actual=16
[5686] +204.846552 ASYNC-IN-DONE ep=0x81 len=0 status=2 actual=0
[5687] +204.846643 ASYNC-IN-SUBMIT ep=0x81 len=0 type=BULK (in, awaiting data)
[5688] +204.910117 ASYNC-IN-DONE ep=0x81 len=16 status=0 actual=16
	0000  08 00 00 18 f0 03 02 10  00 d0 00 10 09 02 00 00 |................|
[5689] +204.910244 ASYNC-IN-SUBMIT ep=0x81 len=0 type=BULK (in, awaiting data)
[5690] +205.012283 ASYNC-IN-DONE ep=0x81 len=0 status=2 actual=0
[5691] +205.012365 ASYNC-IN-SUBMIT ep=0x81 len=0 type=BULK (in, awaiting data)
[5692] +205.110476 ASYNC-IN-DONE ep=0x81 len=16 status=0 actual=16
	0000  08 00 00 18 ed 03 80 10  00 fc 00 10 42 05 00 00 |............B...|
[5693] +205.110557 ASYNC-IN-SUBMIT ep=0x81 len=0 type=BULK (in, awaiting data)
[5694] +205.223222 ASYNC-IN-DONE ep=0x81 len=0 status=2 actual=0
[5695] +205.223250 ASYNC-IN-SUBMIT ep=0x81 len=0 type=BULK (in, awaiting data)
[5696] +205.310874 ASYNC-IN-DONE ep=0x81 len=16 status=0 actual=16
	0000  08 00 00 18 ef 03 01 10  00 e0 00 10 65 02 00 00 |............e...|
[5697] +205.310911 ASYNC-IN-SUBMIT ep=0x81 len=0 type=BULK (in, awaiting data)
[5698] +205.414877 ASYNC-IN-DONE ep=0x81 len=0 status=2 actual=0
[5699] +205.414906 ASYNC-IN-SUBMIT ep=0x81 len=0 type=BULK (in, awaiting data)
### MARK TAB-BypassControllerAssign
[5700] +205.516293 ASYNC-IN-DONE ep=0x81 len=0 status=2 actual=0
[5701] +205.516307 ASYNC-IN-SUBMIT ep=0x81 len=0 type=BULK (in, awaiting data)
[5702] +205.602834 ASYNC-OUT ep=0x01 len=16 type=BULK 
	0000  08 00 00 18 80 10 ed 03  00 f1 00 10 79 1d 00 00 |............y...|
[5703] +205.602993 ASYNC-OUT ep=0x01 len=16 type=BULK 
	0000  08 00 00 18 02 10 f0 03  00 c6 00 10 69 11 00 00 |............i...|
[5704] +205.603083 ASYNC-OUT-DONE ep=0x01 len=0 status=0 actual=16
[5705] +205.603154 ASYNC-OUT-DONE ep=0x01 len=0 status=0 actual=16
[5706] +205.616747 ASYNC-IN-DONE ep=0x81 len=0 status=2 actual=0
[5707] +205.616772 ASYNC-IN-SUBMIT ep=0x81 len=0 type=BULK (in, awaiting data)
[5708] +205.729581 ASYNC-IN-DONE ep=0x81 len=0 status=2 actual=0
[5709] +205.729617 ASYNC-IN-SUBMIT ep=0x81 len=0 type=BULK (in, awaiting data)
[5710] +205.810859 ASYNC-OUT ep=0x01 len=16 type=BULK 
	0000  08 00 00 18 01 10 ef 03  00 d8 00 10 93 1e 00 00 |................|
[5711] +205.811079 ASYNC-OUT-DONE ep=0x01 len=0 status=0 actual=16
[5712] +205.842370 ASYNC-IN-DONE ep=0x81 len=0 status=2 actual=0
[5713] +205.842392 ASYNC-IN-SUBMIT ep=0x81 len=0 type=BULK (in, awaiting data)
[5714] +205.912907 ASYNC-IN-DONE ep=0x81 len=16 status=0 actual=16
	0000  08 00 00 18 f0 03 02 10  00 d1 00 10 09 02 00 00 |................|
[5715] +205.913133 ASYNC-IN-SUBMIT ep=0x81 len=0 type=BULK (in, awaiting data)
[5716] +206.025994 ASYNC-IN-DONE ep=0x81 len=0 status=2 actual=0
[5717] +206.026093 ASYNC-IN-SUBMIT ep=0x81 len=0 type=BULK (in, awaiting data)
[5718] +206.113401 ASYNC-IN-DONE ep=0x81 len=16 status=0 actual=16
	0000  08 00 00 18 ed 03 80 10  00 fd 00 10 42 05 00 00 |............B...|
[5719] +206.113530 ASYNC-IN-SUBMIT ep=0x81 len=0 type=BULK (in, awaiting data)
[5720] +206.225674 ASYNC-IN-DONE ep=0x81 len=0 status=2 actual=0
[5721] +206.225752 ASYNC-IN-SUBMIT ep=0x81 len=0 type=BULK (in, awaiting data)
[5722] +206.314124 ASYNC-IN-DONE ep=0x81 len=16 status=0 actual=16
	0000  08 00 00 18 ef 03 01 10  00 e1 00 10 65 02 00 00 |............e...|
[5723] +206.314224 ASYNC-IN-SUBMIT ep=0x81 len=0 type=BULK (in, awaiting data)
[5724] +206.422011 ASYNC-IN-DONE ep=0x81 len=0 status=2 actual=0
[5725] +206.422088 ASYNC-IN-SUBMIT ep=0x81 len=0 type=BULK (in, awaiting data)
[5726] +206.534064 ASYNC-IN-DONE ep=0x81 len=0 status=2 actual=0
[5727] +206.534144 ASYNC-IN-SUBMIT ep=0x81 len=0 type=BULK (in, awaiting data)
[5728] +206.641003 ASYNC-IN-DONE ep=0x81 len=0 status=2 actual=0
[5729] +206.641103 ASYNC-IN-SUBMIT ep=0x81 len=0 type=BULK (in, awaiting data)
[5730] +206.642706 ASYNC-OUT ep=0x01 len=16 type=BULK 
	0000  08 00 00 18 80 10 ed 03  00 f2 00 10 79 1d 00 00 |............y...|
[5731] +206.642849 ASYNC-OUT ep=0x01 len=16 type=BULK 
	0000  08 00 00 18 02 10 f0 03  00 c7 00 10 69 11 00 00 |............i...|
[5732] +206.642940 ASYNC-OUT-DONE ep=0x01 len=0 status=0 actual=16
[5733] +206.643038 ASYNC-OUT-DONE ep=0x01 len=0 status=0 actual=16
[5734] +206.742487 ASYNC-IN-DONE ep=0x81 len=0 status=2 actual=0
[5735] +206.742552 ASYNC-IN-SUBMIT ep=0x81 len=0 type=BULK (in, awaiting data)
[5736] +206.847061 ASYNC-IN-DONE ep=0x81 len=0 status=2 actual=0
[5737] +206.847134 ASYNC-IN-SUBMIT ep=0x81 len=0 type=BULK (in, awaiting data)
[5738] +206.850516 ASYNC-OUT ep=0x01 len=16 type=BULK 
	0000  08 00 00 18 01 10 ef 03  00 d9 00 10 93 1e 00 00 |................|
[5739] +206.850788 ASYNC-OUT-DONE ep=0x01 len=0 status=0 actual=16
[5740] +206.916032 ASYNC-IN-DONE ep=0x81 len=16 status=0 actual=16
	0000  08 00 00 18 f0 03 02 10  00 d2 00 10 09 02 00 00 |................|
[5741] +206.916155 ASYNC-IN-SUBMIT ep=0x81 len=0 type=BULK (in, awaiting data)
[5742] +207.028904 ASYNC-IN-DONE ep=0x81 len=0 status=2 actual=0
[5743] +207.028948 ASYNC-IN-SUBMIT ep=0x81 len=0 type=BULK (in, awaiting data)
[5744] +207.116875 ASYNC-IN-DONE ep=0x81 len=16 status=0 actual=16
	0000  08 00 00 18 ed 03 80 10  00 fe 00 10 42 05 00 00 |............B...|
[5745] +207.116949 ASYNC-IN-SUBMIT ep=0x81 len=0 type=BULK (in, awaiting data)
[5746] +207.223922 ASYNC-IN-DONE ep=0x81 len=0 status=2 actual=0
[5747] +207.223947 ASYNC-IN-SUBMIT ep=0x81 len=0 type=BULK (in, awaiting data)
[5748] +207.317223 ASYNC-IN-DONE ep=0x81 len=16 status=0 actual=16
	0000  08 00 00 18 ef 03 01 10  00 e2 00 10 65 02 00 00 |............e...|
[5749] +207.317260 ASYNC-IN-SUBMIT ep=0x81 len=0 type=BULK (in, awaiting data)
[5750] +207.427798 ASYNC-IN-DONE ep=0x81 len=0 status=2 actual=0
[5751] +207.427838 ASYNC-IN-SUBMIT ep=0x81 len=0 type=BULK (in, awaiting data)
### MARK TAB-Edit
[5752] +207.540736 ASYNC-IN-DONE ep=0x81 len=0 status=2 actual=0
[5753] +207.540751 ASYNC-IN-SUBMIT ep=0x81 len=0 type=BULK (in, awaiting data)
[5754] +207.642556 ASYNC-IN-DONE ep=0x81 len=0 status=2 actual=0
[5755] +207.642597 ASYNC-IN-SUBMIT ep=0x81 len=0 type=BULK (in, awaiting data)
[5756] +207.679697 ASYNC-OUT ep=0x01 len=16 type=BULK 
	0000  08 00 00 18 80 10 ed 03  00 f3 00 10 79 1d 00 00 |............y...|
[5757] +207.679798 ASYNC-OUT ep=0x01 len=16 type=BULK 
	0000  08 00 00 18 02 10 f0 03  00 c8 00 10 69 11 00 00 |............i...|
[5758] +207.679889 ASYNC-OUT-DONE ep=0x01 len=0 status=0 actual=16
[5759] +207.679936 ASYNC-OUT-DONE ep=0x01 len=0 status=0 actual=16
[5760] +207.755268 ASYNC-IN-DONE ep=0x81 len=0 status=2 actual=0
[5761] +207.755290 ASYNC-IN-SUBMIT ep=0x81 len=0 type=BULK (in, awaiting data)
[5762] +207.862416 ASYNC-IN-DONE ep=0x81 len=0 status=2 actual=0
[5763] +207.862445 ASYNC-IN-SUBMIT ep=0x81 len=0 type=BULK (in, awaiting data)
[5764] +207.887460 ASYNC-OUT ep=0x01 len=16 type=BULK 
	0000  08 00 00 18 01 10 ef 03  00 da 00 10 93 1e 00 00 |................|
[5765] +207.887765 ASYNC-OUT-DONE ep=0x01 len=0 status=0 actual=16
[5766] +207.919450 ASYNC-IN-DONE ep=0x81 len=16 status=0 actual=16
	0000  08 00 00 18 f0 03 02 10  00 d3 00 10 09 02 00 00 |................|
[5767] +207.919562 ASYNC-IN-SUBMIT ep=0x81 len=0 type=BULK (in, awaiting data)
[5768] +208.031017 ASYNC-IN-DONE ep=0x81 len=0 status=2 actual=0
[5769] +208.031099 ASYNC-IN-SUBMIT ep=0x81 len=0 type=BULK (in, awaiting data)
[5770] +208.120033 ASYNC-IN-DONE ep=0x81 len=16 status=0 actual=16
	0000  08 00 00 18 ed 03 80 10  00 ff 00 10 42 05 00 00 |............B...|
[5771] +208.120176 ASYNC-IN-SUBMIT ep=0x81 len=0 type=BULK (in, awaiting data)
[5772] +208.230552 ASYNC-IN-DONE ep=0x81 len=0 status=2 actual=0
[5773] +208.230569 ASYNC-IN-SUBMIT ep=0x81 len=0 type=BULK (in, awaiting data)
[5774] +208.320490 ASYNC-IN-DONE ep=0x81 len=16 status=0 actual=16
	0000  08 00 00 18 ef 03 01 10  00 e3 00 10 65 02 00 00 |............e...|
[5775] +208.320595 ASYNC-IN-SUBMIT ep=0x81 len=0 type=BULK (in, awaiting data)
[5776] +208.432980 ASYNC-IN-DONE ep=0x81 len=0 status=2 actual=0
[5777] +208.433061 ASYNC-IN-SUBMIT ep=0x81 len=0 type=BULK (in, awaiting data)
[5778] +208.545711 ASYNC-IN-DONE ep=0x81 len=0 status=2 actual=0
[5779] +208.545803 ASYNC-IN-SUBMIT ep=0x81 len=0 type=BULK (in, awaiting data)
[5780] +208.654872 ASYNC-IN-DONE ep=0x81 len=0 status=2 actual=0
[5781] +208.654973 ASYNC-IN-SUBMIT ep=0x81 len=0 type=BULK (in, awaiting data)
[5782] +208.718171 ASYNC-OUT ep=0x01 len=16 type=BULK 
	0000  08 00 00 18 80 10 ed 03  00 f4 00 10 79 1d 00 00 |............y...|
[5783] +208.718344 ASYNC-OUT ep=0x01 len=16 type=BULK 
	0000  08 00 00 18 02 10 f0 03  00 c9 00 10 69 11 00 00 |............i...|
[5784] +208.718460 ASYNC-OUT-DONE ep=0x01 len=0 status=0 actual=16
[5785] +208.718508 ASYNC-OUT-DONE ep=0x01 len=0 status=0 actual=16
[5786] +208.767410 ASYNC-IN-DONE ep=0x81 len=0 status=2 actual=0
[5787] +208.767477 ASYNC-IN-SUBMIT ep=0x81 len=0 type=BULK (in, awaiting data)
[5788] +208.874487 ASYNC-IN-DONE ep=0x81 len=0 status=2 actual=0
[5789] +208.874582 ASYNC-IN-SUBMIT ep=0x81 len=0 type=BULK (in, awaiting data)
[5790] +208.922495 ASYNC-IN-DONE ep=0x81 len=16 status=0 actual=16
	0000  08 00 00 18 f0 03 02 10  00 d4 00 10 09 02 00 00 |................|
[5791] +208.922637 ASYNC-IN-SUBMIT ep=0x81 len=0 type=BULK (in, awaiting data)
[5792] +208.926363 ASYNC-OUT ep=0x01 len=16 type=BULK 
	0000  08 00 00 18 01 10 ef 03  00 db 00 10 93 1e 00 00 |................|
[5793] +208.926551 ASYNC-OUT-DONE ep=0x01 len=0 status=0 actual=16
[5794] +209.035414 ASYNC-IN-DONE ep=0x81 len=0 status=2 actual=0
[5795] +209.035474 ASYNC-IN-SUBMIT ep=0x81 len=0 type=BULK (in, awaiting data)
[5796] +209.123591 ASYNC-IN-DONE ep=0x81 len=16 status=0 actual=16
	0000  08 00 00 18 ed 03 80 10  00 00 00 10 42 05 00 00 |............B...|
[5797] +209.123628 ASYNC-IN-SUBMIT ep=0x81 len=0 type=BULK (in, awaiting data)
[5798] +209.234592 ASYNC-IN-DONE ep=0x81 len=0 status=2 actual=0
[5799] +209.234664 ASYNC-IN-SUBMIT ep=0x81 len=0 type=BULK (in, awaiting data)
[5800] +209.323949 ASYNC-IN-DONE ep=0x81 len=16 status=0 actual=16
	0000  08 00 00 18 ef 03 01 10  00 e4 00 10 65 02 00 00 |............e...|
[5801] +209.323982 ASYNC-IN-SUBMIT ep=0x81 len=0 type=BULK (in, awaiting data)
### MARK TAB-IRs
[5802] +209.434213 ASYNC-IN-DONE ep=0x81 len=0 status=2 actual=0
[5803] +209.434227 ASYNC-IN-SUBMIT ep=0x81 len=0 type=BULK (in, awaiting data)
[5804] +209.546558 ASYNC-IN-DONE ep=0x81 len=0 status=2 actual=0
[5805] +209.546601 ASYNC-IN-SUBMIT ep=0x81 len=0 type=BULK (in, awaiting data)
[5806] +209.651994 ASYNC-IN-DONE ep=0x81 len=0 status=2 actual=0
[5807] +209.652056 ASYNC-IN-SUBMIT ep=0x81 len=0 type=BULK (in, awaiting data)
[5808] +209.756008 ASYNC-OUT ep=0x01 len=16 type=BULK 
	0000  08 00 00 18 80 10 ed 03  00 f5 00 10 79 1d 00 00 |............y...|
[5809] +209.756187 ASYNC-OUT ep=0x01 len=16 type=BULK 
	0000  08 00 00 18 02 10 f0 03  00 ca 00 10 69 11 00 00 |............i...|
[5810] +209.756312 ASYNC-OUT-DONE ep=0x01 len=0 status=0 actual=16
[5811] +209.756341 ASYNC-OUT-DONE ep=0x01 len=0 status=0 actual=16
[5812] +209.764807 ASYNC-IN-DONE ep=0x81 len=0 status=2 actual=0
[5813] +209.764836 ASYNC-IN-SUBMIT ep=0x81 len=0 type=BULK (in, awaiting data)
[5814] +209.875762 ASYNC-IN-DONE ep=0x81 len=0 status=2 actual=0
[5815] +209.875846 ASYNC-IN-SUBMIT ep=0x81 len=0 type=BULK (in, awaiting data)
[5816] +209.925893 ASYNC-IN-DONE ep=0x81 len=16 status=0 actual=16
	0000  08 00 00 18 f0 03 02 10  00 d5 00 10 09 02 00 00 |................|
[5817] +209.925982 ASYNC-IN-SUBMIT ep=0x81 len=0 type=BULK (in, awaiting data)
[5818] +209.964127 ASYNC-OUT ep=0x01 len=16 type=BULK 
	0000  08 00 00 18 01 10 ef 03  00 dc 00 10 93 1e 00 00 |................|
[5819] +209.964357 ASYNC-OUT-DONE ep=0x01 len=0 status=0 actual=16
[5820] +210.038767 ASYNC-IN-DONE ep=0x81 len=0 status=2 actual=0
[5821] +210.038829 ASYNC-IN-SUBMIT ep=0x81 len=0 type=BULK (in, awaiting data)
[5822] +210.126736 ASYNC-IN-DONE ep=0x81 len=16 status=0 actual=16
	0000  08 00 00 18 ed 03 80 10  00 01 00 10 42 05 00 00 |............B...|
[5823] +210.126849 ASYNC-IN-SUBMIT ep=0x81 len=0 type=BULK (in, awaiting data)
[5824] +210.230471 ASYNC-IN-DONE ep=0x81 len=0 status=2 actual=0
[5825] +210.230557 ASYNC-IN-SUBMIT ep=0x81 len=0 type=BULK (in, awaiting data)
[5826] +210.327483 ASYNC-IN-DONE ep=0x81 len=16 status=0 actual=16
	0000  08 00 00 18 ef 03 01 10  00 e5 00 10 65 02 00 00 |............e...|
[5827] +210.327576 ASYNC-IN-SUBMIT ep=0x81 len=0 type=BULK (in, awaiting data)
[5828] +210.434256 ASYNC-IN-DONE ep=0x81 len=0 status=2 actual=0
[5829] +210.434334 ASYNC-IN-SUBMIT ep=0x81 len=0 type=BULK (in, awaiting data)
[5830] +210.547041 ASYNC-IN-DONE ep=0x81 len=0 status=2 actual=0
[5831] +210.547112 ASYNC-IN-SUBMIT ep=0x81 len=0 type=BULK (in, awaiting data)
[5832] +210.647516 ASYNC-IN-DONE ep=0x81 len=0 status=2 actual=0
[5833] +210.647616 ASYNC-IN-SUBMIT ep=0x81 len=0 type=BULK (in, awaiting data)
[5834] +210.750546 ASYNC-IN-DONE ep=0x81 len=0 status=2 actual=0
[5835] +210.750623 ASYNC-IN-SUBMIT ep=0x81 len=0 type=BULK (in, awaiting data)
[5836] +210.796345 ASYNC-OUT ep=0x01 len=16 type=BULK 
	0000  08 00 00 18 80 10 ed 03  00 f6 00 10 79 1d 00 00 |............y...|
[5837] +210.796537 ASYNC-OUT ep=0x01 len=16 type=BULK 
	0000  08 00 00 18 02 10 f0 03  00 cb 00 10 69 11 00 00 |............i...|
[5838] +210.796650 ASYNC-OUT-DONE ep=0x01 len=0 status=0 actual=16
[5839] +210.796713 ASYNC-OUT-DONE ep=0x01 len=0 status=0 actual=16
[5840] +210.857835 ASYNC-IN-DONE ep=0x81 len=0 status=2 actual=0
[5841] +210.857930 ASYNC-IN-SUBMIT ep=0x81 len=0 type=BULK (in, awaiting data)
[5842] +210.929443 ASYNC-IN-DONE ep=0x81 len=16 status=0 actual=16
	0000  08 00 00 18 f0 03 02 10  00 d6 00 10 09 02 00 00 |................|
[5843] +210.929523 ASYNC-IN-SUBMIT ep=0x81 len=0 type=BULK (in, awaiting data)
[5844] +211.004612 ASYNC-OUT ep=0x01 len=16 type=BULK 
	0000  08 00 00 18 01 10 ef 03  00 dd 00 10 93 1e 00 00 |................|
[5845] +211.004884 ASYNC-OUT-DONE ep=0x01 len=0 status=0 actual=16
[5846] +211.030630 ASYNC-IN-DONE ep=0x81 len=0 status=2 actual=0
[5847] +211.030662 ASYNC-IN-SUBMIT ep=0x81 len=0 type=BULK (in, awaiting data)
[5848] +211.129867 ASYNC-IN-DONE ep=0x81 len=16 status=0 actual=16
	0000  08 00 00 18 ed 03 80 10  00 02 00 10 42 05 00 00 |............B...|
[5849] +211.129904 ASYNC-IN-SUBMIT ep=0x81 len=0 type=BULK (in, awaiting data)
[5850] +211.242601 ASYNC-IN-DONE ep=0x81 len=0 status=2 actual=0
[5851] +211.242632 ASYNC-IN-SUBMIT ep=0x81 len=0 type=BULK (in, awaiting data)
[5852] +211.330789 ASYNC-IN-DONE ep=0x81 len=16 status=0 actual=16
	0000  08 00 00 18 ef 03 01 10  00 e6 00 10 65 02 00 00 |............e...|
[5853] +211.330830 ASYNC-IN-SUBMIT ep=0x81 len=0 type=BULK (in, awaiting data)
### MARK TAB-Favorites
[5854] +211.433529 ASYNC-IN-DONE ep=0x81 len=0 status=2 actual=0
[5855] +211.433554 ASYNC-IN-SUBMIT ep=0x81 len=0 type=BULK (in, awaiting data)
[5856] +211.546318 ASYNC-IN-DONE ep=0x81 len=0 status=2 actual=0
[5857] +211.546361 ASYNC-IN-SUBMIT ep=0x81 len=0 type=BULK (in, awaiting data)
[5858] +211.649501 ASYNC-IN-DONE ep=0x81 len=0 status=2 actual=0
[5859] +211.649554 ASYNC-IN-SUBMIT ep=0x81 len=0 type=BULK (in, awaiting data)
[5860] +211.762374 ASYNC-IN-DONE ep=0x81 len=0 status=2 actual=0
[5861] +211.762466 ASYNC-IN-SUBMIT ep=0x81 len=0 type=BULK (in, awaiting data)
[5862] +211.835921 ASYNC-OUT ep=0x01 len=16 type=BULK 
	0000  08 00 00 18 80 10 ed 03  00 f7 00 10 79 1d 00 00 |............y...|
[5863] +211.836080 ASYNC-OUT ep=0x01 len=16 type=BULK 
	0000  08 00 00 18 02 10 f0 03  00 cc 00 10 69 11 00 00 |............i...|
[5864] +211.836210 ASYNC-OUT-DONE ep=0x01 len=0 status=0 actual=16
[5865] +211.836247 ASYNC-OUT-DONE ep=0x01 len=0 status=0 actual=16
[5866] +211.873147 ASYNC-IN-DONE ep=0x81 len=0 status=2 actual=0
[5867] +211.873217 ASYNC-IN-SUBMIT ep=0x81 len=0 type=BULK (in, awaiting data)
[5868] +211.932465 ASYNC-IN-DONE ep=0x81 len=16 status=0 actual=16
	0000  08 00 00 18 f0 03 02 10  00 d7 00 10 09 02 00 00 |................|
[5869] +211.932604 ASYNC-IN-SUBMIT ep=0x81 len=0 type=BULK (in, awaiting data)
[5870] +212.038893 ASYNC-IN-DONE ep=0x81 len=0 status=2 actual=0
[5871] +212.038975 ASYNC-IN-SUBMIT ep=0x81 len=0 type=BULK (in, awaiting data)
[5872] +212.042200 ASYNC-OUT ep=0x01 len=16 type=BULK 
	0000  08 00 00 18 01 10 ef 03  00 de 00 10 93 1e 00 00 |................|
[5873] +212.042400 ASYNC-OUT-DONE ep=0x01 len=0 status=0 actual=16
[5874] +212.133233 ASYNC-IN-DONE ep=0x81 len=16 status=0 actual=16
	0000  08 00 00 18 ed 03 80 10  00 03 00 10 42 05 00 00 |............B...|
[5875] +212.133363 ASYNC-IN-SUBMIT ep=0x81 len=0 type=BULK (in, awaiting data)
[5876] +212.246116 ASYNC-IN-DONE ep=0x81 len=0 status=2 actual=0
[5877] +212.246193 ASYNC-IN-SUBMIT ep=0x81 len=0 type=BULK (in, awaiting data)
[5878] +212.334714 ASYNC-IN-DONE ep=0x81 len=16 status=0 actual=16
	0000  08 00 00 18 ef 03 01 10  00 e7 00 10 65 02 00 00 |............e...|
[5879] +212.334827 ASYNC-IN-SUBMIT ep=0x81 len=0 type=BULK (in, awaiting data)
[5880] +212.447687 ASYNC-IN-DONE ep=0x81 len=0 status=2 actual=0
[5881] +212.447780 ASYNC-IN-SUBMIT ep=0x81 len=0 type=BULK (in, awaiting data)
[5882] +212.555478 ASYNC-IN-DONE ep=0x81 len=0 status=2 actual=0
[5883] +212.555560 ASYNC-IN-SUBMIT ep=0x81 len=0 type=BULK (in, awaiting data)
[5884] +212.665874 ASYNC-IN-DONE ep=0x81 len=0 status=2 actual=0
[5885] +212.666020 ASYNC-IN-SUBMIT ep=0x81 len=0 type=BULK (in, awaiting data)
[5886] +212.774599 ASYNC-IN-DONE ep=0x81 len=0 status=2 actual=0
[5887] +212.774693 ASYNC-IN-SUBMIT ep=0x81 len=0 type=BULK (in, awaiting data)
[5888] +212.870184 ASYNC-OUT ep=0x01 len=16 type=BULK 
	0000  08 00 00 18 80 10 ed 03  00 f8 00 10 79 1d 00 00 |............y...|
[5889] +212.870314 ASYNC-OUT ep=0x01 len=16 type=BULK 
	0000  08 00 00 18 02 10 f0 03  00 cd 00 10 69 11 00 00 |............i...|
[5890] +212.870441 ASYNC-OUT-DONE ep=0x01 len=0 status=0 actual=16
[5891] +212.870487 ASYNC-OUT-DONE ep=0x01 len=0 status=0 actual=16
[5892] +212.875444 ASYNC-IN-DONE ep=0x81 len=0 status=2 actual=0
[5893] +212.875470 ASYNC-IN-SUBMIT ep=0x81 len=0 type=BULK (in, awaiting data)
[5894] +212.936553 ASYNC-IN-DONE ep=0x81 len=16 status=0 actual=16
	0000  08 00 00 18 f0 03 02 10  00 d8 00 10 09 02 00 00 |................|
[5895] +212.936594 ASYNC-IN-SUBMIT ep=0x81 len=0 type=BULK (in, awaiting data)
[5896] +213.048631 ASYNC-IN-DONE ep=0x81 len=0 status=2 actual=0
[5897] +213.048656 ASYNC-IN-SUBMIT ep=0x81 len=0 type=BULK (in, awaiting data)
[5898] +213.076768 ASYNC-OUT ep=0x01 len=16 type=BULK 
	0000  08 00 00 18 01 10 ef 03  00 df 00 10 93 1e 00 00 |................|
[5899] +213.076967 ASYNC-OUT-DONE ep=0x01 len=0 status=0 actual=16
[5900] +213.136875 ASYNC-IN-DONE ep=0x81 len=16 status=0 actual=16
	0000  08 00 00 18 ed 03 80 10  00 04 00 10 42 05 00 00 |............B...|
[5901] +213.136912 ASYNC-IN-SUBMIT ep=0x81 len=0 type=BULK (in, awaiting data)
[5902] +213.248257 ASYNC-IN-DONE ep=0x81 len=0 status=2 actual=0
[5903] +213.248289 ASYNC-IN-SUBMIT ep=0x81 len=0 type=BULK (in, awaiting data)
### MARK TAB-Presets
[5904] +213.337952 ASYNC-IN-DONE ep=0x81 len=16 status=0 actual=16
	0000  08 00 00 18 ef 03 01 10  00 e8 00 10 65 02 00 00 |............e...|
[5905] +213.337972 ASYNC-IN-SUBMIT ep=0x81 len=0 type=BULK (in, awaiting data)
[5906] +213.450730 ASYNC-IN-DONE ep=0x81 len=0 status=2 actual=0
[5907] +213.450759 ASYNC-IN-SUBMIT ep=0x81 len=0 type=BULK (in, awaiting data)
[5908] +213.560908 ASYNC-IN-DONE ep=0x81 len=0 status=2 actual=0
[5909] +213.561084 ASYNC-IN-SUBMIT ep=0x81 len=0 type=BULK (in, awaiting data)
[5910] +213.666906 ASYNC-IN-DONE ep=0x81 len=0 status=2 actual=0
[5911] +213.667004 ASYNC-IN-SUBMIT ep=0x81 len=0 type=BULK (in, awaiting data)
[5912] +213.779838 ASYNC-IN-DONE ep=0x81 len=0 status=2 actual=0
[5913] +213.779911 ASYNC-IN-SUBMIT ep=0x81 len=0 type=BULK (in, awaiting data)
[5914] +213.890905 ASYNC-IN-DONE ep=0x81 len=0 status=2 actual=0
[5915] +213.891002 ASYNC-IN-SUBMIT ep=0x81 len=0 type=BULK (in, awaiting data)
[5916] +213.906150 ASYNC-OUT ep=0x01 len=16 type=BULK 
	0000  08 00 00 18 80 10 ed 03  00 f9 00 10 79 1d 00 00 |............y...|
[5917] +213.906341 ASYNC-OUT ep=0x01 len=16 type=BULK 
	0000  08 00 00 18 02 10 f0 03  00 ce 00 10 69 11 00 00 |............i...|
[5918] +213.906479 ASYNC-OUT-DONE ep=0x01 len=0 status=0 actual=16
[5919] +213.906528 ASYNC-OUT-DONE ep=0x01 len=0 status=0 actual=16
[5920] +213.939860 ASYNC-IN-DONE ep=0x81 len=16 status=0 actual=16
	0000  08 00 00 18 f0 03 02 10  00 d9 00 10 09 02 00 00 |................|
[5921] +213.939957 ASYNC-IN-SUBMIT ep=0x81 len=0 type=BULK (in, awaiting data)
[5922] +214.050727 ASYNC-IN-DONE ep=0x81 len=0 status=2 actual=0
[5923] +214.050825 ASYNC-IN-SUBMIT ep=0x81 len=0 type=BULK (in, awaiting data)
[5924] +214.112973 ASYNC-OUT ep=0x01 len=16 type=BULK 
	0000  08 00 00 18 01 10 ef 03  00 e0 00 10 93 1e 00 00 |................|
[5925] +214.113200 ASYNC-OUT-DONE ep=0x01 len=0 status=0 actual=16
[5926] +214.140257 ASYNC-IN-DONE ep=0x81 len=16 status=0 actual=16
	0000  08 00 00 18 ed 03 80 10  00 05 00 10 42 05 00 00 |............B...|
[5927] +214.140380 ASYNC-IN-SUBMIT ep=0x81 len=0 type=BULK (in, awaiting data)
[5928] +214.243188 ASYNC-IN-DONE ep=0x81 len=0 status=2 actual=0
[5929] +214.243279 ASYNC-IN-SUBMIT ep=0x81 len=0 type=BULK (in, awaiting data)
[5930] +214.340574 ASYNC-IN-DONE ep=0x81 len=16 status=0 actual=16
	0000  08 00 00 18 ef 03 01 10  00 e9 00 10 65 02 00 00 |............e...|
[5931] +214.340681 ASYNC-IN-SUBMIT ep=0x81 len=0 type=BULK (in, awaiting data)
[5932] +214.449930 ASYNC-IN-DONE ep=0x81 len=0 status=2 actual=0
[5933] +214.449981 ASYNC-IN-SUBMIT ep=0x81 len=0 type=BULK (in, awaiting data)
[5934] +214.559106 ASYNC-IN-DONE ep=0x81 len=0 status=2 actual=0
[5935] +214.559208 ASYNC-IN-SUBMIT ep=0x81 len=0 type=BULK (in, awaiting data)
[5936] +214.665754 ASYNC-IN-DONE ep=0x81 len=0 status=2 actual=0
[5937] +214.665885 ASYNC-IN-SUBMIT ep=0x81 len=0 type=BULK (in, awaiting data)
[5938] +214.776162 ASYNC-IN-DONE ep=0x81 len=0 status=2 actual=0
[5939] +214.776247 ASYNC-IN-SUBMIT ep=0x81 len=0 type=BULK (in, awaiting data)
[5940] +214.882634 ASYNC-IN-DONE ep=0x81 len=0 status=2 actual=0
[5941] +214.882695 ASYNC-IN-SUBMIT ep=0x81 len=0 type=BULK (in, awaiting data)
[5942] +214.941401 ASYNC-OUT ep=0x01 len=16 type=BULK 
	0000  08 00 00 18 80 10 ed 03  00 fa 00 10 79 1d 00 00 |............y...|
[5943] +214.941556 ASYNC-OUT ep=0x01 len=16 type=BULK 
	0000  08 00 00 18 02 10 f0 03  00 cf 00 10 69 11 00 00 |............i...|
[5944] +214.941637 ASYNC-OUT-DONE ep=0x01 len=0 status=0 actual=16
[5945] +214.941709 ASYNC-OUT-DONE ep=0x01 len=0 status=0 actual=16
[5946] +214.942846 ASYNC-IN-DONE ep=0x81 len=16 status=0 actual=16
	0000  08 00 00 18 f0 03 02 10  00 da 00 10 09 02 00 00 |................|
[5947] +214.942866 ASYNC-IN-SUBMIT ep=0x81 len=0 type=BULK (in, awaiting data)
[5948] +215.052719 ASYNC-IN-DONE ep=0x81 len=0 status=2 actual=0
[5949] +215.052746 ASYNC-IN-SUBMIT ep=0x81 len=0 type=BULK (in, awaiting data)
[5950] +215.143379 ASYNC-IN-DONE ep=0x81 len=16 status=0 actual=16
	0000  08 00 00 18 ed 03 80 10  00 06 00 10 42 05 00 00 |............B...|
[5951] +215.143424 ASYNC-IN-SUBMIT ep=0x81 len=0 type=BULK (in, awaiting data)
[5952] +215.148557 ASYNC-OUT ep=0x01 len=16 type=BULK 
	0000  08 00 00 18 01 10 ef 03  00 e1 00 10 93 1e 00 00 |................|
[5953] +215.148706 ASYNC-OUT-DONE ep=0x01 len=0 status=0 actual=16
### MARK GLOBAL-settings-gear
[5954] +215.245114 ASYNC-IN-DONE ep=0x81 len=0 status=2 actual=0
[5955] +215.245126 ASYNC-IN-SUBMIT ep=0x81 len=0 type=BULK (in, awaiting data)
[5956] +215.344195 ASYNC-IN-DONE ep=0x81 len=16 status=0 actual=16
	0000  08 00 00 18 ef 03 01 10  00 ea 00 10 65 02 00 00 |............e...|
[5957] +215.344251 ASYNC-IN-SUBMIT ep=0x81 len=0 type=BULK (in, awaiting data)
[5958] +215.456995 ASYNC-IN-DONE ep=0x81 len=0 status=2 actual=0
[5959] +215.457031 ASYNC-IN-SUBMIT ep=0x81 len=0 type=BULK (in, awaiting data)
[5960] +215.457802 ASYNC-OUT ep=0x01 len=36 type=BULK 
	0000  1b 00 00 18 80 10 ed 03  00 fb 00 04 79 1d 00 00 |............y...|
	0010  01 00 06 00 0b 00 00 00  83 66 cd 04 09 64 18 65 |.........f...d.e|
	0020  81 76 5f 00                                      |.v_.|
[5961] +215.458047 ASYNC-OUT-DONE ep=0x01 len=0 status=0 actual=36
[5962] +215.459691 ASYNC-IN-DONE ep=0x81 len=40 status=0 actual=40
	0000  1f 00 00 18 ed 03 80 10  00 07 00 04 55 05 00 00 |............U...|
	0010  00 00 06 00 0f 00 00 00  83 66 cd 04 09 67 00 68 |.........f...g.h|
	0020  82 76 cd 00 5f 77 c2 3b                          |.v.._w.;|
[5963] +215.459749 ASYNC-IN-SUBMIT ep=0x81 len=0 type=BULK (in, awaiting data)
[5964] +215.509913 ASYNC-OUT ep=0x01 len=36 type=BULK 
	0000  1b 00 00 18 80 10 ed 03  00 fc 00 0c 90 1d 00 00 |................|
	0010  01 00 06 00 0b 00 00 00  83 66 cd 04 0a 64 18 65 |.........f...d.e|
	0020  81 76 60 00                                      |.v`.|
[5965] +215.510254 ASYNC-OUT-DONE ep=0x01 len=0 status=0 actual=36
[5966] +215.511410 ASYNC-IN-DONE ep=0x81 len=40 status=0 actual=40
	0000  1f 00 00 18 ed 03 80 10  00 08 00 04 68 05 00 00 |............h...|
	0010  00 00 06 00 0f 00 00 00  83 66 cd 04 0a 67 00 68 |.........f...g.h|
	0020  82 76 cd 00 60 77 c3 3b                          |.v..`w.;|
[5967] +215.511461 ASYNC-IN-SUBMIT ep=0x81 len=0 type=BULK (in, awaiting data)
[5968] +215.544494 ASYNC-IN-DONE ep=0x81 len=16 status=0 actual=16
	0000  08 00 00 18 ed 03 80 10  00 09 00 08 68 05 00 00 |............h...|
[5969] +215.544529 ASYNC-IN-SUBMIT ep=0x81 len=0 type=BULK (in, awaiting data)
[5970] +215.561984 ASYNC-OUT ep=0x01 len=36 type=BULK 
	0000  1b 00 00 18 80 10 ed 03  00 fd 00 0c a7 1d 00 00 |................|
	0010  01 00 06 00 0b 00 00 00  83 66 cd 04 0b 64 18 65 |.........f...d.e|
	0020  81 76 61 00                                      |.va.|
[5971] +215.562319 ASYNC-OUT-DONE ep=0x01 len=0 status=0 actual=36
[5972] +215.563290 ASYNC-IN-DONE ep=0x81 len=40 status=0 actual=40
	0000  1f 00 00 18 ed 03 80 10  00 0a 00 04 7b 05 00 00 |............{...|
	0010  00 00 06 00 0f 00 00 00  83 66 cd 04 0b 67 00 68 |.........f...g.h|
	0020  82 76 cd 00 61 77 00 3b                          |.v..aw.;|
[5973] +215.563334 ASYNC-IN-SUBMIT ep=0x81 len=0 type=BULK (in, awaiting data)
[5974] +215.613635 ASYNC-OUT ep=0x01 len=36 type=BULK 
	0000  1b 00 00 18 80 10 ed 03  00 fe 00 0c be 1d 00 00 |................|
	0010  01 00 06 00 0b 00 00 00  83 66 cd 04 0c 64 18 65 |.........f...d.e|
	0020  81 76 62 00                                      |.vb.|
[5975] +215.614047 ASYNC-OUT-DONE ep=0x01 len=0 status=0 actual=36
[5976] +215.615197 ASYNC-IN-DONE ep=0x81 len=40 status=0 actual=40
	0000  1f 00 00 18 ed 03 80 10  00 0b 00 04 8e 05 00 00 |................|
	0010  00 00 06 00 0f 00 00 00  83 66 cd 04 0c 67 00 68 |.........f...g.h|
	0020  82 76 cd 00 62 77 0a 3b                          |.v..bw.;|
[5977] +215.615281 ASYNC-IN-SUBMIT ep=0x81 len=0 type=BULK (in, awaiting data)
[5978] +215.665663 ASYNC-OUT ep=0x01 len=36 type=BULK 
	0000  1b 00 00 18 80 10 ed 03  00 ff 00 0c d5 1d 00 00 |................|
	0010  01 00 06 00 0b 00 00 00  83 66 cd 04 0d 64 18 65 |.........f...d.e|
	0020  81 76 63 00                                      |.vc.|
[5979] +215.665929 ASYNC-OUT-DONE ep=0x01 len=0 status=0 actual=36
[5980] +215.666942 ASYNC-IN-DONE ep=0x81 len=40 status=0 actual=40
	0000  1f 00 00 18 ed 03 80 10  00 0c 00 04 a1 05 00 00 |................|
	0010  00 00 06 00 0f 00 00 00  83 66 cd 04 0d 67 00 68 |.........f...g.h|
	0020  82 76 cd 00 63 77 0b 3b                          |.v..cw.;|
[5981] +215.666997 ASYNC-IN-SUBMIT ep=0x81 len=0 type=BULK (in, awaiting data)
[5982] +215.716827 ASYNC-OUT ep=0x01 len=16 type=BULK 
	0000  08 00 00 18 80 10 ed 03  00 00 00 08 ec 1d 00 00 |................|
[5983] +215.717096 ASYNC-OUT-DONE ep=0x01 len=0 status=0 actual=16
[5984] +215.745353 ASYNC-IN-DONE ep=0x81 len=16 status=0 actual=16
	0000  08 00 00 18 ed 03 80 10  00 0d 00 08 a1 05 00 00 |................|
[5985] +215.745426 ASYNC-IN-SUBMIT ep=0x81 len=0 type=BULK (in, awaiting data)
[5986] +215.855436 ASYNC-IN-DONE ep=0x81 len=0 status=2 actual=0
[5987] +215.855526 ASYNC-IN-SUBMIT ep=0x81 len=0 type=BULK (in, awaiting data)
[5988] +215.946093 ASYNC-IN-DONE ep=0x81 len=16 status=0 actual=16
	0000  08 00 00 18 f0 03 02 10  00 db 00 10 09 02 00 00 |................|
[5989] +215.946209 ASYNC-IN-SUBMIT ep=0x81 len=0 type=BULK (in, awaiting data)
[5990] +215.975245 ASYNC-OUT ep=0x01 len=16 type=BULK 
	0000  08 00 00 18 02 10 f0 03  00 d0 00 10 69 11 00 00 |............i...|
[5991] +215.975583 ASYNC-OUT-DONE ep=0x01 len=0 status=0 actual=16
[5992] +216.054848 ASYNC-IN-DONE ep=0x81 len=0 status=2 actual=0
[5993] +216.054957 ASYNC-IN-SUBMIT ep=0x81 len=0 type=BULK (in, awaiting data)
[5994] +216.157347 ASYNC-IN-DONE ep=0x81 len=0 status=2 actual=0
[5995] +216.157428 ASYNC-IN-SUBMIT ep=0x81 len=0 type=BULK (in, awaiting data)
[5996] +216.182901 ASYNC-OUT ep=0x01 len=16 type=BULK 
	0000  08 00 00 18 01 10 ef 03  00 e2 00 10 93 1e 00 00 |................|
[5997] +216.183224 ASYNC-OUT-DONE ep=0x01 len=0 status=0 actual=16
[5998] +216.270425 ASYNC-IN-DONE ep=0x81 len=0 status=2 actual=0
[5999] +216.270650 ASYNC-IN-SUBMIT ep=0x81 len=0 type=BULK (in, awaiting data)
[6000] +216.347298 ASYNC-IN-DONE ep=0x81 len=16 status=0 actual=16
	0000  08 00 00 18 ef 03 01 10  00 eb 00 10 65 02 00 00 |............e...|
[6001] +216.347400 ASYNC-IN-SUBMIT ep=0x81 len=0 type=BULK (in, awaiting data)
[6002] +216.447738 ASYNC-IN-DONE ep=0x81 len=0 status=2 actual=0
[6003] +216.447852 ASYNC-IN-SUBMIT ep=0x81 len=0 type=BULK (in, awaiting data)
[6004] +216.552564 ASYNC-IN-DONE ep=0x81 len=0 status=2 actual=0
[6005] +216.552679 ASYNC-IN-SUBMIT ep=0x81 len=0 type=BULK (in, awaiting data)
[6006] +216.657744 ASYNC-IN-DONE ep=0x81 len=0 status=2 actual=0
[6007] +216.657838 ASYNC-IN-SUBMIT ep=0x81 len=0 type=BULK (in, awaiting data)
[6008] +216.748597 ASYNC-IN-DONE ep=0x81 len=16 status=0 actual=16
	0000  08 00 00 18 ed 03 80 10  00 0e 00 10 a1 05 00 00 |................|
[6009] +216.748728 ASYNC-IN-SUBMIT ep=0x81 len=0 type=BULK (in, awaiting data)
[6010] +216.753659 ASYNC-OUT ep=0x01 len=16 type=BULK 
	0000  08 00 00 18 80 10 ed 03  00 01 00 10 ec 1d 00 00 |................|
[6011] +216.753882 ASYNC-OUT-DONE ep=0x01 len=0 status=0 actual=16
[6012] +216.858273 ASYNC-IN-DONE ep=0x81 len=0 status=2 actual=0
[6013] +216.858330 ASYNC-IN-SUBMIT ep=0x81 len=0 type=BULK (in, awaiting data)
[6014] +216.949217 ASYNC-IN-DONE ep=0x81 len=16 status=0 actual=16
	0000  08 00 00 18 f0 03 02 10  00 dc 00 10 09 02 00 00 |................|
[6015] +216.949250 ASYNC-IN-SUBMIT ep=0x81 len=0 type=BULK (in, awaiting data)
[6016] +217.013843 ASYNC-OUT ep=0x01 len=16 type=BULK 
	0000  08 00 00 18 02 10 f0 03  00 d1 00 10 69 11 00 00 |............i...|
[6017] +217.014043 ASYNC-OUT-DONE ep=0x01 len=0 status=0 actual=16
[6018] +217.055937 ASYNC-IN-DONE ep=0x81 len=0 status=2 actual=0
[6019] +217.055961 ASYNC-IN-SUBMIT ep=0x81 len=0 type=BULK (in, awaiting data)
[6020] +217.158674 ASYNC-IN-DONE ep=0x81 len=0 status=2 actual=0
[6021] +217.158704 ASYNC-IN-SUBMIT ep=0x81 len=0 type=BULK (in, awaiting data)
[6022] +217.221328 ASYNC-OUT ep=0x01 len=16 type=BULK 
	0000  08 00 00 18 01 10 ef 03  00 e3 00 10 93 1e 00 00 |................|
[6023] +217.221584 ASYNC-OUT-DONE ep=0x01 len=0 status=0 actual=16
[6024] +217.267289 ASYNC-IN-DONE ep=0x81 len=0 status=2 actual=0
[6025] +217.267306 ASYNC-IN-SUBMIT ep=0x81 len=0 type=BULK (in, awaiting data)
[6026] +217.350512 ASYNC-IN-DONE ep=0x81 len=16 status=0 actual=16
	0000  08 00 00 18 ef 03 01 10  00 ec 00 10 65 02 00 00 |............e...|
[6027] +217.350564 ASYNC-IN-SUBMIT ep=0x81 len=0 type=BULK (in, awaiting data)
[6028] +217.463212 ASYNC-IN-DONE ep=0x81 len=0 status=2 actual=0
[6029] +217.463254 ASYNC-IN-SUBMIT ep=0x81 len=0 type=BULK (in, awaiting data)
[6030] +217.572991 ASYNC-IN-DONE ep=0x81 len=0 status=2 actual=0
[6031] +217.573044 ASYNC-IN-SUBMIT ep=0x81 len=0 type=BULK (in, awaiting data)
[6032] +217.677868 ASYNC-IN-DONE ep=0x81 len=0 status=2 actual=0
[6033] +217.677978 ASYNC-IN-SUBMIT ep=0x81 len=0 type=BULK (in, awaiting data)
[6034] +217.752467 ASYNC-IN-DONE ep=0x81 len=16 status=0 actual=16
	0000  08 00 00 18 ed 03 80 10  00 0f 00 10 a1 05 00 00 |................|
[6035] +217.752602 ASYNC-IN-SUBMIT ep=0x81 len=0 type=BULK (in, awaiting data)
[6036] +217.792651 ASYNC-OUT ep=0x01 len=16 type=BULK 
	0000  08 00 00 18 80 10 ed 03  00 02 00 10 ec 1d 00 00 |................|
[6037] +217.793013 ASYNC-OUT-DONE ep=0x01 len=0 status=0 actual=16
[6038] +217.863634 ASYNC-IN-DONE ep=0x81 len=0 status=2 actual=0
[6039] +217.863730 ASYNC-IN-SUBMIT ep=0x81 len=0 type=BULK (in, awaiting data)
[6040] +217.952810 ASYNC-IN-DONE ep=0x81 len=16 status=0 actual=16
	0000  08 00 00 18 f0 03 02 10  00 dd 00 10 09 02 00 00 |................|
[6041] +217.952942 ASYNC-IN-SUBMIT ep=0x81 len=0 type=BULK (in, awaiting data)
[6042] +218.051615 ASYNC-OUT ep=0x01 len=16 type=BULK 
	0000  08 00 00 18 02 10 f0 03  00 d2 00 10 69 11 00 00 |............i...|
[6043] +218.051954 ASYNC-OUT-DONE ep=0x01 len=0 status=0 actual=16
[6044] +218.053242 ASYNC-IN-DONE ep=0x81 len=0 status=2 actual=0
[6045] +218.053295 ASYNC-IN-SUBMIT ep=0x81 len=0 type=BULK (in, awaiting data)
[6046] +218.160792 ASYNC-IN-DONE ep=0x81 len=0 status=2 actual=0
[6047] +218.160889 ASYNC-IN-SUBMIT ep=0x81 len=0 type=BULK (in, awaiting data)
[6048] +218.259846 ASYNC-OUT ep=0x01 len=16 type=BULK 
	0000  08 00 00 18 01 10 ef 03  00 e4 00 10 93 1e 00 00 |................|
[6049] +218.260182 ASYNC-OUT-DONE ep=0x01 len=0 status=0 actual=16
[6050] +218.268278 ASYNC-IN-DONE ep=0x81 len=0 status=2 actual=0
[6051] +218.268353 ASYNC-IN-SUBMIT ep=0x81 len=0 type=BULK (in, awaiting data)
[6052] +218.354456 ASYNC-IN-DONE ep=0x81 len=16 status=0 actual=16
	0000  08 00 00 18 ef 03 01 10  00 ed 00 10 65 02 00 00 |............e...|
[6053] +218.354597 ASYNC-IN-SUBMIT ep=0x81 len=0 type=BULK (in, awaiting data)
[6054] +218.467225 ASYNC-IN-DONE ep=0x81 len=0 status=2 actual=0
[6055] +218.467332 ASYNC-IN-SUBMIT ep=0x81 len=0 type=BULK (in, awaiting data)
[6056] +218.579953 ASYNC-IN-DONE ep=0x81 len=0 status=2 actual=0
[6057] +218.580056 ASYNC-IN-SUBMIT ep=0x81 len=0 type=BULK (in, awaiting data)
[6058] +218.692920 ASYNC-IN-DONE ep=0x81 len=0 status=2 actual=0
[6059] +218.693022 ASYNC-IN-SUBMIT ep=0x81 len=0 type=BULK (in, awaiting data)
[6060] +218.755307 ASYNC-IN-DONE ep=0x81 len=16 status=0 actual=16
	0000  08 00 00 18 ed 03 80 10  00 10 00 10 a1 05 00 00 |................|
[6061] +218.755445 ASYNC-IN-SUBMIT ep=0x81 len=0 type=BULK (in, awaiting data)
[6062] +218.830936 ASYNC-OUT ep=0x01 len=16 type=BULK 
	0000  08 00 00 18 80 10 ed 03  00 03 00 10 ec 1d 00 00 |................|
[6063] +218.831281 ASYNC-OUT-DONE ep=0x01 len=0 status=0 actual=16
[6064] +218.856397 ASYNC-IN-DONE ep=0x81 len=0 status=2 actual=0
[6065] +218.856496 ASYNC-IN-SUBMIT ep=0x81 len=0 type=BULK (in, awaiting data)
[6066] +218.956397 ASYNC-IN-DONE ep=0x81 len=16 status=0 actual=16
	0000  08 00 00 18 f0 03 02 10  00 de 00 10 09 02 00 00 |................|
[6067] +218.956553 ASYNC-IN-SUBMIT ep=0x81 len=0 type=BULK (in, awaiting data)
[6068] +219.064646 ASYNC-IN-DONE ep=0x81 len=0 status=2 actual=0
[6069] +219.064743 ASYNC-IN-SUBMIT ep=0x81 len=0 type=BULK (in, awaiting data)
[6070] +219.090529 ASYNC-OUT ep=0x01 len=16 type=BULK 
	0000  08 00 00 18 02 10 f0 03  00 d3 00 10 69 11 00 00 |............i...|
[6071] +219.090810 ASYNC-OUT-DONE ep=0x01 len=0 status=0 actual=16
[6072] +219.175710 ASYNC-IN-DONE ep=0x81 len=0 status=2 actual=0
[6073] +219.175799 ASYNC-IN-SUBMIT ep=0x81 len=0 type=BULK (in, awaiting data)
[6074] +219.279024 ASYNC-IN-DONE ep=0x81 len=0 status=2 actual=0
[6075] +219.279110 ASYNC-IN-SUBMIT ep=0x81 len=0 type=BULK (in, awaiting data)
[6076] +219.298763 ASYNC-OUT ep=0x01 len=16 type=BULK 
	0000  08 00 00 18 01 10 ef 03  00 e5 00 10 93 1e 00 00 |................|
[6077] +219.299084 ASYNC-OUT-DONE ep=0x01 len=0 status=0 actual=16
[6078] +219.357288 ASYNC-IN-DONE ep=0x81 len=16 status=0 actual=16
	0000  08 00 00 18 ef 03 01 10  00 ee 00 10 65 02 00 00 |............e...|
[6079] +219.357424 ASYNC-IN-SUBMIT ep=0x81 len=0 type=BULK (in, awaiting data)
[6080] +219.459528 ASYNC-IN-DONE ep=0x81 len=0 status=2 actual=0
[6081] +219.459612 ASYNC-IN-SUBMIT ep=0x81 len=0 type=BULK (in, awaiting data)
[6082] +219.564848 ASYNC-IN-DONE ep=0x81 len=0 status=2 actual=0
[6083] +219.564922 ASYNC-IN-SUBMIT ep=0x81 len=0 type=BULK (in, awaiting data)
[6084] +219.667507 ASYNC-IN-DONE ep=0x81 len=0 status=2 actual=0
[6085] +219.667589 ASYNC-IN-SUBMIT ep=0x81 len=0 type=BULK (in, awaiting data)
[6086] +219.759222 ASYNC-IN-DONE ep=0x81 len=16 status=0 actual=16
	0000  08 00 00 18 ed 03 80 10  00 11 00 10 a1 05 00 00 |................|
[6087] +219.759343 ASYNC-IN-SUBMIT ep=0x81 len=0 type=BULK (in, awaiting data)
[6088] +219.866873 ASYNC-IN-DONE ep=0x81 len=0 status=2 actual=0
[6089] +219.866962 ASYNC-IN-SUBMIT ep=0x81 len=0 type=BULK (in, awaiting data)
[6090] +219.870623 ASYNC-OUT ep=0x01 len=16 type=BULK 
	0000  08 00 00 18 80 10 ed 03  00 04 00 10 ec 1d 00 00 |................|
[6091] +219.870861 ASYNC-OUT-DONE ep=0x01 len=0 status=0 actual=16
[6092] +219.959602 ASYNC-IN-DONE ep=0x81 len=16 status=0 actual=16
	0000  08 00 00 18 f0 03 02 10  00 df 00 10 09 02 00 00 |................|
[6093] +219.959725 ASYNC-IN-SUBMIT ep=0x81 len=0 type=BULK (in, awaiting data)
[6094] +220.072124 ASYNC-IN-DONE ep=0x81 len=0 status=2 actual=0
[6095] +220.072213 ASYNC-IN-SUBMIT ep=0x81 len=0 type=BULK (in, awaiting data)
[6096] +220.130349 ASYNC-OUT ep=0x01 len=16 type=BULK 
	0000  08 00 00 18 02 10 f0 03  00 d4 00 10 69 11 00 00 |............i...|
[6097] +220.130723 ASYNC-OUT-DONE ep=0x01 len=0 status=0 actual=16
[6098] +220.181750 ASYNC-IN-DONE ep=0x81 len=0 status=2 actual=0
[6099] +220.181839 ASYNC-IN-SUBMIT ep=0x81 len=0 type=BULK (in, awaiting data)
[6100] +220.293431 ASYNC-IN-DONE ep=0x81 len=0 status=2 actual=0
[6101] +220.293535 ASYNC-IN-SUBMIT ep=0x81 len=0 type=BULK (in, awaiting data)
[6102] +220.338283 ASYNC-OUT ep=0x01 len=16 type=BULK 
	0000  08 00 00 18 01 10 ef 03  00 e6 00 10 93 1e 00 00 |................|
[6103] +220.338648 ASYNC-OUT-DONE ep=0x01 len=0 status=0 actual=16
[6104] +220.361153 ASYNC-IN-DONE ep=0x81 len=16 status=0 actual=16
	0000  08 00 00 18 ef 03 01 10  00 ef 00 10 65 02 00 00 |............e...|
[6105] +220.361307 ASYNC-IN-SUBMIT ep=0x81 len=0 type=BULK (in, awaiting data)
[6106] +220.464865 ASYNC-IN-DONE ep=0x81 len=0 status=2 actual=0
[6107] +220.464966 ASYNC-IN-SUBMIT ep=0x81 len=0 type=BULK (in, awaiting data)
[6108] +220.566885 ASYNC-IN-DONE ep=0x81 len=0 status=2 actual=0
[6109] +220.566972 ASYNC-IN-SUBMIT ep=0x81 len=0 type=BULK (in, awaiting data)
[6110] +220.673063 ASYNC-IN-DONE ep=0x81 len=0 status=2 actual=0
[6111] +220.673172 ASYNC-IN-SUBMIT ep=0x81 len=0 type=BULK (in, awaiting data)
[6112] +220.762431 ASYNC-IN-DONE ep=0x81 len=16 status=0 actual=16
	0000  08 00 00 18 ed 03 80 10  00 12 00 10 a1 05 00 00 |................|
[6113] +220.762582 ASYNC-IN-SUBMIT ep=0x81 len=0 type=BULK (in, awaiting data)
[6114] +220.864962 ASYNC-IN-DONE ep=0x81 len=0 status=2 actual=0
[6115] +220.865050 ASYNC-IN-SUBMIT ep=0x81 len=0 type=BULK (in, awaiting data)
[6116] +220.909431 ASYNC-OUT ep=0x01 len=16 type=BULK 
	0000  08 00 00 18 80 10 ed 03  00 05 00 10 ec 1d 00 00 |................|
[6117] +220.909783 ASYNC-OUT-DONE ep=0x01 len=0 status=0 actual=16
[6118] +220.962812 ASYNC-IN-DONE ep=0x81 len=16 status=0 actual=16
	0000  08 00 00 18 f0 03 02 10  00 e0 00 10 09 02 00 00 |................|
[6119] +220.962947 ASYNC-IN-SUBMIT ep=0x81 len=0 type=BULK (in, awaiting data)
[6120] +221.066251 ASYNC-IN-DONE ep=0x81 len=0 status=2 actual=0
[6121] +221.066327 ASYNC-IN-SUBMIT ep=0x81 len=0 type=BULK (in, awaiting data)
[6122] +221.168410 ASYNC-OUT ep=0x01 len=16 type=BULK 
	0000  08 00 00 18 02 10 f0 03  00 d5 00 10 69 11 00 00 |............i...|
[6123] +221.168729 ASYNC-OUT-DONE ep=0x01 len=0 status=0 actual=16
[6124] +221.175670 ASYNC-IN-DONE ep=0x81 len=0 status=2 actual=0
[6125] +221.175745 ASYNC-IN-SUBMIT ep=0x81 len=0 type=BULK (in, awaiting data)
[6126] +221.284263 ASYNC-IN-DONE ep=0x81 len=0 status=2 actual=0
[6127] +221.284351 ASYNC-IN-SUBMIT ep=0x81 len=0 type=BULK (in, awaiting data)
[6128] +221.364412 ASYNC-IN-DONE ep=0x81 len=16 status=0 actual=16
	0000  08 00 00 18 ef 03 01 10  00 f0 00 10 65 02 00 00 |............e...|
[6129] +221.364567 ASYNC-IN-SUBMIT ep=0x81 len=0 type=BULK (in, awaiting data)
[6130] +221.375804 ASYNC-OUT ep=0x01 len=16 type=BULK 
	0000  08 00 00 18 01 10 ef 03  00 e7 00 10 93 1e 00 00 |................|
[6131] +221.376093 ASYNC-OUT-DONE ep=0x01 len=0 status=0 actual=16
[6132] +221.476174 ASYNC-IN-DONE ep=0x81 len=0 status=2 actual=0
[6133] +221.476253 ASYNC-IN-SUBMIT ep=0x81 len=0 type=BULK (in, awaiting data)
[6134] +221.583163 ASYNC-IN-DONE ep=0x81 len=0 status=2 actual=0
[6135] +221.583240 ASYNC-IN-SUBMIT ep=0x81 len=0 type=BULK (in, awaiting data)
[6136] +221.683676 ASYNC-IN-DONE ep=0x81 len=0 status=2 actual=0
[6137] +221.683776 ASYNC-IN-SUBMIT ep=0x81 len=0 type=BULK (in, awaiting data)
[6138] +221.765204 ASYNC-IN-DONE ep=0x81 len=16 status=0 actual=16
	0000  08 00 00 18 ed 03 80 10  00 13 00 10 a1 05 00 00 |................|
[6139] +221.765321 ASYNC-IN-SUBMIT ep=0x81 len=0 type=BULK (in, awaiting data)
[6140] +221.876807 ASYNC-IN-DONE ep=0x81 len=0 status=2 actual=0
[6141] +221.876908 ASYNC-IN-SUBMIT ep=0x81 len=0 type=BULK (in, awaiting data)
[6142] +221.946903 ASYNC-OUT ep=0x01 len=16 type=BULK 
	0000  08 00 00 18 80 10 ed 03  00 06 00 10 ec 1d 00 00 |................|
[6143] +221.947241 ASYNC-OUT-DONE ep=0x01 len=0 status=0 actual=16
[6144] +221.966454 ASYNC-IN-DONE ep=0x81 len=16 status=0 actual=16
	0000  08 00 00 18 f0 03 02 10  00 e1 00 10 09 02 00 00 |................|
[6145] +221.966596 ASYNC-IN-SUBMIT ep=0x81 len=0 type=BULK (in, awaiting data)
[6146] +222.077194 ASYNC-IN-DONE ep=0x81 len=0 status=2 actual=0
[6147] +222.077307 ASYNC-IN-SUBMIT ep=0x81 len=0 type=BULK (in, awaiting data)
[6148] +222.188793 ASYNC-IN-DONE ep=0x81 len=0 status=2 actual=0
[6149] +222.188914 ASYNC-IN-SUBMIT ep=0x81 len=0 type=BULK (in, awaiting data)
[6150] +222.207161 ASYNC-OUT ep=0x01 len=16 type=BULK 
	0000  08 00 00 18 02 10 f0 03  00 d6 00 10 69 11 00 00 |............i...|
[6151] +222.207513 ASYNC-OUT-DONE ep=0x01 len=0 status=0 actual=16
[6152] +222.300733 ASYNC-IN-DONE ep=0x81 len=0 status=2 actual=0
[6153] +222.300840 ASYNC-IN-SUBMIT ep=0x81 len=0 type=BULK (in, awaiting data)
[6154] +222.367270 ASYNC-IN-DONE ep=0x81 len=16 status=0 actual=16
	0000  08 00 00 18 ef 03 01 10  00 f1 00 10 65 02 00 00 |............e...|
[6155] +222.367340 ASYNC-IN-SUBMIT ep=0x81 len=0 type=BULK (in, awaiting data)
[6156] +222.413968 ASYNC-OUT ep=0x01 len=16 type=BULK 
	0000  08 00 00 18 01 10 ef 03  00 e8 00 10 93 1e 00 00 |................|
[6157] +222.414265 ASYNC-OUT-DONE ep=0x01 len=0 status=0 actual=16
[6158] +222.475598 ASYNC-IN-DONE ep=0x81 len=0 status=2 actual=0
[6159] +222.475623 ASYNC-IN-SUBMIT ep=0x81 len=0 type=BULK (in, awaiting data)
[6160] +222.583930 ASYNC-IN-DONE ep=0x81 len=0 status=2 actual=0
[6161] +222.583957 ASYNC-IN-SUBMIT ep=0x81 len=0 type=BULK (in, awaiting data)
[6162] +222.696733 ASYNC-IN-DONE ep=0x81 len=0 status=2 actual=0
[6163] +222.696772 ASYNC-IN-SUBMIT ep=0x81 len=0 type=BULK (in, awaiting data)
[6164] +222.768614 ASYNC-IN-DONE ep=0x81 len=16 status=0 actual=16
	0000  08 00 00 18 ed 03 80 10  00 14 00 10 a1 05 00 00 |................|
[6165] +222.768647 ASYNC-IN-SUBMIT ep=0x81 len=0 type=BULK (in, awaiting data)
[6166] +222.881396 ASYNC-IN-DONE ep=0x81 len=0 status=2 actual=0
[6167] +222.881432 ASYNC-IN-SUBMIT ep=0x81 len=0 type=BULK (in, awaiting data)
[6168] +222.969379 ASYNC-IN-DONE ep=0x81 len=16 status=0 actual=16
	0000  08 00 00 18 f0 03 02 10  00 e2 00 10 09 02 00 00 |................|
[6169] +222.969522 ASYNC-IN-SUBMIT ep=0x81 len=0 type=BULK (in, awaiting data)
[6170] +222.984262 ASYNC-OUT ep=0x01 len=16 type=BULK 
	0000  08 00 00 18 80 10 ed 03  00 07 00 10 ec 1d 00 00 |................|
[6171] +222.984497 ASYNC-OUT-DONE ep=0x01 len=0 status=0 actual=16
[6172] +223.075428 ASYNC-IN-DONE ep=0x81 len=0 status=2 actual=0
[6173] +223.075541 ASYNC-IN-SUBMIT ep=0x81 len=0 type=BULK (in, awaiting data)
[6174] +223.184796 ASYNC-IN-DONE ep=0x81 len=0 status=2 actual=0
[6175] +223.184838 ASYNC-IN-SUBMIT ep=0x81 len=0 type=BULK (in, awaiting data)
[6176] +223.244226 ASYNC-OUT ep=0x01 len=16 type=BULK 
	0000  08 00 00 18 02 10 f0 03  00 d7 00 10 69 11 00 00 |............i...|
[6177] +223.244614 ASYNC-OUT-DONE ep=0x01 len=0 status=0 actual=16
[6178] +223.288995 ASYNC-IN-DONE ep=0x81 len=0 status=2 actual=0
[6179] +223.289116 ASYNC-IN-SUBMIT ep=0x81 len=0 type=BULK (in, awaiting data)
[6180] +223.370833 ASYNC-IN-DONE ep=0x81 len=16 status=0 actual=16
	0000  08 00 00 18 ef 03 01 10  00 f2 00 10 65 02 00 00 |............e...|
[6181] +223.370950 ASYNC-IN-SUBMIT ep=0x81 len=0 type=BULK (in, awaiting data)
[6182] +223.452543 ASYNC-OUT ep=0x01 len=16 type=BULK 
	0000  08 00 00 18 01 10 ef 03  00 e9 00 10 93 1e 00 00 |................|
[6183] +223.452868 ASYNC-OUT-DONE ep=0x01 len=0 status=0 actual=16
[6184] +223.483443 ASYNC-IN-DONE ep=0x81 len=0 status=2 actual=0
[6185] +223.483528 ASYNC-IN-SUBMIT ep=0x81 len=0 type=BULK (in, awaiting data)
[6186] +223.589284 ASYNC-IN-DONE ep=0x81 len=0 status=2 actual=0
[6187] +223.589391 ASYNC-IN-SUBMIT ep=0x81 len=0 type=BULK (in, awaiting data)
[6188] +223.701094 ASYNC-IN-DONE ep=0x81 len=0 status=2 actual=0
[6189] +223.701220 ASYNC-IN-SUBMIT ep=0x81 len=0 type=BULK (in, awaiting data)
[6190] +223.771766 ASYNC-IN-DONE ep=0x81 len=16 status=0 actual=16
	0000  08 00 00 18 ed 03 80 10  00 15 00 10 a1 05 00 00 |................|
[6191] +223.771923 ASYNC-IN-SUBMIT ep=0x81 len=0 type=BULK (in, awaiting data)
[6192] +223.874170 ASYNC-IN-DONE ep=0x81 len=0 status=2 actual=0
[6193] +223.874338 ASYNC-IN-SUBMIT ep=0x81 len=0 type=BULK (in, awaiting data)
[6194] +223.972578 ASYNC-IN-DONE ep=0x81 len=16 status=0 actual=16
	0000  08 00 00 18 f0 03 02 10  00 e3 00 10 09 02 00 00 |................|
[6195] +223.972754 ASYNC-IN-SUBMIT ep=0x81 len=0 type=BULK (in, awaiting data)
[6196] +224.024912 ASYNC-OUT ep=0x01 len=16 type=BULK 
	0000  08 00 00 18 80 10 ed 03  00 08 00 10 ec 1d 00 00 |................|
[6197] +224.025200 ASYNC-OUT-DONE ep=0x01 len=0 status=0 actual=16
[6198] +224.076279 ASYNC-IN-DONE ep=0x81 len=0 status=2 actual=0
[6199] +224.076399 ASYNC-IN-SUBMIT ep=0x81 len=0 type=BULK (in, awaiting data)
[6200] +224.189247 ASYNC-IN-DONE ep=0x81 len=0 status=2 actual=0
[6201] +224.189337 ASYNC-IN-SUBMIT ep=0x81 len=0 type=BULK (in, awaiting data)
[6202] +224.284804 ASYNC-OUT ep=0x01 len=16 type=BULK 
	0000  08 00 00 18 02 10 f0 03  00 d8 00 10 69 11 00 00 |............i...|
[6203] +224.285183 ASYNC-OUT-DONE ep=0x01 len=0 status=0 actual=16
[6204] +224.298449 ASYNC-IN-DONE ep=0x81 len=0 status=2 actual=0
[6205] +224.298567 ASYNC-IN-SUBMIT ep=0x81 len=0 type=BULK (in, awaiting data)
[6206] +224.373826 ASYNC-IN-DONE ep=0x81 len=16 status=0 actual=16
	0000  08 00 00 18 ef 03 01 10  00 f3 00 10 65 02 00 00 |............e...|
[6207] +224.374001 ASYNC-IN-SUBMIT ep=0x81 len=0 type=BULK (in, awaiting data)
[6208] +224.483541 ASYNC-IN-DONE ep=0x81 len=0 status=2 actual=0
[6209] +224.483645 ASYNC-IN-SUBMIT ep=0x81 len=0 type=BULK (in, awaiting data)
[6210] +224.492973 ASYNC-OUT ep=0x01 len=16 type=BULK 
	0000  08 00 00 18 01 10 ef 03  00 ea 00 10 93 1e 00 00 |................|
[6211] +224.493270 ASYNC-OUT-DONE ep=0x01 len=0 status=0 actual=16
[6212] +224.592390 ASYNC-IN-DONE ep=0x81 len=0 status=2 actual=0
[6213] +224.592521 ASYNC-IN-SUBMIT ep=0x81 len=0 type=BULK (in, awaiting data)
[6214] +224.696715 ASYNC-IN-DONE ep=0x81 len=0 status=2 actual=0
[6215] +224.696839 ASYNC-IN-SUBMIT ep=0x81 len=0 type=BULK (in, awaiting data)
[6216] +224.775274 ASYNC-IN-DONE ep=0x81 len=16 status=0 actual=16
	0000  08 00 00 18 ed 03 80 10  00 16 00 10 a1 05 00 00 |................|
[6217] +224.775421 ASYNC-IN-SUBMIT ep=0x81 len=0 type=BULK (in, awaiting data)
[6218] +224.883571 ASYNC-IN-DONE ep=0x81 len=0 status=2 actual=0
[6219] +224.883616 ASYNC-IN-SUBMIT ep=0x81 len=0 type=BULK (in, awaiting data)
[6220] +224.975739 ASYNC-IN-DONE ep=0x81 len=16 status=0 actual=16
	0000  08 00 00 18 f0 03 02 10  00 e4 00 10 09 02 00 00 |................|
[6221] +224.975895 ASYNC-IN-SUBMIT ep=0x81 len=0 type=BULK (in, awaiting data)
[6222] +225.064024 ASYNC-OUT ep=0x01 len=16 type=BULK 
	0000  08 00 00 18 80 10 ed 03  00 09 00 10 ec 1d 00 00 |................|
[6223] +225.064359 ASYNC-OUT-DONE ep=0x01 len=0 status=0 actual=16
[6224] +225.086015 ASYNC-IN-DONE ep=0x81 len=0 status=2 actual=0
[6225] +225.086089 ASYNC-IN-SUBMIT ep=0x81 len=0 type=BULK (in, awaiting data)
[6226] +225.193384 ASYNC-IN-DONE ep=0x81 len=0 status=2 actual=0
[6227] +225.193499 ASYNC-IN-SUBMIT ep=0x81 len=0 type=BULK (in, awaiting data)
[6228] +225.304885 ASYNC-IN-DONE ep=0x81 len=0 status=2 actual=0
[6229] +225.304990 ASYNC-IN-SUBMIT ep=0x81 len=0 type=BULK (in, awaiting data)
[6230] +225.323178 ASYNC-OUT ep=0x01 len=16 type=BULK 
	0000  08 00 00 18 02 10 f0 03  00 d9 00 10 69 11 00 00 |............i...|
[6231] +225.323568 ASYNC-OUT-DONE ep=0x01 len=0 status=0 actual=16
[6232] +225.377327 ASYNC-IN-DONE ep=0x81 len=16 status=0 actual=16
	0000  08 00 00 18 ef 03 01 10  00 f4 00 10 65 02 00 00 |............e...|
[6233] +225.377432 ASYNC-IN-SUBMIT ep=0x81 len=0 type=BULK (in, awaiting data)
[6234] +225.488776 ASYNC-IN-DONE ep=0x81 len=0 status=2 actual=0
[6235] +225.488869 ASYNC-IN-SUBMIT ep=0x81 len=0 type=BULK (in, awaiting data)
[6236] +225.530760 ASYNC-OUT ep=0x01 len=16 type=BULK 
	0000  08 00 00 18 01 10 ef 03  00 eb 00 10 93 1e 00 00 |................|
[6237] +225.531081 ASYNC-OUT-DONE ep=0x01 len=0 status=0 actual=16
[6238] +225.600320 ASYNC-IN-DONE ep=0x81 len=0 status=2 actual=0
[6239] +225.600432 ASYNC-IN-SUBMIT ep=0x81 len=0 type=BULK (in, awaiting data)
[6240] +225.702181 ASYNC-IN-DONE ep=0x81 len=0 status=2 actual=0
[6241] +225.702223 ASYNC-IN-SUBMIT ep=0x81 len=0 type=BULK (in, awaiting data)
[6242] +225.778895 ASYNC-IN-DONE ep=0x81 len=16 status=0 actual=16
	0000  08 00 00 18 ed 03 80 10  00 17 00 10 a1 05 00 00 |................|
[6243] +225.778960 ASYNC-IN-SUBMIT ep=0x81 len=0 type=BULK (in, awaiting data)
[6244] +225.884244 ASYNC-IN-DONE ep=0x81 len=0 status=2 actual=0
[6245] +225.884285 ASYNC-IN-SUBMIT ep=0x81 len=0 type=BULK (in, awaiting data)
[6246] +225.979281 ASYNC-IN-DONE ep=0x81 len=16 status=0 actual=16
	0000  08 00 00 18 f0 03 02 10  00 e5 00 10 09 02 00 00 |................|
[6247] +225.979331 ASYNC-IN-SUBMIT ep=0x81 len=0 type=BULK (in, awaiting data)
[6248] +226.087992 ASYNC-IN-DONE ep=0x81 len=0 status=2 actual=0
[6249] +226.088091 ASYNC-IN-SUBMIT ep=0x81 len=0 type=BULK (in, awaiting data)
[6250] +226.102891 ASYNC-OUT ep=0x01 len=16 type=BULK 
	0000  08 00 00 18 80 10 ed 03  00 0a 00 10 ec 1d 00 00 |................|
[6251] +226.103154 ASYNC-OUT-DONE ep=0x01 len=0 status=0 actual=16
[6252] +226.200788 ASYNC-IN-DONE ep=0x81 len=0 status=2 actual=0
[6253] +226.200917 ASYNC-IN-SUBMIT ep=0x81 len=0 type=BULK (in, awaiting data)
[6254] +226.310286 ASYNC-IN-DONE ep=0x81 len=0 status=2 actual=0
[6255] +226.310364 ASYNC-IN-SUBMIT ep=0x81 len=0 type=BULK (in, awaiting data)
[6256] +226.361636 ASYNC-OUT ep=0x01 len=16 type=BULK 
	0000  08 00 00 18 02 10 f0 03  00 da 00 10 69 11 00 00 |............i...|
[6257] +226.361888 ASYNC-OUT-DONE ep=0x01 len=0 status=0 actual=16
[6258] +226.380828 ASYNC-IN-DONE ep=0x81 len=16 status=0 actual=16
	0000  08 00 00 18 ef 03 01 10  00 f5 00 10 65 02 00 00 |............e...|
[6259] +226.381002 ASYNC-IN-SUBMIT ep=0x81 len=0 type=BULK (in, awaiting data)
[6260] +226.491368 ASYNC-IN-DONE ep=0x81 len=0 status=2 actual=0
[6261] +226.491482 ASYNC-IN-SUBMIT ep=0x81 len=0 type=BULK (in, awaiting data)
[6262] +226.568362 ASYNC-OUT ep=0x01 len=16 type=BULK 
	0000  08 00 00 18 01 10 ef 03  00 ec 00 10 93 1e 00 00 |................|
[6263] +226.568740 ASYNC-OUT-DONE ep=0x01 len=0 status=0 actual=16
[6264] +226.603004 ASYNC-IN-DONE ep=0x81 len=0 status=2 actual=0
[6265] +226.603089 ASYNC-IN-SUBMIT ep=0x81 len=0 type=BULK (in, awaiting data)
[6266] +226.707988 ASYNC-IN-DONE ep=0x81 len=0 status=2 actual=0
[6267] +226.708119 ASYNC-IN-SUBMIT ep=0x81 len=0 type=BULK (in, awaiting data)
[6268] +226.781721 ASYNC-IN-DONE ep=0x81 len=16 status=0 actual=16
	0000  08 00 00 18 ed 03 80 10  00 18 00 10 a1 05 00 00 |................|
[6269] +226.781836 ASYNC-IN-SUBMIT ep=0x81 len=0 type=BULK (in, awaiting data)
[6270] +226.883011 ASYNC-IN-DONE ep=0x81 len=0 status=2 actual=0
[6271] +226.883223 ASYNC-IN-SUBMIT ep=0x81 len=0 type=BULK (in, awaiting data)
[6272] +226.982492 ASYNC-IN-DONE ep=0x81 len=16 status=0 actual=16
	0000  08 00 00 18 f0 03 02 10  00 e6 00 10 09 02 00 00 |................|
[6273] +226.982650 ASYNC-IN-SUBMIT ep=0x81 len=0 type=BULK (in, awaiting data)
[6274] +227.089215 ASYNC-IN-DONE ep=0x81 len=0 status=2 actual=0
[6275] +227.089340 ASYNC-IN-SUBMIT ep=0x81 len=0 type=BULK (in, awaiting data)
[6276] +227.139083 ASYNC-OUT ep=0x01 len=16 type=BULK 
	0000  08 00 00 18 80 10 ed 03  00 0b 00 10 ec 1d 00 00 |................|
[6277] +227.139419 ASYNC-OUT-DONE ep=0x01 len=0 status=0 actual=16
[6278] +227.199772 ASYNC-IN-DONE ep=0x81 len=0 status=2 actual=0
[6279] +227.199888 ASYNC-IN-SUBMIT ep=0x81 len=0 type=BULK (in, awaiting data)
[6280] +227.301944 ASYNC-IN-DONE ep=0x81 len=0 status=2 actual=0
[6281] +227.302030 ASYNC-IN-SUBMIT ep=0x81 len=0 type=BULK (in, awaiting data)
[6282] +227.384197 ASYNC-IN-DONE ep=0x81 len=16 status=0 actual=16
	0000  08 00 00 18 ef 03 01 10  00 f6 00 10 65 02 00 00 |............e...|
[6283] +227.384360 ASYNC-IN-SUBMIT ep=0x81 len=0 type=BULK (in, awaiting data)
[6284] +227.397828 ASYNC-OUT ep=0x01 len=16 type=BULK 
	0000  08 00 00 18 02 10 f0 03  00 db 00 10 69 11 00 00 |............i...|
[6285] +227.398086 ASYNC-OUT-DONE ep=0x01 len=0 status=0 actual=16
[6286] +227.491824 ASYNC-IN-DONE ep=0x81 len=0 status=2 actual=0
[6287] +227.491920 ASYNC-IN-SUBMIT ep=0x81 len=0 type=BULK (in, awaiting data)
[6288] +227.603044 ASYNC-IN-DONE ep=0x81 len=0 status=2 actual=0
[6289] +227.603153 ASYNC-IN-SUBMIT ep=0x81 len=0 type=BULK (in, awaiting data)
[6290] +227.605991 ASYNC-OUT ep=0x01 len=16 type=BULK 
	0000  08 00 00 18 01 10 ef 03  00 ed 00 10 93 1e 00 00 |................|
[6291] +227.606202 ASYNC-OUT-DONE ep=0x01 len=0 status=0 actual=16
[6292] +227.710683 ASYNC-IN-DONE ep=0x81 len=0 status=2 actual=0
[6293] +227.710734 ASYNC-IN-SUBMIT ep=0x81 len=0 type=BULK (in, awaiting data)
[6294] +227.786028 ASYNC-IN-DONE ep=0x81 len=16 status=0 actual=16
	0000  08 00 00 18 ed 03 80 10  00 19 00 10 a1 05 00 00 |................|
[6295] +227.786146 ASYNC-IN-SUBMIT ep=0x81 len=0 type=BULK (in, awaiting data)
[6296] +227.897167 ASYNC-IN-DONE ep=0x81 len=0 status=2 actual=0
[6297] +227.897257 ASYNC-IN-SUBMIT ep=0x81 len=0 type=BULK (in, awaiting data)
[6298] +227.986426 ASYNC-IN-DONE ep=0x81 len=16 status=0 actual=16
	0000  08 00 00 18 f0 03 02 10  00 e7 00 10 09 02 00 00 |................|
[6299] +227.986590 ASYNC-IN-SUBMIT ep=0x81 len=0 type=BULK (in, awaiting data)
[6300] +228.099463 ASYNC-IN-DONE ep=0x81 len=0 status=2 actual=0
[6301] +228.099599 ASYNC-IN-SUBMIT ep=0x81 len=0 type=BULK (in, awaiting data)
[6302] +228.177698 ASYNC-OUT ep=0x01 len=16 type=BULK 
	0000  08 00 00 18 80 10 ed 03  00 0c 00 10 ec 1d 00 00 |................|
[6303] +228.178042 ASYNC-OUT-DONE ep=0x01 len=0 status=0 actual=16
[6304] +228.207237 ASYNC-IN-DONE ep=0x81 len=0 status=2 actual=0
[6305] +228.207324 ASYNC-IN-SUBMIT ep=0x81 len=0 type=BULK (in, awaiting data)
[6306] +228.315452 ASYNC-IN-DONE ep=0x81 len=0 status=2 actual=0
[6307] +228.315571 ASYNC-IN-SUBMIT ep=0x81 len=0 type=BULK (in, awaiting data)
[6308] +228.387234 ASYNC-IN-DONE ep=0x81 len=16 status=0 actual=16
	0000  08 00 00 18 ef 03 01 10  00 f7 00 10 65 02 00 00 |............e...|
[6309] +228.387387 ASYNC-IN-SUBMIT ep=0x81 len=0 type=BULK (in, awaiting data)
[6310] +228.434997 ASYNC-OUT ep=0x01 len=16 type=BULK 
	0000  08 00 00 18 02 10 f0 03  00 dc 00 10 69 11 00 00 |............i...|
[6311] +228.435388 ASYNC-OUT-DONE ep=0x01 len=0 status=0 actual=16
[6312] +228.497111 ASYNC-IN-DONE ep=0x81 len=0 status=2 actual=0
[6313] +228.497223 ASYNC-IN-SUBMIT ep=0x81 len=0 type=BULK (in, awaiting data)
[6314] +228.609109 ASYNC-IN-DONE ep=0x81 len=0 status=2 actual=0
[6315] +228.609210 ASYNC-IN-SUBMIT ep=0x81 len=0 type=BULK (in, awaiting data)
[6316] +228.642201 ASYNC-OUT ep=0x01 len=16 type=BULK 
	0000  08 00 00 18 01 10 ef 03  00 ee 00 10 93 1e 00 00 |................|
[6317] +228.642575 ASYNC-OUT-DONE ep=0x01 len=0 status=0 actual=16
[6318] +228.714446 ASYNC-IN-DONE ep=0x81 len=0 status=2 actual=0
[6319] +228.714539 ASYNC-IN-SUBMIT ep=0x81 len=0 type=BULK (in, awaiting data)
[6320] +228.788430 ASYNC-IN-DONE ep=0x81 len=16 status=0 actual=16
	0000  08 00 00 18 ed 03 80 10  00 1a 00 10 a1 05 00 00 |................|
[6321] +228.788572 ASYNC-IN-SUBMIT ep=0x81 len=0 type=BULK (in, awaiting data)
[6322] +228.901407 ASYNC-IN-DONE ep=0x81 len=0 status=2 actual=0
[6323] +228.901507 ASYNC-IN-SUBMIT ep=0x81 len=0 type=BULK (in, awaiting data)
[6324] +228.989192 ASYNC-IN-DONE ep=0x81 len=16 status=0 actual=16
	0000  08 00 00 18 f0 03 02 10  00 e8 00 10 09 02 00 00 |................|
[6325] +228.989327 ASYNC-IN-SUBMIT ep=0x81 len=0 type=BULK (in, awaiting data)
[6326] +229.100766 ASYNC-IN-DONE ep=0x81 len=0 status=2 actual=0
[6327] +229.100854 ASYNC-IN-SUBMIT ep=0x81 len=0 type=BULK (in, awaiting data)
[6328] +229.208790 ASYNC-IN-DONE ep=0x81 len=0 status=2 actual=0
[6329] +229.208865 ASYNC-IN-SUBMIT ep=0x81 len=0 type=BULK (in, awaiting data)
[6330] +229.214732 ASYNC-OUT ep=0x01 len=16 type=BULK 
	0000  08 00 00 18 80 10 ed 03  00 0d 00 10 ec 1d 00 00 |................|
[6331] +229.215011 ASYNC-OUT-DONE ep=0x01 len=0 status=0 actual=16
[6332] +229.310619 ASYNC-IN-DONE ep=0x81 len=0 status=2 actual=0
[6333] +229.310700 ASYNC-IN-SUBMIT ep=0x81 len=0 type=BULK (in, awaiting data)
[6334] +229.390822 ASYNC-IN-DONE ep=0x81 len=16 status=0 actual=16
	0000  08 00 00 18 ef 03 01 10  00 f8 00 10 65 02 00 00 |............e...|
[6335] +229.390960 ASYNC-IN-SUBMIT ep=0x81 len=0 type=BULK (in, awaiting data)
[6336] +229.474452 ASYNC-OUT ep=0x01 len=16 type=BULK 
	0000  08 00 00 18 02 10 f0 03  00 dd 00 10 69 11 00 00 |............i...|
[6337] +229.474771 ASYNC-OUT-DONE ep=0x01 len=0 status=0 actual=16
[6338] +229.499976 ASYNC-IN-DONE ep=0x81 len=0 status=2 actual=0
[6339] +229.500049 ASYNC-IN-SUBMIT ep=0x81 len=0 type=BULK (in, awaiting data)
[6340] +229.609092 ASYNC-IN-DONE ep=0x81 len=0 status=2 actual=0
[6341] +229.609186 ASYNC-IN-SUBMIT ep=0x81 len=0 type=BULK (in, awaiting data)
[6342] +229.682012 ASYNC-OUT ep=0x01 len=16 type=BULK 
	0000  08 00 00 18 01 10 ef 03  00 ef 00 10 93 1e 00 00 |................|
[6343] +229.682305 ASYNC-OUT-DONE ep=0x01 len=0 status=0 actual=16
[6344] +229.720303 ASYNC-IN-DONE ep=0x81 len=0 status=2 actual=0
[6345] +229.720396 ASYNC-IN-SUBMIT ep=0x81 len=0 type=BULK (in, awaiting data)
[6346] +229.792059 ASYNC-IN-DONE ep=0x81 len=16 status=0 actual=16
	0000  08 00 00 18 ed 03 80 10  00 1b 00 10 a1 05 00 00 |................|
[6347] +229.792208 ASYNC-IN-SUBMIT ep=0x81 len=0 type=BULK (in, awaiting data)
[6348] +229.893786 ASYNC-IN-DONE ep=0x81 len=0 status=2 actual=0
[6349] +229.893866 ASYNC-IN-SUBMIT ep=0x81 len=0 type=BULK (in, awaiting data)
[6350] +229.992803 ASYNC-IN-DONE ep=0x81 len=16 status=0 actual=16
	0000  08 00 00 18 f0 03 02 10  00 e9 00 10 09 02 00 00 |................|
[6351] +229.992955 ASYNC-IN-SUBMIT ep=0x81 len=0 type=BULK (in, awaiting data)
[6352] +230.104968 ASYNC-IN-DONE ep=0x81 len=0 status=2 actual=0
[6353] +230.105055 ASYNC-IN-SUBMIT ep=0x81 len=0 type=BULK (in, awaiting data)
[6354] +230.217464 ASYNC-IN-DONE ep=0x81 len=0 status=2 actual=0
[6355] +230.217574 ASYNC-IN-SUBMIT ep=0x81 len=0 type=BULK (in, awaiting data)
[6356] +230.253706 ASYNC-OUT ep=0x01 len=16 type=BULK 
	0000  08 00 00 18 80 10 ed 03  00 0e 00 10 ec 1d 00 00 |................|
[6357] +230.253987 ASYNC-OUT-DONE ep=0x01 len=0 status=0 actual=16
[6358] +230.329957 ASYNC-IN-DONE ep=0x81 len=0 status=2 actual=0
[6359] +230.330032 ASYNC-IN-SUBMIT ep=0x81 len=0 type=BULK (in, awaiting data)
[6360] +230.393963 ASYNC-IN-DONE ep=0x81 len=16 status=0 actual=16
	0000  08 00 00 18 ef 03 01 10  00 f9 00 10 65 02 00 00 |............e...|
[6361] +230.394104 ASYNC-IN-SUBMIT ep=0x81 len=0 type=BULK (in, awaiting data)
[6362] +230.505441 ASYNC-IN-DONE ep=0x81 len=0 status=2 actual=0
[6363] +230.505528 ASYNC-IN-SUBMIT ep=0x81 len=0 type=BULK (in, awaiting data)
[6364] +230.512046 ASYNC-OUT ep=0x01 len=16 type=BULK 
	0000  08 00 00 18 02 10 f0 03  00 de 00 10 69 11 00 00 |............i...|
[6365] +230.512363 ASYNC-OUT-DONE ep=0x01 len=0 status=0 actual=16
[6366] +230.616268 ASYNC-IN-DONE ep=0x81 len=0 status=2 actual=0
[6367] +230.616367 ASYNC-IN-SUBMIT ep=0x81 len=0 type=BULK (in, awaiting data)
[6368] +230.720244 ASYNC-OUT ep=0x01 len=16 type=BULK 
	0000  08 00 00 18 01 10 ef 03  00 f0 00 10 93 1e 00 00 |................|
[6369] +230.720580 ASYNC-OUT-DONE ep=0x01 len=0 status=0 actual=16
[6370] +230.723483 ASYNC-IN-DONE ep=0x81 len=0 status=2 actual=0
[6371] +230.723546 ASYNC-IN-SUBMIT ep=0x81 len=0 type=BULK (in, awaiting data)
[6372] +230.795642 ASYNC-IN-DONE ep=0x81 len=16 status=0 actual=16
	0000  08 00 00 18 ed 03 80 10  00 1c 00 10 a1 05 00 00 |................|
[6373] +230.795763 ASYNC-IN-SUBMIT ep=0x81 len=0 type=BULK (in, awaiting data)
[6374] +230.900458 ASYNC-IN-DONE ep=0x81 len=0 status=2 actual=0
[6375] +230.900569 ASYNC-IN-SUBMIT ep=0x81 len=0 type=BULK (in, awaiting data)
[6376] +230.996021 ASYNC-IN-DONE ep=0x81 len=16 status=0 actual=16
	0000  08 00 00 18 f0 03 02 10  00 ea 00 10 09 02 00 00 |................|
[6377] +230.996167 ASYNC-IN-SUBMIT ep=0x81 len=0 type=BULK (in, awaiting data)
[6378] +231.104948 ASYNC-IN-DONE ep=0x81 len=0 status=2 actual=0
[6379] +231.105045 ASYNC-IN-SUBMIT ep=0x81 len=0 type=BULK (in, awaiting data)
[6380] +231.217470 ASYNC-IN-DONE ep=0x81 len=0 status=2 actual=0
[6381] +231.217542 ASYNC-IN-SUBMIT ep=0x81 len=0 type=BULK (in, awaiting data)
[6382] +231.291104 ASYNC-OUT ep=0x01 len=16 type=BULK 
	0000  08 00 00 18 80 10 ed 03  00 0f 00 10 ec 1d 00 00 |................|
[6383] +231.291467 ASYNC-OUT-DONE ep=0x01 len=0 status=0 actual=16
[6384] +231.330259 ASYNC-IN-DONE ep=0x81 len=0 status=2 actual=0
[6385] +231.330334 ASYNC-IN-SUBMIT ep=0x81 len=0 type=BULK (in, awaiting data)
[6386] +231.397193 ASYNC-IN-DONE ep=0x81 len=16 status=0 actual=16
	0000  08 00 00 18 ef 03 01 10  00 fa 00 10 65 02 00 00 |............e...|
[6387] +231.397289 ASYNC-IN-SUBMIT ep=0x81 len=0 type=BULK (in, awaiting data)
[6388] +231.504843 ASYNC-IN-DONE ep=0x81 len=0 status=2 actual=0
[6389] +231.504953 ASYNC-IN-SUBMIT ep=0x81 len=0 type=BULK (in, awaiting data)
[6390] +231.547810 ASYNC-OUT ep=0x01 len=16 type=BULK 
	0000  08 00 00 18 02 10 f0 03  00 df 00 10 69 11 00 00 |............i...|
[6391] +231.548152 ASYNC-OUT-DONE ep=0x01 len=0 status=0 actual=16
[6392] +231.613468 ASYNC-IN-DONE ep=0x81 len=0 status=2 actual=0
[6393] +231.613562 ASYNC-IN-SUBMIT ep=0x81 len=0 type=BULK (in, awaiting data)
[6394] +231.725782 ASYNC-IN-DONE ep=0x81 len=0 status=2 actual=0
[6395] +231.725852 ASYNC-IN-SUBMIT ep=0x81 len=0 type=BULK (in, awaiting data)
[6396] +231.756049 ASYNC-OUT ep=0x01 len=16 type=BULK 
	0000  08 00 00 18 01 10 ef 03  00 f1 00 10 93 1e 00 00 |................|
[6397] +231.756430 ASYNC-OUT-DONE ep=0x01 len=0 status=0 actual=16
[6398] +231.798420 ASYNC-IN-DONE ep=0x81 len=16 status=0 actual=16
	0000  08 00 00 18 ed 03 80 10  00 1d 00 10 a1 05 00 00 |................|
[6399] +231.798560 ASYNC-IN-SUBMIT ep=0x81 len=0 type=BULK (in, awaiting data)
[6400] +231.904925 ASYNC-IN-DONE ep=0x81 len=0 status=2 actual=0
[6401] +231.905007 ASYNC-IN-SUBMIT ep=0x81 len=0 type=BULK (in, awaiting data)
[6402] +231.999592 ASYNC-IN-DONE ep=0x81 len=16 status=0 actual=16
	0000  08 00 00 18 f0 03 02 10  00 eb 00 10 09 02 00 00 |................|
[6403] +231.999743 ASYNC-IN-SUBMIT ep=0x81 len=0 type=BULK (in, awaiting data)
[6404] +232.104992 ASYNC-IN-DONE ep=0x81 len=0 status=2 actual=0
[6405] +232.105087 ASYNC-IN-SUBMIT ep=0x81 len=0 type=BULK (in, awaiting data)
[6406] +232.217474 ASYNC-IN-DONE ep=0x81 len=0 status=2 actual=0
[6407] +232.217588 ASYNC-IN-SUBMIT ep=0x81 len=0 type=BULK (in, awaiting data)
[6408] +232.328201 ASYNC-OUT ep=0x01 len=16 type=BULK 
	0000  08 00 00 18 80 10 ed 03  00 10 00 10 ec 1d 00 00 |................|
[6409] +232.328442 ASYNC-IN-DONE ep=0x81 len=0 status=2 actual=0
[6410] +232.328489 ASYNC-IN-SUBMIT ep=0x81 len=0 type=BULK (in, awaiting data)
[6411] +232.328595 ASYNC-OUT-DONE ep=0x01 len=0 status=0 actual=16
[6412] +232.400422 ASYNC-IN-DONE ep=0x81 len=16 status=0 actual=16
	0000  08 00 00 18 ef 03 01 10  00 fb 00 10 65 02 00 00 |............e...|
[6413] +232.400553 ASYNC-IN-SUBMIT ep=0x81 len=0 type=BULK (in, awaiting data)
[6414] +232.504893 ASYNC-IN-DONE ep=0x81 len=0 status=2 actual=0
[6415] +232.504977 ASYNC-IN-SUBMIT ep=0x81 len=0 type=BULK (in, awaiting data)
[6416] +232.586133 ASYNC-OUT ep=0x01 len=16 type=BULK 
	0000  08 00 00 18 02 10 f0 03  00 e0 00 10 69 11 00 00 |............i...|
[6417] +232.586454 ASYNC-OUT-DONE ep=0x01 len=0 status=0 actual=16
[6418] +232.617436 ASYNC-IN-DONE ep=0x81 len=0 status=2 actual=0
[6419] +232.617549 ASYNC-IN-SUBMIT ep=0x81 len=0 type=BULK (in, awaiting data)
[6420] +232.729883 ASYNC-IN-DONE ep=0x81 len=0 status=2 actual=0
[6421] +232.729974 ASYNC-IN-SUBMIT ep=0x81 len=0 type=BULK (in, awaiting data)
[6422] +232.794337 ASYNC-OUT ep=0x01 len=16 type=BULK 
	0000  08 00 00 18 01 10 ef 03  00 f2 00 10 93 1e 00 00 |................|
[6423] +232.794637 ASYNC-OUT-DONE ep=0x01 len=0 status=0 actual=16
[6424] +232.801976 ASYNC-IN-DONE ep=0x81 len=16 status=0 actual=16
	0000  08 00 00 18 ed 03 80 10  00 1e 00 10 a1 05 00 00 |................|
[6425] +232.802066 ASYNC-IN-SUBMIT ep=0x81 len=0 type=BULK (in, awaiting data)
[6426] +232.913316 ASYNC-IN-DONE ep=0x81 len=0 status=2 actual=0
[6427] +232.913415 ASYNC-IN-SUBMIT ep=0x81 len=0 type=BULK (in, awaiting data)
[6428] +233.002439 ASYNC-IN-DONE ep=0x81 len=16 status=0 actual=16
	0000  08 00 00 18 f0 03 02 10  00 ec 00 10 09 02 00 00 |................|
[6429] +233.002535 ASYNC-IN-SUBMIT ep=0x81 len=0 type=BULK (in, awaiting data)
[6430] +233.104992 ASYNC-IN-DONE ep=0x81 len=0 status=2 actual=0
[6431] +233.105086 ASYNC-IN-SUBMIT ep=0x81 len=0 type=BULK (in, awaiting data)
[6432] +233.217011 ASYNC-IN-DONE ep=0x81 len=0 status=2 actual=0
[6433] +233.217102 ASYNC-IN-SUBMIT ep=0x81 len=0 type=BULK (in, awaiting data)
[6434] +233.325764 ASYNC-IN-DONE ep=0x81 len=0 status=2 actual=0
[6435] +233.325854 ASYNC-IN-SUBMIT ep=0x81 len=0 type=BULK (in, awaiting data)
[6436] +233.363108 ASYNC-OUT ep=0x01 len=16 type=BULK 
	0000  08 00 00 18 80 10 ed 03  00 11 00 10 ec 1d 00 00 |................|
[6437] +233.363397 ASYNC-OUT-DONE ep=0x01 len=0 status=0 actual=16
[6438] +233.403935 ASYNC-IN-DONE ep=0x81 len=16 status=0 actual=16
	0000  08 00 00 18 ef 03 01 10  00 fc 00 10 65 02 00 00 |............e...|
[6439] +233.404030 ASYNC-IN-SUBMIT ep=0x81 len=0 type=BULK (in, awaiting data)
[6440] +233.513276 ASYNC-IN-DONE ep=0x81 len=0 status=2 actual=0
[6441] +233.513381 ASYNC-IN-SUBMIT ep=0x81 len=0 type=BULK (in, awaiting data)
[6442] +233.622810 ASYNC-OUT ep=0x01 len=16 type=BULK 
	0000  08 00 00 18 02 10 f0 03  00 e1 00 10 69 11 00 00 |............i...|
[6443] +233.622949 ASYNC-IN-DONE ep=0x81 len=0 status=2 actual=0
[6444] +233.622977 ASYNC-IN-SUBMIT ep=0x81 len=0 type=BULK (in, awaiting data)
[6445] +233.623078 ASYNC-OUT-DONE ep=0x01 len=0 status=0 actual=16
[6446] +233.734116 ASYNC-IN-DONE ep=0x81 len=0 status=2 actual=0
[6447] +233.734193 ASYNC-IN-SUBMIT ep=0x81 len=0 type=BULK (in, awaiting data)
[6448] +233.805705 ASYNC-IN-DONE ep=0x81 len=16 status=0 actual=16
	0000  08 00 00 18 ed 03 80 10  00 1f 00 10 a1 05 00 00 |................|
[6449] +233.805811 ASYNC-IN-SUBMIT ep=0x81 len=0 type=BULK (in, awaiting data)
[6450] +233.830814 ASYNC-OUT ep=0x01 len=16 type=BULK 
	0000  08 00 00 18 01 10 ef 03  00 f3 00 10 93 1e 00 00 |................|
[6451] +233.831122 ASYNC-OUT-DONE ep=0x01 len=0 status=0 actual=16
[6452] +233.915668 ASYNC-IN-DONE ep=0x81 len=0 status=2 actual=0
[6453] +233.915788 ASYNC-IN-SUBMIT ep=0x81 len=0 type=BULK (in, awaiting data)
[6454] +234.006060 ASYNC-IN-DONE ep=0x81 len=16 status=0 actual=16
	0000  08 00 00 18 f0 03 02 10  00 ed 00 10 09 02 00 00 |................|
[6455] +234.006189 ASYNC-IN-SUBMIT ep=0x81 len=0 type=BULK (in, awaiting data)
[6456] +234.115688 ASYNC-IN-DONE ep=0x81 len=0 status=2 actual=0
[6457] +234.115779 ASYNC-IN-SUBMIT ep=0x81 len=0 type=BULK (in, awaiting data)
[6458] +234.219039 ASYNC-IN-DONE ep=0x81 len=0 status=2 actual=0
[6459] +234.219120 ASYNC-IN-SUBMIT ep=0x81 len=0 type=BULK (in, awaiting data)
[6460] +234.322643 ASYNC-IN-DONE ep=0x81 len=0 status=2 actual=0
[6461] +234.322724 ASYNC-IN-SUBMIT ep=0x81 len=0 type=BULK (in, awaiting data)
[6462] +234.400413 ASYNC-OUT ep=0x01 len=16 type=BULK 
	0000  08 00 00 18 80 10 ed 03  00 12 00 10 ec 1d 00 00 |................|
[6463] +234.400729 ASYNC-OUT-DONE ep=0x01 len=0 status=0 actual=16
[6464] +234.407301 ASYNC-IN-DONE ep=0x81 len=16 status=0 actual=16
	0000  08 00 00 18 ef 03 01 10  00 fd 00 10 65 02 00 00 |............e...|
[6465] +234.407395 ASYNC-IN-SUBMIT ep=0x81 len=0 type=BULK (in, awaiting data)
[6466] +234.515203 ASYNC-IN-DONE ep=0x81 len=0 status=2 actual=0
[6467] +234.515275 ASYNC-IN-SUBMIT ep=0x81 len=0 type=BULK (in, awaiting data)
[6468] +234.628108 ASYNC-IN-DONE ep=0x81 len=0 status=2 actual=0
[6469] +234.628189 ASYNC-IN-SUBMIT ep=0x81 len=0 type=BULK (in, awaiting data)
[6470] +234.660666 ASYNC-OUT ep=0x01 len=16 type=BULK 
	0000  08 00 00 18 02 10 f0 03  00 e2 00 10 69 11 00 00 |............i...|
[6471] +234.661015 ASYNC-OUT-DONE ep=0x01 len=0 status=0 actual=16
[6472] +234.740980 ASYNC-IN-DONE ep=0x81 len=0 status=2 actual=0
[6473] +234.741062 ASYNC-IN-SUBMIT ep=0x81 len=0 type=BULK (in, awaiting data)
[6474] +234.808772 ASYNC-IN-DONE ep=0x81 len=16 status=0 actual=16
	0000  08 00 00 18 ed 03 80 10  00 20 00 10 a1 05 00 00 |......... ......|
[6475] +234.808884 ASYNC-IN-SUBMIT ep=0x81 len=0 type=BULK (in, awaiting data)
[6476] +234.868829 ASYNC-OUT ep=0x01 len=16 type=BULK 
	0000  08 00 00 18 01 10 ef 03  00 f4 00 10 93 1e 00 00 |................|
[6477] +234.869159 ASYNC-OUT-DONE ep=0x01 len=0 status=0 actual=16
[6478] +234.912006 ASYNC-IN-DONE ep=0x81 len=0 status=2 actual=0
[6479] +234.912069 ASYNC-IN-SUBMIT ep=0x81 len=0 type=BULK (in, awaiting data)
[6480] +235.009685 ASYNC-IN-DONE ep=0x81 len=16 status=0 actual=16
	0000  08 00 00 18 f0 03 02 10  00 ee 00 10 09 02 00 00 |................|
[6481] +235.009820 ASYNC-IN-SUBMIT ep=0x81 len=0 type=BULK (in, awaiting data)
[6482] +235.116308 ASYNC-IN-DONE ep=0x81 len=0 status=2 actual=0
[6483] +235.116406 ASYNC-IN-SUBMIT ep=0x81 len=0 type=BULK (in, awaiting data)
[6484] +235.225451 ASYNC-IN-DONE ep=0x81 len=0 status=2 actual=0
[6485] +235.225580 ASYNC-IN-SUBMIT ep=0x81 len=0 type=BULK (in, awaiting data)
[6486] +235.338220 ASYNC-IN-DONE ep=0x81 len=0 status=2 actual=0
[6487] +235.338308 ASYNC-IN-SUBMIT ep=0x81 len=0 type=BULK (in, awaiting data)
[6488] +235.410584 ASYNC-IN-DONE ep=0x81 len=16 status=0 actual=16
	0000  08 00 00 18 ef 03 01 10  00 fe 00 10 65 02 00 00 |............e...|
[6489] +235.410679 ASYNC-IN-SUBMIT ep=0x81 len=0 type=BULK (in, awaiting data)
[6490] +235.438038 ASYNC-OUT ep=0x01 len=16 type=BULK 
	0000  08 00 00 18 80 10 ed 03  00 13 00 10 ec 1d 00 00 |................|
[6491] +235.438290 ASYNC-OUT-DONE ep=0x01 len=0 status=0 actual=16
[6492] +235.518489 ASYNC-IN-DONE ep=0x81 len=0 status=2 actual=0
[6493] +235.518576 ASYNC-IN-SUBMIT ep=0x81 len=0 type=BULK (in, awaiting data)
[6494] +235.630439 ASYNC-IN-DONE ep=0x81 len=0 status=2 actual=0
[6495] +235.630517 ASYNC-IN-SUBMIT ep=0x81 len=0 type=BULK (in, awaiting data)
[6496] +235.695202 ASYNC-OUT ep=0x01 len=16 type=BULK 
	0000  08 00 00 18 02 10 f0 03  00 e3 00 10 69 11 00 00 |............i...|
[6497] +235.695523 ASYNC-OUT-DONE ep=0x01 len=0 status=0 actual=16
[6498] +235.743334 ASYNC-IN-DONE ep=0x81 len=0 status=2 actual=0
[6499] +235.743409 ASYNC-IN-SUBMIT ep=0x81 len=0 type=BULK (in, awaiting data)
[6500] +235.812508 ASYNC-IN-DONE ep=0x81 len=16 status=0 actual=16
	0000  08 00 00 18 ed 03 80 10  00 21 00 10 a1 05 00 00 |.........!......|
[6501] +235.812627 ASYNC-IN-SUBMIT ep=0x81 len=0 type=BULK (in, awaiting data)
[6502] +235.902685 ASYNC-OUT ep=0x01 len=16 type=BULK 
	0000  08 00 00 18 01 10 ef 03  00 f5 00 10 93 1e 00 00 |................|
[6503] +235.903115 ASYNC-OUT-DONE ep=0x01 len=0 status=0 actual=16
[6504] +235.925362 ASYNC-IN-DONE ep=0x81 len=0 status=2 actual=0
[6505] +235.925419 ASYNC-IN-SUBMIT ep=0x81 len=0 type=BULK (in, awaiting data)
[6506] +236.012831 ASYNC-IN-DONE ep=0x81 len=16 status=0 actual=16
	0000  08 00 00 18 f0 03 02 10  00 ef 00 10 09 02 00 00 |................|
[6507] +236.012966 ASYNC-IN-SUBMIT ep=0x81 len=0 type=BULK (in, awaiting data)
[6508] +236.125590 ASYNC-IN-DONE ep=0x81 len=0 status=2 actual=0
[6509] +236.125691 ASYNC-IN-SUBMIT ep=0x81 len=0 type=BULK (in, awaiting data)
[6510] +236.238484 ASYNC-IN-DONE ep=0x81 len=0 status=2 actual=0
[6511] +236.238539 ASYNC-IN-SUBMIT ep=0x81 len=0 type=BULK (in, awaiting data)
[6512] +236.350611 ASYNC-IN-DONE ep=0x81 len=0 status=2 actual=0
[6513] +236.350642 ASYNC-IN-SUBMIT ep=0x81 len=0 type=BULK (in, awaiting data)
[6514] +236.413955 ASYNC-IN-DONE ep=0x81 len=16 status=0 actual=16
	0000  08 00 00 18 ef 03 01 10  00 ff 00 10 65 02 00 00 |............e...|
[6515] +236.414058 ASYNC-IN-SUBMIT ep=0x81 len=0 type=BULK (in, awaiting data)
[6516] +236.474833 ASYNC-OUT ep=0x01 len=16 type=BULK 
	0000  08 00 00 18 80 10 ed 03  00 14 00 10 ec 1d 00 00 |................|
[6517] +236.475231 ASYNC-OUT-DONE ep=0x01 len=0 status=0 actual=16
[6518] +236.525790 ASYNC-IN-DONE ep=0x81 len=0 status=2 actual=0
[6519] +236.525868 ASYNC-IN-SUBMIT ep=0x81 len=0 type=BULK (in, awaiting data)
[6520] +236.633365 ASYNC-IN-DONE ep=0x81 len=0 status=2 actual=0
[6521] +236.633475 ASYNC-IN-SUBMIT ep=0x81 len=0 type=BULK (in, awaiting data)
[6522] +236.734461 ASYNC-OUT ep=0x01 len=16 type=BULK 
	0000  08 00 00 18 02 10 f0 03  00 e4 00 10 69 11 00 00 |............i...|
[6523] +236.734726 ASYNC-OUT-DONE ep=0x01 len=0 status=0 actual=16
[6524] +236.746246 ASYNC-IN-DONE ep=0x81 len=0 status=2 actual=0
[6525] +236.746287 ASYNC-IN-SUBMIT ep=0x81 len=0 type=BULK (in, awaiting data)
[6526] +236.815489 ASYNC-IN-DONE ep=0x81 len=16 status=0 actual=16
	0000  08 00 00 18 ed 03 80 10  00 22 00 10 a1 05 00 00 |........."......|
[6527] +236.815544 ASYNC-IN-SUBMIT ep=0x81 len=0 type=BULK (in, awaiting data)
[6528] +236.923817 ASYNC-IN-DONE ep=0x81 len=0 status=2 actual=0
[6529] +236.923920 ASYNC-IN-SUBMIT ep=0x81 len=0 type=BULK (in, awaiting data)
[6530] +236.941728 ASYNC-OUT ep=0x01 len=16 type=BULK 
	0000  08 00 00 18 01 10 ef 03  00 f6 00 10 93 1e 00 00 |................|
[6531] +236.942021 ASYNC-OUT-DONE ep=0x01 len=0 status=0 actual=16
[6532] +237.016036 ASYNC-IN-DONE ep=0x81 len=16 status=0 actual=16
	0000  08 00 00 18 f0 03 02 10  00 f0 00 10 09 02 00 00 |................|
[6533] +237.016167 ASYNC-IN-SUBMIT ep=0x81 len=0 type=BULK (in, awaiting data)
[6534] +237.127749 ASYNC-IN-DONE ep=0x81 len=0 status=2 actual=0
[6535] +237.127849 ASYNC-IN-SUBMIT ep=0x81 len=0 type=BULK (in, awaiting data)
[6536] +237.235940 ASYNC-IN-DONE ep=0x81 len=0 status=2 actual=0
[6537] +237.236034 ASYNC-IN-SUBMIT ep=0x81 len=0 type=BULK (in, awaiting data)
[6538] +237.339008 ASYNC-IN-DONE ep=0x81 len=0 status=2 actual=0
[6539] +237.339108 ASYNC-IN-SUBMIT ep=0x81 len=0 type=BULK (in, awaiting data)
[6540] +237.417606 ASYNC-IN-DONE ep=0x81 len=16 status=0 actual=16
	0000  08 00 00 18 ef 03 01 10  00 00 00 10 65 02 00 00 |............e...|
[6541] +237.417830 ASYNC-IN-SUBMIT ep=0x81 len=0 type=BULK (in, awaiting data)
[6542] +237.511824 ASYNC-OUT ep=0x01 len=16 type=BULK 
	0000  08 00 00 18 80 10 ed 03  00 15 00 10 ec 1d 00 00 |................|
[6543] +237.512153 ASYNC-OUT-DONE ep=0x01 len=0 status=0 actual=16
[6544] +237.526951 ASYNC-IN-DONE ep=0x81 len=0 status=2 actual=0
[6545] +237.527007 ASYNC-IN-SUBMIT ep=0x81 len=0 type=BULK (in, awaiting data)
[6546] +237.639836 ASYNC-IN-DONE ep=0x81 len=0 status=2 actual=0
[6547] +237.639941 ASYNC-IN-SUBMIT ep=0x81 len=0 type=BULK (in, awaiting data)
[6548] +237.750775 ASYNC-IN-DONE ep=0x81 len=0 status=2 actual=0
[6549] +237.750858 ASYNC-IN-SUBMIT ep=0x81 len=0 type=BULK (in, awaiting data)
[6550] +237.771385 ASYNC-OUT ep=0x01 len=16 type=BULK 
	0000  08 00 00 18 02 10 f0 03  00 e5 00 10 69 11 00 00 |............i...|
[6551] +237.771720 ASYNC-OUT-DONE ep=0x01 len=0 status=0 actual=16
[6552] +237.818394 ASYNC-IN-DONE ep=0x81 len=16 status=0 actual=16
	0000  08 00 00 18 ed 03 80 10  00 23 00 10 a1 05 00 00 |.........#......|
[6553] +237.818525 ASYNC-IN-SUBMIT ep=0x81 len=0 type=BULK (in, awaiting data)
[6554] +237.925799 ASYNC-IN-DONE ep=0x81 len=0 status=2 actual=0
[6555] +237.925892 ASYNC-IN-SUBMIT ep=0x81 len=0 type=BULK (in, awaiting data)
[6556] +237.978982 ASYNC-OUT ep=0x01 len=16 type=BULK 
	0000  08 00 00 18 01 10 ef 03  00 f7 00 10 93 1e 00 00 |................|
[6557] +237.979299 ASYNC-OUT-DONE ep=0x01 len=0 status=0 actual=16
[6558] +238.019250 ASYNC-IN-DONE ep=0x81 len=16 status=0 actual=16
	0000  08 00 00 18 f0 03 02 10  00 f1 00 10 09 02 00 00 |................|
[6559] +238.019392 ASYNC-IN-SUBMIT ep=0x81 len=0 type=BULK (in, awaiting data)
[6560] +238.129950 ASYNC-IN-DONE ep=0x81 len=0 status=2 actual=0
[6561] +238.130067 ASYNC-IN-SUBMIT ep=0x81 len=0 type=BULK (in, awaiting data)
[6562] +238.242843 ASYNC-IN-DONE ep=0x81 len=0 status=2 actual=0
[6563] +238.242924 ASYNC-IN-SUBMIT ep=0x81 len=0 type=BULK (in, awaiting data)
[6564] +238.355724 ASYNC-IN-DONE ep=0x81 len=0 status=2 actual=0
[6565] +238.355832 ASYNC-IN-SUBMIT ep=0x81 len=0 type=BULK (in, awaiting data)
[6566] +238.420293 ASYNC-IN-DONE ep=0x81 len=16 status=0 actual=16
	0000  08 00 00 18 ef 03 01 10  00 01 00 10 65 02 00 00 |............e...|
[6567] +238.420411 ASYNC-IN-SUBMIT ep=0x81 len=0 type=BULK (in, awaiting data)
[6568] +238.529281 ASYNC-IN-DONE ep=0x81 len=0 status=2 actual=0
[6569] +238.529397 ASYNC-IN-SUBMIT ep=0x81 len=0 type=BULK (in, awaiting data)
[6570] +238.549693 ASYNC-OUT ep=0x01 len=16 type=BULK 
	0000  08 00 00 18 80 10 ed 03  00 16 00 10 ec 1d 00 00 |................|
[6571] +238.550171 ASYNC-OUT-DONE ep=0x01 len=0 status=0 actual=16
[6572] +238.631105 ASYNC-IN-DONE ep=0x81 len=0 status=2 actual=0
[6573] +238.631205 ASYNC-IN-SUBMIT ep=0x81 len=0 type=BULK (in, awaiting data)
[6574] +238.732021 ASYNC-IN-DONE ep=0x81 len=0 status=2 actual=0
[6575] +238.732105 ASYNC-IN-SUBMIT ep=0x81 len=0 type=BULK (in, awaiting data)
[6576] +238.809954 ASYNC-OUT ep=0x01 len=16 type=BULK 
	0000  08 00 00 18 02 10 f0 03  00 e6 00 10 69 11 00 00 |............i...|
[6577] +238.810265 ASYNC-OUT-DONE ep=0x01 len=0 status=0 actual=16
[6578] +238.821973 ASYNC-IN-DONE ep=0x81 len=16 status=0 actual=16
	0000  08 00 00 18 ed 03 80 10  00 24 00 10 a1 05 00 00 |.........$......|
[6579] +238.822056 ASYNC-IN-SUBMIT ep=0x81 len=0 type=BULK (in, awaiting data)
[6580] +238.934895 ASYNC-IN-DONE ep=0x81 len=0 status=2 actual=0
[6581] +238.934981 ASYNC-IN-SUBMIT ep=0x81 len=0 type=BULK (in, awaiting data)
[6582] +239.016858 ASYNC-OUT ep=0x01 len=16 type=BULK 
	0000  08 00 00 18 01 10 ef 03  00 f8 00 10 93 1e 00 00 |................|
[6583] +239.017182 ASYNC-OUT-DONE ep=0x01 len=0 status=0 actual=16
[6584] +239.022370 ASYNC-IN-DONE ep=0x81 len=16 status=0 actual=16
	0000  08 00 00 18 f0 03 02 10  00 f2 00 10 09 02 00 00 |................|
[6585] +239.022415 ASYNC-IN-SUBMIT ep=0x81 len=0 type=BULK (in, awaiting data)
[6586] +239.132071 ASYNC-IN-DONE ep=0x81 len=0 status=2 actual=0
[6587] +239.132143 ASYNC-IN-SUBMIT ep=0x81 len=0 type=BULK (in, awaiting data)
[6588] +239.237357 ASYNC-IN-DONE ep=0x81 len=0 status=2 actual=0
[6589] +239.237454 ASYNC-IN-SUBMIT ep=0x81 len=0 type=BULK (in, awaiting data)
[6590] +239.341193 ASYNC-IN-DONE ep=0x81 len=0 status=2 actual=0
[6591] +239.341223 ASYNC-IN-SUBMIT ep=0x81 len=0 type=BULK (in, awaiting data)
[6592] +239.423933 ASYNC-IN-DONE ep=0x81 len=16 status=0 actual=16
	0000  08 00 00 18 ef 03 01 10  00 02 00 10 65 02 00 00 |............e...|
[6593] +239.423975 ASYNC-IN-SUBMIT ep=0x81 len=0 type=BULK (in, awaiting data)
[6594] +239.534560 ASYNC-IN-DONE ep=0x81 len=0 status=2 actual=0
[6595] +239.534586 ASYNC-IN-SUBMIT ep=0x81 len=0 type=BULK (in, awaiting data)
[6596] +239.588181 ASYNC-OUT ep=0x01 len=16 type=BULK 
	0000  08 00 00 18 80 10 ed 03  00 17 00 10 ec 1d 00 00 |................|
[6597] +239.588422 ASYNC-OUT-DONE ep=0x01 len=0 status=0 actual=16
[6598] +239.647304 ASYNC-IN-DONE ep=0x81 len=0 status=2 actual=0
[6599] +239.647374 ASYNC-IN-SUBMIT ep=0x81 len=0 type=BULK (in, awaiting data)
### MARK GLOBAL-tab-DeviceSettings
[6600] +239.760322 ASYNC-IN-DONE ep=0x81 len=0 status=2 actual=0
[6601] +239.760333 ASYNC-IN-SUBMIT ep=0x81 len=0 type=BULK (in, awaiting data)
[6602] +239.825162 ASYNC-IN-DONE ep=0x81 len=16 status=0 actual=16
	0000  08 00 00 18 ed 03 80 10  00 25 00 10 a1 05 00 00 |.........%......|
[6603] +239.825186 ASYNC-IN-SUBMIT ep=0x81 len=0 type=BULK (in, awaiting data)
[6604] +239.847866 ASYNC-OUT ep=0x01 len=16 type=BULK 
	0000  08 00 00 18 02 10 f0 03  00 e7 00 10 69 11 00 00 |............i...|
[6605] +239.848233 ASYNC-OUT-DONE ep=0x01 len=0 status=0 actual=16
[6606] +239.937936 ASYNC-IN-DONE ep=0x81 len=0 status=2 actual=0
[6607] +239.938014 ASYNC-IN-SUBMIT ep=0x81 len=0 type=BULK (in, awaiting data)
[6608] +240.025631 ASYNC-IN-DONE ep=0x81 len=16 status=0 actual=16
	0000  08 00 00 18 f0 03 02 10  00 f3 00 10 09 02 00 00 |................|
[6609] +240.025728 ASYNC-IN-SUBMIT ep=0x81 len=0 type=BULK (in, awaiting data)
[6610] +240.056076 ASYNC-OUT ep=0x01 len=16 type=BULK 
	0000  08 00 00 18 01 10 ef 03  00 f9 00 10 93 1e 00 00 |................|
[6611] +240.056424 ASYNC-OUT-DONE ep=0x01 len=0 status=0 actual=16
[6612] +240.134262 ASYNC-IN-DONE ep=0x81 len=0 status=2 actual=0
[6613] +240.134365 ASYNC-IN-SUBMIT ep=0x81 len=0 type=BULK (in, awaiting data)
[6614] +240.246462 ASYNC-IN-DONE ep=0x81 len=0 status=2 actual=0
[6615] +240.246570 ASYNC-IN-SUBMIT ep=0x81 len=0 type=BULK (in, awaiting data)
[6616] +240.356564 ASYNC-IN-DONE ep=0x81 len=0 status=2 actual=0
[6617] +240.356648 ASYNC-IN-SUBMIT ep=0x81 len=0 type=BULK (in, awaiting data)
[6618] +240.427233 ASYNC-IN-DONE ep=0x81 len=16 status=0 actual=16
	0000  08 00 00 18 ef 03 01 10  00 03 00 10 65 02 00 00 |............e...|
[6619] +240.427372 ASYNC-IN-SUBMIT ep=0x81 len=0 type=BULK (in, awaiting data)
[6620] +240.540220 ASYNC-IN-DONE ep=0x81 len=0 status=2 actual=0
[6621] +240.540330 ASYNC-IN-SUBMIT ep=0x81 len=0 type=BULK (in, awaiting data)
[6622] +240.626781 ASYNC-OUT ep=0x01 len=16 type=BULK 
	0000  08 00 00 18 80 10 ed 03  00 18 00 10 ec 1d 00 00 |................|
[6623] +240.627097 ASYNC-OUT-DONE ep=0x01 len=0 status=0 actual=16
[6624] +240.652111 ASYNC-IN-DONE ep=0x81 len=0 status=2 actual=0
[6625] +240.652192 ASYNC-IN-SUBMIT ep=0x81 len=0 type=BULK (in, awaiting data)
[6626] +240.756518 ASYNC-IN-DONE ep=0x81 len=0 status=2 actual=0
[6627] +240.756604 ASYNC-IN-SUBMIT ep=0x81 len=0 type=BULK (in, awaiting data)
[6628] +240.828409 ASYNC-IN-DONE ep=0x81 len=16 status=0 actual=16
	0000  08 00 00 18 ed 03 80 10  00 26 00 10 a1 05 00 00 |.........&......|
[6629] +240.828524 ASYNC-IN-SUBMIT ep=0x81 len=0 type=BULK (in, awaiting data)
[6630] +240.885030 ASYNC-OUT ep=0x01 len=16 type=BULK 
	0000  08 00 00 18 02 10 f0 03  00 e8 00 10 69 11 00 00 |............i...|
[6631] +240.885289 ASYNC-OUT-DONE ep=0x01 len=0 status=0 actual=16
[6632] +240.933562 ASYNC-IN-DONE ep=0x81 len=0 status=2 actual=0
[6633] +240.933659 ASYNC-IN-SUBMIT ep=0x81 len=0 type=BULK (in, awaiting data)
[6634] +241.029218 ASYNC-IN-DONE ep=0x81 len=16 status=0 actual=16
	0000  08 00 00 18 f0 03 02 10  00 f4 00 10 09 02 00 00 |................|
[6635] +241.029358 ASYNC-IN-SUBMIT ep=0x81 len=0 type=BULK (in, awaiting data)
[6636] +241.091223 ASYNC-OUT ep=0x01 len=16 type=BULK 
	0000  08 00 00 18 01 10 ef 03  00 fa 00 10 93 1e 00 00 |................|
[6637] +241.091518 ASYNC-OUT-DONE ep=0x01 len=0 status=0 actual=16
[6638] +241.136401 ASYNC-IN-DONE ep=0x81 len=0 status=2 actual=0
[6639] +241.136512 ASYNC-IN-SUBMIT ep=0x81 len=0 type=BULK (in, awaiting data)
[6640] +241.246573 ASYNC-IN-DONE ep=0x81 len=0 status=2 actual=0
[6641] +241.246618 ASYNC-IN-SUBMIT ep=0x81 len=0 type=BULK (in, awaiting data)
[6642] +241.350518 ASYNC-IN-DONE ep=0x81 len=0 status=2 actual=0
[6643] +241.350543 ASYNC-IN-SUBMIT ep=0x81 len=0 type=BULK (in, awaiting data)
[6644] +241.430450 ASYNC-IN-DONE ep=0x81 len=16 status=0 actual=16
	0000  08 00 00 18 ef 03 01 10  00 04 00 10 65 02 00 00 |............e...|
[6645] +241.430487 ASYNC-IN-SUBMIT ep=0x81 len=0 type=BULK (in, awaiting data)
[6646] +241.543142 ASYNC-IN-DONE ep=0x81 len=0 status=2 actual=0
[6647] +241.543171 ASYNC-IN-SUBMIT ep=0x81 len=0 type=BULK (in, awaiting data)
[6648] +241.655878 ASYNC-IN-DONE ep=0x81 len=0 status=2 actual=0
[6649] +241.655898 ASYNC-IN-SUBMIT ep=0x81 len=0 type=BULK (in, awaiting data)
[6650] +241.660663 ASYNC-OUT ep=0x01 len=16 type=BULK 
	0000  08 00 00 18 80 10 ed 03  00 19 00 10 ec 1d 00 00 |................|
[6651] +241.660886 ASYNC-OUT-DONE ep=0x01 len=0 status=0 actual=16
### MARK GLOBAL-tab-PresetsIRs
[6652] +241.768869 ASYNC-IN-DONE ep=0x81 len=0 status=2 actual=0
[6653] +241.768887 ASYNC-IN-SUBMIT ep=0x81 len=0 type=BULK (in, awaiting data)
[6654] +241.832304 ASYNC-IN-DONE ep=0x81 len=16 status=0 actual=16
	0000  08 00 00 18 ed 03 80 10  00 27 00 10 a1 05 00 00 |.........'......|
[6655] +241.832332 ASYNC-IN-SUBMIT ep=0x81 len=0 type=BULK (in, awaiting data)
[6656] +241.920120 ASYNC-OUT ep=0x01 len=16 type=BULK 
	0000  08 00 00 18 02 10 f0 03  00 e9 00 10 69 11 00 00 |............i...|
[6657] +241.920439 ASYNC-OUT-DONE ep=0x01 len=0 status=0 actual=16
[6658] +241.945064 ASYNC-IN-DONE ep=0x81 len=0 status=2 actual=0
[6659] +241.945128 ASYNC-IN-SUBMIT ep=0x81 len=0 type=BULK (in, awaiting data)
[6660] +242.033363 ASYNC-IN-DONE ep=0x81 len=16 status=0 actual=16
	0000  08 00 00 18 f0 03 02 10  00 f5 00 10 09 02 00 00 |................|
[6661] +242.033501 ASYNC-IN-SUBMIT ep=0x81 len=0 type=BULK (in, awaiting data)
[6662] +242.127095 ASYNC-OUT ep=0x01 len=16 type=BULK 
	0000  08 00 00 18 01 10 ef 03  00 fb 00 10 93 1e 00 00 |................|
[6663] +242.127419 ASYNC-OUT-DONE ep=0x01 len=0 status=0 actual=16
[6664] +242.138287 ASYNC-IN-DONE ep=0x81 len=0 status=2 actual=0
[6665] +242.138358 ASYNC-IN-SUBMIT ep=0x81 len=0 type=BULK (in, awaiting data)
[6666] +242.241594 ASYNC-IN-DONE ep=0x81 len=0 status=2 actual=0
[6667] +242.241768 ASYNC-IN-SUBMIT ep=0x81 len=0 type=BULK (in, awaiting data)
[6668] +242.343481 ASYNC-IN-DONE ep=0x81 len=0 status=2 actual=0
[6669] +242.343525 ASYNC-IN-SUBMIT ep=0x81 len=0 type=BULK (in, awaiting data)
[6670] +242.433996 ASYNC-IN-DONE ep=0x81 len=16 status=0 actual=16
	0000  08 00 00 18 ef 03 01 10  00 05 00 10 65 02 00 00 |............e...|
[6671] +242.434094 ASYNC-IN-SUBMIT ep=0x81 len=0 type=BULK (in, awaiting data)
[6672] +242.546870 ASYNC-IN-DONE ep=0x81 len=0 status=2 actual=0
[6673] +242.546979 ASYNC-IN-SUBMIT ep=0x81 len=0 type=BULK (in, awaiting data)
[6674] +242.659525 ASYNC-IN-DONE ep=0x81 len=0 status=2 actual=0
[6675] +242.659615 ASYNC-IN-SUBMIT ep=0x81 len=0 type=BULK (in, awaiting data)
[6676] +242.699070 ASYNC-OUT ep=0x01 len=16 type=BULK 
	0000  08 00 00 18 80 10 ed 03  00 1a 00 10 ec 1d 00 00 |................|
[6677] +242.699367 ASYNC-OUT-DONE ep=0x01 len=0 status=0 actual=16
[6678] +242.759959 ASYNC-IN-DONE ep=0x81 len=0 status=2 actual=0
[6679] +242.760066 ASYNC-IN-SUBMIT ep=0x81 len=0 type=BULK (in, awaiting data)
[6680] +242.835303 ASYNC-IN-DONE ep=0x81 len=16 status=0 actual=16
	0000  08 00 00 18 ed 03 80 10  00 28 00 10 a1 05 00 00 |.........(......|
[6681] +242.835428 ASYNC-IN-SUBMIT ep=0x81 len=0 type=BULK (in, awaiting data)
[6682] +242.937557 ASYNC-IN-DONE ep=0x81 len=0 status=2 actual=0
[6683] +242.937614 ASYNC-IN-SUBMIT ep=0x81 len=0 type=BULK (in, awaiting data)
[6684] +242.958052 ASYNC-OUT ep=0x01 len=16 type=BULK 
	0000  08 00 00 18 02 10 f0 03  00 ea 00 10 69 11 00 00 |............i...|
[6685] +242.958385 ASYNC-OUT-DONE ep=0x01 len=0 status=0 actual=16
[6686] +243.035976 ASYNC-IN-DONE ep=0x81 len=16 status=0 actual=16
	0000  08 00 00 18 f0 03 02 10  00 f6 00 10 09 02 00 00 |................|
[6687] +243.036080 ASYNC-IN-SUBMIT ep=0x81 len=0 type=BULK (in, awaiting data)
[6688] +243.140477 ASYNC-IN-DONE ep=0x81 len=0 status=2 actual=0
[6689] +243.140567 ASYNC-IN-SUBMIT ep=0x81 len=0 type=BULK (in, awaiting data)
[6690] +243.166149 ASYNC-OUT ep=0x01 len=16 type=BULK 
	0000  08 00 00 18 01 10 ef 03  00 fc 00 10 93 1e 00 00 |................|
[6691] +243.166463 ASYNC-OUT-DONE ep=0x01 len=0 status=0 actual=16
[6692] +243.242184 ASYNC-IN-DONE ep=0x81 len=0 status=2 actual=0
[6693] +243.242224 ASYNC-IN-SUBMIT ep=0x81 len=0 type=BULK (in, awaiting data)
[6694] +243.343382 ASYNC-IN-DONE ep=0x81 len=0 status=2 actual=0
[6695] +243.343405 ASYNC-IN-SUBMIT ep=0x81 len=0 type=BULK (in, awaiting data)
[6696] +243.437178 ASYNC-IN-DONE ep=0x81 len=16 status=0 actual=16
	0000  08 00 00 18 ef 03 01 10  00 06 00 10 65 02 00 00 |............e...|
[6697] +243.437212 ASYNC-IN-SUBMIT ep=0x81 len=0 type=BULK (in, awaiting data)
[6698] +243.540603 ASYNC-IN-DONE ep=0x81 len=0 status=2 actual=0
[6699] +243.540630 ASYNC-IN-SUBMIT ep=0x81 len=0 type=BULK (in, awaiting data)
### MARK GLOBAL-tab-View
[6700] +243.650520 ASYNC-IN-DONE ep=0x81 len=0 status=2 actual=0
[6701] +243.650533 ASYNC-IN-SUBMIT ep=0x81 len=0 type=BULK (in, awaiting data)
[6702] +243.737057 ASYNC-OUT ep=0x01 len=16 type=BULK 
	0000  08 00 00 18 80 10 ed 03  00 1b 00 10 ec 1d 00 00 |................|
[6703] +243.737405 ASYNC-OUT-DONE ep=0x01 len=0 status=0 actual=16
[6704] +243.763159 ASYNC-IN-DONE ep=0x81 len=0 status=2 actual=0
[6705] +243.763212 ASYNC-IN-SUBMIT ep=0x81 len=0 type=BULK (in, awaiting data)
[6706] +243.838538 ASYNC-IN-DONE ep=0x81 len=16 status=0 actual=16
	0000  08 00 00 18 ed 03 80 10  00 29 00 10 a1 05 00 00 |.........)......|
[6707] +243.838632 ASYNC-IN-SUBMIT ep=0x81 len=0 type=BULK (in, awaiting data)
[6708] +243.950436 ASYNC-IN-DONE ep=0x81 len=0 status=2 actual=0
[6709] +243.950531 ASYNC-IN-SUBMIT ep=0x81 len=0 type=BULK (in, awaiting data)
[6710] +243.996410 ASYNC-OUT ep=0x01 len=16 type=BULK 
	0000  08 00 00 18 02 10 f0 03  00 eb 00 10 69 11 00 00 |............i...|
[6711] +243.996781 ASYNC-OUT-DONE ep=0x01 len=0 status=0 actual=16
[6712] +244.039311 ASYNC-IN-DONE ep=0x81 len=16 status=0 actual=16
	0000  08 00 00 18 f0 03 02 10  00 f7 00 10 09 02 00 00 |................|
[6713] +244.039427 ASYNC-IN-SUBMIT ep=0x81 len=0 type=BULK (in, awaiting data)
[6714] +244.142546 ASYNC-IN-DONE ep=0x81 len=0 status=2 actual=0
[6715] +244.142638 ASYNC-IN-SUBMIT ep=0x81 len=0 type=BULK (in, awaiting data)
[6716] +244.204703 ASYNC-OUT ep=0x01 len=16 type=BULK 
	0000  08 00 00 18 01 10 ef 03  00 fd 00 10 93 1e 00 00 |................|
[6717] +244.205043 ASYNC-OUT-DONE ep=0x01 len=0 status=0 actual=16
[6718] +244.245605 ASYNC-IN-DONE ep=0x81 len=0 status=2 actual=0
[6719] +244.245692 ASYNC-IN-SUBMIT ep=0x81 len=0 type=BULK (in, awaiting data)
[6720] +244.352986 ASYNC-IN-DONE ep=0x81 len=0 status=2 actual=0
[6721] +244.353063 ASYNC-IN-SUBMIT ep=0x81 len=0 type=BULK (in, awaiting data)
[6722] +244.440513 ASYNC-IN-DONE ep=0x81 len=16 status=0 actual=16
	0000  08 00 00 18 ef 03 01 10  00 07 00 10 65 02 00 00 |............e...|
[6723] +244.440671 ASYNC-IN-SUBMIT ep=0x81 len=0 type=BULK (in, awaiting data)
[6724] +244.545022 ASYNC-IN-DONE ep=0x81 len=0 status=2 actual=0
[6725] +244.545115 ASYNC-IN-SUBMIT ep=0x81 len=0 type=BULK (in, awaiting data)
[6726] +244.647118 ASYNC-IN-DONE ep=0x81 len=0 status=2 actual=0
[6727] +244.647204 ASYNC-IN-SUBMIT ep=0x81 len=0 type=BULK (in, awaiting data)
[6728] +244.749088 ASYNC-IN-DONE ep=0x81 len=0 status=2 actual=0
[6729] +244.749196 ASYNC-IN-SUBMIT ep=0x81 len=0 type=BULK (in, awaiting data)
[6730] +244.774920 ASYNC-OUT ep=0x01 len=16 type=BULK 
	0000  08 00 00 18 80 10 ed 03  00 1c 00 10 ec 1d 00 00 |................|
[6731] +244.775225 ASYNC-OUT-DONE ep=0x01 len=0 status=0 actual=16
[6732] +244.842129 ASYNC-IN-DONE ep=0x81 len=16 status=0 actual=16
	0000  08 00 00 18 ed 03 80 10  00 2a 00 10 a1 05 00 00 |.........*......|
[6733] +244.842228 ASYNC-IN-SUBMIT ep=0x81 len=0 type=BULK (in, awaiting data)
[6734] +244.954953 ASYNC-IN-DONE ep=0x81 len=0 status=2 actual=0
[6735] +244.955034 ASYNC-IN-SUBMIT ep=0x81 len=0 type=BULK (in, awaiting data)
[6736] +245.034961 ASYNC-OUT ep=0x01 len=16 type=BULK 
	0000  08 00 00 18 02 10 f0 03  00 ec 00 10 69 11 00 00 |............i...|
[6737] +245.035294 ASYNC-OUT-DONE ep=0x01 len=0 status=0 actual=16
[6738] +245.042528 ASYNC-IN-DONE ep=0x81 len=16 status=0 actual=16
	0000  08 00 00 18 f0 03 02 10  00 f8 00 10 09 02 00 00 |................|
[6739] +245.042639 ASYNC-IN-SUBMIT ep=0x81 len=0 type=BULK (in, awaiting data)
[6740] +245.144647 ASYNC-IN-DONE ep=0x81 len=0 status=2 actual=0
[6741] +245.144711 ASYNC-IN-SUBMIT ep=0x81 len=0 type=BULK (in, awaiting data)
[6742] +245.242025 ASYNC-OUT ep=0x01 len=16 type=BULK 
	0000  08 00 00 18 01 10 ef 03  00 fe 00 10 93 1e 00 00 |................|
[6743] +245.242187 ASYNC-OUT-DONE ep=0x01 len=0 status=0 actual=16
[6744] +245.248979 ASYNC-IN-DONE ep=0x81 len=0 status=2 actual=0
[6745] +245.248999 ASYNC-IN-SUBMIT ep=0x81 len=0 type=BULK (in, awaiting data)
[6746] +245.358314 ASYNC-IN-DONE ep=0x81 len=0 status=2 actual=0
[6747] +245.358343 ASYNC-IN-SUBMIT ep=0x81 len=0 type=BULK (in, awaiting data)
[6748] +245.443642 ASYNC-IN-DONE ep=0x81 len=16 status=0 actual=16
	0000  08 00 00 18 ef 03 01 10  00 08 00 10 65 02 00 00 |............e...|
[6749] +245.443687 ASYNC-IN-SUBMIT ep=0x81 len=0 type=BULK (in, awaiting data)
[6750] +245.546507 ASYNC-IN-DONE ep=0x81 len=0 status=2 actual=0
[6751] +245.546528 ASYNC-IN-SUBMIT ep=0x81 len=0 type=BULK (in, awaiting data)
### MARK GLOBAL-close
[6752] +245.649128 ASYNC-IN-DONE ep=0x81 len=0 status=2 actual=0
[6753] +245.649144 ASYNC-IN-SUBMIT ep=0x81 len=0 type=BULK (in, awaiting data)
[6754] +245.761877 ASYNC-IN-DONE ep=0x81 len=0 status=2 actual=0
[6755] +245.761922 ASYNC-IN-SUBMIT ep=0x81 len=0 type=BULK (in, awaiting data)
[6756] +245.811698 ASYNC-OUT ep=0x01 len=16 type=BULK 
	0000  08 00 00 18 80 10 ed 03  00 1d 00 10 ec 1d 00 00 |................|
[6757] +245.811976 ASYNC-OUT-DONE ep=0x01 len=0 status=0 actual=16
[6758] +245.845166 ASYNC-IN-DONE ep=0x81 len=16 status=0 actual=16
	0000  08 00 00 18 ed 03 80 10  00 2b 00 10 a1 05 00 00 |.........+......|
[6759] +245.845233 ASYNC-IN-SUBMIT ep=0x81 len=0 type=BULK (in, awaiting data)
[6760] +245.954768 ASYNC-IN-DONE ep=0x81 len=0 status=2 actual=0
[6761] +245.954854 ASYNC-IN-SUBMIT ep=0x81 len=0 type=BULK (in, awaiting data)
[6762] +246.045732 ASYNC-IN-DONE ep=0x81 len=16 status=0 actual=16
	0000  08 00 00 18 f0 03 02 10  00 f9 00 10 09 02 00 00 |................|
[6763] +246.045883 ASYNC-IN-SUBMIT ep=0x81 len=0 type=BULK (in, awaiting data)
[6764] +246.071941 ASYNC-OUT ep=0x01 len=16 type=BULK 
	0000  08 00 00 18 02 10 f0 03  00 ed 00 10 69 11 00 00 |............i...|
[6765] +246.072175 ASYNC-OUT-DONE ep=0x01 len=0 status=0 actual=16
[6766] +246.146820 ASYNC-IN-DONE ep=0x81 len=0 status=2 actual=0
[6767] +246.146913 ASYNC-IN-SUBMIT ep=0x81 len=0 type=BULK (in, awaiting data)
[6768] +246.254594 ASYNC-IN-DONE ep=0x81 len=0 status=2 actual=0
[6769] +246.254687 ASYNC-IN-SUBMIT ep=0x81 len=0 type=BULK (in, awaiting data)
[6770] +246.279605 ASYNC-OUT ep=0x01 len=16 type=BULK 
	0000  08 00 00 18 01 10 ef 03  00 ff 00 10 93 1e 00 00 |................|
[6771] +246.279932 ASYNC-OUT-DONE ep=0x01 len=0 status=0 actual=16
[6772] +246.357443 ASYNC-IN-DONE ep=0x81 len=0 status=2 actual=0
[6773] +246.357529 ASYNC-IN-SUBMIT ep=0x81 len=0 type=BULK (in, awaiting data)
[6774] +246.447178 ASYNC-IN-DONE ep=0x81 len=16 status=0 actual=16
	0000  08 00 00 18 ef 03 01 10  00 09 00 10 65 02 00 00 |............e...|
[6775] +246.447279 ASYNC-IN-SUBMIT ep=0x81 len=0 type=BULK (in, awaiting data)
[6776] +246.560122 ASYNC-IN-DONE ep=0x81 len=0 status=2 actual=0
[6777] +246.560227 ASYNC-IN-SUBMIT ep=0x81 len=0 type=BULK (in, awaiting data)
[6778] +246.671571 ASYNC-IN-DONE ep=0x81 len=0 status=2 actual=0
[6779] +246.671691 ASYNC-IN-SUBMIT ep=0x81 len=0 type=BULK (in, awaiting data)
[6780] +246.773058 ASYNC-IN-DONE ep=0x81 len=0 status=2 actual=0
[6781] +246.773109 ASYNC-IN-SUBMIT ep=0x81 len=0 type=BULK (in, awaiting data)
[6782] +246.848841 ASYNC-IN-DONE ep=0x81 len=16 status=0 actual=16
	0000  08 00 00 18 ed 03 80 10  00 2c 00 10 a1 05 00 00 |.........,......|
[6783] +246.848970 ASYNC-IN-SUBMIT ep=0x81 len=0 type=BULK (in, awaiting data)
[6784] +246.850938 ASYNC-OUT ep=0x01 len=16 type=BULK 
	0000  08 00 00 18 80 10 ed 03  00 1e 00 10 ec 1d 00 00 |................|
[6785] +246.851180 ASYNC-OUT-DONE ep=0x01 len=0 status=0 actual=16
[6786] +246.960055 ASYNC-IN-DONE ep=0x81 len=0 status=2 actual=0
[6787] +246.960124 ASYNC-IN-SUBMIT ep=0x81 len=0 type=BULK (in, awaiting data)
[6788] +247.049158 ASYNC-IN-DONE ep=0x81 len=16 status=0 actual=16
	0000  08 00 00 18 f0 03 02 10  00 fa 00 10 09 02 00 00 |................|
[6789] +247.049282 ASYNC-IN-SUBMIT ep=0x81 len=0 type=BULK (in, awaiting data)
[6790] +247.111383 ASYNC-OUT ep=0x01 len=16 type=BULK 
	0000  08 00 00 18 02 10 f0 03  00 ee 00 10 69 11 00 00 |............i...|
[6791] +247.111666 ASYNC-OUT-DONE ep=0x01 len=0 status=0 actual=16
[6792] +247.162041 ASYNC-IN-DONE ep=0x81 len=0 status=2 actual=0
[6793] +247.162108 ASYNC-IN-SUBMIT ep=0x81 len=0 type=BULK (in, awaiting data)
[6794] +247.269475 ASYNC-IN-DONE ep=0x81 len=0 status=2 actual=0
[6795] +247.269539 ASYNC-IN-SUBMIT ep=0x81 len=0 type=BULK (in, awaiting data)
[6796] +247.319083 ASYNC-OUT ep=0x01 len=16 type=BULK 
	0000  08 00 00 18 01 10 ef 03  00 00 00 10 93 1e 00 00 |................|
[6797] +247.319405 ASYNC-OUT-DONE ep=0x01 len=0 status=0 actual=16
[6798] +247.382336 ASYNC-IN-DONE ep=0x81 len=0 status=2 actual=0
[6799] +247.382446 ASYNC-IN-SUBMIT ep=0x81 len=0 type=BULK (in, awaiting data)
[6800] +247.450348 ASYNC-IN-DONE ep=0x81 len=16 status=0 actual=16
	0000  08 00 00 18 ef 03 01 10  00 0a 00 10 65 02 00 00 |............e...|
[6801] +247.450461 ASYNC-IN-SUBMIT ep=0x81 len=0 type=BULK (in, awaiting data)
[6802] +247.558083 ASYNC-IN-DONE ep=0x81 len=0 status=2 actual=0
[6803] +247.558195 ASYNC-IN-SUBMIT ep=0x81 len=0 type=BULK (in, awaiting data)
[6804] +247.664536 ASYNC-IN-DONE ep=0x81 len=0 status=2 actual=0
[6805] +247.664618 ASYNC-IN-SUBMIT ep=0x81 len=0 type=BULK (in, awaiting data)
[6806] +247.775840 ASYNC-IN-DONE ep=0x81 len=0 status=2 actual=0
[6807] +247.775944 ASYNC-IN-SUBMIT ep=0x81 len=0 type=BULK (in, awaiting data)
[6808] +247.851568 ASYNC-IN-DONE ep=0x81 len=16 status=0 actual=16
	0000  08 00 00 18 ed 03 80 10  00 2d 00 10 a1 05 00 00 |.........-......|
[6809] +247.851667 ASYNC-IN-SUBMIT ep=0x81 len=0 type=BULK (in, awaiting data)
[6810] +247.890758 ASYNC-OUT ep=0x01 len=16 type=BULK 
	0000  08 00 00 18 80 10 ed 03  00 1f 00 10 ec 1d 00 00 |................|
[6811] +247.891172 ASYNC-OUT-DONE ep=0x01 len=0 status=0 actual=16
[6812] +247.963774 ASYNC-IN-DONE ep=0x81 len=0 status=2 actual=0
[6813] +247.963852 ASYNC-IN-SUBMIT ep=0x81 len=0 type=BULK (in, awaiting data)
[6814] +248.052431 ASYNC-IN-DONE ep=0x81 len=16 status=0 actual=16
	0000  08 00 00 18 f0 03 02 10  00 fb 00 10 09 02 00 00 |................|
[6815] +248.052589 ASYNC-IN-SUBMIT ep=0x81 len=0 type=BULK (in, awaiting data)
[6816] +248.150540 ASYNC-OUT ep=0x01 len=16 type=BULK 
	0000  08 00 00 18 02 10 f0 03  00 ef 00 10 69 11 00 00 |............i...|
[6817] +248.150923 ASYNC-OUT-DONE ep=0x01 len=0 status=0 actual=16
[6818] +248.155310 ASYNC-IN-DONE ep=0x81 len=0 status=2 actual=0
[6819] +248.155359 ASYNC-IN-SUBMIT ep=0x81 len=0 type=BULK (in, awaiting data)
[6820] +248.268154 ASYNC-IN-DONE ep=0x81 len=0 status=2 actual=0
[6821] +248.268262 ASYNC-IN-SUBMIT ep=0x81 len=0 type=BULK (in, awaiting data)
[6822] +248.358025 ASYNC-OUT ep=0x01 len=16 type=BULK 
	0000  08 00 00 18 01 10 ef 03  00 01 00 10 93 1e 00 00 |................|
[6823] +248.358473 ASYNC-OUT-DONE ep=0x01 len=0 status=0 actual=16
[6824] +248.379944 ASYNC-IN-DONE ep=0x81 len=0 status=2 actual=0
[6825] +248.380051 ASYNC-IN-SUBMIT ep=0x81 len=0 type=BULK (in, awaiting data)
[6826] +248.453930 ASYNC-IN-DONE ep=0x81 len=16 status=0 actual=16
	0000  08 00 00 18 ef 03 01 10  00 0b 00 10 65 02 00 00 |............e...|
[6827] +248.454035 ASYNC-IN-SUBMIT ep=0x81 len=0 type=BULK (in, awaiting data)
[6828] +248.566655 ASYNC-IN-DONE ep=0x81 len=0 status=2 actual=0
[6829] +248.566734 ASYNC-IN-SUBMIT ep=0x81 len=0 type=BULK (in, awaiting data)
[6830] +248.667107 ASYNC-IN-DONE ep=0x81 len=0 status=2 actual=0
[6831] +248.667227 ASYNC-IN-SUBMIT ep=0x81 len=0 type=BULK (in, awaiting data)
[6832] +248.780063 ASYNC-IN-DONE ep=0x81 len=0 status=2 actual=0
[6833] +248.780164 ASYNC-IN-SUBMIT ep=0x81 len=0 type=BULK (in, awaiting data)
[6834] +248.855071 ASYNC-IN-DONE ep=0x81 len=16 status=0 actual=16
	0000  08 00 00 18 ed 03 80 10  00 2e 00 10 a1 05 00 00 |................|
[6835] +248.855160 ASYNC-IN-SUBMIT ep=0x81 len=0 type=BULK (in, awaiting data)
[6836] +248.928547 ASYNC-OUT ep=0x01 len=16 type=BULK 
	0000  08 00 00 18 80 10 ed 03  00 20 00 10 ec 1d 00 00 |......... ......|
[6837] +248.928866 ASYNC-OUT-DONE ep=0x01 len=0 status=0 actual=16
[6838] +248.958820 ASYNC-IN-DONE ep=0x81 len=0 status=2 actual=0
[6839] +248.958961 ASYNC-IN-SUBMIT ep=0x81 len=0 type=BULK (in, awaiting data)
[6840] +249.055891 ASYNC-IN-DONE ep=0x81 len=16 status=0 actual=16
	0000  08 00 00 18 f0 03 02 10  00 fc 00 10 09 02 00 00 |................|
[6841] +249.056021 ASYNC-IN-SUBMIT ep=0x81 len=0 type=BULK (in, awaiting data)
[6842] +249.165611 ASYNC-IN-DONE ep=0x81 len=0 status=2 actual=0
[6843] +249.165691 ASYNC-IN-SUBMIT ep=0x81 len=0 type=BULK (in, awaiting data)
[6844] +249.186321 ASYNC-OUT ep=0x01 len=16 type=BULK 
	0000  08 00 00 18 02 10 f0 03  00 f0 00 10 69 11 00 00 |............i...|
[6845] +249.186575 ASYNC-OUT-DONE ep=0x01 len=0 status=0 actual=16
[6846] +249.273720 ASYNC-IN-DONE ep=0x81 len=0 status=2 actual=0
[6847] +249.273822 ASYNC-IN-SUBMIT ep=0x81 len=0 type=BULK (in, awaiting data)
[6848] +249.378610 ASYNC-IN-DONE ep=0x81 len=0 status=2 actual=0
[6849] +249.378697 ASYNC-IN-SUBMIT ep=0x81 len=0 type=BULK (in, awaiting data)
[6850] +249.393553 ASYNC-OUT ep=0x01 len=16 type=BULK 
	0000  08 00 00 18 01 10 ef 03  00 02 00 10 93 1e 00 00 |................|
[6851] +249.393871 ASYNC-OUT-DONE ep=0x01 len=0 status=0 actual=16
[6852] +249.457929 ASYNC-IN-DONE ep=0x81 len=16 status=0 actual=16
	0000  08 00 00 18 ef 03 01 10  00 0c 00 10 65 02 00 00 |............e...|
[6853] +249.458050 ASYNC-IN-SUBMIT ep=0x81 len=0 type=BULK (in, awaiting data)
[6854] +249.558575 ASYNC-IN-DONE ep=0x81 len=0 status=2 actual=0
[6855] +249.558672 ASYNC-IN-SUBMIT ep=0x81 len=0 type=BULK (in, awaiting data)
[6856] +249.662247 ASYNC-IN-DONE ep=0x81 len=0 status=2 actual=0
[6857] +249.662338 ASYNC-IN-SUBMIT ep=0x81 len=0 type=BULK (in, awaiting data)
[6858] +249.772122 ASYNC-IN-DONE ep=0x81 len=0 status=2 actual=0
[6859] +249.772212 ASYNC-IN-SUBMIT ep=0x81 len=0 type=BULK (in, awaiting data)
[6860] +249.858873 ASYNC-IN-DONE ep=0x81 len=16 status=0 actual=16
	0000  08 00 00 18 ed 03 80 10  00 2f 00 10 a1 05 00 00 |........./......|
[6861] +249.858979 ASYNC-IN-SUBMIT ep=0x81 len=0 type=BULK (in, awaiting data)
[6862] +249.964853 ASYNC-OUT ep=0x01 len=16 type=BULK 
	0000  08 00 00 18 80 10 ed 03  00 21 00 10 ec 1d 00 00 |.........!......|
[6863] +249.965136 ASYNC-OUT-DONE ep=0x01 len=0 status=0 actual=16
[6864] +249.971578 ASYNC-IN-DONE ep=0x81 len=0 status=2 actual=0
[6865] +249.971650 ASYNC-IN-SUBMIT ep=0x81 len=0 type=BULK (in, awaiting data)
[6866] +250.059812 ASYNC-IN-DONE ep=0x81 len=16 status=0 actual=16
	0000  08 00 00 18 f0 03 02 10  00 fd 00 10 09 02 00 00 |................|
[6867] +250.059940 ASYNC-IN-SUBMIT ep=0x81 len=0 type=BULK (in, awaiting data)
[6868] +250.165655 ASYNC-IN-DONE ep=0x81 len=0 status=2 actual=0
[6869] +250.165764 ASYNC-IN-SUBMIT ep=0x81 len=0 type=BULK (in, awaiting data)
[6870] +250.224223 ASYNC-OUT ep=0x01 len=16 type=BULK 
	0000  08 00 00 18 02 10 f0 03  00 f1 00 10 69 11 00 00 |............i...|
[6871] +250.224712 ASYNC-OUT-DONE ep=0x01 len=0 status=0 actual=16
[6872] +250.278633 ASYNC-IN-DONE ep=0x81 len=0 status=2 actual=0
[6873] +250.278744 ASYNC-IN-SUBMIT ep=0x81 len=0 type=BULK (in, awaiting data)
[6874] +250.388583 ASYNC-IN-DONE ep=0x81 len=0 status=2 actual=0
[6875] +250.388689 ASYNC-IN-SUBMIT ep=0x81 len=0 type=BULK (in, awaiting data)
[6876] +250.431349 ASYNC-OUT ep=0x01 len=16 type=BULK 
	0000  08 00 00 18 01 10 ef 03  00 03 00 10 93 1e 00 00 |................|
[6877] +250.431716 ASYNC-OUT-DONE ep=0x01 len=0 status=0 actual=16
[6878] +250.460904 ASYNC-IN-DONE ep=0x81 len=16 status=0 actual=16
	0000  08 00 00 18 ef 03 01 10  00 0d 00 10 65 02 00 00 |............e...|
[6879] +250.461013 ASYNC-IN-SUBMIT ep=0x81 len=0 type=BULK (in, awaiting data)
[6880] +250.572317 ASYNC-IN-DONE ep=0x81 len=0 status=2 actual=0
[6881] +250.572418 ASYNC-IN-SUBMIT ep=0x81 len=0 type=BULK (in, awaiting data)
[6882] +250.677667 ASYNC-IN-DONE ep=0x81 len=0 status=2 actual=0
[6883] +250.677771 ASYNC-IN-SUBMIT ep=0x81 len=0 type=BULK (in, awaiting data)
[6884] +250.788248 ASYNC-IN-DONE ep=0x81 len=0 status=2 actual=0
[6885] +250.788331 ASYNC-IN-SUBMIT ep=0x81 len=0 type=BULK (in, awaiting data)
[6886] +250.861916 ASYNC-IN-DONE ep=0x81 len=16 status=0 actual=16
	0000  08 00 00 18 ed 03 80 10  00 30 00 10 a1 05 00 00 |.........0......|
[6887] +250.862013 ASYNC-IN-SUBMIT ep=0x81 len=0 type=BULK (in, awaiting data)
[6888] +250.963773 ASYNC-IN-DONE ep=0x81 len=0 status=2 actual=0
[6889] +250.963859 ASYNC-IN-SUBMIT ep=0x81 len=0 type=BULK (in, awaiting data)
[6890] +251.002786 ASYNC-OUT ep=0x01 len=16 type=BULK 
	0000  08 00 00 18 80 10 ed 03  00 22 00 10 ec 1d 00 00 |........."......|
[6891] +251.003137 ASYNC-OUT-DONE ep=0x01 len=0 status=0 actual=16
[6892] +251.062938 ASYNC-IN-DONE ep=0x81 len=16 status=0 actual=16
	0000  08 00 00 18 f0 03 02 10  00 fe 00 10 09 02 00 00 |................|
[6893] +251.063059 ASYNC-IN-SUBMIT ep=0x81 len=0 type=BULK (in, awaiting data)
[6894] +251.165650 ASYNC-IN-DONE ep=0x81 len=0 status=2 actual=0
[6895] +251.165753 ASYNC-IN-SUBMIT ep=0x81 len=0 type=BULK (in, awaiting data)
[6896] +251.263063 ASYNC-OUT ep=0x01 len=16 type=BULK 
	0000  08 00 00 18 02 10 f0 03  00 f2 00 10 69 11 00 00 |............i...|
[6897] +251.263427 ASYNC-OUT-DONE ep=0x01 len=0 status=0 actual=16
[6898] +251.275160 ASYNC-IN-DONE ep=0x81 len=0 status=2 actual=0
[6899] +251.275316 ASYNC-IN-SUBMIT ep=0x81 len=0 type=BULK (in, awaiting data)
[6900] +251.385658 ASYNC-IN-DONE ep=0x81 len=0 status=2 actual=0
[6901] +251.385751 ASYNC-IN-SUBMIT ep=0x81 len=0 type=BULK (in, awaiting data)
[6902] +251.463674 ASYNC-IN-DONE ep=0x81 len=16 status=0 actual=16
	0000  08 00 00 18 ef 03 01 10  00 0e 00 10 65 02 00 00 |............e...|
[6903] +251.463773 ASYNC-IN-SUBMIT ep=0x81 len=0 type=BULK (in, awaiting data)
[6904] +251.470396 ASYNC-OUT ep=0x01 len=16 type=BULK 
	0000  08 00 00 18 01 10 ef 03  00 04 00 10 93 1e 00 00 |................|
[6905] +251.470649 ASYNC-OUT-DONE ep=0x01 len=0 status=0 actual=16
[6906] +251.566721 ASYNC-IN-DONE ep=0x81 len=0 status=2 actual=0
[6907] +251.566762 ASYNC-IN-SUBMIT ep=0x81 len=0 type=BULK (in, awaiting data)
[6908] +251.668770 ASYNC-IN-DONE ep=0x81 len=0 status=2 actual=0
[6909] +251.668851 ASYNC-IN-SUBMIT ep=0x81 len=0 type=BULK (in, awaiting data)
[6910] +251.771325 ASYNC-IN-DONE ep=0x81 len=0 status=2 actual=0
[6911] +251.771449 ASYNC-IN-SUBMIT ep=0x81 len=0 type=BULK (in, awaiting data)
[6912] +251.864984 ASYNC-IN-DONE ep=0x81 len=16 status=0 actual=16
	0000  08 00 00 18 ed 03 80 10  00 31 00 10 a1 05 00 00 |.........1......|
[6913] +251.865105 ASYNC-IN-SUBMIT ep=0x81 len=0 type=BULK (in, awaiting data)
[6914] +251.973062 ASYNC-IN-DONE ep=0x81 len=0 status=2 actual=0
[6915] +251.973178 ASYNC-IN-SUBMIT ep=0x81 len=0 type=BULK (in, awaiting data)
[6916] +252.041659 ASYNC-OUT ep=0x01 len=16 type=BULK 
	0000  08 00 00 18 80 10 ed 03  00 23 00 10 ec 1d 00 00 |.........#......|
[6917] +252.041932 ASYNC-OUT-DONE ep=0x01 len=0 status=0 actual=16
[6918] +252.065700 ASYNC-IN-DONE ep=0x81 len=16 status=0 actual=16
	0000  08 00 00 18 f0 03 02 10  00 ff 00 10 09 02 00 00 |................|
[6919] +252.065857 ASYNC-IN-SUBMIT ep=0x81 len=0 type=BULK (in, awaiting data)
[6920] +252.178011 ASYNC-IN-DONE ep=0x81 len=0 status=2 actual=0
[6921] +252.178104 ASYNC-IN-SUBMIT ep=0x81 len=0 type=BULK (in, awaiting data)
[6922] +252.289621 ASYNC-IN-DONE ep=0x81 len=0 status=2 actual=0
[6923] +252.289809 ASYNC-IN-SUBMIT ep=0x81 len=0 type=BULK (in, awaiting data)
[6924] +252.300727 ASYNC-OUT ep=0x01 len=16 type=BULK 
	0000  08 00 00 18 02 10 f0 03  00 f3 00 10 69 11 00 00 |............i...|
[6925] +252.301059 ASYNC-OUT-DONE ep=0x01 len=0 status=0 actual=16
[6926] +252.400781 ASYNC-IN-DONE ep=0x81 len=0 status=2 actual=0
[6927] +252.400902 ASYNC-IN-SUBMIT ep=0x81 len=0 type=BULK (in, awaiting data)
[6928] +252.467022 ASYNC-IN-DONE ep=0x81 len=16 status=0 actual=16
	0000  08 00 00 18 ef 03 01 10  00 0f 00 10 65 02 00 00 |............e...|
[6929] +252.467131 ASYNC-IN-SUBMIT ep=0x81 len=0 type=BULK (in, awaiting data)
[6930] +252.507399 ASYNC-OUT ep=0x01 len=16 type=BULK 
	0000  08 00 00 18 01 10 ef 03  00 05 00 10 93 1e 00 00 |................|
[6931] +252.507676 ASYNC-OUT-DONE ep=0x01 len=0 status=0 actual=16
[6932] +252.579984 ASYNC-IN-DONE ep=0x81 len=0 status=2 actual=0
[6933] +252.580088 ASYNC-IN-SUBMIT ep=0x81 len=0 type=BULK (in, awaiting data)
[6934] +252.689565 ASYNC-IN-DONE ep=0x81 len=0 status=2 actual=0
[6935] +252.689667 ASYNC-IN-SUBMIT ep=0x81 len=0 type=BULK (in, awaiting data)
[6936] +252.798022 ASYNC-IN-DONE ep=0x81 len=0 status=2 actual=0
[6937] +252.798112 ASYNC-IN-SUBMIT ep=0x81 len=0 type=BULK (in, awaiting data)
[6938] +252.868530 ASYNC-IN-DONE ep=0x81 len=16 status=0 actual=16
	0000  08 00 00 18 ed 03 80 10  00 32 00 10 a1 05 00 00 |.........2......|
[6939] +252.868633 ASYNC-IN-SUBMIT ep=0x81 len=0 type=BULK (in, awaiting data)
[6940] +252.974236 ASYNC-IN-DONE ep=0x81 len=0 status=2 actual=0
[6941] +252.974337 ASYNC-IN-SUBMIT ep=0x81 len=0 type=BULK (in, awaiting data)
[6942] +253.069220 ASYNC-IN-DONE ep=0x81 len=16 status=0 actual=16
	0000  08 00 00 18 f0 03 02 10  00 00 00 10 09 02 00 00 |................|
[6943] +253.069346 ASYNC-IN-SUBMIT ep=0x81 len=0 type=BULK (in, awaiting data)
[6944] +253.079526 ASYNC-OUT ep=0x01 len=16 type=BULK 
	0000  08 00 00 18 80 10 ed 03  00 24 00 10 ec 1d 00 00 |.........$......|
[6945] +253.079767 ASYNC-OUT-DONE ep=0x01 len=0 status=0 actual=16
[6946] +253.179937 ASYNC-IN-DONE ep=0x81 len=0 status=2 actual=0
[6947] +253.180039 ASYNC-IN-SUBMIT ep=0x81 len=0 type=BULK (in, awaiting data)
[6948] +253.289895 ASYNC-IN-DONE ep=0x81 len=0 status=2 actual=0
[6949] +253.290014 ASYNC-IN-SUBMIT ep=0x81 len=0 type=BULK (in, awaiting data)
[6950] +253.338222 ASYNC-OUT ep=0x01 len=16 type=BULK 
	0000  08 00 00 18 02 10 f0 03  00 f4 00 10 69 11 00 00 |............i...|
[6951] +253.338562 ASYNC-OUT-DONE ep=0x01 len=0 status=0 actual=16
[6952] +253.390427 ASYNC-IN-DONE ep=0x81 len=0 status=2 actual=0
[6953] +253.390510 ASYNC-IN-SUBMIT ep=0x81 len=0 type=BULK (in, awaiting data)
[6954] +253.470443 ASYNC-IN-DONE ep=0x81 len=16 status=0 actual=16
	0000  08 00 00 18 ef 03 01 10  00 10 00 10 65 02 00 00 |............e...|
[6955] +253.470596 ASYNC-IN-SUBMIT ep=0x81 len=0 type=BULK (in, awaiting data)
[6956] +253.546416 ASYNC-OUT ep=0x01 len=16 type=BULK 
	0000  08 00 00 18 01 10 ef 03  00 06 00 10 93 1e 00 00 |................|
[6957] +253.546652 ASYNC-OUT-DONE ep=0x01 len=0 status=0 actual=16
[6958] +253.583392 ASYNC-IN-DONE ep=0x81 len=0 status=2 actual=0
[6959] +253.583497 ASYNC-IN-SUBMIT ep=0x81 len=0 type=BULK (in, awaiting data)
[6960] +253.695545 ASYNC-IN-DONE ep=0x81 len=0 status=2 actual=0
[6961] +253.695628 ASYNC-IN-SUBMIT ep=0x81 len=0 type=BULK (in, awaiting data)
[6962] +253.808468 ASYNC-IN-DONE ep=0x81 len=0 status=2 actual=0
[6963] +253.808573 ASYNC-IN-SUBMIT ep=0x81 len=0 type=BULK (in, awaiting data)
[6964] +253.871779 ASYNC-IN-DONE ep=0x81 len=16 status=0 actual=16
	0000  08 00 00 18 ed 03 80 10  00 33 00 10 a1 05 00 00 |.........3......|
[6965] +253.871935 ASYNC-IN-SUBMIT ep=0x81 len=0 type=BULK (in, awaiting data)
[6966] +253.978623 ASYNC-IN-DONE ep=0x81 len=0 status=2 actual=0
[6967] +253.978740 ASYNC-IN-SUBMIT ep=0x81 len=0 type=BULK (in, awaiting data)
[6968] +254.072495 ASYNC-IN-DONE ep=0x81 len=16 status=0 actual=16
	0000  08 00 00 18 f0 03 02 10  00 01 00 10 09 02 00 00 |................|
[6969] +254.072776 ASYNC-IN-SUBMIT ep=0x81 len=0 type=BULK (in, awaiting data)
[6970] +254.118934 ASYNC-OUT ep=0x01 len=16 type=BULK 
	0000  08 00 00 18 80 10 ed 03  00 25 00 10 ec 1d 00 00 |.........%......|
[6971] +254.119312 ASYNC-OUT-DONE ep=0x01 len=0 status=0 actual=16
[6972] +254.180530 ASYNC-IN-DONE ep=0x81 len=0 status=2 actual=0
[6973] +254.180639 ASYNC-IN-SUBMIT ep=0x81 len=0 type=BULK (in, awaiting data)
[6974] +254.289178 ASYNC-IN-DONE ep=0x81 len=0 status=2 actual=0
[6975] +254.289276 ASYNC-IN-SUBMIT ep=0x81 len=0 type=BULK (in, awaiting data)
[6976] +254.378826 ASYNC-OUT ep=0x01 len=16 type=BULK 
	0000  08 00 00 18 02 10 f0 03  00 f5 00 10 69 11 00 00 |............i...|
[6977] +254.379171 ASYNC-OUT-DONE ep=0x01 len=0 status=0 actual=16
[6978] +254.400781 ASYNC-IN-DONE ep=0x81 len=0 status=2 actual=0
[6979] +254.400886 ASYNC-IN-SUBMIT ep=0x81 len=0 type=BULK (in, awaiting data)
[6980] +254.473684 ASYNC-IN-DONE ep=0x81 len=16 status=0 actual=16
	0000  08 00 00 18 ef 03 01 10  00 11 00 10 65 02 00 00 |............e...|
[6981] +254.473808 ASYNC-IN-SUBMIT ep=0x81 len=0 type=BULK (in, awaiting data)
[6982] +254.585630 ASYNC-IN-DONE ep=0x81 len=0 status=2 actual=0
[6983] +254.585742 ASYNC-IN-SUBMIT ep=0x81 len=0 type=BULK (in, awaiting data)
[6984] +254.586625 ASYNC-OUT ep=0x01 len=16 type=BULK 
	0000  08 00 00 18 01 10 ef 03  00 07 00 10 93 1e 00 00 |................|
[6985] +254.586840 ASYNC-OUT-DONE ep=0x01 len=0 status=0 actual=16
[6986] +254.698588 ASYNC-IN-DONE ep=0x81 len=0 status=2 actual=0
[6987] +254.698703 ASYNC-IN-SUBMIT ep=0x81 len=0 type=BULK (in, awaiting data)
[6988] +254.799496 ASYNC-IN-DONE ep=0x81 len=0 status=2 actual=0
[6989] +254.799598 ASYNC-IN-SUBMIT ep=0x81 len=0 type=BULK (in, awaiting data)
[6990] +254.875281 ASYNC-IN-DONE ep=0x81 len=16 status=0 actual=16
	0000  08 00 00 18 ed 03 80 10  00 34 00 10 a1 05 00 00 |.........4......|
[6991] +254.875418 ASYNC-IN-SUBMIT ep=0x81 len=0 type=BULK (in, awaiting data)
[6992] +254.985984 ASYNC-IN-DONE ep=0x81 len=0 status=2 actual=0
[6993] +254.986081 ASYNC-IN-SUBMIT ep=0x81 len=0 type=BULK (in, awaiting data)
[6994] +255.075665 ASYNC-IN-DONE ep=0x81 len=16 status=0 actual=16
	0000  08 00 00 18 f0 03 02 10  00 02 00 10 09 02 00 00 |................|
[6995] +255.075819 ASYNC-IN-SUBMIT ep=0x81 len=0 type=BULK (in, awaiting data)
[6996] +255.157261 ASYNC-OUT ep=0x01 len=16 type=BULK 
	0000  08 00 00 18 80 10 ed 03  00 26 00 10 ec 1d 00 00 |.........&......|
[6997] +255.157573 ASYNC-OUT-DONE ep=0x01 len=0 status=0 actual=16
[6998] +255.181486 ASYNC-IN-DONE ep=0x81 len=0 status=2 actual=0
[6999] +255.181571 ASYNC-IN-SUBMIT ep=0x81 len=0 type=BULK (in, awaiting data)
[7000] +255.283686 ASYNC-IN-DONE ep=0x81 len=0 status=2 actual=0
[7001] +255.283785 ASYNC-IN-SUBMIT ep=0x81 len=0 type=BULK (in, awaiting data)
[7002] +255.396574 ASYNC-IN-DONE ep=0x81 len=0 status=2 actual=0
[7003] +255.396694 ASYNC-IN-SUBMIT ep=0x81 len=0 type=BULK (in, awaiting data)
[7004] +255.416509 ASYNC-OUT ep=0x01 len=16 type=BULK 
	0000  08 00 00 18 02 10 f0 03  00 f6 00 10 69 11 00 00 |............i...|
[7005] +255.416834 ASYNC-OUT-DONE ep=0x01 len=0 status=0 actual=16
[7006] +255.477214 ASYNC-IN-DONE ep=0x81 len=16 status=0 actual=16
	0000  08 00 00 18 ef 03 01 10  00 12 00 10 65 02 00 00 |............e...|
[7007] +255.477320 ASYNC-IN-SUBMIT ep=0x81 len=0 type=BULK (in, awaiting data)
[7008] +255.579878 ASYNC-IN-DONE ep=0x81 len=0 status=2 actual=0
[7009] +255.579978 ASYNC-IN-SUBMIT ep=0x81 len=0 type=BULK (in, awaiting data)
[7010] +255.624776 ASYNC-OUT ep=0x01 len=16 type=BULK 
	0000  08 00 00 18 01 10 ef 03  00 08 00 10 93 1e 00 00 |................|
[7011] +255.625295 ASYNC-OUT-DONE ep=0x01 len=0 status=0 actual=16
[7012] +255.692791 ASYNC-IN-DONE ep=0x81 len=0 status=2 actual=0
[7013] +255.692890 ASYNC-IN-SUBMIT ep=0x81 len=0 type=BULK (in, awaiting data)
[7014] +255.805427 ASYNC-IN-DONE ep=0x81 len=0 status=2 actual=0
[7015] +255.805519 ASYNC-IN-SUBMIT ep=0x81 len=0 type=BULK (in, awaiting data)
[7016] +255.878456 ASYNC-IN-DONE ep=0x81 len=16 status=0 actual=16
	0000  08 00 00 18 ed 03 80 10  00 35 00 10 a1 05 00 00 |.........5......|
[7017] +255.878494 ASYNC-IN-SUBMIT ep=0x81 len=0 type=BULK (in, awaiting data)
[7018] +255.989068 ASYNC-IN-DONE ep=0x81 len=0 status=2 actual=0
[7019] +255.989106 ASYNC-IN-SUBMIT ep=0x81 len=0 type=BULK (in, awaiting data)
[7020] +256.079550 ASYNC-IN-DONE ep=0x81 len=16 status=0 actual=16
	0000  08 00 00 18 f0 03 02 10  00 03 00 10 09 02 00 00 |................|
[7021] +256.079587 ASYNC-IN-SUBMIT ep=0x81 len=0 type=BULK (in, awaiting data)
[7022] +256.182444 ASYNC-IN-DONE ep=0x81 len=0 status=2 actual=0
[7023] +256.182472 ASYNC-IN-SUBMIT ep=0x81 len=0 type=BULK (in, awaiting data)
[7024] +256.195859 ASYNC-OUT ep=0x01 len=16 type=BULK 
	0000  08 00 00 18 80 10 ed 03  00 27 00 10 ec 1d 00 00 |.........'......|
[7025] +256.196122 ASYNC-OUT-DONE ep=0x01 len=0 status=0 actual=16
[7026] +256.285605 ASYNC-IN-DONE ep=0x81 len=0 status=2 actual=0
[7027] +256.285632 ASYNC-IN-SUBMIT ep=0x81 len=0 type=BULK (in, awaiting data)
### MARK BLOCK-select-Dist-again
[7028] +256.396764 ASYNC-IN-DONE ep=0x81 len=0 status=2 actual=0
[7029] +256.396782 ASYNC-IN-SUBMIT ep=0x81 len=0 type=BULK (in, awaiting data)
[7030] +256.455807 ASYNC-OUT ep=0x01 len=40 type=BULK 
	0000  1d 00 00 18 80 10 ed 03  00 28 00 04 ec 1d 00 00 |.........(......|
	0010  01 00 06 00 0d 00 00 00  83 66 cd 04 0e 64 4e 65 |.........f...dNe|
	0020  82 62 01 1a 00 00 00 00                          |.b......|
[7031] +256.456045 ASYNC-OUT ep=0x01 len=16 type=BULK 
	0000  08 00 00 18 02 10 f0 03  00 f7 00 10 69 11 00 00 |............i...|
[7032] +256.456145 ASYNC-OUT-DONE ep=0x01 len=0 status=0 actual=40
[7033] +256.456238 ASYNC-OUT-DONE ep=0x01 len=0 status=0 actual=16
[7034] +256.479985 ASYNC-IN-DONE ep=0x81 len=16 status=0 actual=16
	0000  08 00 00 18 ef 03 01 10  00 13 00 10 65 02 00 00 |............e...|
[7035] +256.480019 ASYNC-IN-SUBMIT ep=0x81 len=0 type=BULK (in, awaiting data)
[7036] +256.480210 ASYNC-IN-DONE ep=0x81 len=16 status=0 actual=16
	0000  08 00 00 18 ed 03 80 10  00 36 00 08 b6 05 00 00 |.........6......|
[7037] +256.480236 ASYNC-IN-SUBMIT ep=0x81 len=0 type=BULK (in, awaiting data)
[7038] +256.527961 ASYNC-IN-DONE ep=0x81 len=36 status=0 actual=36
	0000  19 00 00 18 ed 03 80 10  00 37 00 04 b6 05 00 00 |.........7......|
	0010  00 00 06 00 09 00 00 00  83 66 cd 04 0e 67 00 68 |.........f...g.h|
	0020  c0 76 cd 00                                      |.v..|
[7039] +256.528115 ASYNC-IN-SUBMIT ep=0x81 len=0 type=BULK (in, awaiting data)
[7040] +256.528275 ASYNC-IN-DONE ep=0x81 len=44 status=0 actual=44
	0000  21 00 00 18 f0 03 02 10  00 04 00 04 09 02 00 00 |!...............|
	0010  00 00 04 00 11 00 00 00  82 69 27 6a 84 52 01 44 |.........i'j.R.D|
	0020  03 79 13 6a 82 62 01 1a  00 77 ca bd             |.y.j.b...w..|
[7041] +256.528373 ASYNC-IN-SUBMIT ep=0x81 len=0 type=BULK (in, awaiting data)
[7042] +256.559615 ASYNC-OUT ep=0x01 len=16 type=BULK 
	0000  08 00 00 18 80 10 ed 03  00 29 00 08 fd 1d 00 00 |.........)......|
[7043] +256.559996 ASYNC-OUT ep=0x01 len=16 type=BULK 
	0000  08 00 00 18 02 10 f0 03  00 f8 00 08 82 11 00 00 |................|
[7044] +256.560112 ASYNC-OUT-DONE ep=0x01 len=0 status=0 actual=16
[7045] +256.560185 ASYNC-OUT-DONE ep=0x01 len=0 status=0 actual=16
[7046] +256.637419 ASYNC-IN-DONE ep=0x81 len=0 status=2 actual=0
[7047] +256.637454 ASYNC-IN-SUBMIT ep=0x81 len=0 type=BULK (in, awaiting data)
[7048] +256.663304 ASYNC-OUT ep=0x01 len=16 type=BULK 
	0000  08 00 00 18 01 10 ef 03  00 09 00 10 93 1e 00 00 |................|
[7049] +256.663607 ASYNC-OUT-DONE ep=0x01 len=0 status=0 actual=16
[7050] +256.750154 ASYNC-IN-DONE ep=0x81 len=0 status=2 actual=0
[7051] +256.750242 ASYNC-IN-SUBMIT ep=0x81 len=0 type=BULK (in, awaiting data)
[7052] +256.858529 ASYNC-IN-DONE ep=0x81 len=0 status=2 actual=0
[7053] +256.858624 ASYNC-IN-SUBMIT ep=0x81 len=0 type=BULK (in, awaiting data)
[7054] +256.967482 ASYNC-IN-DONE ep=0x81 len=0 status=2 actual=0
[7055] +256.967619 ASYNC-IN-SUBMIT ep=0x81 len=0 type=BULK (in, awaiting data)
[7056] +257.072640 ASYNC-IN-DONE ep=0x81 len=0 status=2 actual=0
[7057] +257.072724 ASYNC-IN-SUBMIT ep=0x81 len=0 type=BULK (in, awaiting data)
[7058] +257.182967 ASYNC-IN-DONE ep=0x81 len=0 status=2 actual=0
[7059] +257.183080 ASYNC-IN-SUBMIT ep=0x81 len=0 type=BULK (in, awaiting data)
[7060] +257.292359 ASYNC-IN-DONE ep=0x81 len=0 status=2 actual=0
[7061] +257.292430 ASYNC-IN-SUBMIT ep=0x81 len=0 type=BULK (in, awaiting data)
[7062] +257.405218 ASYNC-IN-DONE ep=0x81 len=0 status=2 actual=0
[7063] +257.405314 ASYNC-IN-SUBMIT ep=0x81 len=0 type=BULK (in, awaiting data)
[7064] +257.484687 ASYNC-IN-DONE ep=0x81 len=16 status=0 actual=16
	0000  08 00 00 18 ef 03 01 10  00 14 00 10 65 02 00 00 |............e...|
[7065] +257.484819 ASYNC-IN-SUBMIT ep=0x81 len=0 type=BULK (in, awaiting data)
[7066] +257.485033 ASYNC-IN-DONE ep=0x81 len=16 status=0 actual=16
	0000  08 00 00 18 ed 03 80 10  00 38 00 10 b6 05 00 00 |.........8......|
[7067] +257.485117 ASYNC-IN-SUBMIT ep=0x81 len=0 type=BULK (in, awaiting data)
[7068] +257.485296 ASYNC-IN-DONE ep=0x81 len=16 status=0 actual=16
	0000  08 00 00 18 f0 03 02 10  00 05 00 10 09 02 00 00 |................|
[7069] +257.485377 ASYNC-IN-SUBMIT ep=0x81 len=0 type=BULK (in, awaiting data)
[7070] +257.594721 ASYNC-IN-DONE ep=0x81 len=0 status=2 actual=0
[7071] +257.594823 ASYNC-IN-SUBMIT ep=0x81 len=0 type=BULK (in, awaiting data)
[7072] +257.598950 ASYNC-OUT ep=0x01 len=16 type=BULK 
	0000  08 00 00 18 80 10 ed 03  00 2a 00 10 fd 1d 00 00 |.........*......|
[7073] +257.599070 ASYNC-OUT ep=0x01 len=16 type=BULK 
	0000  08 00 00 18 02 10 f0 03  00 f9 00 10 82 11 00 00 |................|
[7074] +257.599178 ASYNC-OUT-DONE ep=0x01 len=0 status=0 actual=16
[7075] +257.599258 ASYNC-OUT-DONE ep=0x01 len=0 status=0 actual=16
[7076] +257.700242 ASYNC-IN-DONE ep=0x81 len=0 status=2 actual=0
[7077] +257.700379 ASYNC-IN-SUBMIT ep=0x81 len=0 type=BULK (in, awaiting data)
[7078] +257.703071 ASYNC-OUT ep=0x01 len=16 type=BULK 
	0000  08 00 00 18 01 10 ef 03  00 0a 00 10 93 1e 00 00 |................|
[7079] +257.703308 ASYNC-OUT-DONE ep=0x01 len=0 status=0 actual=16
[7080] +257.809066 ASYNC-IN-DONE ep=0x81 len=0 status=2 actual=0
[7081] +257.809133 ASYNC-IN-SUBMIT ep=0x81 len=0 type=BULK (in, awaiting data)
[7082] +257.915494 ASYNC-IN-DONE ep=0x81 len=0 status=2 actual=0
[7083] +257.915544 ASYNC-IN-SUBMIT ep=0x81 len=0 type=BULK (in, awaiting data)
[7084] +258.017942 ASYNC-IN-DONE ep=0x81 len=0 status=2 actual=0
[7085] +258.017973 ASYNC-IN-SUBMIT ep=0x81 len=0 type=BULK (in, awaiting data)
[7086] +258.130421 ASYNC-IN-DONE ep=0x81 len=0 status=2 actual=0
[7087] +258.130457 ASYNC-IN-SUBMIT ep=0x81 len=0 type=BULK (in, awaiting data)
[7088] +258.231854 ASYNC-IN-DONE ep=0x81 len=0 status=2 actual=0
[7089] +258.231886 ASYNC-IN-SUBMIT ep=0x81 len=0 type=BULK (in, awaiting data)
### MARK CAT-Distortion-open
[7090] +258.342590 ASYNC-IN-DONE ep=0x81 len=0 status=2 actual=0
[7091] +258.342606 ASYNC-IN-SUBMIT ep=0x81 len=0 type=BULK (in, awaiting data)
[7092] +258.454912 ASYNC-IN-DONE ep=0x81 len=0 status=2 actual=0
[7093] +258.454955 ASYNC-IN-SUBMIT ep=0x81 len=0 type=BULK (in, awaiting data)
[7094] +258.487166 ASYNC-IN-DONE ep=0x81 len=16 status=0 actual=16
	0000  08 00 00 18 ef 03 01 10  00 15 00 10 65 02 00 00 |............e...|
[7095] +258.487206 ASYNC-IN-SUBMIT ep=0x81 len=0 type=BULK (in, awaiting data)
[7096] +258.487333 ASYNC-IN-DONE ep=0x81 len=16 status=0 actual=16
	0000  08 00 00 18 ed 03 80 10  00 39 00 10 b6 05 00 00 |.........9......|
[7097] +258.487356 ASYNC-IN-SUBMIT ep=0x81 len=0 type=BULK (in, awaiting data)
[7098] +258.487522 ASYNC-IN-DONE ep=0x81 len=16 status=0 actual=16
	0000  08 00 00 18 f0 03 02 10  00 06 00 10 09 02 00 00 |................|
[7099] +258.487544 ASYNC-IN-SUBMIT ep=0x81 len=0 type=BULK (in, awaiting data)
[7100] +258.597117 ASYNC-IN-DONE ep=0x81 len=0 status=2 actual=0
[7101] +258.597155 ASYNC-IN-SUBMIT ep=0x81 len=0 type=BULK (in, awaiting data)
[7102] +258.636834 ASYNC-OUT ep=0x01 len=16 type=BULK 
	0000  08 00 00 18 80 10 ed 03  00 2b 00 10 fd 1d 00 00 |.........+......|
[7103] +258.637073 ASYNC-OUT ep=0x01 len=16 type=BULK 
	0000  08 00 00 18 02 10 f0 03  00 fa 00 10 82 11 00 00 |................|
[7104] +258.637196 ASYNC-OUT-DONE ep=0x01 len=0 status=0 actual=16
[7105] +258.637233 ASYNC-OUT-DONE ep=0x01 len=0 status=0 actual=16
[7106] +258.704653 ASYNC-IN-DONE ep=0x81 len=0 status=2 actual=0
[7107] +258.704723 ASYNC-IN-SUBMIT ep=0x81 len=0 type=BULK (in, awaiting data)
[7108] +258.741020 ASYNC-OUT ep=0x01 len=16 type=BULK 
	0000  08 00 00 18 01 10 ef 03  00 0b 00 10 93 1e 00 00 |................|
[7109] +258.741533 ASYNC-OUT-DONE ep=0x01 len=0 status=0 actual=16
[7110] +258.814930 ASYNC-IN-DONE ep=0x81 len=0 status=2 actual=0
[7111] +258.815107 ASYNC-IN-SUBMIT ep=0x81 len=0 type=BULK (in, awaiting data)
[7112] +258.927993 ASYNC-IN-DONE ep=0x81 len=0 status=2 actual=0
[7113] +258.928028 ASYNC-IN-SUBMIT ep=0x81 len=0 type=BULK (in, awaiting data)
[7114] +259.040868 ASYNC-IN-DONE ep=0x81 len=0 status=2 actual=0
[7115] +259.040946 ASYNC-IN-SUBMIT ep=0x81 len=0 type=BULK (in, awaiting data)
[7116] +259.151719 ASYNC-IN-DONE ep=0x81 len=0 status=2 actual=0
[7117] +259.151810 ASYNC-IN-SUBMIT ep=0x81 len=0 type=BULK (in, awaiting data)
[7118] +259.259713 ASYNC-IN-DONE ep=0x81 len=0 status=2 actual=0
[7119] +259.259827 ASYNC-IN-SUBMIT ep=0x81 len=0 type=BULK (in, awaiting data)
[7120] +259.365344 ASYNC-IN-DONE ep=0x81 len=0 status=2 actual=0
[7121] +259.365447 ASYNC-IN-SUBMIT ep=0x81 len=0 type=BULK (in, awaiting data)
[7122] +259.475597 ASYNC-IN-DONE ep=0x81 len=0 status=2 actual=0
[7123] +259.475690 ASYNC-IN-SUBMIT ep=0x81 len=0 type=BULK (in, awaiting data)
[7124] +259.490346 ASYNC-IN-DONE ep=0x81 len=16 status=0 actual=16
	0000  08 00 00 18 ef 03 01 10  00 16 00 10 65 02 00 00 |............e...|
[7125] +259.490486 ASYNC-IN-SUBMIT ep=0x81 len=0 type=BULK (in, awaiting data)
[7126] +259.490667 ASYNC-IN-DONE ep=0x81 len=16 status=0 actual=16
	0000  08 00 00 18 ed 03 80 10  00 3a 00 10 b6 05 00 00 |.........:......|
[7127] +259.490723 ASYNC-IN-SUBMIT ep=0x81 len=0 type=BULK (in, awaiting data)
[7128] +259.490866 ASYNC-IN-DONE ep=0x81 len=16 status=0 actual=16
	0000  08 00 00 18 f0 03 02 10  00 07 00 10 09 02 00 00 |................|
[7129] +259.490940 ASYNC-IN-SUBMIT ep=0x81 len=0 type=BULK (in, awaiting data)
[7130] +259.598769 ASYNC-IN-DONE ep=0x81 len=0 status=2 actual=0
[7131] +259.598870 ASYNC-IN-SUBMIT ep=0x81 len=0 type=BULK (in, awaiting data)
[7132] +259.673642 ASYNC-OUT ep=0x01 len=16 type=BULK 
	0000  08 00 00 18 80 10 ed 03  00 2c 00 10 fd 1d 00 00 |.........,......|
[7133] +259.673839 ASYNC-OUT ep=0x01 len=16 type=BULK 
	0000  08 00 00 18 02 10 f0 03  00 fb 00 10 82 11 00 00 |................|
[7134] +259.673961 ASYNC-OUT-DONE ep=0x01 len=0 status=0 actual=16
[7135] +259.674009 ASYNC-OUT-DONE ep=0x01 len=0 status=0 actual=16
[7136] +259.705489 ASYNC-IN-DONE ep=0x81 len=0 status=2 actual=0
[7137] +259.705587 ASYNC-IN-SUBMIT ep=0x81 len=0 type=BULK (in, awaiting data)
[7138] +259.777506 ASYNC-OUT ep=0x01 len=16 type=BULK 
	0000  08 00 00 18 01 10 ef 03  00 0c 00 10 93 1e 00 00 |................|
[7139] +259.777876 ASYNC-OUT-DONE ep=0x01 len=0 status=0 actual=16
[7140] +259.817449 ASYNC-IN-DONE ep=0x81 len=0 status=2 actual=0
[7141] +259.817508 ASYNC-IN-SUBMIT ep=0x81 len=0 type=BULK (in, awaiting data)
[7142] +259.925591 ASYNC-IN-DONE ep=0x81 len=0 status=2 actual=0
[7143] +259.925618 ASYNC-IN-SUBMIT ep=0x81 len=0 type=BULK (in, awaiting data)
[7144] +260.038307 ASYNC-IN-DONE ep=0x81 len=0 status=2 actual=0
[7145] +260.038331 ASYNC-IN-SUBMIT ep=0x81 len=0 type=BULK (in, awaiting data)
[7146] +260.150995 ASYNC-IN-DONE ep=0x81 len=0 status=2 actual=0
[7147] +260.151019 ASYNC-IN-SUBMIT ep=0x81 len=0 type=BULK (in, awaiting data)
### MARK MODEL-change-pick-first
[7148] +260.263917 ASYNC-IN-DONE ep=0x81 len=0 status=2 actual=0
[7149] +260.263930 ASYNC-IN-SUBMIT ep=0x81 len=0 type=BULK (in, awaiting data)
[7150] +260.367482 ASYNC-IN-DONE ep=0x81 len=0 status=2 actual=0
[7151] +260.367504 ASYNC-IN-SUBMIT ep=0x81 len=0 type=BULK (in, awaiting data)
[7152] +260.400305 ASYNC-OUT ep=0x01 len=48 type=BULK 
	0000  25 00 00 18 80 10 ed 03  00 2d 00 04 fd 1d 00 00 |%........-......|
	0010  01 00 06 00 15 00 00 00  83 66 cd 04 0f 64 28 65 |.........f...d(e|
	0020  82 62 01 64 83 17 c2 19  cd 01 84 1a ff 00 00 00 |.b.d............|
[7153] +260.400722 ASYNC-OUT-DONE ep=0x01 len=0 status=0 actual=48
[7154] +260.479031 ASYNC-IN-DONE ep=0x81 len=0 status=2 actual=0
[7155] +260.479104 ASYNC-IN-SUBMIT ep=0x81 len=0 type=BULK (in, awaiting data)
[7156] +260.493677 ASYNC-IN-DONE ep=0x81 len=16 status=0 actual=16
	0000  08 00 00 18 ef 03 01 10  00 17 00 10 65 02 00 00 |............e...|
[7157] +260.493782 ASYNC-IN-SUBMIT ep=0x81 len=0 type=BULK (in, awaiting data)
[7158] +260.494174 ASYNC-IN-DONE ep=0x81 len=16 status=0 actual=16
	0000  08 00 00 18 ed 03 80 10  00 3b 00 18 d3 05 00 00 |.........;......|
[7159] +260.494225 ASYNC-IN-SUBMIT ep=0x81 len=0 type=BULK (in, awaiting data)
[7160] +260.494378 ASYNC-IN-DONE ep=0x81 len=16 status=0 actual=16
	0000  08 00 00 18 f0 03 02 10  00 08 00 10 09 02 00 00 |................|
[7161] +260.494412 ASYNC-IN-SUBMIT ep=0x81 len=0 type=BULK (in, awaiting data)
[7162] +260.571468 ASYNC-IN-DONE ep=0x81 len=80 status=0 actual=80
	0000  46 00 00 18 ed 03 80 10  00 3c 00 04 d3 05 00 00 |F........<......|
	0010  00 00 06 00 36 00 00 00  83 66 cd 04 0f 67 00 68 |....6....f...g.h|
	0020  82 0d 01 18 82 13 06 14  85 18 83 17 c2 19 cd 01 |................|
	0030  84 1a ff 09 01 0a c3 0b  83 02 03 03 03 04 93 ca |................|
	0040  3f 0c cc cd c2 c2 0c 83  02 00 03 00 04 90 4e 65 |?.............Ne|
[7163] +260.571708 ASYNC-IN-SUBMIT ep=0x81 len=0 type=BULK (in, awaiting data)
[7164] +260.572200 ASYNC-IN-DONE ep=0x81 len=40 status=0 actual=40
	0000  1d 00 00 18 f0 03 02 10  00 09 00 04 09 02 00 00 |................|
	0010  00 00 04 00 0d 00 00 00  82 69 31 6a 84 52 00 44 |.........i1j.R.D|
	0020  05 79 2f 6a c0 13 06 14                          |.y/j....|
[7165] +260.572323 ASYNC-IN-SUBMIT ep=0x81 len=0 type=BULK (in, awaiting data)
[7166] +260.574614 ASYNC-IN-DONE ep=0x81 len=40 status=0 actual=40
	0000  1f 00 00 18 f0 03 02 10  00 0a 00 04 09 02 00 00 |................|
	0010  00 00 04 00 0f 00 00 00  82 69 31 6a 84 52 00 44 |.........i1j.R.D|
	0020  05 79 0a 6a 81 62 01 14                          |.y.j.b..|
[7167] +260.574707 ASYNC-IN-SUBMIT ep=0x81 len=0 type=BULK (in, awaiting data)
[7168] +260.574965 ASYNC-IN-DONE ep=0x81 len=44 status=0 actual=44
	0000  21 00 00 18 f0 03 02 10  00 0b 00 04 09 02 00 00 |!...............|
	0010  00 00 04 00 11 00 00 00  82 69 27 6a 84 52 01 44 |.........i'j.R.D|
	0020  03 79 13 6a 82 62 01 1a  00 18 83 17             |.y.j.b......|
[7169] +260.575054 ASYNC-IN-SUBMIT ep=0x81 len=0 type=BULK (in, awaiting data)
[7170] +260.607870 ASYNC-OUT ep=0x01 len=16 type=BULK 
	0000  08 00 00 18 80 10 ed 03  00 2e 00 08 3b 1e 00 00 |............;...|
[7171] +260.608120 ASYNC-OUT ep=0x01 len=16 type=BULK 
	0000  08 00 00 18 02 10 f0 03  00 fc 00 08 c7 11 00 00 |................|
[7172] +260.608214 ASYNC-OUT-DONE ep=0x01 len=0 status=0 actual=16
[7173] +260.608291 ASYNC-OUT-DONE ep=0x01 len=0 status=0 actual=16
[7174] +260.632966 ASYNC-IN-DONE ep=0x81 len=40 status=0 actual=40
	0000  1d 00 00 18 f0 03 02 10  00 0c 00 04 09 02 00 00 |................|
	0010  00 00 04 00 0d 00 00 00  82 69 16 6a 84 52 00 44 |.........i.j.R.D|
	0020  0a 79 1b 6a c0 62 01 1a                          |.y.j.b..|
[7175] +260.633004 ASYNC-IN-SUBMIT ep=0x81 len=0 type=BULK (in, awaiting data)
[7176] +260.659005 ASYNC-OUT ep=0x01 len=16 type=BULK 
	0000  08 00 00 18 02 10 f0 03  00 fd 00 08 dc 11 00 00 |................|
[7177] +260.659339 ASYNC-OUT-DONE ep=0x01 len=0 status=0 actual=16
[7178] +260.736977 ASYNC-IN-DONE ep=0x81 len=0 status=2 actual=0
[7179] +260.737001 ASYNC-IN-SUBMIT ep=0x81 len=0 type=BULK (in, awaiting data)
[7180] +260.782975 ASYNC-IN-DONE ep=0x81 len=40 status=0 actual=40
	0000  1d 00 00 18 f0 03 02 10  00 0d 00 04 09 02 00 00 |................|
	0010  00 00 04 00 0d 00 00 00  82 69 16 6a 84 52 00 44 |.........i.j.R.D|
	0020  0a 79 1b 6a c0 62 01 1a                          |.y.j.b..|
[7181] +260.783027 ASYNC-IN-SUBMIT ep=0x81 len=0 type=BULK (in, awaiting data)
[7182] +260.815185 ASYNC-OUT ep=0x01 len=16 type=BULK 
	0000  08 00 00 18 02 10 f0 03  00 fe 00 08 f1 11 00 00 |................|
[7183] +260.815360 ASYNC-OUT ep=0x01 len=16 type=BULK 
	0000  08 00 00 18 01 10 ef 03  00 0d 00 10 93 1e 00 00 |................|
[7184] +260.815487 ASYNC-OUT-DONE ep=0x01 len=0 status=0 actual=16
[7185] +260.815514 ASYNC-OUT-DONE ep=0x01 len=0 status=0 actual=16
[7186] +260.858558 ASYNC-IN-DONE ep=0x81 len=40 status=0 actual=40
	0000  1d 00 00 18 f0 03 02 10  00 0e 00 04 09 02 00 00 |................|
	0010  00 00 04 00 0d 00 00 00  82 69 16 6a 84 52 00 44 |.........i.j.R.D|
	0020  0a 79 1b 6a c0 62 01 1a                          |.y.j.b..|
[7187] +260.858696 ASYNC-IN-SUBMIT ep=0x81 len=0 type=BULK (in, awaiting data)
[7188] +260.867271 ASYNC-OUT ep=0x01 len=16 type=BULK 
	0000  08 00 00 18 02 10 f0 03  00 ff 00 08 06 12 00 00 |................|
[7189] +260.867578 ASYNC-OUT-DONE ep=0x01 len=0 status=0 actual=16
[7190] +260.932998 ASYNC-IN-DONE ep=0x81 len=40 status=0 actual=40
	0000  1d 00 00 18 f0 03 02 10  00 0f 00 04 09 02 00 00 |................|
	0010  00 00 04 00 0d 00 00 00  82 69 16 6a 84 52 00 44 |.........i.j.R.D|
	0020  0a 79 1b 6a c0 62 01 1a                          |.y.j.b..|
[7191] +260.933047 ASYNC-IN-SUBMIT ep=0x81 len=0 type=BULK (in, awaiting data)
[7192] +260.970797 ASYNC-OUT ep=0x01 len=16 type=BULK 
	0000  08 00 00 18 02 10 f0 03  00 00 00 08 1b 12 00 00 |................|
[7193] +260.971133 ASYNC-OUT-DONE ep=0x01 len=0 status=0 actual=16
[7194] +261.010540 ASYNC-IN-DONE ep=0x81 len=40 status=0 actual=40
	0000  1d 00 00 18 f0 03 02 10  00 10 00 04 09 02 00 00 |................|
	0010  00 00 04 00 0d 00 00 00  82 69 16 6a 84 52 00 44 |.........i.j.R.D|
	0020  0a 79 1b 6a c0 62 01 1a                          |.y.j.b..|
[7195] +261.010693 ASYNC-IN-SUBMIT ep=0x81 len=0 type=BULK (in, awaiting data)
[7196] +261.022497 ASYNC-OUT ep=0x01 len=16 type=BULK 
	0000  08 00 00 18 02 10 f0 03  00 01 00 08 30 12 00 00 |............0...|
[7197] +261.022725 ASYNC-OUT-DONE ep=0x01 len=0 status=0 actual=16
[7198] +261.083276 ASYNC-IN-DONE ep=0x81 len=40 status=0 actual=40
	0000  1d 00 00 18 f0 03 02 10  00 11 00 04 09 02 00 00 |................|
	0010  00 00 04 00 0d 00 00 00  82 69 16 6a 84 52 00 44 |.........i.j.R.D|
	0020  0a 79 1b 6a c0 62 01 1a                          |.y.j.b..|
[7199] +261.083408 ASYNC-IN-SUBMIT ep=0x81 len=0 type=BULK (in, awaiting data)
[7200] +261.125432 ASYNC-OUT ep=0x01 len=16 type=BULK 
	0000  08 00 00 18 02 10 f0 03  00 02 00 08 45 12 00 00 |............E...|
[7201] +261.125651 ASYNC-OUT-DONE ep=0x01 len=0 status=0 actual=16
[7202] +261.158434 ASYNC-IN-DONE ep=0x81 len=40 status=0 actual=40
	0000  1d 00 00 18 f0 03 02 10  00 12 00 04 09 02 00 00 |................|
	0010  00 00 04 00 0d 00 00 00  82 69 16 6a 84 52 00 44 |.........i.j.R.D|
	0020  0a 79 1b 6a c0 62 01 1a                          |.y.j.b..|
[7203] +261.158557 ASYNC-IN-SUBMIT ep=0x81 len=0 type=BULK (in, awaiting data)
[7204] +261.177405 ASYNC-OUT ep=0x01 len=16 type=BULK 
	0000  08 00 00 18 02 10 f0 03  00 03 00 08 5a 12 00 00 |............Z...|
[7205] +261.177722 ASYNC-OUT-DONE ep=0x01 len=0 status=0 actual=16
[7206] +261.233330 ASYNC-IN-DONE ep=0x81 len=40 status=0 actual=40
	0000  1d 00 00 18 f0 03 02 10  00 13 00 04 09 02 00 00 |................|
	0010  00 00 04 00 0d 00 00 00  82 69 16 6a 84 52 00 44 |.........i.j.R.D|
	0020  0a 79 1b 6a c0 62 01 1a                          |.y.j.b..|
[7207] +261.233476 ASYNC-IN-SUBMIT ep=0x81 len=0 type=BULK (in, awaiting data)
[7208] +261.281571 ASYNC-OUT ep=0x01 len=16 type=BULK 
	0000  08 00 00 18 02 10 f0 03  00 04 00 08 6f 12 00 00 |............o...|
[7209] +261.281924 ASYNC-OUT-DONE ep=0x01 len=0 status=0 actual=16
[7210] +261.308107 ASYNC-IN-DONE ep=0x81 len=40 status=0 actual=40
	0000  1d 00 00 18 f0 03 02 10  00 14 00 04 09 02 00 00 |................|
	0010  00 00 04 00 0d 00 00 00  82 69 16 6a 84 52 00 44 |.........i.j.R.D|
	0020  0a 79 1b 6a c0 62 01 1a                          |.y.j.b..|
[7211] +261.308248 ASYNC-IN-SUBMIT ep=0x81 len=0 type=BULK (in, awaiting data)
[7212] +261.332371 ASYNC-OUT ep=0x01 len=16 type=BULK 
	0000  08 00 00 18 02 10 f0 03  00 05 00 08 84 12 00 00 |................|
[7213] +261.332637 ASYNC-OUT-DONE ep=0x01 len=0 status=0 actual=16
[7214] +261.417484 ASYNC-IN-DONE ep=0x81 len=0 status=2 actual=0
[7215] +261.417579 ASYNC-IN-SUBMIT ep=0x81 len=0 type=BULK (in, awaiting data)
[7216] +261.458082 ASYNC-IN-DONE ep=0x81 len=40 status=0 actual=40
	0000  1d 00 00 18 f0 03 02 10  00 15 00 04 09 02 00 00 |................|
	0010  00 00 04 00 0d 00 00 00  82 69 16 6a 84 52 00 44 |.........i.j.R.D|
	0020  0a 79 1b 6a c0 62 01 1a                          |.y.j.b..|
[7217] +261.458246 ASYNC-IN-SUBMIT ep=0x81 len=0 type=BULK (in, awaiting data)
[7218] +261.488533 ASYNC-OUT ep=0x01 len=16 type=BULK 
	0000  08 00 00 18 02 10 f0 03  00 06 00 08 99 12 00 00 |................|
[7219] +261.488773 ASYNC-OUT-DONE ep=0x01 len=0 status=0 actual=16
[7220] +261.496917 ASYNC-IN-DONE ep=0x81 len=16 status=0 actual=16
	0000  08 00 00 18 ef 03 01 10  00 18 00 10 65 02 00 00 |............e...|
[7221] +261.497023 ASYNC-IN-SUBMIT ep=0x81 len=0 type=BULK (in, awaiting data)
[7222] +261.497174 ASYNC-IN-DONE ep=0x81 len=16 status=0 actual=16
	0000  08 00 00 18 ed 03 80 10  00 3d 00 10 d3 05 00 00 |.........=......|
[7223] +261.497228 ASYNC-IN-SUBMIT ep=0x81 len=0 type=BULK (in, awaiting data)
[7224] +261.533629 ASYNC-IN-DONE ep=0x81 len=40 status=0 actual=40
	0000  1d 00 00 18 f0 03 02 10  00 16 00 04 09 02 00 00 |................|
	0010  00 00 04 00 0d 00 00 00  82 69 16 6a 84 52 00 44 |.........i.j.R.D|
	0020  0a 79 1b 6a c0 62 01 1a                          |.y.j.b..|
[7225] +261.533759 ASYNC-IN-SUBMIT ep=0x81 len=0 type=BULK (in, awaiting data)
[7226] +261.540575 ASYNC-OUT ep=0x01 len=16 type=BULK 
	0000  08 00 00 18 02 10 f0 03  00 07 00 08 ae 12 00 00 |................|
[7227] +261.540804 ASYNC-OUT-DONE ep=0x01 len=0 status=0 actual=16
[7228] +261.644722 ASYNC-OUT ep=0x01 len=16 type=BULK 
	0000  08 00 00 18 80 10 ed 03  00 2f 00 10 3b 1e 00 00 |........./..;...|
[7229] +261.645057 ASYNC-OUT-DONE ep=0x01 len=0 status=0 actual=16
[7230] +261.646488 ASYNC-IN-DONE ep=0x81 len=0 status=2 actual=0
[7231] +261.646528 ASYNC-IN-SUBMIT ep=0x81 len=0 type=BULK (in, awaiting data)
[7232] +261.752961 ASYNC-IN-DONE ep=0x81 len=0 status=2 actual=0
[7233] +261.753051 ASYNC-IN-SUBMIT ep=0x81 len=0 type=BULK (in, awaiting data)
[7234] +261.851720 ASYNC-OUT ep=0x01 len=16 type=BULK 
	0000  08 00 00 18 01 10 ef 03  00 0e 00 10 93 1e 00 00 |................|
[7235] +261.852069 ASYNC-OUT-DONE ep=0x01 len=0 status=0 actual=16
[7236] +261.857210 ASYNC-IN-DONE ep=0x81 len=0 status=2 actual=0
[7237] +261.857269 ASYNC-IN-SUBMIT ep=0x81 len=0 type=BULK (in, awaiting data)
[7238] +261.970071 ASYNC-IN-DONE ep=0x81 len=0 status=2 actual=0
[7239] +261.970098 ASYNC-IN-SUBMIT ep=0x81 len=0 type=BULK (in, awaiting data)
[7240] +262.080466 ASYNC-IN-DONE ep=0x81 len=0 status=2 actual=0
[7241] +262.080497 ASYNC-IN-SUBMIT ep=0x81 len=0 type=BULK (in, awaiting data)
[7242] +262.187067 ASYNC-IN-DONE ep=0x81 len=0 status=2 actual=0
[7243] +262.187091 ASYNC-IN-SUBMIT ep=0x81 len=0 type=BULK (in, awaiting data)
### MARK MODEL-change-pick-second
[7244] +262.297302 ASYNC-IN-DONE ep=0x81 len=0 status=2 actual=0
[7245] +262.297319 ASYNC-IN-SUBMIT ep=0x81 len=0 type=BULK (in, awaiting data)
[7246] +262.370948 ASYNC-OUT ep=0x01 len=48 type=BULK 
	0000  25 00 00 18 80 10 ed 03  00 30 00 04 3b 1e 00 00 |%........0..;...|
	0010  01 00 06 00 15 00 00 00  83 66 cd 04 10 64 28 65 |.........f...d(e|
	0020  82 62 01 64 83 17 c2 19  cd 01 fe 1a ff 00 00 00 |.b.d............|
[7247] +262.371304 ASYNC-OUT-DONE ep=0x01 len=0 status=0 actual=48
[7248] +262.399400 ASYNC-IN-DONE ep=0x81 len=0 status=2 actual=0
[7249] +262.399520 ASYNC-IN-SUBMIT ep=0x81 len=0 type=BULK (in, awaiting data)
[7250] +262.417336 ASYNC-IN-DONE ep=0x81 len=92 status=0 actual=92
	0000  53 00 00 18 ed 03 80 10  00 3e 00 04 f0 05 00 00 |S........>......|
	0010  00 00 06 00 43 00 00 00  83 66 cd 04 10 67 00 68 |....C....f...g.h|
	0020  82 0d 01 18 82 13 06 14  85 18 83 17 c2 19 cd 01 |................|
	0030  fe 1a ff 09 01 0a c3 0b  83 02 04 03 04 04 94 ca |................|
	0040  3f 45 1e b8 ca 3f 05 a1  cb ca 3f 26 66 66 ca 00 |?E...?....?&ff..|
	0050  00 00 00 0c 83 02 00 03  00 04 90 7c             |...........||
[7251] +262.417490 ASYNC-IN-SUBMIT ep=0x81 len=0 type=BULK (in, awaiting data)
[7252] +262.419581 ASYNC-IN-DONE ep=0x81 len=40 status=0 actual=40
	0000  1d 00 00 18 f0 03 02 10  00 17 00 04 09 02 00 00 |................|
	0010  00 00 04 00 0d 00 00 00  82 69 31 6a 84 52 00 44 |.........i1j.R.D|
	0020  05 79 2f 6a c0 13 06 14                          |.y/j....|
[7253] +262.419656 ASYNC-IN-SUBMIT ep=0x81 len=0 type=BULK (in, awaiting data)
[7254] +262.420626 ASYNC-IN-DONE ep=0x81 len=40 status=0 actual=40
	0000  1f 00 00 18 f0 03 02 10  00 18 00 04 09 02 00 00 |................|
	0010  00 00 04 00 0f 00 00 00  82 69 31 6a 84 52 00 44 |.........i1j.R.D|
	0020  05 79 0a 6a 81 62 01 14                          |.y.j.b..|
[7255] +262.420683 ASYNC-IN-SUBMIT ep=0x81 len=0 type=BULK (in, awaiting data)
[7256] +262.420942 ASYNC-IN-DONE ep=0x81 len=44 status=0 actual=44
	0000  21 00 00 18 f0 03 02 10  00 19 00 04 09 02 00 00 |!...............|
	0010  00 00 04 00 11 00 00 00  82 69 27 6a 84 52 01 44 |.........i'j.R.D|
	0020  03 79 13 6a 82 62 01 1a  00 18 83 17             |.y.j.b......|
[7257] +262.421003 ASYNC-IN-SUBMIT ep=0x81 len=0 type=BULK (in, awaiting data)
[7258] +262.421957 ASYNC-OUT ep=0x01 len=16 type=BULK 
	0000  08 00 00 18 80 10 ed 03  00 31 00 08 86 1e 00 00 |.........1......|
[7259] +262.422040 ASYNC-OUT ep=0x01 len=16 type=BULK 
	0000  08 00 00 18 02 10 f0 03  00 08 00 08 f3 12 00 00 |................|
[7260] +262.422119 ASYNC-OUT-DONE ep=0x01 len=0 status=0 actual=16
[7261] +262.422186 ASYNC-OUT-DONE ep=0x01 len=0 status=0 actual=16
[7262] +262.433939 ASYNC-IN-DONE ep=0x81 len=40 status=0 actual=40
	0000  1d 00 00 18 f0 03 02 10  00 1a 00 04 09 02 00 00 |................|
	0010  00 00 04 00 0d 00 00 00  82 69 16 6a 84 52 00 44 |.........i.j.R.D|
	0020  0a 79 1b 6a c0 62 01 1a                          |.y.j.b..|
[7263] +262.434054 ASYNC-IN-SUBMIT ep=0x81 len=0 type=BULK (in, awaiting data)
[7264] +262.474016 ASYNC-OUT ep=0x01 len=16 type=BULK 
	0000  08 00 00 18 02 10 f0 03  00 09 00 08 08 13 00 00 |................|
[7265] +262.474202 ASYNC-OUT-DONE ep=0x01 len=0 status=0 actual=16
[7266] +262.499803 ASYNC-IN-DONE ep=0x81 len=16 status=0 actual=16
	0000  08 00 00 18 ef 03 01 10  00 19 00 10 65 02 00 00 |............e...|
[7267] +262.499841 ASYNC-IN-SUBMIT ep=0x81 len=0 type=BULK (in, awaiting data)
[7268] +262.500002 ASYNC-IN-DONE ep=0x81 len=16 status=0 actual=16
	0000  08 00 00 18 ed 03 80 10  00 3f 00 08 f0 05 00 00 |.........?......|
[7269] +262.500015 ASYNC-IN-SUBMIT ep=0x81 len=0 type=BULK (in, awaiting data)
[7270] +262.609178 ASYNC-IN-DONE ep=0x81 len=0 status=2 actual=0
[7271] +262.609254 ASYNC-IN-SUBMIT ep=0x81 len=0 type=BULK (in, awaiting data)
[7272] +262.711239 ASYNC-IN-DONE ep=0x81 len=0 status=2 actual=0
[7273] +262.711306 ASYNC-IN-SUBMIT ep=0x81 len=0 type=BULK (in, awaiting data)
[7274] +262.821751 ASYNC-IN-DONE ep=0x81 len=0 status=2 actual=0
[7275] +262.821824 ASYNC-IN-SUBMIT ep=0x81 len=0 type=BULK (in, awaiting data)
[7276] +262.889000 ASYNC-OUT ep=0x01 len=16 type=BULK 
	0000  08 00 00 18 01 10 ef 03  00 0f 00 10 93 1e 00 00 |................|
[7277] +262.889284 ASYNC-OUT-DONE ep=0x01 len=0 status=0 actual=16
[7278] +262.934148 ASYNC-IN-DONE ep=0x81 len=0 status=2 actual=0
[7279] +262.934193 ASYNC-IN-SUBMIT ep=0x81 len=0 type=BULK (in, awaiting data)
[7280] +263.037285 ASYNC-IN-DONE ep=0x81 len=0 status=2 actual=0
[7281] +263.037381 ASYNC-IN-SUBMIT ep=0x81 len=0 type=BULK (in, awaiting data)
[7282] +263.148662 ASYNC-IN-DONE ep=0x81 len=0 status=2 actual=0
[7283] +263.148730 ASYNC-IN-SUBMIT ep=0x81 len=0 type=BULK (in, awaiting data)
[7284] +263.254306 ASYNC-IN-DONE ep=0x81 len=0 status=2 actual=0
[7285] +263.254405 ASYNC-IN-SUBMIT ep=0x81 len=0 type=BULK (in, awaiting data)
[7286] +263.303066 ASYNC-IN-DONE ep=0x81 len=16 status=0 actual=16
	0000  08 00 00 18 f0 03 02 10  00 1b 00 10 09 02 00 00 |................|
[7287] +263.303212 ASYNC-IN-SUBMIT ep=0x81 len=0 type=BULK (in, awaiting data)
[7288] +263.333107 ASYNC-IN-DONE ep=0x81 len=40 status=0 actual=40
	0000  1d 00 00 18 f0 03 02 10  00 1c 00 04 09 02 00 00 |................|
	0010  00 00 04 00 0d 00 00 00  82 69 16 6a 84 52 00 44 |.........i.j.R.D|
	0020  0a 79 1b 6a c0 62 01 1a                          |.y.j.b..|
[7289] +263.333325 ASYNC-IN-SUBMIT ep=0x81 len=0 type=BULK (in, awaiting data)
[7290] +263.356369 ASYNC-OUT ep=0x01 len=16 type=BULK 
	0000  08 00 00 18 02 10 f0 03  00 0a 00 08 1d 13 00 00 |................|
[7291] +263.356656 ASYNC-OUT-DONE ep=0x01 len=0 status=0 actual=16
[7292] +263.440911 ASYNC-IN-DONE ep=0x81 len=0 status=2 actual=0
[7293] +263.441003 ASYNC-IN-SUBMIT ep=0x81 len=0 type=BULK (in, awaiting data)
[7294] +263.459511 ASYNC-OUT ep=0x01 len=16 type=BULK 
	0000  08 00 00 18 80 10 ed 03  00 32 00 10 86 1e 00 00 |.........2......|
[7295] +263.459798 ASYNC-OUT-DONE ep=0x01 len=0 status=0 actual=16
[7296] +263.504113 ASYNC-IN-DONE ep=0x81 len=16 status=0 actual=16
	0000  08 00 00 18 ef 03 01 10  00 1a 00 10 65 02 00 00 |............e...|
[7297] +263.504238 ASYNC-IN-SUBMIT ep=0x81 len=0 type=BULK (in, awaiting data)
[7298] +263.504406 ASYNC-IN-DONE ep=0x81 len=16 status=0 actual=16
	0000  08 00 00 18 ed 03 80 10  00 40 00 10 f0 05 00 00 |.........@......|
[7299] +263.504477 ASYNC-IN-SUBMIT ep=0x81 len=0 type=BULK (in, awaiting data)
[7300] +263.610775 ASYNC-IN-DONE ep=0x81 len=0 status=2 actual=0
[7301] +263.610872 ASYNC-IN-SUBMIT ep=0x81 len=0 type=BULK (in, awaiting data)
[7302] +263.718612 ASYNC-IN-DONE ep=0x81 len=0 status=2 actual=0
[7303] +263.718672 ASYNC-IN-SUBMIT ep=0x81 len=0 type=BULK (in, awaiting data)
[7304] +263.825269 ASYNC-IN-DONE ep=0x81 len=0 status=2 actual=0
[7305] +263.825299 ASYNC-IN-SUBMIT ep=0x81 len=0 type=BULK (in, awaiting data)
[7306] +263.927622 ASYNC-OUT ep=0x01 len=16 type=BULK 
	0000  08 00 00 18 01 10 ef 03  00 10 00 10 93 1e 00 00 |................|
[7307] +263.927994 ASYNC-OUT-DONE ep=0x01 len=0 status=0 actual=16
[7308] +263.938011 ASYNC-IN-DONE ep=0x81 len=0 status=2 actual=0
[7309] +263.938035 ASYNC-IN-SUBMIT ep=0x81 len=0 type=BULK (in, awaiting data)
[7310] +264.040348 ASYNC-IN-DONE ep=0x81 len=0 status=2 actual=0
[7311] +264.040391 ASYNC-IN-SUBMIT ep=0x81 len=0 type=BULK (in, awaiting data)
[7312] +264.144986 ASYNC-IN-DONE ep=0x81 len=0 status=2 actual=0
[7313] +264.145011 ASYNC-IN-SUBMIT ep=0x81 len=0 type=BULK (in, awaiting data)
### MARK UNDO
[7314] +264.249223 ASYNC-IN-DONE ep=0x81 len=0 status=2 actual=0
[7315] +264.249240 ASYNC-IN-SUBMIT ep=0x81 len=0 type=BULK (in, awaiting data)
[7316] +264.306358 ASYNC-IN-DONE ep=0x81 len=16 status=0 actual=16
	0000  08 00 00 18 f0 03 02 10  00 1d 00 10 09 02 00 00 |................|
[7317] +264.306394 ASYNC-IN-SUBMIT ep=0x81 len=0 type=BULK (in, awaiting data)
[7318] +264.342369 ASYNC-OUT ep=0x01 len=512 type=BULK 
	0000  f8 01 00 18 80 10 ed 03  00 33 00 04 86 1e 00 00 |.........3......|
	0010  01 00 06 00 60 0a 00 00  83 66 cd 04 11 64 15 65 |....`....f...d.e|
	0020  81 6e da 0a 53 a9 6c 36  2d 68 65 6c 69 78 00 da |.n..S.l6-helix..|
	0030  00 30 3d 00 00 00 60 00  00 00 f2 02 00 00 f4 02 |.0=...`.........|
	0040  00 00 ff 02 00 00 0b 03  00 00 fb 03 00 00 5c 04 |..............\.|
	0050  00 00 3e 00 00 00 62 04  00 00 53 0a 00 00 53 0a |..>...b...S...S.|
	0060  00 00 89 07 83 24 a4 50  33 33 00 23 ce 03 80 00 |.....$.P33.#....|
	0070  00 25 b2 76 33 2e 37 31  2d 33 32 2d 67 31 30 33 |.%.v3.71-32-g103|
	0080  39 36 36 31 00 00 82 15  00 16 dc 00 14 82 13 00 |9661............|
	0090  14 82 05 01 07 83 02 03  03 03 04 93 c2 ca c2 40 |...............@|
	00a0  00 00 ca 3f 00 00 00 82  13 06 14 85 18 83 17 c2 |...?............|
	00b0  19 cd 01 84 1a ff 09 01  0a c3 0b 83 02 03 03 03 |................|
	00c0  04 93 ca 3f 0c cc cc c2  c2 0c 83 02 00 03 00 04 |...?............|
	00d0  90 82 13 06 14 85 18 83  17 c2 19 cd 01 43 1a ff |.............C..|
	00e0  09 01 0a c3 0b 83 02 06  03 06 04 96 ca c1 23 33 |..............#3|
	00f0  33 ca c0 d3 33 33 ca 00  00 00 00 ca 00 00 00 00 |3...33..........|
	0100  ca 00 00 00 00 ca 40 6c  cc d0 0c 83 02 00 03 00 |......@l........|
	0110  04 90 82 13 06 14 85 18  83 17 c3 19 12 1a 3e 09 |..............>.|
	0120  12 0a c3 0b 83 02 0c 03  0c 04 9c ca 3f 6b 85 20 |............?k. |
	0130  ca 3e a3 d7 08 ca 3f 23  d7 0a ca 3f 38 51 ec ca |.>....?#...?8Q..|
	0140  3f 1e b8 52 ca 3f 63 d7  0a ca 3e 38 51 f0 ca 3e |?..R.?c...>8Q..>|
	0150  4c cc d0 ca 3e 8a 3d 70  ca 3f 00 00 00 ca 3f 19 |L...>.=p.?....?.|
	0160  99 9a ca 3f 19 99 9a 0c  83 02 06 03 05 04 96 ca |...?............|
	0170  41 00 00 00 ca 41 9f 33  33 ca 46 1f 60 00 ca 3e |A....A.33.F.`..>|
	0180  75 c2 90 ca 00 00 00 00  05 82 13 06 14 85 18 83 |u...............|
	0190  17 c2 19 cd 01 43 1a ff  09 01 0a c3 0b 83 02 06 |.....C..........|
	01a0  03 06 04 96 ca 3f ff ff  f8 ca 40 39 99 95 ca c0 |.....?....@9....|
	01b0  86 66 68 ca 40 40 00 00  ca 3e cc cc c0 ca 00 00 |.fh.@@...>......|
	01c0  00 00 0c 83 02 00 03 00  04 90 82 13 06 14 85 18 |................|
	01d0  83 17 c2 19 cc 81 1a ff  09 01 0a c3 0b 83 02 0b |................|
	01e0  03 0b 04 9b ca c0 b9 99  9a ca c0 06 66 62 ca 40 |............fb.@|
	01f0  60 00 00 ca c0 e0 00 00  ca c0 a3 33 31 ca bf 66 |`..........31..f|
[7319] +264.343147 ASYNC-OUT ep=0x01 len=32 type=BULK 
	0000  18 00 00 18 80 10 ed 03  00 34 00 04 86 1e 00 00 |.........4......|
	0010  66 60 ca c0 00 00 00 ca  3f b3 33 34 ca c1 26 66 |f`......?.34..&f|
[7320] +264.343286 ASYNC-OUT-DONE ep=0x01 len=0 status=0 actual=512
[7321] +264.346250 ASYNC-OUT-DONE ep=0x01 len=0 status=0 actual=32
[7322] +264.346939 ASYNC-IN-DONE ep=0x81 len=16 status=0 actual=16
	0000  08 00 00 18 ed 03 80 10  00 41 00 08 f0 07 00 00 |.........A......|
[7323] +264.346974 ASYNC-IN-SUBMIT ep=0x81 len=0 type=BULK (in, awaiting data)
[7324] +264.347007 ASYNC-OUT ep=0x01 len=512 type=BULK 
	0000  f8 01 00 18 80 10 ed 03  00 35 00 04 86 1e 00 00 |.........5......|
	0010  66 ca c1 70 00 00 ca 00  00 00 00 0c 83 02 00 03 |f..p............|
	0020  00 04 90 82 13 06 14 85  18 83 17 c2 19 78 1a ff |.............x..|
	0030  09 01 0a c3 0b 83 02 06  03 06 04 96 ca 3d 4c cc |.............=L.|
	0040  cd ca 3e ae 14 7b c2 ca  3d b8 51 f0 ca 3f 47 ae |..>..{..=.Q..?G.|
	0050  14 ca bd cc cc 00 0c 83  02 00 03 00 04 90 82 13 |................|
	0060  08 14 c0 82 13 08 14 c0  82 13 01 14 82 06 01 07 |................|
	0070  83 02 02 03 02 04 92 ca  3f 00 00 00 ca 00 00 00 |........?.......|
	0080  00 82 13 02 14 83 0e 82  05 00 07 83 02 00 03 00 |................|
	0090  04 90 0f 84 08 cd 01 01  0d 01 0a c3 07 83 02 03 |................|
	00a0  03 03 04 93 ca 3f 00 00  00 ca 3f 00 00 00 c2 12 |.....?....?.....|
	00b0  c2 82 13 08 14 c0 82 13  08 14 c0 82 13 08 14 c0 |................|
	00c0  82 13 08 14 c0 82 13 08  14 c0 82 13 08 14 c0 82 |................|
	00d0  13 08 14 c0 82 13 08 14  c0 82 13 03 14 83 10 82 |................|
	00e0  06 00 07 83 02 00 03 00  04 90 11 84 08 cc 97 0d |................|
	00f0  09 0a c3 07 83 02 06 03  06 04 96 ca 00 00 00 00 |................|
	0100  ca 3f 00 00 00 ca 00 00  00 00 ca 3f 00 00 00 c2 |.?.........?....|
	0110  ca 00 00 00 00 12 c2 01  c0 03 82 07 01 08 95 c0 |................|
	0120  c0 c0 c0 c0 04 9a c0 c0  c0 c0 c0 c0 c0 c0 c0 c0 |................|
	0130  02 82 00 9d d1 00 00 d1  00 00 d1 00 00 d1 00 00 |................|
	0140  d1 00 00 d1 00 00 d1 00  00 d1 00 00 d1 00 00 d1 |................|
	0150  00 00 d1 00 00 d1 00 00  d1 00 00 01 9d 97 cc 00 |................|
	0160  cc 00 cc 00 cc 00 cc 00  cc 00 cc 00 97 cc 00 cc |................|
	0170  00 cc 00 cc 00 cc 00 cc  00 cc 00 97 cc 00 cc 00 |................|
	0180  cc 00 cc 00 cc 00 cc 00  cc 00 97 cc 00 cc 00 cc |................|
	0190  00 cc 00 cc 00 cc 00 cc  00 97 cc 00 cc 00 cc 00 |................|
	01a0  cc 00 cc 00 cc 00 cc 00  97 cc 00 cc 00 cc 00 cc |................|
	01b0  00 cc 00 cc 00 cc 00 97  cc 00 cc 00 cc 00 cc 00 |................|
	01c0  cc 00 cc 00 cc 00 97 cc  00 cc 00 cc 00 cc 00 cc |................|
	01d0  00 cc 00 cc 00 97 cc 00  cc 00 cc 00 cc 00 cc 00 |................|
	01e0  cc 00 cc 00 97 cc 00 cc  00 cc 00 cc 00 cc 00 cc |................|
	01f0  00 cc 00 97 cc 00 cc 00  cc 00 cc 00 cc 00 cc 00 |................|
[7325] +264.347642 ASYNC-OUT ep=0x01 len=32 type=BULK 
	0000  18 00 00 18 80 10 ed 03  00 36 00 04 86 1e 00 00 |.........6......|
	0010  cc 00 97 cc 00 cc 00 cc  00 cc 00 cc 00 cc 00 cc |................|
[7326] +264.347724 ASYNC-OUT-DONE ep=0x01 len=0 status=0 actual=512
[7327] +264.350755 ASYNC-OUT-DONE ep=0x01 len=0 status=0 actual=32
[7328] +264.351467 ASYNC-IN-DONE ep=0x81 len=16 status=0 actual=16
	0000  08 00 00 18 ed 03 80 10  00 42 00 08 f0 09 00 00 |.........B......|
[7329] +264.351499 ASYNC-IN-SUBMIT ep=0x81 len=0 type=BULK (in, awaiting data)
[7330] +264.351545 ASYNC-OUT ep=0x01 len=512 type=BULK 
	0000  f8 01 00 18 80 10 ed 03  00 37 00 04 86 1e 00 00 |.........7......|
	0010  00 97 cc 00 cc 00 cc 00  cc 00 cc 00 cc 00 cc 00 |................|
	0020  05 de 00 19 10 ca 42 f0  00 00 2d 00 2e ca bd cc |......B...-.....|
	0030  cc d0 2f ca bd cc cc d0  30 00 31 c3 32 00 33 00 |../.....0.1.2.3.|
	0040  34 00 35 00 36 00 37 00  38 c3 1e 00 6f ca 3f 80 |4.5.6.7.8...o.?.|
	0050  00 00 70 ca 3f 80 00 00  71 ca 3f 80 00 00 72 ca |..p.?...q.?...r.|
	0060  3f 80 00 00 73 ca 3f 80  00 00 74 ca 3f 80 00 00 |?...s.?...t.?...|
	0070  cd 01 7c 02 cd 01 7d 02  cc fc 00 cc fd 00 cc 86 |..|...}.........|
	0080  00 06 82 62 01 1a 00 0a  86 06 00 07 00 08 00 09 |...b............|
	0090  14 0a 93 88 00 c3 01 9d  93 0d c2 97 00 00 00 00 |................|
	00a0  00 00 00 93 0d c2 97 00  00 00 00 00 00 00 93 0d |................|
	00b0  c2 97 00 00 00 00 00 00  00 93 0d c2 97 00 00 00 |................|
	00c0  00 00 00 00 93 0d c2 97  00 00 00 00 00 00 00 93 |................|
	00d0  0d c2 97 00 00 00 00 00  00 00 93 0d c2 97 00 00 |................|
	00e0  00 00 00 00 00 93 0d c2  97 00 00 00 00 00 00 00 |................|
	00f0  93 0d c2 97 00 00 00 00  00 00 00 93 0d c2 97 00 |................|
	0100  00 00 00 00 00 00 93 0d  c2 97 00 00 00 00 00 00 |................|
	0110  00 93 0d c2 97 00 00 00  00 00 00 00 93 0d c2 97 |................|
	0120  00 00 00 00 00 00 00 02  dc 00 40 93 c2 40 c0 93 |..........@..@..|
	0130  c2 40 c0 93 c2 40 c0 93  c2 40 c0 93 c2 40 c0 93 |.@...@...@...@..|
	0140  c2 40 c0 93 c2 40 c0 93  c2 40 c0 93 c2 40 c0 93 |.@...@...@...@..|
	0150  c2 40 c0 93 c2 40 c0 93  c2 40 c0 93 c2 40 c0 93 |.@...@...@...@..|
	0160  c2 40 c0 93 c2 40 c0 93  c2 40 c0 93 c2 40 c0 93 |.@...@...@...@..|
	0170  c2 40 c0 93 c2 40 c0 93  c2 40 c0 93 c2 40 c0 93 |.@...@...@...@..|
	0180  c2 40 c0 93 c2 40 c0 93  c2 40 c0 93 c2 40 c0 93 |.@...@...@...@..|
	0190  c2 40 c0 93 c2 40 c0 93  c2 40 c0 93 c2 40 c0 93 |.@...@...@...@..|
	01a0  c2 40 c0 93 c2 40 c0 93  c2 40 c0 93 c2 40 c0 93 |.@...@...@...@..|
	01b0  c2 40 c0 93 c2 40 c0 93  c2 40 c0 93 c2 40 c0 93 |.@...@...@...@..|
	01c0  c2 40 c0 93 c2 40 c0 93  c2 40 c0 93 c2 40 c0 93 |.@...@...@...@..|
	01d0  c2 40 c0 93 c2 40 c0 93  c2 40 c0 93 c2 40 c0 93 |.@...@...@...@..|
	01e0  c2 40 c0 93 c2 40 c0 93  c2 40 c0 93 c2 40 c0 93 |.@...@...@...@..|
	01f0  c2 40 c0 93 c2 40 c0 93  c2 40 c0 93 c2 40 c0 93 |.@...@...@...@..|
[7331] +264.352198 ASYNC-OUT ep=0x01 len=32 type=BULK 
	0000  18 00 00 18 80 10 ed 03  00 38 00 04 86 1e 00 00 |.........8......|
	0010  c2 40 c0 93 c2 40 c0 93  c2 40 c0 93 c2 40 c0 93 |.@...@...@...@..|
[7332] +264.352328 ASYNC-OUT-DONE ep=0x01 len=0 status=0 actual=512
[7333] +264.355424 ASYNC-OUT-DONE ep=0x01 len=0 status=0 actual=32
[7334] +264.356311 ASYNC-IN-DONE ep=0x81 len=36 status=0 actual=36
	0000  19 00 00 18 ed 03 80 10  00 43 00 04 f8 09 00 00 |.........C......|
	0010  00 00 06 00 09 00 00 00  83 66 cd 04 11 67 01 68 |.........f...g.h|
	0020  c0 79 1b 6a                                      |.y.j|
[7335] +264.356347 ASYNC-IN-SUBMIT ep=0x81 len=0 type=BULK (in, awaiting data)
[7336] +264.356380 ASYNC-OUT ep=0x01 len=24 type=BULK 
	0000  10 00 00 18 80 10 ed 03  00 39 00 04 86 1e 00 00 |.........9......|
	0010  c2 40 c0 93 c2 40 c0 93                          |.@...@..|
[7337] +264.356564 ASYNC-OUT-DONE ep=0x01 len=0 status=0 actual=24
[7338] +264.356586 ASYNC-IN-DONE ep=0x81 len=16 status=0 actual=16
	0000  08 00 00 18 ed 03 80 10  00 44 00 08 f0 0b 00 00 |.........D......|
[7339] +264.356606 ASYNC-IN-SUBMIT ep=0x81 len=0 type=BULK (in, awaiting data)
[7340] +264.356631 ASYNC-OUT ep=0x01 len=512 type=BULK 
	0000  f8 01 00 18 80 10 ed 03  00 3a 00 04 97 1e 00 00 |.........:......|
	0010  c2 40 c0 93 c2 40 c0 93  c2 40 c0 93 c2 40 c0 93 |.@...@...@...@..|
	0020  c2 40 c0 03 dc 00 14 92  c0 c2 92 c0 c3 92 c0 c3 |.@..............|
	0030  92 c0 c3 92 c0 c3 92 c0  c3 92 c0 c3 92 c0 c3 92 |................|
	0040  c0 c3 92 c0 c2 92 c0 c3  92 c0 c3 92 c0 c3 92 c0 |................|
	0050  c3 92 c0 c3 92 c0 c3 92  c0 c3 92 c0 c3 92 c0 c3 |................|
	0060  92 c0 c2 04 ab 53 4e 41  50 53 48 4f 54 20 31 00 |.....SNAPSHOT 1.|
	0070  05 ca 42 f0 00 00 0c 00  0e c2 88 00 c3 01 9d 93 |..B.............|
	0080  0d c2 97 00 00 00 00 00  00 00 93 0d c2 97 00 00 |................|
	0090  00 00 00 00 00 93 0d c2  97 00 00 00 00 00 00 00 |................|
	00a0  93 0d c2 97 00 00 00 00  00 00 00 93 0d c2 97 00 |................|
	00b0  00 00 00 00 00 00 93 0d  c2 97 00 00 00 00 00 00 |................|
	00c0  00 93 0d c2 97 00 00 00  00 00 00 00 93 0d c2 97 |................|
	00d0  00 00 00 00 00 00 00 93  0d c2 97 00 00 00 00 00 |................|
	00e0  00 00 93 0d c2 97 00 00  00 00 00 00 00 93 0d c2 |................|
	00f0  97 00 00 00 00 00 00 00  93 0d c2 97 00 00 00 00 |................|
	0100  00 00 00 93 0d c2 97 00  00 00 00 00 00 00 02 dc |................|
	0110  00 40 93 c2 40 c0 93 c2  40 c0 93 c2 40 c0 93 c2 |.@..@...@...@...|
	0120  40 c0 93 c2 40 c0 93 c2  40 c0 93 c2 40 c0 93 c2 |@...@...@...@...|
	0130  40 c0 93 c2 40 c0 93 c2  40 c0 93 c2 40 c0 93 c2 |@...@...@...@...|
	0140  40 c0 93 c2 40 c0 93 c2  40 c0 93 c2 40 c0 93 c2 |@...@...@...@...|
	0150  40 c0 93 c2 40 c0 93 c2  40 c0 93 c2 40 c0 93 c2 |@...@...@...@...|
	0160  40 c0 93 c2 40 c0 93 c2  40 c0 93 c2 40 c0 93 c2 |@...@...@...@...|
	0170  40 c0 93 c2 40 c0 93 c2  40 c0 93 c2 40 c0 93 c2 |@...@...@...@...|
	0180  40 c0 93 c2 40 c0 93 c2  40 c0 93 c2 40 c0 93 c2 |@...@...@...@...|
	0190  40 c0 93 c2 40 c0 93 c2  40 c0 93 c2 40 c0 93 c2 |@...@...@...@...|
	01a0  40 c0 93 c2 40 c0 93 c2  40 c0 93 c2 40 c0 93 c2 |@...@...@...@...|
	01b0  40 c0 93 c2 40 c0 93 c2  40 c0 93 c2 40 c0 93 c2 |@...@...@...@...|
	01c0  40 c0 93 c2 40 c0 93 c2  40 c0 93 c2 40 c0 93 c2 |@...@...@...@...|
	01d0  40 c0 93 c2 40 c0 93 c2  40 c0 93 c2 40 c0 93 c2 |@...@...@...@...|
	01e0  40 c0 93 c2 40 c0 93 c2  40 c0 93 c2 40 c0 93 c2 |@...@...@...@...|
	01f0  40 c0 93 c2 40 c0 93 c2  40 c0 93 c2 40 c0 93 c2 |@...@...@...@...|
[7341] +264.357137 ASYNC-IN-DONE ep=0x81 len=16 status=0 actual=16
	0000  08 00 00 18 ed 03 80 10  00 45 00 08 f8 0b 00 00 |.........E......|
[7342] +264.357150 ASYNC-IN-SUBMIT ep=0x81 len=0 type=BULK (in, awaiting data)
[7343] +264.357161 ASYNC-OUT ep=0x01 len=24 type=BULK 
	0000  10 00 00 18 80 10 ed 03  00 3b 00 04 97 1e 00 00 |.........;......|
	0010  40 c0 93 c2 40 c0 93 c2                          |@...@...|
[7344] +264.357214 ASYNC-OUT ep=0x01 len=24 type=BULK 
	0000  10 00 00 18 80 10 ed 03  00 3c 00 04 97 1e 00 00 |.........<......|
	0010  40 c0 93 c2 40 c0 93 c2                          |@...@...|
[7345] +264.357258 ASYNC-OUT-DONE ep=0x01 len=0 status=0 actual=512
[7346] +264.360483 ASYNC-OUT-DONE ep=0x01 len=0 status=0 actual=24
[7347] +264.360846 ASYNC-OUT-DONE ep=0x01 len=0 status=0 actual=24
[7348] +264.394423 ASYNC-OUT ep=0x01 len=16 type=BULK 
	0000  08 00 00 18 80 10 ed 03  00 3d 00 08 97 1e 00 00 |.........=......|
[7349] +264.394563 ASYNC-OUT ep=0x01 len=16 type=BULK 
	0000  08 00 00 18 02 10 f0 03  00 0b 00 10 1d 13 00 00 |................|
[7350] +264.394628 ASYNC-OUT-DONE ep=0x01 len=0 status=0 actual=16
[7351] +264.394695 ASYNC-OUT-DONE ep=0x01 len=0 status=0 actual=16
[7352] +264.459403 ASYNC-IN-DONE ep=0x81 len=0 status=2 actual=0
[7353] +264.459430 ASYNC-IN-SUBMIT ep=0x81 len=0 type=BULK (in, awaiting data)
[7354] +264.507822 ASYNC-IN-DONE ep=0x81 len=16 status=0 actual=16
	0000  08 00 00 18 ef 03 01 10  00 1b 00 10 65 02 00 00 |............e...|
[7355] +264.507925 ASYNC-IN-SUBMIT ep=0x81 len=0 type=BULK (in, awaiting data)
[7356] +264.508076 ASYNC-IN-DONE ep=0x81 len=16 status=0 actual=16
	0000  08 00 00 18 ed 03 80 10  00 46 00 08 f8 0d 00 00 |.........F......|
[7357] +264.508124 ASYNC-IN-SUBMIT ep=0x81 len=0 type=BULK (in, awaiting data)
[7358] +264.508146 ASYNC-OUT ep=0x01 len=512 type=BULK 
	0000  f8 01 00 18 80 10 ed 03  00 3e 00 04 97 1e 00 00 |.........>......|
	0010  40 c0 03 dc 00 14 92 c0  c2 92 c0 c3 92 c0 c3 92 |@...............|
	0020  c0 c3 92 c0 c3 92 c0 c3  92 c0 c3 92 c0 c3 92 c0 |................|
	0030  c3 92 c0 c2 92 c0 c3 92  c0 c3 92 c0 c3 92 c0 c3 |................|
	0040  92 c0 c3 92 c0 c3 92 c0  c3 92 c0 c3 92 c0 c3 92 |................|
	0050  c0 c2 04 ab 53 4e 41 50  53 48 4f 54 20 32 00 05 |....SNAPSHOT 2..|
	0060  ca 42 f0 00 00 0c 00 0e  c2 88 00 c3 01 9d 93 0d |.B..............|
	0070  c2 97 00 00 00 00 00 00  00 93 0d c2 97 00 00 00 |................|
	0080  00 00 00 00 93 0d c2 97  00 00 00 00 00 00 00 93 |................|
	0090  0d c2 97 00 00 00 00 00  00 00 93 0d c2 97 00 00 |................|
	00a0  00 00 00 00 00 93 0d c2  97 00 00 00 00 00 00 00 |................|
	00b0  93 0d c2 97 00 00 00 00  00 00 00 93 0d c2 97 00 |................|
	00c0  00 00 00 00 00 00 93 0d  c2 97 00 00 00 00 00 00 |................|
	00d0  00 93 0d c2 97 00 00 00  00 00 00 00 93 0d c2 97 |................|
	00e0  00 00 00 00 00 00 00 93  0d c2 97 00 00 00 00 00 |................|
	00f0  00 00 93 0d c2 97 00 00  00 00 00 00 00 02 dc 00 |................|
	0100  40 93 c2 40 c0 93 c2 40  c0 93 c2 40 c0 93 c2 40 |@..@...@...@...@|
	0110  c0 93 c2 40 c0 93 c2 40  c0 93 c2 40 c0 93 c2 40 |...@...@...@...@|
	0120  c0 93 c2 40 c0 93 c2 40  c0 93 c2 40 c0 93 c2 40 |...@...@...@...@|
	0130  c0 93 c2 40 c0 93 c2 40  c0 93 c2 40 c0 93 c2 40 |...@...@...@...@|
	0140  c0 93 c2 40 c0 93 c2 40  c0 93 c2 40 c0 93 c2 40 |...@...@...@...@|
	0150  c0 93 c2 40 c0 93 c2 40  c0 93 c2 40 c0 93 c2 40 |...@...@...@...@|
	0160  c0 93 c2 40 c0 93 c2 40  c0 93 c2 40 c0 93 c2 40 |...@...@...@...@|
	0170  c0 93 c2 40 c0 93 c2 40  c0 93 c2 40 c0 93 c2 40 |...@...@...@...@|
	0180  c0 93 c2 40 c0 93 c2 40  c0 93 c2 40 c0 93 c2 40 |...@...@...@...@|
	0190  c0 93 c2 40 c0 93 c2 40  c0 93 c2 40 c0 93 c2 40 |...@...@...@...@|
	01a0  c0 93 c2 40 c0 93 c2 40  c0 93 c2 40 c0 93 c2 40 |...@...@...@...@|
	01b0  c0 93 c2 40 c0 93 c2 40  c0 93 c2 40 c0 93 c2 40 |...@...@...@...@|
	01c0  c0 93 c2 40 c0 93 c2 40  c0 93 c2 40 c0 93 c2 40 |...@...@...@...@|
	01d0  c0 93 c2 40 c0 93 c2 40  c0 93 c2 40 c0 93 c2 40 |...@...@...@...@|
	01e0  c0 93 c2 40 c0 93 c2 40  c0 93 c2 40 c0 93 c2 40 |...@...@...@...@|
	01f0  c0 93 c2 40 c0 93 c2 40  c0 93 c2 40 c0 93 c2 40 |...@...@...@...@|
[7359] +264.508469 ASYNC-OUT ep=0x01 len=32 type=BULK 
	0000  18 00 00 18 80 10 ed 03  00 3f 00 04 97 1e 00 00 |.........?......|
	0010  c0 03 dc 00 14 92 c0 c2  92 c0 c3 92 c0 c3 92 c0 |................|
[7360] +264.508548 ASYNC-OUT-DONE ep=0x01 len=0 status=0 actual=512
[7361] +264.511744 ASYNC-OUT-DONE ep=0x01 len=0 status=0 actual=32
[7362] +264.512380 ASYNC-IN-DONE ep=0x81 len=16 status=0 actual=16
	0000  08 00 00 18 ed 03 80 10  00 47 00 08 f8 0f 00 00 |.........G......|
[7363] +264.512442 ASYNC-IN-SUBMIT ep=0x81 len=0 type=BULK (in, awaiting data)
[7364] +264.512469 ASYNC-OUT ep=0x01 len=112 type=BULK 
	0000  68 00 00 18 80 10 ed 03  00 40 00 04 97 1e 00 00 |h........@......|
	0010  c3 92 c0 c3 92 c0 c3 92  c0 c3 92 c0 c3 92 c0 c3 |................|
	0020  92 c0 c2 92 c0 c3 92 c0  c3 92 c0 c3 92 c0 c3 92 |................|
	0030  c0 c3 92 c0 c3 92 c0 c3  92 c0 c3 92 c0 c3 92 c0 |................|
	0040  c2 04 ab 53 4e 41 50 53  48 4f 54 20 33 00 05 ca |...SNAPSHOT 3...|
	0050  42 f0 00 00 0c 00 0e c2  0d dc 00 14 c3 c3 c3 c3 |B...............|
	0060  c3 c3 c3 c3 c3 c3 c3 c3  c3 c3 c3 c3 c3 c3 c3 c3 |................|
[7365] +264.512647 ASYNC-OUT-DONE ep=0x01 len=0 status=0 actual=112
[7366] +264.622170 ASYNC-IN-DONE ep=0x81 len=0 status=2 actual=0
[7367] +264.622276 ASYNC-IN-SUBMIT ep=0x81 len=0 type=BULK (in, awaiting data)
[7368] +264.708509 ASYNC-IN-DONE ep=0x81 len=16 status=0 actual=16
	0000  08 00 00 18 ed 03 80 10  00 48 00 08 58 10 00 00 |.........H..X...|
[7369] +264.708652 ASYNC-IN-SUBMIT ep=0x81 len=0 type=BULK (in, awaiting data)
[7370] +264.730668 ASYNC-IN-DONE ep=0x81 len=44 status=0 actual=44
	0000  21 00 00 18 f0 03 02 10  00 1e 00 04 09 02 00 00 |!...............|
	0010  00 00 04 00 11 00 00 00  82 69 27 6a 84 52 01 44 |.........i'j.R.D|
	0020  03 79 13 6a 82 62 01 1a  00 18 83 17             |.y.j.b......|
[7371] +264.730749 ASYNC-IN-SUBMIT ep=0x81 len=0 type=BULK (in, awaiting data)
[7372] +264.730907 ASYNC-IN-DONE ep=0x81 len=40 status=0 actual=40
	0000  1d 00 00 18 f0 03 02 10  00 1f 00 04 09 02 00 00 |................|
	0010  00 00 04 00 0d 00 00 00  82 69 16 6a 84 52 00 44 |.........i.j.R.D|
	0020  0a 79 1b 6a c0 62 01 1a                          |.y.j.b..|
[7373] +264.730972 ASYNC-IN-SUBMIT ep=0x81 len=0 type=BULK (in, awaiting data)
[7374] +264.757900 ASYNC-OUT ep=0x01 len=16 type=BULK 
	0000  08 00 00 18 02 10 f0 03  00 0c 00 08 4b 13 00 00 |............K...|
[7375] +264.758174 ASYNC-OUT-DONE ep=0x01 len=0 status=0 actual=16
[7376] +264.793731 ASYNC-IN-DONE ep=0x81 len=40 status=0 actual=40
	0000  1d 00 00 18 f0 03 02 10  00 20 00 04 09 02 00 00 |......... ......|
	0010  00 00 04 00 0d 00 00 00  82 69 14 6a 83 66 cd 04 |.........i.j.f..|
	0020  11 67 00 68 c0 62 01 1a                          |.g.h.b..|
[7377] +264.793871 ASYNC-IN-SUBMIT ep=0x81 len=0 type=BULK (in, awaiting data)
[7378] +264.802897 ASYNC-IN-DONE ep=0x81 len=32 status=0 actual=32
	0000  15 00 00 18 f0 03 02 10  00 21 00 04 09 02 00 00 |.........!......|
	0010  00 00 04 00 05 00 00 00  82 69 15 6a c0 66 cd 04 |.........i.j.f..|
[7379] +264.802986 ASYNC-IN-SUBMIT ep=0x81 len=0 type=BULK (in, awaiting data)
[7380] +264.809128 ASYNC-OUT ep=0x01 len=16 type=BULK 
	0000  08 00 00 18 02 10 f0 03  00 0d 00 08 6d 13 00 00 |............m...|
[7381] +264.809317 ASYNC-OUT-DONE ep=0x01 len=0 status=0 actual=16
[7382] +264.915804 ASYNC-IN-DONE ep=0x81 len=0 status=2 actual=0
[7383] +264.915847 ASYNC-IN-SUBMIT ep=0x81 len=0 type=BULK (in, awaiting data)
[7384] +264.963180 ASYNC-OUT ep=0x01 len=16 type=BULK 
	0000  08 00 00 18 01 10 ef 03  00 11 00 10 93 1e 00 00 |................|
[7385] +264.963471 ASYNC-OUT-DONE ep=0x01 len=0 status=0 actual=16
[7386] +265.028652 ASYNC-IN-DONE ep=0x81 len=0 status=2 actual=0
[7387] +265.028731 ASYNC-IN-SUBMIT ep=0x81 len=0 type=BULK (in, awaiting data)
[7388] +265.132742 ASYNC-IN-DONE ep=0x81 len=0 status=2 actual=0
[7389] +265.132839 ASYNC-IN-SUBMIT ep=0x81 len=0 type=BULK (in, awaiting data)
[7390] +265.233267 ASYNC-IN-DONE ep=0x81 len=0 status=2 actual=0
[7391] +265.233340 ASYNC-IN-SUBMIT ep=0x81 len=0 type=BULK (in, awaiting data)
[7392] +265.331553 ASYNC-IN-DONE ep=0x81 len=40 status=0 actual=40
	0000  1d 00 00 18 f0 03 02 10  00 22 00 04 09 02 00 00 |........."......|
	0010  00 00 04 00 0d 00 00 00  82 69 16 6a 84 52 00 44 |.........i.j.R.D|
	0020  0a 79 1b 6a c0 62 01 1a                          |.y.j.b..|
[7393] +265.331711 ASYNC-IN-SUBMIT ep=0x81 len=0 type=BULK (in, awaiting data)
[7394] +265.331881 ASYNC-IN-DONE ep=0x81 len=40 status=0 actual=40
	0000  1d 00 00 18 f0 03 02 10  00 23 00 04 09 02 00 00 |.........#......|
	0010  00 00 04 00 0d 00 00 00  82 69 16 6a 84 52 00 44 |.........i.j.R.D|
	0020  0a 79 1b 6a c0 62 01 1a                          |.y.j.b..|
[7395] +265.331984 ASYNC-IN-SUBMIT ep=0x81 len=0 type=BULK (in, awaiting data)
[7396] +265.378764 ASYNC-OUT ep=0x01 len=16 type=BULK 
	0000  08 00 00 18 02 10 f0 03  00 0e 00 08 97 13 00 00 |................|
[7397] +265.379018 ASYNC-OUT-DONE ep=0x01 len=0 status=0 actual=16
[7398] +265.443562 ASYNC-IN-DONE ep=0x81 len=0 status=2 actual=0
[7399] +265.443659 ASYNC-IN-SUBMIT ep=0x81 len=0 type=BULK (in, awaiting data)
[7400] +265.509404 ASYNC-IN-DONE ep=0x81 len=16 status=0 actual=16
	0000  08 00 00 18 ef 03 01 10  00 1c 00 10 65 02 00 00 |............e...|
[7401] +265.509529 ASYNC-IN-SUBMIT ep=0x81 len=0 type=BULK (in, awaiting data)
[7402] +265.517766 ASYNC-IN-DONE ep=0x81 len=40 status=0 actual=40
	0000  1d 00 00 18 f0 03 02 10  00 24 00 04 09 02 00 00 |.........$......|
	0010  00 00 04 00 0d 00 00 00  82 69 16 6a 84 52 00 44 |.........i.j.R.D|
	0020  0a 79 1b 6a c0 62 01 1a                          |.y.j.b..|
[7403] +265.517874 ASYNC-IN-SUBMIT ep=0x81 len=0 type=BULK (in, awaiting data)
[7404] +265.523640 ASYNC-IN-DONE ep=0x81 len=40 status=0 actual=40
	0000  1d 00 00 18 f0 03 02 10  00 25 00 04 09 02 00 00 |.........%......|
	0010  00 00 04 00 0d 00 00 00  82 69 16 6a 84 52 00 44 |.........i.j.R.D|
	0020  0a 79 1b 6a c0 62 01 1a                          |.y.j.b..|
[7405] +265.523708 ASYNC-IN-SUBMIT ep=0x81 len=0 type=BULK (in, awaiting data)
[7406] +265.534442 ASYNC-OUT ep=0x01 len=16 type=BULK 
	0000  08 00 00 18 80 10 ed 03  00 41 00 10 97 1e 00 00 |.........A......|
[7407] +265.534632 ASYNC-OUT ep=0x01 len=16 type=BULK 
	0000  08 00 00 18 02 10 f0 03  00 0f 00 08 c1 13 00 00 |................|
[7408] +265.534774 ASYNC-OUT-DONE ep=0x01 len=0 status=0 actual=16
[7409] +265.534799 ASYNC-OUT-DONE ep=0x01 len=0 status=0 actual=16
[7410] +265.632248 ASYNC-IN-DONE ep=0x81 len=0 status=2 actual=0
[7411] +265.632329 ASYNC-IN-SUBMIT ep=0x81 len=0 type=BULK (in, awaiting data)
[7412] +265.709809 ASYNC-IN-DONE ep=0x81 len=16 status=0 actual=16
	0000  08 00 00 18 ed 03 80 10  00 49 00 10 58 10 00 00 |.........I..X...|
[7413] +265.709897 ASYNC-IN-SUBMIT ep=0x81 len=0 type=BULK (in, awaiting data)
[7414] +265.718700 ASYNC-IN-DONE ep=0x81 len=40 status=0 actual=40
	0000  1d 00 00 18 f0 03 02 10  00 26 00 04 09 02 00 00 |.........&......|
	0010  00 00 04 00 0d 00 00 00  82 69 16 6a 84 52 00 44 |.........i.j.R.D|
	0020  0a 79 1b 6a c0 62 01 1a                          |.y.j.b..|
[7415] +265.718810 ASYNC-IN-SUBMIT ep=0x81 len=0 type=BULK (in, awaiting data)
[7416] +265.724590 ASYNC-IN-DONE ep=0x81 len=40 status=0 actual=40
	0000  1d 00 00 18 f0 03 02 10  00 27 00 04 09 02 00 00 |.........'......|
	0010  00 00 04 00 0d 00 00 00  82 69 16 6a 84 52 00 44 |.........i.j.R.D|
	0020  0a 79 1b 6a c0 62 01 1a                          |.y.j.b..|
[7417] +265.724678 ASYNC-IN-SUBMIT ep=0x81 len=0 type=BULK (in, awaiting data)
[7418] +265.724874 ASYNC-IN-DONE ep=0x81 len=40 status=0 actual=40
	0000  1d 00 00 18 f0 03 02 10  00 28 00 04 09 02 00 00 |.........(......|
	0010  00 00 04 00 0d 00 00 00  82 69 16 6a 84 52 00 44 |.........i.j.R.D|
	0020  0a 79 1b 6a c0 62 01 1a                          |.y.j.b..|
[7419] +265.724924 ASYNC-IN-SUBMIT ep=0x81 len=0 type=BULK (in, awaiting data)
[7420] +265.731066 ASYNC-IN-DONE ep=0x81 len=40 status=0 actual=40
	0000  1d 00 00 18 f0 03 02 10  00 29 00 04 09 02 00 00 |.........)......|
	0010  00 00 04 00 0d 00 00 00  82 69 16 6a 84 52 00 44 |.........i.j.R.D|
	0020  0a 79 1b 6a c0 62 01 1a                          |.y.j.b..|
[7421] +265.731168 ASYNC-IN-SUBMIT ep=0x81 len=0 type=BULK (in, awaiting data)
[7422] +265.741672 ASYNC-OUT ep=0x01 len=16 type=BULK 
	0000  08 00 00 18 02 10 f0 03  00 10 00 08 15 14 00 00 |................|
[7423] +265.741997 ASYNC-OUT-DONE ep=0x01 len=0 status=0 actual=16
[7424] +265.843862 ASYNC-IN-DONE ep=0x81 len=0 status=2 actual=0
[7425] +265.843887 ASYNC-IN-SUBMIT ep=0x81 len=0 type=BULK (in, awaiting data)
[7426] +265.924323 ASYNC-IN-DONE ep=0x81 len=40 status=0 actual=40
	0000  1d 00 00 18 f0 03 02 10  00 2a 00 04 09 02 00 00 |.........*......|
	0010  00 00 04 00 0d 00 00 00  82 69 16 6a 84 52 00 44 |.........i.j.R.D|
	0020  0a 79 1b 6a c0 62 01 1a                          |.y.j.b..|
[7427] +265.924365 ASYNC-IN-SUBMIT ep=0x81 len=0 type=BULK (in, awaiting data)
[7428] +265.924583 ASYNC-IN-DONE ep=0x81 len=40 status=0 actual=40
	0000  1d 00 00 18 f0 03 02 10  00 2b 00 04 09 02 00 00 |.........+......|
	0010  00 00 04 00 0d 00 00 00  82 69 16 6a 84 52 00 44 |.........i.j.R.D|
	0020  0a 79 1b 6a c0 62 01 1a                          |.y.j.b..|
[7429] +265.924618 ASYNC-IN-SUBMIT ep=0x81 len=0 type=BULK (in, awaiting data)
[7430] +265.949081 ASYNC-OUT ep=0x01 len=16 type=BULK 
	0000  08 00 00 18 02 10 f0 03  00 11 00 08 3f 14 00 00 |............?...|
[7431] +265.949361 ASYNC-OUT-DONE ep=0x01 len=0 status=0 actual=16
[7432] +266.001126 ASYNC-OUT ep=0x01 len=16 type=BULK 
	0000  08 00 00 18 01 10 ef 03  00 12 00 10 93 1e 00 00 |................|
[7433] +266.001415 ASYNC-OUT-DONE ep=0x01 len=0 status=0 actual=16
[7434] +266.027785 ASYNC-IN-DONE ep=0x81 len=0 status=2 actual=0
[7435] +266.027812 ASYNC-IN-SUBMIT ep=0x81 len=0 type=BULK (in, awaiting data)
[7436] +266.130500 ASYNC-IN-DONE ep=0x81 len=0 status=2 actual=0
[7437] +266.130529 ASYNC-IN-SUBMIT ep=0x81 len=0 type=BULK (in, awaiting data)
### MARK REDO
[7438] +266.236939 ASYNC-IN-DONE ep=0x81 len=0 status=2 actual=0
[7439] +266.236959 ASYNC-IN-SUBMIT ep=0x81 len=0 type=BULK (in, awaiting data)
[7440] +266.318431 ASYNC-IN-DONE ep=0x81 len=40 status=0 actual=40
	0000  1d 00 00 18 f0 03 02 10  00 2c 00 04 09 02 00 00 |.........,......|
	0010  00 00 04 00 0d 00 00 00  82 69 16 6a 84 52 00 44 |.........i.j.R.D|
	0020  0a 79 1b 6a c0 62 01 1a                          |.y.j.b..|
[7441] +266.318487 ASYNC-IN-SUBMIT ep=0x81 len=0 type=BULK (in, awaiting data)
[7442] +266.325247 ASYNC-IN-DONE ep=0x81 len=40 status=0 actual=40
	0000  1d 00 00 18 f0 03 02 10  00 2d 00 04 09 02 00 00 |.........-......|
	0010  00 00 04 00 0d 00 00 00  82 69 16 6a 84 52 00 44 |.........i.j.R.D|
	0020  0a 79 1b 6a c0 62 01 1a                          |.y.j.b..|
[7443] +266.325291 ASYNC-IN-SUBMIT ep=0x81 len=0 type=BULK (in, awaiting data)
[7444] +266.325556 ASYNC-IN-DONE ep=0x81 len=40 status=0 actual=40
	0000  1d 00 00 18 f0 03 02 10  00 2e 00 04 09 02 00 00 |................|
	0010  00 00 04 00 0d 00 00 00  82 69 16 6a 84 52 00 44 |.........i.j.R.D|
	0020  0a 79 1b 6a c0 62 01 1a                          |.y.j.b..|
[7445] +266.325587 ASYNC-IN-SUBMIT ep=0x81 len=0 type=BULK (in, awaiting data)
[7446] +266.363143 ASYNC-OUT ep=0x01 len=48 type=BULK 
	0000  25 00 00 18 80 10 ed 03  00 42 00 04 97 1e 00 00 |%........B......|
	0010  01 00 06 00 15 00 00 00  83 66 cd 04 12 64 28 65 |.........f...d(e|
	0020  82 62 01 64 83 17 c2 19  cd 01 fe 1a ff 00 00 00 |.b.d............|
[7447] +266.363383 ASYNC-OUT ep=0x01 len=16 type=BULK 
	0000  08 00 00 18 02 10 f0 03  00 12 00 08 7e 14 00 00 |............~...|
[7448] +266.363510 ASYNC-OUT-DONE ep=0x01 len=0 status=0 actual=48
[7449] +266.363534 ASYNC-OUT-DONE ep=0x01 len=0 status=0 actual=16
[7450] +266.416456 ASYNC-IN-DONE ep=0x81 len=92 status=0 actual=92
	0000  53 00 00 18 ed 03 80 10  00 4a 00 04 75 10 00 00 |S........J..u...|
	0010  00 00 06 00 43 00 00 00  83 66 cd 04 12 67 00 68 |....C....f...g.h|
	0020  82 0d 01 18 82 13 06 14  85 18 83 17 c2 19 cd 01 |................|
	0030  fe 1a ff 09 01 0a c3 0b  83 02 04 03 04 04 94 ca |................|
	0040  3f 45 1e b8 ca 3f 05 a1  cb ca 3f 26 66 66 ca 00 |?E...?....?&ff..|
	0050  00 00 00 0c 83 02 00 03  00 04 90 7c             |...........||
[7451] +266.416630 ASYNC-IN-SUBMIT ep=0x81 len=0 type=BULK (in, awaiting data)
[7452] +266.417108 ASYNC-IN-DONE ep=0x81 len=40 status=0 actual=40
	0000  1d 00 00 18 f0 03 02 10  00 2f 00 04 09 02 00 00 |........./......|
	0010  00 00 04 00 0d 00 00 00  82 69 31 6a 84 52 00 44 |.........i1j.R.D|
	0020  05 79 2f 6a c0 13 06 14                          |.y/j....|
[7453] +266.417207 ASYNC-IN-SUBMIT ep=0x81 len=0 type=BULK (in, awaiting data)
[7454] +266.422221 ASYNC-IN-DONE ep=0x81 len=40 status=0 actual=40
	0000  1f 00 00 18 f0 03 02 10  00 30 00 04 09 02 00 00 |.........0......|
	0010  00 00 04 00 0f 00 00 00  82 69 31 6a 84 52 00 44 |.........i1j.R.D|
	0020  05 79 0a 6a 81 62 01 14                          |.y.j.b..|
[7455] +266.422327 ASYNC-IN-SUBMIT ep=0x81 len=0 type=BULK (in, awaiting data)
[7456] +266.422535 ASYNC-IN-DONE ep=0x81 len=44 status=0 actual=44
	0000  21 00 00 18 f0 03 02 10  00 31 00 04 09 02 00 00 |!........1......|
	0010  00 00 04 00 11 00 00 00  82 69 27 6a 84 52 01 44 |.........i'j.R.D|
	0020  03 79 13 6a 82 62 01 1a  00 18 83 17             |.y.j.b......|
[7457] +266.422623 ASYNC-IN-SUBMIT ep=0x81 len=0 type=BULK (in, awaiting data)
[7458] +266.467250 ASYNC-OUT ep=0x01 len=16 type=BULK 
	0000  08 00 00 18 80 10 ed 03  00 43 00 08 e2 1e 00 00 |.........C......|
[7459] +266.467405 ASYNC-OUT ep=0x01 len=16 type=BULK 
	0000  08 00 00 18 02 10 f0 03  00 13 00 08 c3 14 00 00 |................|
[7460] +266.467483 ASYNC-OUT-DONE ep=0x01 len=0 status=0 actual=16
[7461] +266.467566 ASYNC-OUT-DONE ep=0x01 len=0 status=0 actual=16
[7462] +266.510863 ASYNC-IN-DONE ep=0x81 len=16 status=0 actual=16
	0000  08 00 00 18 ef 03 01 10  00 1d 00 10 65 02 00 00 |............e...|
[7463] +266.510904 ASYNC-IN-SUBMIT ep=0x81 len=0 type=BULK (in, awaiting data)
[7464] +266.511026 ASYNC-IN-DONE ep=0x81 len=16 status=0 actual=16
	0000  08 00 00 18 ed 03 80 10  00 4b 00 08 75 10 00 00 |.........K..u...|
[7465] +266.511043 ASYNC-IN-SUBMIT ep=0x81 len=0 type=BULK (in, awaiting data)
[7466] +266.518218 ASYNC-IN-DONE ep=0x81 len=40 status=0 actual=40
	0000  1d 00 00 18 f0 03 02 10  00 32 00 04 09 02 00 00 |.........2......|
	0010  00 00 04 00 0d 00 00 00  82 69 16 6a 84 52 00 44 |.........i.j.R.D|
	0020  0a 79 1b 6a c0 62 01 1a                          |.y.j.b..|
[7467] +266.518268 ASYNC-IN-SUBMIT ep=0x81 len=0 type=BULK (in, awaiting data)
[7468] +266.518351 ASYNC-OUT ep=0x01 len=16 type=BULK 
	0000  08 00 00 18 02 10 f0 03  00 14 00 08 d8 14 00 00 |................|
[7469] +266.518634 ASYNC-OUT-DONE ep=0x01 len=0 status=0 actual=16
[7470] +266.630954 ASYNC-IN-DONE ep=0x81 len=0 status=2 actual=0
[7471] +266.631036 ASYNC-IN-SUBMIT ep=0x81 len=0 type=BULK (in, awaiting data)
[7472] +266.743359 ASYNC-IN-DONE ep=0x81 len=0 status=2 actual=0
[7473] +266.743456 ASYNC-IN-SUBMIT ep=0x81 len=0 type=BULK (in, awaiting data)
[7474] +266.856149 ASYNC-IN-DONE ep=0x81 len=0 status=2 actual=0
[7475] +266.856234 ASYNC-IN-SUBMIT ep=0x81 len=0 type=BULK (in, awaiting data)
[7476] +266.956904 ASYNC-IN-DONE ep=0x81 len=0 status=2 actual=0
[7477] +266.956987 ASYNC-IN-SUBMIT ep=0x81 len=0 type=BULK (in, awaiting data)
[7478] +267.037519 ASYNC-OUT ep=0x01 len=16 type=BULK 
	0000  08 00 00 18 01 10 ef 03  00 13 00 10 93 1e 00 00 |................|
[7479] +267.037843 ASYNC-OUT-DONE ep=0x01 len=0 status=0 actual=16
[7480] +267.059276 ASYNC-IN-DONE ep=0x81 len=0 status=2 actual=0
[7481] +267.059354 ASYNC-IN-SUBMIT ep=0x81 len=0 type=BULK (in, awaiting data)
[7482] +267.170155 ASYNC-IN-DONE ep=0x81 len=0 status=2 actual=0
[7483] +267.170249 ASYNC-IN-SUBMIT ep=0x81 len=0 type=BULK (in, awaiting data)
[7484] +267.271607 ASYNC-IN-DONE ep=0x81 len=0 status=2 actual=0
[7485] +267.271711 ASYNC-IN-SUBMIT ep=0x81 len=0 type=BULK (in, awaiting data)
[7486] +267.320024 ASYNC-IN-DONE ep=0x81 len=40 status=0 actual=40
	0000  1d 00 00 18 f0 03 02 10  00 33 00 04 09 02 00 00 |.........3......|
	0010  00 00 04 00 0d 00 00 00  82 69 16 6a 84 52 00 44 |.........i.j.R.D|
	0020  0a 79 1b 6a c0 62 01 1a                          |.y.j.b..|
[7487] +267.320155 ASYNC-IN-SUBMIT ep=0x81 len=0 type=BULK (in, awaiting data)
[7488] +267.348922 ASYNC-OUT ep=0x01 len=16 type=BULK 
	0000  08 00 00 18 02 10 f0 03  00 15 00 08 ed 14 00 00 |................|
[7489] +267.349139 ASYNC-OUT-DONE ep=0x01 len=0 status=0 actual=16
[7490] +267.429611 ASYNC-IN-DONE ep=0x81 len=0 status=2 actual=0
[7491] +267.429692 ASYNC-IN-SUBMIT ep=0x81 len=0 type=BULK (in, awaiting data)
[7492] +267.504831 ASYNC-OUT ep=0x01 len=16 type=BULK 
	0000  08 00 00 18 80 10 ed 03  00 44 00 10 e2 1e 00 00 |.........D......|
[7493] +267.505090 ASYNC-OUT-DONE ep=0x01 len=0 status=0 actual=16
[7494] +267.512196 ASYNC-IN-DONE ep=0x81 len=16 status=0 actual=16
	0000  08 00 00 18 ef 03 01 10  00 1e 00 10 65 02 00 00 |............e...|
[7495] +267.512265 ASYNC-IN-SUBMIT ep=0x81 len=0 type=BULK (in, awaiting data)
[7496] +267.512411 ASYNC-IN-DONE ep=0x81 len=16 status=0 actual=16
	0000  08 00 00 18 ed 03 80 10  00 4c 00 10 75 10 00 00 |.........L..u...|
[7497] +267.512471 ASYNC-IN-SUBMIT ep=0x81 len=0 type=BULK (in, awaiting data)
[7498] +267.623269 ASYNC-IN-DONE ep=0x81 len=0 status=2 actual=0
[7499] +267.623324 ASYNC-IN-SUBMIT ep=0x81 len=0 type=BULK (in, awaiting data)
[7500] +267.724180 ASYNC-IN-DONE ep=0x81 len=0 status=2 actual=0
[7501] +267.724259 ASYNC-IN-SUBMIT ep=0x81 len=0 type=BULK (in, awaiting data)
[7502] +267.834060 ASYNC-IN-DONE ep=0x81 len=0 status=2 actual=0
[7503] +267.834087 ASYNC-IN-SUBMIT ep=0x81 len=0 type=BULK (in, awaiting data)
[7504] +267.946779 ASYNC-IN-DONE ep=0x81 len=0 status=2 actual=0
[7505] +267.946807 ASYNC-IN-SUBMIT ep=0x81 len=0 type=BULK (in, awaiting data)
[7506] +268.058261 ASYNC-IN-DONE ep=0x81 len=0 status=2 actual=0
[7507] +268.058291 ASYNC-IN-SUBMIT ep=0x81 len=0 type=BULK (in, awaiting data)
[7508] +268.074574 ASYNC-OUT ep=0x01 len=16 type=BULK 
	0000  08 00 00 18 01 10 ef 03  00 14 00 10 93 1e 00 00 |................|
[7509] +268.074885 ASYNC-OUT-DONE ep=0x01 len=0 status=0 actual=16
### MARK PRESET-copy
[7510] +268.169333 ASYNC-IN-DONE ep=0x81 len=0 status=2 actual=0
[7511] +268.169349 ASYNC-IN-SUBMIT ep=0x81 len=0 type=BULK (in, awaiting data)
[7512] +268.270960 ASYNC-IN-DONE ep=0x81 len=0 status=2 actual=0
[7513] +268.270982 ASYNC-IN-SUBMIT ep=0x81 len=0 type=BULK (in, awaiting data)
[7514] +268.313425 ASYNC-IN-DONE ep=0x81 len=16 status=0 actual=16
	0000  08 00 00 18 f0 03 02 10  00 34 00 10 09 02 00 00 |.........4......|
[7515] +268.313516 ASYNC-IN-SUBMIT ep=0x81 len=0 type=BULK (in, awaiting data)
[7516] +268.386524 ASYNC-OUT ep=0x01 len=16 type=BULK 
	0000  08 00 00 18 02 10 f0 03  00 16 00 10 ed 14 00 00 |................|
[7517] +268.386751 ASYNC-OUT-DONE ep=0x01 len=0 status=0 actual=16
[7518] +268.420371 ASYNC-IN-DONE ep=0x81 len=0 status=2 actual=0
[7519] +268.420441 ASYNC-IN-SUBMIT ep=0x81 len=0 type=BULK (in, awaiting data)
[7520] +268.514059 ASYNC-IN-DONE ep=0x81 len=16 status=0 actual=16
	0000  08 00 00 18 ef 03 01 10  00 1f 00 10 65 02 00 00 |............e...|
[7521] +268.514207 ASYNC-IN-SUBMIT ep=0x81 len=0 type=BULK (in, awaiting data)
[7522] +268.514417 ASYNC-IN-DONE ep=0x81 len=16 status=0 actual=16
	0000  08 00 00 18 ed 03 80 10  00 4d 00 10 75 10 00 00 |.........M..u...|
[7523] +268.514506 ASYNC-IN-SUBMIT ep=0x81 len=0 type=BULK (in, awaiting data)
[7524] +268.542663 ASYNC-OUT ep=0x01 len=16 type=BULK 
	0000  08 00 00 18 80 10 ed 03  00 45 00 10 e2 1e 00 00 |.........E......|
[7525] +268.542950 ASYNC-OUT-DONE ep=0x01 len=0 status=0 actual=16
[7526] +268.618744 ASYNC-IN-DONE ep=0x81 len=0 status=2 actual=0
[7527] +268.618824 ASYNC-IN-SUBMIT ep=0x81 len=0 type=BULK (in, awaiting data)
[7528] +268.724969 ASYNC-IN-DONE ep=0x81 len=0 status=2 actual=0
[7529] +268.725056 ASYNC-IN-SUBMIT ep=0x81 len=0 type=BULK (in, awaiting data)
[7530] +268.833820 ASYNC-IN-DONE ep=0x81 len=0 status=2 actual=0
[7531] +268.833912 ASYNC-IN-SUBMIT ep=0x81 len=0 type=BULK (in, awaiting data)
[7532] +268.946626 ASYNC-IN-DONE ep=0x81 len=0 status=2 actual=0
[7533] +268.946672 ASYNC-IN-SUBMIT ep=0x81 len=0 type=BULK (in, awaiting data)
[7534] +269.058703 ASYNC-IN-DONE ep=0x81 len=0 status=2 actual=0
[7535] +269.058797 ASYNC-IN-SUBMIT ep=0x81 len=0 type=BULK (in, awaiting data)
[7536] +269.112001 ASYNC-OUT ep=0x01 len=16 type=BULK 
	0000  08 00 00 18 01 10 ef 03  00 15 00 10 93 1e 00 00 |................|
[7537] +269.112293 ASYNC-OUT-DONE ep=0x01 len=0 status=0 actual=16
[7538] +269.167511 ASYNC-IN-DONE ep=0x81 len=0 status=2 actual=0
[7539] +269.167579 ASYNC-IN-SUBMIT ep=0x81 len=0 type=BULK (in, awaiting data)
[7540] +269.268308 ASYNC-IN-DONE ep=0x81 len=0 status=2 actual=0
[7541] +269.268410 ASYNC-IN-SUBMIT ep=0x81 len=0 type=BULK (in, awaiting data)
[7542] +269.315519 ASYNC-IN-DONE ep=0x81 len=16 status=0 actual=16
	0000  08 00 00 18 f0 03 02 10  00 35 00 10 09 02 00 00 |.........5......|
[7543] +269.315626 ASYNC-IN-SUBMIT ep=0x81 len=0 type=BULK (in, awaiting data)
[7544] +269.423578 ASYNC-OUT ep=0x01 len=16 type=BULK 
	0000  08 00 00 18 02 10 f0 03  00 17 00 10 ed 14 00 00 |................|
[7545] +269.423894 ASYNC-OUT-DONE ep=0x01 len=0 status=0 actual=16
[7546] +269.425577 ASYNC-IN-DONE ep=0x81 len=0 status=2 actual=0
[7547] +269.425627 ASYNC-IN-SUBMIT ep=0x81 len=0 type=BULK (in, awaiting data)
[7548] +269.515912 ASYNC-IN-DONE ep=0x81 len=16 status=0 actual=16
	0000  08 00 00 18 ef 03 01 10  00 20 00 10 65 02 00 00 |......... ..e...|
[7549] +269.516079 ASYNC-IN-SUBMIT ep=0x81 len=0 type=BULK (in, awaiting data)
[7550] +269.516255 ASYNC-IN-DONE ep=0x81 len=16 status=0 actual=16
	0000  08 00 00 18 ed 03 80 10  00 4e 00 10 75 10 00 00 |.........N..u...|
[7551] +269.516329 ASYNC-IN-SUBMIT ep=0x81 len=0 type=BULK (in, awaiting data)
[7552] +269.579799 ASYNC-OUT ep=0x01 len=16 type=BULK 
	0000  08 00 00 18 80 10 ed 03  00 46 00 10 e2 1e 00 00 |.........F......|
[7553] +269.580072 ASYNC-OUT-DONE ep=0x01 len=0 status=0 actual=16
[7554] +269.625484 ASYNC-IN-DONE ep=0x81 len=0 status=2 actual=0
[7555] +269.625528 ASYNC-IN-SUBMIT ep=0x81 len=0 type=BULK (in, awaiting data)
[7556] +269.738255 ASYNC-IN-DONE ep=0x81 len=0 status=2 actual=0
[7557] +269.738282 ASYNC-IN-SUBMIT ep=0x81 len=0 type=BULK (in, awaiting data)
[7558] +269.845951 ASYNC-IN-DONE ep=0x81 len=0 status=2 actual=0
[7559] +269.845973 ASYNC-IN-SUBMIT ep=0x81 len=0 type=BULK (in, awaiting data)
[7560] +269.949489 ASYNC-IN-DONE ep=0x81 len=0 status=2 actual=0
[7561] +269.949510 ASYNC-IN-SUBMIT ep=0x81 len=0 type=BULK (in, awaiting data)
[7562] +270.059789 ASYNC-IN-DONE ep=0x81 len=0 status=2 actual=0
[7563] +270.059808 ASYNC-IN-SUBMIT ep=0x81 len=0 type=BULK (in, awaiting data)
### MARK PRESET-select-target
[7564] +270.147637 ASYNC-OUT ep=0x01 len=16 type=BULK 
	0000  08 00 00 18 01 10 ef 03  00 16 00 10 93 1e 00 00 |................|
[7565] +270.147954 ASYNC-OUT-DONE ep=0x01 len=0 status=0 actual=16
[7566] +270.160175 ASYNC-IN-DONE ep=0x81 len=0 status=2 actual=0
[7567] +270.160195 ASYNC-IN-SUBMIT ep=0x81 len=0 type=BULK (in, awaiting data)
[7568] +270.265591 ASYNC-IN-DONE ep=0x81 len=0 status=2 actual=0
[7569] +270.265620 ASYNC-IN-SUBMIT ep=0x81 len=0 type=BULK (in, awaiting data)
[7570] +270.317170 ASYNC-IN-DONE ep=0x81 len=16 status=0 actual=16
	0000  08 00 00 18 f0 03 02 10  00 36 00 10 09 02 00 00 |.........6......|
[7571] +270.317278 ASYNC-IN-SUBMIT ep=0x81 len=0 type=BULK (in, awaiting data)
[7572] +270.424477 ASYNC-IN-DONE ep=0x81 len=0 status=2 actual=0
[7573] +270.424584 ASYNC-IN-SUBMIT ep=0x81 len=0 type=BULK (in, awaiting data)
[7574] +270.457496 ASYNC-OUT ep=0x01 len=16 type=BULK 
	0000  08 00 00 18 02 10 f0 03  00 18 00 10 ed 14 00 00 |................|
[7575] +270.458031 ASYNC-OUT-DONE ep=0x01 len=0 status=0 actual=16
[7576] +270.517535 ASYNC-IN-DONE ep=0x81 len=16 status=0 actual=16
	0000  08 00 00 18 ef 03 01 10  00 21 00 10 65 02 00 00 |.........!..e...|
[7577] +270.517635 ASYNC-IN-SUBMIT ep=0x81 len=0 type=BULK (in, awaiting data)
[7578] +270.517773 ASYNC-IN-DONE ep=0x81 len=16 status=0 actual=16
	0000  08 00 00 18 ed 03 80 10  00 4f 00 10 75 10 00 00 |.........O..u...|
[7579] +270.517822 ASYNC-IN-SUBMIT ep=0x81 len=0 type=BULK (in, awaiting data)
[7580] +270.613669 ASYNC-OUT ep=0x01 len=16 type=BULK 
	0000  08 00 00 18 80 10 ed 03  00 47 00 10 e2 1e 00 00 |.........G......|
[7581] +270.614034 ASYNC-OUT-DONE ep=0x01 len=0 status=0 actual=16
[7582] +270.623059 ASYNC-IN-DONE ep=0x81 len=0 status=2 actual=0
[7583] +270.623106 ASYNC-IN-SUBMIT ep=0x81 len=0 type=BULK (in, awaiting data)
[7584] +270.733658 ASYNC-IN-DONE ep=0x81 len=0 status=2 actual=0
[7585] +270.733735 ASYNC-IN-SUBMIT ep=0x81 len=0 type=BULK (in, awaiting data)
[7586] +270.837227 ASYNC-IN-DONE ep=0x81 len=0 status=2 actual=0
[7587] +270.837328 ASYNC-IN-SUBMIT ep=0x81 len=0 type=BULK (in, awaiting data)
[7588] +270.948596 ASYNC-IN-DONE ep=0x81 len=0 status=2 actual=0
[7589] +270.948673 ASYNC-IN-SUBMIT ep=0x81 len=0 type=BULK (in, awaiting data)
[7590] +271.061126 ASYNC-IN-DONE ep=0x81 len=0 status=2 actual=0
[7591] +271.061190 ASYNC-IN-SUBMIT ep=0x81 len=0 type=BULK (in, awaiting data)
[7592] +271.174034 ASYNC-IN-DONE ep=0x81 len=0 status=2 actual=0
[7593] +271.174104 ASYNC-IN-SUBMIT ep=0x81 len=0 type=BULK (in, awaiting data)
[7594] +271.183581 ASYNC-OUT ep=0x01 len=16 type=BULK 
	0000  08 00 00 18 01 10 ef 03  00 17 00 10 93 1e 00 00 |................|
[7595] +271.183841 ASYNC-OUT-DONE ep=0x01 len=0 status=0 actual=16
[7596] +271.282067 ASYNC-IN-DONE ep=0x81 len=0 status=2 actual=0
[7597] +271.282167 ASYNC-IN-SUBMIT ep=0x81 len=0 type=BULK (in, awaiting data)
[7598] +271.318913 ASYNC-IN-DONE ep=0x81 len=16 status=0 actual=16
	0000  08 00 00 18 f0 03 02 10  00 37 00 10 09 02 00 00 |.........7......|
[7599] +271.319039 ASYNC-IN-SUBMIT ep=0x81 len=0 type=BULK (in, awaiting data)
[7600] +271.424268 ASYNC-IN-DONE ep=0x81 len=0 status=2 actual=0
[7601] +271.424355 ASYNC-IN-SUBMIT ep=0x81 len=0 type=BULK (in, awaiting data)
[7602] +271.494687 ASYNC-OUT ep=0x01 len=16 type=BULK 
	0000  08 00 00 18 02 10 f0 03  00 19 00 10 ed 14 00 00 |................|
[7603] +271.495015 ASYNC-OUT-DONE ep=0x01 len=0 status=0 actual=16
[7604] +271.519304 ASYNC-IN-DONE ep=0x81 len=16 status=0 actual=16
	0000  08 00 00 18 ef 03 01 10  00 22 00 10 65 02 00 00 |........."..e...|
[7605] +271.519431 ASYNC-IN-SUBMIT ep=0x81 len=0 type=BULK (in, awaiting data)
[7606] +271.519616 ASYNC-IN-DONE ep=0x81 len=16 status=0 actual=16
	0000  08 00 00 18 ed 03 80 10  00 50 00 10 75 10 00 00 |.........P..u...|
[7607] +271.519696 ASYNC-IN-SUBMIT ep=0x81 len=0 type=BULK (in, awaiting data)
[7608] +271.629941 ASYNC-IN-DONE ep=0x81 len=0 status=2 actual=0
[7609] +271.629975 ASYNC-IN-SUBMIT ep=0x81 len=0 type=BULK (in, awaiting data)
[7610] +271.649916 ASYNC-OUT ep=0x01 len=16 type=BULK 
	0000  08 00 00 18 80 10 ed 03  00 48 00 10 e2 1e 00 00 |.........H......|
[7611] +271.650131 ASYNC-OUT-DONE ep=0x01 len=0 status=0 actual=16
