# hxsniff attached pid=51507
[0] +0.416172 OPEN 0e41:4246 rc=0
[1] +0.416465 CLAIM interface=0 rc=0 (LIBUSB_SUCCESS / LIBUSB_TRANSFER_COMPLETED)
[2] +0.416474 RELEASE interface=0
[3] +0.416587 OPEN 0e41:4246 rc=0
[4] +0.416722 CLAIM interface=0 rc=0 (LIBUSB_SUCCESS / LIBUSB_TRANSFER_COMPLETED)
[5] +0.651905 ASYNC-IN-SUBMIT ep=0x81 len=0 type=BULK (in, awaiting data)
[6] +0.758093 ASYNC-IN-DONE ep=0x81 len=0 status=2 actual=0
[7] +0.758174 ASYNC-IN-SUBMIT ep=0x81 len=0 type=BULK (in, awaiting data)
[8] +0.867882 ASYNC-IN-DONE ep=0x81 len=0 status=2 actual=0
[9] +0.867969 ASYNC-IN-SUBMIT ep=0x81 len=0 type=BULK (in, awaiting data)
[10] +0.978991 ASYNC-IN-DONE ep=0x81 len=0 status=2 actual=0
[11] +0.979134 ASYNC-IN-SUBMIT ep=0x81 len=0 type=BULK (in, awaiting data)
[12] +1.081930 ASYNC-IN-DONE ep=0x81 len=0 status=2 actual=0
[13] +1.081975 ASYNC-IN-SUBMIT ep=0x81 len=0 type=BULK (in, awaiting data)
[14] +1.188402 ASYNC-IN-DONE ep=0x81 len=0 status=2 actual=0
[15] +1.188445 ASYNC-IN-SUBMIT ep=0x81 len=0 type=BULK (in, awaiting data)
[16] +1.301300 ASYNC-IN-DONE ep=0x81 len=0 status=2 actual=0
[17] +1.301379 ASYNC-IN-SUBMIT ep=0x81 len=0 type=BULK (in, awaiting data)
[18] +1.402799 ASYNC-IN-DONE ep=0x81 len=0 status=2 actual=0
[19] +1.402906 ASYNC-IN-SUBMIT ep=0x81 len=0 type=BULK (in, awaiting data)
[20] +1.503966 ASYNC-IN-DONE ep=0x81 len=0 status=2 actual=0
[21] +1.504072 ASYNC-IN-SUBMIT ep=0x81 len=0 type=BULK (in, awaiting data)
[22] +1.616921 ASYNC-IN-DONE ep=0x81 len=0 status=2 actual=0
[23] +1.617029 ASYNC-IN-SUBMIT ep=0x81 len=0 type=BULK (in, awaiting data)
[24] +1.723931 ASYNC-IN-DONE ep=0x81 len=0 status=2 actual=0
[25] +1.724047 ASYNC-IN-SUBMIT ep=0x81 len=0 type=BULK (in, awaiting data)
[26] +1.724111 ASYNC-OUT ep=0x01 len=20 type=BULK 
	0000  0c 00 00 28 01 10 ef 03  00 00 00 02 00 01 00 21 |...(...........!|
	0010  00 10 00 00                                      |....|
[27] +1.724482 ASYNC-OUT-DONE ep=0x01 len=0 status=0 actual=20
[28] +1.726567 ASYNC-IN-DONE ep=0x81 len=20 status=0 actual=20
	0000  0c 00 00 28 ef 03 01 10  00 00 00 02 00 01 00 01 |...(............|
	0010  00 02 00 00                                      |....|
[29] +1.726653 ASYNC-IN-SUBMIT ep=0x81 len=0 type=BULK (in, awaiting data)
[30] +1.749089 ASYNC-OUT ep=0x01 len=28 type=BULK 
	0000  11 00 00 18 01 10 ef 03  00 02 00 04 00 10 00 00 |................|
	0010  01 00 05 00 01 00 00 00  05 00 00 00             |............|
[31] +1.749466 ASYNC-OUT-DONE ep=0x01 len=0 status=0 actual=28
[32] +1.749938 ASYNC-IN-DONE ep=0x81 len=48 status=0 actual=48
	0000  28 00 00 18 ef 03 01 10  00 02 00 04 09 02 00 00 |(...............|
	0010  00 00 00 00 18 00 00 00  05 50 33 33 4d 61 69 6e |.........P33Main|
	0020  00 00 00 00 d3 c7 30 00  00 00 80 03 11 66 39 10 |......0......f9.|
[33] +1.750000 ASYNC-IN-SUBMIT ep=0x81 len=0 type=BULK (in, awaiting data)
[34] +1.802925 ASYNC-OUT ep=0x01 len=16 type=BULK 
	0000  08 00 00 18 01 10 ef 03  00 03 00 08 20 10 00 00 |............ ...|
[35] +1.803233 ASYNC-OUT-DONE ep=0x01 len=0 status=0 actual=16
[36] +1.853021 ASYNC-IN-DONE ep=0x81 len=0 status=2 actual=0
[37] +1.853088 ASYNC-IN-SUBMIT ep=0x81 len=0 type=BULK (in, awaiting data)
[38] +1.926786 ASYNC-IN-DONE ep=0x81 len=16 status=0 actual=16
	0000  08 00 00 18 ef 03 01 10  00 03 00 08 09 02 00 00 |................|
[39] +1.926932 ASYNC-IN-SUBMIT ep=0x81 len=0 type=BULK (in, awaiting data)
[40] +2.037706 ASYNC-IN-DONE ep=0x81 len=0 status=2 actual=0
[41] +2.037816 ASYNC-IN-SUBMIT ep=0x81 len=0 type=BULK (in, awaiting data)
[42] +2.142380 ASYNC-IN-DONE ep=0x81 len=0 status=2 actual=0
[43] +2.142483 ASYNC-IN-SUBMIT ep=0x81 len=0 type=BULK (in, awaiting data)
[44] +2.254849 ASYNC-IN-DONE ep=0x81 len=0 status=2 actual=0
[45] +2.254929 ASYNC-IN-SUBMIT ep=0x81 len=0 type=BULK (in, awaiting data)
[46] +2.367713 ASYNC-IN-DONE ep=0x81 len=0 status=2 actual=0
[47] +2.367777 ASYNC-IN-SUBMIT ep=0x81 len=0 type=BULK (in, awaiting data)
[48] +2.469625 ASYNC-IN-DONE ep=0x81 len=0 status=2 actual=0
[49] +2.469726 ASYNC-IN-SUBMIT ep=0x81 len=0 type=BULK (in, awaiting data)
[50] +2.571506 ASYNC-IN-DONE ep=0x81 len=0 status=2 actual=0
[51] +2.571623 ASYNC-IN-SUBMIT ep=0x81 len=0 type=BULK (in, awaiting data)
[52] +2.675622 ASYNC-IN-DONE ep=0x81 len=0 status=2 actual=0
[53] +2.675686 ASYNC-IN-SUBMIT ep=0x81 len=0 type=BULK (in, awaiting data)
[54] +2.760128 ASYNC-OUT ep=0x01 len=16 type=BULK 
	0000  08 00 00 18 01 10 ef 03  00 04 00 02 20 10 00 00 |............ ...|
[55] +2.760460 ASYNC-OUT-DONE ep=0x01 len=0 status=0 actual=16
[56] +2.760816 ASYNC-IN-DONE ep=0x81 len=16 status=0 actual=16
	0000  08 00 00 18 ef 03 01 10  00 04 00 02 09 02 00 00 |................|
[57] +2.760893 ASYNC-IN-SUBMIT ep=0x81 len=0 type=BULK (in, awaiting data)
[58] +2.776690 ASYNC-IN-DONE ep=0x81 len=0 status=3 actual=0
[59] +4.042274 RELEASE interface=0
[60] +4.045568 OPEN 0e41:4246 rc=0
[61] +4.046060 CLAIM interface=0 rc=0 (LIBUSB_SUCCESS / LIBUSB_TRANSFER_COMPLETED)
[62] +4.046089 RELEASE interface=0
[63] +4.046378 OPEN 0e41:4246 rc=0
[64] +4.046663 CLAIM interface=0 rc=0 (LIBUSB_SUCCESS / LIBUSB_TRANSFER_COMPLETED)
[65] +4.275468 ASYNC-IN-SUBMIT ep=0x81 len=0 type=BULK (in, awaiting data)
[66] +4.386755 ASYNC-IN-DONE ep=0x81 len=0 status=2 actual=0
[67] +4.386821 ASYNC-IN-SUBMIT ep=0x81 len=0 type=BULK (in, awaiting data)
[68] +4.499618 ASYNC-IN-DONE ep=0x81 len=0 status=2 actual=0
[69] +4.499692 ASYNC-IN-SUBMIT ep=0x81 len=0 type=BULK (in, awaiting data)
[70] +4.601058 ASYNC-IN-DONE ep=0x81 len=0 status=2 actual=0
[71] +4.601160 ASYNC-IN-SUBMIT ep=0x81 len=0 type=BULK (in, awaiting data)
[72] +4.703738 ASYNC-IN-DONE ep=0x81 len=0 status=2 actual=0
[73] +4.703839 ASYNC-IN-SUBMIT ep=0x81 len=0 type=BULK (in, awaiting data)
[74] +4.813190 ASYNC-IN-DONE ep=0x81 len=0 status=2 actual=0
[75] +4.813295 ASYNC-IN-SUBMIT ep=0x81 len=0 type=BULK (in, awaiting data)
[76] +4.917391 ASYNC-IN-DONE ep=0x81 len=0 status=2 actual=0
[77] +4.917451 ASYNC-IN-SUBMIT ep=0x81 len=0 type=BULK (in, awaiting data)
[78] +5.030152 ASYNC-IN-DONE ep=0x81 len=0 status=2 actual=0
[79] +5.030179 ASYNC-IN-SUBMIT ep=0x81 len=0 type=BULK (in, awaiting data)
[80] +5.139796 ASYNC-IN-DONE ep=0x81 len=0 status=2 actual=0
[81] +5.139831 ASYNC-IN-SUBMIT ep=0x81 len=0 type=BULK (in, awaiting data)
[82] +5.249749 ASYNC-IN-DONE ep=0x81 len=0 status=2 actual=0
[83] +5.249841 ASYNC-IN-SUBMIT ep=0x81 len=0 type=BULK (in, awaiting data)
[84] +5.339039 ASYNC-OUT ep=0x01 len=20 type=BULK 
	0000  0c 00 00 28 80 10 ed 03  00 00 00 02 00 01 00 21 |...(...........!|
	0010  00 10 00 00                                      |....|
[85] +5.339356 ASYNC-OUT-DONE ep=0x01 len=0 status=0 actual=20
[86] +5.339727 ASYNC-IN-DONE ep=0x81 len=20 status=0 actual=20
	0000  0c 00 00 28 ed 03 80 10  00 00 00 02 00 01 00 01 |...(............|
	0010  00 02 00 00                                      |....|
[87] +5.339759 ASYNC-IN-SUBMIT ep=0x81 len=0 type=BULK (in, awaiting data)
[88] +5.390922 ASYNC-OUT ep=0x01 len=28 type=BULK 
	0000  11 00 00 18 80 10 ed 03  00 02 00 04 00 10 00 00 |................|
	0010  01 00 06 00 01 00 00 00  06 00 00 00             |............|
[89] +5.391262 ASYNC-OUT-DONE ep=0x01 len=0 status=0 actual=28
[90] +5.391800 ASYNC-IN-DONE ep=0x81 len=28 status=0 actual=28
	0000  11 00 00 18 ed 03 80 10  00 02 00 04 09 02 00 00 |................|
	0010  00 00 00 00 01 00 00 00  06 50 33 33             |.........P33|
[91] +5.391840 ASYNC-IN-SUBMIT ep=0x81 len=0 type=BULK (in, awaiting data)
[92] +5.391933 ASYNC-OUT ep=0x01 len=20 type=BULK 
	0000  0c 00 00 28 02 10 f0 03  00 00 00 02 00 01 00 21 |...(...........!|
	0010  00 10 00 00                                      |....|
[93] +5.392176 ASYNC-OUT-DONE ep=0x01 len=0 status=0 actual=20
[94] +5.392598 ASYNC-IN-DONE ep=0x81 len=20 status=0 actual=20
	0000  0c 00 00 28 f0 03 02 10  00 00 00 02 00 01 00 01 |...(............|
	0010  00 02 00 00                                      |....|
[95] +5.392630 ASYNC-IN-SUBMIT ep=0x81 len=0 type=BULK (in, awaiting data)
[96] +5.444962 ASYNC-OUT ep=0x01 len=16 type=BULK 
	0000  08 00 00 18 80 10 ed 03  00 03 00 08 09 10 00 00 |................|
[97] +5.445159 ASYNC-OUT ep=0x01 len=28 type=BULK 
	0000  11 00 00 18 02 10 f0 03  00 02 00 04 00 10 00 00 |................|
	0010  01 00 04 00 01 00 00 00  04 00 00 00             |............|
[98] +5.445282 ASYNC-OUT-DONE ep=0x01 len=0 status=0 actual=16
[99] +5.445393 ASYNC-OUT-DONE ep=0x01 len=0 status=0 actual=28
[100] +5.446009 ASYNC-IN-DONE ep=0x81 len=28 status=0 actual=28
	0000  11 00 00 18 f0 03 02 10  00 02 00 04 09 02 00 00 |................|
	0010  00 00 00 00 01 00 00 00  04 50 33 33             |.........P33|
[101] +5.446085 ASYNC-IN-SUBMIT ep=0x81 len=0 type=BULK (in, awaiting data)
[102] +5.446158 ASYNC-OUT ep=0x01 len=20 type=BULK 
	0000  0c 00 00 28 01 10 ef 03  00 00 00 02 00 01 00 21 |...(...........!|
	0010  00 10 00 00                                      |....|
[103] +5.446363 ASYNC-OUT-DONE ep=0x01 len=0 status=0 actual=20
[104] +5.446795 ASYNC-IN-DONE ep=0x81 len=20 status=0 actual=20
	0000  0c 00 00 28 ef 03 01 10  00 00 00 02 00 01 00 01 |...(............|
	0010  00 02 00 00                                      |....|
[105] +5.446861 ASYNC-IN-SUBMIT ep=0x81 len=0 type=BULK (in, awaiting data)
[106] +5.498707 ASYNC-OUT ep=0x01 len=16 type=BULK 
	0000  08 00 00 18 02 10 f0 03  00 03 00 08 09 10 00 00 |................|
[107] +5.498922 ASYNC-OUT ep=0x01 len=28 type=BULK 
	0000  11 00 00 18 01 10 ef 03  00 02 00 04 00 10 00 00 |................|
	0010  01 00 02 00 01 00 00 00  02 00 00 00             |............|
[108] +5.499057 ASYNC-OUT-DONE ep=0x01 len=0 status=0 actual=16
[109] +5.499112 ASYNC-OUT-DONE ep=0x01 len=0 status=0 actual=28
[110] +5.499807 ASYNC-IN-DONE ep=0x81 len=28 status=0 actual=28
	0000  11 00 00 18 ef 03 01 10  00 02 00 04 09 02 00 00 |................|
	0010  00 00 05 00 01 00 00 00  02 50 33 33             |.........P33|
[111] +5.499887 ASYNC-IN-SUBMIT ep=0x81 len=0 type=BULK (in, awaiting data)
[112] +5.538682 ASYNC-IN-DONE ep=0x81 len=16 status=0 actual=16
	0000  08 00 00 18 ef 03 01 10  00 03 00 08 09 02 00 00 |................|
[113] +5.538728 ASYNC-IN-SUBMIT ep=0x81 len=0 type=BULK (in, awaiting data)
[114] +5.538842 ASYNC-IN-DONE ep=0x81 len=16 status=0 actual=16
	0000  08 00 00 18 ed 03 80 10  00 03 00 08 09 02 00 00 |................|
[115] +5.538861 ASYNC-IN-SUBMIT ep=0x81 len=0 type=BULK (in, awaiting data)
[116] +5.539047 ASYNC-IN-DONE ep=0x81 len=16 status=0 actual=16
	0000  08 00 00 18 f0 03 02 10  00 03 00 08 09 02 00 00 |................|
[117] +5.539065 ASYNC-IN-SUBMIT ep=0x81 len=0 type=BULK (in, awaiting data)
[118] +5.551052 ASYNC-OUT ep=0x01 len=16 type=BULK 
	0000  08 00 00 18 01 10 ef 03  00 03 00 08 09 10 00 00 |................|
[119] +5.551259 ASYNC-OUT-DONE ep=0x01 len=0 status=0 actual=16
[120] +5.605184 ASYNC-OUT ep=0x01 len=36 type=BULK 
	0000  19 00 00 18 80 10 ed 03  00 04 00 04 09 10 00 00 |................|
	0010  01 00 06 00 09 00 00 00  83 66 cd 03 e8 64 4c 65 |.........f...dLe|
	0020  80 00 00 00                                      |....|
[121] +5.605563 ASYNC-OUT-DONE ep=0x01 len=0 status=0 actual=36
[122] +5.606498 ASYNC-IN-DONE ep=0x81 len=92 status=0 actual=92
	0000  54 00 00 18 ed 03 80 10  00 04 00 04 1a 02 00 00 |T...............|
	0010  00 00 06 00 44 00 00 00  83 66 cd 03 e8 67 00 68 |....D....f...g.h|
	0020  82 3f c3 37 9b ca 42 dc  00 00 ca 3f 34 fd f4 ca |.?.7..B....?4...|
	0030  00 00 00 00 ca 44 fa 00  00 ca 3f 34 fd f4 ca 00 |.....D....?4....|
	0040  00 00 00 ca 45 fa 00 00  ca 3f 34 fd f4 ca 00 00 |....E....?4.....|
	0050  00 00 ca 41 9f 33 33 ca  46 9d 08 00             |...A.33.F...|
[123] +5.606582 ASYNC-IN-SUBMIT ep=0x81 len=0 type=BULK (in, awaiting data)
[124] +5.659193 ASYNC-OUT ep=0x01 len=36 type=BULK 
	0000  1c 00 00 18 80 10 ed 03  00 05 00 0c 55 10 00 00 |............U...|
	0010  01 00 06 00 0c 00 00 00  83 66 cd 03 e9 64 18 65 |.........f...d.e|
	0020  81 76 cc 80                                      |.v..|
[125] +5.659537 ASYNC-OUT-DONE ep=0x01 len=0 status=0 actual=36
[126] +5.660662 ASYNC-IN-DONE ep=0x81 len=40 status=0 actual=40
	0000  1f 00 00 18 ed 03 80 10  00 05 00 04 2e 02 00 00 |................|
	0010  00 00 06 00 0f 00 00 00  83 66 cd 03 e9 67 00 68 |.........f...g.h|
	0020  82 76 cd 00 80 77 00 dc                          |.v...w..|
[127] +5.660762 ASYNC-IN-SUBMIT ep=0x81 len=0 type=BULK (in, awaiting data)
[128] +5.713243 ASYNC-OUT ep=0x01 len=36 type=BULK 
	0000  19 00 00 18 80 10 ed 03  00 06 00 0c 6c 10 00 00 |............l...|
	0010  01 00 06 00 09 00 00 00  83 66 cd 03 ea 64 17 65 |.........f...d.e|
	0020  c0 00 00 00                                      |....|
[129] +5.713620 ASYNC-OUT-DONE ep=0x01 len=0 status=0 actual=36
[130] +5.714411 ASYNC-IN-DONE ep=0x81 len=60 status=0 actual=60
	0000  34 00 00 18 ed 03 80 10  00 06 00 04 3f 02 00 00 |4...........?...|
	0010  00 00 06 00 24 00 00 00  83 66 cd 03 ea 67 00 68 |....$....f...g.h|
	0020  86 6b cd 00 00 6c cd 00  07 6d a7 43 54 2d 53 61 |.k...l...m.CT-Sa|
	0030  64 00 75 c2 53 92 cd 19  e4 00 5c 00             |d.u.S.....\.|
[131] +5.714526 ASYNC-IN-SUBMIT ep=0x81 len=0 type=BULK (in, awaiting data)
[132] +5.739588 ASYNC-IN-DONE ep=0x81 len=16 status=0 actual=16
	0000  08 00 00 18 ed 03 80 10  00 07 00 08 3f 02 00 00 |............?...|
[133] +5.739680 ASYNC-IN-SUBMIT ep=0x81 len=0 type=BULK (in, awaiting data)
[134] +5.767274 ASYNC-OUT ep=0x01 len=36 type=BULK 
	0000  19 00 00 18 80 10 ed 03  00 07 00 0c 98 10 00 00 |................|
	0010  01 00 06 00 09 00 00 00  83 66 cd 03 eb 64 16 65 |.........f...d.e|
	0020  c0 00 00 00                                      |....|
[135] +5.767605 ASYNC-OUT-DONE ep=0x01 len=0 status=0 actual=36
[136] +5.782390 ASYNC-IN-DONE ep=0x81 len=272 status=0 actual=272
	0000  08 01 00 18 ed 03 80 10  00 08 00 04 50 02 00 00 |............P...|
	0010  00 00 e3 28 ee 09 00 00  83 66 cd 03 eb 67 00 68 |...(.....f...g.h|
	0020  da 09 e3 a9 6c 36 2d 68  65 6c 69 78 00 da 00 30 |....l6-helix...0|
	0030  3d 00 00 00 60 00 00 00  f8 02 00 00 fa 02 00 00 |=...`...........|
	0040  05 03 00 00 11 03 00 00  01 04 00 00 2e 04 00 00 |................|
	0050  3e 00 00 00 34 04 00 00  e3 09 00 00 e3 09 00 00 |>...4...........|
	0060  89 07 83 24 a4 50 33 33  00 23 ce 03 80 00 00 25 |...$.P33.#.....%|
	0070  b2 76 33 2e 37 31 2d 33  32 2d 67 31 30 33 39 36 |.v3.71-32-g10396|
	0080  36 31 00 00 82 15 00 16  dc 00 14 82 13 00 14 82 |61..............|
	0090  05 01 07 83 02 03 03 03  04 93 c2 ca c2 40 00 00 |.............@..|
	00a0  ca 3f 00 00 00 82 13 06  14 85 18 83 17 c2 19 65 |.?.............e|
	00b0  1a ff 09 01 0a c3 0b 83  02 03 03 03 04 93 ca 3c |...............<|
	00c0  23 d7 00 ca 3e 42 8f 63  ca 3f 7a e1 48 0c 83 02 |#...>B.c.?z.H...|
	00d0  00 03 00 04 90 82 13 06  14 85 18 83 17 c2 19 cd |................|
	00e0  01 43 1a ff 09 01 0a c3  0b 83 02 06 03 06 04 96 |.C..............|
	00f0  ca c1 23 33 33 ca c0 d3  33 33 ca 00 00 00 00 ca |..#33...33......|
	0100  00 00 00 00 ca 00 00 00  00 ca 40 6c cc d1 0c 83 |..........@l....|
[137] +5.782650 ASYNC-IN-SUBMIT ep=0x81 len=0 type=BULK (in, awaiting data)
[138] +5.782692 ASYNC-OUT ep=0x01 len=16 type=BULK 
	0000  08 00 00 18 80 10 ed 03  00 08 00 08 98 11 00 00 |................|
[139] +5.782804 ASYNC-IN-DONE ep=0x81 len=272 status=0 actual=272
	0000  08 01 00 18 ed 03 80 10  00 09 00 04 50 02 00 00 |............P...|
	0010  02 00 03 00 04 90 82 13  06 14 85 18 83 17 c3 19 |................|
	0020  12 1a 3e 09 12 0a c3 0b  83 02 0c 03 0c 04 9c ca |..>.............|
	0030  3f 6b 85 20 ca 3e a3 d7  07 ca 3f 23 d7 0a ca 3f |?k. .>....?#...?|
	0040  38 51 ec ca 3f 1e b8 52  ca 3f 63 d7 0a ca 3e 38 |8Q..?..R.?c...>8|
	0050  51 f2 ca 3e 4c cc cd ca  3e 8a 3d 71 ca 3f 00 00 |Q..>L...>.=q.?..|
	0060  00 ca 3f 19 99 9a ca 3f  19 99 9a 0c 83 02 06 03 |..?....?........|
	0070  05 04 96 ca 41 00 00 00  ca 41 9f 33 33 ca 46 1f |....A....A.33.F.|
	0080  60 00 ca 3e 75 c2 8f ca  00 00 00 00 05 82 13 06 |`..>u...........|
	0090  14 85 18 83 17 c2 19 cd  01 43 1a ff 09 01 0a c3 |.........C......|
	00a0  0b 83 02 06 03 06 04 96  ca 3f ff ff f8 ca 40 39 |.........?....@9|
	00b0  99 95 ca c0 86 66 68 ca  40 40 00 00 ca 3e cc cc |.....fh.@@...>..|
	00c0  bf ca 00 00 00 00 0c 83  02 00 03 00 04 90 82 13 |................|
	00d0  06 14 85 18 83 17 c2 19  cc 81 1a ff 09 01 0a c3 |................|
	00e0  0b 83 02 0b 03 0b 04 9b  ca c0 b9 99 9a ca c0 06 |................|
	00f0  66 62 ca 40 60 00 00 ca  c0 e0 00 00 ca c0 a3 33 |fb.@`..........3|
	0100  31 ca bf 66 66 60 ca c0  00 00 00 ca 3f b3 33 33 |1..ff`......?.33|
[140] +5.783086 ASYNC-IN-SUBMIT ep=0x81 len=0 type=BULK (in, awaiting data)
[141] +5.783112 ASYNC-OUT ep=0x01 len=16 type=BULK 
	0000  08 00 00 18 80 10 ed 03  00 09 00 08 98 12 00 00 |................|
[142] +5.783156 ASYNC-OUT-DONE ep=0x01 len=0 status=0 actual=16
[143] +5.783215 ASYNC-IN-DONE ep=0x81 len=272 status=0 actual=272
	0000  08 01 00 18 ed 03 80 10  00 0a 00 04 50 02 00 00 |............P...|
	0010  ca c1 26 66 66 ca c1 70  00 00 ca 00 00 00 00 0c |..&ff..p........|
	0020  83 02 00 03 00 04 90 82  13 06 14 85 18 83 17 c2 |................|
	0030  19 78 1a ff 09 01 0a c3  0b 83 02 06 03 06 04 96 |.x..............|
	0040  ca 3e a8 f5 c3 ca 3f 11  eb 83 c2 ca 3d b8 51 f0 |.>....?.....=.Q.|
	0050  ca 3f 80 00 00 ca 00 00  00 00 0c 83 02 00 03 00 |.?..............|
	0060  04 90 82 13 08 14 c0 82  13 08 14 c0 82 13 01 14 |................|
	0070  82 06 01 07 83 02 02 03  02 04 92 ca 3f 00 00 00 |............?...|
	0080  ca 00 00 00 00 82 13 02  14 83 0e 82 05 00 07 83 |................|
	0090  02 00 03 00 04 90 0f 84  08 cd 01 01 0d 00 0a c3 |................|
	00a0  07 83 02 03 03 03 04 93  ca 3f 00 00 00 ca 3f 00 |.........?....?.|
	00b0  00 00 c2 12 c2 82 13 08  14 c0 82 13 08 14 c0 82 |................|
	00c0  13 08 14 c0 82 13 08 14  c0 82 13 08 14 c0 82 13 |................|
	00d0  08 14 c0 82 13 08 14 c0  82 13 08 14 c0 82 13 03 |................|
	00e0  14 83 10 82 06 00 07 83  02 00 03 00 04 90 11 84 |................|
	00f0  08 cc 97 0d 00 0a c3 07  83 02 06 03 06 04 96 ca |................|
	0100  00 00 00 00 ca 3f 00 00  00 ca 00 00 00 00 ca 3f |.....?.........?|
[144] +5.783418 ASYNC-IN-SUBMIT ep=0x81 len=0 type=BULK (in, awaiting data)
[145] +5.783443 ASYNC-OUT ep=0x01 len=16 type=BULK 
	0000  08 00 00 18 80 10 ed 03  00 0a 00 08 98 13 00 00 |................|
[146] +5.783483 ASYNC-OUT-DONE ep=0x01 len=0 status=0 actual=16
[147] +5.783567 ASYNC-OUT-DONE ep=0x01 len=0 status=0 actual=16
[148] +5.783857 ASYNC-IN-DONE ep=0x81 len=272 status=0 actual=272
	0000  08 01 00 18 ed 03 80 10  00 0b 00 04 50 02 00 00 |............P...|
	0010  00 00 00 c2 ca 00 00 00  00 12 c2 01 c0 03 82 07 |................|
	0020  01 08 95 c0 c0 c0 c0 c0  04 9a c0 c0 c0 c0 c0 c0 |................|
	0030  c0 c0 c0 c0 02 82 00 9d  d1 00 00 d1 00 00 d1 00 |................|
	0040  00 d1 00 00 d1 00 00 d1  00 00 d1 00 00 d1 00 00 |................|
	0050  d1 00 00 d1 00 00 d1 00  00 d1 00 00 d1 00 00 01 |................|
	0060  9d 97 cc 00 cc 00 cc 00  cc 00 cc 00 cc 00 cc 00 |................|
	0070  97 cc 00 cc 00 cc 00 cc  00 cc 00 cc 00 cc 00 97 |................|
	0080  cc 00 cc 00 cc 00 cc 00  cc 00 cc 00 cc 00 97 cc |................|
	0090  00 cc 00 cc 00 cc 00 cc  00 cc 00 cc 00 97 cc 00 |................|
	00a0  cc 00 cc 00 cc 00 cc 00  cc 00 cc 00 97 cc 00 cc |................|
	00b0  00 cc 00 cc 00 cc 00 cc  00 cc 00 97 cc 00 cc 00 |................|
	00c0  cc 00 cc 00 cc 00 cc 00  cc 00 97 cc 00 cc 00 cc |................|
	00d0  00 cc 00 cc 00 cc 00 cc  00 97 cc 00 cc 00 cc 00 |................|
	00e0  cc 00 cc 00 cc 00 cc 00  97 cc 00 cc 00 cc 00 cc |................|
	00f0  00 cc 00 cc 00 cc 00 97  cc 00 cc 00 cc 00 cc 00 |................|
	0100  cc 00 cc 00 cc 00 97 cc  00 cc 00 cc 00 cc 00 cc |................|
[149] +5.784031 ASYNC-IN-SUBMIT ep=0x81 len=0 type=BULK (in, awaiting data)
[150] +5.784052 ASYNC-OUT ep=0x01 len=16 type=BULK 
	0000  08 00 00 18 80 10 ed 03  00 0b 00 08 98 14 00 00 |................|
[151] +5.784151 ASYNC-OUT-DONE ep=0x01 len=0 status=0 actual=16
[152] +5.784456 ASYNC-IN-DONE ep=0x81 len=272 status=0 actual=272
	0000  08 01 00 18 ed 03 80 10  00 0c 00 04 50 02 00 00 |............P...|
	0010  00 cc 00 cc 00 97 cc 00  cc 00 cc 00 cc 00 cc 00 |................|
	0020  cc 00 cc 00 05 8f 10 ca  42 f0 00 00 2d 00 2e ca |........B...-...|
	0030  bd cc cc d0 2f ca bd cc  cc d0 30 00 31 c3 32 00 |..../.....0.1.2.|
	0040  33 00 34 00 35 00 36 00  37 00 38 c3 1e 00 cc 86 |3.4.5.6.7.8.....|
	0050  00 06 82 62 03 1a 00 0a  86 06 00 07 00 08 00 09 |...b............|
	0060  14 0a 93 88 00 c3 01 9b  93 0d c2 97 00 00 00 00 |................|
	0070  00 00 00 93 0d c2 97 00  00 00 00 00 00 00 93 0d |................|
	0080  c2 97 00 00 00 00 00 00  00 93 0d c2 97 00 00 00 |................|
	0090  00 00 00 00 93 0d c2 97  00 00 00 00 00 00 00 93 |................|
	00a0  0d c2 97 00 00 00 00 00  00 00 93 0d c2 97 00 00 |................|
	00b0  00 00 00 00 00 93 0d c2  97 00 00 00 00 00 00 00 |................|
	00c0  93 0d c2 97 00 00 00 00  00 00 00 93 0d c2 97 00 |................|
	00d0  00 00 00 00 00 00 93 0d  c2 97 00 00 00 00 00 00 |................|
	00e0  00 02 dc 00 40 93 c2 40  c0 93 c2 40 c0 93 c2 40 |....@..@...@...@|
	00f0  c0 93 c2 40 c0 93 c2 40  c0 93 c2 40 c0 93 c2 40 |...@...@...@...@|
	0100  c0 93 c2 40 c0 93 c2 40  c0 93 c2 40 c0 93 c2 40 |...@...@...@...@|
[153] +5.784645 ASYNC-IN-SUBMIT ep=0x81 len=0 type=BULK (in, awaiting data)
[154] +5.784668 ASYNC-OUT ep=0x01 len=16 type=BULK 
	0000  08 00 00 18 80 10 ed 03  00 0c 00 08 98 15 00 00 |................|
[155] +5.784774 ASYNC-OUT-DONE ep=0x01 len=0 status=0 actual=16
[156] +5.785545 ASYNC-IN-DONE ep=0x81 len=272 status=0 actual=272
	0000  08 01 00 18 ed 03 80 10  00 0d 00 04 50 02 00 00 |............P...|
	0010  c0 93 c2 40 c0 93 c2 40  c0 93 c2 40 c0 93 c2 40 |...@...@...@...@|
	0020  c0 93 c2 40 c0 93 c2 40  c0 93 c2 40 c0 93 c2 40 |...@...@...@...@|
	0030  c0 93 c2 40 c0 93 c2 40  c0 93 c2 40 c0 93 c2 40 |...@...@...@...@|
	0040  c0 93 c2 40 c0 93 c2 40  c0 93 c2 40 c0 93 c2 40 |...@...@...@...@|
	0050  c0 93 c2 40 c0 93 c2 40  c0 93 c2 40 c0 93 c2 40 |...@...@...@...@|
	0060  c0 93 c2 40 c0 93 c2 40  c0 93 c2 40 c0 93 c2 40 |...@...@...@...@|
	0070  c0 93 c2 40 c0 93 c2 40  c0 93 c2 40 c0 93 c2 40 |...@...@...@...@|
	0080  c0 93 c2 40 c0 93 c2 40  c0 93 c2 40 c0 93 c2 40 |...@...@...@...@|
	0090  c0 93 c2 40 c0 93 c2 40  c0 93 c2 40 c0 93 c2 40 |...@...@...@...@|
	00a0  c0 93 c2 40 c0 93 c2 40  c0 93 c2 40 c0 93 c2 40 |...@...@...@...@|
	00b0  c0 93 c2 40 c0 93 c2 40  c0 93 c2 40 c0 93 c2 40 |...@...@...@...@|
	00c0  c0 93 c2 40 c0 93 c2 40  c0 93 c2 40 c0 93 c2 40 |...@...@...@...@|
	00d0  c0 93 c2 40 c0 93 c2 40  c0 93 c2 40 c0 93 c2 40 |...@...@...@...@|
	00e0  c0 93 c2 40 c0 03 dc 00  14 92 c2 c2 92 c2 c3 92 |...@............|
	00f0  c2 c3 92 c2 c3 92 c2 c3  92 c2 c3 92 c2 c3 92 c2 |................|
	0100  c3 92 c2 c3 92 c2 c2 92  c2 c3 92 c2 c3 92 c2 c3 |................|
[157] +5.785733 ASYNC-IN-SUBMIT ep=0x81 len=0 type=BULK (in, awaiting data)
[158] +5.785770 ASYNC-OUT ep=0x01 len=16 type=BULK 
	0000  08 00 00 18 80 10 ed 03  00 0d 00 08 98 16 00 00 |................|
[159] +5.785896 ASYNC-IN-DONE ep=0x81 len=272 status=0 actual=272
	0000  08 01 00 18 ed 03 80 10  00 0e 00 04 50 02 00 00 |............P...|
	0010  92 c2 c3 92 c2 c3 92 c2  c3 92 c2 c3 92 c2 c3 92 |................|
	0020  c2 c3 92 c2 c2 04 ab 53  4e 41 50 53 48 4f 54 20 |.......SNAPSHOT |
	0030  31 00 0e c2 05 ca 42 f0  00 00 0c 00 88 00 c3 01 |1.....B.........|
	0040  9b 93 0d c2 97 00 00 00  00 00 00 00 93 0d c2 97 |................|
	0050  00 00 00 00 00 00 00 93  0d c2 97 00 00 00 00 00 |................|
	0060  00 00 93 0d c2 97 00 00  00 00 00 00 00 93 0d c2 |................|
	0070  97 00 00 00 00 00 00 00  93 0d c2 97 00 00 00 00 |................|
	0080  00 00 00 93 0d c2 97 00  00 00 00 00 00 00 93 0d |................|
	0090  c2 97 00 00 00 00 00 00  00 93 0d c2 97 00 00 00 |................|
	00a0  00 00 00 00 93 0d c2 97  00 00 00 00 00 00 00 93 |................|
	00b0  0d c2 97 00 00 00 00 00  00 00 02 dc 00 40 93 c2 |.............@..|
	00c0  40 c0 93 c2 40 c0 93 c2  40 c0 93 c2 40 c0 93 c2 |@...@...@...@...|
	00d0  40 c0 93 c2 40 c0 93 c2  40 c0 93 c2 40 c0 93 c2 |@...@...@...@...|
	00e0  40 c0 93 c2 40 c0 93 c2  40 c0 93 c2 40 c0 93 c2 |@...@...@...@...|
	00f0  40 c0 93 c2 40 c0 93 c2  40 c0 93 c2 40 c0 93 c2 |@...@...@...@...|
	0100  40 c0 93 c2 40 c0 93 c2  40 c0 93 c2 40 c0 93 c2 |@...@...@...@...|
[160] +5.786090 ASYNC-IN-SUBMIT ep=0x81 len=0 type=BULK (in, awaiting data)
[161] +5.786112 ASYNC-OUT ep=0x01 len=16 type=BULK 
	0000  08 00 00 18 80 10 ed 03  00 0e 00 08 98 17 00 00 |................|
[162] +5.786160 ASYNC-OUT-DONE ep=0x01 len=0 status=0 actual=16
[163] +5.786226 ASYNC-OUT-DONE ep=0x01 len=0 status=0 actual=16
[164] +5.786552 ASYNC-IN-DONE ep=0x81 len=272 status=0 actual=272
	0000  08 01 00 18 ed 03 80 10  00 0f 00 04 50 02 00 00 |............P...|
	0010  40 c0 93 c2 40 c0 93 c2  40 c0 93 c2 40 c0 93 c2 |@...@...@...@...|
	0020  40 c0 93 c2 40 c0 93 c2  40 c0 93 c2 40 c0 93 c2 |@...@...@...@...|
	0030  40 c0 93 c2 40 c0 93 c2  40 c0 93 c2 40 c0 93 c2 |@...@...@...@...|
	0040  40 c0 93 c2 40 c0 93 c2  40 c0 93 c2 40 c0 93 c2 |@...@...@...@...|
	0050  40 c0 93 c2 40 c0 93 c2  40 c0 93 c2 40 c0 93 c2 |@...@...@...@...|
	0060  40 c0 93 c2 40 c0 93 c2  40 c0 93 c2 40 c0 93 c2 |@...@...@...@...|
	0070  40 c0 93 c2 40 c0 93 c2  40 c0 93 c2 40 c0 93 c2 |@...@...@...@...|
	0080  40 c0 93 c2 40 c0 93 c2  40 c0 93 c2 40 c0 93 c2 |@...@...@...@...|
	0090  40 c0 93 c2 40 c0 93 c2  40 c0 93 c2 40 c0 93 c2 |@...@...@...@...|
	00a0  40 c0 93 c2 40 c0 93 c2  40 c0 93 c2 40 c0 93 c2 |@...@...@...@...|
	00b0  40 c0 93 c2 40 c0 93 c2  40 c0 93 c2 40 c0 03 dc |@...@...@...@...|
	00c0  00 14 92 c2 c2 92 c2 c3  92 c2 c3 92 c2 c3 92 c2 |................|
	00d0  c3 92 c2 c3 92 c2 c3 92  c2 c3 92 c2 c3 92 c2 c2 |................|
	00e0  92 c2 c3 92 c2 c3 92 c2  c3 92 c2 c3 92 c2 c3 92 |................|
	00f0  c2 c3 92 c2 c3 92 c2 c3  92 c2 c3 92 c2 c2 04 ab |................|
	0100  53 4e 41 50 53 48 4f 54  20 32 00 0e c2 05 ca 42 |SNAPSHOT 2.....B|
[165] +5.786737 ASYNC-IN-SUBMIT ep=0x81 len=0 type=BULK (in, awaiting data)
[166] +5.786757 ASYNC-OUT ep=0x01 len=16 type=BULK 
	0000  08 00 00 18 80 10 ed 03  00 0f 00 08 98 18 00 00 |................|
[167] +5.786860 ASYNC-OUT-DONE ep=0x01 len=0 status=0 actual=16
[168] +5.787097 ASYNC-IN-DONE ep=0x81 len=272 status=0 actual=272
	0000  08 01 00 18 ed 03 80 10  00 10 00 04 50 02 00 00 |............P...|
	0010  f0 00 00 0c 00 88 00 c3  01 9b 93 0d c2 97 00 00 |................|
	0020  00 00 00 00 00 93 0d c2  97 00 00 00 00 00 00 00 |................|
	0030  93 0d c2 97 00 00 00 00  00 00 00 93 0d c2 97 00 |................|
	0040  00 00 00 00 00 00 93 0d  c2 97 00 00 00 00 00 00 |................|
	0050  00 93 0d c2 97 00 00 00  00 00 00 00 93 0d c2 97 |................|
	0060  00 00 00 00 00 00 00 93  0d c2 97 00 00 00 00 00 |................|
	0070  00 00 93 0d c2 97 00 00  00 00 00 00 00 93 0d c2 |................|
	0080  97 00 00 00 00 00 00 00  93 0d c2 97 00 00 00 00 |................|
	0090  00 00 00 02 dc 00 40 93  c2 40 c0 93 c2 40 c0 93 |......@..@...@..|
	00a0  c2 40 c0 93 c2 40 c0 93  c2 40 c0 93 c2 40 c0 93 |.@...@...@...@..|
	00b0  c2 40 c0 93 c2 40 c0 93  c2 40 c0 93 c2 40 c0 93 |.@...@...@...@..|
	00c0  c2 40 c0 93 c2 40 c0 93  c2 40 c0 93 c2 40 c0 93 |.@...@...@...@..|
	00d0  c2 40 c0 93 c2 40 c0 93  c2 40 c0 93 c2 40 c0 93 |.@...@...@...@..|
	00e0  c2 40 c0 93 c2 40 c0 93  c2 40 c0 93 c2 40 c0 93 |.@...@...@...@..|
	00f0  c2 40 c0 93 c2 40 c0 93  c2 40 c0 93 c2 40 c0 93 |.@...@...@...@..|
	0100  c2 40 c0 93 c2 40 c0 93  c2 40 c0 93 c2 40 c0 93 |.@...@...@...@..|
[169] +5.787255 ASYNC-IN-SUBMIT ep=0x81 len=0 type=BULK (in, awaiting data)
[170] +5.787274 ASYNC-OUT ep=0x01 len=16 type=BULK 
	0000  08 00 00 18 80 10 ed 03  00 10 00 08 98 19 00 00 |................|
[171] +5.787372 ASYNC-OUT-DONE ep=0x01 len=0 status=0 actual=16
[172] +5.787720 ASYNC-IN-DONE ep=0x81 len=264 status=0 actual=264
	0000  fe 00 00 18 ed 03 80 10  00 11 00 04 50 02 00 00 |............P...|
	0010  c2 40 c0 93 c2 40 c0 93  c2 40 c0 93 c2 40 c0 93 |.@...@...@...@..|
	0020  c2 40 c0 93 c2 40 c0 93  c2 40 c0 93 c2 40 c0 93 |.@...@...@...@..|
	0030  c2 40 c0 93 c2 40 c0 93  c2 40 c0 93 c2 40 c0 93 |.@...@...@...@..|
	0040  c2 40 c0 93 c2 40 c0 93  c2 40 c0 93 c2 40 c0 93 |.@...@...@...@..|
	0050  c2 40 c0 93 c2 40 c0 93  c2 40 c0 93 c2 40 c0 93 |.@...@...@...@..|
	0060  c2 40 c0 93 c2 40 c0 93  c2 40 c0 93 c2 40 c0 93 |.@...@...@...@..|
	0070  c2 40 c0 93 c2 40 c0 93  c2 40 c0 93 c2 40 c0 93 |.@...@...@...@..|
	0080  c2 40 c0 93 c2 40 c0 93  c2 40 c0 93 c2 40 c0 93 |.@...@...@...@..|
	0090  c2 40 c0 93 c2 40 c0 03  dc 00 14 92 c2 c2 92 c2 |.@...@..........|
	00a0  c3 92 c2 c3 92 c2 c3 92  c2 c3 92 c2 c3 92 c2 c3 |................|
	00b0  92 c2 c3 92 c2 c3 92 c2  c2 92 c2 c3 92 c2 c3 92 |................|
	00c0  c2 c3 92 c2 c3 92 c2 c3  92 c2 c3 92 c2 c3 92 c2 |................|
	00d0  c3 92 c2 c3 92 c2 c2 04  ab 53 4e 41 50 53 48 4f |.........SNAPSHO|
	00e0  54 20 33 00 0e c2 05 ca  42 f0 00 00 0c 00 0d dc |T 3.....B.......|
	00f0  00 14 c3 c3 c3 c3 c3 c3  c3 c3 c3 c3 c3 c3 c3 c3 |................|
	0100  c3 c3 c3 c3 c3 c3 c0 93                          |........|
[173] +5.787894 ASYNC-IN-SUBMIT ep=0x81 len=0 type=BULK (in, awaiting data)
[174] +5.821318 ASYNC-OUT ep=0x01 len=36 type=BULK 
	0000  1b 00 00 18 80 10 ed 03  00 11 00 0c 8e 1a 00 00 |................|
	0010  01 00 06 00 0b 00 00 00  83 66 cd 03 ec 64 18 65 |.........f...d.e|
	0020  81 76 0e 00                                      |.v..|
[175] +5.821582 ASYNC-OUT-DONE ep=0x01 len=0 status=0 actual=36
[176] +5.822431 ASYNC-IN-DONE ep=0x81 len=40 status=0 actual=40
	0000  1f 00 00 18 ed 03 80 10  00 12 00 04 63 02 00 00 |............c...|
	0010  00 00 06 00 0f 00 00 00  83 66 cd 03 ec 67 00 68 |.........f...g.h|
	0020  82 76 cd 00 0e 77 01 93                          |.v...w..|
[177] +5.822517 ASYNC-IN-SUBMIT ep=0x81 len=0 type=BULK (in, awaiting data)
[178] +5.875404 ASYNC-OUT ep=0x01 len=36 type=BULK 
	0000  1b 00 00 18 80 10 ed 03  00 12 00 0c a5 1a 00 00 |................|
	0010  01 00 06 00 0b 00 00 00  83 66 cd 03 ed 64 18 65 |.........f...d.e|
	0020  81 76 49 00                                      |.vI.|
[179] +5.875708 ASYNC-OUT-DONE ep=0x01 len=0 status=0 actual=36
[180] +5.876560 ASYNC-IN-DONE ep=0x81 len=40 status=0 actual=40
	0000  1f 00 00 18 ed 03 80 10  00 13 00 04 76 02 00 00 |............v...|
	0010  00 00 06 00 0f 00 00 00  83 66 cd 03 ed 67 00 68 |.........f...g.h|
	0020  82 76 cd 00 49 77 00 93                          |.v..Iw..|
[181] +5.876654 ASYNC-IN-SUBMIT ep=0x81 len=0 type=BULK (in, awaiting data)
[182] +5.927590 ASYNC-OUT ep=0x01 len=36 type=BULK 
	0000  1c 00 00 18 80 10 ed 03  00 13 00 0c bc 1a 00 00 |................|
	0010  01 00 06 00 0c 00 00 00  83 66 cd 03 ee 64 18 65 |.........f...d.e|
	0020  81 76 cc 88                                      |.v..|
[183] +5.927970 ASYNC-OUT-DONE ep=0x01 len=0 status=0 actual=36
[184] +5.928767 ASYNC-IN-DONE ep=0x81 len=40 status=0 actual=40
	0000  1f 00 00 18 ed 03 80 10  00 14 00 04 8a 02 00 00 |................|
	0010  00 00 06 00 0f 00 00 00  83 66 cd 03 ee 67 00 68 |.........f...g.h|
	0020  82 76 cd 00 88 77 00 93                          |.v...w..|
[185] +5.928834 ASYNC-IN-SUBMIT ep=0x81 len=0 type=BULK (in, awaiting data)
[186] +5.939975 ASYNC-IN-DONE ep=0x81 len=16 status=0 actual=16
	0000  08 00 00 18 ed 03 80 10  00 15 00 08 8a 02 00 00 |................|
[187] +5.940039 ASYNC-IN-SUBMIT ep=0x81 len=0 type=BULK (in, awaiting data)
[188] +5.981623 ASYNC-OUT ep=0x01 len=16 type=BULK 
	0000  08 00 00 18 80 10 ed 03  00 14 00 08 d3 1a 00 00 |................|
[189] +5.981811 ASYNC-OUT ep=0x01 len=36 type=BULK 
	0000  1a 00 00 18 01 10 ef 03  00 04 00 04 09 10 00 00 |................|
	0010  01 00 02 00 0a 00 00 00  83 66 cd 03 e8 64 cc fe |.........f...d..|
	0020  65 80 00 00                                      |e...|
[190] +5.981929 ASYNC-OUT-DONE ep=0x01 len=0 status=0 actual=16
[191] +5.982034 ASYNC-OUT-DONE ep=0x01 len=0 status=0 actual=36
[192] +5.982817 ASYNC-IN-DONE ep=0x81 len=36 status=0 actual=36
	0000  19 00 00 18 ef 03 01 10  00 04 00 04 1b 02 00 00 |................|
	0010  00 00 02 00 09 00 00 00  83 66 cd 03 e8 67 00 68 |.........f...g.h|
	0020  c0 76 cd 00                                      |.v..|
[193] +5.982919 ASYNC-IN-SUBMIT ep=0x81 len=0 type=BULK (in, awaiting data)
[194] +6.034767 ASYNC-OUT ep=0x01 len=16 type=BULK 
	0000  08 00 00 18 01 10 ef 03  00 05 00 08 1a 10 00 00 |................|
[195] +6.035061 ASYNC-OUT-DONE ep=0x01 len=0 status=0 actual=16
[196] +6.084352 ASYNC-IN-DONE ep=0x81 len=0 status=2 actual=0
[197] +6.084374 ASYNC-IN-SUBMIT ep=0x81 len=0 type=BULK (in, awaiting data)
[198] +6.088005 ASYNC-OUT ep=0x01 len=36 type=BULK 
	0000  1b 00 00 18 80 10 ed 03  00 15 00 04 d3 1a 00 00 |................|
	0010  01 00 06 00 0b 00 00 00  83 66 cd 03 ef 64 18 65 |.........f...d.e|
	0020  81 76 1b 00                                      |.v..|
[199] +6.088244 ASYNC-OUT-DONE ep=0x01 len=0 status=0 actual=36
[200] +6.089107 ASYNC-IN-DONE ep=0x81 len=40 status=0 actual=40
	0000  1f 00 00 18 ed 03 80 10  00 16 00 04 9d 02 00 00 |................|
	0010  00 00 06 00 0f 00 00 00  83 66 cd 03 ef 67 00 68 |.........f...g.h|
	0020  82 76 cd 00 1b 77 c2 93                          |.v...w..|
[201] +6.089153 ASYNC-IN-SUBMIT ep=0x81 len=0 type=BULK (in, awaiting data)
[202] +6.141723 ASYNC-IN-DONE ep=0x81 len=16 status=0 actual=16
	0000  08 00 00 18 ef 03 01 10  00 05 00 08 1b 02 00 00 |................|
[203] +6.141762 ASYNC-IN-SUBMIT ep=0x81 len=0 type=BULK (in, awaiting data)
[204] +6.141894 ASYNC-IN-DONE ep=0x81 len=16 status=0 actual=16
	0000  08 00 00 18 ed 03 80 10  00 17 00 08 9d 02 00 00 |................|
[205] +6.141909 ASYNC-IN-SUBMIT ep=0x81 len=0 type=BULK (in, awaiting data)
[206] +6.142046 ASYNC-OUT ep=0x01 len=36 type=BULK 
	0000  19 00 00 18 80 10 ed 03  00 16 00 0c ea 1a 00 00 |................|
	0010  01 00 06 00 09 00 00 00  83 66 cd 03 f0 64 63 65 |.........f...dce|
	0020  80 00 00 00                                      |....|
[207] +6.142237 ASYNC-OUT ep=0x01 len=36 type=BULK 
	0000  19 00 00 18 01 10 ef 03  00 06 00 04 1a 10 00 00 |................|
	0010  01 00 02 00 09 00 00 00  83 66 cd 03 e9 64 00 65 |.........f...d.e|
	0020  c0 00 00 00                                      |....|
[208] +6.142333 ASYNC-OUT-DONE ep=0x01 len=0 status=0 actual=36
[209] +6.142429 ASYNC-OUT-DONE ep=0x01 len=0 status=0 actual=36
[210] +6.143375 ASYNC-IN-DONE ep=0x81 len=36 status=0 actual=36
	0000  1b 00 00 18 ed 03 80 10  00 18 00 04 ae 02 00 00 |................|
	0010  00 00 06 00 0b 00 00 00  83 66 cd 03 f0 67 00 68 |.........f...g.h|
	0020  81 3f c2 00                                      |.?..|
[211] +6.143402 ASYNC-IN-SUBMIT ep=0x81 len=0 type=BULK (in, awaiting data)
[212] +6.145635 ASYNC-IN-DONE ep=0x81 len=48 status=0 actual=48
	0000  26 00 00 18 ef 03 01 10  00 06 00 04 2c 02 00 00 |&...........,...|
	0010  00 00 e1 28 16 00 00 00  83 66 cd 03 e9 67 00 68 |...(.....f...g.h|
	0020  91 81 cd 00 00 a8 50 52  45 53 45 54 53 00 c0 93 |......PRESETS...|
[213] +6.145661 ASYNC-IN-SUBMIT ep=0x81 len=0 type=BULK (in, awaiting data)
[214] +6.194206 ASYNC-OUT ep=0x01 len=16 type=BULK 
	0000  08 00 00 18 80 10 ed 03  00 17 00 08 fd 1a 00 00 |................|
[215] +6.194366 ASYNC-OUT ep=0x01 len=40 type=BULK 
	0000  1d 00 00 18 01 10 ef 03  00 07 00 0c 38 10 00 00 |............8...|
	0010  01 00 02 00 0d 00 00 00  83 66 cd 03 ea 64 01 65 |.........f...d.e|
	0020  82 6b 00 65 02 00 00 00                          |.k.e....|
[216] +6.194479 ASYNC-OUT-DONE ep=0x01 len=0 status=0 actual=16
[217] +6.194575 ASYNC-OUT-DONE ep=0x01 len=0 status=0 actual=40
[218] +6.258411 ASYNC-IN-DONE ep=0x81 len=0 status=2 actual=0
[219] +6.258436 ASYNC-IN-SUBMIT ep=0x81 len=0 type=BULK (in, awaiting data)
[220] +6.325001 ASYNC-IN-DONE ep=0x81 len=272 status=0 actual=272
	0000  08 01 00 18 ef 03 01 10  00 07 00 04 41 02 00 00 |............A...|
	0010  00 00 02 00 31 0e 00 00  83 66 cd 03 ea 67 00 68 |....1....f...g.h|
	0020  dc 00 7e 81 cd 00 00 84  cd 00 6d ac 43 54 2d 42 |..~.......m.CT-B|
	0030  6c 61 63 6b 65 6e 64 00  7b c2 7c c2 7d 00 81 cd |lackend.{.|.}...|
	0040  00 01 84 cd 00 6d ab 43  54 2d 44 61 79 20 43 4c |.....m.CT-Day CL|
	0050  4e 00 7b c2 7c c2 7d 00  81 cd 00 02 84 cd 00 6d |N.{.|.}........m|
	0060  ab 43 54 2d 44 61 79 20  52 68 79 00 7b c2 7c c2 |.CT-Day Rhy.{.|.|
	0070  7d 00 81 cd 00 03 84 cd  00 6d ad 43 54 2d 45 6e |}........m.CT-En|
	0080  74 65 72 20 52 68 79 00  7b c2 7c c2 7d 00 81 cd |ter Rhy.{.|.}...|
	0090  00 04 84 cd 00 6d ae 43  54 2d 4d 61 73 74 65 72 |.....m.CT-Master|
	00a0  20 43 4c 4e 00 7b c2 7c  c2 7d 00 81 cd 00 05 84 | CLN.{.|.}......|
	00b0  cd 00 6d af 43 54 2d 4d  61 73 74 65 72 20 4c 65 |..m.CT-Master Le|
	00c0  61 64 00 7b c2 7c c2 7d  00 81 cd 00 06 84 cd 00 |ad.{.|.}........|
	00d0  6d ae 43 54 2d 4d 61 73  74 65 72 20 52 68 79 00 |m.CT-Master Rhy.|
	00e0  7b c2 7c c2 7d 00 81 cd  00 07 84 cd 00 6d a7 43 |{.|.}........m.C|
	00f0  54 2d 53 61 64 00 7b c2  7c c2 7d 00 81 cd 00 08 |T-Sad.{.|.}.....|
	0100  84 cd 00 6d ad 43 54 2d  55 6e 66 6f 20 4c 65 61 |...m.CT-Unfo Lea|
[221] +6.325113 ASYNC-IN-SUBMIT ep=0x81 len=0 type=BULK (in, awaiting data)
[222] +6.325219 ASYNC-OUT ep=0x01 len=16 type=BULK 
	0000  08 00 00 18 01 10 ef 03  00 08 00 08 38 11 00 00 |............8...|
[223] +6.325328 ASYNC-IN-DONE ep=0x81 len=272 status=0 actual=272
	0000  08 01 00 18 ef 03 01 10  00 08 00 04 41 02 00 00 |............A...|
	0010  64 00 7b c2 7c c2 7d 00  81 cd 00 09 84 cd 00 6d |d.{.|.}........m|
	0020  ac 43 54 2d 55 6e 66 6f  20 52 68 79 00 7b c2 7c |.CT-Unfo Rhy.{.||
	0030  c2 7d 00 81 cd 00 0a 84  cd 00 6d af 46 58 3a 53 |.}........m.FX:S|
	0040  6f 66 74 20 46 69 6c 74  65 72 00 7b c2 7c c2 7d |oft Filter.{.|.}|
	0050  00 81 cd 00 0b 84 cd 00  6d ac 46 58 3a 53 6f 6c |........m.FX:Sol|
	0060  69 74 75 64 65 00 7b c2  7c c2 7d 00 81 cd 00 0c |itude.{.|.}.....|
	0070  84 cd 00 6d b0 46 58 3a  35 74 68 20 54 68 65 6e |...m.FX:5th Then|
	0080  20 37 74 68 00 7b c2 7c  c2 7d 00 81 cd 00 0d 84 | 7th.{.|.}......|
	0090  cd 00 6d aa 46 58 3a 53  79 6e 65 72 47 00 7b c2 |..m.FX:SynerG.{.|
	00a0  7c c2 7d 00 81 cd 00 0e  84 cd 00 6d ac 46 58 3a ||.}........m.FX:|
	00b0  54 77 69 6c 69 67 68 74  00 7b c2 7c c2 7d 00 81 |Twilight.{.|.}..|
	00c0  cd 00 0f 84 cd 00 6d ae  46 58 3a 57 61 79 20 53 |......m.FX:Way S|
	00d0  74 6f 6b 65 64 00 7b c2  7c c2 7d 00 81 cd 00 10 |toked.{.|.}.....|
	00e0  84 cd 00 6d ae 46 58 3a  42 65 61 63 68 20 46 75 |...m.FX:Beach Fu|
	00f0  7a 7a 00 7b c2 7c c2 7d  00 81 cd 00 11 84 cd 00 |zz.{.|.}........|
	0100  6d ae 46 58 3a 53 6c 75  64 67 65 67 61 7a 65 00 |m.FX:Sludgegaze.|
[224] +6.325410 ASYNC-IN-SUBMIT ep=0x81 len=0 type=BULK (in, awaiting data)
[225] +6.325455 ASYNC-OUT ep=0x01 len=16 type=BULK 
	0000  08 00 00 18 01 10 ef 03  00 09 00 08 38 12 00 00 |............8...|
[226] +6.325471 ASYNC-OUT-DONE ep=0x01 len=0 status=0 actual=16
[227] +6.325554 ASYNC-OUT-DONE ep=0x01 len=0 status=0 actual=16
[228] +6.325677 ASYNC-IN-DONE ep=0x81 len=272 status=0 actual=272
	0000  08 01 00 18 ef 03 01 10  00 09 00 04 41 02 00 00 |............A...|
	0010  7b c2 7c c2 7d 00 81 cd  00 12 84 cd 00 6d ae 46 |{.|.}........m.F|
	0020  58 3a 54 72 65 6d 65 6e  74 69 6e 65 00 7b c2 7c |X:Trementine.{.||
	0030  c2 7d 00 81 cd 00 13 84  cd 00 6d b0 46 58 3a 48 |.}........m.FX:H|
	0040  6f 72 72 6f 72 20 53 63  6f 72 65 00 7b c2 7c c2 |orror Score.{.|.|
	0050  7d 00 81 cd 00 14 84 cd  00 6d af 46 58 3a 53 65 |}........m.FX:Se|
	0060  74 20 74 6f 20 53 74 75  6e 00 7b c2 7c c2 7d 00 |t to Stun.{.|.}.|
	0070  81 cd 00 15 84 cd 00 6d  b0 44 49 52 3a 55 53 44 |.......m.DIR:USD|
	0080  6f 75 62 6c 65 4e 72 6d  00 7b c2 7c c2 7d 00 81 |oubleNrm.{.|.}..|
	0090  cd 00 16 84 cd 00 6d ae  44 49 52 3a 45 73 73 65 |......m.DIR:Esse|
	00a0  78 20 41 33 30 00 7b c2  7c c2 7d 00 81 cd 00 17 |x A30.{.|.}.....|
	00b0  84 cd 00 6d b1 44 49 52  3a 43 61 6c 69 52 65 63 |...m.DIR:CaliRec|
	00c0  74 69 66 72 65 00 7b c2  7c c2 7d 00 81 cd 00 18 |tifre.{.|.}.....|
	00d0  84 cd 00 6d b1 44 49 52  3a 4a 61 7a 7a 52 69 76 |...m.DIR:JazzRiv|
	00e0  65 74 31 32 30 00 7b c2  7c c2 7d 00 81 cd 00 19 |et120.{.|.}.....|
	00f0  84 cd 00 6d af 44 49 52  3a 4d 61 74 63 68 73 74 |...m.DIR:Matchst|
	0100  69 63 6b 00 7b c2 7c c2  7d 00 81 cd 00 1a 84 cd |ick.{.|.}.......|
[229] +6.325746 ASYNC-IN-SUBMIT ep=0x81 len=0 type=BULK (in, awaiting data)
[230] +6.325775 ASYNC-OUT ep=0x01 len=16 type=BULK 
	0000  08 00 00 18 01 10 ef 03  00 0a 00 08 38 13 00 00 |............8...|
[231] +6.325917 ASYNC-OUT-DONE ep=0x01 len=0 status=0 actual=16
[232] +6.326626 ASYNC-IN-DONE ep=0x81 len=272 status=0 actual=272
	0000  08 01 00 18 ef 03 01 10  00 0a 00 04 41 02 00 00 |............A...|
	0010  00 6d b1 44 49 52 3a 43  61 72 74 6f 67 72 61 70 |.m.DIR:Cartograp|
	0020  68 65 72 00 7b c2 7c c2  7d 00 81 cd 00 1b 84 cd |her.{.|.}.......|
	0030  00 6d ae 44 49 52 3a 4c  69 74 69 67 61 74 6f 72 |.m.DIR:Litigator|
	0040  00 7b c2 7c c2 7d 00 81  cd 00 1c 84 cd 00 6d ad |.{.|.}........m.|
	0050  44 49 52 3a 44 65 72 61  69 6c 65 64 00 7b c2 7c |DIR:Derailed.{.||
	0060  c2 7d 00 81 cd 00 1d 84  cd 00 6d ad 44 49 52 3a |.}........m.DIR:|
	0070  4d 61 68 61 64 65 76 61  00 7b c2 7c c2 7d 00 81 |Mahadeva.{.|.}..|
	0080  cd 00 1e 84 cd 00 6d b0  44 49 52 3a 50 6c 61 63 |......m.DIR:Plac|
	0090  61 74 65 72 43 6c 6e 00  7b c2 7c c2 7d 00 81 cd |aterCln.{.|.}...|
	00a0  00 1f 84 cd 00 6d b0 44  49 52 3a 50 6c 61 63 61 |.....m.DIR:Placa|
	00b0  74 65 72 44 72 74 00 7b  c2 7c c2 7d 00 81 cd 00 |terDrt.{.|.}....|
	00c0  20 84 cd 00 6d b0 44 49  52 3a 41 4e 47 4c 20 4d | ...m.DIR:ANGL M|
	00d0  65 74 65 6f 72 00 7b c2  7c c2 7d 00 81 cd 00 21 |eteor.{.|.}....!|
	00e0  84 cd 00 6d b1 44 49 52  3a 41 72 63 68 65 74 79 |...m.DIR:Archety|
	00f0  70 65 43 6c 6e 00 7b c2  7c c2 7d 00 81 cd 00 22 |peCln.{.|.}...."|
	0100  84 cd 00 6d b1 44 49 52  3a 43 61 6c 69 54 65 78 |...m.DIR:CaliTex|
[233] +6.326729 ASYNC-IN-SUBMIT ep=0x81 len=0 type=BULK (in, awaiting data)
[234] +6.326776 ASYNC-OUT ep=0x01 len=16 type=BULK 
	0000  08 00 00 18 01 10 ef 03  00 0b 00 08 38 14 00 00 |............8...|
[235] +6.326951 ASYNC-IN-DONE ep=0x81 len=272 status=0 actual=272
	0000  08 01 00 18 ef 03 01 10  00 0b 00 04 41 02 00 00 |............A...|
	0010  61 73 43 68 32 00 7b c2  7c c2 7d 00 81 cd 00 23 |asCh2.{.|.}....#|
	0020  84 cd 00 6d b1 44 49 52  3a 41 72 63 68 65 74 79 |...m.DIR:Archety|
	0030  70 65 4c 65 64 00 7b c2  7c c2 7d 00 81 cd 00 24 |peLed.{.|.}....$|
	0040  84 cd 00 6d b0 44 49 52  3a 57 68 6f 57 61 74 74 |...m.DIR:WhoWatt|
	0050  20 31 30 30 00 7b c2 7c  c2 7d 00 81 cd 00 25 84 | 100.{.|.}....%.|
	0060  cd 00 6d b1 44 49 52 3a  56 6f 6c 74 61 67 65 51 |..m.DIR:VoltageQ|
	0070  75 65 65 6e 00 7b c2 7c  c2 7d 00 81 cd 00 26 84 |ueen.{.|.}....&.|
	0080  cd 00 6d b0 44 49 52 3a  4d 61 6e 64 61 72 69 6e |..m.DIR:Mandarin|
	0090  20 38 30 00 7b c2 7c c2  7d 00 81 cd 00 27 84 cd | 80.{.|.}....'..|
	00a0  00 6d af 44 49 52 3a 48  74 6c 20 43 61 6c 69 4a |.m.DIR:Htl CaliJ|
	00b0  53 00 7b c2 7c c2 7d 00  81 cd 00 28 84 cd 00 6d |S.{.|.}....(...m|
	00c0  b1 44 49 52 3a 41 6c 77  79 73 53 61 74 63 68 4a |.DIR:AlwysSatchJ|
	00d0  53 00 7b c2 7c c2 7d 00  81 cd 00 29 84 cd 00 6d |S.{.|.}....)...m|
	00e0  af 44 49 52 3a 45 4a 20  44 6f 76 65 72 4a 53 00 |.DIR:EJ DoverJS.|
	00f0  7b c2 7c c2 7d 00 81 cd  00 2a 84 cd 00 6d b1 44 |{.|.}....*...m.D|
	0100  49 52 3a 53 65 61 72 65  64 20 47 75 79 4a 53 00 |IR:Seared GuyJS.|
[236] +6.327024 ASYNC-IN-SUBMIT ep=0x81 len=0 type=BULK (in, awaiting data)
[237] +6.327091 ASYNC-OUT ep=0x01 len=16 type=BULK 
	0000  08 00 00 18 01 10 ef 03  00 0c 00 08 38 15 00 00 |............8...|
[238] +6.327107 ASYNC-OUT-DONE ep=0x01 len=0 status=0 actual=16
[239] +6.327205 ASYNC-OUT-DONE ep=0x01 len=0 status=0 actual=16
[240] +6.327576 ASYNC-IN-DONE ep=0x81 len=272 status=0 actual=272
	0000  08 01 00 18 ef 03 01 10  00 0c 00 04 41 02 00 00 |............A...|
	0010  7b c2 7c c2 7d 00 81 cd  00 2b 84 cd 00 6d b1 44 |{.|.}....+...m.D|
	0020  49 52 3a 4a 42 65 63 6b  4c 76 65 72 73 4a 53 00 |IR:JBeckLversJS.|
	0030  7b c2 7c c2 7d 00 81 cd  00 2c 84 cd 00 6d b1 44 |{.|.}....,...m.D|
	0040  49 52 3a 50 74 72 63 69  47 4d 6f 6f 6e 4a 53 00 |IR:PtrciGMoonJS.|
	0050  7b c2 7c c2 7d 00 81 cd  00 2d 84 cd 00 6d ac 44 |{.|.}....-...m.D|
	0060  49 52 3a 54 65 78 61 73  4a 53 00 7b c2 7c c2 7d |IR:TexasJS.{.|.}|
	0070  00 81 cd 00 2e 84 cd 00  6d b1 44 49 52 3a 53 74 |........m.DIR:St|
	0080  65 65 6c 79 20 4b 69 64  4a 53 00 7b c2 7c c2 7d |eely KidJS.{.|.}|
	0090  00 81 cd 00 2f 84 cd 00  6d ae 44 49 52 3a 56 48 |..../...m.DIR:VH|
	00a0  20 4a 75 6d 70 4a 53 00  7b c2 7c c2 7d 00 81 cd | JumpJS.{.|.}...|
	00b0  00 30 84 cd 00 6d ae 44  49 52 3a 57 68 6f 57 61 |.0...m.DIR:WhoWa|
	00c0  74 74 4a 53 00 7b c2 7c  c2 7d 00 81 cd 00 31 84 |ttJS.{.|.}....1.|
	00d0  cd 00 6d b1 44 49 52 3a  52 65 6c 61 74 69 76 69 |..m.DIR:Relativi|
	00e0  74 79 47 44 00 7b c2 7c  c2 7d 00 81 cd 00 32 84 |tyGD.{.|.}....2.|
	00f0  cd 00 6d ac 44 49 52 3a  42 72 6f 77 6e 47 44 00 |..m.DIR:BrownGD.|
	0100  7b c2 7c c2 7d 00 81 cd  00 33 84 cd 00 6d ab 44 |{.|.}....3...m.D|
[241] +6.327653 ASYNC-IN-SUBMIT ep=0x81 len=0 type=BULK (in, awaiting data)
[242] +6.327685 ASYNC-OUT ep=0x01 len=16 type=BULK 
	0000  08 00 00 18 01 10 ef 03  00 0d 00 08 38 16 00 00 |............8...|
[243] +6.327793 ASYNC-OUT-DONE ep=0x01 len=0 status=0 actual=16
[244] +6.328186 ASYNC-IN-DONE ep=0x81 len=272 status=0 actual=272
	0000  08 01 00 18 ef 03 01 10  00 0d 00 04 41 02 00 00 |............A...|
	0010  49 52 3a 53 69 6c 6b 47  44 00 7b c2 7c c2 7d 00 |IR:SilkGD.{.|.}.|
	0020  81 cd 00 34 84 cd 00 6d  b1 44 49 52 3a 54 68 65 |...4...m.DIR:The|
	0030  20 44 6f 63 74 65 72 47  44 00 7b c2 7c c2 7d 00 | DocterGD.{.|.}.|
	0040  81 cd 00 35 84 cd 00 6d  ae 44 49 52 3a 56 69 6e |...5...m.DIR:Vin|
	0050  74 61 67 65 47 44 00 7b  c2 7c c2 7d 00 81 cd 00 |tageGD.{.|.}....|
	0060  36 84 cd 00 6d b0 44 49  52 3a 45 6d 69 6e 20 47 |6...m.DIR:Emin G|
	0070  61 6c 6c 6f 70 00 7b c2  7c c2 7d 00 81 cd 00 37 |allop.{.|.}....7|
	0080  84 cd 00 6d b0 44 49 52  3a 42 72 6f 77 6e 20 53 |...m.DIR:Brown S|
	0090  75 67 61 72 00 7b c2 7c  c2 7d 00 81 cd 00 38 84 |ugar.{.|.}....8.|
	00a0  cd 00 6d b1 44 49 52 3a  20 46 69 6c 74 72 64 20 |..m.DIR: Filtrd |
	00b0  46 75 7a 7a 00 7b c2 7c  c2 7d 00 81 cd 00 39 84 |Fuzz.{.|.}....9.|
	00c0  cd 00 6d b1 44 49 52 3a  45 76 65 72 79 20 42 72 |..m.DIR:Every Br|
	00d0  65 61 74 68 00 7b c2 7c  c2 7d 00 81 cd 00 3a 84 |eath.{.|.}....:.|
	00e0  cd 00 6d b1 44 49 52 3a  4e 6f 20 4e 61 6d 65 20 |..m.DIR:No Name |
	00f0  4c 61 6e 65 00 7b c2 7c  c2 7d 00 81 cd 00 3b 84 |Lane.{.|.}....;.|
	0100  cd 00 6d af 44 49 52 3a  24 20 46 6f 72 20 4e 61 |..m.DIR:$ For Na|
[245] +6.328293 ASYNC-IN-SUBMIT ep=0x81 len=0 type=BULK (in, awaiting data)
[246] +6.328343 ASYNC-OUT ep=0x01 len=16 type=BULK 
	0000  08 00 00 18 01 10 ef 03  00 0e 00 08 38 17 00 00 |............8...|
[247] +6.328456 ASYNC-OUT-DONE ep=0x01 len=0 status=0 actual=16
[248] +6.328690 ASYNC-IN-DONE ep=0x81 len=272 status=0 actual=272
	0000  08 01 00 18 ef 03 01 10  00 0e 00 04 41 02 00 00 |............A...|
	0010  64 61 00 7b c2 7c c2 7d  00 81 cd 00 3c 84 cd 00 |da.{.|.}....<...|
	0020  6d ac 44 49 52 3a 53 75  6c 74 61 6e 73 00 7b c2 |m.DIR:Sultans.{.|
	0030  7c c2 7d 00 81 cd 00 3d  84 cd 00 6d b1 44 49 52 ||.}....=...m.DIR|
	0040  3a 48 65 61 72 74 62 72  65 61 6b 65 72 00 7b c2 |:Heartbreaker.{.|
	0050  7c c2 7d 00 81 cd 00 3e  84 cd 00 6d ae 44 49 52 ||.}....>...m.DIR|
	0060  3a 48 61 6e 67 61 72 20  31 39 00 7b c2 7c c2 7d |:Hangar 19.{.|.}|
	0070  00 81 cd 00 3f 84 cd 00  6d ad 44 49 52 3a 47 6c |....?...m.DIR:Gl|
	0080  6f 73 73 61 72 79 00 7b  c2 7c c2 7d 00 81 cd 00 |ossary.{.|.}....|
	0090  40 84 cd 00 6d b0 44 49  52 3a 50 6f 70 20 4d 79 |@...m.DIR:Pop My|
	00a0  20 50 75 6e 6b 00 7b c2  7c c2 7d 00 81 cd 00 41 | Punk.{.|.}....A|
	00b0  84 cd 00 6d b0 44 49 52  3a 42 61 64 6f 6e 6b 75 |...m.DIR:Badonku|
	00c0  6c 6f 75 73 00 7b c2 7c  c2 7d 00 81 cd 00 42 84 |lous.{.|.}....B.|
	00d0  cd 00 6d ab 44 49 52 3a  52 65 6c 69 65 66 00 7b |..m.DIR:Relief.{|
	00e0  c2 7c c2 7d 00 81 cd 00  43 84 cd 00 6d af 44 49 |.|.}....C...m.DI|
	00f0  52 3a 44 6a 65 6e 74 6c  65 6d 61 6e 00 7b c2 7c |R:Djentleman.{.||
	0100  c2 7d 00 81 cd 00 44 84  cd 00 6d b1 44 49 52 3a |.}....D...m.DIR:|
[249] +6.328760 ASYNC-IN-SUBMIT ep=0x81 len=0 type=BULK (in, awaiting data)
[250] +6.328790 ASYNC-OUT ep=0x01 len=16 type=BULK 
	0000  08 00 00 18 01 10 ef 03  00 0f 00 08 38 18 00 00 |............8...|
[251] +6.328895 ASYNC-OUT-DONE ep=0x01 len=0 status=0 actual=16
[252] +6.329424 ASYNC-IN-DONE ep=0x81 len=272 status=0 actual=272
	0000  08 01 00 18 ef 03 01 10  00 0f 00 04 41 02 00 00 |............A...|
	0010  53 6e 75 66 66 6c 75 70  61 67 75 73 00 7b c2 7c |Snufflupagus.{.||
	0020  c2 7d 00 81 cd 00 45 84  cd 00 6d b1 44 49 52 3a |.}....E...m.DIR:|
	0030  47 6f 74 68 20 6f 72 20  4d 6f 64 3f 00 7b c2 7c |Goth or Mod?.{.||
	0040  c2 7d 00 81 cd 00 46 84  cd 00 6d af 44 49 52 3a |.}....F...m.DIR:|
	0050  32 2f 33 20 42 65 61 72  64 73 00 7b c2 7c c2 7d |2/3 Beards.{.|.}|
	0060  00 81 cd 00 47 84 cd 00  6d b1 44 49 52 3a 54 65 |....G...m.DIR:Te|
	0070  68 20 42 72 30 30 74 61  6c 7a 00 7b c2 7c c2 7d |h Br00talz.{.|.}|
	0080  00 81 cd 00 48 84 cd 00  6d b0 34 43 4d 3a 43 6c |....H...m.4CM:Cl|
	0090  65 61 6e 20 53 74 61 72  74 00 7b c2 7c c2 7d 00 |ean Start.{.|.}.|
	00a0  81 cd 00 49 84 cd 00 6d  b0 34 43 4d 3a 44 6f 74 |...I...m.4CM:Dot|
	00b0  20 38 20 44 65 6c 61 79  00 7b c2 7c c2 7d 00 81 | 8 Delay.{.|.}..|
	00c0  cd 00 4a 84 cd 00 6d b0  34 43 4d 3a 50 72 65 61 |..J...m.4CM:Prea|
	00d0  6d 70 20 53 77 61 70 00  7b c2 7c c2 7d 00 81 cd |mp Swap.{.|.}...|
	00e0  00 4b 84 cd 00 6d b0 34  43 4d 3a 4e 61 73 68 76 |.K...m.4CM:Nashv|
	00f0  6c 20 53 6f 6c 6f 00 7b  c2 7c c2 7d 00 81 cd 00 |l Solo.{.|.}....|
	0100  4c 84 cd 00 6d ae 34 43  4d 3a 45 70 69 63 20 4c |L...m.4CM:Epic L|
[253] +6.329496 ASYNC-IN-SUBMIT ep=0x81 len=0 type=BULK (in, awaiting data)
[254] +6.329539 ASYNC-OUT ep=0x01 len=16 type=BULK 
	0000  08 00 00 18 01 10 ef 03  00 10 00 08 38 19 00 00 |............8...|
[255] +6.329693 ASYNC-OUT-DONE ep=0x01 len=0 status=0 actual=16
[256] +6.329826 ASYNC-IN-DONE ep=0x81 len=272 status=0 actual=272
	0000  08 01 00 18 ef 03 01 10  00 10 00 04 41 02 00 00 |............A...|
	0010  65 61 64 00 7b c2 7c c2  7d 00 81 cd 00 4d 84 cd |ead.{.|.}....M..|
	0020  00 6d ac 34 43 4d 3a 43  72 75 6e 63 68 79 00 7b |.m.4CM:Crunchy.{|
	0030  c2 7c c2 7d 00 81 cd 00  4e 84 cd 00 6d ac 42 41 |.|.}....N...m.BA|
	0040  53 3a 41 71 75 61 20 35  31 00 7b c2 7c c2 7d 00 |S:Aqua 51.{.|.}.|
	0050  81 cd 00 4f 84 cd 00 6d  ac 42 41 53 3a 53 56 54 |...O...m.BAS:SVT|
	0060  20 4e 72 6d 00 7b c2 7c  c2 7d 00 81 cd 00 50 84 | Nrm.{.|.}....P.|
	0070  cd 00 6d ae 42 41 53 3a  53 56 54 2d 34 20 50 72 |..m.BAS:SVT-4 Pr|
	0080  6f 00 7b c2 7c c2 7d 00  81 cd 00 51 84 cd 00 6d |o.{.|.}....Q...m|
	0090  af 42 41 53 3a 57 6f 6f  64 79 20 42 6c 75 65 00 |.BAS:Woody Blue.|
	00a0  7b c2 7c c2 7d 00 81 cd  00 52 84 cd 00 6d af 42 |{.|.}....R...m.B|
	00b0  41 53 3a 54 75 63 6b 20  6e 27 20 47 6f 00 7b c2 |AS:Tuck n' Go.{.|
	00c0  7c c2 7d 00 81 cd 00 53  84 cd 00 6d b0 42 41 53 ||.}....S...m.BAS|
	00d0  3a 44 65 6c 20 53 6f 6c  20 33 30 30 00 7b c2 7c |:Del Sol 300.{.||
	00e0  c2 7d 00 81 cd 00 54 84  cd 00 6d b1 42 41 53 3a |.}....T...m.BAS:|
	00f0  43 61 6c 69 20 34 30 30  20 43 68 31 00 7b c2 7c |Cali 400 Ch1.{.||
	0100  c2 7d 00 81 cd 00 55 84  cd 00 6d b1 42 41 53 3a |.}....U...m.BAS:|
[257] +6.329896 ASYNC-IN-SUBMIT ep=0x81 len=0 type=BULK (in, awaiting data)
[258] +6.329939 ASYNC-OUT ep=0x01 len=16 type=BULK 
	0000  08 00 00 18 01 10 ef 03  00 11 00 08 38 1a 00 00 |............8...|
[259] +6.330092 ASYNC-OUT-DONE ep=0x01 len=0 status=0 actual=16
[260] +6.330374 ASYNC-IN-DONE ep=0x81 len=272 status=0 actual=272
	0000  08 01 00 18 ef 03 01 10  00 11 00 04 41 02 00 00 |............A...|
	0010  42 75 73 79 20 4f 6e 65  20 43 68 31 00 7b c2 7c |Busy One Ch1.{.||
	0020  c2 7d 00 81 cd 00 56 84  cd 00 6d ae 42 41 53 3a |.}....V...m.BAS:|
	0030  54 79 4b 30 20 4c 69 6b  65 00 7b c2 7c c2 7d 00 |TyK0 Like.{.|.}.|
	0040  81 cd 00 57 84 cd 00 6d  ad 42 41 53 3a 50 6f 6e |...W...m.BAS:Pon|
	0050  79 20 31 55 70 00 7b c2  7c c2 7d 00 81 cd 00 58 |y 1Up.{.|.}....X|
	0060  84 cd 00 6d ac 42 41 53  3a 53 75 62 20 44 75 62 |...m.BAS:Sub Dub|
	0070  00 7b c2 7c c2 7d 00 81  cd 00 59 84 cd 00 6d ad |.{.|.}....Y...m.|
	0080  42 41 53 3a 50 68 61 74  20 52 61 74 00 7b c2 7c |BAS:Phat Rat.{.||
	0090  c2 7d 00 81 cd 00 5a 84  cd 00 6d ae 42 41 53 3a |.}....Z...m.BAS:|
	00a0  53 79 6e 74 68 65 74 69  6b 00 7b c2 7c c2 7d 00 |Synthetik.{.|.}.|
	00b0  81 cd 00 5b 84 cd 00 6d  ab 41 43 4f 3a 53 74 75 |...[...m.ACO:Stu|
	00c0  64 69 6f 00 7b c2 7c c2  7d 00 81 cd 00 5c 84 cd |dio.{.|.}....\..|
	00d0  00 6d af 41 43 4f 3a 53  6f 6e 67 77 72 69 74 65 |.m.ACO:Songwrite|
	00e0  72 00 7b c2 7c c2 7d 00  81 cd 00 5d 84 cd 00 6d |r.{.|.}....]...m|
	00f0  ae 41 43 4f 3a 4f 75 74  20 54 68 65 72 65 00 7b |.ACO:Out There.{|
	0100  c2 7c c2 7d 00 81 cd 00  5e 84 cd 00 6d aa 4b 45 |.|.}....^...m.KE|
[261] +6.330449 ASYNC-IN-SUBMIT ep=0x81 len=0 type=BULK (in, awaiting data)
[262] +6.330495 ASYNC-OUT ep=0x01 len=16 type=BULK 
	0000  08 00 00 18 01 10 ef 03  00 12 00 08 38 1b 00 00 |............8...|
[263] +6.330669 ASYNC-OUT-DONE ep=0x01 len=0 status=0 actual=16
[264] +6.330980 ASYNC-IN-DONE ep=0x81 len=272 status=0 actual=272
	0000  08 01 00 18 ef 03 01 10  00 12 00 04 41 02 00 00 |............A...|
	0010  59 3a 47 72 69 74 7a 00  7b c2 7c c2 7d 00 81 cd |Y:Gritz.{.|.}...|
	0020  00 5f 84 cd 00 6d af 4b  45 59 3a 41 74 6d 6f 73 |._...m.KEY:Atmos|
	0030  70 68 65 72 65 00 7b c2  7c c2 7d 00 81 cd 00 60 |phere.{.|.}....`|
	0040  84 cd 00 6d ac 4b 45 59  3a 45 63 68 6f 65 7a 7a |...m.KEY:Echoezz|
	0050  00 7b c2 7c c2 7d 00 81  cd 00 61 84 cd 00 6d ab |.{.|.}....a...m.|
	0060  4e 65 77 20 50 72 65 73  65 74 00 7b c2 7c c2 7d |New Preset.{.|.}|
	0070  00 81 cd 00 62 84 cd 00  6d ab 4e 65 77 20 50 72 |....b...m.New Pr|
	0080  65 73 65 74 00 7b c2 7c  c2 7d 00 81 cd 00 63 84 |eset.{.|.}....c.|
	0090  cd 00 6d ab 4e 65 77 20  50 72 65 73 65 74 00 7b |..m.New Preset.{|
	00a0  c2 7c c2 7d 00 81 cd 00  64 84 cd 00 6d ab 4e 65 |.|.}....d...m.Ne|
	00b0  77 20 50 72 65 73 65 74  00 7b c2 7c c2 7d 00 81 |w Preset.{.|.}..|
	00c0  cd 00 65 84 cd 00 6d ab  4e 65 77 20 50 72 65 73 |..e...m.New Pres|
	00d0  65 74 00 7b c2 7c c2 7d  00 81 cd 00 66 84 cd 00 |et.{.|.}....f...|
	00e0  6d ab 4e 65 77 20 50 72  65 73 65 74 00 7b c2 7c |m.New Preset.{.||
	00f0  c2 7d 00 81 cd 00 67 84  cd 00 6d ab 4e 65 77 20 |.}....g...m.New |
	0100  50 72 65 73 65 74 00 7b  c2 7c c2 7d 00 81 cd 00 |Preset.{.|.}....|
[265] +6.331059 ASYNC-IN-SUBMIT ep=0x81 len=0 type=BULK (in, awaiting data)
[266] +6.331086 ASYNC-OUT ep=0x01 len=16 type=BULK 
	0000  08 00 00 18 01 10 ef 03  00 13 00 08 38 1c 00 00 |............8...|
[267] +6.331170 ASYNC-OUT-DONE ep=0x01 len=0 status=0 actual=16
[268] +6.331511 ASYNC-IN-DONE ep=0x81 len=272 status=0 actual=272
	0000  08 01 00 18 ef 03 01 10  00 13 00 04 41 02 00 00 |............A...|
	0010  68 84 cd 00 6d ab 4e 65  77 20 50 72 65 73 65 74 |h...m.New Preset|
	0020  00 7b c2 7c c2 7d 00 81  cd 00 69 84 cd 00 6d ab |.{.|.}....i...m.|
	0030  4e 65 77 20 50 72 65 73  65 74 00 7b c2 7c c2 7d |New Preset.{.|.}|
	0040  00 81 cd 00 6a 84 cd 00  6d ab 4e 65 77 20 50 72 |....j...m.New Pr|
	0050  65 73 65 74 00 7b c2 7c  c2 7d 00 81 cd 00 6b 84 |eset.{.|.}....k.|
	0060  cd 00 6d ab 4e 65 77 20  50 72 65 73 65 74 00 7b |..m.New Preset.{|
	0070  c2 7c c2 7d 00 81 cd 00  6c 84 cd 00 6d ab 4e 65 |.|.}....l...m.Ne|
	0080  77 20 50 72 65 73 65 74  00 7b c2 7c c2 7d 00 81 |w Preset.{.|.}..|
	0090  cd 00 6d 84 cd 00 6d ab  4e 65 77 20 50 72 65 73 |..m...m.New Pres|
	00a0  65 74 00 7b c2 7c c2 7d  00 81 cd 00 6e 84 cd 00 |et.{.|.}....n...|
	00b0  6d ab 4e 65 77 20 50 72  65 73 65 74 00 7b c2 7c |m.New Preset.{.||
	00c0  c2 7d 00 81 cd 00 6f 84  cd 00 6d ab 4e 65 77 20 |.}....o...m.New |
	00d0  50 72 65 73 65 74 00 7b  c2 7c c2 7d 00 81 cd 00 |Preset.{.|.}....|
	00e0  70 84 cd 00 6d ab 4e 65  77 20 50 72 65 73 65 74 |p...m.New Preset|
	00f0  00 7b c2 7c c2 7d 00 81  cd 00 71 84 cd 00 6d ab |.{.|.}....q...m.|
	0100  4e 65 77 20 50 72 65 73  65 74 00 7b c2 7c c2 7d |New Preset.{.|.}|
[269] +6.331580 ASYNC-IN-SUBMIT ep=0x81 len=0 type=BULK (in, awaiting data)
[270] +6.331609 ASYNC-OUT ep=0x01 len=16 type=BULK 
	0000  08 00 00 18 01 10 ef 03  00 14 00 08 38 1d 00 00 |............8...|
[271] +6.331691 ASYNC-OUT-DONE ep=0x01 len=0 status=0 actual=16
[272] +6.332247 ASYNC-IN-DONE ep=0x81 len=272 status=0 actual=272
	0000  08 01 00 18 ef 03 01 10  00 14 00 04 41 02 00 00 |............A...|
	0010  00 81 cd 00 72 84 cd 00  6d ab 4e 65 77 20 50 72 |....r...m.New Pr|
	0020  65 73 65 74 00 7b c2 7c  c2 7d 00 81 cd 00 73 84 |eset.{.|.}....s.|
	0030  cd 00 6d ab 4e 65 77 20  50 72 65 73 65 74 00 7b |..m.New Preset.{|
	0040  c2 7c c2 7d 00 81 cd 00  74 84 cd 00 6d ab 4e 65 |.|.}....t...m.Ne|
	0050  77 20 50 72 65 73 65 74  00 7b c2 7c c2 7d 00 81 |w Preset.{.|.}..|
	0060  cd 00 75 84 cd 00 6d ab  4e 65 77 20 50 72 65 73 |..u...m.New Pres|
	0070  65 74 00 7b c2 7c c2 7d  00 81 cd 00 76 84 cd 00 |et.{.|.}....v...|
	0080  6d ab 4e 65 77 20 50 72  65 73 65 74 00 7b c2 7c |m.New Preset.{.||
	0090  c2 7d 00 81 cd 00 77 84  cd 00 6d ab 4e 65 77 20 |.}....w...m.New |
	00a0  50 72 65 73 65 74 00 7b  c2 7c c2 7d 00 81 cd 00 |Preset.{.|.}....|
	00b0  78 84 cd 00 6d ab 4e 65  77 20 50 72 65 73 65 74 |x...m.New Preset|
	00c0  00 7b c2 7c c2 7d 00 81  cd 00 79 84 cd 00 6d ab |.{.|.}....y...m.|
	00d0  4e 65 77 20 50 72 65 73  65 74 00 7b c2 7c c2 7d |New Preset.{.|.}|
	00e0  00 81 cd 00 7a 84 cd 00  6d ab 4e 65 77 20 50 72 |....z...m.New Pr|
	00f0  65 73 65 74 00 7b c2 7c  c2 7d 00 81 cd 00 7b 84 |eset.{.|.}....{.|
	0100  cd 00 6d ab 4e 65 77 20  50 72 65 73 65 74 00 7b |..m.New Preset.{|
[273] +6.332315 ASYNC-IN-SUBMIT ep=0x81 len=0 type=BULK (in, awaiting data)
[274] +6.332357 ASYNC-OUT ep=0x01 len=16 type=BULK 
	0000  08 00 00 18 01 10 ef 03  00 15 00 08 38 1e 00 00 |............8...|
[275] +6.332508 ASYNC-OUT-DONE ep=0x01 len=0 status=0 actual=16
[276] +6.332523 ASYNC-IN-DONE ep=0x81 len=76 status=0 actual=76
	0000  41 00 00 18 ef 03 01 10  00 15 00 04 41 02 00 00 |A...........A...|
	0010  c2 7c c2 7d 00 81 cd 00  7c 84 cd 00 6d ab 4e 65 |.|.}....|...m.Ne|
	0020  77 20 50 72 65 73 65 74  00 7b c2 7c c2 7d 00 81 |w Preset.{.|.}..|
	0030  cd 00 7d 84 cd 00 6d ab  4e 65 77 20 50 72 65 73 |..}...m.New Pres|
	0040  65 74 00 7b c2 7c c2 7d  00 84 cd 00             |et.{.|.}....|
[277] +6.332554 ASYNC-IN-SUBMIT ep=0x81 len=0 type=BULK (in, awaiting data)
[278] +6.342260 ASYNC-IN-DONE ep=0x81 len=16 status=0 actual=16
	0000  08 00 00 18 ef 03 01 10  00 16 00 08 41 02 00 00 |............A...|
[279] +6.342294 ASYNC-IN-SUBMIT ep=0x81 len=0 type=BULK (in, awaiting data)
[280] +6.342521 ASYNC-IN-DONE ep=0x81 len=16 status=0 actual=16
	0000  08 00 00 18 ed 03 80 10  00 19 00 08 ae 02 00 00 |................|
[281] +6.342533 ASYNC-IN-SUBMIT ep=0x81 len=0 type=BULK (in, awaiting data)
[282] +6.354633 ASYNC-OUT ep=0x01 len=36 type=BULK 
	0000  19 00 00 18 01 10 ef 03  00 16 00 0c 71 1e 00 00 |............q...|
	0010  01 00 02 00 09 00 00 00  83 66 cd 03 eb 64 70 65 |.........f...dpe|
	0020  c0 00 00 00                                      |....|
[283] +6.354852 ASYNC-OUT-DONE ep=0x01 len=0 status=0 actual=36
[284] +6.356124 ASYNC-IN-DONE ep=0x81 len=36 status=0 actual=36
	0000  19 00 00 18 ef 03 01 10  00 17 00 04 52 02 00 00 |............R...|
	0010  00 00 02 00 09 00 00 00  83 66 cd 03 eb 67 00 68 |.........f...g.h|
	0020  c0 20 50 72                                      |. Pr|
[285] +6.356145 ASYNC-IN-SUBMIT ep=0x81 len=0 type=BULK (in, awaiting data)
[286] +6.407128 ASYNC-OUT ep=0x01 len=36 type=BULK 
	0000  1b 00 00 18 01 10 ef 03  00 17 00 0c 82 1e 00 00 |................|
	0010  01 00 02 00 0b 00 00 00  83 66 cd 03 ec 64 0d 65 |.........f...d.e|
	0020  81 65 02 00                                      |.e..|
[287] +6.407443 ASYNC-OUT-DONE ep=0x01 len=0 status=0 actual=36
[288] +6.408595 ASYNC-IN-DONE ep=0x81 len=36 status=0 actual=36
	0000  19 00 00 18 ef 03 01 10  00 18 00 04 65 02 00 00 |............e...|
	0010  00 00 02 00 09 00 00 00  83 66 cd 03 ec 67 00 68 |.........f...g.h|
	0020  c0 20 50 72                                      |. Pr|
[289] +6.408618 ASYNC-IN-SUBMIT ep=0x81 len=0 type=BULK (in, awaiting data)
[290] +6.460889 ASYNC-OUT ep=0x01 len=16 type=BULK 
	0000  08 00 00 18 01 10 ef 03  00 18 00 08 93 1e 00 00 |................|
[291] +6.461208 ASYNC-OUT-DONE ep=0x01 len=0 status=0 actual=16
[292] +6.513107 ASYNC-OUT ep=0x01 len=16 type=BULK 
	0000  08 00 00 18 02 10 f0 03  00 04 00 10 09 10 00 00 |................|
[293] +6.513264 ASYNC-IN-DONE ep=0x81 len=0 status=2 actual=0
[294] +6.513288 ASYNC-IN-SUBMIT ep=0x81 len=0 type=BULK (in, awaiting data)
[295] +6.513399 ASYNC-OUT-DONE ep=0x01 len=0 status=0 actual=16
[296] +6.542941 ASYNC-IN-DONE ep=0x81 len=16 status=0 actual=16
	0000  08 00 00 18 ef 03 01 10  00 19 00 08 65 02 00 00 |............e...|
[297] +6.542974 ASYNC-IN-SUBMIT ep=0x81 len=0 type=BULK (in, awaiting data)
[298] +6.543159 ASYNC-IN-DONE ep=0x81 len=16 status=0 actual=16
	0000  08 00 00 18 f0 03 02 10  00 04 00 10 09 02 00 00 |................|
[299] +6.543179 ASYNC-IN-SUBMIT ep=0x81 len=0 type=BULK (in, awaiting data)
[300] +6.648324 ASYNC-IN-DONE ep=0x81 len=0 status=2 actual=0
[301] +6.648400 ASYNC-IN-SUBMIT ep=0x81 len=0 type=BULK (in, awaiting data)
[302] +6.753751 ASYNC-IN-DONE ep=0x81 len=0 status=2 actual=0
[303] +6.753833 ASYNC-IN-SUBMIT ep=0x81 len=0 type=BULK (in, awaiting data)
[304] +6.866654 ASYNC-IN-DONE ep=0x81 len=0 status=2 actual=0
[305] +6.866751 ASYNC-IN-SUBMIT ep=0x81 len=0 type=BULK (in, awaiting data)
[306] +6.974031 ASYNC-IN-DONE ep=0x81 len=0 status=2 actual=0
[307] +6.974113 ASYNC-IN-SUBMIT ep=0x81 len=0 type=BULK (in, awaiting data)
[308] +7.086926 ASYNC-IN-DONE ep=0x81 len=0 status=2 actual=0
[309] +7.087025 ASYNC-IN-SUBMIT ep=0x81 len=0 type=BULK (in, awaiting data)
[310] +7.188321 ASYNC-IN-DONE ep=0x81 len=0 status=2 actual=0
[311] +7.188409 ASYNC-IN-SUBMIT ep=0x81 len=0 type=BULK (in, awaiting data)
[312] +7.211912 ASYNC-OUT ep=0x01 len=16 type=BULK 
	0000  08 00 00 18 80 10 ed 03  00 18 00 10 fd 1a 00 00 |................|
[313] +7.212172 ASYNC-OUT-DONE ep=0x01 len=0 status=0 actual=16
[314] +7.301183 ASYNC-IN-DONE ep=0x81 len=0 status=2 actual=0
[315] +7.301256 ASYNC-IN-SUBMIT ep=0x81 len=0 type=BULK (in, awaiting data)
[316] +7.345496 ASYNC-IN-DONE ep=0x81 len=16 status=0 actual=16
	0000  08 00 00 18 ed 03 80 10  00 1a 00 10 ae 02 00 00 |................|
[317] +7.345557 ASYNC-IN-SUBMIT ep=0x81 len=0 type=BULK (in, awaiting data)
[318] +7.458398 ASYNC-IN-DONE ep=0x81 len=0 status=2 actual=0
[319] +7.458473 ASYNC-IN-SUBMIT ep=0x81 len=0 type=BULK (in, awaiting data)
[320] +7.478549 ASYNC-OUT ep=0x01 len=16 type=BULK 
	0000  08 00 00 18 01 10 ef 03  00 19 00 10 93 1e 00 00 |................|
[321] +7.479063 ASYNC-OUT-DONE ep=0x01 len=0 status=0 actual=16
[322] +7.531716 ASYNC-OUT ep=0x01 len=16 type=BULK 
	0000  08 00 00 18 02 10 f0 03  00 05 00 10 09 10 00 00 |................|
[323] +7.532037 ASYNC-OUT-DONE ep=0x01 len=0 status=0 actual=16
[324] +7.545791 ASYNC-IN-DONE ep=0x81 len=16 status=0 actual=16
	0000  08 00 00 18 ef 03 01 10  00 1a 00 10 65 02 00 00 |............e...|
[325] +7.545880 ASYNC-IN-SUBMIT ep=0x81 len=0 type=BULK (in, awaiting data)
[326] +7.546028 ASYNC-IN-DONE ep=0x81 len=16 status=0 actual=16
	0000  08 00 00 18 f0 03 02 10  00 05 00 10 09 02 00 00 |................|
[327] +7.546081 ASYNC-IN-SUBMIT ep=0x81 len=0 type=BULK (in, awaiting data)
[328] +7.657487 ASYNC-IN-DONE ep=0x81 len=0 status=2 actual=0
[329] +7.657576 ASYNC-IN-SUBMIT ep=0x81 len=0 type=BULK (in, awaiting data)
[330] +7.761923 ASYNC-IN-DONE ep=0x81 len=0 status=2 actual=0
[331] +7.762023 ASYNC-IN-SUBMIT ep=0x81 len=0 type=BULK (in, awaiting data)
[332] +7.871591 ASYNC-IN-DONE ep=0x81 len=0 status=2 actual=0
[333] +7.871757 ASYNC-IN-SUBMIT ep=0x81 len=0 type=BULK (in, awaiting data)
[334] +7.976019 ASYNC-IN-DONE ep=0x81 len=0 status=2 actual=0
[335] +7.976119 ASYNC-IN-SUBMIT ep=0x81 len=0 type=BULK (in, awaiting data)
[336] +8.079473 ASYNC-IN-DONE ep=0x81 len=0 status=2 actual=0
[337] +8.079501 ASYNC-IN-SUBMIT ep=0x81 len=0 type=BULK (in, awaiting data)
[338] +8.188221 ASYNC-IN-DONE ep=0x81 len=0 status=2 actual=0
[339] +8.188245 ASYNC-IN-SUBMIT ep=0x81 len=0 type=BULK (in, awaiting data)
[340] +8.227613 ASYNC-OUT ep=0x01 len=16 type=BULK 
	0000  08 00 00 18 80 10 ed 03  00 19 00 10 fd 1a 00 00 |................|
[341] +8.227849 ASYNC-OUT-DONE ep=0x01 len=0 status=0 actual=16
[342] +8.300935 ASYNC-IN-DONE ep=0x81 len=0 status=2 actual=0
[343] +8.300969 ASYNC-IN-SUBMIT ep=0x81 len=0 type=BULK (in, awaiting data)
[344] +8.348676 ASYNC-IN-DONE ep=0x81 len=16 status=0 actual=16
	0000  08 00 00 18 ed 03 80 10  00 1b 00 10 ae 02 00 00 |................|
[345] +8.348713 ASYNC-IN-SUBMIT ep=0x81 len=0 type=BULK (in, awaiting data)
[346] +8.455115 ASYNC-IN-DONE ep=0x81 len=0 status=2 actual=0
[347] +8.455140 ASYNC-IN-SUBMIT ep=0x81 len=0 type=BULK (in, awaiting data)
[348] +8.494568 ASYNC-OUT ep=0x01 len=16 type=BULK 
	0000  08 00 00 18 01 10 ef 03  00 1a 00 10 93 1e 00 00 |................|
[349] +8.494864 ASYNC-OUT-DONE ep=0x01 len=0 status=0 actual=16
[350] +8.548599 ASYNC-OUT ep=0x01 len=16 type=BULK 
	0000  08 00 00 18 02 10 f0 03  00 06 00 10 09 10 00 00 |................|
[351] +8.548932 ASYNC-OUT-DONE ep=0x01 len=0 status=0 actual=16
[352] +8.548963 ASYNC-IN-DONE ep=0x81 len=16 status=0 actual=16
	0000  08 00 00 18 ef 03 01 10  00 1b 00 10 65 02 00 00 |............e...|
[353] +8.548981 ASYNC-IN-SUBMIT ep=0x81 len=0 type=BULK (in, awaiting data)
[354] +8.549333 ASYNC-IN-DONE ep=0x81 len=16 status=0 actual=16
	0000  08 00 00 18 f0 03 02 10  00 06 00 10 09 02 00 00 |................|
[355] +8.549356 ASYNC-IN-SUBMIT ep=0x81 len=0 type=BULK (in, awaiting data)
[356] +8.657522 ASYNC-IN-DONE ep=0x81 len=0 status=2 actual=0
[357] +8.657584 ASYNC-IN-SUBMIT ep=0x81 len=0 type=BULK (in, awaiting data)
[358] +8.770402 ASYNC-IN-DONE ep=0x81 len=0 status=2 actual=0
[359] +8.770511 ASYNC-IN-SUBMIT ep=0x81 len=0 type=BULK (in, awaiting data)
[360] +8.883409 ASYNC-IN-DONE ep=0x81 len=0 status=2 actual=0
[361] +8.883517 ASYNC-IN-SUBMIT ep=0x81 len=0 type=BULK (in, awaiting data)
[362] +8.988716 ASYNC-IN-DONE ep=0x81 len=0 status=2 actual=0
[363] +8.988806 ASYNC-IN-SUBMIT ep=0x81 len=0 type=BULK (in, awaiting data)
[364] +9.093152 ASYNC-IN-DONE ep=0x81 len=0 status=2 actual=0
[365] +9.093243 ASYNC-IN-SUBMIT ep=0x81 len=0 type=BULK (in, awaiting data)
[366] +9.197065 ASYNC-IN-DONE ep=0x81 len=0 status=2 actual=0
[367] +9.197175 ASYNC-IN-SUBMIT ep=0x81 len=0 type=BULK (in, awaiting data)
[368] +9.246158 ASYNC-OUT ep=0x01 len=16 type=BULK 
	0000  08 00 00 18 80 10 ed 03  00 1a 00 10 fd 1a 00 00 |................|
[369] +9.246534 ASYNC-OUT-DONE ep=0x01 len=0 status=0 actual=16
[370] +9.309000 ASYNC-IN-DONE ep=0x81 len=0 status=2 actual=0
[371] +9.309111 ASYNC-IN-SUBMIT ep=0x81 len=0 type=BULK (in, awaiting data)
[372] +9.351447 ASYNC-IN-DONE ep=0x81 len=16 status=0 actual=16
	0000  08 00 00 18 ed 03 80 10  00 1c 00 10 ae 02 00 00 |................|
[373] +9.351572 ASYNC-IN-SUBMIT ep=0x81 len=0 type=BULK (in, awaiting data)
[374] +9.463931 ASYNC-IN-DONE ep=0x81 len=0 status=2 actual=0
[375] +9.464003 ASYNC-IN-SUBMIT ep=0x81 len=0 type=BULK (in, awaiting data)
[376] +9.510453 ASYNC-OUT ep=0x01 len=16 type=BULK 
	0000  08 00 00 18 01 10 ef 03  00 1b 00 10 93 1e 00 00 |................|
[377] +9.510839 ASYNC-OUT-DONE ep=0x01 len=0 status=0 actual=16
[378] +9.552252 ASYNC-IN-DONE ep=0x81 len=16 status=0 actual=16
	0000  08 00 00 18 ef 03 01 10  00 1c 00 10 65 02 00 00 |............e...|
[379] +9.552385 ASYNC-IN-SUBMIT ep=0x81 len=0 type=BULK (in, awaiting data)
[380] +9.552569 ASYNC-IN-DONE ep=0x81 len=16 status=0 actual=16
	0000  08 00 00 18 f0 03 02 10  00 07 00 10 09 02 00 00 |................|
[381] +9.552623 ASYNC-IN-SUBMIT ep=0x81 len=0 type=BULK (in, awaiting data)
[382] +9.563015 ASYNC-OUT ep=0x01 len=16 type=BULK 
	0000  08 00 00 18 02 10 f0 03  00 07 00 10 09 10 00 00 |................|
[383] +9.563235 ASYNC-OUT-DONE ep=0x01 len=0 status=0 actual=16
[384] +9.659389 ASYNC-IN-DONE ep=0x81 len=0 status=2 actual=0
[385] +9.659457 ASYNC-IN-SUBMIT ep=0x81 len=0 type=BULK (in, awaiting data)
[386] +9.771499 ASYNC-IN-DONE ep=0x81 len=0 status=2 actual=0
[387] +9.771597 ASYNC-IN-SUBMIT ep=0x81 len=0 type=BULK (in, awaiting data)
[388] +9.883946 ASYNC-IN-DONE ep=0x81 len=0 status=2 actual=0
[389] +9.884029 ASYNC-IN-SUBMIT ep=0x81 len=0 type=BULK (in, awaiting data)
[390] +9.996517 ASYNC-IN-DONE ep=0x81 len=0 status=2 actual=0
[391] +9.996619 ASYNC-IN-SUBMIT ep=0x81 len=0 type=BULK (in, awaiting data)
[392] +10.097167 ASYNC-IN-DONE ep=0x81 len=0 status=2 actual=0
[393] +10.097292 ASYNC-IN-SUBMIT ep=0x81 len=0 type=BULK (in, awaiting data)
[394] +10.208238 ASYNC-IN-DONE ep=0x81 len=0 status=2 actual=0
[395] +10.208325 ASYNC-IN-SUBMIT ep=0x81 len=0 type=BULK (in, awaiting data)
[396] +10.262156 ASYNC-OUT ep=0x01 len=16 type=BULK 
	0000  08 00 00 18 80 10 ed 03  00 1b 00 10 fd 1a 00 00 |................|
[397] +10.262483 ASYNC-OUT-DONE ep=0x01 len=0 status=0 actual=16
[398] +10.317338 ASYNC-IN-DONE ep=0x81 len=0 status=2 actual=0
[399] +10.317438 ASYNC-IN-SUBMIT ep=0x81 len=0 type=BULK (in, awaiting data)
[400] +10.355376 ASYNC-IN-DONE ep=0x81 len=16 status=0 actual=16
	0000  08 00 00 18 ed 03 80 10  00 1d 00 10 ae 02 00 00 |................|
[401] +10.355564 ASYNC-IN-SUBMIT ep=0x81 len=0 type=BULK (in, awaiting data)
[402] +10.462291 ASYNC-IN-DONE ep=0x81 len=0 status=2 actual=0
[403] +10.462387 ASYNC-IN-SUBMIT ep=0x81 len=0 type=BULK (in, awaiting data)
[404] +10.527856 ASYNC-OUT ep=0x01 len=16 type=BULK 
	0000  08 00 00 18 01 10 ef 03  00 1c 00 10 93 1e 00 00 |................|
[405] +10.528182 ASYNC-OUT-DONE ep=0x01 len=0 status=0 actual=16
[406] +10.555734 ASYNC-IN-DONE ep=0x81 len=16 status=0 actual=16
	0000  08 00 00 18 ef 03 01 10  00 1d 00 10 65 02 00 00 |............e...|
[407] +10.555846 ASYNC-IN-SUBMIT ep=0x81 len=0 type=BULK (in, awaiting data)
[408] +10.556042 ASYNC-IN-DONE ep=0x81 len=16 status=0 actual=16
	0000  08 00 00 18 f0 03 02 10  00 08 00 10 09 02 00 00 |................|
[409] +10.556117 ASYNC-IN-SUBMIT ep=0x81 len=0 type=BULK (in, awaiting data)
[410] +10.581883 ASYNC-OUT ep=0x01 len=16 type=BULK 
	0000  08 00 00 18 02 10 f0 03  00 08 00 10 09 10 00 00 |................|
[411] +10.582123 ASYNC-OUT-DONE ep=0x01 len=0 status=0 actual=16
[412] +10.663942 ASYNC-IN-DONE ep=0x81 len=0 status=2 actual=0
[413] +10.664036 ASYNC-IN-SUBMIT ep=0x81 len=0 type=BULK (in, awaiting data)
[414] +10.770192 ASYNC-IN-DONE ep=0x81 len=0 status=2 actual=0
[415] +10.770287 ASYNC-IN-SUBMIT ep=0x81 len=0 type=BULK (in, awaiting data)
[416] +10.879859 ASYNC-IN-DONE ep=0x81 len=0 status=2 actual=0
[417] +10.879955 ASYNC-IN-SUBMIT ep=0x81 len=0 type=BULK (in, awaiting data)
[418] +10.988023 ASYNC-IN-DONE ep=0x81 len=0 status=2 actual=0
[419] +10.988149 ASYNC-IN-SUBMIT ep=0x81 len=0 type=BULK (in, awaiting data)
[420] +11.096407 ASYNC-IN-DONE ep=0x81 len=0 status=2 actual=0
[421] +11.096503 ASYNC-IN-SUBMIT ep=0x81 len=0 type=BULK (in, awaiting data)
[422] +11.209009 ASYNC-IN-DONE ep=0x81 len=0 status=2 actual=0
[423] +11.209113 ASYNC-IN-SUBMIT ep=0x81 len=0 type=BULK (in, awaiting data)
[424] +11.275152 ASYNC-OUT ep=0x01 len=16 type=BULK 
	0000  08 00 00 18 80 10 ed 03  00 1c 00 10 fd 1a 00 00 |................|
[425] +11.275446 ASYNC-OUT-DONE ep=0x01 len=0 status=0 actual=16
[426] +11.321502 ASYNC-IN-DONE ep=0x81 len=0 status=2 actual=0
[427] +11.321620 ASYNC-IN-SUBMIT ep=0x81 len=0 type=BULK (in, awaiting data)
[428] +11.358246 ASYNC-IN-DONE ep=0x81 len=16 status=0 actual=16
	0000  08 00 00 18 ed 03 80 10  00 1e 00 10 ae 02 00 00 |................|
[429] +11.358355 ASYNC-IN-SUBMIT ep=0x81 len=0 type=BULK (in, awaiting data)
[430] +11.463064 ASYNC-IN-DONE ep=0x81 len=0 status=2 actual=0
[431] +11.463172 ASYNC-IN-SUBMIT ep=0x81 len=0 type=BULK (in, awaiting data)
[432] +11.542291 ASYNC-OUT ep=0x01 len=16 type=BULK 
	0000  08 00 00 18 01 10 ef 03  00 1d 00 10 93 1e 00 00 |................|
[433] +11.542575 ASYNC-OUT-DONE ep=0x01 len=0 status=0 actual=16
[434] +11.558666 ASYNC-IN-DONE ep=0x81 len=16 status=0 actual=16
	0000  08 00 00 18 ef 03 01 10  00 1e 00 10 65 02 00 00 |............e...|
[435] +11.558795 ASYNC-IN-SUBMIT ep=0x81 len=0 type=BULK (in, awaiting data)
[436] +11.558981 ASYNC-IN-DONE ep=0x81 len=16 status=0 actual=16
	0000  08 00 00 18 f0 03 02 10  00 09 00 10 09 02 00 00 |................|
[437] +11.559068 ASYNC-IN-SUBMIT ep=0x81 len=0 type=BULK (in, awaiting data)
[438] +11.596294 ASYNC-OUT ep=0x01 len=16 type=BULK 
	0000  08 00 00 18 02 10 f0 03  00 09 00 10 09 10 00 00 |................|
[439] +11.596590 ASYNC-OUT-DONE ep=0x01 len=0 status=0 actual=16
[440] +11.663176 ASYNC-IN-DONE ep=0x81 len=0 status=2 actual=0
[441] +11.663285 ASYNC-IN-SUBMIT ep=0x81 len=0 type=BULK (in, awaiting data)
[442] +11.776101 ASYNC-IN-DONE ep=0x81 len=0 status=2 actual=0
[443] +11.776196 ASYNC-IN-SUBMIT ep=0x81 len=0 type=BULK (in, awaiting data)
[444] +11.889007 ASYNC-IN-DONE ep=0x81 len=0 status=2 actual=0
[445] +11.889100 ASYNC-IN-SUBMIT ep=0x81 len=0 type=BULK (in, awaiting data)
[446] +11.999437 ASYNC-IN-DONE ep=0x81 len=0 status=2 actual=0
[447] +11.999556 ASYNC-IN-SUBMIT ep=0x81 len=0 type=BULK (in, awaiting data)
[448] +12.104376 ASYNC-IN-DONE ep=0x81 len=0 status=2 actual=0
[449] +12.104484 ASYNC-IN-SUBMIT ep=0x81 len=0 type=BULK (in, awaiting data)
[450] +12.213133 ASYNC-IN-DONE ep=0x81 len=0 status=2 actual=0
[451] +12.213225 ASYNC-IN-SUBMIT ep=0x81 len=0 type=BULK (in, awaiting data)
[452] +12.293930 ASYNC-OUT ep=0x01 len=16 type=BULK 
	0000  08 00 00 18 80 10 ed 03  00 1d 00 10 fd 1a 00 00 |................|
[453] +12.294262 ASYNC-OUT-DONE ep=0x01 len=0 status=0 actual=16
[454] +12.325986 ASYNC-IN-DONE ep=0x81 len=0 status=2 actual=0
[455] +12.326060 ASYNC-IN-SUBMIT ep=0x81 len=0 type=BULK (in, awaiting data)
[456] +12.361376 ASYNC-IN-DONE ep=0x81 len=16 status=0 actual=16
	0000  08 00 00 18 ed 03 80 10  00 1f 00 10 ae 02 00 00 |................|
[457] +12.361508 ASYNC-IN-SUBMIT ep=0x81 len=0 type=BULK (in, awaiting data)
[458] +12.471501 ASYNC-IN-DONE ep=0x81 len=0 status=2 actual=0
[459] +12.471609 ASYNC-IN-SUBMIT ep=0x81 len=0 type=BULK (in, awaiting data)
[460] +12.559446 ASYNC-OUT ep=0x01 len=16 type=BULK 
	0000  08 00 00 18 01 10 ef 03  00 1e 00 10 93 1e 00 00 |................|
[461] +12.559730 ASYNC-OUT-DONE ep=0x01 len=0 status=0 actual=16
[462] +12.562251 ASYNC-IN-DONE ep=0x81 len=16 status=0 actual=16
	0000  08 00 00 18 ef 03 01 10  00 1f 00 10 65 02 00 00 |............e...|
[463] +12.562309 ASYNC-IN-SUBMIT ep=0x81 len=0 type=BULK (in, awaiting data)
[464] +12.562424 ASYNC-IN-DONE ep=0x81 len=16 status=0 actual=16
	0000  08 00 00 18 f0 03 02 10  00 0a 00 10 09 02 00 00 |................|
[465] +12.562469 ASYNC-IN-SUBMIT ep=0x81 len=0 type=BULK (in, awaiting data)
[466] +12.613439 ASYNC-OUT ep=0x01 len=16 type=BULK 
	0000  08 00 00 18 02 10 f0 03  00 0a 00 10 09 10 00 00 |................|
[467] +12.613687 ASYNC-OUT-DONE ep=0x01 len=0 status=0 actual=16
[468] +12.667672 ASYNC-IN-DONE ep=0x81 len=0 status=2 actual=0
[469] +12.667779 ASYNC-IN-SUBMIT ep=0x81 len=0 type=BULK (in, awaiting data)
[470] +12.778464 ASYNC-IN-DONE ep=0x81 len=0 status=2 actual=0
[471] +12.778558 ASYNC-IN-SUBMIT ep=0x81 len=0 type=BULK (in, awaiting data)
[472] +12.883213 ASYNC-IN-DONE ep=0x81 len=0 status=2 actual=0
[473] +12.883297 ASYNC-IN-SUBMIT ep=0x81 len=0 type=BULK (in, awaiting data)
[474] +12.984001 ASYNC-IN-DONE ep=0x81 len=0 status=2 actual=0
[475] +12.984101 ASYNC-IN-SUBMIT ep=0x81 len=0 type=BULK (in, awaiting data)
[476] +13.092676 ASYNC-IN-DONE ep=0x81 len=0 status=2 actual=0
[477] +13.092778 ASYNC-IN-SUBMIT ep=0x81 len=0 type=BULK (in, awaiting data)
[478] +13.196442 ASYNC-IN-DONE ep=0x81 len=0 status=2 actual=0
[479] +13.196552 ASYNC-IN-SUBMIT ep=0x81 len=0 type=BULK (in, awaiting data)
[480] +13.296975 ASYNC-IN-DONE ep=0x81 len=0 status=2 actual=0
[481] +13.297021 ASYNC-IN-SUBMIT ep=0x81 len=0 type=BULK (in, awaiting data)
[482] +13.310921 ASYNC-OUT ep=0x01 len=16 type=BULK 
	0000  08 00 00 18 80 10 ed 03  00 1e 00 10 fd 1a 00 00 |................|
[483] +13.311188 ASYNC-OUT-DONE ep=0x01 len=0 status=0 actual=16
[484] +13.365051 ASYNC-IN-DONE ep=0x81 len=16 status=0 actual=16
	0000  08 00 00 18 ed 03 80 10  00 20 00 10 ae 02 00 00 |......... ......|
[485] +13.365101 ASYNC-IN-SUBMIT ep=0x81 len=0 type=BULK (in, awaiting data)
[486] +13.465984 ASYNC-IN-DONE ep=0x81 len=0 status=2 actual=0
[487] +13.466050 ASYNC-IN-SUBMIT ep=0x81 len=0 type=BULK (in, awaiting data)
[488] +13.565503 ASYNC-IN-DONE ep=0x81 len=16 status=0 actual=16
	0000  08 00 00 18 ef 03 01 10  00 20 00 10 65 02 00 00 |......... ..e...|
[489] +13.565657 ASYNC-IN-SUBMIT ep=0x81 len=0 type=BULK (in, awaiting data)
[490] +13.566508 ASYNC-IN-DONE ep=0x81 len=16 status=0 actual=16
	0000  08 00 00 18 f0 03 02 10  00 0b 00 10 09 02 00 00 |................|
[491] +13.566598 ASYNC-IN-SUBMIT ep=0x81 len=0 type=BULK (in, awaiting data)
[492] +13.577836 ASYNC-OUT ep=0x01 len=16 type=BULK 
	0000  08 00 00 18 01 10 ef 03  00 1f 00 10 93 1e 00 00 |................|
[493] +13.578106 ASYNC-OUT-DONE ep=0x01 len=0 status=0 actual=16
[494] +13.630832 ASYNC-OUT ep=0x01 len=16 type=BULK 
	0000  08 00 00 18 02 10 f0 03  00 0b 00 10 09 10 00 00 |................|
[495] +13.631185 ASYNC-OUT-DONE ep=0x01 len=0 status=0 actual=16
[496] +13.675660 ASYNC-IN-DONE ep=0x81 len=0 status=2 actual=0
[497] +13.675744 ASYNC-IN-SUBMIT ep=0x81 len=0 type=BULK (in, awaiting data)
[498] +13.787674 ASYNC-IN-DONE ep=0x81 len=0 status=2 actual=0
[499] +13.787728 ASYNC-IN-SUBMIT ep=0x81 len=0 type=BULK (in, awaiting data)
[500] +13.896565 ASYNC-IN-DONE ep=0x81 len=0 status=2 actual=0
[501] +13.896705 ASYNC-IN-SUBMIT ep=0x81 len=0 type=BULK (in, awaiting data)
[502] +13.999373 ASYNC-IN-DONE ep=0x81 len=0 status=2 actual=0
[503] +13.999497 ASYNC-IN-SUBMIT ep=0x81 len=0 type=BULK (in, awaiting data)
[504] +14.109607 ASYNC-IN-DONE ep=0x81 len=0 status=2 actual=0
[505] +14.109686 ASYNC-IN-SUBMIT ep=0x81 len=0 type=BULK (in, awaiting data)
[506] +14.221518 ASYNC-IN-DONE ep=0x81 len=0 status=2 actual=0
[507] +14.221612 ASYNC-IN-SUBMIT ep=0x81 len=0 type=BULK (in, awaiting data)
[508] +14.329193 ASYNC-OUT ep=0x01 len=16 type=BULK 
	0000  08 00 00 18 80 10 ed 03  00 1f 00 10 fd 1a 00 00 |................|
[509] +14.329516 ASYNC-OUT-DONE ep=0x01 len=0 status=0 actual=16
[510] +14.333952 ASYNC-IN-DONE ep=0x81 len=0 status=2 actual=0
[511] +14.333994 ASYNC-IN-SUBMIT ep=0x81 len=0 type=BULK (in, awaiting data)
[512] +14.368423 ASYNC-IN-DONE ep=0x81 len=16 status=0 actual=16
	0000  08 00 00 18 ed 03 80 10  00 21 00 10 ae 02 00 00 |.........!......|
[513] +14.368562 ASYNC-IN-SUBMIT ep=0x81 len=0 type=BULK (in, awaiting data)
[514] +14.477978 ASYNC-IN-DONE ep=0x81 len=0 status=2 actual=0
[515] +14.478083 ASYNC-IN-SUBMIT ep=0x81 len=0 type=BULK (in, awaiting data)
[516] +14.569167 ASYNC-IN-DONE ep=0x81 len=16 status=0 actual=16
	0000  08 00 00 18 ef 03 01 10  00 21 00 10 65 02 00 00 |.........!..e...|
[517] +14.569283 ASYNC-IN-SUBMIT ep=0x81 len=0 type=BULK (in, awaiting data)
[518] +14.569427 ASYNC-IN-DONE ep=0x81 len=16 status=0 actual=16
	0000  08 00 00 18 f0 03 02 10  00 0c 00 10 09 02 00 00 |................|
[519] +14.569471 ASYNC-IN-SUBMIT ep=0x81 len=0 type=BULK (in, awaiting data)
[520] +14.597917 ASYNC-OUT ep=0x01 len=16 type=BULK 
	0000  08 00 00 18 01 10 ef 03  00 20 00 10 93 1e 00 00 |......... ......|
[521] +14.598163 ASYNC-OUT-DONE ep=0x01 len=0 status=0 actual=16
[522] +14.652000 ASYNC-OUT ep=0x01 len=16 type=BULK 
	0000  08 00 00 18 02 10 f0 03  00 0c 00 10 09 10 00 00 |................|
[523] +14.652331 ASYNC-OUT-DONE ep=0x01 len=0 status=0 actual=16
[524] +14.679112 ASYNC-IN-DONE ep=0x81 len=0 status=2 actual=0
[525] +14.679194 ASYNC-IN-SUBMIT ep=0x81 len=0 type=BULK (in, awaiting data)
[526] +14.791993 ASYNC-IN-DONE ep=0x81 len=0 status=2 actual=0
[527] +14.792082 ASYNC-IN-SUBMIT ep=0x81 len=0 type=BULK (in, awaiting data)
[528] +14.904938 ASYNC-IN-DONE ep=0x81 len=0 status=2 actual=0
[529] +14.905048 ASYNC-IN-SUBMIT ep=0x81 len=0 type=BULK (in, awaiting data)
[530] +15.017925 ASYNC-IN-DONE ep=0x81 len=0 status=2 actual=0
[531] +15.018025 ASYNC-IN-SUBMIT ep=0x81 len=0 type=BULK (in, awaiting data)
[532] +15.128744 ASYNC-IN-DONE ep=0x81 len=0 status=2 actual=0
[533] +15.128843 ASYNC-IN-SUBMIT ep=0x81 len=0 type=BULK (in, awaiting data)
[534] +15.238226 ASYNC-IN-DONE ep=0x81 len=0 status=2 actual=0
[535] +15.238337 ASYNC-IN-SUBMIT ep=0x81 len=0 type=BULK (in, awaiting data)
[536] +15.349526 ASYNC-OUT ep=0x01 len=16 type=BULK 
	0000  08 00 00 18 80 10 ed 03  00 20 00 10 fd 1a 00 00 |......... ......|
[537] +15.349733 ASYNC-OUT-DONE ep=0x01 len=0 status=0 actual=16
[538] +15.350583 ASYNC-IN-DONE ep=0x81 len=0 status=2 actual=0
[539] +15.350609 ASYNC-IN-SUBMIT ep=0x81 len=0 type=BULK (in, awaiting data)
[540] +15.371561 ASYNC-IN-DONE ep=0x81 len=16 status=0 actual=16
	0000  08 00 00 18 ed 03 80 10  00 22 00 10 ae 02 00 00 |........."......|
[541] +15.371606 ASYNC-IN-SUBMIT ep=0x81 len=0 type=BULK (in, awaiting data)
[542] +15.473872 ASYNC-IN-DONE ep=0x81 len=0 status=2 actual=0
[543] +15.473909 ASYNC-IN-SUBMIT ep=0x81 len=0 type=BULK (in, awaiting data)
[544] +15.571966 ASYNC-IN-DONE ep=0x81 len=16 status=0 actual=16
	0000  08 00 00 18 ef 03 01 10  00 22 00 10 65 02 00 00 |........."..e...|
[545] +15.572009 ASYNC-IN-SUBMIT ep=0x81 len=0 type=BULK (in, awaiting data)
[546] +15.572135 ASYNC-IN-DONE ep=0x81 len=16 status=0 actual=16
	0000  08 00 00 18 f0 03 02 10  00 0d 00 10 09 02 00 00 |................|
[547] +15.572151 ASYNC-IN-SUBMIT ep=0x81 len=0 type=BULK (in, awaiting data)
[548] +15.618460 ASYNC-OUT ep=0x01 len=16 type=BULK 
	0000  08 00 00 18 01 10 ef 03  00 21 00 10 93 1e 00 00 |.........!......|
[549] +15.618711 ASYNC-OUT-DONE ep=0x01 len=0 status=0 actual=16
[550] +15.672576 ASYNC-OUT ep=0x01 len=16 type=BULK 
	0000  08 00 00 18 02 10 f0 03  00 0d 00 10 09 10 00 00 |................|
[551] +15.672966 ASYNC-OUT-DONE ep=0x01 len=0 status=0 actual=16
[552] +15.684454 ASYNC-IN-DONE ep=0x81 len=0 status=2 actual=0
[553] +15.684469 ASYNC-IN-SUBMIT ep=0x81 len=0 type=BULK (in, awaiting data)
[554] +15.785478 ASYNC-IN-DONE ep=0x81 len=0 status=2 actual=0
[555] +15.785503 ASYNC-IN-SUBMIT ep=0x81 len=0 type=BULK (in, awaiting data)
[556] +15.898176 ASYNC-IN-DONE ep=0x81 len=0 status=2 actual=0
[557] +15.898190 ASYNC-IN-SUBMIT ep=0x81 len=0 type=BULK (in, awaiting data)
[558] +16.002385 ASYNC-IN-DONE ep=0x81 len=0 status=2 actual=0
[559] +16.002399 ASYNC-IN-SUBMIT ep=0x81 len=0 type=BULK (in, awaiting data)
[560] +16.111714 ASYNC-IN-DONE ep=0x81 len=0 status=2 actual=0
[561] +16.111743 ASYNC-IN-SUBMIT ep=0x81 len=0 type=BULK (in, awaiting data)
[562] +16.224488 ASYNC-IN-DONE ep=0x81 len=0 status=2 actual=0
[563] +16.224528 ASYNC-IN-SUBMIT ep=0x81 len=0 type=BULK (in, awaiting data)
[564] +16.326870 ASYNC-IN-DONE ep=0x81 len=0 status=2 actual=0
[565] +16.326912 ASYNC-IN-SUBMIT ep=0x81 len=0 type=BULK (in, awaiting data)
[566] +16.369884 ASYNC-OUT ep=0x01 len=16 type=BULK 
	0000  08 00 00 18 80 10 ed 03  00 21 00 10 fd 1a 00 00 |.........!......|
[567] +16.370170 ASYNC-OUT-DONE ep=0x01 len=0 status=0 actual=16
[568] +16.375201 ASYNC-IN-DONE ep=0x81 len=16 status=0 actual=16
	0000  08 00 00 18 ed 03 80 10  00 23 00 10 ae 02 00 00 |.........#......|
[569] +16.375294 ASYNC-IN-SUBMIT ep=0x81 len=0 type=BULK (in, awaiting data)
[570] +16.477294 ASYNC-IN-DONE ep=0x81 len=0 status=2 actual=0
[571] +16.477420 ASYNC-IN-SUBMIT ep=0x81 len=0 type=BULK (in, awaiting data)
[572] +16.575663 ASYNC-IN-DONE ep=0x81 len=16 status=0 actual=16
	0000  08 00 00 18 ef 03 01 10  00 23 00 10 65 02 00 00 |.........#..e...|
[573] +16.575802 ASYNC-IN-SUBMIT ep=0x81 len=0 type=BULK (in, awaiting data)
[574] +16.575964 ASYNC-IN-DONE ep=0x81 len=16 status=0 actual=16
	0000  08 00 00 18 f0 03 02 10  00 0e 00 10 09 02 00 00 |................|
[575] +16.576021 ASYNC-IN-SUBMIT ep=0x81 len=0 type=BULK (in, awaiting data)
[576] +16.638129 ASYNC-OUT ep=0x01 len=16 type=BULK 
	0000  08 00 00 18 01 10 ef 03  00 22 00 10 93 1e 00 00 |........."......|
[577] +16.638463 ASYNC-OUT-DONE ep=0x01 len=0 status=0 actual=16
[578] +16.681688 ASYNC-IN-DONE ep=0x81 len=0 status=2 actual=0
[579] +16.681807 ASYNC-IN-SUBMIT ep=0x81 len=0 type=BULK (in, awaiting data)
[580] +16.691013 ASYNC-OUT ep=0x01 len=16 type=BULK 
	0000  08 00 00 18 02 10 f0 03  00 0e 00 10 09 10 00 00 |................|
[581] +16.691289 ASYNC-OUT-DONE ep=0x01 len=0 status=0 actual=16
[582] +16.786065 ASYNC-IN-DONE ep=0x81 len=0 status=2 actual=0
[583] +16.786146 ASYNC-IN-SUBMIT ep=0x81 len=0 type=BULK (in, awaiting data)
[584] +16.896774 ASYNC-IN-DONE ep=0x81 len=0 status=2 actual=0
[585] +16.896864 ASYNC-IN-SUBMIT ep=0x81 len=0 type=BULK (in, awaiting data)
[586] +17.000994 ASYNC-IN-DONE ep=0x81 len=0 status=2 actual=0
[587] +17.001101 ASYNC-IN-SUBMIT ep=0x81 len=0 type=BULK (in, awaiting data)
[588] +17.106948 ASYNC-IN-DONE ep=0x81 len=0 status=2 actual=0
[589] +17.107029 ASYNC-IN-SUBMIT ep=0x81 len=0 type=BULK (in, awaiting data)
[590] +17.213752 ASYNC-IN-DONE ep=0x81 len=0 status=2 actual=0
[591] +17.213833 ASYNC-IN-SUBMIT ep=0x81 len=0 type=BULK (in, awaiting data)
[592] +17.323881 ASYNC-IN-DONE ep=0x81 len=0 status=2 actual=0
[593] +17.323999 ASYNC-IN-SUBMIT ep=0x81 len=0 type=BULK (in, awaiting data)
[594] +17.377948 ASYNC-IN-DONE ep=0x81 len=16 status=0 actual=16
	0000  08 00 00 18 ed 03 80 10  00 24 00 10 ae 02 00 00 |.........$......|
[595] +17.378065 ASYNC-IN-SUBMIT ep=0x81 len=0 type=BULK (in, awaiting data)
[596] +17.388065 ASYNC-OUT ep=0x01 len=16 type=BULK 
	0000  08 00 00 18 80 10 ed 03  00 22 00 10 fd 1a 00 00 |........."......|
[597] +17.388342 ASYNC-OUT-DONE ep=0x01 len=0 status=0 actual=16
[598] +17.488229 ASYNC-IN-DONE ep=0x81 len=0 status=2 actual=0
[599] +17.488340 ASYNC-IN-SUBMIT ep=0x81 len=0 type=BULK (in, awaiting data)
[600] +17.578915 ASYNC-IN-DONE ep=0x81 len=16 status=0 actual=16
	0000  08 00 00 18 ef 03 01 10  00 24 00 10 65 02 00 00 |.........$..e...|
[601] +17.579051 ASYNC-IN-SUBMIT ep=0x81 len=0 type=BULK (in, awaiting data)
[602] +17.579240 ASYNC-IN-DONE ep=0x81 len=16 status=0 actual=16
	0000  08 00 00 18 f0 03 02 10  00 0f 00 10 09 02 00 00 |................|
[603] +17.579301 ASYNC-IN-SUBMIT ep=0x81 len=0 type=BULK (in, awaiting data)
[604] +17.654552 ASYNC-OUT ep=0x01 len=16 type=BULK 
	0000  08 00 00 18 01 10 ef 03  00 23 00 10 93 1e 00 00 |.........#......|
[605] +17.654949 ASYNC-OUT-DONE ep=0x01 len=0 status=0 actual=16
[606] +17.692082 ASYNC-IN-DONE ep=0x81 len=0 status=2 actual=0
[607] +17.692194 ASYNC-IN-SUBMIT ep=0x81 len=0 type=BULK (in, awaiting data)
[608] +17.708591 ASYNC-OUT ep=0x01 len=16 type=BULK 
	0000  08 00 00 18 02 10 f0 03  00 0f 00 10 09 10 00 00 |................|
[609] +17.708930 ASYNC-OUT-DONE ep=0x01 len=0 status=0 actual=16
[610] +17.793501 ASYNC-IN-DONE ep=0x81 len=0 status=2 actual=0
[611] +17.793597 ASYNC-IN-SUBMIT ep=0x81 len=0 type=BULK (in, awaiting data)
[612] +17.904899 ASYNC-IN-DONE ep=0x81 len=0 status=2 actual=0
[613] +17.905013 ASYNC-IN-SUBMIT ep=0x81 len=0 type=BULK (in, awaiting data)
[614] +18.017852 ASYNC-IN-DONE ep=0x81 len=0 status=2 actual=0
[615] +18.017952 ASYNC-IN-SUBMIT ep=0x81 len=0 type=BULK (in, awaiting data)
[616] +18.123274 ASYNC-IN-DONE ep=0x81 len=0 status=2 actual=0
[617] +18.123381 ASYNC-IN-SUBMIT ep=0x81 len=0 type=BULK (in, awaiting data)
[618] +18.224416 ASYNC-IN-DONE ep=0x81 len=0 status=2 actual=0
[619] +18.224511 ASYNC-IN-SUBMIT ep=0x81 len=0 type=BULK (in, awaiting data)
[620] +18.325906 ASYNC-IN-DONE ep=0x81 len=0 status=2 actual=0
[621] +18.325993 ASYNC-IN-SUBMIT ep=0x81 len=0 type=BULK (in, awaiting data)
[622] +18.382029 ASYNC-IN-DONE ep=0x81 len=16 status=0 actual=16
	0000  08 00 00 18 ed 03 80 10  00 25 00 10 ae 02 00 00 |.........%......|
[623] +18.382189 ASYNC-IN-SUBMIT ep=0x81 len=0 type=BULK (in, awaiting data)
[624] +18.406029 ASYNC-OUT ep=0x01 len=16 type=BULK 
	0000  08 00 00 18 80 10 ed 03  00 23 00 10 fd 1a 00 00 |.........#......|
[625] +18.406358 ASYNC-OUT-DONE ep=0x01 len=0 status=0 actual=16
[626] +18.486891 ASYNC-IN-DONE ep=0x81 len=0 status=2 actual=0
[627] +18.487005 ASYNC-IN-SUBMIT ep=0x81 len=0 type=BULK (in, awaiting data)
[628] +18.582428 ASYNC-IN-DONE ep=0x81 len=16 status=0 actual=16
	0000  08 00 00 18 ef 03 01 10  00 25 00 10 65 02 00 00 |.........%..e...|
[629] +18.582523 ASYNC-IN-SUBMIT ep=0x81 len=0 type=BULK (in, awaiting data)
[630] +18.582660 ASYNC-IN-DONE ep=0x81 len=16 status=0 actual=16
	0000  08 00 00 18 f0 03 02 10  00 10 00 10 09 02 00 00 |................|
[631] +18.582707 ASYNC-IN-SUBMIT ep=0x81 len=0 type=BULK (in, awaiting data)
[632] +18.672597 ASYNC-OUT ep=0x01 len=16 type=BULK 
	0000  08 00 00 18 01 10 ef 03  00 24 00 10 93 1e 00 00 |.........$......|
[633] +18.672964 ASYNC-OUT-DONE ep=0x01 len=0 status=0 actual=16
[634] +18.694892 ASYNC-IN-DONE ep=0x81 len=0 status=2 actual=0
[635] +18.694981 ASYNC-IN-SUBMIT ep=0x81 len=0 type=BULK (in, awaiting data)
[636] +18.725645 ASYNC-OUT ep=0x01 len=16 type=BULK 
	0000  08 00 00 18 02 10 f0 03  00 10 00 10 09 10 00 00 |................|
[637] +18.726053 ASYNC-OUT-DONE ep=0x01 len=0 status=0 actual=16
[638] +18.800838 ASYNC-IN-DONE ep=0x81 len=0 status=2 actual=0
[639] +18.800912 ASYNC-IN-SUBMIT ep=0x81 len=0 type=BULK (in, awaiting data)
[640] +18.910856 ASYNC-IN-DONE ep=0x81 len=0 status=2 actual=0
[641] +18.910980 ASYNC-IN-SUBMIT ep=0x81 len=0 type=BULK (in, awaiting data)
[642] +19.012111 ASYNC-IN-DONE ep=0x81 len=0 status=2 actual=0
[643] +19.012234 ASYNC-IN-SUBMIT ep=0x81 len=0 type=BULK (in, awaiting data)
[644] +19.115150 ASYNC-IN-DONE ep=0x81 len=0 status=2 actual=0
[645] +19.115273 ASYNC-IN-SUBMIT ep=0x81 len=0 type=BULK (in, awaiting data)
[646] +19.217020 ASYNC-IN-DONE ep=0x81 len=0 status=2 actual=0
[647] +19.217145 ASYNC-IN-SUBMIT ep=0x81 len=0 type=BULK (in, awaiting data)
[648] +19.328096 ASYNC-IN-DONE ep=0x81 len=0 status=2 actual=0
[649] +19.328192 ASYNC-IN-SUBMIT ep=0x81 len=0 type=BULK (in, awaiting data)
[650] +19.384860 ASYNC-IN-DONE ep=0x81 len=16 status=0 actual=16
	0000  08 00 00 18 ed 03 80 10  00 26 00 10 ae 02 00 00 |.........&......|
[651] +19.385026 ASYNC-IN-SUBMIT ep=0x81 len=0 type=BULK (in, awaiting data)
[652] +19.419110 ASYNC-OUT ep=0x01 len=16 type=BULK 
	0000  08 00 00 18 80 10 ed 03  00 24 00 10 fd 1a 00 00 |.........$......|
[653] +19.419444 ASYNC-OUT-DONE ep=0x01 len=0 status=0 actual=16
[654] +19.497826 ASYNC-IN-DONE ep=0x81 len=0 status=2 actual=0
[655] +19.497921 ASYNC-IN-SUBMIT ep=0x81 len=0 type=BULK (in, awaiting data)
[656] +19.585957 ASYNC-IN-DONE ep=0x81 len=16 status=0 actual=16
	0000  08 00 00 18 ef 03 01 10  00 26 00 10 65 02 00 00 |.........&..e...|
[657] +19.586097 ASYNC-IN-SUBMIT ep=0x81 len=0 type=BULK (in, awaiting data)
[658] +19.586302 ASYNC-IN-DONE ep=0x81 len=16 status=0 actual=16
	0000  08 00 00 18 f0 03 02 10  00 11 00 10 09 02 00 00 |................|
[659] +19.586386 ASYNC-IN-SUBMIT ep=0x81 len=0 type=BULK (in, awaiting data)
[660] +19.683344 ASYNC-OUT ep=0x01 len=16 type=BULK 
	0000  08 00 00 18 01 10 ef 03  00 25 00 10 93 1e 00 00 |.........%......|
[661] +19.683694 ASYNC-OUT-DONE ep=0x01 len=0 status=0 actual=16
[662] +19.696548 ASYNC-IN-DONE ep=0x81 len=0 status=2 actual=0
[663] +19.696647 ASYNC-IN-SUBMIT ep=0x81 len=0 type=BULK (in, awaiting data)
[664] +19.737360 ASYNC-OUT ep=0x01 len=16 type=BULK 
	0000  08 00 00 18 02 10 f0 03  00 11 00 10 09 10 00 00 |................|
[665] +19.737706 ASYNC-OUT-DONE ep=0x01 len=0 status=0 actual=16
[666] +19.808043 ASYNC-IN-DONE ep=0x81 len=0 status=2 actual=0
[667] +19.808143 ASYNC-IN-SUBMIT ep=0x81 len=0 type=BULK (in, awaiting data)
[668] +19.909295 ASYNC-IN-DONE ep=0x81 len=0 status=2 actual=0
[669] +19.909375 ASYNC-IN-SUBMIT ep=0x81 len=0 type=BULK (in, awaiting data)
[670] +20.018177 ASYNC-IN-DONE ep=0x81 len=0 status=2 actual=0
[671] +20.018239 ASYNC-IN-SUBMIT ep=0x81 len=0 type=BULK (in, awaiting data)
[672] +20.129915 ASYNC-IN-DONE ep=0x81 len=0 status=2 actual=0
[673] +20.129958 ASYNC-IN-SUBMIT ep=0x81 len=0 type=BULK (in, awaiting data)
[674] +20.242302 ASYNC-IN-DONE ep=0x81 len=0 status=2 actual=0
[675] +20.242346 ASYNC-IN-SUBMIT ep=0x81 len=0 type=BULK (in, awaiting data)
[676] +20.346959 ASYNC-IN-DONE ep=0x81 len=0 status=2 actual=0
[677] +20.346987 ASYNC-IN-SUBMIT ep=0x81 len=0 type=BULK (in, awaiting data)
[678] +20.388008 ASYNC-IN-DONE ep=0x81 len=16 status=0 actual=16
	0000  08 00 00 18 ed 03 80 10  00 27 00 10 ae 02 00 00 |.........'......|
[679] +20.388141 ASYNC-IN-SUBMIT ep=0x81 len=0 type=BULK (in, awaiting data)
[680] +20.427938 ASYNC-OUT ep=0x01 len=16 type=BULK 
	0000  08 00 00 18 80 10 ed 03  00 25 00 10 fd 1a 00 00 |.........%......|
[681] +20.428249 ASYNC-OUT-DONE ep=0x01 len=0 status=0 actual=16
[682] +20.499355 ASYNC-IN-DONE ep=0x81 len=0 status=2 actual=0
[683] +20.499464 ASYNC-IN-SUBMIT ep=0x81 len=0 type=BULK (in, awaiting data)
[684] +20.588839 ASYNC-IN-DONE ep=0x81 len=16 status=0 actual=16
	0000  08 00 00 18 ef 03 01 10  00 27 00 10 65 02 00 00 |.........'..e...|
[685] +20.588984 ASYNC-IN-SUBMIT ep=0x81 len=0 type=BULK (in, awaiting data)
[686] +20.589168 ASYNC-IN-DONE ep=0x81 len=16 status=0 actual=16
	0000  08 00 00 18 f0 03 02 10  00 12 00 10 09 02 00 00 |................|
[687] +20.589231 ASYNC-IN-SUBMIT ep=0x81 len=0 type=BULK (in, awaiting data)
[688] +20.695270 ASYNC-IN-DONE ep=0x81 len=0 status=2 actual=0
[689] +20.695435 ASYNC-IN-SUBMIT ep=0x81 len=0 type=BULK (in, awaiting data)
[690] +20.696162 ASYNC-OUT ep=0x01 len=16 type=BULK 
	0000  08 00 00 18 01 10 ef 03  00 26 00 10 93 1e 00 00 |.........&......|
[691] +20.696372 ASYNC-OUT-DONE ep=0x01 len=0 status=0 actual=16
[692] +20.748434 ASYNC-OUT ep=0x01 len=16 type=BULK 
	0000  08 00 00 18 02 10 f0 03  00 12 00 10 09 10 00 00 |................|
[693] +20.748763 ASYNC-OUT-DONE ep=0x01 len=0 status=0 actual=16
[694] +20.804818 ASYNC-IN-DONE ep=0x81 len=0 status=2 actual=0
[695] +20.804897 ASYNC-IN-SUBMIT ep=0x81 len=0 type=BULK (in, awaiting data)
[696] +20.913263 ASYNC-IN-DONE ep=0x81 len=0 status=2 actual=0
[697] +20.913353 ASYNC-IN-SUBMIT ep=0x81 len=0 type=BULK (in, awaiting data)
[698] +21.025780 ASYNC-IN-DONE ep=0x81 len=0 status=2 actual=0
[699] +21.025885 ASYNC-IN-SUBMIT ep=0x81 len=0 type=BULK (in, awaiting data)
[700] +21.133155 ASYNC-IN-DONE ep=0x81 len=0 status=2 actual=0
[701] +21.133249 ASYNC-IN-SUBMIT ep=0x81 len=0 type=BULK (in, awaiting data)
[702] +21.246072 ASYNC-IN-DONE ep=0x81 len=0 status=2 actual=0
[703] +21.246184 ASYNC-IN-SUBMIT ep=0x81 len=0 type=BULK (in, awaiting data)
[704] +21.354817 ASYNC-IN-DONE ep=0x81 len=0 status=2 actual=0
[705] +21.354934 ASYNC-IN-SUBMIT ep=0x81 len=0 type=BULK (in, awaiting data)
[706] +21.391569 ASYNC-IN-DONE ep=0x81 len=16 status=0 actual=16
	0000  08 00 00 18 ed 03 80 10  00 28 00 10 ae 02 00 00 |.........(......|
[707] +21.391714 ASYNC-IN-SUBMIT ep=0x81 len=0 type=BULK (in, awaiting data)
[708] +21.447046 ASYNC-OUT ep=0x01 len=16 type=BULK 
	0000  08 00 00 18 80 10 ed 03  00 26 00 10 fd 1a 00 00 |.........&......|
[709] +21.447346 ASYNC-OUT-DONE ep=0x01 len=0 status=0 actual=16
[710] +21.495273 ASYNC-IN-DONE ep=0x81 len=0 status=2 actual=0
[711] +21.495384 ASYNC-IN-SUBMIT ep=0x81 len=0 type=BULK (in, awaiting data)
[712] +21.592687 ASYNC-IN-DONE ep=0x81 len=16 status=0 actual=16
	0000  08 00 00 18 ef 03 01 10  00 28 00 10 65 02 00 00 |.........(..e...|
[713] +21.592794 ASYNC-IN-SUBMIT ep=0x81 len=0 type=BULK (in, awaiting data)
[714] +21.592924 ASYNC-IN-DONE ep=0x81 len=16 status=0 actual=16
	0000  08 00 00 18 f0 03 02 10  00 13 00 10 09 02 00 00 |................|
[715] +21.592957 ASYNC-IN-SUBMIT ep=0x81 len=0 type=BULK (in, awaiting data)
[716] +21.697417 ASYNC-IN-DONE ep=0x81 len=0 status=2 actual=0
[717] +21.697535 ASYNC-IN-SUBMIT ep=0x81 len=0 type=BULK (in, awaiting data)
[718] +21.717190 ASYNC-OUT ep=0x01 len=16 type=BULK 
	0000  08 00 00 18 01 10 ef 03  00 27 00 10 93 1e 00 00 |.........'......|
[719] +21.717441 ASYNC-OUT-DONE ep=0x01 len=0 status=0 actual=16
[720] +21.771224 ASYNC-OUT ep=0x01 len=16 type=BULK 
	0000  08 00 00 18 02 10 f0 03  00 13 00 10 09 10 00 00 |................|
[721] +21.771520 ASYNC-OUT-DONE ep=0x01 len=0 status=0 actual=16
[722] +21.802828 ASYNC-IN-DONE ep=0x81 len=0 status=2 actual=0
[723] +21.802896 ASYNC-IN-SUBMIT ep=0x81 len=0 type=BULK (in, awaiting data)
[724] +21.905992 ASYNC-IN-DONE ep=0x81 len=0 status=2 actual=0
[725] +21.906075 ASYNC-IN-SUBMIT ep=0x81 len=0 type=BULK (in, awaiting data)
[726] +22.012197 ASYNC-IN-DONE ep=0x81 len=0 status=2 actual=0
[727] +22.012365 ASYNC-IN-SUBMIT ep=0x81 len=0 type=BULK (in, awaiting data)
[728] +22.123872 ASYNC-IN-DONE ep=0x81 len=0 status=2 actual=0
[729] +22.123982 ASYNC-IN-SUBMIT ep=0x81 len=0 type=BULK (in, awaiting data)
[730] +22.236821 ASYNC-IN-DONE ep=0x81 len=0 status=2 actual=0
[731] +22.236917 ASYNC-IN-SUBMIT ep=0x81 len=0 type=BULK (in, awaiting data)
[732] +22.343928 ASYNC-IN-DONE ep=0x81 len=0 status=2 actual=0
[733] +22.344027 ASYNC-IN-SUBMIT ep=0x81 len=0 type=BULK (in, awaiting data)
[734] +22.394850 ASYNC-IN-DONE ep=0x81 len=16 status=0 actual=16
	0000  08 00 00 18 ed 03 80 10  00 29 00 10 ae 02 00 00 |.........)......|
[735] +22.395009 ASYNC-IN-SUBMIT ep=0x81 len=0 type=BULK (in, awaiting data)
[736] +22.469650 ASYNC-OUT ep=0x01 len=16 type=BULK 
	0000  08 00 00 18 80 10 ed 03  00 27 00 10 fd 1a 00 00 |.........'......|
[737] +22.470021 ASYNC-OUT-DONE ep=0x01 len=0 status=0 actual=16
[738] +22.507849 ASYNC-IN-DONE ep=0x81 len=0 status=2 actual=0
[739] +22.507940 ASYNC-IN-SUBMIT ep=0x81 len=0 type=BULK (in, awaiting data)
[740] +22.595973 ASYNC-IN-DONE ep=0x81 len=16 status=0 actual=16
	0000  08 00 00 18 ef 03 01 10  00 29 00 10 65 02 00 00 |.........)..e...|
[741] +22.596068 ASYNC-IN-SUBMIT ep=0x81 len=0 type=BULK (in, awaiting data)
[742] +22.596223 ASYNC-IN-DONE ep=0x81 len=16 status=0 actual=16
	0000  08 00 00 18 f0 03 02 10  00 14 00 10 09 02 00 00 |................|
[743] +22.596288 ASYNC-IN-SUBMIT ep=0x81 len=0 type=BULK (in, awaiting data)
[744] +22.703971 ASYNC-IN-DONE ep=0x81 len=0 status=2 actual=0
[745] +22.704073 ASYNC-IN-SUBMIT ep=0x81 len=0 type=BULK (in, awaiting data)
[746] +22.739887 ASYNC-OUT ep=0x01 len=16 type=BULK 
	0000  08 00 00 18 01 10 ef 03  00 28 00 10 93 1e 00 00 |.........(......|
[747] +22.740166 ASYNC-OUT-DONE ep=0x01 len=0 status=0 actual=16
[748] +22.793235 ASYNC-OUT ep=0x01 len=16 type=BULK 
	0000  08 00 00 18 02 10 f0 03  00 14 00 10 09 10 00 00 |................|
[749] +22.793531 ASYNC-OUT-DONE ep=0x01 len=0 status=0 actual=16
[750] +22.812256 ASYNC-IN-DONE ep=0x81 len=0 status=2 actual=0
[751] +22.812384 ASYNC-IN-SUBMIT ep=0x81 len=0 type=BULK (in, awaiting data)
[752] +22.920458 ASYNC-IN-DONE ep=0x81 len=0 status=2 actual=0
[753] +22.920590 ASYNC-IN-SUBMIT ep=0x81 len=0 type=BULK (in, awaiting data)
[754] +23.023918 ASYNC-IN-DONE ep=0x81 len=0 status=2 actual=0
[755] +23.024018 ASYNC-IN-SUBMIT ep=0x81 len=0 type=BULK (in, awaiting data)
[756] +23.136853 ASYNC-IN-DONE ep=0x81 len=0 status=2 actual=0
[757] +23.136965 ASYNC-IN-SUBMIT ep=0x81 len=0 type=BULK (in, awaiting data)
[758] +23.246542 ASYNC-IN-DONE ep=0x81 len=0 status=2 actual=0
[759] +23.246664 ASYNC-IN-SUBMIT ep=0x81 len=0 type=BULK (in, awaiting data)
[760] +23.354812 ASYNC-IN-DONE ep=0x81 len=0 status=2 actual=0
[761] +23.354921 ASYNC-IN-SUBMIT ep=0x81 len=0 type=BULK (in, awaiting data)
[762] +23.398143 ASYNC-IN-DONE ep=0x81 len=16 status=0 actual=16
	0000  08 00 00 18 ed 03 80 10  00 2a 00 10 ae 02 00 00 |.........*......|
[763] +23.398284 ASYNC-IN-SUBMIT ep=0x81 len=0 type=BULK (in, awaiting data)
[764] +23.488031 ASYNC-OUT ep=0x01 len=16 type=BULK 
	0000  08 00 00 18 80 10 ed 03  00 28 00 10 fd 1a 00 00 |.........(......|
[765] +23.488369 ASYNC-OUT-DONE ep=0x01 len=0 status=0 actual=16
[766] +23.509012 ASYNC-IN-DONE ep=0x81 len=0 status=2 actual=0
[767] +23.509093 ASYNC-IN-SUBMIT ep=0x81 len=0 type=BULK (in, awaiting data)
[768] +23.598950 ASYNC-IN-DONE ep=0x81 len=16 status=0 actual=16
	0000  08 00 00 18 ef 03 01 10  00 2a 00 10 65 02 00 00 |.........*..e...|
[769] +23.599053 ASYNC-IN-SUBMIT ep=0x81 len=0 type=BULK (in, awaiting data)
[770] +23.599193 ASYNC-IN-DONE ep=0x81 len=16 status=0 actual=16
	0000  08 00 00 18 f0 03 02 10  00 15 00 10 09 02 00 00 |................|
[771] +23.599243 ASYNC-IN-SUBMIT ep=0x81 len=0 type=BULK (in, awaiting data)
[772] +23.701000 ASYNC-IN-DONE ep=0x81 len=0 status=2 actual=0
[773] +23.701091 ASYNC-IN-SUBMIT ep=0x81 len=0 type=BULK (in, awaiting data)
[774] +23.752590 ASYNC-OUT ep=0x01 len=16 type=BULK 
	0000  08 00 00 18 01 10 ef 03  00 29 00 10 93 1e 00 00 |.........)......|
[775] +23.752926 ASYNC-OUT-DONE ep=0x01 len=0 status=0 actual=16
[776] +23.805522 ASYNC-OUT ep=0x01 len=16 type=BULK 
	0000  08 00 00 18 02 10 f0 03  00 15 00 10 09 10 00 00 |................|
[777] +23.805858 ASYNC-OUT-DONE ep=0x01 len=0 status=0 actual=16
[778] +23.813154 ASYNC-IN-DONE ep=0x81 len=0 status=2 actual=0
[779] +23.813201 ASYNC-IN-SUBMIT ep=0x81 len=0 type=BULK (in, awaiting data)
[780] +23.920960 ASYNC-IN-DONE ep=0x81 len=0 status=2 actual=0
[781] +23.921059 ASYNC-IN-SUBMIT ep=0x81 len=0 type=BULK (in, awaiting data)
[782] +24.030378 ASYNC-IN-DONE ep=0x81 len=0 status=2 actual=0
[783] +24.030490 ASYNC-IN-SUBMIT ep=0x81 len=0 type=BULK (in, awaiting data)
[784] +24.140904 ASYNC-IN-DONE ep=0x81 len=0 status=2 actual=0
[785] +24.141003 ASYNC-IN-SUBMIT ep=0x81 len=0 type=BULK (in, awaiting data)
[786] +24.253841 ASYNC-IN-DONE ep=0x81 len=0 status=2 actual=0
[787] +24.253944 ASYNC-IN-SUBMIT ep=0x81 len=0 type=BULK (in, awaiting data)
[788] +24.354746 ASYNC-IN-DONE ep=0x81 len=0 status=2 actual=0
[789] +24.354857 ASYNC-IN-SUBMIT ep=0x81 len=0 type=BULK (in, awaiting data)
[790] +24.401636 ASYNC-IN-DONE ep=0x81 len=16 status=0 actual=16
	0000  08 00 00 18 ed 03 80 10  00 2b 00 10 ae 02 00 00 |.........+......|
[791] +24.401791 ASYNC-IN-SUBMIT ep=0x81 len=0 type=BULK (in, awaiting data)
[792] +24.500417 ASYNC-OUT ep=0x01 len=16 type=BULK 
	0000  08 00 00 18 80 10 ed 03  00 29 00 10 fd 1a 00 00 |.........)......|
[793] +24.500876 ASYNC-OUT-DONE ep=0x01 len=0 status=0 actual=16
[794] +24.512168 ASYNC-IN-DONE ep=0x81 len=0 status=2 actual=0
[795] +24.512278 ASYNC-IN-SUBMIT ep=0x81 len=0 type=BULK (in, awaiting data)
[796] +24.602100 ASYNC-IN-DONE ep=0x81 len=16 status=0 actual=16
	0000  08 00 00 18 ef 03 01 10  00 2b 00 10 65 02 00 00 |.........+..e...|
[797] +24.602252 ASYNC-IN-SUBMIT ep=0x81 len=0 type=BULK (in, awaiting data)
[798] +24.602568 ASYNC-IN-DONE ep=0x81 len=16 status=0 actual=16
	0000  08 00 00 18 f0 03 02 10  00 16 00 10 09 02 00 00 |................|
[799] +24.602636 ASYNC-IN-SUBMIT ep=0x81 len=0 type=BULK (in, awaiting data)
[800] +24.713086 ASYNC-IN-DONE ep=0x81 len=0 status=2 actual=0
[801] +24.713164 ASYNC-IN-SUBMIT ep=0x81 len=0 type=BULK (in, awaiting data)
[802] +24.767020 ASYNC-OUT ep=0x01 len=16 type=BULK 
	0000  08 00 00 18 01 10 ef 03  00 2a 00 10 93 1e 00 00 |.........*......|
[803] +24.767346 ASYNC-OUT-DONE ep=0x01 len=0 status=0 actual=16
[804] +24.816716 ASYNC-IN-DONE ep=0x81 len=0 status=2 actual=0
[805] +24.816752 ASYNC-IN-SUBMIT ep=0x81 len=0 type=BULK (in, awaiting data)
[806] +24.821085 ASYNC-OUT ep=0x01 len=16 type=BULK 
	0000  08 00 00 18 02 10 f0 03  00 16 00 10 09 10 00 00 |................|
[807] +24.821328 ASYNC-OUT-DONE ep=0x01 len=0 status=0 actual=16
[808] +24.923748 ASYNC-IN-DONE ep=0x81 len=0 status=2 actual=0
[809] +24.923843 ASYNC-IN-SUBMIT ep=0x81 len=0 type=BULK (in, awaiting data)
[810] +25.029409 ASYNC-IN-DONE ep=0x81 len=0 status=2 actual=0
[811] +25.029523 ASYNC-IN-SUBMIT ep=0x81 len=0 type=BULK (in, awaiting data)
[812] +25.131142 ASYNC-IN-DONE ep=0x81 len=0 status=2 actual=0
[813] +25.131260 ASYNC-IN-SUBMIT ep=0x81 len=0 type=BULK (in, awaiting data)
[814] +25.244104 ASYNC-IN-DONE ep=0x81 len=0 status=2 actual=0
[815] +25.244215 ASYNC-IN-SUBMIT ep=0x81 len=0 type=BULK (in, awaiting data)
[816] +25.353890 ASYNC-IN-DONE ep=0x81 len=0 status=2 actual=0
[817] +25.353987 ASYNC-IN-SUBMIT ep=0x81 len=0 type=BULK (in, awaiting data)
[818] +25.404758 ASYNC-IN-DONE ep=0x81 len=16 status=0 actual=16
	0000  08 00 00 18 ed 03 80 10  00 2c 00 10 ae 02 00 00 |.........,......|
[819] +25.404847 ASYNC-IN-SUBMIT ep=0x81 len=0 type=BULK (in, awaiting data)
[820] +25.517659 ASYNC-IN-DONE ep=0x81 len=0 status=2 actual=0
[821] +25.517764 ASYNC-IN-SUBMIT ep=0x81 len=0 type=BULK (in, awaiting data)
[822] +25.522450 ASYNC-OUT ep=0x01 len=16 type=BULK 
	0000  08 00 00 18 80 10 ed 03  00 2a 00 10 fd 1a 00 00 |.........*......|
[823] +25.522710 ASYNC-OUT-DONE ep=0x01 len=0 status=0 actual=16
[824] +25.605233 ASYNC-IN-DONE ep=0x81 len=16 status=0 actual=16
	0000  08 00 00 18 ef 03 01 10  00 2c 00 10 65 02 00 00 |.........,..e...|
[825] +25.605354 ASYNC-IN-SUBMIT ep=0x81 len=0 type=BULK (in, awaiting data)
[826] +25.605522 ASYNC-IN-DONE ep=0x81 len=16 status=0 actual=16
	0000  08 00 00 18 f0 03 02 10  00 17 00 10 09 02 00 00 |................|
[827] +25.605572 ASYNC-IN-SUBMIT ep=0x81 len=0 type=BULK (in, awaiting data)
[828] +25.711791 ASYNC-IN-DONE ep=0x81 len=0 status=2 actual=0
[829] +25.711893 ASYNC-IN-SUBMIT ep=0x81 len=0 type=BULK (in, awaiting data)
[830] +25.792117 ASYNC-OUT ep=0x01 len=16 type=BULK 
	0000  08 00 00 18 01 10 ef 03  00 2b 00 10 93 1e 00 00 |.........+......|
[831] +25.792488 ASYNC-OUT-DONE ep=0x01 len=0 status=0 actual=16
[832] +25.813230 ASYNC-IN-DONE ep=0x81 len=0 status=2 actual=0
[833] +25.813316 ASYNC-IN-SUBMIT ep=0x81 len=0 type=BULK (in, awaiting data)
[834] +25.846235 ASYNC-OUT ep=0x01 len=16 type=BULK 
	0000  08 00 00 18 02 10 f0 03  00 17 00 10 09 10 00 00 |................|
[835] +25.846854 ASYNC-OUT-DONE ep=0x01 len=0 status=0 actual=16
[836] +25.923859 ASYNC-IN-DONE ep=0x81 len=0 status=2 actual=0
[837] +25.923950 ASYNC-IN-SUBMIT ep=0x81 len=0 type=BULK (in, awaiting data)
[838] +26.036772 ASYNC-IN-DONE ep=0x81 len=0 status=2 actual=0
[839] +26.036869 ASYNC-IN-SUBMIT ep=0x81 len=0 type=BULK (in, awaiting data)
[840] +26.149009 ASYNC-IN-DONE ep=0x81 len=0 status=2 actual=0
[841] +26.149119 ASYNC-IN-SUBMIT ep=0x81 len=0 type=BULK (in, awaiting data)
[842] +26.254907 ASYNC-IN-DONE ep=0x81 len=0 status=2 actual=0
[843] +26.255021 ASYNC-IN-SUBMIT ep=0x81 len=0 type=BULK (in, awaiting data)
[844] +26.367885 ASYNC-IN-DONE ep=0x81 len=0 status=2 actual=0
[845] +26.367953 ASYNC-IN-SUBMIT ep=0x81 len=0 type=BULK (in, awaiting data)
[846] +26.408341 ASYNC-IN-DONE ep=0x81 len=16 status=0 actual=16
	0000  08 00 00 18 ed 03 80 10  00 2d 00 10 ae 02 00 00 |.........-......|
[847] +26.408491 ASYNC-IN-SUBMIT ep=0x81 len=0 type=BULK (in, awaiting data)
[848] +26.520564 ASYNC-IN-DONE ep=0x81 len=0 status=2 actual=0
[849] +26.520738 ASYNC-IN-SUBMIT ep=0x81 len=0 type=BULK (in, awaiting data)
[850] +26.544785 ASYNC-OUT ep=0x01 len=16 type=BULK 
	0000  08 00 00 18 80 10 ed 03  00 2b 00 10 fd 1a 00 00 |.........+......|
[851] +26.545074 ASYNC-OUT-DONE ep=0x01 len=0 status=0 actual=16
[852] +26.608741 ASYNC-IN-DONE ep=0x81 len=16 status=0 actual=16
	0000  08 00 00 18 ef 03 01 10  00 2d 00 10 65 02 00 00 |.........-..e...|
[853] +26.608848 ASYNC-IN-SUBMIT ep=0x81 len=0 type=BULK (in, awaiting data)
[854] +26.608976 ASYNC-IN-DONE ep=0x81 len=16 status=0 actual=16
	0000  08 00 00 18 f0 03 02 10  00 18 00 10 09 02 00 00 |................|
[855] +26.609024 ASYNC-IN-SUBMIT ep=0x81 len=0 type=BULK (in, awaiting data)
[856] +26.721810 ASYNC-IN-DONE ep=0x81 len=0 status=2 actual=0
[857] +26.721911 ASYNC-IN-SUBMIT ep=0x81 len=0 type=BULK (in, awaiting data)
[858] +26.813091 ASYNC-OUT ep=0x01 len=16 type=BULK 
	0000  08 00 00 18 01 10 ef 03  00 2c 00 10 93 1e 00 00 |.........,......|
[859] +26.813477 ASYNC-OUT-DONE ep=0x01 len=0 status=0 actual=16
[860] +26.833972 ASYNC-IN-DONE ep=0x81 len=0 status=2 actual=0
[861] +26.834042 ASYNC-IN-SUBMIT ep=0x81 len=0 type=BULK (in, awaiting data)
[862] +26.867124 ASYNC-OUT ep=0x01 len=16 type=BULK 
	0000  08 00 00 18 02 10 f0 03  00 18 00 10 09 10 00 00 |................|
[863] +26.867478 ASYNC-OUT-DONE ep=0x01 len=0 status=0 actual=16
[864] +26.946845 ASYNC-IN-DONE ep=0x81 len=0 status=2 actual=0
[865] +26.946929 ASYNC-IN-SUBMIT ep=0x81 len=0 type=BULK (in, awaiting data)
[866] +27.059738 ASYNC-IN-DONE ep=0x81 len=0 status=2 actual=0
[867] +27.059833 ASYNC-IN-SUBMIT ep=0x81 len=0 type=BULK (in, awaiting data)
[868] +27.172632 ASYNC-IN-DONE ep=0x81 len=0 status=2 actual=0
[869] +27.172717 ASYNC-IN-SUBMIT ep=0x81 len=0 type=BULK (in, awaiting data)
[870] +27.273329 ASYNC-IN-DONE ep=0x81 len=0 status=2 actual=0
[871] +27.273439 ASYNC-IN-SUBMIT ep=0x81 len=0 type=BULK (in, awaiting data)
[872] +27.381978 ASYNC-IN-DONE ep=0x81 len=0 status=2 actual=0
[873] +27.382060 ASYNC-IN-SUBMIT ep=0x81 len=0 type=BULK (in, awaiting data)
[874] +27.411465 ASYNC-IN-DONE ep=0x81 len=16 status=0 actual=16
	0000  08 00 00 18 ed 03 80 10  00 2e 00 10 ae 02 00 00 |................|
[875] +27.411576 ASYNC-IN-SUBMIT ep=0x81 len=0 type=BULK (in, awaiting data)
[876] +27.523927 ASYNC-IN-DONE ep=0x81 len=0 status=2 actual=0
[877] +27.524041 ASYNC-IN-SUBMIT ep=0x81 len=0 type=BULK (in, awaiting data)
[878] +27.560738 ASYNC-OUT ep=0x01 len=16 type=BULK 
	0000  08 00 00 18 80 10 ed 03  00 2c 00 10 fd 1a 00 00 |.........,......|
[879] +27.561050 ASYNC-OUT-DONE ep=0x01 len=0 status=0 actual=16
[880] +27.611899 ASYNC-IN-DONE ep=0x81 len=16 status=0 actual=16
	0000  08 00 00 18 ef 03 01 10  00 2e 00 10 65 02 00 00 |............e...|
[881] +27.612046 ASYNC-IN-SUBMIT ep=0x81 len=0 type=BULK (in, awaiting data)
[882] +27.612380 ASYNC-IN-DONE ep=0x81 len=16 status=0 actual=16
	0000  08 00 00 18 f0 03 02 10  00 19 00 10 09 02 00 00 |................|
[883] +27.612447 ASYNC-IN-SUBMIT ep=0x81 len=0 type=BULK (in, awaiting data)
[884] +27.719923 ASYNC-IN-DONE ep=0x81 len=0 status=2 actual=0
[885] +27.720037 ASYNC-IN-SUBMIT ep=0x81 len=0 type=BULK (in, awaiting data)
[886] +27.822937 ASYNC-OUT ep=0x01 len=16 type=BULK 
	0000  08 00 00 18 01 10 ef 03  00 2d 00 10 93 1e 00 00 |.........-......|
[887] +27.823286 ASYNC-OUT-DONE ep=0x01 len=0 status=0 actual=16
[888] +27.823849 ASYNC-IN-DONE ep=0x81 len=0 status=2 actual=0
[889] +27.823892 ASYNC-IN-SUBMIT ep=0x81 len=0 type=BULK (in, awaiting data)
[890] +27.876998 ASYNC-OUT ep=0x01 len=16 type=BULK 
	0000  08 00 00 18 02 10 f0 03  00 19 00 10 09 10 00 00 |................|
[891] +27.877339 ASYNC-OUT-DONE ep=0x01 len=0 status=0 actual=16
[892] +27.936646 ASYNC-IN-DONE ep=0x81 len=0 status=2 actual=0
[893] +27.936728 ASYNC-IN-SUBMIT ep=0x81 len=0 type=BULK (in, awaiting data)
[894] +28.046564 ASYNC-IN-DONE ep=0x81 len=0 status=2 actual=0
[895] +28.046660 ASYNC-IN-SUBMIT ep=0x81 len=0 type=BULK (in, awaiting data)
[896] +28.156664 ASYNC-IN-DONE ep=0x81 len=0 status=2 actual=0
[897] +28.156762 ASYNC-IN-SUBMIT ep=0x81 len=0 type=BULK (in, awaiting data)
[898] +28.267385 ASYNC-IN-DONE ep=0x81 len=0 status=2 actual=0
[899] +28.267500 ASYNC-IN-SUBMIT ep=0x81 len=0 type=BULK (in, awaiting data)
[900] +28.374533 ASYNC-IN-DONE ep=0x81 len=0 status=2 actual=0
[901] +28.374624 ASYNC-IN-SUBMIT ep=0x81 len=0 type=BULK (in, awaiting data)
[902] +28.414716 ASYNC-IN-DONE ep=0x81 len=16 status=0 actual=16
	0000  08 00 00 18 ed 03 80 10  00 2f 00 10 ae 02 00 00 |........./......|
[903] +28.414839 ASYNC-IN-SUBMIT ep=0x81 len=0 type=BULK (in, awaiting data)
[904] +28.526096 ASYNC-IN-DONE ep=0x81 len=0 status=2 actual=0
[905] +28.526189 ASYNC-IN-SUBMIT ep=0x81 len=0 type=BULK (in, awaiting data)
[906] +28.571159 ASYNC-OUT ep=0x01 len=16 type=BULK 
	0000  08 00 00 18 80 10 ed 03  00 2d 00 10 fd 1a 00 00 |.........-......|
[907] +28.571484 ASYNC-OUT-DONE ep=0x01 len=0 status=0 actual=16
[908] +28.615239 ASYNC-IN-DONE ep=0x81 len=16 status=0 actual=16
	0000  08 00 00 18 ef 03 01 10  00 2f 00 10 65 02 00 00 |........./..e...|
[909] +28.615378 ASYNC-IN-SUBMIT ep=0x81 len=0 type=BULK (in, awaiting data)
[910] +28.615560 ASYNC-IN-DONE ep=0x81 len=16 status=0 actual=16
	0000  08 00 00 18 f0 03 02 10  00 1a 00 10 09 02 00 00 |................|
[911] +28.615627 ASYNC-IN-SUBMIT ep=0x81 len=0 type=BULK (in, awaiting data)
[912] +28.727016 ASYNC-IN-DONE ep=0x81 len=0 status=2 actual=0
[913] +28.727124 ASYNC-IN-SUBMIT ep=0x81 len=0 type=BULK (in, awaiting data)
[914] +28.836343 ASYNC-IN-DONE ep=0x81 len=0 status=2 actual=0
[915] +28.836455 ASYNC-IN-SUBMIT ep=0x81 len=0 type=BULK (in, awaiting data)
[916] +28.839934 ASYNC-OUT ep=0x01 len=16 type=BULK 
	0000  08 00 00 18 01 10 ef 03  00 2e 00 10 93 1e 00 00 |................|
[917] +28.840183 ASYNC-OUT-DONE ep=0x01 len=0 status=0 actual=16
[918] +28.892178 ASYNC-OUT ep=0x01 len=16 type=BULK 
	0000  08 00 00 18 02 10 f0 03  00 1a 00 10 09 10 00 00 |................|
[919] +28.892516 ASYNC-OUT-DONE ep=0x01 len=0 status=0 actual=16
[920] +28.942089 ASYNC-IN-DONE ep=0x81 len=0 status=2 actual=0
[921] +28.942150 ASYNC-IN-SUBMIT ep=0x81 len=0 type=BULK (in, awaiting data)
[922] +29.047356 ASYNC-IN-DONE ep=0x81 len=0 status=2 actual=0
[923] +29.047455 ASYNC-IN-SUBMIT ep=0x81 len=0 type=BULK (in, awaiting data)
[924] +29.153114 ASYNC-IN-DONE ep=0x81 len=0 status=2 actual=0
[925] +29.153168 ASYNC-IN-SUBMIT ep=0x81 len=0 type=BULK (in, awaiting data)
[926] +29.254398 ASYNC-IN-DONE ep=0x81 len=0 status=2 actual=0
[927] +29.254428 ASYNC-IN-SUBMIT ep=0x81 len=0 type=BULK (in, awaiting data)
[928] +29.363453 ASYNC-IN-DONE ep=0x81 len=0 status=2 actual=0
[929] +29.363542 ASYNC-IN-SUBMIT ep=0x81 len=0 type=BULK (in, awaiting data)
[930] +29.418331 ASYNC-IN-DONE ep=0x81 len=16 status=0 actual=16
	0000  08 00 00 18 ed 03 80 10  00 30 00 10 ae 02 00 00 |.........0......|
[931] +29.418481 ASYNC-IN-SUBMIT ep=0x81 len=0 type=BULK (in, awaiting data)
[932] +29.529861 ASYNC-IN-DONE ep=0x81 len=0 status=2 actual=0
[933] +29.529943 ASYNC-IN-SUBMIT ep=0x81 len=0 type=BULK (in, awaiting data)
[934] +29.588492 ASYNC-OUT ep=0x01 len=16 type=BULK 
	0000  08 00 00 18 80 10 ed 03  00 2e 00 10 fd 1a 00 00 |................|
[935] +29.588845 ASYNC-OUT-DONE ep=0x01 len=0 status=0 actual=16
[936] +29.619469 ASYNC-IN-DONE ep=0x81 len=16 status=0 actual=16
	0000  08 00 00 18 ef 03 01 10  00 30 00 10 65 02 00 00 |.........0..e...|
[937] +29.619561 ASYNC-IN-SUBMIT ep=0x81 len=0 type=BULK (in, awaiting data)
[938] +29.619687 ASYNC-IN-DONE ep=0x81 len=16 status=0 actual=16
	0000  08 00 00 18 f0 03 02 10  00 1b 00 10 09 02 00 00 |................|
[939] +29.619732 ASYNC-IN-SUBMIT ep=0x81 len=0 type=BULK (in, awaiting data)
[940] +29.732498 ASYNC-IN-DONE ep=0x81 len=0 status=2 actual=0
[941] +29.732607 ASYNC-IN-SUBMIT ep=0x81 len=0 type=BULK (in, awaiting data)
[942] +29.843923 ASYNC-IN-DONE ep=0x81 len=0 status=2 actual=0
[943] +29.844024 ASYNC-IN-SUBMIT ep=0x81 len=0 type=BULK (in, awaiting data)
[944] +29.854671 ASYNC-OUT ep=0x01 len=16 type=BULK 
	0000  08 00 00 18 01 10 ef 03  00 2f 00 10 93 1e 00 00 |........./......|
[945] +29.854923 ASYNC-OUT-DONE ep=0x01 len=0 status=0 actual=16
[946] +29.908738 ASYNC-OUT ep=0x01 len=16 type=BULK 
	0000  08 00 00 18 02 10 f0 03  00 1b 00 10 09 10 00 00 |................|
[947] +29.909097 ASYNC-OUT-DONE ep=0x01 len=0 status=0 actual=16
[948] +29.956845 ASYNC-IN-DONE ep=0x81 len=0 status=2 actual=0
[949] +29.956947 ASYNC-IN-SUBMIT ep=0x81 len=0 type=BULK (in, awaiting data)
[950] +30.069809 ASYNC-IN-DONE ep=0x81 len=0 status=2 actual=0
[951] +30.069883 ASYNC-IN-SUBMIT ep=0x81 len=0 type=BULK (in, awaiting data)
[952] +30.176714 ASYNC-IN-DONE ep=0x81 len=0 status=2 actual=0
[953] +30.176793 ASYNC-IN-SUBMIT ep=0x81 len=0 type=BULK (in, awaiting data)
[954] +30.283965 ASYNC-IN-DONE ep=0x81 len=0 status=2 actual=0
[955] +30.284071 ASYNC-IN-SUBMIT ep=0x81 len=0 type=BULK (in, awaiting data)
[956] +30.396580 ASYNC-IN-DONE ep=0x81 len=0 status=2 actual=0
[957] +30.396679 ASYNC-IN-SUBMIT ep=0x81 len=0 type=BULK (in, awaiting data)
[958] +30.421124 ASYNC-IN-DONE ep=0x81 len=16 status=0 actual=16
	0000  08 00 00 18 ed 03 80 10  00 31 00 10 ae 02 00 00 |.........1......|
[959] +30.421230 ASYNC-IN-SUBMIT ep=0x81 len=0 type=BULK (in, awaiting data)
[960] +30.521507 ASYNC-IN-DONE ep=0x81 len=0 status=2 actual=0
[961] +30.521598 ASYNC-IN-SUBMIT ep=0x81 len=0 type=BULK (in, awaiting data)
[962] +30.607334 ASYNC-OUT ep=0x01 len=16 type=BULK 
	0000  08 00 00 18 80 10 ed 03  00 2f 00 10 fd 1a 00 00 |........./......|
[963] +30.607672 ASYNC-OUT-DONE ep=0x01 len=0 status=0 actual=16
[964] +30.621900 ASYNC-IN-DONE ep=0x81 len=16 status=0 actual=16
	0000  08 00 00 18 ef 03 01 10  00 31 00 10 65 02 00 00 |.........1..e...|
[965] +30.621974 ASYNC-IN-SUBMIT ep=0x81 len=0 type=BULK (in, awaiting data)
[966] +30.622125 ASYNC-IN-DONE ep=0x81 len=16 status=0 actual=16
	0000  08 00 00 18 f0 03 02 10  00 1c 00 10 09 02 00 00 |................|
[967] +30.622194 ASYNC-IN-SUBMIT ep=0x81 len=0 type=BULK (in, awaiting data)
[968] +30.727556 ASYNC-IN-DONE ep=0x81 len=0 status=2 actual=0
[969] +30.727631 ASYNC-IN-SUBMIT ep=0x81 len=0 type=BULK (in, awaiting data)
[970] +30.840427 ASYNC-IN-DONE ep=0x81 len=0 status=2 actual=0
[971] +30.840528 ASYNC-IN-SUBMIT ep=0x81 len=0 type=BULK (in, awaiting data)
[972] +30.877595 ASYNC-OUT ep=0x01 len=16 type=BULK 
	0000  08 00 00 18 01 10 ef 03  00 30 00 10 93 1e 00 00 |.........0......|
[973] +30.877922 ASYNC-OUT-DONE ep=0x01 len=0 status=0 actual=16
[974] +30.931655 ASYNC-OUT ep=0x01 len=16 type=BULK 
	0000  08 00 00 18 02 10 f0 03  00 1c 00 10 09 10 00 00 |................|
[975] +30.931943 ASYNC-OUT-DONE ep=0x01 len=0 status=0 actual=16
[976] +30.945899 ASYNC-IN-DONE ep=0x81 len=0 status=2 actual=0
[977] +30.945944 ASYNC-IN-SUBMIT ep=0x81 len=0 type=BULK (in, awaiting data)
[978] +31.054832 ASYNC-IN-DONE ep=0x81 len=0 status=2 actual=0
[979] +31.054937 ASYNC-IN-SUBMIT ep=0x81 len=0 type=BULK (in, awaiting data)
[980] +31.165887 ASYNC-IN-DONE ep=0x81 len=0 status=2 actual=0
[981] +31.165969 ASYNC-IN-SUBMIT ep=0x81 len=0 type=BULK (in, awaiting data)
[982] +31.275644 ASYNC-IN-DONE ep=0x81 len=0 status=2 actual=0
[983] +31.275714 ASYNC-IN-SUBMIT ep=0x81 len=0 type=BULK (in, awaiting data)
[984] +31.388205 ASYNC-IN-DONE ep=0x81 len=0 status=2 actual=0
[985] +31.388287 ASYNC-IN-SUBMIT ep=0x81 len=0 type=BULK (in, awaiting data)
[986] +31.424640 ASYNC-IN-DONE ep=0x81 len=16 status=0 actual=16
	0000  08 00 00 18 ed 03 80 10  00 32 00 10 ae 02 00 00 |.........2......|
[987] +31.424792 ASYNC-IN-SUBMIT ep=0x81 len=0 type=BULK (in, awaiting data)
[988] +31.534955 ASYNC-IN-DONE ep=0x81 len=0 status=2 actual=0
[989] +31.535067 ASYNC-IN-SUBMIT ep=0x81 len=0 type=BULK (in, awaiting data)
[990] +31.625417 ASYNC-IN-DONE ep=0x81 len=16 status=0 actual=16
	0000  08 00 00 18 ef 03 01 10  00 32 00 10 65 02 00 00 |.........2..e...|
[991] +31.625500 ASYNC-IN-SUBMIT ep=0x81 len=0 type=BULK (in, awaiting data)
[992] +31.625548 ASYNC-OUT ep=0x01 len=16 type=BULK 
	0000  08 00 00 18 80 10 ed 03  00 30 00 10 fd 1a 00 00 |.........0......|
[993] +31.625713 ASYNC-IN-DONE ep=0x81 len=16 status=0 actual=16
	0000  08 00 00 18 f0 03 02 10  00 1d 00 10 09 02 00 00 |................|
[994] +31.625760 ASYNC-IN-SUBMIT ep=0x81 len=0 type=BULK (in, awaiting data)
[995] +31.625798 ASYNC-OUT-DONE ep=0x01 len=0 status=0 actual=16
[996] +31.729704 ASYNC-IN-DONE ep=0x81 len=0 status=2 actual=0
[997] +31.729799 ASYNC-IN-SUBMIT ep=0x81 len=0 type=BULK (in, awaiting data)
[998] +31.838228 ASYNC-IN-DONE ep=0x81 len=0 status=2 actual=0
[999] +31.838338 ASYNC-IN-SUBMIT ep=0x81 len=0 type=BULK (in, awaiting data)
[1000] +31.895688 ASYNC-OUT ep=0x01 len=16 type=BULK 
	0000  08 00 00 18 01 10 ef 03  00 31 00 10 93 1e 00 00 |.........1......|
[1001] +31.895977 ASYNC-OUT-DONE ep=0x01 len=0 status=0 actual=16
[1002] +31.939073 ASYNC-IN-DONE ep=0x81 len=0 status=2 actual=0
[1003] +31.939166 ASYNC-IN-SUBMIT ep=0x81 len=0 type=BULK (in, awaiting data)
[1004] +31.949675 ASYNC-OUT ep=0x01 len=16 type=BULK 
	0000  08 00 00 18 02 10 f0 03  00 1d 00 10 09 10 00 00 |................|
[1005] +31.949927 ASYNC-OUT-DONE ep=0x01 len=0 status=0 actual=16
[1006] +32.051965 ASYNC-IN-DONE ep=0x81 len=0 status=2 actual=0
[1007] +32.052008 ASYNC-IN-SUBMIT ep=0x81 len=0 type=BULK (in, awaiting data)
[1008] +32.154273 ASYNC-IN-DONE ep=0x81 len=0 status=2 actual=0
[1009] +32.154300 ASYNC-IN-SUBMIT ep=0x81 len=0 type=BULK (in, awaiting data)
[1010] +32.263120 ASYNC-IN-DONE ep=0x81 len=0 status=2 actual=0
[1011] +32.263149 ASYNC-IN-SUBMIT ep=0x81 len=0 type=BULK (in, awaiting data)
[1012] +32.368629 ASYNC-IN-DONE ep=0x81 len=0 status=2 actual=0
[1013] +32.368653 ASYNC-IN-SUBMIT ep=0x81 len=0 type=BULK (in, awaiting data)
### MARK SNAPSHOT-open
[1014] +32.427795 ASYNC-IN-DONE ep=0x81 len=16 status=0 actual=16
	0000  08 00 00 18 ed 03 80 10  00 33 00 10 ae 02 00 00 |.........3......|
[1015] +32.427815 ASYNC-IN-SUBMIT ep=0x81 len=0 type=BULK (in, awaiting data)
[1016] +32.529666 ASYNC-IN-DONE ep=0x81 len=0 status=2 actual=0
[1017] +32.529692 ASYNC-IN-SUBMIT ep=0x81 len=0 type=BULK (in, awaiting data)
[1018] +32.628873 ASYNC-IN-DONE ep=0x81 len=16 status=0 actual=16
	0000  08 00 00 18 ef 03 01 10  00 33 00 10 65 02 00 00 |.........3..e...|
[1019] +32.628908 ASYNC-IN-SUBMIT ep=0x81 len=0 type=BULK (in, awaiting data)
[1020] +32.629097 ASYNC-IN-DONE ep=0x81 len=16 status=0 actual=16
	0000  08 00 00 18 f0 03 02 10  00 1e 00 10 09 02 00 00 |................|
[1021] +32.629113 ASYNC-IN-SUBMIT ep=0x81 len=0 type=BULK (in, awaiting data)
[1022] +32.639698 ASYNC-OUT ep=0x01 len=16 type=BULK 
	0000  08 00 00 18 80 10 ed 03  00 31 00 10 fd 1a 00 00 |.........1......|
[1023] +32.640021 ASYNC-OUT-DONE ep=0x01 len=0 status=0 actual=16
[1024] +32.741849 ASYNC-IN-DONE ep=0x81 len=0 status=2 actual=0
[1025] +32.741877 ASYNC-IN-SUBMIT ep=0x81 len=0 type=BULK (in, awaiting data)
[1026] +32.854683 ASYNC-IN-DONE ep=0x81 len=0 status=2 actual=0
[1027] +32.854785 ASYNC-IN-SUBMIT ep=0x81 len=0 type=BULK (in, awaiting data)
[1028] +32.899213 ASYNC-OUT ep=0x01 len=16 type=BULK 
	0000  08 00 00 18 01 10 ef 03  00 32 00 10 93 1e 00 00 |.........2......|
[1029] +32.899551 ASYNC-OUT-DONE ep=0x01 len=0 status=0 actual=16
[1030] +32.967600 ASYNC-IN-DONE ep=0x81 len=0 status=2 actual=0
[1031] +32.967703 ASYNC-IN-SUBMIT ep=0x81 len=0 type=BULK (in, awaiting data)
[1032] +33.002793 ASYNC-OUT ep=0x01 len=16 type=BULK 
	0000  08 00 00 18 02 10 f0 03  00 1e 00 10 09 10 00 00 |................|
[1033] +33.003112 ASYNC-OUT-DONE ep=0x01 len=0 status=0 actual=16
[1034] +33.078923 ASYNC-IN-DONE ep=0x81 len=0 status=2 actual=0
[1035] +33.078989 ASYNC-IN-SUBMIT ep=0x81 len=0 type=BULK (in, awaiting data)
[1036] +33.184882 ASYNC-IN-DONE ep=0x81 len=0 status=2 actual=0
[1037] +33.184970 ASYNC-IN-SUBMIT ep=0x81 len=0 type=BULK (in, awaiting data)
[1038] +33.297798 ASYNC-IN-DONE ep=0x81 len=0 status=2 actual=0
[1039] +33.297903 ASYNC-IN-SUBMIT ep=0x81 len=0 type=BULK (in, awaiting data)
[1040] +33.402920 ASYNC-IN-DONE ep=0x81 len=0 status=2 actual=0
[1041] +33.403021 ASYNC-IN-SUBMIT ep=0x81 len=0 type=BULK (in, awaiting data)
[1042] +33.431414 ASYNC-IN-DONE ep=0x81 len=16 status=0 actual=16
	0000  08 00 00 18 ed 03 80 10  00 34 00 10 ae 02 00 00 |.........4......|
[1043] +33.431497 ASYNC-IN-SUBMIT ep=0x81 len=0 type=BULK (in, awaiting data)
[1044] +33.542343 ASYNC-IN-DONE ep=0x81 len=0 status=2 actual=0
[1045] +33.542445 ASYNC-IN-SUBMIT ep=0x81 len=0 type=BULK (in, awaiting data)
[1046] +33.631966 ASYNC-IN-DONE ep=0x81 len=16 status=0 actual=16
	0000  08 00 00 18 ef 03 01 10  00 34 00 10 65 02 00 00 |.........4..e...|
[1047] +33.632096 ASYNC-IN-SUBMIT ep=0x81 len=0 type=BULK (in, awaiting data)
[1048] +33.632271 ASYNC-IN-DONE ep=0x81 len=16 status=0 actual=16
	0000  08 00 00 18 f0 03 02 10  00 1f 00 10 09 02 00 00 |................|
[1049] +33.632334 ASYNC-IN-SUBMIT ep=0x81 len=0 type=BULK (in, awaiting data)
[1050] +33.677518 ASYNC-OUT ep=0x01 len=16 type=BULK 
	0000  08 00 00 18 80 10 ed 03  00 32 00 10 fd 1a 00 00 |.........2......|
[1051] +33.677859 ASYNC-OUT-DONE ep=0x01 len=0 status=0 actual=16
[1052] +33.741119 ASYNC-IN-DONE ep=0x81 len=0 status=2 actual=0
[1053] +33.741218 ASYNC-IN-SUBMIT ep=0x81 len=0 type=BULK (in, awaiting data)
[1054] +33.848622 ASYNC-IN-DONE ep=0x81 len=0 status=2 actual=0
[1055] +33.848714 ASYNC-IN-SUBMIT ep=0x81 len=0 type=BULK (in, awaiting data)
[1056] +33.937803 ASYNC-OUT ep=0x01 len=16 type=BULK 
	0000  08 00 00 18 01 10 ef 03  00 33 00 10 93 1e 00 00 |.........3......|
[1057] +33.938107 ASYNC-OUT-DONE ep=0x01 len=0 status=0 actual=16
[1058] +33.953693 ASYNC-IN-DONE ep=0x81 len=0 status=2 actual=0
[1059] +33.953750 ASYNC-IN-SUBMIT ep=0x81 len=0 type=BULK (in, awaiting data)
[1060] +34.041504 ASYNC-OUT ep=0x01 len=16 type=BULK 
	0000  08 00 00 18 02 10 f0 03  00 1f 00 10 09 10 00 00 |................|
[1061] +34.041714 ASYNC-OUT-DONE ep=0x01 len=0 status=0 actual=16
[1062] +34.063073 ASYNC-IN-DONE ep=0x81 len=0 status=2 actual=0
[1063] +34.063107 ASYNC-IN-SUBMIT ep=0x81 len=0 type=BULK (in, awaiting data)
[1064] +34.173189 ASYNC-IN-DONE ep=0x81 len=0 status=2 actual=0
[1065] +34.173231 ASYNC-IN-SUBMIT ep=0x81 len=0 type=BULK (in, awaiting data)
[1066] +34.275864 ASYNC-IN-DONE ep=0x81 len=0 status=2 actual=0
[1067] +34.275880 ASYNC-IN-SUBMIT ep=0x81 len=0 type=BULK (in, awaiting data)
[1068] +34.381778 ASYNC-IN-DONE ep=0x81 len=0 status=2 actual=0
[1069] +34.381825 ASYNC-IN-SUBMIT ep=0x81 len=0 type=BULK (in, awaiting data)
[1070] +34.435008 ASYNC-IN-DONE ep=0x81 len=16 status=0 actual=16
	0000  08 00 00 18 ed 03 80 10  00 35 00 10 ae 02 00 00 |.........5......|
[1071] +34.435030 ASYNC-IN-SUBMIT ep=0x81 len=0 type=BULK (in, awaiting data)
[1072] +34.541477 ASYNC-IN-DONE ep=0x81 len=0 status=2 actual=0
[1073] +34.541504 ASYNC-IN-SUBMIT ep=0x81 len=0 type=BULK (in, awaiting data)
[1074] +34.635476 ASYNC-IN-DONE ep=0x81 len=16 status=0 actual=16
	0000  08 00 00 18 ef 03 01 10  00 35 00 10 65 02 00 00 |.........5..e...|
[1075] +34.635519 ASYNC-IN-SUBMIT ep=0x81 len=0 type=BULK (in, awaiting data)
[1076] +34.635629 ASYNC-IN-DONE ep=0x81 len=16 status=0 actual=16
	0000  08 00 00 18 f0 03 02 10  00 20 00 10 09 02 00 00 |......... ......|
[1077] +34.635644 ASYNC-IN-SUBMIT ep=0x81 len=0 type=BULK (in, awaiting data)
[1078] +34.714860 ASYNC-OUT ep=0x01 len=16 type=BULK 
	0000  08 00 00 18 80 10 ed 03  00 33 00 10 fd 1a 00 00 |.........3......|
[1079] +34.715170 ASYNC-OUT-DONE ep=0x01 len=0 status=0 actual=16
[1080] +34.740941 ASYNC-IN-DONE ep=0x81 len=0 status=2 actual=0
[1081] +34.740982 ASYNC-IN-SUBMIT ep=0x81 len=0 type=BULK (in, awaiting data)
[1082] +34.851586 ASYNC-IN-DONE ep=0x81 len=0 status=2 actual=0
[1083] +34.851690 ASYNC-IN-SUBMIT ep=0x81 len=0 type=BULK (in, awaiting data)
[1084] +34.953296 ASYNC-IN-DONE ep=0x81 len=0 status=2 actual=0
[1085] +34.953393 ASYNC-IN-SUBMIT ep=0x81 len=0 type=BULK (in, awaiting data)
[1086] +34.974452 ASYNC-OUT ep=0x01 len=16 type=BULK 
	0000  08 00 00 18 01 10 ef 03  00 34 00 10 93 1e 00 00 |.........4......|
[1087] +34.974822 ASYNC-OUT-DONE ep=0x01 len=0 status=0 actual=16
[1088] +35.063236 ASYNC-IN-DONE ep=0x81 len=0 status=2 actual=0
[1089] +35.063332 ASYNC-IN-SUBMIT ep=0x81 len=0 type=BULK (in, awaiting data)
[1090] +35.078026 ASYNC-OUT ep=0x01 len=16 type=BULK 
	0000  08 00 00 18 02 10 f0 03  00 20 00 10 09 10 00 00 |......... ......|
[1091] +35.078332 ASYNC-OUT-DONE ep=0x01 len=0 status=0 actual=16
[1092] +35.175264 ASYNC-IN-DONE ep=0x81 len=0 status=2 actual=0
[1093] +35.175372 ASYNC-IN-SUBMIT ep=0x81 len=0 type=BULK (in, awaiting data)
[1094] +35.286241 ASYNC-IN-DONE ep=0x81 len=0 status=2 actual=0
[1095] +35.286325 ASYNC-IN-SUBMIT ep=0x81 len=0 type=BULK (in, awaiting data)
[1096] +35.388902 ASYNC-IN-DONE ep=0x81 len=0 status=2 actual=0
[1097] +35.389013 ASYNC-IN-SUBMIT ep=0x81 len=0 type=BULK (in, awaiting data)
[1098] +35.437899 ASYNC-IN-DONE ep=0x81 len=16 status=0 actual=16
	0000  08 00 00 18 ed 03 80 10  00 36 00 10 ae 02 00 00 |.........6......|
[1099] +35.438038 ASYNC-IN-SUBMIT ep=0x81 len=0 type=BULK (in, awaiting data)
[1100] +35.547958 ASYNC-IN-DONE ep=0x81 len=0 status=2 actual=0
[1101] +35.548045 ASYNC-IN-SUBMIT ep=0x81 len=0 type=BULK (in, awaiting data)
[1102] +35.639156 ASYNC-IN-DONE ep=0x81 len=16 status=0 actual=16
	0000  08 00 00 18 ef 03 01 10  00 36 00 10 65 02 00 00 |.........6..e...|
[1103] +35.639285 ASYNC-IN-SUBMIT ep=0x81 len=0 type=BULK (in, awaiting data)
[1104] +35.639459 ASYNC-IN-DONE ep=0x81 len=16 status=0 actual=16
	0000  08 00 00 18 f0 03 02 10  00 21 00 10 09 02 00 00 |.........!......|
[1105] +35.639528 ASYNC-IN-SUBMIT ep=0x81 len=0 type=BULK (in, awaiting data)
[1106] +35.742309 ASYNC-IN-DONE ep=0x81 len=0 status=2 actual=0
[1107] +35.742391 ASYNC-IN-SUBMIT ep=0x81 len=0 type=BULK (in, awaiting data)
[1108] +35.753081 ASYNC-OUT ep=0x01 len=16 type=BULK 
	0000  08 00 00 18 80 10 ed 03  00 34 00 10 fd 1a 00 00 |.........4......|
[1109] +35.753395 ASYNC-OUT-DONE ep=0x01 len=0 status=0 actual=16
[1110] +35.853857 ASYNC-IN-DONE ep=0x81 len=0 status=2 actual=0
[1111] +35.853976 ASYNC-IN-SUBMIT ep=0x81 len=0 type=BULK (in, awaiting data)
[1112] +35.966829 ASYNC-IN-DONE ep=0x81 len=0 status=2 actual=0
[1113] +35.966941 ASYNC-IN-SUBMIT ep=0x81 len=0 type=BULK (in, awaiting data)
[1114] +36.012031 ASYNC-OUT ep=0x01 len=16 type=BULK 
	0000  08 00 00 18 01 10 ef 03  00 35 00 10 93 1e 00 00 |.........5......|
[1115] +36.012346 ASYNC-OUT-DONE ep=0x01 len=0 status=0 actual=16
[1116] +36.070980 ASYNC-IN-DONE ep=0x81 len=0 status=2 actual=0
[1117] +36.071088 ASYNC-IN-SUBMIT ep=0x81 len=0 type=BULK (in, awaiting data)
[1118] +36.116087 ASYNC-OUT ep=0x01 len=16 type=BULK 
	0000  08 00 00 18 02 10 f0 03  00 21 00 10 09 10 00 00 |.........!......|
[1119] +36.116368 ASYNC-OUT-DONE ep=0x01 len=0 status=0 actual=16
[1120] +36.177302 ASYNC-IN-DONE ep=0x81 len=0 status=2 actual=0
[1121] +36.177380 ASYNC-IN-SUBMIT ep=0x81 len=0 type=BULK (in, awaiting data)
[1122] +36.288196 ASYNC-IN-DONE ep=0x81 len=0 status=2 actual=0
[1123] +36.288310 ASYNC-IN-SUBMIT ep=0x81 len=0 type=BULK (in, awaiting data)
[1124] +36.401133 ASYNC-IN-DONE ep=0x81 len=0 status=2 actual=0
[1125] +36.401229 ASYNC-IN-SUBMIT ep=0x81 len=0 type=BULK (in, awaiting data)
[1126] +36.442258 ASYNC-IN-DONE ep=0x81 len=16 status=0 actual=16
	0000  08 00 00 18 ed 03 80 10  00 37 00 10 ae 02 00 00 |.........7......|
[1127] +36.442370 ASYNC-IN-SUBMIT ep=0x81 len=0 type=BULK (in, awaiting data)
[1128] +36.543954 ASYNC-IN-DONE ep=0x81 len=0 status=2 actual=0
[1129] +36.544047 ASYNC-IN-SUBMIT ep=0x81 len=0 type=BULK (in, awaiting data)
[1130] +36.642705 ASYNC-IN-DONE ep=0x81 len=16 status=0 actual=16
	0000  08 00 00 18 ef 03 01 10  00 37 00 10 65 02 00 00 |.........7..e...|
[1131] +36.642826 ASYNC-IN-SUBMIT ep=0x81 len=0 type=BULK (in, awaiting data)
[1132] +36.642979 ASYNC-IN-DONE ep=0x81 len=16 status=0 actual=16
	0000  08 00 00 18 f0 03 02 10  00 22 00 10 09 02 00 00 |........."......|
[1133] +36.643030 ASYNC-IN-SUBMIT ep=0x81 len=0 type=BULK (in, awaiting data)
[1134] +36.754196 ASYNC-IN-DONE ep=0x81 len=0 status=2 actual=0
[1135] +36.754284 ASYNC-IN-SUBMIT ep=0x81 len=0 type=BULK (in, awaiting data)
[1136] +36.790931 ASYNC-OUT ep=0x01 len=16 type=BULK 
	0000  08 00 00 18 80 10 ed 03  00 35 00 10 fd 1a 00 00 |.........5......|
[1137] +36.791207 ASYNC-OUT-DONE ep=0x01 len=0 status=0 actual=16
[1138] +36.862470 ASYNC-IN-DONE ep=0x81 len=0 status=2 actual=0
[1139] +36.862584 ASYNC-IN-SUBMIT ep=0x81 len=0 type=BULK (in, awaiting data)
[1140] +36.970930 ASYNC-IN-DONE ep=0x81 len=0 status=2 actual=0
[1141] +36.971040 ASYNC-IN-SUBMIT ep=0x81 len=0 type=BULK (in, awaiting data)
[1142] +37.051237 ASYNC-OUT ep=0x01 len=16 type=BULK 
	0000  08 00 00 18 01 10 ef 03  00 36 00 10 93 1e 00 00 |.........6......|
[1143] +37.051594 ASYNC-OUT-DONE ep=0x01 len=0 status=0 actual=16
[1144] +37.083831 ASYNC-IN-DONE ep=0x81 len=0 status=2 actual=0
[1145] +37.083904 ASYNC-IN-SUBMIT ep=0x81 len=0 type=BULK (in, awaiting data)
[1146] +37.154733 ASYNC-OUT ep=0x01 len=16 type=BULK 
	0000  08 00 00 18 02 10 f0 03  00 22 00 10 09 10 00 00 |........."......|
[1147] +37.155071 ASYNC-OUT-DONE ep=0x01 len=0 status=0 actual=16
[1148] +37.193495 ASYNC-IN-DONE ep=0x81 len=0 status=2 actual=0
[1149] +37.193677 ASYNC-IN-SUBMIT ep=0x81 len=0 type=BULK (in, awaiting data)
[1150] +37.303693 ASYNC-IN-DONE ep=0x81 len=0 status=2 actual=0
[1151] +37.303775 ASYNC-IN-SUBMIT ep=0x81 len=0 type=BULK (in, awaiting data)
[1152] +37.411814 ASYNC-IN-DONE ep=0x81 len=0 status=2 actual=0
[1153] +37.411947 ASYNC-IN-SUBMIT ep=0x81 len=0 type=BULK (in, awaiting data)
[1154] +37.444937 ASYNC-IN-DONE ep=0x81 len=16 status=0 actual=16
	0000  08 00 00 18 ed 03 80 10  00 38 00 10 ae 02 00 00 |.........8......|
[1155] +37.445110 ASYNC-IN-SUBMIT ep=0x81 len=0 type=BULK (in, awaiting data)
[1156] +37.558061 ASYNC-IN-DONE ep=0x81 len=0 status=2 actual=0
[1157] +37.558181 ASYNC-IN-SUBMIT ep=0x81 len=0 type=BULK (in, awaiting data)
[1158] +37.645891 ASYNC-IN-DONE ep=0x81 len=16 status=0 actual=16
	0000  08 00 00 18 ef 03 01 10  00 38 00 10 65 02 00 00 |.........8..e...|
[1159] +37.646046 ASYNC-IN-SUBMIT ep=0x81 len=0 type=BULK (in, awaiting data)
[1160] +37.646290 ASYNC-IN-DONE ep=0x81 len=16 status=0 actual=16
	0000  08 00 00 18 f0 03 02 10  00 23 00 10 09 02 00 00 |.........#......|
[1161] +37.646399 ASYNC-IN-SUBMIT ep=0x81 len=0 type=BULK (in, awaiting data)
[1162] +37.757634 ASYNC-IN-DONE ep=0x81 len=0 status=2 actual=0
[1163] +37.757736 ASYNC-IN-SUBMIT ep=0x81 len=0 type=BULK (in, awaiting data)
[1164] +37.830202 ASYNC-OUT ep=0x01 len=16 type=BULK 
	0000  08 00 00 18 80 10 ed 03  00 36 00 10 fd 1a 00 00 |.........6......|
[1165] +37.830527 ASYNC-OUT-DONE ep=0x01 len=0 status=0 actual=16
[1166] +37.870582 ASYNC-IN-DONE ep=0x81 len=0 status=2 actual=0
[1167] +37.870703 ASYNC-IN-SUBMIT ep=0x81 len=0 type=BULK (in, awaiting data)
[1168] +37.983615 ASYNC-IN-DONE ep=0x81 len=0 status=2 actual=0
[1169] +37.983726 ASYNC-IN-SUBMIT ep=0x81 len=0 type=BULK (in, awaiting data)
[1170] +38.087100 ASYNC-IN-DONE ep=0x81 len=0 status=2 actual=0
[1171] +38.087209 ASYNC-IN-SUBMIT ep=0x81 len=0 type=BULK (in, awaiting data)
[1172] +38.090105 ASYNC-OUT ep=0x01 len=16 type=BULK 
	0000  08 00 00 18 01 10 ef 03  00 37 00 10 93 1e 00 00 |.........7......|
[1173] +38.090343 ASYNC-OUT-DONE ep=0x01 len=0 status=0 actual=16
[1174] +38.193794 ASYNC-OUT ep=0x01 len=16 type=BULK 
	0000  08 00 00 18 02 10 f0 03  00 23 00 10 09 10 00 00 |.........#......|
[1175] +38.194114 ASYNC-OUT-DONE ep=0x01 len=0 status=0 actual=16
[1176] +38.199987 ASYNC-IN-DONE ep=0x81 len=0 status=2 actual=0
[1177] +38.200022 ASYNC-IN-SUBMIT ep=0x81 len=0 type=BULK (in, awaiting data)
[1178] +38.312468 ASYNC-IN-DONE ep=0x81 len=0 status=2 actual=0
[1179] +38.312564 ASYNC-IN-SUBMIT ep=0x81 len=0 type=BULK (in, awaiting data)
[1180] +38.425401 ASYNC-IN-DONE ep=0x81 len=0 status=2 actual=0
[1181] +38.425479 ASYNC-IN-SUBMIT ep=0x81 len=0 type=BULK (in, awaiting data)
[1182] +38.448038 ASYNC-IN-DONE ep=0x81 len=16 status=0 actual=16
	0000  08 00 00 18 ed 03 80 10  00 39 00 10 ae 02 00 00 |.........9......|
[1183] +38.448140 ASYNC-IN-SUBMIT ep=0x81 len=0 type=BULK (in, awaiting data)
[1184] +38.560955 ASYNC-IN-DONE ep=0x81 len=0 status=2 actual=0
[1185] +38.561039 ASYNC-IN-SUBMIT ep=0x81 len=0 type=BULK (in, awaiting data)
[1186] +38.648859 ASYNC-IN-DONE ep=0x81 len=16 status=0 actual=16
	0000  08 00 00 18 ef 03 01 10  00 39 00 10 65 02 00 00 |.........9..e...|
[1187] +38.648977 ASYNC-IN-SUBMIT ep=0x81 len=0 type=BULK (in, awaiting data)
[1188] +38.649175 ASYNC-IN-DONE ep=0x81 len=16 status=0 actual=16
	0000  08 00 00 18 f0 03 02 10  00 24 00 10 09 02 00 00 |.........$......|
[1189] +38.649232 ASYNC-IN-SUBMIT ep=0x81 len=0 type=BULK (in, awaiting data)
[1190] +38.760146 ASYNC-IN-DONE ep=0x81 len=0 status=2 actual=0
[1191] +38.760210 ASYNC-IN-SUBMIT ep=0x81 len=0 type=BULK (in, awaiting data)
[1192] +38.867211 ASYNC-OUT ep=0x01 len=16 type=BULK 
	0000  08 00 00 18 80 10 ed 03  00 37 00 10 fd 1a 00 00 |.........7......|
[1193] +38.867565 ASYNC-OUT-DONE ep=0x01 len=0 status=0 actual=16
[1194] +38.871422 ASYNC-IN-DONE ep=0x81 len=0 status=2 actual=0
[1195] +38.871479 ASYNC-IN-SUBMIT ep=0x81 len=0 type=BULK (in, awaiting data)
[1196] +38.974513 ASYNC-IN-DONE ep=0x81 len=0 status=2 actual=0
[1197] +38.974592 ASYNC-IN-SUBMIT ep=0x81 len=0 type=BULK (in, awaiting data)
[1198] +39.075267 ASYNC-IN-DONE ep=0x81 len=0 status=2 actual=0
[1199] +39.075342 ASYNC-IN-SUBMIT ep=0x81 len=0 type=BULK (in, awaiting data)
[1200] +39.126073 ASYNC-OUT ep=0x01 len=16 type=BULK 
	0000  08 00 00 18 01 10 ef 03  00 38 00 10 93 1e 00 00 |.........8......|
[1201] +39.126369 ASYNC-OUT-DONE ep=0x01 len=0 status=0 actual=16
[1202] +39.182881 ASYNC-IN-DONE ep=0x81 len=0 status=2 actual=0
[1203] +39.182957 ASYNC-IN-SUBMIT ep=0x81 len=0 type=BULK (in, awaiting data)
[1204] +39.229710 ASYNC-OUT ep=0x01 len=16 type=BULK 
	0000  08 00 00 18 02 10 f0 03  00 24 00 10 09 10 00 00 |.........$......|
[1205] +39.230029 ASYNC-OUT-DONE ep=0x01 len=0 status=0 actual=16
[1206] +39.291866 ASYNC-IN-DONE ep=0x81 len=0 status=2 actual=0
[1207] +39.291966 ASYNC-IN-SUBMIT ep=0x81 len=0 type=BULK (in, awaiting data)
[1208] +39.400497 ASYNC-IN-DONE ep=0x81 len=0 status=2 actual=0
[1209] +39.400570 ASYNC-IN-SUBMIT ep=0x81 len=0 type=BULK (in, awaiting data)
[1210] +39.451292 ASYNC-IN-DONE ep=0x81 len=16 status=0 actual=16
	0000  08 00 00 18 ed 03 80 10  00 3a 00 10 ae 02 00 00 |.........:......|
[1211] +39.451410 ASYNC-IN-SUBMIT ep=0x81 len=0 type=BULK (in, awaiting data)
[1212] +39.554039 ASYNC-IN-DONE ep=0x81 len=0 status=2 actual=0
[1213] +39.554124 ASYNC-IN-SUBMIT ep=0x81 len=0 type=BULK (in, awaiting data)
[1214] +39.652116 ASYNC-IN-DONE ep=0x81 len=16 status=0 actual=16
	0000  08 00 00 18 ef 03 01 10  00 3a 00 10 65 02 00 00 |.........:..e...|
[1215] +39.652215 ASYNC-IN-SUBMIT ep=0x81 len=0 type=BULK (in, awaiting data)
[1216] +39.652350 ASYNC-IN-DONE ep=0x81 len=16 status=0 actual=16
	0000  08 00 00 18 f0 03 02 10  00 25 00 10 09 02 00 00 |.........%......|
[1217] +39.652395 ASYNC-IN-SUBMIT ep=0x81 len=0 type=BULK (in, awaiting data)
[1218] +39.761849 ASYNC-IN-DONE ep=0x81 len=0 status=2 actual=0
[1219] +39.761892 ASYNC-IN-SUBMIT ep=0x81 len=0 type=BULK (in, awaiting data)
[1220] +39.874632 ASYNC-IN-DONE ep=0x81 len=0 status=2 actual=0
[1221] +39.874652 ASYNC-IN-SUBMIT ep=0x81 len=0 type=BULK (in, awaiting data)
[1222] +39.904261 ASYNC-OUT ep=0x01 len=16 type=BULK 
	0000  08 00 00 18 80 10 ed 03  00 38 00 10 fd 1a 00 00 |.........8......|
[1223] +39.904474 ASYNC-OUT-DONE ep=0x01 len=0 status=0 actual=16
[1224] +39.974922 ASYNC-IN-DONE ep=0x81 len=0 status=2 actual=0
[1225] +39.974955 ASYNC-IN-SUBMIT ep=0x81 len=0 type=BULK (in, awaiting data)
[1226] +40.084024 ASYNC-IN-DONE ep=0x81 len=0 status=2 actual=0
[1227] +40.084060 ASYNC-IN-SUBMIT ep=0x81 len=0 type=BULK (in, awaiting data)
[1228] +40.163826 ASYNC-OUT ep=0x01 len=16 type=BULK 
	0000  08 00 00 18 01 10 ef 03  00 39 00 10 93 1e 00 00 |.........9......|
[1229] +40.164170 ASYNC-OUT-DONE ep=0x01 len=0 status=0 actual=16
[1230] +40.184529 ASYNC-IN-DONE ep=0x81 len=0 status=2 actual=0
[1231] +40.184551 ASYNC-IN-SUBMIT ep=0x81 len=0 type=BULK (in, awaiting data)
[1232] +40.267948 ASYNC-OUT ep=0x01 len=16 type=BULK 
	0000  08 00 00 18 02 10 f0 03  00 25 00 10 09 10 00 00 |.........%......|
[1233] +40.268289 ASYNC-OUT-DONE ep=0x01 len=0 status=0 actual=16
[1234] +40.290980 ASYNC-IN-DONE ep=0x81 len=0 status=2 actual=0
[1235] +40.291082 ASYNC-IN-SUBMIT ep=0x81 len=0 type=BULK (in, awaiting data)
[1236] +40.402871 ASYNC-IN-DONE ep=0x81 len=0 status=2 actual=0
[1237] +40.402943 ASYNC-IN-SUBMIT ep=0x81 len=0 type=BULK (in, awaiting data)
[1238] +40.454826 ASYNC-IN-DONE ep=0x81 len=16 status=0 actual=16
	0000  08 00 00 18 ed 03 80 10  00 3b 00 10 ae 02 00 00 |.........;......|
[1239] +40.454945 ASYNC-IN-SUBMIT ep=0x81 len=0 type=BULK (in, awaiting data)
[1240] +40.567350 ASYNC-IN-DONE ep=0x81 len=0 status=2 actual=0
[1241] +40.567437 ASYNC-IN-SUBMIT ep=0x81 len=0 type=BULK (in, awaiting data)
[1242] +40.655553 ASYNC-IN-DONE ep=0x81 len=16 status=0 actual=16
	0000  08 00 00 18 ef 03 01 10  00 3b 00 10 65 02 00 00 |.........;..e...|
[1243] +40.655673 ASYNC-IN-SUBMIT ep=0x81 len=0 type=BULK (in, awaiting data)
[1244] +40.655851 ASYNC-IN-DONE ep=0x81 len=16 status=0 actual=16
	0000  08 00 00 18 f0 03 02 10  00 26 00 10 09 02 00 00 |.........&......|
[1245] +40.655919 ASYNC-IN-SUBMIT ep=0x81 len=0 type=BULK (in, awaiting data)
[1246] +40.768758 ASYNC-IN-DONE ep=0x81 len=0 status=2 actual=0
[1247] +40.768832 ASYNC-IN-SUBMIT ep=0x81 len=0 type=BULK (in, awaiting data)
[1248] +40.880083 ASYNC-IN-DONE ep=0x81 len=0 status=2 actual=0
[1249] +40.880170 ASYNC-IN-SUBMIT ep=0x81 len=0 type=BULK (in, awaiting data)
[1250] +40.941601 ASYNC-OUT ep=0x01 len=16 type=BULK 
	0000  08 00 00 18 80 10 ed 03  00 39 00 10 fd 1a 00 00 |.........9......|
[1251] +40.941950 ASYNC-OUT-DONE ep=0x01 len=0 status=0 actual=16
[1252] +40.987626 ASYNC-IN-DONE ep=0x81 len=0 status=2 actual=0
[1253] +40.987750 ASYNC-IN-SUBMIT ep=0x81 len=0 type=BULK (in, awaiting data)
[1254] +41.100451 ASYNC-IN-DONE ep=0x81 len=0 status=2 actual=0
[1255] +41.100546 ASYNC-IN-SUBMIT ep=0x81 len=0 type=BULK (in, awaiting data)
[1256] +41.200189 ASYNC-OUT ep=0x01 len=16 type=BULK 
	0000  08 00 00 18 01 10 ef 03  00 3a 00 10 93 1e 00 00 |.........:......|
[1257] +41.200535 ASYNC-OUT-DONE ep=0x01 len=0 status=0 actual=16
[1258] +41.213122 ASYNC-IN-DONE ep=0x81 len=0 status=2 actual=0
[1259] +41.213186 ASYNC-IN-SUBMIT ep=0x81 len=0 type=BULK (in, awaiting data)
[1260] +41.304366 ASYNC-OUT ep=0x01 len=16 type=BULK 
	0000  08 00 00 18 02 10 f0 03  00 26 00 10 09 10 00 00 |.........&......|
[1261] +41.304749 ASYNC-OUT-DONE ep=0x01 len=0 status=0 actual=16
[1262] +41.325974 ASYNC-IN-DONE ep=0x81 len=0 status=2 actual=0
[1263] +41.326073 ASYNC-IN-SUBMIT ep=0x81 len=0 type=BULK (in, awaiting data)
[1264] +41.430255 ASYNC-IN-DONE ep=0x81 len=0 status=2 actual=0
[1265] +41.430358 ASYNC-IN-SUBMIT ep=0x81 len=0 type=BULK (in, awaiting data)
[1266] +41.457908 ASYNC-IN-DONE ep=0x81 len=16 status=0 actual=16
	0000  08 00 00 18 ed 03 80 10  00 3c 00 10 ae 02 00 00 |.........<......|
[1267] +41.458028 ASYNC-IN-SUBMIT ep=0x81 len=0 type=BULK (in, awaiting data)
[1268] +41.559258 ASYNC-IN-DONE ep=0x81 len=0 status=2 actual=0
[1269] +41.559350 ASYNC-IN-SUBMIT ep=0x81 len=0 type=BULK (in, awaiting data)
[1270] +41.658846 ASYNC-IN-DONE ep=0x81 len=16 status=0 actual=16
	0000  08 00 00 18 ef 03 01 10  00 3c 00 10 65 02 00 00 |.........<..e...|
[1271] +41.658991 ASYNC-IN-SUBMIT ep=0x81 len=0 type=BULK (in, awaiting data)
[1272] +41.659176 ASYNC-IN-DONE ep=0x81 len=16 status=0 actual=16
	0000  08 00 00 18 f0 03 02 10  00 27 00 10 09 02 00 00 |.........'......|
[1273] +41.659238 ASYNC-IN-SUBMIT ep=0x81 len=0 type=BULK (in, awaiting data)
[1274] +41.771520 ASYNC-IN-DONE ep=0x81 len=0 status=2 actual=0
[1275] +41.771622 ASYNC-IN-SUBMIT ep=0x81 len=0 type=BULK (in, awaiting data)
[1276] +41.883299 ASYNC-IN-DONE ep=0x81 len=0 status=2 actual=0
[1277] +41.883394 ASYNC-IN-SUBMIT ep=0x81 len=0 type=BULK (in, awaiting data)
[1278] +41.979722 ASYNC-OUT ep=0x01 len=16 type=BULK 
	0000  08 00 00 18 80 10 ed 03  00 3a 00 10 fd 1a 00 00 |.........:......|
[1279] +41.980084 ASYNC-OUT-DONE ep=0x01 len=0 status=0 actual=16
[1280] +41.992309 ASYNC-IN-DONE ep=0x81 len=0 status=2 actual=0
[1281] +41.992369 ASYNC-IN-SUBMIT ep=0x81 len=0 type=BULK (in, awaiting data)
[1282] +42.104141 ASYNC-IN-DONE ep=0x81 len=0 status=2 actual=0
[1283] +42.104247 ASYNC-IN-SUBMIT ep=0x81 len=0 type=BULK (in, awaiting data)
[1284] +42.205590 ASYNC-IN-DONE ep=0x81 len=0 status=2 actual=0
[1285] +42.205691 ASYNC-IN-SUBMIT ep=0x81 len=0 type=BULK (in, awaiting data)
[1286] +42.239063 ASYNC-OUT ep=0x01 len=16 type=BULK 
	0000  08 00 00 18 01 10 ef 03  00 3b 00 10 93 1e 00 00 |.........;......|
[1287] +42.239404 ASYNC-OUT-DONE ep=0x01 len=0 status=0 actual=16
[1288] +42.317346 ASYNC-IN-DONE ep=0x81 len=0 status=2 actual=0
[1289] +42.317465 ASYNC-IN-SUBMIT ep=0x81 len=0 type=BULK (in, awaiting data)
[1290] +42.342740 ASYNC-OUT ep=0x01 len=16 type=BULK 
	0000  08 00 00 18 02 10 f0 03  00 27 00 10 09 10 00 00 |.........'......|
[1291] +42.343012 ASYNC-OUT-DONE ep=0x01 len=0 status=0 actual=16
[1292] +42.426725 ASYNC-IN-DONE ep=0x81 len=0 status=2 actual=0
[1293] +42.426838 ASYNC-IN-SUBMIT ep=0x81 len=0 type=BULK (in, awaiting data)
[1294] +42.461289 ASYNC-IN-DONE ep=0x81 len=16 status=0 actual=16
	0000  08 00 00 18 ed 03 80 10  00 3d 00 10 ae 02 00 00 |.........=......|
[1295] +42.461436 ASYNC-IN-SUBMIT ep=0x81 len=0 type=BULK (in, awaiting data)
[1296] +42.571520 ASYNC-IN-DONE ep=0x81 len=0 status=2 actual=0
[1297] +42.571599 ASYNC-IN-SUBMIT ep=0x81 len=0 type=BULK (in, awaiting data)
[1298] +42.662060 ASYNC-IN-DONE ep=0x81 len=16 status=0 actual=16
	0000  08 00 00 18 ef 03 01 10  00 3d 00 10 65 02 00 00 |.........=..e...|
[1299] +42.662206 ASYNC-IN-SUBMIT ep=0x81 len=0 type=BULK (in, awaiting data)
[1300] +42.662395 ASYNC-IN-DONE ep=0x81 len=16 status=0 actual=16
	0000  08 00 00 18 f0 03 02 10  00 28 00 10 09 02 00 00 |.........(......|
[1301] +42.662458 ASYNC-IN-SUBMIT ep=0x81 len=0 type=BULK (in, awaiting data)
[1302] +42.771552 ASYNC-IN-DONE ep=0x81 len=0 status=2 actual=0
[1303] +42.771681 ASYNC-IN-SUBMIT ep=0x81 len=0 type=BULK (in, awaiting data)
[1304] +42.873865 ASYNC-IN-DONE ep=0x81 len=0 status=2 actual=0
[1305] +42.873944 ASYNC-IN-SUBMIT ep=0x81 len=0 type=BULK (in, awaiting data)
[1306] +42.974507 ASYNC-IN-DONE ep=0x81 len=0 status=2 actual=0
[1307] +42.974656 ASYNC-IN-SUBMIT ep=0x81 len=0 type=BULK (in, awaiting data)
[1308] +43.017645 ASYNC-OUT ep=0x01 len=16 type=BULK 
	0000  08 00 00 18 80 10 ed 03  00 3b 00 10 fd 1a 00 00 |.........;......|
[1309] +43.017996 ASYNC-OUT-DONE ep=0x01 len=0 status=0 actual=16
[1310] +43.075627 ASYNC-IN-DONE ep=0x81 len=0 status=2 actual=0
[1311] +43.075725 ASYNC-IN-SUBMIT ep=0x81 len=0 type=BULK (in, awaiting data)
[1312] +43.187345 ASYNC-IN-DONE ep=0x81 len=0 status=2 actual=0
[1313] +43.187461 ASYNC-IN-SUBMIT ep=0x81 len=0 type=BULK (in, awaiting data)
[1314] +43.277885 ASYNC-OUT ep=0x01 len=16 type=BULK 
	0000  08 00 00 18 01 10 ef 03  00 3c 00 10 93 1e 00 00 |.........<......|
[1315] +43.278265 ASYNC-OUT-DONE ep=0x01 len=0 status=0 actual=16
[1316] +43.294830 ASYNC-IN-DONE ep=0x81 len=0 status=2 actual=0
[1317] +43.294932 ASYNC-IN-SUBMIT ep=0x81 len=0 type=BULK (in, awaiting data)
[1318] +43.381976 ASYNC-OUT ep=0x01 len=16 type=BULK 
	0000  08 00 00 18 02 10 f0 03  00 28 00 10 09 10 00 00 |.........(......|
[1319] +43.382337 ASYNC-OUT-DONE ep=0x01 len=0 status=0 actual=16
[1320] +43.402854 ASYNC-IN-DONE ep=0x81 len=0 status=2 actual=0
[1321] +43.402912 ASYNC-IN-SUBMIT ep=0x81 len=0 type=BULK (in, awaiting data)
[1322] +43.464802 ASYNC-IN-DONE ep=0x81 len=16 status=0 actual=16
	0000  08 00 00 18 ed 03 80 10  00 3e 00 10 ae 02 00 00 |.........>......|
[1323] +43.464936 ASYNC-IN-SUBMIT ep=0x81 len=0 type=BULK (in, awaiting data)
[1324] +43.577613 ASYNC-IN-DONE ep=0x81 len=0 status=2 actual=0
[1325] +43.577722 ASYNC-IN-SUBMIT ep=0x81 len=0 type=BULK (in, awaiting data)
[1326] +43.665615 ASYNC-IN-DONE ep=0x81 len=16 status=0 actual=16
	0000  08 00 00 18 ef 03 01 10  00 3e 00 10 65 02 00 00 |.........>..e...|
[1327] +43.665755 ASYNC-IN-SUBMIT ep=0x81 len=0 type=BULK (in, awaiting data)
[1328] +43.665937 ASYNC-IN-DONE ep=0x81 len=16 status=0 actual=16
	0000  08 00 00 18 f0 03 02 10  00 29 00 10 09 02 00 00 |.........)......|
[1329] +43.665997 ASYNC-IN-SUBMIT ep=0x81 len=0 type=BULK (in, awaiting data)
[1330] +43.770742 ASYNC-IN-DONE ep=0x81 len=0 status=2 actual=0
[1331] +43.770812 ASYNC-IN-SUBMIT ep=0x81 len=0 type=BULK (in, awaiting data)
[1332] +43.879940 ASYNC-IN-DONE ep=0x81 len=0 status=2 actual=0
[1333] +43.880042 ASYNC-IN-SUBMIT ep=0x81 len=0 type=BULK (in, awaiting data)
[1334] +43.992302 ASYNC-IN-DONE ep=0x81 len=0 status=2 actual=0
[1335] +43.992395 ASYNC-IN-SUBMIT ep=0x81 len=0 type=BULK (in, awaiting data)
[1336] +44.055074 ASYNC-OUT ep=0x01 len=16 type=BULK 
	0000  08 00 00 18 80 10 ed 03  00 3c 00 10 fd 1a 00 00 |.........<......|
[1337] +44.055668 ASYNC-OUT-DONE ep=0x01 len=0 status=0 actual=16
[1338] +44.092734 ASYNC-IN-DONE ep=0x81 len=0 status=2 actual=0
[1339] +44.092823 ASYNC-IN-SUBMIT ep=0x81 len=0 type=BULK (in, awaiting data)
[1340] +44.202867 ASYNC-IN-DONE ep=0x81 len=0 status=2 actual=0
[1341] +44.202969 ASYNC-IN-SUBMIT ep=0x81 len=0 type=BULK (in, awaiting data)
[1342] +44.304088 ASYNC-IN-DONE ep=0x81 len=0 status=2 actual=0
[1343] +44.304195 ASYNC-IN-SUBMIT ep=0x81 len=0 type=BULK (in, awaiting data)
[1344] +44.313406 ASYNC-OUT ep=0x01 len=16 type=BULK 
	0000  08 00 00 18 01 10 ef 03  00 3d 00 10 93 1e 00 00 |.........=......|
[1345] +44.313744 ASYNC-OUT-DONE ep=0x01 len=0 status=0 actual=16
[1346] +44.417045 ASYNC-IN-DONE ep=0x81 len=0 status=2 actual=0
[1347] +44.417153 ASYNC-IN-SUBMIT ep=0x81 len=0 type=BULK (in, awaiting data)
[1348] +44.417486 ASYNC-OUT ep=0x01 len=16 type=BULK 
	0000  08 00 00 18 02 10 f0 03  00 29 00 10 09 10 00 00 |.........)......|
[1349] +44.417718 ASYNC-OUT-DONE ep=0x01 len=0 status=0 actual=16
[1350] +44.468758 ASYNC-IN-DONE ep=0x81 len=16 status=0 actual=16
	0000  08 00 00 18 ed 03 80 10  00 3f 00 10 ae 02 00 00 |.........?......|
[1351] +44.468898 ASYNC-IN-SUBMIT ep=0x81 len=0 type=BULK (in, awaiting data)
[1352] +44.570575 ASYNC-IN-DONE ep=0x81 len=0 status=2 actual=0
[1353] +44.570641 ASYNC-IN-SUBMIT ep=0x81 len=0 type=BULK (in, awaiting data)
[1354] +44.669133 ASYNC-IN-DONE ep=0x81 len=16 status=0 actual=16
	0000  08 00 00 18 ef 03 01 10  00 3f 00 10 65 02 00 00 |.........?..e...|
[1355] +44.669231 ASYNC-IN-SUBMIT ep=0x81 len=0 type=BULK (in, awaiting data)
[1356] +44.669355 ASYNC-IN-DONE ep=0x81 len=16 status=0 actual=16
	0000  08 00 00 18 f0 03 02 10  00 2a 00 10 09 02 00 00 |.........*......|
[1357] +44.669404 ASYNC-IN-SUBMIT ep=0x81 len=0 type=BULK (in, awaiting data)
[1358] +44.779841 ASYNC-IN-DONE ep=0x81 len=0 status=2 actual=0
[1359] +44.779932 ASYNC-IN-SUBMIT ep=0x81 len=0 type=BULK (in, awaiting data)
[1360] +44.883796 ASYNC-IN-DONE ep=0x81 len=0 status=2 actual=0
[1361] +44.883910 ASYNC-IN-SUBMIT ep=0x81 len=0 type=BULK (in, awaiting data)
[1362] +44.987077 ASYNC-IN-DONE ep=0x81 len=0 status=2 actual=0
[1363] +44.987181 ASYNC-IN-SUBMIT ep=0x81 len=0 type=BULK (in, awaiting data)
[1364] +45.090114 ASYNC-OUT ep=0x01 len=16 type=BULK 
	0000  08 00 00 18 80 10 ed 03  00 3d 00 10 fd 1a 00 00 |.........=......|
[1365] +45.090212 ASYNC-IN-DONE ep=0x81 len=0 status=2 actual=0
[1366] +45.090244 ASYNC-IN-SUBMIT ep=0x81 len=0 type=BULK (in, awaiting data)
[1367] +45.090359 ASYNC-OUT-DONE ep=0x01 len=0 status=0 actual=16
[1368] +45.194160 ASYNC-IN-DONE ep=0x81 len=0 status=2 actual=0
[1369] +45.194269 ASYNC-IN-SUBMIT ep=0x81 len=0 type=BULK (in, awaiting data)
[1370] +45.301120 ASYNC-IN-DONE ep=0x81 len=0 status=2 actual=0
[1371] +45.301231 ASYNC-IN-SUBMIT ep=0x81 len=0 type=BULK (in, awaiting data)
[1372] +45.348634 ASYNC-OUT ep=0x01 len=16 type=BULK 
	0000  08 00 00 18 01 10 ef 03  00 3e 00 10 93 1e 00 00 |.........>......|
[1373] +45.348991 ASYNC-OUT-DONE ep=0x01 len=0 status=0 actual=16
[1374] +45.414068 ASYNC-IN-DONE ep=0x81 len=0 status=2 actual=0
[1375] +45.414149 ASYNC-IN-SUBMIT ep=0x81 len=0 type=BULK (in, awaiting data)
[1376] +45.452766 ASYNC-OUT ep=0x01 len=16 type=BULK 
	0000  08 00 00 18 02 10 f0 03  00 2a 00 10 09 10 00 00 |.........*......|
[1377] +45.453118 ASYNC-OUT-DONE ep=0x01 len=0 status=0 actual=16
[1378] +45.471748 ASYNC-IN-DONE ep=0x81 len=16 status=0 actual=16
	0000  08 00 00 18 ed 03 80 10  00 40 00 10 ae 02 00 00 |.........@......|
[1379] +45.471832 ASYNC-IN-SUBMIT ep=0x81 len=0 type=BULK (in, awaiting data)
[1380] +45.575463 ASYNC-IN-DONE ep=0x81 len=0 status=2 actual=0
[1381] +45.575547 ASYNC-IN-SUBMIT ep=0x81 len=0 type=BULK (in, awaiting data)
[1382] +45.672210 ASYNC-IN-DONE ep=0x81 len=16 status=0 actual=16
	0000  08 00 00 18 ef 03 01 10  00 40 00 10 65 02 00 00 |.........@..e...|
[1383] +45.672308 ASYNC-IN-SUBMIT ep=0x81 len=0 type=BULK (in, awaiting data)
[1384] +45.672426 ASYNC-IN-DONE ep=0x81 len=16 status=0 actual=16
	0000  08 00 00 18 f0 03 02 10  00 2b 00 10 09 02 00 00 |.........+......|
[1385] +45.672470 ASYNC-IN-SUBMIT ep=0x81 len=0 type=BULK (in, awaiting data)
[1386] +45.776447 ASYNC-IN-DONE ep=0x81 len=0 status=2 actual=0
[1387] +45.776536 ASYNC-IN-SUBMIT ep=0x81 len=0 type=BULK (in, awaiting data)
[1388] +45.882885 ASYNC-IN-DONE ep=0x81 len=0 status=2 actual=0
[1389] +45.882982 ASYNC-IN-SUBMIT ep=0x81 len=0 type=BULK (in, awaiting data)
[1390] +45.983524 ASYNC-IN-DONE ep=0x81 len=0 status=2 actual=0
[1391] +45.983643 ASYNC-IN-SUBMIT ep=0x81 len=0 type=BULK (in, awaiting data)
[1392] +46.087128 ASYNC-IN-DONE ep=0x81 len=0 status=2 actual=0
[1393] +46.087220 ASYNC-IN-SUBMIT ep=0x81 len=0 type=BULK (in, awaiting data)
[1394] +46.128771 ASYNC-OUT ep=0x01 len=16 type=BULK 
	0000  08 00 00 18 80 10 ed 03  00 3e 00 10 fd 1a 00 00 |.........>......|
[1395] +46.129105 ASYNC-OUT-DONE ep=0x01 len=0 status=0 actual=16
[1396] +46.195853 ASYNC-IN-DONE ep=0x81 len=0 status=2 actual=0
[1397] +46.195961 ASYNC-IN-SUBMIT ep=0x81 len=0 type=BULK (in, awaiting data)
[1398] +46.308808 ASYNC-IN-DONE ep=0x81 len=0 status=2 actual=0
[1399] +46.308915 ASYNC-IN-SUBMIT ep=0x81 len=0 type=BULK (in, awaiting data)
[1400] +46.388597 ASYNC-OUT ep=0x01 len=16 type=BULK 
	0000  08 00 00 18 01 10 ef 03  00 3f 00 10 93 1e 00 00 |.........?......|
[1401] +46.388979 ASYNC-OUT-DONE ep=0x01 len=0 status=0 actual=16
[1402] +46.418128 ASYNC-IN-DONE ep=0x81 len=0 status=2 actual=0
[1403] +46.418217 ASYNC-IN-SUBMIT ep=0x81 len=0 type=BULK (in, awaiting data)
[1404] +46.474512 ASYNC-IN-DONE ep=0x81 len=16 status=0 actual=16
	0000  08 00 00 18 ed 03 80 10  00 41 00 10 ae 02 00 00 |.........A......|
[1405] +46.474614 ASYNC-IN-SUBMIT ep=0x81 len=0 type=BULK (in, awaiting data)
[1406] +46.492758 ASYNC-OUT ep=0x01 len=16 type=BULK 
	0000  08 00 00 18 02 10 f0 03  00 2b 00 10 09 10 00 00 |.........+......|
[1407] +46.493084 ASYNC-OUT-DONE ep=0x01 len=0 status=0 actual=16
[1408] +46.580537 ASYNC-IN-DONE ep=0x81 len=0 status=2 actual=0
[1409] +46.580576 ASYNC-IN-SUBMIT ep=0x81 len=0 type=BULK (in, awaiting data)
[1410] +46.675655 ASYNC-IN-DONE ep=0x81 len=16 status=0 actual=16
	0000  08 00 00 18 ef 03 01 10  00 41 00 10 65 02 00 00 |.........A..e...|
[1411] +46.675707 ASYNC-IN-SUBMIT ep=0x81 len=0 type=BULK (in, awaiting data)
[1412] +46.675843 ASYNC-IN-DONE ep=0x81 len=16 status=0 actual=16
	0000  08 00 00 18 f0 03 02 10  00 2c 00 10 09 02 00 00 |.........,......|
[1413] +46.675867 ASYNC-IN-SUBMIT ep=0x81 len=0 type=BULK (in, awaiting data)
[1414] +46.784399 ASYNC-IN-DONE ep=0x81 len=0 status=2 actual=0
[1415] +46.784484 ASYNC-IN-SUBMIT ep=0x81 len=0 type=BULK (in, awaiting data)
[1416] +46.892840 ASYNC-IN-DONE ep=0x81 len=0 status=2 actual=0
[1417] +46.892928 ASYNC-IN-SUBMIT ep=0x81 len=0 type=BULK (in, awaiting data)
[1418] +47.002831 ASYNC-IN-DONE ep=0x81 len=0 status=2 actual=0
[1419] +47.002932 ASYNC-IN-SUBMIT ep=0x81 len=0 type=BULK (in, awaiting data)
[1420] +47.112013 ASYNC-IN-DONE ep=0x81 len=0 status=2 actual=0
[1421] +47.112133 ASYNC-IN-SUBMIT ep=0x81 len=0 type=BULK (in, awaiting data)
[1422] +47.168459 ASYNC-OUT ep=0x01 len=16 type=BULK 
	0000  08 00 00 18 80 10 ed 03  00 3f 00 10 fd 1a 00 00 |.........?......|
[1423] +47.168789 ASYNC-OUT-DONE ep=0x01 len=0 status=0 actual=16
[1424] +47.219726 ASYNC-IN-DONE ep=0x81 len=0 status=2 actual=0
[1425] +47.219814 ASYNC-IN-SUBMIT ep=0x81 len=0 type=BULK (in, awaiting data)
[1426] +47.329852 ASYNC-IN-DONE ep=0x81 len=0 status=2 actual=0
[1427] +47.329970 ASYNC-IN-SUBMIT ep=0x81 len=0 type=BULK (in, awaiting data)
[1428] +47.427827 ASYNC-OUT ep=0x01 len=16 type=BULK 
	0000  08 00 00 18 01 10 ef 03  00 40 00 10 93 1e 00 00 |.........@......|
[1429] +47.428195 ASYNC-OUT-DONE ep=0x01 len=0 status=0 actual=16
[1430] +47.437968 ASYNC-IN-DONE ep=0x81 len=0 status=2 actual=0
[1431] +47.438033 ASYNC-IN-SUBMIT ep=0x81 len=0 type=BULK (in, awaiting data)
[1432] +47.477763 ASYNC-IN-DONE ep=0x81 len=16 status=0 actual=16
	0000  08 00 00 18 ed 03 80 10  00 42 00 10 ae 02 00 00 |.........B......|
[1433] +47.477870 ASYNC-IN-SUBMIT ep=0x81 len=0 type=BULK (in, awaiting data)
[1434] +47.532097 ASYNC-OUT ep=0x01 len=16 type=BULK 
	0000  08 00 00 18 02 10 f0 03  00 2c 00 10 09 10 00 00 |.........,......|
[1435] +47.532404 ASYNC-OUT-DONE ep=0x01 len=0 status=0 actual=16
[1436] +47.584145 ASYNC-IN-DONE ep=0x81 len=0 status=2 actual=0
[1437] +47.584231 ASYNC-IN-SUBMIT ep=0x81 len=0 type=BULK (in, awaiting data)
[1438] +47.678606 ASYNC-IN-DONE ep=0x81 len=16 status=0 actual=16
	0000  08 00 00 18 ef 03 01 10  00 42 00 10 65 02 00 00 |.........B..e...|
[1439] +47.678759 ASYNC-IN-SUBMIT ep=0x81 len=0 type=BULK (in, awaiting data)
[1440] +47.678963 ASYNC-IN-DONE ep=0x81 len=16 status=0 actual=16
	0000  08 00 00 18 f0 03 02 10  00 2d 00 10 09 02 00 00 |.........-......|
[1441] +47.679027 ASYNC-IN-SUBMIT ep=0x81 len=0 type=BULK (in, awaiting data)
[1442] +47.784109 ASYNC-IN-DONE ep=0x81 len=0 status=2 actual=0
[1443] +47.784196 ASYNC-IN-SUBMIT ep=0x81 len=0 type=BULK (in, awaiting data)
[1444] +47.893525 ASYNC-IN-DONE ep=0x81 len=0 status=2 actual=0
[1445] +47.893634 ASYNC-IN-SUBMIT ep=0x81 len=0 type=BULK (in, awaiting data)
[1446] +48.000462 ASYNC-IN-DONE ep=0x81 len=0 status=2 actual=0
[1447] +48.000576 ASYNC-IN-SUBMIT ep=0x81 len=0 type=BULK (in, awaiting data)
[1448] +48.104506 ASYNC-IN-DONE ep=0x81 len=0 status=2 actual=0
[1449] +48.104587 ASYNC-IN-SUBMIT ep=0x81 len=0 type=BULK (in, awaiting data)
[1450] +48.207741 ASYNC-OUT ep=0x01 len=16 type=BULK 
	0000  08 00 00 18 80 10 ed 03  00 40 00 10 fd 1a 00 00 |.........@......|
[1451] +48.208034 ASYNC-OUT-DONE ep=0x01 len=0 status=0 actual=16
[1452] +48.208335 ASYNC-IN-DONE ep=0x81 len=0 status=2 actual=0
[1453] +48.208370 ASYNC-IN-SUBMIT ep=0x81 len=0 type=BULK (in, awaiting data)
[1454] +48.316510 ASYNC-IN-DONE ep=0x81 len=0 status=2 actual=0
[1455] +48.316597 ASYNC-IN-SUBMIT ep=0x81 len=0 type=BULK (in, awaiting data)
[1456] +48.426247 ASYNC-IN-DONE ep=0x81 len=0 status=2 actual=0
[1457] +48.426338 ASYNC-IN-SUBMIT ep=0x81 len=0 type=BULK (in, awaiting data)
[1458] +48.467160 ASYNC-OUT ep=0x01 len=16 type=BULK 
	0000  08 00 00 18 01 10 ef 03  00 41 00 10 93 1e 00 00 |.........A......|
[1459] +48.467531 ASYNC-OUT-DONE ep=0x01 len=0 status=0 actual=16
[1460] +48.481586 ASYNC-IN-DONE ep=0x81 len=16 status=0 actual=16
	0000  08 00 00 18 ed 03 80 10  00 43 00 10 ae 02 00 00 |.........C......|
[1461] +48.481663 ASYNC-IN-SUBMIT ep=0x81 len=0 type=BULK (in, awaiting data)
[1462] +48.570640 ASYNC-OUT ep=0x01 len=16 type=BULK 
	0000  08 00 00 18 02 10 f0 03  00 2d 00 10 09 10 00 00 |.........-......|
[1463] +48.570914 ASYNC-OUT-DONE ep=0x01 len=0 status=0 actual=16
[1464] +48.585210 ASYNC-IN-DONE ep=0x81 len=0 status=2 actual=0
[1465] +48.585253 ASYNC-IN-SUBMIT ep=0x81 len=0 type=BULK (in, awaiting data)
[1466] +48.682074 ASYNC-IN-DONE ep=0x81 len=16 status=0 actual=16
	0000  08 00 00 18 ef 03 01 10  00 43 00 10 65 02 00 00 |.........C..e...|
[1467] +48.682136 ASYNC-IN-SUBMIT ep=0x81 len=0 type=BULK (in, awaiting data)
[1468] +48.682290 ASYNC-IN-DONE ep=0x81 len=16 status=0 actual=16
	0000  08 00 00 18 f0 03 02 10  00 2e 00 10 09 02 00 00 |................|
[1469] +48.682324 ASYNC-IN-SUBMIT ep=0x81 len=0 type=BULK (in, awaiting data)
[1470] +48.789909 ASYNC-IN-DONE ep=0x81 len=0 status=2 actual=0
[1471] +48.790004 ASYNC-IN-SUBMIT ep=0x81 len=0 type=BULK (in, awaiting data)
[1472] +48.896184 ASYNC-IN-DONE ep=0x81 len=0 status=2 actual=0
[1473] +48.896271 ASYNC-IN-SUBMIT ep=0x81 len=0 type=BULK (in, awaiting data)
[1474] +49.002888 ASYNC-IN-DONE ep=0x81 len=0 status=2 actual=0
[1475] +49.003002 ASYNC-IN-SUBMIT ep=0x81 len=0 type=BULK (in, awaiting data)
[1476] +49.110830 ASYNC-IN-DONE ep=0x81 len=0 status=2 actual=0
[1477] +49.110917 ASYNC-IN-SUBMIT ep=0x81 len=0 type=BULK (in, awaiting data)
[1478] +49.222679 ASYNC-IN-DONE ep=0x81 len=0 status=2 actual=0
[1479] +49.222733 ASYNC-IN-SUBMIT ep=0x81 len=0 type=BULK (in, awaiting data)
[1480] +49.247179 ASYNC-OUT ep=0x01 len=16 type=BULK 
	0000  08 00 00 18 80 10 ed 03  00 41 00 10 fd 1a 00 00 |.........A......|
[1481] +49.247528 ASYNC-OUT-DONE ep=0x01 len=0 status=0 actual=16
[1482] +49.334249 ASYNC-IN-DONE ep=0x81 len=0 status=2 actual=0
[1483] +49.334340 ASYNC-IN-SUBMIT ep=0x81 len=0 type=BULK (in, awaiting data)
[1484] +49.439482 ASYNC-IN-DONE ep=0x81 len=0 status=2 actual=0
[1485] +49.439530 ASYNC-IN-SUBMIT ep=0x81 len=0 type=BULK (in, awaiting data)
[1486] +49.484437 ASYNC-IN-DONE ep=0x81 len=16 status=0 actual=16
	0000  08 00 00 18 ed 03 80 10  00 44 00 10 ae 02 00 00 |.........D......|
[1487] +49.484593 ASYNC-IN-SUBMIT ep=0x81 len=0 type=BULK (in, awaiting data)
[1488] +49.505871 ASYNC-OUT ep=0x01 len=16 type=BULK 
	0000  08 00 00 18 01 10 ef 03  00 42 00 10 93 1e 00 00 |.........B......|
[1489] +49.506135 ASYNC-OUT-DONE ep=0x01 len=0 status=0 actual=16
[1490] +49.586348 ASYNC-IN-DONE ep=0x81 len=0 status=2 actual=0
[1491] +49.586436 ASYNC-IN-SUBMIT ep=0x81 len=0 type=BULK (in, awaiting data)
[1492] +49.610020 ASYNC-OUT ep=0x01 len=16 type=BULK 
	0000  08 00 00 18 02 10 f0 03  00 2e 00 10 09 10 00 00 |................|
[1493] +49.610350 ASYNC-OUT-DONE ep=0x01 len=0 status=0 actual=16
[1494] +49.685646 ASYNC-IN-DONE ep=0x81 len=16 status=0 actual=16
	0000  08 00 00 18 ef 03 01 10  00 44 00 10 65 02 00 00 |.........D..e...|
[1495] +49.685737 ASYNC-IN-SUBMIT ep=0x81 len=0 type=BULK (in, awaiting data)
[1496] +49.685861 ASYNC-IN-DONE ep=0x81 len=16 status=0 actual=16
	0000  08 00 00 18 f0 03 02 10  00 2f 00 10 09 02 00 00 |........./......|
[1497] +49.685900 ASYNC-IN-SUBMIT ep=0x81 len=0 type=BULK (in, awaiting data)
[1498] +49.792766 ASYNC-IN-DONE ep=0x81 len=0 status=2 actual=0
[1499] +49.792861 ASYNC-IN-SUBMIT ep=0x81 len=0 type=BULK (in, awaiting data)
[1500] +49.904841 ASYNC-IN-DONE ep=0x81 len=0 status=2 actual=0
[1501] +49.904946 ASYNC-IN-SUBMIT ep=0x81 len=0 type=BULK (in, awaiting data)
[1502] +50.005997 ASYNC-IN-DONE ep=0x81 len=0 status=2 actual=0
[1503] +50.006095 ASYNC-IN-SUBMIT ep=0x81 len=0 type=BULK (in, awaiting data)
[1504] +50.117387 ASYNC-IN-DONE ep=0x81 len=0 status=2 actual=0
[1505] +50.117491 ASYNC-IN-SUBMIT ep=0x81 len=0 type=BULK (in, awaiting data)
[1506] +50.221380 ASYNC-IN-DONE ep=0x81 len=0 status=2 actual=0
[1507] +50.221487 ASYNC-IN-SUBMIT ep=0x81 len=0 type=BULK (in, awaiting data)
[1508] +50.285851 ASYNC-OUT ep=0x01 len=16 type=BULK 
	0000  08 00 00 18 80 10 ed 03  00 42 00 10 fd 1a 00 00 |.........B......|
[1509] +50.286175 ASYNC-OUT-DONE ep=0x01 len=0 status=0 actual=16
[1510] +50.328515 ASYNC-IN-DONE ep=0x81 len=0 status=2 actual=0
[1511] +50.328624 ASYNC-IN-SUBMIT ep=0x81 len=0 type=BULK (in, awaiting data)
[1512] +50.441094 ASYNC-IN-DONE ep=0x81 len=0 status=2 actual=0
[1513] +50.441176 ASYNC-IN-SUBMIT ep=0x81 len=0 type=BULK (in, awaiting data)
[1514] +50.488032 ASYNC-IN-DONE ep=0x81 len=16 status=0 actual=16
	0000  08 00 00 18 ed 03 80 10  00 45 00 10 ae 02 00 00 |.........E......|
[1515] +50.488142 ASYNC-IN-SUBMIT ep=0x81 len=0 type=BULK (in, awaiting data)
[1516] +50.544226 ASYNC-OUT ep=0x01 len=16 type=BULK 
	0000  08 00 00 18 01 10 ef 03  00 43 00 10 93 1e 00 00 |.........C......|
[1517] +50.544511 ASYNC-OUT-DONE ep=0x01 len=0 status=0 actual=16
[1518] +50.596382 ASYNC-IN-DONE ep=0x81 len=0 status=2 actual=0
[1519] +50.596469 ASYNC-IN-SUBMIT ep=0x81 len=0 type=BULK (in, awaiting data)
[1520] +50.647424 ASYNC-OUT ep=0x01 len=16 type=BULK 
	0000  08 00 00 18 02 10 f0 03  00 2f 00 10 09 10 00 00 |........./......|
[1521] +50.647775 ASYNC-OUT-DONE ep=0x01 len=0 status=0 actual=16
[1522] +50.688473 ASYNC-IN-DONE ep=0x81 len=16 status=0 actual=16
	0000  08 00 00 18 ef 03 01 10  00 45 00 10 65 02 00 00 |.........E..e...|
[1523] +50.688586 ASYNC-IN-SUBMIT ep=0x81 len=0 type=BULK (in, awaiting data)
[1524] +50.688762 ASYNC-IN-DONE ep=0x81 len=16 status=0 actual=16
	0000  08 00 00 18 f0 03 02 10  00 30 00 10 09 02 00 00 |.........0......|
[1525] +50.688856 ASYNC-IN-SUBMIT ep=0x81 len=0 type=BULK (in, awaiting data)
[1526] +50.801826 ASYNC-IN-DONE ep=0x81 len=0 status=2 actual=0
[1527] +50.802010 ASYNC-IN-SUBMIT ep=0x81 len=0 type=BULK (in, awaiting data)
[1528] +50.906557 ASYNC-IN-DONE ep=0x81 len=0 status=2 actual=0
[1529] +50.906677 ASYNC-IN-SUBMIT ep=0x81 len=0 type=BULK (in, awaiting data)
[1530] +51.008268 ASYNC-IN-DONE ep=0x81 len=0 status=2 actual=0
[1531] +51.008372 ASYNC-IN-SUBMIT ep=0x81 len=0 type=BULK (in, awaiting data)
[1532] +51.118136 ASYNC-IN-DONE ep=0x81 len=0 status=2 actual=0
[1533] +51.118234 ASYNC-IN-SUBMIT ep=0x81 len=0 type=BULK (in, awaiting data)
[1534] +51.230246 ASYNC-IN-DONE ep=0x81 len=0 status=2 actual=0
[1535] +51.230358 ASYNC-IN-SUBMIT ep=0x81 len=0 type=BULK (in, awaiting data)
[1536] +51.322084 ASYNC-OUT ep=0x01 len=16 type=BULK 
	0000  08 00 00 18 80 10 ed 03  00 43 00 10 fd 1a 00 00 |.........C......|
[1537] +51.322453 ASYNC-OUT-DONE ep=0x01 len=0 status=0 actual=16
[1538] +51.336803 ASYNC-IN-DONE ep=0x81 len=0 status=2 actual=0
[1539] +51.336873 ASYNC-IN-SUBMIT ep=0x81 len=0 type=BULK (in, awaiting data)
[1540] +51.449725 ASYNC-IN-DONE ep=0x81 len=0 status=2 actual=0
[1541] +51.449799 ASYNC-IN-SUBMIT ep=0x81 len=0 type=BULK (in, awaiting data)
[1542] +51.491677 ASYNC-IN-DONE ep=0x81 len=16 status=0 actual=16
	0000  08 00 00 18 ed 03 80 10  00 46 00 10 ae 02 00 00 |.........F......|
[1543] +51.491777 ASYNC-IN-SUBMIT ep=0x81 len=0 type=BULK (in, awaiting data)
[1544] +51.582381 ASYNC-OUT ep=0x01 len=16 type=BULK 
	0000  08 00 00 18 01 10 ef 03  00 44 00 10 93 1e 00 00 |.........D......|
[1545] +51.582743 ASYNC-OUT-DONE ep=0x01 len=0 status=0 actual=16
[1546] +51.602845 ASYNC-IN-DONE ep=0x81 len=0 status=2 actual=0
[1547] +51.602918 ASYNC-IN-SUBMIT ep=0x81 len=0 type=BULK (in, awaiting data)
[1548] +51.685981 ASYNC-OUT ep=0x01 len=16 type=BULK 
	0000  08 00 00 18 02 10 f0 03  00 30 00 10 09 10 00 00 |.........0......|
[1549] +51.686358 ASYNC-OUT-DONE ep=0x01 len=0 status=0 actual=16
[1550] +51.691972 ASYNC-IN-DONE ep=0x81 len=16 status=0 actual=16
	0000  08 00 00 18 ef 03 01 10  00 46 00 10 65 02 00 00 |.........F..e...|
[1551] +51.692043 ASYNC-IN-SUBMIT ep=0x81 len=0 type=BULK (in, awaiting data)
[1552] +51.692219 ASYNC-IN-DONE ep=0x81 len=16 status=0 actual=16
	0000  08 00 00 18 f0 03 02 10  00 31 00 10 09 02 00 00 |.........1......|
[1553] +51.692297 ASYNC-IN-SUBMIT ep=0x81 len=0 type=BULK (in, awaiting data)
[1554] +51.795480 ASYNC-IN-DONE ep=0x81 len=0 status=2 actual=0
[1555] +51.795589 ASYNC-IN-SUBMIT ep=0x81 len=0 type=BULK (in, awaiting data)
[1556] +51.908425 ASYNC-IN-DONE ep=0x81 len=0 status=2 actual=0
[1557] +51.908522 ASYNC-IN-SUBMIT ep=0x81 len=0 type=BULK (in, awaiting data)
[1558] +52.014197 ASYNC-IN-DONE ep=0x81 len=0 status=2 actual=0
[1559] +52.014307 ASYNC-IN-SUBMIT ep=0x81 len=0 type=BULK (in, awaiting data)
[1560] +52.122898 ASYNC-IN-DONE ep=0x81 len=0 status=2 actual=0
[1561] +52.123009 ASYNC-IN-SUBMIT ep=0x81 len=0 type=BULK (in, awaiting data)
[1562] +52.233929 ASYNC-IN-DONE ep=0x81 len=0 status=2 actual=0
[1563] +52.234028 ASYNC-IN-SUBMIT ep=0x81 len=0 type=BULK (in, awaiting data)
[1564] +52.341104 ASYNC-IN-DONE ep=0x81 len=0 status=2 actual=0
[1565] +52.341180 ASYNC-IN-SUBMIT ep=0x81 len=0 type=BULK (in, awaiting data)
[1566] +52.360238 ASYNC-OUT ep=0x01 len=16 type=BULK 
	0000  08 00 00 18 80 10 ed 03  00 44 00 10 fd 1a 00 00 |.........D......|
[1567] +52.360585 ASYNC-OUT-DONE ep=0x01 len=0 status=0 actual=16
[1568] +52.453996 ASYNC-IN-DONE ep=0x81 len=0 status=2 actual=0
[1569] +52.454102 ASYNC-IN-SUBMIT ep=0x81 len=0 type=BULK (in, awaiting data)
[1570] +52.495147 ASYNC-IN-DONE ep=0x81 len=16 status=0 actual=16
	0000  08 00 00 18 ed 03 80 10  00 47 00 10 ae 02 00 00 |.........G......|
[1571] +52.495277 ASYNC-IN-SUBMIT ep=0x81 len=0 type=BULK (in, awaiting data)
[1572] +52.600268 ASYNC-IN-DONE ep=0x81 len=0 status=2 actual=0
[1573] +52.600351 ASYNC-IN-SUBMIT ep=0x81 len=0 type=BULK (in, awaiting data)
[1574] +52.620284 ASYNC-OUT ep=0x01 len=16 type=BULK 
	0000  08 00 00 18 01 10 ef 03  00 45 00 10 93 1e 00 00 |.........E......|
[1575] +52.620567 ASYNC-OUT-DONE ep=0x01 len=0 status=0 actual=16
[1576] +52.695632 ASYNC-IN-DONE ep=0x81 len=16 status=0 actual=16
	0000  08 00 00 18 ef 03 01 10  00 47 00 10 65 02 00 00 |.........G..e...|
[1577] +52.695763 ASYNC-IN-SUBMIT ep=0x81 len=0 type=BULK (in, awaiting data)
[1578] +52.695956 ASYNC-IN-DONE ep=0x81 len=16 status=0 actual=16
	0000  08 00 00 18 f0 03 02 10  00 32 00 10 09 02 00 00 |.........2......|
[1579] +52.696042 ASYNC-IN-SUBMIT ep=0x81 len=0 type=BULK (in, awaiting data)
[1580] +52.723507 ASYNC-OUT ep=0x01 len=16 type=BULK 
	0000  08 00 00 18 02 10 f0 03  00 31 00 10 09 10 00 00 |.........1......|
[1581] +52.723788 ASYNC-OUT-DONE ep=0x01 len=0 status=0 actual=16
[1582] +52.806800 ASYNC-IN-DONE ep=0x81 len=0 status=2 actual=0
[1583] +52.806907 ASYNC-IN-SUBMIT ep=0x81 len=0 type=BULK (in, awaiting data)
[1584] +52.917751 ASYNC-IN-DONE ep=0x81 len=0 status=2 actual=0
[1585] +52.917838 ASYNC-IN-SUBMIT ep=0x81 len=0 type=BULK (in, awaiting data)
[1586] +53.020132 ASYNC-IN-DONE ep=0x81 len=0 status=2 actual=0
[1587] +53.020245 ASYNC-IN-SUBMIT ep=0x81 len=0 type=BULK (in, awaiting data)
[1588] +53.123304 ASYNC-IN-DONE ep=0x81 len=0 status=2 actual=0
[1589] +53.123417 ASYNC-IN-SUBMIT ep=0x81 len=0 type=BULK (in, awaiting data)
[1590] +53.234042 ASYNC-IN-DONE ep=0x81 len=0 status=2 actual=0
[1591] +53.234160 ASYNC-IN-SUBMIT ep=0x81 len=0 type=BULK (in, awaiting data)
[1592] +53.346581 ASYNC-IN-DONE ep=0x81 len=0 status=2 actual=0
[1593] +53.346680 ASYNC-IN-SUBMIT ep=0x81 len=0 type=BULK (in, awaiting data)
[1594] +53.398541 ASYNC-OUT ep=0x01 len=16 type=BULK 
	0000  08 00 00 18 80 10 ed 03  00 45 00 10 fd 1a 00 00 |.........E......|
[1595] +53.398905 ASYNC-OUT-DONE ep=0x01 len=0 status=0 actual=16
[1596] +53.454936 ASYNC-IN-DONE ep=0x81 len=0 status=2 actual=0
[1597] +53.455044 ASYNC-IN-SUBMIT ep=0x81 len=0 type=BULK (in, awaiting data)
[1598] +53.497845 ASYNC-IN-DONE ep=0x81 len=16 status=0 actual=16
	0000  08 00 00 18 ed 03 80 10  00 48 00 10 ae 02 00 00 |.........H......|
[1599] +53.497936 ASYNC-IN-SUBMIT ep=0x81 len=0 type=BULK (in, awaiting data)
[1600] +53.609578 ASYNC-IN-DONE ep=0x81 len=0 status=2 actual=0
[1601] +53.609658 ASYNC-IN-SUBMIT ep=0x81 len=0 type=BULK (in, awaiting data)
[1602] +53.658684 ASYNC-OUT ep=0x01 len=16 type=BULK 
	0000  08 00 00 18 01 10 ef 03  00 46 00 10 93 1e 00 00 |.........F......|
[1603] +53.659061 ASYNC-OUT-DONE ep=0x01 len=0 status=0 actual=16
[1604] +53.698507 ASYNC-IN-DONE ep=0x81 len=16 status=0 actual=16
	0000  08 00 00 18 ef 03 01 10  00 48 00 10 65 02 00 00 |.........H..e...|
[1605] +53.698644 ASYNC-IN-SUBMIT ep=0x81 len=0 type=BULK (in, awaiting data)
[1606] +53.698835 ASYNC-IN-DONE ep=0x81 len=16 status=0 actual=16
	0000  08 00 00 18 f0 03 02 10  00 33 00 10 09 02 00 00 |.........3......|
[1607] +53.698913 ASYNC-IN-SUBMIT ep=0x81 len=0 type=BULK (in, awaiting data)
[1608] +53.760845 ASYNC-OUT ep=0x01 len=16 type=BULK 
	0000  08 00 00 18 02 10 f0 03  00 32 00 10 09 10 00 00 |.........2......|
[1609] +53.761175 ASYNC-OUT-DONE ep=0x01 len=0 status=0 actual=16
[1610] +53.808544 ASYNC-IN-DONE ep=0x81 len=0 status=2 actual=0
[1611] +53.808586 ASYNC-IN-SUBMIT ep=0x81 len=0 type=BULK (in, awaiting data)
[1612] +53.912589 ASYNC-IN-DONE ep=0x81 len=0 status=2 actual=0
[1613] +53.912712 ASYNC-IN-SUBMIT ep=0x81 len=0 type=BULK (in, awaiting data)
[1614] +54.022890 ASYNC-IN-DONE ep=0x81 len=0 status=2 actual=0
[1615] +54.023005 ASYNC-IN-SUBMIT ep=0x81 len=0 type=BULK (in, awaiting data)
[1616] +54.125068 ASYNC-IN-DONE ep=0x81 len=0 status=2 actual=0
[1617] +54.125174 ASYNC-IN-SUBMIT ep=0x81 len=0 type=BULK (in, awaiting data)
[1618] +54.237254 ASYNC-IN-DONE ep=0x81 len=0 status=2 actual=0
[1619] +54.237367 ASYNC-IN-SUBMIT ep=0x81 len=0 type=BULK (in, awaiting data)
[1620] +54.350275 ASYNC-IN-DONE ep=0x81 len=0 status=2 actual=0
[1621] +54.350375 ASYNC-IN-SUBMIT ep=0x81 len=0 type=BULK (in, awaiting data)
[1622] +54.436332 ASYNC-OUT ep=0x01 len=16 type=BULK 
	0000  08 00 00 18 80 10 ed 03  00 46 00 10 fd 1a 00 00 |.........F......|
[1623] +54.436679 ASYNC-OUT-DONE ep=0x01 len=0 status=0 actual=16
[1624] +54.462244 ASYNC-IN-DONE ep=0x81 len=0 status=2 actual=0
[1625] +54.462313 ASYNC-IN-SUBMIT ep=0x81 len=0 type=BULK (in, awaiting data)
[1626] +54.501653 ASYNC-IN-DONE ep=0x81 len=16 status=0 actual=16
	0000  08 00 00 18 ed 03 80 10  00 49 00 10 ae 02 00 00 |.........I......|
[1627] +54.501796 ASYNC-IN-SUBMIT ep=0x81 len=0 type=BULK (in, awaiting data)
[1628] +54.614642 ASYNC-IN-DONE ep=0x81 len=0 status=2 actual=0
[1629] +54.614747 ASYNC-IN-SUBMIT ep=0x81 len=0 type=BULK (in, awaiting data)
[1630] +54.696533 ASYNC-OUT ep=0x01 len=16 type=BULK 
	0000  08 00 00 18 01 10 ef 03  00 47 00 10 93 1e 00 00 |.........G......|
[1631] +54.696888 ASYNC-OUT-DONE ep=0x01 len=0 status=0 actual=16
[1632] +54.701980 ASYNC-IN-DONE ep=0x81 len=16 status=0 actual=16
	0000  08 00 00 18 ef 03 01 10  00 49 00 10 65 02 00 00 |.........I..e...|
[1633] +54.702065 ASYNC-IN-SUBMIT ep=0x81 len=0 type=BULK (in, awaiting data)
[1634] +54.702258 ASYNC-IN-DONE ep=0x81 len=16 status=0 actual=16
	0000  08 00 00 18 f0 03 02 10  00 34 00 10 09 02 00 00 |.........4......|
[1635] +54.702357 ASYNC-IN-SUBMIT ep=0x81 len=0 type=BULK (in, awaiting data)
[1636] +54.799343 ASYNC-OUT ep=0x01 len=16 type=BULK 
	0000  08 00 00 18 02 10 f0 03  00 33 00 10 09 10 00 00 |.........3......|
[1637] +54.799692 ASYNC-OUT-DONE ep=0x01 len=0 status=0 actual=16
[1638] +54.809090 ASYNC-IN-DONE ep=0x81 len=0 status=2 actual=0
[1639] +54.809150 ASYNC-IN-SUBMIT ep=0x81 len=0 type=BULK (in, awaiting data)
[1640] +54.910982 ASYNC-IN-DONE ep=0x81 len=0 status=2 actual=0
[1641] +54.911091 ASYNC-IN-SUBMIT ep=0x81 len=0 type=BULK (in, awaiting data)
[1642] +55.023902 ASYNC-IN-DONE ep=0x81 len=0 status=2 actual=0
[1643] +55.023993 ASYNC-IN-SUBMIT ep=0x81 len=0 type=BULK (in, awaiting data)
[1644] +55.135935 ASYNC-IN-DONE ep=0x81 len=0 status=2 actual=0
[1645] +55.136021 ASYNC-IN-SUBMIT ep=0x81 len=0 type=BULK (in, awaiting data)
[1646] +55.246684 ASYNC-IN-DONE ep=0x81 len=0 status=2 actual=0
[1647] +55.246763 ASYNC-IN-SUBMIT ep=0x81 len=0 type=BULK (in, awaiting data)
[1648] +55.358274 ASYNC-IN-DONE ep=0x81 len=0 status=2 actual=0
[1649] +55.358391 ASYNC-IN-SUBMIT ep=0x81 len=0 type=BULK (in, awaiting data)
[1650] +55.462895 ASYNC-IN-DONE ep=0x81 len=0 status=2 actual=0
[1651] +55.463010 ASYNC-IN-SUBMIT ep=0x81 len=0 type=BULK (in, awaiting data)
[1652] +55.473500 ASYNC-OUT ep=0x01 len=16 type=BULK 
	0000  08 00 00 18 80 10 ed 03  00 47 00 10 fd 1a 00 00 |.........G......|
[1653] +55.473840 ASYNC-OUT-DONE ep=0x01 len=0 status=0 actual=16
[1654] +55.504593 ASYNC-IN-DONE ep=0x81 len=16 status=0 actual=16
	0000  08 00 00 18 ed 03 80 10  00 4a 00 10 ae 02 00 00 |.........J......|
[1655] +55.504743 ASYNC-IN-SUBMIT ep=0x81 len=0 type=BULK (in, awaiting data)
[1656] +55.607684 ASYNC-IN-DONE ep=0x81 len=0 status=2 actual=0
[1657] +55.607767 ASYNC-IN-SUBMIT ep=0x81 len=0 type=BULK (in, awaiting data)
[1658] +55.705592 ASYNC-IN-DONE ep=0x81 len=16 status=0 actual=16
	0000  08 00 00 18 ef 03 01 10  00 4a 00 10 65 02 00 00 |.........J..e...|
[1659] +55.705649 ASYNC-IN-SUBMIT ep=0x81 len=0 type=BULK (in, awaiting data)
[1660] +55.705795 ASYNC-IN-DONE ep=0x81 len=16 status=0 actual=16
	0000  08 00 00 18 f0 03 02 10  00 35 00 10 09 02 00 00 |.........5......|
[1661] +55.705820 ASYNC-IN-SUBMIT ep=0x81 len=0 type=BULK (in, awaiting data)
[1662] +55.732877 ASYNC-OUT ep=0x01 len=16 type=BULK 
	0000  08 00 00 18 01 10 ef 03  00 48 00 10 93 1e 00 00 |.........H......|
[1663] +55.733250 ASYNC-OUT-DONE ep=0x01 len=0 status=0 actual=16
[1664] +55.810366 ASYNC-IN-DONE ep=0x81 len=0 status=2 actual=0
[1665] +55.810430 ASYNC-IN-SUBMIT ep=0x81 len=0 type=BULK (in, awaiting data)
[1666] +55.836676 ASYNC-OUT ep=0x01 len=16 type=BULK 
	0000  08 00 00 18 02 10 f0 03  00 34 00 10 09 10 00 00 |.........4......|
[1667] +55.837006 ASYNC-OUT-DONE ep=0x01 len=0 status=0 actual=16
[1668] +55.921858 ASYNC-IN-DONE ep=0x81 len=0 status=2 actual=0
[1669] +55.921953 ASYNC-IN-SUBMIT ep=0x81 len=0 type=BULK (in, awaiting data)
[1670] +56.034568 ASYNC-IN-DONE ep=0x81 len=0 status=2 actual=0
[1671] +56.034743 ASYNC-IN-SUBMIT ep=0x81 len=0 type=BULK (in, awaiting data)
[1672] +56.138797 ASYNC-IN-DONE ep=0x81 len=0 status=2 actual=0
[1673] +56.138889 ASYNC-IN-SUBMIT ep=0x81 len=0 type=BULK (in, awaiting data)
[1674] +56.251697 ASYNC-IN-DONE ep=0x81 len=0 status=2 actual=0
[1675] +56.251735 ASYNC-IN-SUBMIT ep=0x81 len=0 type=BULK (in, awaiting data)
[1676] +56.364572 ASYNC-IN-DONE ep=0x81 len=0 status=2 actual=0
[1677] +56.364679 ASYNC-IN-SUBMIT ep=0x81 len=0 type=BULK (in, awaiting data)
[1678] +56.477518 ASYNC-IN-DONE ep=0x81 len=0 status=2 actual=0
[1679] +56.477619 ASYNC-IN-SUBMIT ep=0x81 len=0 type=BULK (in, awaiting data)
[1680] +56.507698 ASYNC-IN-DONE ep=0x81 len=16 status=0 actual=16
	0000  08 00 00 18 ed 03 80 10  00 4b 00 10 ae 02 00 00 |.........K......|
[1681] +56.507810 ASYNC-IN-SUBMIT ep=0x81 len=0 type=BULK (in, awaiting data)
[1682] +56.510825 ASYNC-OUT ep=0x01 len=16 type=BULK 
	0000  08 00 00 18 80 10 ed 03  00 48 00 10 fd 1a 00 00 |.........H......|
[1683] +56.511061 ASYNC-OUT-DONE ep=0x01 len=0 status=0 actual=16
[1684] +56.609585 ASYNC-IN-DONE ep=0x81 len=0 status=2 actual=0
[1685] +56.609691 ASYNC-IN-SUBMIT ep=0x81 len=0 type=BULK (in, awaiting data)
[1686] +56.708459 ASYNC-IN-DONE ep=0x81 len=16 status=0 actual=16
	0000  08 00 00 18 ef 03 01 10  00 4b 00 10 65 02 00 00 |.........K..e...|
[1687] +56.708606 ASYNC-IN-SUBMIT ep=0x81 len=0 type=BULK (in, awaiting data)
[1688] +56.708800 ASYNC-IN-DONE ep=0x81 len=16 status=0 actual=16
	0000  08 00 00 18 f0 03 02 10  00 36 00 10 09 02 00 00 |.........6......|
[1689] +56.708863 ASYNC-IN-SUBMIT ep=0x81 len=0 type=BULK (in, awaiting data)
[1690] +56.770229 ASYNC-OUT ep=0x01 len=16 type=BULK 
	0000  08 00 00 18 01 10 ef 03  00 49 00 10 93 1e 00 00 |.........I......|
[1691] +56.770588 ASYNC-OUT-DONE ep=0x01 len=0 status=0 actual=16
[1692] +56.811585 ASYNC-IN-DONE ep=0x81 len=0 status=2 actual=0
[1693] +56.811644 ASYNC-IN-SUBMIT ep=0x81 len=0 type=BULK (in, awaiting data)
[1694] +56.873459 ASYNC-OUT ep=0x01 len=16 type=BULK 
	0000  08 00 00 18 02 10 f0 03  00 35 00 10 09 10 00 00 |.........5......|
[1695] +56.873790 ASYNC-OUT-DONE ep=0x01 len=0 status=0 actual=16
[1696] +56.922836 ASYNC-IN-DONE ep=0x81 len=0 status=2 actual=0
[1697] +56.922908 ASYNC-IN-SUBMIT ep=0x81 len=0 type=BULK (in, awaiting data)
[1698] +57.029667 ASYNC-IN-DONE ep=0x81 len=0 status=2 actual=0
[1699] +57.029764 ASYNC-IN-SUBMIT ep=0x81 len=0 type=BULK (in, awaiting data)
[1700] +57.138240 ASYNC-IN-DONE ep=0x81 len=0 status=2 actual=0
[1701] +57.138312 ASYNC-IN-SUBMIT ep=0x81 len=0 type=BULK (in, awaiting data)
[1702] +57.248681 ASYNC-IN-DONE ep=0x81 len=0 status=2 actual=0
[1703] +57.248772 ASYNC-IN-SUBMIT ep=0x81 len=0 type=BULK (in, awaiting data)
[1704] +57.359048 ASYNC-IN-DONE ep=0x81 len=0 status=2 actual=0
[1705] +57.359157 ASYNC-IN-SUBMIT ep=0x81 len=0 type=BULK (in, awaiting data)
[1706] +57.471987 ASYNC-IN-DONE ep=0x81 len=0 status=2 actual=0
[1707] +57.472082 ASYNC-IN-SUBMIT ep=0x81 len=0 type=BULK (in, awaiting data)
[1708] +57.511500 ASYNC-IN-DONE ep=0x81 len=16 status=0 actual=16
	0000  08 00 00 18 ed 03 80 10  00 4c 00 10 ae 02 00 00 |.........L......|
[1709] +57.511606 ASYNC-IN-SUBMIT ep=0x81 len=0 type=BULK (in, awaiting data)
[1710] +57.548326 ASYNC-OUT ep=0x01 len=16 type=BULK 
	0000  08 00 00 18 80 10 ed 03  00 49 00 10 fd 1a 00 00 |.........I......|
[1711] +57.548646 ASYNC-OUT-DONE ep=0x01 len=0 status=0 actual=16
[1712] +57.623340 ASYNC-IN-DONE ep=0x81 len=0 status=2 actual=0
[1713] +57.623449 ASYNC-IN-SUBMIT ep=0x81 len=0 type=BULK (in, awaiting data)
[1714] +57.711869 ASYNC-IN-DONE ep=0x81 len=16 status=0 actual=16
	0000  08 00 00 18 ef 03 01 10  00 4c 00 10 65 02 00 00 |.........L..e...|
[1715] +57.711989 ASYNC-IN-SUBMIT ep=0x81 len=0 type=BULK (in, awaiting data)
[1716] +57.712155 ASYNC-IN-DONE ep=0x81 len=16 status=0 actual=16
	0000  08 00 00 18 f0 03 02 10  00 37 00 10 09 02 00 00 |.........7......|
[1717] +57.712211 ASYNC-IN-SUBMIT ep=0x81 len=0 type=BULK (in, awaiting data)
[1718] +57.807918 ASYNC-OUT ep=0x01 len=16 type=BULK 
	0000  08 00 00 18 01 10 ef 03  00 4a 00 10 93 1e 00 00 |.........J......|
[1719] +57.808261 ASYNC-OUT-DONE ep=0x01 len=0 status=0 actual=16
[1720] +57.812925 ASYNC-IN-DONE ep=0x81 len=0 status=2 actual=0
[1721] +57.813062 ASYNC-IN-SUBMIT ep=0x81 len=0 type=BULK (in, awaiting data)
[1722] +57.912004 ASYNC-OUT ep=0x01 len=16 type=BULK 
	0000  08 00 00 18 02 10 f0 03  00 36 00 10 09 10 00 00 |.........6......|
[1723] +57.912343 ASYNC-OUT-DONE ep=0x01 len=0 status=0 actual=16
[1724] +57.925881 ASYNC-IN-DONE ep=0x81 len=0 status=2 actual=0
[1725] +57.925940 ASYNC-IN-SUBMIT ep=0x81 len=0 type=BULK (in, awaiting data)
[1726] +58.038177 ASYNC-IN-DONE ep=0x81 len=0 status=2 actual=0
[1727] +58.038263 ASYNC-IN-SUBMIT ep=0x81 len=0 type=BULK (in, awaiting data)
[1728] +58.150241 ASYNC-IN-DONE ep=0x81 len=0 status=2 actual=0
[1729] +58.150325 ASYNC-IN-SUBMIT ep=0x81 len=0 type=BULK (in, awaiting data)
[1730] +58.253429 ASYNC-IN-DONE ep=0x81 len=0 status=2 actual=0
[1731] +58.253540 ASYNC-IN-SUBMIT ep=0x81 len=0 type=BULK (in, awaiting data)
[1732] +58.362685 ASYNC-IN-DONE ep=0x81 len=0 status=2 actual=0
[1733] +58.362792 ASYNC-IN-SUBMIT ep=0x81 len=0 type=BULK (in, awaiting data)
[1734] +58.463162 ASYNC-IN-DONE ep=0x81 len=0 status=2 actual=0
[1735] +58.463192 ASYNC-IN-SUBMIT ep=0x81 len=0 type=BULK (in, awaiting data)
[1736] +58.514304 ASYNC-IN-DONE ep=0x81 len=16 status=0 actual=16
	0000  08 00 00 18 ed 03 80 10  00 4d 00 10 ae 02 00 00 |.........M......|
[1737] +58.514352 ASYNC-IN-SUBMIT ep=0x81 len=0 type=BULK (in, awaiting data)
[1738] +58.587949 ASYNC-OUT ep=0x01 len=16 type=BULK 
	0000  08 00 00 18 80 10 ed 03  00 4a 00 10 fd 1a 00 00 |.........J......|
[1739] +58.588228 ASYNC-OUT-DONE ep=0x01 len=0 status=0 actual=16
[1740] +58.624653 ASYNC-IN-DONE ep=0x81 len=0 status=2 actual=0
[1741] +58.624672 ASYNC-IN-SUBMIT ep=0x81 len=0 type=BULK (in, awaiting data)
[1742] +58.716372 ASYNC-IN-DONE ep=0x81 len=16 status=0 actual=16
	0000  08 00 00 18 ef 03 01 10  00 4d 00 10 65 02 00 00 |.........M..e...|
[1743] +58.716410 ASYNC-IN-SUBMIT ep=0x81 len=0 type=BULK (in, awaiting data)
[1744] +58.716541 ASYNC-IN-DONE ep=0x81 len=16 status=0 actual=16
	0000  08 00 00 18 f0 03 02 10  00 38 00 10 09 02 00 00 |.........8......|
[1745] +58.716565 ASYNC-IN-SUBMIT ep=0x81 len=0 type=BULK (in, awaiting data)
[1746] +58.826623 ASYNC-IN-DONE ep=0x81 len=0 status=2 actual=0
[1747] +58.826649 ASYNC-IN-SUBMIT ep=0x81 len=0 type=BULK (in, awaiting data)
[1748] +58.847295 ASYNC-OUT ep=0x01 len=16 type=BULK 
	0000  08 00 00 18 01 10 ef 03  00 4b 00 10 93 1e 00 00 |.........K......|
[1749] +58.847562 ASYNC-OUT-DONE ep=0x01 len=0 status=0 actual=16
[1750] +58.927067 ASYNC-IN-DONE ep=0x81 len=0 status=2 actual=0
[1751] +58.927104 ASYNC-IN-SUBMIT ep=0x81 len=0 type=BULK (in, awaiting data)
[1752] +58.951429 ASYNC-OUT ep=0x01 len=16 type=BULK 
	0000  08 00 00 18 02 10 f0 03  00 37 00 10 09 10 00 00 |.........7......|
[1753] +58.951833 ASYNC-OUT-DONE ep=0x01 len=0 status=0 actual=16
[1754] +59.039126 ASYNC-IN-DONE ep=0x81 len=0 status=2 actual=0
[1755] +59.039153 ASYNC-IN-SUBMIT ep=0x81 len=0 type=BULK (in, awaiting data)
[1756] +59.151934 ASYNC-IN-DONE ep=0x81 len=0 status=2 actual=0
[1757] +59.152034 ASYNC-IN-SUBMIT ep=0x81 len=0 type=BULK (in, awaiting data)
[1758] +59.263151 ASYNC-IN-DONE ep=0x81 len=0 status=2 actual=0
[1759] +59.263202 ASYNC-IN-SUBMIT ep=0x81 len=0 type=BULK (in, awaiting data)
[1760] +59.318786 ASYNC-IN-DONE ep=0x81 len=40 status=0 actual=40
	0000  1d 00 00 18 f0 03 02 10  00 39 00 04 09 02 00 00 |.........9......|
	0010  00 00 04 00 0d 00 00 00  82 69 16 6a 84 52 00 44 |.........i.j.R.D|
	0020  0a 79 1b 6a c0 73 65 74                          |.y.j.set|
[1761] +59.318876 ASYNC-IN-SUBMIT ep=0x81 len=0 type=BULK (in, awaiting data)
[1762] +59.365589 ASYNC-OUT ep=0x01 len=16 type=BULK 
	0000  08 00 00 18 02 10 f0 03  00 38 00 08 1e 10 00 00 |.........8......|
[1763] +59.365927 ASYNC-OUT-DONE ep=0x01 len=0 status=0 actual=16
[1764] +59.392020 ASYNC-IN-DONE ep=0x81 len=40 status=0 actual=40
	0000  1d 00 00 18 f0 03 02 10  00 3a 00 04 09 02 00 00 |.........:......|
	0010  00 00 04 00 0d 00 00 00  82 69 16 6a 84 52 00 44 |.........i.j.R.D|
	0020  0a 79 1b 6a c0 73 65 74                          |.y.j.set|
[1765] +59.392078 ASYNC-IN-SUBMIT ep=0x81 len=0 type=BULK (in, awaiting data)
[1766] +59.417237 ASYNC-OUT ep=0x01 len=16 type=BULK 
	0000  08 00 00 18 02 10 f0 03  00 39 00 08 33 10 00 00 |.........9..3...|
[1767] +59.417519 ASYNC-OUT-DONE ep=0x01 len=0 status=0 actual=16
[1768] +59.466522 ASYNC-IN-DONE ep=0x81 len=40 status=0 actual=40
	0000  1d 00 00 18 f0 03 02 10  00 3b 00 04 09 02 00 00 |.........;......|
	0010  00 00 04 00 0d 00 00 00  82 69 16 6a 84 52 00 44 |.........i.j.R.D|
	0020  0a 79 1b 6a c0 73 65 74                          |.y.j.set|
[1769] +59.466665 ASYNC-IN-SUBMIT ep=0x81 len=0 type=BULK (in, awaiting data)
[1770] +59.469240 ASYNC-OUT ep=0x01 len=16 type=BULK 
	0000  08 00 00 18 02 10 f0 03  00 3a 00 08 48 10 00 00 |.........:..H...|
[1771] +59.469488 ASYNC-OUT-DONE ep=0x01 len=0 status=0 actual=16
[1772] +59.518833 ASYNC-IN-DONE ep=0x81 len=16 status=0 actual=16
	0000  08 00 00 18 ed 03 80 10  00 4e 00 10 ae 02 00 00 |.........N......|
[1773] +59.518993 ASYNC-IN-SUBMIT ep=0x81 len=0 type=BULK (in, awaiting data)
[1774] +59.624506 ASYNC-OUT ep=0x01 len=16 type=BULK 
	0000  08 00 00 18 80 10 ed 03  00 4b 00 10 fd 1a 00 00 |.........K......|
[1775] +59.624854 ASYNC-OUT-DONE ep=0x01 len=0 status=0 actual=16
[1776] +59.631585 ASYNC-IN-DONE ep=0x81 len=0 status=2 actual=0
[1777] +59.631650 ASYNC-IN-SUBMIT ep=0x81 len=0 type=BULK (in, awaiting data)
[1778] +59.719319 ASYNC-IN-DONE ep=0x81 len=16 status=0 actual=16
	0000  08 00 00 18 ef 03 01 10  00 4e 00 10 65 02 00 00 |.........N..e...|
[1779] +59.719440 ASYNC-IN-SUBMIT ep=0x81 len=0 type=BULK (in, awaiting data)
[1780] +59.829892 ASYNC-IN-DONE ep=0x81 len=0 status=2 actual=0
[1781] +59.829997 ASYNC-IN-SUBMIT ep=0x81 len=0 type=BULK (in, awaiting data)
[1782] +59.841407 ASYNC-IN-DONE ep=0x81 len=40 status=0 actual=40
	0000  1d 00 00 18 f0 03 02 10  00 3c 00 04 09 02 00 00 |.........<......|
	0010  00 00 04 00 0d 00 00 00  82 69 16 6a 84 52 00 44 |.........i.j.R.D|
	0020  0a 79 1b 6a c0 73 65 74                          |.y.j.set|
[1783] +59.841527 ASYNC-IN-SUBMIT ep=0x81 len=0 type=BULK (in, awaiting data)
[1784] +59.884187 ASYNC-OUT ep=0x01 len=16 type=BULK 
	0000  08 00 00 18 02 10 f0 03  00 3b 00 08 5d 10 00 00 |.........;..]...|
[1785] +59.884414 ASYNC-OUT ep=0x01 len=16 type=BULK 
	0000  08 00 00 18 01 10 ef 03  00 4c 00 10 93 1e 00 00 |.........L......|
[1786] +59.884492 ASYNC-OUT-DONE ep=0x01 len=0 status=0 actual=16
[1787] +59.884599 ASYNC-OUT-DONE ep=0x01 len=0 status=0 actual=16
[1788] +59.946561 ASYNC-IN-DONE ep=0x81 len=0 status=2 actual=0
[1789] +59.946684 ASYNC-IN-SUBMIT ep=0x81 len=0 type=BULK (in, awaiting data)
[1790] +59.992186 ASYNC-IN-DONE ep=0x81 len=40 status=0 actual=40
	0000  1d 00 00 18 f0 03 02 10  00 3d 00 04 09 02 00 00 |.........=......|
	0010  00 00 04 00 0d 00 00 00  82 69 16 6a 84 52 00 44 |.........i.j.R.D|
	0020  0a 79 1b 6a c0 73 65 74                          |.y.j.set|
[1791] +59.992388 ASYNC-IN-SUBMIT ep=0x81 len=0 type=BULK (in, awaiting data)
[1792] +60.040355 ASYNC-OUT ep=0x01 len=16 type=BULK 
	0000  08 00 00 18 02 10 f0 03  00 3c 00 08 72 10 00 00 |.........<..r...|
[1793] +60.040690 ASYNC-OUT-DONE ep=0x01 len=0 status=0 actual=16
[1794] +60.066589 ASYNC-IN-DONE ep=0x81 len=40 status=0 actual=40
	0000  1d 00 00 18 f0 03 02 10  00 3e 00 04 09 02 00 00 |.........>......|
	0010  00 00 04 00 0d 00 00 00  82 69 16 6a 84 52 00 44 |.........i.j.R.D|
	0020  0a 79 1b 6a c0 73 65 74                          |.y.j.set|
[1795] +60.066761 ASYNC-IN-SUBMIT ep=0x81 len=0 type=BULK (in, awaiting data)
[1796] +60.092421 ASYNC-OUT ep=0x01 len=16 type=BULK 
	0000  08 00 00 18 02 10 f0 03  00 3d 00 08 87 10 00 00 |.........=......|
[1797] +60.092764 ASYNC-OUT-DONE ep=0x01 len=0 status=0 actual=16
[1798] +60.174796 ASYNC-IN-DONE ep=0x81 len=0 status=2 actual=0
[1799] +60.174897 ASYNC-IN-SUBMIT ep=0x81 len=0 type=BULK (in, awaiting data)
[1800] +60.286328 ASYNC-IN-DONE ep=0x81 len=0 status=2 actual=0
[1801] +60.286441 ASYNC-IN-SUBMIT ep=0x81 len=0 type=BULK (in, awaiting data)
[1802] +60.387319 ASYNC-IN-DONE ep=0x81 len=0 status=2 actual=0
[1803] +60.387444 ASYNC-IN-SUBMIT ep=0x81 len=0 type=BULK (in, awaiting data)
[1804] +60.494468 ASYNC-IN-DONE ep=0x81 len=0 status=2 actual=0
[1805] +60.494544 ASYNC-IN-SUBMIT ep=0x81 len=0 type=BULK (in, awaiting data)
[1806] +60.521596 ASYNC-IN-DONE ep=0x81 len=16 status=0 actual=16
	0000  08 00 00 18 ed 03 80 10  00 4f 00 10 ae 02 00 00 |.........O......|
[1807] +60.521709 ASYNC-IN-SUBMIT ep=0x81 len=0 type=BULK (in, awaiting data)
[1808] +60.632240 ASYNC-IN-DONE ep=0x81 len=0 status=2 actual=0
[1809] +60.632339 ASYNC-IN-SUBMIT ep=0x81 len=0 type=BULK (in, awaiting data)
[1810] +60.662991 ASYNC-OUT ep=0x01 len=16 type=BULK 
	0000  08 00 00 18 80 10 ed 03  00 4c 00 10 fd 1a 00 00 |.........L......|
[1811] +60.663273 ASYNC-OUT-DONE ep=0x01 len=0 status=0 actual=16
[1812] +60.722017 ASYNC-IN-DONE ep=0x81 len=16 status=0 actual=16
	0000  08 00 00 18 ef 03 01 10  00 4f 00 10 65 02 00 00 |.........O..e...|
[1813] +60.722161 ASYNC-IN-SUBMIT ep=0x81 len=0 type=BULK (in, awaiting data)
[1814] +60.831804 ASYNC-IN-DONE ep=0x81 len=0 status=2 actual=0
[1815] +60.831917 ASYNC-IN-SUBMIT ep=0x81 len=0 type=BULK (in, awaiting data)
[1816] +60.922442 ASYNC-OUT ep=0x01 len=16 type=BULK 
	0000  08 00 00 18 01 10 ef 03  00 4d 00 10 93 1e 00 00 |.........M......|
[1817] +60.922582 ASYNC-IN-DONE ep=0x81 len=16 status=0 actual=16
	0000  08 00 00 18 f0 03 02 10  00 3f 00 10 09 02 00 00 |.........?......|
[1818] +60.922644 ASYNC-IN-SUBMIT ep=0x81 len=0 type=BULK (in, awaiting data)
[1819] +60.922711 ASYNC-OUT-DONE ep=0x01 len=0 status=0 actual=16
[1820] +61.035469 ASYNC-IN-DONE ep=0x81 len=0 status=2 actual=0
[1821] +61.035572 ASYNC-IN-SUBMIT ep=0x81 len=0 type=BULK (in, awaiting data)
[1822] +61.130654 ASYNC-OUT ep=0x01 len=16 type=BULK 
	0000  08 00 00 18 02 10 f0 03  00 3e 00 10 87 10 00 00 |.........>......|
[1823] +61.130992 ASYNC-OUT-DONE ep=0x01 len=0 status=0 actual=16
[1824] +61.143938 ASYNC-IN-DONE ep=0x81 len=0 status=2 actual=0
[1825] +61.143983 ASYNC-IN-SUBMIT ep=0x81 len=0 type=BULK (in, awaiting data)
[1826] +61.248295 ASYNC-IN-DONE ep=0x81 len=0 status=2 actual=0
[1827] +61.248396 ASYNC-IN-SUBMIT ep=0x81 len=0 type=BULK (in, awaiting data)
[1828] +61.359057 ASYNC-IN-DONE ep=0x81 len=0 status=2 actual=0
[1829] +61.359146 ASYNC-IN-SUBMIT ep=0x81 len=0 type=BULK (in, awaiting data)
[1830] +61.469734 ASYNC-IN-DONE ep=0x81 len=0 status=2 actual=0
[1831] +61.469892 ASYNC-IN-SUBMIT ep=0x81 len=0 type=BULK (in, awaiting data)
[1832] +61.524440 ASYNC-IN-DONE ep=0x81 len=16 status=0 actual=16
	0000  08 00 00 18 ed 03 80 10  00 50 00 10 ae 02 00 00 |.........P......|
[1833] +61.524565 ASYNC-IN-SUBMIT ep=0x81 len=0 type=BULK (in, awaiting data)
[1834] +61.637390 ASYNC-IN-DONE ep=0x81 len=0 status=2 actual=0
[1835] +61.637501 ASYNC-IN-SUBMIT ep=0x81 len=0 type=BULK (in, awaiting data)
[1836] +61.702448 ASYNC-OUT ep=0x01 len=16 type=BULK 
	0000  08 00 00 18 80 10 ed 03  00 4d 00 10 fd 1a 00 00 |.........M......|
[1837] +61.702797 ASYNC-OUT-DONE ep=0x01 len=0 status=0 actual=16
[1838] +61.725569 ASYNC-IN-DONE ep=0x81 len=16 status=0 actual=16
	0000  08 00 00 18 ef 03 01 10  00 50 00 10 65 02 00 00 |.........P..e...|
[1839] +61.725694 ASYNC-IN-SUBMIT ep=0x81 len=0 type=BULK (in, awaiting data)
[1840] +61.826133 ASYNC-IN-DONE ep=0x81 len=0 status=2 actual=0
[1841] +61.826219 ASYNC-IN-SUBMIT ep=0x81 len=0 type=BULK (in, awaiting data)
[1842] +61.925982 ASYNC-IN-DONE ep=0x81 len=16 status=0 actual=16
	0000  08 00 00 18 f0 03 02 10  00 40 00 10 09 02 00 00 |.........@......|
[1843] +61.926120 ASYNC-IN-SUBMIT ep=0x81 len=0 type=BULK (in, awaiting data)
[1844] +61.960391 ASYNC-OUT ep=0x01 len=16 type=BULK 
	0000  08 00 00 18 01 10 ef 03  00 4e 00 10 93 1e 00 00 |.........N......|
[1845] +61.960796 ASYNC-OUT-DONE ep=0x01 len=0 status=0 actual=16
[1846] +62.026548 ASYNC-IN-DONE ep=0x81 len=0 status=2 actual=0
[1847] +62.026646 ASYNC-IN-SUBMIT ep=0x81 len=0 type=BULK (in, awaiting data)
[1848] +62.138260 ASYNC-IN-DONE ep=0x81 len=0 status=2 actual=0
[1849] +62.138380 ASYNC-IN-SUBMIT ep=0x81 len=0 type=BULK (in, awaiting data)
[1850] +62.167794 ASYNC-OUT ep=0x01 len=16 type=BULK 
	0000  08 00 00 18 02 10 f0 03  00 3f 00 10 87 10 00 00 |.........?......|
[1851] +62.168189 ASYNC-OUT-DONE ep=0x01 len=0 status=0 actual=16
[1852] +62.241252 ASYNC-IN-DONE ep=0x81 len=0 status=2 actual=0
[1853] +62.241341 ASYNC-IN-SUBMIT ep=0x81 len=0 type=BULK (in, awaiting data)
[1854] +62.354215 ASYNC-IN-DONE ep=0x81 len=0 status=2 actual=0
[1855] +62.354482 ASYNC-IN-SUBMIT ep=0x81 len=0 type=BULK (in, awaiting data)
[1856] +62.467426 ASYNC-IN-DONE ep=0x81 len=0 status=2 actual=0
[1857] +62.467549 ASYNC-IN-SUBMIT ep=0x81 len=0 type=BULK (in, awaiting data)
[1858] +62.527707 ASYNC-IN-DONE ep=0x81 len=16 status=0 actual=16
	0000  08 00 00 18 ed 03 80 10  00 51 00 10 ae 02 00 00 |.........Q......|
[1859] +62.527840 ASYNC-IN-SUBMIT ep=0x81 len=0 type=BULK (in, awaiting data)
[1860] +62.640717 ASYNC-IN-DONE ep=0x81 len=0 status=2 actual=0
[1861] +62.640806 ASYNC-IN-SUBMIT ep=0x81 len=0 type=BULK (in, awaiting data)
[1862] +62.728597 ASYNC-IN-DONE ep=0x81 len=16 status=0 actual=16
	0000  08 00 00 18 ef 03 01 10  00 51 00 10 65 02 00 00 |.........Q..e...|
[1863] +62.728747 ASYNC-IN-SUBMIT ep=0x81 len=0 type=BULK (in, awaiting data)
[1864] +62.737965 ASYNC-OUT ep=0x01 len=16 type=BULK 
	0000  08 00 00 18 80 10 ed 03  00 4e 00 10 fd 1a 00 00 |.........N......|
[1865] +62.738222 ASYNC-OUT-DONE ep=0x01 len=0 status=0 actual=16
[1866] +62.838158 ASYNC-IN-DONE ep=0x81 len=0 status=2 actual=0
[1867] +62.838249 ASYNC-IN-SUBMIT ep=0x81 len=0 type=BULK (in, awaiting data)
[1868] +62.929400 ASYNC-IN-DONE ep=0x81 len=16 status=0 actual=16
	0000  08 00 00 18 f0 03 02 10  00 41 00 10 09 02 00 00 |.........A......|
[1869] +62.929543 ASYNC-IN-SUBMIT ep=0x81 len=0 type=BULK (in, awaiting data)
[1870] +62.998248 ASYNC-OUT ep=0x01 len=16 type=BULK 
	0000  08 00 00 18 01 10 ef 03  00 4f 00 10 93 1e 00 00 |.........O......|
[1871] +62.998600 ASYNC-OUT-DONE ep=0x01 len=0 status=0 actual=16
[1872] +63.038239 ASYNC-IN-DONE ep=0x81 len=0 status=2 actual=0
[1873] +63.038337 ASYNC-IN-SUBMIT ep=0x81 len=0 type=BULK (in, awaiting data)
[1874] +63.149801 ASYNC-IN-DONE ep=0x81 len=0 status=2 actual=0
[1875] +63.149911 ASYNC-IN-SUBMIT ep=0x81 len=0 type=BULK (in, awaiting data)
[1876] +63.206465 ASYNC-OUT ep=0x01 len=16 type=BULK 
	0000  08 00 00 18 02 10 f0 03  00 40 00 10 87 10 00 00 |.........@......|
[1877] +63.206835 ASYNC-OUT-DONE ep=0x01 len=0 status=0 actual=16
[1878] +63.254801 ASYNC-IN-DONE ep=0x81 len=0 status=2 actual=0
[1879] +63.254879 ASYNC-IN-SUBMIT ep=0x81 len=0 type=BULK (in, awaiting data)
[1880] +63.367401 ASYNC-IN-DONE ep=0x81 len=0 status=2 actual=0
[1881] +63.367523 ASYNC-IN-SUBMIT ep=0x81 len=0 type=BULK (in, awaiting data)
[1882] +63.478184 ASYNC-IN-DONE ep=0x81 len=0 status=2 actual=0
[1883] +63.478289 ASYNC-IN-SUBMIT ep=0x81 len=0 type=BULK (in, awaiting data)
[1884] +63.530967 ASYNC-IN-DONE ep=0x81 len=16 status=0 actual=16
	0000  08 00 00 18 ed 03 80 10  00 52 00 10 ae 02 00 00 |.........R......|
[1885] +63.531073 ASYNC-IN-SUBMIT ep=0x81 len=0 type=BULK (in, awaiting data)
[1886] +63.643885 ASYNC-IN-DONE ep=0x81 len=0 status=2 actual=0
[1887] +63.643942 ASYNC-IN-SUBMIT ep=0x81 len=0 type=BULK (in, awaiting data)
[1888] +63.731723 ASYNC-IN-DONE ep=0x81 len=16 status=0 actual=16
	0000  08 00 00 18 ef 03 01 10  00 52 00 10 65 02 00 00 |.........R..e...|
[1889] +63.731871 ASYNC-IN-SUBMIT ep=0x81 len=0 type=BULK (in, awaiting data)
[1890] +63.776550 ASYNC-OUT ep=0x01 len=16 type=BULK 
	0000  08 00 00 18 80 10 ed 03  00 4f 00 10 fd 1a 00 00 |.........O......|
[1891] +63.776842 ASYNC-OUT-DONE ep=0x01 len=0 status=0 actual=16
[1892] +63.844725 ASYNC-IN-DONE ep=0x81 len=0 status=2 actual=0
[1893] +63.844837 ASYNC-IN-SUBMIT ep=0x81 len=0 type=BULK (in, awaiting data)
[1894] +63.932605 ASYNC-IN-DONE ep=0x81 len=16 status=0 actual=16
	0000  08 00 00 18 f0 03 02 10  00 42 00 10 09 02 00 00 |.........B......|
[1895] +63.932754 ASYNC-IN-SUBMIT ep=0x81 len=0 type=BULK (in, awaiting data)
[1896] +64.036879 ASYNC-OUT ep=0x01 len=16 type=BULK 
	0000  08 00 00 18 01 10 ef 03  00 50 00 10 93 1e 00 00 |.........P......|
[1897] +64.037379 ASYNC-OUT-DONE ep=0x01 len=0 status=0 actual=16
[1898] +64.043740 ASYNC-IN-DONE ep=0x81 len=0 status=2 actual=0
[1899] +64.043781 ASYNC-IN-SUBMIT ep=0x81 len=0 type=BULK (in, awaiting data)
[1900] +64.144252 ASYNC-IN-DONE ep=0x81 len=0 status=2 actual=0
[1901] +64.144338 ASYNC-IN-SUBMIT ep=0x81 len=0 type=BULK (in, awaiting data)
[1902] +64.245016 ASYNC-OUT ep=0x01 len=16 type=BULK 
	0000  08 00 00 18 02 10 f0 03  00 41 00 10 87 10 00 00 |.........A......|
[1903] +64.245432 ASYNC-OUT-DONE ep=0x01 len=0 status=0 actual=16
[1904] +64.245515 ASYNC-IN-DONE ep=0x81 len=0 status=2 actual=0
[1905] +64.245551 ASYNC-IN-SUBMIT ep=0x81 len=0 type=BULK (in, awaiting data)
[1906] +64.354481 ASYNC-IN-DONE ep=0x81 len=0 status=2 actual=0
[1907] +64.354514 ASYNC-IN-SUBMIT ep=0x81 len=0 type=BULK (in, awaiting data)
[1908] +64.467321 ASYNC-IN-DONE ep=0x81 len=0 status=2 actual=0
[1909] +64.467446 ASYNC-IN-SUBMIT ep=0x81 len=0 type=BULK (in, awaiting data)
[1910] +64.534539 ASYNC-IN-DONE ep=0x81 len=16 status=0 actual=16
	0000  08 00 00 18 ed 03 80 10  00 53 00 10 ae 02 00 00 |.........S......|
[1911] +64.534658 ASYNC-IN-SUBMIT ep=0x81 len=0 type=BULK (in, awaiting data)
[1912] +64.645487 ASYNC-IN-DONE ep=0x81 len=0 status=2 actual=0
[1913] +64.645598 ASYNC-IN-SUBMIT ep=0x81 len=0 type=BULK (in, awaiting data)
[1914] +64.735660 ASYNC-IN-DONE ep=0x81 len=16 status=0 actual=16
	0000  08 00 00 18 ef 03 01 10  00 53 00 10 65 02 00 00 |.........S..e...|
[1915] +64.735799 ASYNC-IN-SUBMIT ep=0x81 len=0 type=BULK (in, awaiting data)
[1916] +64.816738 ASYNC-OUT ep=0x01 len=16 type=BULK 
	0000  08 00 00 18 80 10 ed 03  00 50 00 10 fd 1a 00 00 |.........P......|
[1917] +64.817005 ASYNC-OUT-DONE ep=0x01 len=0 status=0 actual=16
[1918] +64.836682 ASYNC-IN-DONE ep=0x81 len=0 status=2 actual=0
[1919] +64.836795 ASYNC-IN-SUBMIT ep=0x81 len=0 type=BULK (in, awaiting data)
[1920] +64.936063 ASYNC-IN-DONE ep=0x81 len=16 status=0 actual=16
	0000  08 00 00 18 f0 03 02 10  00 43 00 10 09 02 00 00 |.........C......|
[1921] +64.936178 ASYNC-IN-SUBMIT ep=0x81 len=0 type=BULK (in, awaiting data)
[1922] +65.048652 ASYNC-IN-DONE ep=0x81 len=0 status=2 actual=0
[1923] +65.048766 ASYNC-IN-SUBMIT ep=0x81 len=0 type=BULK (in, awaiting data)
[1924] +65.076122 ASYNC-OUT ep=0x01 len=16 type=BULK 
	0000  08 00 00 18 01 10 ef 03  00 51 00 10 93 1e 00 00 |.........Q......|
[1925] +65.076504 ASYNC-OUT-DONE ep=0x01 len=0 status=0 actual=16
[1926] +65.159076 ASYNC-IN-DONE ep=0x81 len=0 status=2 actual=0
[1927] +65.159133 ASYNC-IN-SUBMIT ep=0x81 len=0 type=BULK (in, awaiting data)
[1928] +65.271510 ASYNC-IN-DONE ep=0x81 len=0 status=2 actual=0
[1929] +65.271584 ASYNC-IN-SUBMIT ep=0x81 len=0 type=BULK (in, awaiting data)
[1930] +65.284342 ASYNC-OUT ep=0x01 len=16 type=BULK 
	0000  08 00 00 18 02 10 f0 03  00 42 00 10 87 10 00 00 |.........B......|
[1931] +65.284685 ASYNC-OUT-DONE ep=0x01 len=0 status=0 actual=16
[1932] +65.373285 ASYNC-IN-DONE ep=0x81 len=0 status=2 actual=0
[1933] +65.373374 ASYNC-IN-SUBMIT ep=0x81 len=0 type=BULK (in, awaiting data)
[1934] +65.482199 ASYNC-IN-DONE ep=0x81 len=0 status=2 actual=0
[1935] +65.482279 ASYNC-IN-SUBMIT ep=0x81 len=0 type=BULK (in, awaiting data)
[1936] +65.537787 ASYNC-IN-DONE ep=0x81 len=16 status=0 actual=16
	0000  08 00 00 18 ed 03 80 10  00 54 00 10 ae 02 00 00 |.........T......|
[1937] +65.537899 ASYNC-IN-SUBMIT ep=0x81 len=0 type=BULK (in, awaiting data)
[1938] +65.650729 ASYNC-IN-DONE ep=0x81 len=0 status=2 actual=0
[1939] +65.650810 ASYNC-IN-SUBMIT ep=0x81 len=0 type=BULK (in, awaiting data)
[1940] +65.738553 ASYNC-IN-DONE ep=0x81 len=16 status=0 actual=16
	0000  08 00 00 18 ef 03 01 10  00 54 00 10 65 02 00 00 |.........T..e...|
[1941] +65.738667 ASYNC-IN-SUBMIT ep=0x81 len=0 type=BULK (in, awaiting data)
[1942] +65.851499 ASYNC-IN-DONE ep=0x81 len=0 status=2 actual=0
[1943] +65.851589 ASYNC-IN-SUBMIT ep=0x81 len=0 type=BULK (in, awaiting data)
[1944] +65.855682 ASYNC-OUT ep=0x01 len=16 type=BULK 
	0000  08 00 00 18 80 10 ed 03  00 51 00 10 fd 1a 00 00 |.........Q......|
[1945] +65.855977 ASYNC-OUT-DONE ep=0x01 len=0 status=0 actual=16
[1946] +65.939323 ASYNC-IN-DONE ep=0x81 len=16 status=0 actual=16
	0000  08 00 00 18 f0 03 02 10  00 44 00 10 09 02 00 00 |.........D......|
[1947] +65.939436 ASYNC-IN-SUBMIT ep=0x81 len=0 type=BULK (in, awaiting data)
[1948] +66.049625 ASYNC-IN-DONE ep=0x81 len=0 status=2 actual=0
[1949] +66.049725 ASYNC-IN-SUBMIT ep=0x81 len=0 type=BULK (in, awaiting data)
[1950] +66.115119 ASYNC-OUT ep=0x01 len=16 type=BULK 
	0000  08 00 00 18 01 10 ef 03  00 52 00 10 93 1e 00 00 |.........R......|
[1951] +66.115455 ASYNC-OUT-DONE ep=0x01 len=0 status=0 actual=16
[1952] +66.154218 ASYNC-IN-DONE ep=0x81 len=0 status=2 actual=0
[1953] +66.154298 ASYNC-IN-SUBMIT ep=0x81 len=0 type=BULK (in, awaiting data)
[1954] +66.256929 ASYNC-IN-DONE ep=0x81 len=0 status=2 actual=0
[1955] +66.257034 ASYNC-IN-SUBMIT ep=0x81 len=0 type=BULK (in, awaiting data)
[1956] +66.322428 ASYNC-OUT ep=0x01 len=16 type=BULK 
	0000  08 00 00 18 02 10 f0 03  00 43 00 10 87 10 00 00 |.........C......|
[1957] +66.322693 ASYNC-OUT-DONE ep=0x01 len=0 status=0 actual=16
[1958] +66.368949 ASYNC-IN-DONE ep=0x81 len=0 status=2 actual=0
[1959] +66.369045 ASYNC-IN-SUBMIT ep=0x81 len=0 type=BULK (in, awaiting data)
[1960] +66.473789 ASYNC-IN-DONE ep=0x81 len=0 status=2 actual=0
[1961] +66.473872 ASYNC-IN-SUBMIT ep=0x81 len=0 type=BULK (in, awaiting data)
[1962] +66.541044 ASYNC-IN-DONE ep=0x81 len=16 status=0 actual=16
	0000  08 00 00 18 ed 03 80 10  00 55 00 10 ae 02 00 00 |.........U......|
[1963] +66.541162 ASYNC-IN-SUBMIT ep=0x81 len=0 type=BULK (in, awaiting data)
[1964] +66.653977 ASYNC-IN-DONE ep=0x81 len=0 status=2 actual=0
[1965] +66.654075 ASYNC-IN-SUBMIT ep=0x81 len=0 type=BULK (in, awaiting data)
[1966] +66.742500 ASYNC-IN-DONE ep=0x81 len=16 status=0 actual=16
	0000  08 00 00 18 ef 03 01 10  00 55 00 10 65 02 00 00 |.........U..e...|
[1967] +66.742636 ASYNC-IN-SUBMIT ep=0x81 len=0 type=BULK (in, awaiting data)
[1968] +66.843951 ASYNC-IN-DONE ep=0x81 len=0 status=2 actual=0
[1969] +66.844053 ASYNC-IN-SUBMIT ep=0x81 len=0 type=BULK (in, awaiting data)
[1970] +66.893342 ASYNC-OUT ep=0x01 len=16 type=BULK 
	0000  08 00 00 18 80 10 ed 03  00 52 00 10 fd 1a 00 00 |.........R......|
[1971] +66.893635 ASYNC-OUT-DONE ep=0x01 len=0 status=0 actual=16
[1972] +66.942893 ASYNC-IN-DONE ep=0x81 len=16 status=0 actual=16
	0000  08 00 00 18 f0 03 02 10  00 45 00 10 09 02 00 00 |.........E......|
[1973] +66.943006 ASYNC-IN-SUBMIT ep=0x81 len=0 type=BULK (in, awaiting data)
[1974] +67.046401 ASYNC-IN-DONE ep=0x81 len=48 status=0 actual=48
	0000  27 00 00 18 f0 03 02 10  00 46 00 04 09 02 00 00 |'........F......|
	0010  00 00 04 00 17 00 00 00  82 69 16 6a 84 52 00 44 |.........i.j.R.D|
	0020  09 79 19 6a 82 76 cd 00  9d 77 ca 3f 33 36 7a 81 |.y.j.v...w.?36z.|
[1975] +67.046601 ASYNC-IN-SUBMIT ep=0x81 len=0 type=BULK (in, awaiting data)
[1976] +67.049444 ASYNC-OUT ep=0x01 len=16 type=BULK 
	0000  08 00 00 18 02 10 f0 03  00 44 00 08 a6 10 00 00 |.........D......|
[1977] +67.049683 ASYNC-OUT-DONE ep=0x01 len=0 status=0 actual=16
[1978] +67.152756 ASYNC-IN-DONE ep=0x81 len=0 status=2 actual=0
[1979] +67.152824 ASYNC-IN-SUBMIT ep=0x81 len=0 type=BULK (in, awaiting data)
[1980] +67.153560 ASYNC-OUT ep=0x01 len=16 type=BULK 
	0000  08 00 00 18 01 10 ef 03  00 53 00 10 93 1e 00 00 |.........S......|
[1981] +67.153857 ASYNC-OUT-DONE ep=0x01 len=0 status=0 actual=16
[1982] +67.264231 ASYNC-IN-DONE ep=0x81 len=0 status=2 actual=0
[1983] +67.264313 ASYNC-IN-SUBMIT ep=0x81 len=0 type=BULK (in, awaiting data)
[1984] +67.377130 ASYNC-IN-DONE ep=0x81 len=0 status=2 actual=0
[1985] +67.377229 ASYNC-IN-SUBMIT ep=0x81 len=0 type=BULK (in, awaiting data)
[1986] +67.490113 ASYNC-IN-DONE ep=0x81 len=0 status=2 actual=0
[1987] +67.490202 ASYNC-IN-SUBMIT ep=0x81 len=0 type=BULK (in, awaiting data)
[1988] +67.543830 ASYNC-IN-DONE ep=0x81 len=16 status=0 actual=16
	0000  08 00 00 18 ed 03 80 10  00 56 00 10 ae 02 00 00 |.........V......|
[1989] +67.543967 ASYNC-IN-SUBMIT ep=0x81 len=0 type=BULK (in, awaiting data)
[1990] +67.605874 ASYNC-IN-DONE ep=0x81 len=48 status=0 actual=48
	0000  27 00 00 18 f0 03 02 10  00 47 00 04 09 02 00 00 |'........G......|
	0010  00 00 04 00 17 00 00 00  82 69 16 6a 84 52 00 44 |.........i.j.R.D|
	0020  09 79 19 6a 82 76 cd 00  9d 77 ca 3f 35 c5 d6 81 |.y.j.v...w.?5...|
[1991] +67.606043 ASYNC-IN-SUBMIT ep=0x81 len=0 type=BULK (in, awaiting data)
[1992] +67.620616 ASYNC-OUT ep=0x01 len=16 type=BULK 
	0000  08 00 00 18 02 10 f0 03  00 45 00 08 c5 10 00 00 |.........E......|
[1993] +67.620903 ASYNC-OUT-DONE ep=0x01 len=0 status=0 actual=16
[1994] +67.625897 ASYNC-IN-DONE ep=0x81 len=48 status=0 actual=48
	0000  27 00 00 18 f0 03 02 10  00 48 00 04 09 02 00 00 |'........H......|
	0010  00 00 04 00 17 00 00 00  82 69 16 6a 84 52 00 44 |.........i.j.R.D|
	0020  09 79 19 6a 82 76 cd 00  9d 77 ca 3f 38 55 32 81 |.y.j.v...w.?8U2.|
[1995] +67.625997 ASYNC-IN-SUBMIT ep=0x81 len=0 type=BULK (in, awaiting data)
[1996] +67.635796 ASYNC-IN-DONE ep=0x81 len=48 status=0 actual=48
	0000  27 00 00 18 f0 03 02 10  00 49 00 04 09 02 00 00 |'........I......|
	0010  00 00 04 00 17 00 00 00  82 69 16 6a 84 52 00 44 |.........i.j.R.D|
	0020  09 79 19 6a 82 76 cd 00  9d 77 ca 3f 3a e4 8f 81 |.y.j.v...w.?:...|
[1997] +67.635911 ASYNC-IN-SUBMIT ep=0x81 len=0 type=BULK (in, awaiting data)
[1998] +67.645772 ASYNC-IN-DONE ep=0x81 len=48 status=0 actual=48
	0000  27 00 00 18 f0 03 02 10  00 4a 00 04 09 02 00 00 |'........J......|
	0010  00 00 04 00 17 00 00 00  82 69 16 6a 84 52 00 44 |.........i.j.R.D|
	0020  09 79 19 6a 82 76 cd 00  9d 77 ca 3f 3d 73 eb 81 |.y.j.v...w.?=s..|
[1999] +67.645877 ASYNC-IN-SUBMIT ep=0x81 len=0 type=BULK (in, awaiting data)
[2000] +67.665842 ASYNC-IN-DONE ep=0x81 len=48 status=0 actual=48
	0000  27 00 00 18 f0 03 02 10  00 4b 00 04 09 02 00 00 |'........K......|
	0010  00 00 04 00 17 00 00 00  82 69 16 6a 84 52 00 44 |.........i.j.R.D|
	0020  09 79 19 6a 82 76 cd 00  9d 77 ca 3f 40 03 47 81 |.y.j.v...w.?@.G.|
[2001] +67.666005 ASYNC-IN-SUBMIT ep=0x81 len=0 type=BULK (in, awaiting data)
[2002] +67.672651 ASYNC-OUT ep=0x01 len=16 type=BULK 
	0000  08 00 00 18 02 10 f0 03  00 46 00 08 41 11 00 00 |.........F..A...|
[2003] +67.672862 ASYNC-OUT-DONE ep=0x01 len=0 status=0 actual=16
[2004] +67.675685 ASYNC-IN-DONE ep=0x81 len=48 status=0 actual=48
	0000  27 00 00 18 f0 03 02 10  00 4c 00 04 09 02 00 00 |'........L......|
	0010  00 00 04 00 17 00 00 00  82 69 16 6a 84 52 00 44 |.........i.j.R.D|
	0020  09 79 19 6a 82 76 cd 00  9d 77 ca 3f 42 92 a3 81 |.y.j.v...w.?B...|
[2005] +67.675780 ASYNC-IN-SUBMIT ep=0x81 len=0 type=BULK (in, awaiting data)
[2006] +67.685740 ASYNC-IN-DONE ep=0x81 len=48 status=0 actual=48
	0000  27 00 00 18 f0 03 02 10  00 4d 00 04 09 02 00 00 |'........M......|
	0010  00 00 04 00 17 00 00 00  82 69 16 6a 84 52 00 44 |.........i.j.R.D|
	0020  09 79 19 6a 82 76 cd 00  9d 77 ca 3f 45 21 ff 81 |.y.j.v...w.?E!..|
[2007] +67.685855 ASYNC-IN-SUBMIT ep=0x81 len=0 type=BULK (in, awaiting data)
[2008] +67.695951 ASYNC-IN-DONE ep=0x81 len=48 status=0 actual=48
	0000  27 00 00 18 f0 03 02 10  00 4e 00 04 09 02 00 00 |'........N......|
	0010  00 00 04 00 17 00 00 00  82 69 16 6a 84 52 00 44 |.........i.j.R.D|
	0020  09 79 19 6a 82 76 cd 00  9d 77 ca 3f 47 b1 5b 81 |.y.j.v...w.?G.[.|
[2009] +67.696057 ASYNC-IN-SUBMIT ep=0x81 len=0 type=BULK (in, awaiting data)
[2010] +67.706080 ASYNC-IN-DONE ep=0x81 len=48 status=0 actual=48
	0000  27 00 00 18 f0 03 02 10  00 4f 00 04 09 02 00 00 |'........O......|
	0010  00 00 04 00 17 00 00 00  82 69 16 6a 84 52 00 44 |.........i.j.R.D|
	0020  09 79 19 6a 82 76 cd 00  9d 77 ca 3f 4c d0 14 81 |.y.j.v...w.?L...|
[2011] +67.706188 ASYNC-IN-SUBMIT ep=0x81 len=0 type=BULK (in, awaiting data)
[2012] +67.717013 ASYNC-IN-DONE ep=0x81 len=48 status=0 actual=48
	0000  27 00 00 18 f0 03 02 10  00 50 00 04 09 02 00 00 |'........P......|
	0010  00 00 04 00 17 00 00 00  82 69 16 6a 84 52 00 44 |.........i.j.R.D|
	0020  09 79 19 6a 82 76 cd 00  9d 77 ca 3f 4f 5f 70 81 |.y.j.v...w.?O_p.|
[2013] +67.717130 ASYNC-IN-SUBMIT ep=0x81 len=0 type=BULK (in, awaiting data)
[2014] +67.724728 ASYNC-OUT ep=0x01 len=16 type=BULK 
	0000  08 00 00 18 02 10 f0 03  00 47 00 08 dc 11 00 00 |.........G......|
[2015] +67.725025 ASYNC-OUT-DONE ep=0x01 len=0 status=0 actual=16
[2016] +67.725903 ASYNC-IN-DONE ep=0x81 len=48 status=0 actual=48
	0000  27 00 00 18 f0 03 02 10  00 51 00 04 09 02 00 00 |'........Q......|
	0010  00 00 04 00 17 00 00 00  82 69 16 6a 84 52 00 44 |.........i.j.R.D|
	0020  09 79 19 6a 82 76 cd 00  9d 77 ca 3f 51 ee cc 81 |.y.j.v...w.?Q...|
[2017] +67.725953 ASYNC-IN-SUBMIT ep=0x81 len=0 type=BULK (in, awaiting data)
[2018] +67.735752 ASYNC-IN-DONE ep=0x81 len=48 status=0 actual=48
	0000  27 00 00 18 f0 03 02 10  00 52 00 04 09 02 00 00 |'........R......|
	0010  00 00 04 00 17 00 00 00  82 69 16 6a 84 52 00 44 |.........i.j.R.D|
	0020  09 79 19 6a 82 76 cd 00  9d 77 ca 3f 54 7e 28 81 |.y.j.v...w.?T~(.|
[2019] +67.735908 ASYNC-IN-SUBMIT ep=0x81 len=0 type=BULK (in, awaiting data)
[2020] +67.744234 ASYNC-IN-DONE ep=0x81 len=16 status=0 actual=16
	0000  08 00 00 18 ef 03 01 10  00 56 00 10 65 02 00 00 |.........V..e...|
[2021] +67.744296 ASYNC-IN-SUBMIT ep=0x81 len=0 type=BULK (in, awaiting data)
[2022] +67.745686 ASYNC-IN-DONE ep=0x81 len=48 status=0 actual=48
	0000  27 00 00 18 f0 03 02 10  00 53 00 04 09 02 00 00 |'........S......|
	0010  00 00 04 00 17 00 00 00  82 69 16 6a 84 52 00 44 |.........i.j.R.D|
	0020  09 79 19 6a 82 76 cd 00  9d 77 ca 3f 59 9c e0 81 |.y.j.v...w.?Y...|
[2023] +67.745776 ASYNC-IN-SUBMIT ep=0x81 len=0 type=BULK (in, awaiting data)
[2024] +67.755634 ASYNC-IN-DONE ep=0x81 len=48 status=0 actual=48
	0000  27 00 00 18 f0 03 02 10  00 54 00 04 09 02 00 00 |'........T......|
	0010  00 00 04 00 17 00 00 00  82 69 16 6a 84 52 00 44 |.........i.j.R.D|
	0020  09 79 19 6a 82 76 cd 00  9d 77 ca 3f 5e bb 99 81 |.y.j.v...w.?^...|
[2025] +67.755745 ASYNC-IN-SUBMIT ep=0x81 len=0 type=BULK (in, awaiting data)
[2026] +67.765669 ASYNC-IN-DONE ep=0x81 len=48 status=0 actual=48
	0000  27 00 00 18 f0 03 02 10  00 55 00 04 09 02 00 00 |'........U......|
	0010  00 00 04 00 17 00 00 00  82 69 16 6a 84 52 00 44 |.........i.j.R.D|
	0020  09 79 19 6a 82 76 cd 00  9d 77 ca 3f 66 69 ad 81 |.y.j.v...w.?fi..|
[2027] +67.765762 ASYNC-IN-SUBMIT ep=0x81 len=0 type=BULK (in, awaiting data)
[2028] +67.775685 ASYNC-IN-DONE ep=0x81 len=48 status=0 actual=48
	0000  27 00 00 18 f0 03 02 10  00 56 00 04 09 02 00 00 |'........V......|
	0010  00 00 04 00 17 00 00 00  82 69 16 6a 84 52 00 44 |.........i.j.R.D|
	0020  09 79 19 6a 82 76 cd 00  9d 77 ca 3f 6e 17 c2 81 |.y.j.v...w.?n...|
[2029] +67.775825 ASYNC-IN-SUBMIT ep=0x81 len=0 type=BULK (in, awaiting data)
[2030] +67.776766 ASYNC-OUT ep=0x01 len=16 type=BULK 
	0000  08 00 00 18 02 10 f0 03  00 48 00 08 96 12 00 00 |.........H......|
[2031] +67.776984 ASYNC-OUT-DONE ep=0x01 len=0 status=0 actual=16
[2032] +67.785679 ASYNC-IN-DONE ep=0x81 len=48 status=0 actual=48
	0000  27 00 00 18 f0 03 02 10  00 57 00 04 09 02 00 00 |'........W......|
	0010  00 00 04 00 17 00 00 00  82 69 16 6a 84 52 00 44 |.........i.j.R.D|
	0020  09 79 19 6a 82 76 cd 00  9d 77 ca 3f 78 55 32 81 |.y.j.v...w.?xU2.|
[2033] +67.785824 ASYNC-IN-SUBMIT ep=0x81 len=0 type=BULK (in, awaiting data)
[2034] +67.795676 ASYNC-IN-DONE ep=0x81 len=48 status=0 actual=48
	0000  27 00 00 18 f0 03 02 10  00 58 00 04 09 02 00 00 |'........X......|
	0010  00 00 04 00 17 00 00 00  82 69 16 6a 84 52 00 44 |.........i.j.R.D|
	0020  09 79 19 6a 82 76 cd 00  9d 77 ca 3f 80 01 a3 81 |.y.j.v...w.?....|
[2035] +67.795789 ASYNC-IN-SUBMIT ep=0x81 len=0 type=BULK (in, awaiting data)
[2036] +67.828710 ASYNC-OUT ep=0x01 len=16 type=BULK 
	0000  08 00 00 18 02 10 f0 03  00 49 00 08 d4 12 00 00 |.........I......|
[2037] +67.828945 ASYNC-OUT-DONE ep=0x01 len=0 status=0 actual=16
[2038] +67.908052 ASYNC-IN-DONE ep=0x81 len=0 status=2 actual=0
[2039] +67.908127 ASYNC-IN-SUBMIT ep=0x81 len=0 type=BULK (in, awaiting data)
[2040] +67.932840 ASYNC-OUT ep=0x01 len=16 type=BULK 
	0000  08 00 00 18 80 10 ed 03  00 53 00 10 fd 1a 00 00 |.........S......|
[2041] +67.933122 ASYNC-OUT-DONE ep=0x01 len=0 status=0 actual=16
[2042] +68.013007 ASYNC-IN-DONE ep=0x81 len=0 status=2 actual=0
[2043] +68.013098 ASYNC-IN-SUBMIT ep=0x81 len=0 type=BULK (in, awaiting data)
[2044] +68.125721 ASYNC-IN-DONE ep=0x81 len=0 status=2 actual=0
[2045] +68.125823 ASYNC-IN-SUBMIT ep=0x81 len=0 type=BULK (in, awaiting data)
[2046] +68.192952 ASYNC-OUT ep=0x01 len=16 type=BULK 
	0000  08 00 00 18 01 10 ef 03  00 54 00 10 93 1e 00 00 |.........T......|
[2047] +68.193294 ASYNC-OUT-DONE ep=0x01 len=0 status=0 actual=16
[2048] +68.237582 ASYNC-IN-DONE ep=0x81 len=0 status=2 actual=0
[2049] +68.237660 ASYNC-IN-SUBMIT ep=0x81 len=0 type=BULK (in, awaiting data)
[2050] +68.346527 ASYNC-IN-DONE ep=0x81 len=0 status=2 actual=0
[2051] +68.346623 ASYNC-IN-SUBMIT ep=0x81 len=0 type=BULK (in, awaiting data)
[2052] +68.459443 ASYNC-IN-DONE ep=0x81 len=0 status=2 actual=0
[2053] +68.459540 ASYNC-IN-SUBMIT ep=0x81 len=0 type=BULK (in, awaiting data)
[2054] +68.545269 ASYNC-IN-DONE ep=0x81 len=16 status=0 actual=16
	0000  08 00 00 18 ed 03 80 10  00 57 00 10 ae 02 00 00 |.........W......|
[2055] +68.545402 ASYNC-IN-SUBMIT ep=0x81 len=0 type=BULK (in, awaiting data)
[2056] +68.653817 ASYNC-IN-DONE ep=0x81 len=0 status=2 actual=0
[2057] +68.653897 ASYNC-IN-SUBMIT ep=0x81 len=0 type=BULK (in, awaiting data)
[2058] +68.745650 ASYNC-IN-DONE ep=0x81 len=16 status=0 actual=16
	0000  08 00 00 18 ef 03 01 10  00 57 00 10 65 02 00 00 |.........W..e...|
[2059] +68.745771 ASYNC-IN-SUBMIT ep=0x81 len=0 type=BULK (in, awaiting data)
[2060] +68.745959 ASYNC-IN-DONE ep=0x81 len=16 status=0 actual=16
	0000  08 00 00 18 f0 03 02 10  00 59 00 10 09 02 00 00 |.........Y......|
[2061] +68.746013 ASYNC-IN-SUBMIT ep=0x81 len=0 type=BULK (in, awaiting data)
[2062] +68.855138 ASYNC-IN-DONE ep=0x81 len=0 status=2 actual=0
[2063] +68.855233 ASYNC-IN-SUBMIT ep=0x81 len=0 type=BULK (in, awaiting data)
[2064] +68.868821 ASYNC-OUT ep=0x01 len=16 type=BULK 
	0000  08 00 00 18 02 10 f0 03  00 4a 00 10 d4 12 00 00 |.........J......|
[2065] +68.869070 ASYNC-OUT-DONE ep=0x01 len=0 status=0 actual=16
[2066] +68.964055 ASYNC-IN-DONE ep=0x81 len=0 status=2 actual=0
[2067] +68.964134 ASYNC-IN-SUBMIT ep=0x81 len=0 type=BULK (in, awaiting data)
[2068] +68.972904 ASYNC-OUT ep=0x01 len=16 type=BULK 
	0000  08 00 00 18 80 10 ed 03  00 54 00 10 fd 1a 00 00 |.........T......|
[2069] +68.973110 ASYNC-OUT-DONE ep=0x01 len=0 status=0 actual=16
[2070] +69.071920 ASYNC-IN-DONE ep=0x81 len=0 status=2 actual=0
[2071] +69.071991 ASYNC-IN-SUBMIT ep=0x81 len=0 type=BULK (in, awaiting data)
[2072] +69.184591 ASYNC-IN-DONE ep=0x81 len=0 status=2 actual=0
[2073] +69.184691 ASYNC-IN-SUBMIT ep=0x81 len=0 type=BULK (in, awaiting data)
[2074] +69.232260 ASYNC-OUT ep=0x01 len=16 type=BULK 
	0000  08 00 00 18 01 10 ef 03  00 55 00 10 93 1e 00 00 |.........U......|
[2075] +69.232609 ASYNC-OUT-DONE ep=0x01 len=0 status=0 actual=16
[2076] +69.288179 ASYNC-IN-DONE ep=0x81 len=0 status=2 actual=0
[2077] +69.288264 ASYNC-IN-SUBMIT ep=0x81 len=0 type=BULK (in, awaiting data)
[2078] +69.401071 ASYNC-IN-DONE ep=0x81 len=0 status=2 actual=0
[2079] +69.401178 ASYNC-IN-SUBMIT ep=0x81 len=0 type=BULK (in, awaiting data)
[2080] +69.513136 ASYNC-IN-DONE ep=0x81 len=0 status=2 actual=0
[2081] +69.513223 ASYNC-IN-SUBMIT ep=0x81 len=0 type=BULK (in, awaiting data)
[2082] +69.548531 ASYNC-IN-DONE ep=0x81 len=16 status=0 actual=16
	0000  08 00 00 18 ed 03 80 10  00 58 00 10 ae 02 00 00 |.........X......|
[2083] +69.548657 ASYNC-IN-SUBMIT ep=0x81 len=0 type=BULK (in, awaiting data)
[2084] +69.653054 ASYNC-IN-DONE ep=0x81 len=0 status=2 actual=0
[2085] +69.653134 ASYNC-IN-SUBMIT ep=0x81 len=0 type=BULK (in, awaiting data)
[2086] +69.748945 ASYNC-IN-DONE ep=0x81 len=16 status=0 actual=16
	0000  08 00 00 18 ef 03 01 10  00 58 00 10 65 02 00 00 |.........X..e...|
[2087] +69.749072 ASYNC-IN-SUBMIT ep=0x81 len=0 type=BULK (in, awaiting data)
[2088] +69.749384 ASYNC-IN-DONE ep=0x81 len=16 status=0 actual=16
	0000  08 00 00 18 f0 03 02 10  00 5a 00 10 09 02 00 00 |.........Z......|
[2089] +69.749440 ASYNC-IN-SUBMIT ep=0x81 len=0 type=BULK (in, awaiting data)
[2090] +69.859047 ASYNC-IN-DONE ep=0x81 len=0 status=2 actual=0
[2091] +69.859114 ASYNC-IN-SUBMIT ep=0x81 len=0 type=BULK (in, awaiting data)
[2092] +69.908057 ASYNC-OUT ep=0x01 len=16 type=BULK 
	0000  08 00 00 18 02 10 f0 03  00 4b 00 10 d4 12 00 00 |.........K......|
[2093] +69.908344 ASYNC-OUT-DONE ep=0x01 len=0 status=0 actual=16
[2094] +69.960233 ASYNC-IN-DONE ep=0x81 len=0 status=2 actual=0
[2095] +69.960303 ASYNC-IN-SUBMIT ep=0x81 len=0 type=BULK (in, awaiting data)
[2096] +70.011750 ASYNC-OUT ep=0x01 len=16 type=BULK 
	0000  08 00 00 18 80 10 ed 03  00 55 00 10 fd 1a 00 00 |.........U......|
[2097] +70.012063 ASYNC-OUT-DONE ep=0x01 len=0 status=0 actual=16
[2098] +70.063954 ASYNC-IN-DONE ep=0x81 len=0 status=2 actual=0
[2099] +70.064059 ASYNC-IN-SUBMIT ep=0x81 len=0 type=BULK (in, awaiting data)
[2100] +70.172017 ASYNC-IN-DONE ep=0x81 len=0 status=2 actual=0
[2101] +70.172115 ASYNC-IN-SUBMIT ep=0x81 len=0 type=BULK (in, awaiting data)
[2102] +70.272002 ASYNC-OUT ep=0x01 len=16 type=BULK 
	0000  08 00 00 18 01 10 ef 03  00 56 00 10 93 1e 00 00 |.........V......|
[2103] +70.272268 ASYNC-OUT-DONE ep=0x01 len=0 status=0 actual=16
[2104] +70.279147 ASYNC-IN-DONE ep=0x81 len=0 status=2 actual=0
[2105] +70.279222 ASYNC-IN-SUBMIT ep=0x81 len=0 type=BULK (in, awaiting data)
[2106] +70.392063 ASYNC-IN-DONE ep=0x81 len=0 status=2 actual=0
[2107] +70.392161 ASYNC-IN-SUBMIT ep=0x81 len=0 type=BULK (in, awaiting data)
[2108] +70.504981 ASYNC-IN-DONE ep=0x81 len=0 status=2 actual=0
[2109] +70.505068 ASYNC-IN-SUBMIT ep=0x81 len=0 type=BULK (in, awaiting data)
[2110] +70.552353 ASYNC-IN-DONE ep=0x81 len=16 status=0 actual=16
	0000  08 00 00 18 ed 03 80 10  00 59 00 10 ae 02 00 00 |.........Y......|
[2111] +70.552524 ASYNC-IN-SUBMIT ep=0x81 len=0 type=BULK (in, awaiting data)
[2112] +70.663263 ASYNC-IN-DONE ep=0x81 len=0 status=2 actual=0
[2113] +70.663355 ASYNC-IN-SUBMIT ep=0x81 len=0 type=BULK (in, awaiting data)
[2114] +70.752779 ASYNC-IN-DONE ep=0x81 len=16 status=0 actual=16
	0000  08 00 00 18 ef 03 01 10  00 59 00 10 65 02 00 00 |.........Y..e...|
[2115] +70.752914 ASYNC-IN-SUBMIT ep=0x81 len=0 type=BULK (in, awaiting data)
[2116] +70.753101 ASYNC-IN-DONE ep=0x81 len=16 status=0 actual=16
	0000  08 00 00 18 f0 03 02 10  00 5b 00 10 09 02 00 00 |.........[......|
[2117] +70.753155 ASYNC-IN-SUBMIT ep=0x81 len=0 type=BULK (in, awaiting data)
[2118] +70.863190 ASYNC-IN-DONE ep=0x81 len=0 status=2 actual=0
[2119] +70.863277 ASYNC-IN-SUBMIT ep=0x81 len=0 type=BULK (in, awaiting data)
[2120] +70.944855 ASYNC-OUT ep=0x01 len=16 type=BULK 
	0000  08 00 00 18 02 10 f0 03  00 4c 00 10 d4 12 00 00 |.........L......|
[2121] +70.945235 ASYNC-OUT-DONE ep=0x01 len=0 status=0 actual=16
[2122] +70.976027 ASYNC-IN-DONE ep=0x81 len=0 status=2 actual=0
[2123] +70.976103 ASYNC-IN-SUBMIT ep=0x81 len=0 type=BULK (in, awaiting data)
[2124] +71.048095 ASYNC-OUT ep=0x01 len=16 type=BULK 
	0000  08 00 00 18 80 10 ed 03  00 56 00 10 fd 1a 00 00 |.........V......|
[2125] +71.048413 ASYNC-OUT-DONE ep=0x01 len=0 status=0 actual=16
[2126] +71.087887 ASYNC-IN-DONE ep=0x81 len=0 status=2 actual=0
[2127] +71.087980 ASYNC-IN-SUBMIT ep=0x81 len=0 type=BULK (in, awaiting data)
[2128] +71.194215 ASYNC-IN-DONE ep=0x81 len=0 status=2 actual=0
[2129] +71.194442 ASYNC-IN-SUBMIT ep=0x81 len=0 type=BULK (in, awaiting data)
[2130] +71.302844 ASYNC-IN-DONE ep=0x81 len=0 status=2 actual=0
[2131] +71.302942 ASYNC-IN-SUBMIT ep=0x81 len=0 type=BULK (in, awaiting data)
[2132] +71.307766 ASYNC-OUT ep=0x01 len=16 type=BULK 
	0000  08 00 00 18 01 10 ef 03  00 57 00 10 93 1e 00 00 |.........W......|
[2133] +71.308024 ASYNC-OUT-DONE ep=0x01 len=0 status=0 actual=16
[2134] +71.415770 ASYNC-IN-DONE ep=0x81 len=0 status=2 actual=0
[2135] +71.415858 ASYNC-IN-SUBMIT ep=0x81 len=0 type=BULK (in, awaiting data)
[2136] +71.525229 ASYNC-IN-DONE ep=0x81 len=0 status=2 actual=0
[2137] +71.525319 ASYNC-IN-SUBMIT ep=0x81 len=0 type=BULK (in, awaiting data)
[2138] +71.553811 ASYNC-IN-DONE ep=0x81 len=16 status=0 actual=16
	0000  08 00 00 18 ed 03 80 10  00 5a 00 10 ae 02 00 00 |.........Z......|
[2139] +71.553964 ASYNC-IN-SUBMIT ep=0x81 len=0 type=BULK (in, awaiting data)
[2140] +71.666842 ASYNC-IN-DONE ep=0x81 len=0 status=2 actual=0
[2141] +71.666944 ASYNC-IN-SUBMIT ep=0x81 len=0 type=BULK (in, awaiting data)
[2142] +71.754165 ASYNC-IN-DONE ep=0x81 len=16 status=0 actual=16
	0000  08 00 00 18 ef 03 01 10  00 5a 00 10 65 02 00 00 |.........Z..e...|
[2143] +71.754299 ASYNC-IN-SUBMIT ep=0x81 len=0 type=BULK (in, awaiting data)
[2144] +71.754489 ASYNC-IN-DONE ep=0x81 len=16 status=0 actual=16
	0000  08 00 00 18 f0 03 02 10  00 5c 00 10 09 02 00 00 |.........\......|
[2145] +71.754566 ASYNC-IN-SUBMIT ep=0x81 len=0 type=BULK (in, awaiting data)
[2146] +71.867369 ASYNC-IN-DONE ep=0x81 len=0 status=2 actual=0
[2147] +71.867463 ASYNC-IN-SUBMIT ep=0x81 len=0 type=BULK (in, awaiting data)
[2148] +71.980301 ASYNC-IN-DONE ep=0x81 len=0 status=2 actual=0
[2149] +71.980401 ASYNC-IN-SUBMIT ep=0x81 len=0 type=BULK (in, awaiting data)
[2150] +71.982672 ASYNC-OUT ep=0x01 len=16 type=BULK 
	0000  08 00 00 18 02 10 f0 03  00 4d 00 10 d4 12 00 00 |.........M......|
[2151] +71.982936 ASYNC-OUT-DONE ep=0x01 len=0 status=0 actual=16
[2152] +72.086772 ASYNC-OUT ep=0x01 len=16 type=BULK 
	0000  08 00 00 18 80 10 ed 03  00 57 00 10 fd 1a 00 00 |.........W......|
[2153] +72.087110 ASYNC-OUT-DONE ep=0x01 len=0 status=0 actual=16
[2154] +72.093195 ASYNC-IN-DONE ep=0x81 len=0 status=2 actual=0
[2155] +72.093276 ASYNC-IN-SUBMIT ep=0x81 len=0 type=BULK (in, awaiting data)
[2156] +72.206076 ASYNC-IN-DONE ep=0x81 len=0 status=2 actual=0
[2157] +72.206171 ASYNC-IN-SUBMIT ep=0x81 len=0 type=BULK (in, awaiting data)
[2158] +72.317930 ASYNC-IN-DONE ep=0x81 len=0 status=2 actual=0
[2159] +72.318221 ASYNC-IN-SUBMIT ep=0x81 len=0 type=BULK (in, awaiting data)
[2160] +72.346034 ASYNC-OUT ep=0x01 len=16 type=BULK 
	0000  08 00 00 18 01 10 ef 03  00 58 00 10 93 1e 00 00 |.........X......|
[2161] +72.346409 ASYNC-OUT-DONE ep=0x01 len=0 status=0 actual=16
[2162] +72.420553 ASYNC-IN-DONE ep=0x81 len=0 status=2 actual=0
[2163] +72.420713 ASYNC-IN-SUBMIT ep=0x81 len=0 type=BULK (in, awaiting data)
[2164] +72.533594 ASYNC-IN-DONE ep=0x81 len=0 status=2 actual=0
[2165] +72.533689 ASYNC-IN-SUBMIT ep=0x81 len=0 type=BULK (in, awaiting data)
[2166] +72.557233 ASYNC-IN-DONE ep=0x81 len=16 status=0 actual=16
	0000  08 00 00 18 ed 03 80 10  00 5b 00 10 ae 02 00 00 |.........[......|
[2167] +72.557422 ASYNC-IN-SUBMIT ep=0x81 len=0 type=BULK (in, awaiting data)
[2168] +72.658517 ASYNC-IN-DONE ep=0x81 len=0 status=2 actual=0
[2169] +72.658630 ASYNC-IN-SUBMIT ep=0x81 len=0 type=BULK (in, awaiting data)
[2170] +72.757589 ASYNC-IN-DONE ep=0x81 len=16 status=0 actual=16
	0000  08 00 00 18 ef 03 01 10  00 5b 00 10 65 02 00 00 |.........[..e...|
[2171] +72.757744 ASYNC-IN-SUBMIT ep=0x81 len=0 type=BULK (in, awaiting data)
[2172] +72.757952 ASYNC-IN-DONE ep=0x81 len=16 status=0 actual=16
	0000  08 00 00 18 f0 03 02 10  00 5d 00 10 09 02 00 00 |.........]......|
[2173] +72.758028 ASYNC-IN-SUBMIT ep=0x81 len=0 type=BULK (in, awaiting data)
[2174] +72.863926 ASYNC-IN-DONE ep=0x81 len=0 status=2 actual=0
[2175] +72.864028 ASYNC-IN-SUBMIT ep=0x81 len=0 type=BULK (in, awaiting data)
[2176] +72.976804 ASYNC-IN-DONE ep=0x81 len=0 status=2 actual=0
[2177] +72.976900 ASYNC-IN-SUBMIT ep=0x81 len=0 type=BULK (in, awaiting data)
[2178] +73.022376 ASYNC-OUT ep=0x01 len=16 type=BULK 
	0000  08 00 00 18 02 10 f0 03  00 4e 00 10 d4 12 00 00 |.........N......|
[2179] +73.022769 ASYNC-OUT-DONE ep=0x01 len=0 status=0 actual=16
[2180] +73.080596 ASYNC-IN-DONE ep=0x81 len=0 status=2 actual=0
[2181] +73.080686 ASYNC-IN-SUBMIT ep=0x81 len=0 type=BULK (in, awaiting data)
[2182] +73.126498 ASYNC-OUT ep=0x01 len=16 type=BULK 
	0000  08 00 00 18 80 10 ed 03  00 58 00 10 fd 1a 00 00 |.........X......|
[2183] +73.126849 ASYNC-OUT-DONE ep=0x01 len=0 status=0 actual=16
[2184] +73.187654 ASYNC-IN-DONE ep=0x81 len=0 status=2 actual=0
[2185] +73.187746 ASYNC-IN-SUBMIT ep=0x81 len=0 type=BULK (in, awaiting data)
[2186] +73.296486 ASYNC-IN-DONE ep=0x81 len=0 status=2 actual=0
[2187] +73.296589 ASYNC-IN-SUBMIT ep=0x81 len=0 type=BULK (in, awaiting data)
[2188] +73.385141 ASYNC-OUT ep=0x01 len=16 type=BULK 
	0000  08 00 00 18 01 10 ef 03  00 59 00 10 93 1e 00 00 |.........Y......|
[2189] +73.385476 ASYNC-OUT-DONE ep=0x01 len=0 status=0 actual=16
[2190] +73.408233 ASYNC-IN-DONE ep=0x81 len=0 status=2 actual=0
[2191] +73.408333 ASYNC-IN-SUBMIT ep=0x81 len=0 type=BULK (in, awaiting data)
[2192] +73.518124 ASYNC-IN-DONE ep=0x81 len=0 status=2 actual=0
[2193] +73.518206 ASYNC-IN-SUBMIT ep=0x81 len=0 type=BULK (in, awaiting data)
[2194] +73.558729 ASYNC-IN-DONE ep=0x81 len=16 status=0 actual=16
	0000  08 00 00 18 ed 03 80 10  00 5c 00 10 ae 02 00 00 |.........\......|
[2195] +73.558878 ASYNC-IN-SUBMIT ep=0x81 len=0 type=BULK (in, awaiting data)
[2196] +73.660970 ASYNC-IN-DONE ep=0x81 len=0 status=2 actual=0
[2197] +73.661082 ASYNC-IN-SUBMIT ep=0x81 len=0 type=BULK (in, awaiting data)
[2198] +73.759108 ASYNC-IN-DONE ep=0x81 len=16 status=0 actual=16
	0000  08 00 00 18 ef 03 01 10  00 5c 00 10 65 02 00 00 |.........\..e...|
[2199] +73.759201 ASYNC-IN-SUBMIT ep=0x81 len=0 type=BULK (in, awaiting data)
[2200] +73.759369 ASYNC-IN-DONE ep=0x81 len=16 status=0 actual=16
	0000  08 00 00 18 f0 03 02 10  00 5e 00 10 09 02 00 00 |.........^......|
[2201] +73.759405 ASYNC-IN-SUBMIT ep=0x81 len=0 type=BULK (in, awaiting data)
[2202] +73.860450 ASYNC-IN-DONE ep=0x81 len=0 status=2 actual=0
[2203] +73.860558 ASYNC-IN-SUBMIT ep=0x81 len=0 type=BULK (in, awaiting data)
[2204] +73.973395 ASYNC-IN-DONE ep=0x81 len=0 status=2 actual=0
[2205] +73.973503 ASYNC-IN-SUBMIT ep=0x81 len=0 type=BULK (in, awaiting data)
[2206] +74.060717 ASYNC-OUT ep=0x01 len=16 type=BULK 
	0000  08 00 00 18 02 10 f0 03  00 4f 00 10 d4 12 00 00 |.........O......|
[2207] +74.061076 ASYNC-OUT-DONE ep=0x01 len=0 status=0 actual=16
[2208] +74.082745 ASYNC-IN-DONE ep=0x81 len=0 status=2 actual=0
[2209] +74.082815 ASYNC-IN-SUBMIT ep=0x81 len=0 type=BULK (in, awaiting data)
[2210] +74.164858 ASYNC-OUT ep=0x01 len=16 type=BULK 
	0000  08 00 00 18 80 10 ed 03  00 59 00 10 fd 1a 00 00 |.........Y......|
[2211] +74.165185 ASYNC-OUT-DONE ep=0x01 len=0 status=0 actual=16
[2212] +74.189826 ASYNC-IN-DONE ep=0x81 len=0 status=2 actual=0
[2213] +74.189880 ASYNC-IN-SUBMIT ep=0x81 len=0 type=BULK (in, awaiting data)
[2214] +74.302696 ASYNC-IN-DONE ep=0x81 len=0 status=2 actual=0
[2215] +74.302803 ASYNC-IN-SUBMIT ep=0x81 len=0 type=BULK (in, awaiting data)
[2216] +74.413196 ASYNC-IN-DONE ep=0x81 len=0 status=2 actual=0
[2217] +74.413306 ASYNC-IN-SUBMIT ep=0x81 len=0 type=BULK (in, awaiting data)
[2218] +74.424078 ASYNC-OUT ep=0x01 len=16 type=BULK 
	0000  08 00 00 18 01 10 ef 03  00 5a 00 10 93 1e 00 00 |.........Z......|
[2219] +74.424337 ASYNC-OUT-DONE ep=0x01 len=0 status=0 actual=16
[2220] +74.522874 ASYNC-IN-DONE ep=0x81 len=0 status=2 actual=0
[2221] +74.522954 ASYNC-IN-SUBMIT ep=0x81 len=0 type=BULK (in, awaiting data)
[2222] +74.560416 ASYNC-IN-DONE ep=0x81 len=16 status=0 actual=16
	0000  08 00 00 18 ed 03 80 10  00 5d 00 10 ae 02 00 00 |.........]......|
[2223] +74.560658 ASYNC-IN-SUBMIT ep=0x81 len=0 type=BULK (in, awaiting data)
[2224] +74.671560 ASYNC-IN-DONE ep=0x81 len=0 status=2 actual=0
[2225] +74.671641 ASYNC-IN-SUBMIT ep=0x81 len=0 type=BULK (in, awaiting data)
[2226] +74.760741 ASYNC-IN-DONE ep=0x81 len=16 status=0 actual=16
	0000  08 00 00 18 ef 03 01 10  00 5d 00 10 65 02 00 00 |.........]..e...|
[2227] +74.760854 ASYNC-IN-SUBMIT ep=0x81 len=0 type=BULK (in, awaiting data)
[2228] +74.760986 ASYNC-IN-DONE ep=0x81 len=16 status=0 actual=16
	0000  08 00 00 18 f0 03 02 10  00 5f 00 10 09 02 00 00 |........._......|
[2229] +74.761032 ASYNC-IN-SUBMIT ep=0x81 len=0 type=BULK (in, awaiting data)
[2230] +74.871535 ASYNC-IN-DONE ep=0x81 len=0 status=2 actual=0
[2231] +74.871645 ASYNC-IN-SUBMIT ep=0x81 len=0 type=BULK (in, awaiting data)
[2232] +74.984475 ASYNC-IN-DONE ep=0x81 len=0 status=2 actual=0
[2233] +74.984565 ASYNC-IN-SUBMIT ep=0x81 len=0 type=BULK (in, awaiting data)
[2234] +75.085153 ASYNC-IN-DONE ep=0x81 len=0 status=2 actual=0
[2235] +75.085274 ASYNC-IN-SUBMIT ep=0x81 len=0 type=BULK (in, awaiting data)
[2236] +75.096361 ASYNC-OUT ep=0x01 len=16 type=BULK 
	0000  08 00 00 18 02 10 f0 03  00 50 00 10 d4 12 00 00 |.........P......|
[2237] +75.096615 ASYNC-OUT-DONE ep=0x01 len=0 status=0 actual=16
[2238] +75.195737 ASYNC-IN-DONE ep=0x81 len=0 status=2 actual=0
[2239] +75.195830 ASYNC-IN-SUBMIT ep=0x81 len=0 type=BULK (in, awaiting data)
[2240] +75.200191 ASYNC-OUT ep=0x01 len=16 type=BULK 
	0000  08 00 00 18 80 10 ed 03  00 5a 00 10 fd 1a 00 00 |.........Z......|
[2241] +75.200513 ASYNC-OUT-DONE ep=0x01 len=0 status=0 actual=16
[2242] +75.302903 ASYNC-IN-DONE ep=0x81 len=0 status=2 actual=0
[2243] +75.303037 ASYNC-IN-SUBMIT ep=0x81 len=0 type=BULK (in, awaiting data)
[2244] +75.411754 ASYNC-IN-DONE ep=0x81 len=0 status=2 actual=0
[2245] +75.411830 ASYNC-IN-SUBMIT ep=0x81 len=0 type=BULK (in, awaiting data)
[2246] +75.459606 ASYNC-OUT ep=0x01 len=16 type=BULK 
	0000  08 00 00 18 01 10 ef 03  00 5b 00 10 93 1e 00 00 |.........[......|
[2247] +75.459970 ASYNC-OUT-DONE ep=0x01 len=0 status=0 actual=16
[2248] +75.520615 ASYNC-IN-DONE ep=0x81 len=0 status=2 actual=0
[2249] +75.520733 ASYNC-IN-SUBMIT ep=0x81 len=0 type=BULK (in, awaiting data)
[2250] +75.561832 ASYNC-IN-DONE ep=0x81 len=16 status=0 actual=16
	0000  08 00 00 18 ed 03 80 10  00 5e 00 10 ae 02 00 00 |.........^......|
[2251] +75.561937 ASYNC-IN-SUBMIT ep=0x81 len=0 type=BULK (in, awaiting data)
[2252] +75.674767 ASYNC-IN-DONE ep=0x81 len=0 status=2 actual=0
[2253] +75.674848 ASYNC-IN-SUBMIT ep=0x81 len=0 type=BULK (in, awaiting data)
[2254] +75.762241 ASYNC-IN-DONE ep=0x81 len=16 status=0 actual=16
	0000  08 00 00 18 ef 03 01 10  00 5e 00 10 65 02 00 00 |.........^..e...|
[2255] +75.762385 ASYNC-IN-SUBMIT ep=0x81 len=0 type=BULK (in, awaiting data)
[2256] +75.762589 ASYNC-IN-DONE ep=0x81 len=16 status=0 actual=16
	0000  08 00 00 18 f0 03 02 10  00 60 00 10 09 02 00 00 |.........`......|
[2257] +75.762735 ASYNC-IN-SUBMIT ep=0x81 len=0 type=BULK (in, awaiting data)
[2258] +75.873081 ASYNC-IN-DONE ep=0x81 len=0 status=2 actual=0
[2259] +75.873160 ASYNC-IN-SUBMIT ep=0x81 len=0 type=BULK (in, awaiting data)
[2260] +75.982940 ASYNC-IN-DONE ep=0x81 len=0 status=2 actual=0
[2261] +75.983026 ASYNC-IN-SUBMIT ep=0x81 len=0 type=BULK (in, awaiting data)
[2262] +76.086323 ASYNC-IN-DONE ep=0x81 len=0 status=2 actual=0
[2263] +76.086443 ASYNC-IN-SUBMIT ep=0x81 len=0 type=BULK (in, awaiting data)
[2264] +76.133892 ASYNC-OUT ep=0x01 len=16 type=BULK 
	0000  08 00 00 18 02 10 f0 03  00 51 00 10 d4 12 00 00 |.........Q......|
[2265] +76.134225 ASYNC-OUT-DONE ep=0x01 len=0 status=0 actual=16
[2266] +76.190701 ASYNC-IN-DONE ep=0x81 len=0 status=2 actual=0
[2267] +76.190799 ASYNC-IN-SUBMIT ep=0x81 len=0 type=BULK (in, awaiting data)
[2268] +76.237999 ASYNC-OUT ep=0x01 len=16 type=BULK 
	0000  08 00 00 18 80 10 ed 03  00 5b 00 10 fd 1a 00 00 |.........[......|
[2269] +76.238341 ASYNC-OUT-DONE ep=0x01 len=0 status=0 actual=16
[2270] +76.301629 ASYNC-IN-DONE ep=0x81 len=0 status=2 actual=0
[2271] +76.301745 ASYNC-IN-SUBMIT ep=0x81 len=0 type=BULK (in, awaiting data)
[2272] +76.406070 ASYNC-IN-DONE ep=0x81 len=0 status=2 actual=0
[2273] +76.406152 ASYNC-IN-SUBMIT ep=0x81 len=0 type=BULK (in, awaiting data)
[2274] +76.497206 ASYNC-OUT ep=0x01 len=16 type=BULK 
	0000  08 00 00 18 01 10 ef 03  00 5c 00 10 93 1e 00 00 |.........\......|
[2275] +76.497503 ASYNC-OUT-DONE ep=0x01 len=0 status=0 actual=16
[2276] +76.514407 ASYNC-IN-DONE ep=0x81 len=0 status=2 actual=0
[2277] +76.514503 ASYNC-IN-SUBMIT ep=0x81 len=0 type=BULK (in, awaiting data)
[2278] +76.563330 ASYNC-IN-DONE ep=0x81 len=16 status=0 actual=16
	0000  08 00 00 18 ed 03 80 10  00 5f 00 10 ae 02 00 00 |........._......|
[2279] +76.563463 ASYNC-IN-SUBMIT ep=0x81 len=0 type=BULK (in, awaiting data)
[2280] +76.676331 ASYNC-IN-DONE ep=0x81 len=0 status=2 actual=0
[2281] +76.676420 ASYNC-IN-SUBMIT ep=0x81 len=0 type=BULK (in, awaiting data)
[2282] +76.763728 ASYNC-IN-DONE ep=0x81 len=16 status=0 actual=16
	0000  08 00 00 18 ef 03 01 10  00 5f 00 10 65 02 00 00 |........._..e...|
[2283] +76.763803 ASYNC-IN-SUBMIT ep=0x81 len=0 type=BULK (in, awaiting data)
[2284] +76.763984 ASYNC-IN-DONE ep=0x81 len=16 status=0 actual=16
	0000  08 00 00 18 f0 03 02 10  00 61 00 10 09 02 00 00 |.........a......|
[2285] +76.764009 ASYNC-IN-SUBMIT ep=0x81 len=0 type=BULK (in, awaiting data)
[2286] +76.866039 ASYNC-IN-DONE ep=0x81 len=0 status=2 actual=0
[2287] +76.866114 ASYNC-IN-SUBMIT ep=0x81 len=0 type=BULK (in, awaiting data)
[2288] +76.970730 ASYNC-IN-DONE ep=0x81 len=0 status=2 actual=0
[2289] +76.970835 ASYNC-IN-SUBMIT ep=0x81 len=0 type=BULK (in, awaiting data)
[2290] +77.072644 ASYNC-IN-DONE ep=0x81 len=0 status=2 actual=0
[2291] +77.072728 ASYNC-IN-SUBMIT ep=0x81 len=0 type=BULK (in, awaiting data)
[2292] +77.171420 ASYNC-OUT ep=0x01 len=16 type=BULK 
	0000  08 00 00 18 02 10 f0 03  00 52 00 10 d4 12 00 00 |.........R......|
[2293] +77.171707 ASYNC-OUT-DONE ep=0x01 len=0 status=0 actual=16
[2294] +77.176741 ASYNC-IN-DONE ep=0x81 len=0 status=2 actual=0
[2295] +77.176790 ASYNC-IN-SUBMIT ep=0x81 len=0 type=BULK (in, awaiting data)
[2296] +77.274617 ASYNC-OUT ep=0x01 len=16 type=BULK 
	0000  08 00 00 18 80 10 ed 03  00 5c 00 10 fd 1a 00 00 |.........\......|
[2297] +77.274990 ASYNC-OUT-DONE ep=0x01 len=0 status=0 actual=16
[2298] +77.279126 ASYNC-IN-DONE ep=0x81 len=0 status=2 actual=0
[2299] +77.279251 ASYNC-IN-SUBMIT ep=0x81 len=0 type=BULK (in, awaiting data)
[2300] +77.390826 ASYNC-IN-DONE ep=0x81 len=0 status=2 actual=0
[2301] +77.390910 ASYNC-IN-SUBMIT ep=0x81 len=0 type=BULK (in, awaiting data)
[2302] +77.503705 ASYNC-IN-DONE ep=0x81 len=0 status=2 actual=0
[2303] +77.503792 ASYNC-IN-SUBMIT ep=0x81 len=0 type=BULK (in, awaiting data)
[2304] +77.534790 ASYNC-OUT ep=0x01 len=16 type=BULK 
	0000  08 00 00 18 01 10 ef 03  00 5d 00 10 93 1e 00 00 |.........]......|
[2305] +77.535127 ASYNC-OUT-DONE ep=0x01 len=0 status=0 actual=16
[2306] +77.564819 ASYNC-IN-DONE ep=0x81 len=16 status=0 actual=16
	0000  08 00 00 18 ed 03 80 10  00 60 00 10 ae 02 00 00 |.........`......|
[2307] +77.564969 ASYNC-IN-SUBMIT ep=0x81 len=0 type=BULK (in, awaiting data)
[2308] +77.673845 ASYNC-IN-DONE ep=0x81 len=0 status=2 actual=0
[2309] +77.673942 ASYNC-IN-SUBMIT ep=0x81 len=0 type=BULK (in, awaiting data)
[2310] +77.765964 ASYNC-IN-DONE ep=0x81 len=16 status=0 actual=16
	0000  08 00 00 18 ef 03 01 10  00 60 00 10 65 02 00 00 |.........`..e...|
[2311] +77.766116 ASYNC-IN-SUBMIT ep=0x81 len=0 type=BULK (in, awaiting data)
[2312] +77.766308 ASYNC-IN-DONE ep=0x81 len=16 status=0 actual=16
	0000  08 00 00 18 f0 03 02 10  00 62 00 10 09 02 00 00 |.........b......|
[2313] +77.766368 ASYNC-IN-SUBMIT ep=0x81 len=0 type=BULK (in, awaiting data)
[2314] +77.875719 ASYNC-IN-DONE ep=0x81 len=0 status=2 actual=0
[2315] +77.875804 ASYNC-IN-SUBMIT ep=0x81 len=0 type=BULK (in, awaiting data)
[2316] +77.988143 ASYNC-IN-DONE ep=0x81 len=0 status=2 actual=0
[2317] +77.988230 ASYNC-IN-SUBMIT ep=0x81 len=0 type=BULK (in, awaiting data)
[2318] +78.090613 ASYNC-IN-DONE ep=0x81 len=0 status=2 actual=0
[2319] +78.090730 ASYNC-IN-SUBMIT ep=0x81 len=0 type=BULK (in, awaiting data)
[2320] +78.191844 ASYNC-IN-DONE ep=0x81 len=0 status=2 actual=0
[2321] +78.191934 ASYNC-IN-SUBMIT ep=0x81 len=0 type=BULK (in, awaiting data)
[2322] +78.211331 ASYNC-OUT ep=0x01 len=16 type=BULK 
	0000  08 00 00 18 02 10 f0 03  00 53 00 10 d4 12 00 00 |.........S......|
[2323] +78.211650 ASYNC-OUT-DONE ep=0x01 len=0 status=0 actual=16
[2324] +78.302881 ASYNC-IN-DONE ep=0x81 len=0 status=2 actual=0
[2325] +78.302956 ASYNC-IN-SUBMIT ep=0x81 len=0 type=BULK (in, awaiting data)
[2326] +78.315391 ASYNC-OUT ep=0x01 len=16 type=BULK 
	0000  08 00 00 18 80 10 ed 03  00 5d 00 10 fd 1a 00 00 |.........]......|
[2327] +78.315618 ASYNC-OUT-DONE ep=0x01 len=0 status=0 actual=16
[2328] +78.415788 ASYNC-IN-DONE ep=0x81 len=0 status=2 actual=0
[2329] +78.415896 ASYNC-IN-SUBMIT ep=0x81 len=0 type=BULK (in, awaiting data)
[2330] +78.528726 ASYNC-IN-DONE ep=0x81 len=0 status=2 actual=0
[2331] +78.528836 ASYNC-IN-SUBMIT ep=0x81 len=0 type=BULK (in, awaiting data)
[2332] +78.567053 ASYNC-IN-DONE ep=0x81 len=16 status=0 actual=16
	0000  08 00 00 18 ed 03 80 10  00 61 00 10 ae 02 00 00 |.........a......|
[2333] +78.567181 ASYNC-IN-SUBMIT ep=0x81 len=0 type=BULK (in, awaiting data)
[2334] +78.575655 ASYNC-OUT ep=0x01 len=16 type=BULK 
	0000  08 00 00 18 01 10 ef 03  00 5e 00 10 93 1e 00 00 |.........^......|
[2335] +78.575935 ASYNC-OUT-DONE ep=0x01 len=0 status=0 actual=16
[2336] +78.679971 ASYNC-IN-DONE ep=0x81 len=0 status=2 actual=0
[2337] +78.680065 ASYNC-IN-SUBMIT ep=0x81 len=0 type=BULK (in, awaiting data)
[2338] +78.767474 ASYNC-IN-DONE ep=0x81 len=16 status=0 actual=16
	0000  08 00 00 18 ef 03 01 10  00 61 00 10 65 02 00 00 |.........a..e...|
[2339] +78.767641 ASYNC-IN-SUBMIT ep=0x81 len=0 type=BULK (in, awaiting data)
[2340] +78.767846 ASYNC-IN-DONE ep=0x81 len=16 status=0 actual=16
	0000  08 00 00 18 f0 03 02 10  00 63 00 10 09 02 00 00 |.........c......|
[2341] +78.767935 ASYNC-IN-SUBMIT ep=0x81 len=0 type=BULK (in, awaiting data)
[2342] +78.878229 ASYNC-IN-DONE ep=0x81 len=0 status=2 actual=0
[2343] +78.878335 ASYNC-IN-SUBMIT ep=0x81 len=0 type=BULK (in, awaiting data)
[2344] +78.991157 ASYNC-IN-DONE ep=0x81 len=0 status=2 actual=0
[2345] +78.991260 ASYNC-IN-SUBMIT ep=0x81 len=0 type=BULK (in, awaiting data)
[2346] +79.092703 ASYNC-IN-DONE ep=0x81 len=0 status=2 actual=0
[2347] +79.092797 ASYNC-IN-SUBMIT ep=0x81 len=0 type=BULK (in, awaiting data)
[2348] +79.205601 ASYNC-IN-DONE ep=0x81 len=0 status=2 actual=0
[2349] +79.205698 ASYNC-IN-SUBMIT ep=0x81 len=0 type=BULK (in, awaiting data)
[2350] +79.251581 ASYNC-OUT ep=0x01 len=16 type=BULK 
	0000  08 00 00 18 02 10 f0 03  00 54 00 10 d4 12 00 00 |.........T......|
[2351] +79.251941 ASYNC-OUT-DONE ep=0x01 len=0 status=0 actual=16
[2352] +79.307365 ASYNC-IN-DONE ep=0x81 len=0 status=2 actual=0
[2353] +79.307467 ASYNC-IN-SUBMIT ep=0x81 len=0 type=BULK (in, awaiting data)
[2354] +79.355674 ASYNC-OUT ep=0x01 len=16 type=BULK 
	0000  08 00 00 18 80 10 ed 03  00 5e 00 10 fd 1a 00 00 |.........^......|
[2355] +79.355964 ASYNC-OUT-DONE ep=0x01 len=0 status=0 actual=16
[2356] +79.410952 ASYNC-IN-DONE ep=0x81 len=0 status=2 actual=0
[2357] +79.411060 ASYNC-IN-SUBMIT ep=0x81 len=0 type=BULK (in, awaiting data)
[2358] +79.522842 ASYNC-IN-DONE ep=0x81 len=0 status=2 actual=0
[2359] +79.522944 ASYNC-IN-SUBMIT ep=0x81 len=0 type=BULK (in, awaiting data)
[2360] +79.568633 ASYNC-IN-DONE ep=0x81 len=16 status=0 actual=16
	0000  08 00 00 18 ed 03 80 10  00 62 00 10 ae 02 00 00 |.........b......|
[2361] +79.568706 ASYNC-IN-SUBMIT ep=0x81 len=0 type=BULK (in, awaiting data)
[2362] +79.615061 ASYNC-OUT ep=0x01 len=16 type=BULK 
	0000  08 00 00 18 01 10 ef 03  00 5f 00 10 93 1e 00 00 |........._......|
[2363] +79.615449 ASYNC-OUT-DONE ep=0x01 len=0 status=0 actual=16
[2364] +79.673235 ASYNC-IN-DONE ep=0x81 len=0 status=2 actual=0
[2365] +79.673265 ASYNC-IN-SUBMIT ep=0x81 len=0 type=BULK (in, awaiting data)
[2366] +79.768943 ASYNC-IN-DONE ep=0x81 len=16 status=0 actual=16
	0000  08 00 00 18 ef 03 01 10  00 62 00 10 65 02 00 00 |.........b..e...|
[2367] +79.768984 ASYNC-IN-SUBMIT ep=0x81 len=0 type=BULK (in, awaiting data)
[2368] +79.769169 ASYNC-IN-DONE ep=0x81 len=16 status=0 actual=16
	0000  08 00 00 18 f0 03 02 10  00 64 00 10 09 02 00 00 |.........d......|
[2369] +79.769183 ASYNC-IN-SUBMIT ep=0x81 len=0 type=BULK (in, awaiting data)
[2370] +79.881837 ASYNC-IN-DONE ep=0x81 len=0 status=2 actual=0
[2371] +79.881867 ASYNC-IN-SUBMIT ep=0x81 len=0 type=BULK (in, awaiting data)
[2372] +79.988064 ASYNC-IN-DONE ep=0x81 len=0 status=2 actual=0
[2373] +79.988090 ASYNC-IN-SUBMIT ep=0x81 len=0 type=BULK (in, awaiting data)
### MARK SNAPSHOT-pick-2
[2374] +80.096196 ASYNC-IN-DONE ep=0x81 len=0 status=2 actual=0
[2375] +80.096211 ASYNC-IN-SUBMIT ep=0x81 len=0 type=BULK (in, awaiting data)
[2376] +80.208911 ASYNC-IN-DONE ep=0x81 len=0 status=2 actual=0
[2377] +80.208936 ASYNC-IN-SUBMIT ep=0x81 len=0 type=BULK (in, awaiting data)
[2378] +80.288322 ASYNC-OUT ep=0x01 len=16 type=BULK 
	0000  08 00 00 18 02 10 f0 03  00 55 00 10 d4 12 00 00 |.........U......|
[2379] +80.288612 ASYNC-OUT-DONE ep=0x01 len=0 status=0 actual=16
[2380] +80.319878 ASYNC-IN-DONE ep=0x81 len=0 status=2 actual=0
[2381] +80.319915 ASYNC-IN-SUBMIT ep=0x81 len=0 type=BULK (in, awaiting data)
[2382] +80.392481 ASYNC-OUT ep=0x01 len=16 type=BULK 
	0000  08 00 00 18 80 10 ed 03  00 5f 00 10 fd 1a 00 00 |........._......|
[2383] +80.392761 ASYNC-OUT-DONE ep=0x01 len=0 status=0 actual=16
[2384] +80.428796 ASYNC-IN-DONE ep=0x81 len=0 status=2 actual=0
[2385] +80.428860 ASYNC-IN-SUBMIT ep=0x81 len=0 type=BULK (in, awaiting data)
[2386] +80.539758 ASYNC-IN-DONE ep=0x81 len=0 status=2 actual=0
[2387] +80.539854 ASYNC-IN-SUBMIT ep=0x81 len=0 type=BULK (in, awaiting data)
[2388] +80.570462 ASYNC-IN-DONE ep=0x81 len=16 status=0 actual=16
	0000  08 00 00 18 ed 03 80 10  00 63 00 10 ae 02 00 00 |.........c......|
[2389] +80.570560 ASYNC-IN-SUBMIT ep=0x81 len=0 type=BULK (in, awaiting data)
[2390] +80.650581 ASYNC-OUT ep=0x01 len=16 type=BULK 
	0000  08 00 00 18 01 10 ef 03  00 60 00 10 93 1e 00 00 |.........`......|
[2391] +80.650874 ASYNC-OUT-DONE ep=0x01 len=0 status=0 actual=16
[2392] +80.682844 ASYNC-IN-DONE ep=0x81 len=0 status=2 actual=0
[2393] +80.682927 ASYNC-IN-SUBMIT ep=0x81 len=0 type=BULK (in, awaiting data)
[2394] +80.770934 ASYNC-IN-DONE ep=0x81 len=16 status=0 actual=16
	0000  08 00 00 18 ef 03 01 10  00 63 00 10 65 02 00 00 |.........c..e...|
[2395] +80.771088 ASYNC-IN-SUBMIT ep=0x81 len=0 type=BULK (in, awaiting data)
[2396] +80.771279 ASYNC-IN-DONE ep=0x81 len=16 status=0 actual=16
	0000  08 00 00 18 f0 03 02 10  00 65 00 10 09 02 00 00 |.........e......|
[2397] +80.771346 ASYNC-IN-SUBMIT ep=0x81 len=0 type=BULK (in, awaiting data)
[2398] +80.884017 ASYNC-IN-DONE ep=0x81 len=0 status=2 actual=0
[2399] +80.884116 ASYNC-IN-SUBMIT ep=0x81 len=0 type=BULK (in, awaiting data)
[2400] +80.986726 ASYNC-IN-DONE ep=0x81 len=0 status=2 actual=0
[2401] +80.986837 ASYNC-IN-SUBMIT ep=0x81 len=0 type=BULK (in, awaiting data)
[2402] +81.097003 ASYNC-IN-DONE ep=0x81 len=0 status=2 actual=0
[2403] +81.097097 ASYNC-IN-SUBMIT ep=0x81 len=0 type=BULK (in, awaiting data)
[2404] +81.202816 ASYNC-IN-DONE ep=0x81 len=0 status=2 actual=0
[2405] +81.202934 ASYNC-IN-SUBMIT ep=0x81 len=0 type=BULK (in, awaiting data)
[2406] +81.313203 ASYNC-IN-DONE ep=0x81 len=0 status=2 actual=0
[2407] +81.313288 ASYNC-IN-SUBMIT ep=0x81 len=0 type=BULK (in, awaiting data)
[2408] +81.325515 ASYNC-OUT ep=0x01 len=16 type=BULK 
	0000  08 00 00 18 02 10 f0 03  00 56 00 10 d4 12 00 00 |.........V......|
[2409] +81.325801 ASYNC-OUT-DONE ep=0x01 len=0 status=0 actual=16
[2410] +81.426103 ASYNC-IN-DONE ep=0x81 len=0 status=2 actual=0
[2411] +81.426214 ASYNC-IN-SUBMIT ep=0x81 len=0 type=BULK (in, awaiting data)
[2412] +81.428706 ASYNC-OUT ep=0x01 len=16 type=BULK 
	0000  08 00 00 18 80 10 ed 03  00 60 00 10 fd 1a 00 00 |.........`......|
[2413] +81.428915 ASYNC-OUT-DONE ep=0x01 len=0 status=0 actual=16
[2414] +81.538178 ASYNC-IN-DONE ep=0x81 len=0 status=2 actual=0
[2415] +81.538235 ASYNC-IN-SUBMIT ep=0x81 len=0 type=BULK (in, awaiting data)
[2416] +81.572052 ASYNC-IN-DONE ep=0x81 len=16 status=0 actual=16
	0000  08 00 00 18 ed 03 80 10  00 64 00 10 ae 02 00 00 |.........d......|
[2417] +81.572160 ASYNC-IN-SUBMIT ep=0x81 len=0 type=BULK (in, awaiting data)
[2418] +81.674967 ASYNC-IN-DONE ep=0x81 len=0 status=2 actual=0
[2419] +81.675074 ASYNC-IN-SUBMIT ep=0x81 len=0 type=BULK (in, awaiting data)
[2420] +81.688814 ASYNC-OUT ep=0x01 len=16 type=BULK 
	0000  08 00 00 18 01 10 ef 03  00 61 00 10 93 1e 00 00 |.........a......|
[2421] +81.689133 ASYNC-OUT-DONE ep=0x01 len=0 status=0 actual=16
[2422] +81.772393 ASYNC-IN-DONE ep=0x81 len=16 status=0 actual=16
	0000  08 00 00 18 ef 03 01 10  00 64 00 10 65 02 00 00 |.........d..e...|
[2423] +81.772534 ASYNC-IN-SUBMIT ep=0x81 len=0 type=BULK (in, awaiting data)
[2424] +81.772723 ASYNC-IN-DONE ep=0x81 len=16 status=0 actual=16
	0000  08 00 00 18 f0 03 02 10  00 66 00 10 09 02 00 00 |.........f......|
[2425] +81.772811 ASYNC-IN-SUBMIT ep=0x81 len=0 type=BULK (in, awaiting data)
[2426] +81.884009 ASYNC-IN-DONE ep=0x81 len=0 status=2 actual=0
[2427] +81.884089 ASYNC-IN-SUBMIT ep=0x81 len=0 type=BULK (in, awaiting data)
[2428] +81.987195 ASYNC-IN-DONE ep=0x81 len=0 status=2 actual=0
[2429] +81.987300 ASYNC-IN-SUBMIT ep=0x81 len=0 type=BULK (in, awaiting data)
[2430] +82.099223 ASYNC-IN-DONE ep=0x81 len=0 status=2 actual=0
[2431] +82.099315 ASYNC-IN-SUBMIT ep=0x81 len=0 type=BULK (in, awaiting data)
[2432] +82.210734 ASYNC-IN-DONE ep=0x81 len=0 status=2 actual=0
[2433] +82.210849 ASYNC-IN-SUBMIT ep=0x81 len=0 type=BULK (in, awaiting data)
[2434] +82.322896 ASYNC-IN-DONE ep=0x81 len=0 status=2 actual=0
[2435] +82.322994 ASYNC-IN-SUBMIT ep=0x81 len=0 type=BULK (in, awaiting data)
[2436] +82.363941 ASYNC-OUT ep=0x01 len=16 type=BULK 
	0000  08 00 00 18 02 10 f0 03  00 57 00 10 d4 12 00 00 |.........W......|
[2437] +82.364271 ASYNC-OUT-DONE ep=0x01 len=0 status=0 actual=16
[2438] +82.433994 ASYNC-IN-DONE ep=0x81 len=0 status=2 actual=0
[2439] +82.434095 ASYNC-IN-SUBMIT ep=0x81 len=0 type=BULK (in, awaiting data)
[2440] +82.467433 ASYNC-OUT ep=0x01 len=16 type=BULK 
	0000  08 00 00 18 80 10 ed 03  00 61 00 10 fd 1a 00 00 |.........a......|
[2441] +82.467711 ASYNC-OUT-DONE ep=0x01 len=0 status=0 actual=16
[2442] +82.546643 ASYNC-IN-DONE ep=0x81 len=0 status=2 actual=0
[2443] +82.546816 ASYNC-IN-SUBMIT ep=0x81 len=0 type=BULK (in, awaiting data)
[2444] +82.573470 ASYNC-IN-DONE ep=0x81 len=16 status=0 actual=16
	0000  08 00 00 18 ed 03 80 10  00 65 00 10 ae 02 00 00 |.........e......|
[2445] +82.573577 ASYNC-IN-SUBMIT ep=0x81 len=0 type=BULK (in, awaiting data)
[2446] +82.686354 ASYNC-IN-DONE ep=0x81 len=0 status=2 actual=0
[2447] +82.686416 ASYNC-IN-SUBMIT ep=0x81 len=0 type=BULK (in, awaiting data)
[2448] +82.726592 ASYNC-OUT ep=0x01 len=16 type=BULK 
	0000  08 00 00 18 01 10 ef 03  00 62 00 10 93 1e 00 00 |.........b......|
[2449] +82.726818 ASYNC-OUT-DONE ep=0x01 len=0 status=0 actual=16
[2450] +82.773889 ASYNC-IN-DONE ep=0x81 len=16 status=0 actual=16
	0000  08 00 00 18 ef 03 01 10  00 65 00 10 65 02 00 00 |.........e..e...|
[2451] +82.773993 ASYNC-IN-SUBMIT ep=0x81 len=0 type=BULK (in, awaiting data)
[2452] +82.774133 ASYNC-IN-DONE ep=0x81 len=16 status=0 actual=16
	0000  08 00 00 18 f0 03 02 10  00 67 00 10 09 02 00 00 |.........g......|
[2453] +82.774181 ASYNC-IN-SUBMIT ep=0x81 len=0 type=BULK (in, awaiting data)
[2454] +82.884069 ASYNC-IN-DONE ep=0x81 len=0 status=2 actual=0
[2455] +82.884144 ASYNC-IN-SUBMIT ep=0x81 len=0 type=BULK (in, awaiting data)
[2456] +82.996512 ASYNC-IN-DONE ep=0x81 len=0 status=2 actual=0
[2457] +82.996611 ASYNC-IN-SUBMIT ep=0x81 len=0 type=BULK (in, awaiting data)
[2458] +83.101389 ASYNC-IN-DONE ep=0x81 len=0 status=2 actual=0
[2459] +83.101502 ASYNC-IN-SUBMIT ep=0x81 len=0 type=BULK (in, awaiting data)
[2460] +83.202482 ASYNC-IN-DONE ep=0x81 len=0 status=2 actual=0
[2461] +83.202593 ASYNC-IN-SUBMIT ep=0x81 len=0 type=BULK (in, awaiting data)
[2462] +83.315444 ASYNC-IN-DONE ep=0x81 len=0 status=2 actual=0
[2463] +83.315532 ASYNC-IN-SUBMIT ep=0x81 len=0 type=BULK (in, awaiting data)
[2464] +83.402119 ASYNC-OUT ep=0x01 len=16 type=BULK 
	0000  08 00 00 18 02 10 f0 03  00 58 00 10 d4 12 00 00 |.........X......|
[2465] +83.402412 ASYNC-OUT-DONE ep=0x01 len=0 status=0 actual=16
[2466] +83.420350 ASYNC-IN-DONE ep=0x81 len=0 status=2 actual=0
[2467] +83.420389 ASYNC-IN-SUBMIT ep=0x81 len=0 type=BULK (in, awaiting data)
[2468] +83.506167 ASYNC-OUT ep=0x01 len=16 type=BULK 
	0000  08 00 00 18 80 10 ed 03  00 62 00 10 fd 1a 00 00 |.........b......|
[2469] +83.506344 ASYNC-OUT-DONE ep=0x01 len=0 status=0 actual=16
[2470] +83.533201 ASYNC-IN-DONE ep=0x81 len=0 status=2 actual=0
[2471] +83.533228 ASYNC-IN-SUBMIT ep=0x81 len=0 type=BULK (in, awaiting data)
[2472] +83.574924 ASYNC-IN-DONE ep=0x81 len=16 status=0 actual=16
	0000  08 00 00 18 ed 03 80 10  00 66 00 10 ae 02 00 00 |.........f......|
[2473] +83.574959 ASYNC-IN-SUBMIT ep=0x81 len=0 type=BULK (in, awaiting data)
[2474] +83.677829 ASYNC-IN-DONE ep=0x81 len=0 status=2 actual=0
[2475] +83.677867 ASYNC-IN-SUBMIT ep=0x81 len=0 type=BULK (in, awaiting data)
[2476] +83.765786 ASYNC-OUT ep=0x01 len=16 type=BULK 
	0000  08 00 00 18 01 10 ef 03  00 63 00 10 93 1e 00 00 |.........c......|
[2477] +83.766073 ASYNC-OUT-DONE ep=0x01 len=0 status=0 actual=16
[2478] +83.775245 ASYNC-IN-DONE ep=0x81 len=16 status=0 actual=16
	0000  08 00 00 18 ef 03 01 10  00 66 00 10 65 02 00 00 |.........f..e...|
[2479] +83.775277 ASYNC-IN-SUBMIT ep=0x81 len=0 type=BULK (in, awaiting data)
[2480] +83.775431 ASYNC-IN-DONE ep=0x81 len=16 status=0 actual=16
	0000  08 00 00 18 f0 03 02 10  00 68 00 10 09 02 00 00 |.........h......|
[2481] +83.775447 ASYNC-IN-SUBMIT ep=0x81 len=0 type=BULK (in, awaiting data)
### MARK SNAPSHOT-open-again
[2482] +83.888375 ASYNC-IN-DONE ep=0x81 len=0 status=2 actual=0
[2483] +83.888393 ASYNC-IN-SUBMIT ep=0x81 len=0 type=BULK (in, awaiting data)
[2484] +84.001144 ASYNC-IN-DONE ep=0x81 len=0 status=2 actual=0
[2485] +84.001186 ASYNC-IN-SUBMIT ep=0x81 len=0 type=BULK (in, awaiting data)
[2486] +84.103484 ASYNC-IN-DONE ep=0x81 len=0 status=2 actual=0
[2487] +84.103516 ASYNC-IN-SUBMIT ep=0x81 len=0 type=BULK (in, awaiting data)
[2488] +84.211039 ASYNC-IN-DONE ep=0x81 len=0 status=2 actual=0
[2489] +84.211146 ASYNC-IN-SUBMIT ep=0x81 len=0 type=BULK (in, awaiting data)
[2490] +84.311865 ASYNC-IN-DONE ep=0x81 len=0 status=2 actual=0
[2491] +84.311948 ASYNC-IN-SUBMIT ep=0x81 len=0 type=BULK (in, awaiting data)
[2492] +84.421967 ASYNC-IN-DONE ep=0x81 len=0 status=2 actual=0
[2493] +84.422017 ASYNC-IN-SUBMIT ep=0x81 len=0 type=BULK (in, awaiting data)
[2494] +84.439898 ASYNC-OUT ep=0x01 len=16 type=BULK 
	0000  08 00 00 18 02 10 f0 03  00 59 00 10 d4 12 00 00 |.........Y......|
[2495] +84.440151 ASYNC-OUT-DONE ep=0x01 len=0 status=0 actual=16
[2496] +84.531945 ASYNC-IN-DONE ep=0x81 len=0 status=2 actual=0
[2497] +84.532044 ASYNC-IN-SUBMIT ep=0x81 len=0 type=BULK (in, awaiting data)
[2498] +84.543997 ASYNC-OUT ep=0x01 len=16 type=BULK 
	0000  08 00 00 18 80 10 ed 03  00 63 00 10 fd 1a 00 00 |.........c......|
[2499] +84.544241 ASYNC-OUT-DONE ep=0x01 len=0 status=0 actual=16
[2500] +84.576712 ASYNC-IN-DONE ep=0x81 len=16 status=0 actual=16
	0000  08 00 00 18 ed 03 80 10  00 67 00 10 ae 02 00 00 |.........g......|
[2501] +84.576844 ASYNC-IN-SUBMIT ep=0x81 len=0 type=BULK (in, awaiting data)
[2502] +84.689685 ASYNC-IN-DONE ep=0x81 len=0 status=2 actual=0
[2503] +84.689751 ASYNC-IN-SUBMIT ep=0x81 len=0 type=BULK (in, awaiting data)
[2504] +84.777142 ASYNC-IN-DONE ep=0x81 len=16 status=0 actual=16
	0000  08 00 00 18 ef 03 01 10  00 67 00 10 65 02 00 00 |.........g..e...|
[2505] +84.777282 ASYNC-IN-SUBMIT ep=0x81 len=0 type=BULK (in, awaiting data)
[2506] +84.777484 ASYNC-IN-DONE ep=0x81 len=16 status=0 actual=16
	0000  08 00 00 18 f0 03 02 10  00 69 00 10 09 02 00 00 |.........i......|
[2507] +84.777570 ASYNC-IN-SUBMIT ep=0x81 len=0 type=BULK (in, awaiting data)
[2508] +84.803559 ASYNC-OUT ep=0x01 len=16 type=BULK 
	0000  08 00 00 18 01 10 ef 03  00 64 00 10 93 1e 00 00 |.........d......|
[2509] +84.803874 ASYNC-OUT-DONE ep=0x01 len=0 status=0 actual=16
[2510] +84.879679 ASYNC-IN-DONE ep=0x81 len=0 status=2 actual=0
[2511] +84.879772 ASYNC-IN-SUBMIT ep=0x81 len=0 type=BULK (in, awaiting data)
[2512] +84.980926 ASYNC-IN-DONE ep=0x81 len=0 status=2 actual=0
[2513] +84.981004 ASYNC-IN-SUBMIT ep=0x81 len=0 type=BULK (in, awaiting data)
[2514] +85.092392 ASYNC-IN-DONE ep=0x81 len=0 status=2 actual=0
[2515] +85.092479 ASYNC-IN-SUBMIT ep=0x81 len=0 type=BULK (in, awaiting data)
[2516] +85.192847 ASYNC-IN-DONE ep=0x81 len=0 status=2 actual=0
[2517] +85.192961 ASYNC-IN-SUBMIT ep=0x81 len=0 type=BULK (in, awaiting data)
[2518] +85.295357 ASYNC-IN-DONE ep=0x81 len=0 status=2 actual=0
[2519] +85.295470 ASYNC-IN-SUBMIT ep=0x81 len=0 type=BULK (in, awaiting data)
[2520] +85.408324 ASYNC-IN-DONE ep=0x81 len=0 status=2 actual=0
[2521] +85.408426 ASYNC-IN-SUBMIT ep=0x81 len=0 type=BULK (in, awaiting data)
[2522] +85.478123 ASYNC-OUT ep=0x01 len=16 type=BULK 
	0000  08 00 00 18 02 10 f0 03  00 5a 00 10 d4 12 00 00 |.........Z......|
[2523] +85.478501 ASYNC-OUT-DONE ep=0x01 len=0 status=0 actual=16
[2524] +85.512198 ASYNC-IN-DONE ep=0x81 len=0 status=2 actual=0
[2525] +85.512275 ASYNC-IN-SUBMIT ep=0x81 len=0 type=BULK (in, awaiting data)
[2526] +85.578245 ASYNC-IN-DONE ep=0x81 len=16 status=0 actual=16
	0000  08 00 00 18 ed 03 80 10  00 68 00 10 ae 02 00 00 |.........h......|
[2527] +85.578389 ASYNC-IN-SUBMIT ep=0x81 len=0 type=BULK (in, awaiting data)
[2528] +85.582185 ASYNC-OUT ep=0x01 len=16 type=BULK 
	0000  08 00 00 18 80 10 ed 03  00 64 00 10 fd 1a 00 00 |.........d......|
[2529] +85.582391 ASYNC-OUT-DONE ep=0x01 len=0 status=0 actual=16
[2530] +85.691207 ASYNC-IN-DONE ep=0x81 len=0 status=2 actual=0
[2531] +85.691263 ASYNC-IN-SUBMIT ep=0x81 len=0 type=BULK (in, awaiting data)
[2532] +85.778666 ASYNC-IN-DONE ep=0x81 len=16 status=0 actual=16
	0000  08 00 00 18 ef 03 01 10  00 68 00 10 65 02 00 00 |.........h..e...|
[2533] +85.778823 ASYNC-IN-SUBMIT ep=0x81 len=0 type=BULK (in, awaiting data)
[2534] +85.779015 ASYNC-IN-DONE ep=0x81 len=16 status=0 actual=16
	0000  08 00 00 18 f0 03 02 10  00 6a 00 10 09 02 00 00 |.........j......|
[2535] +85.779076 ASYNC-IN-SUBMIT ep=0x81 len=0 type=BULK (in, awaiting data)
[2536] +85.842141 ASYNC-OUT ep=0x01 len=16 type=BULK 
	0000  08 00 00 18 01 10 ef 03  00 65 00 10 93 1e 00 00 |.........e......|
[2537] +85.842509 ASYNC-OUT-DONE ep=0x01 len=0 status=0 actual=16
[2538] +85.889953 ASYNC-IN-DONE ep=0x81 len=0 status=2 actual=0
[2539] +85.890069 ASYNC-IN-SUBMIT ep=0x81 len=0 type=BULK (in, awaiting data)
[2540] +86.002888 ASYNC-IN-DONE ep=0x81 len=0 status=2 actual=0
[2541] +86.002986 ASYNC-IN-SUBMIT ep=0x81 len=0 type=BULK (in, awaiting data)
[2542] +86.107085 ASYNC-IN-DONE ep=0x81 len=0 status=2 actual=0
[2543] +86.107197 ASYNC-IN-SUBMIT ep=0x81 len=0 type=BULK (in, awaiting data)
[2544] +86.212394 ASYNC-IN-DONE ep=0x81 len=0 status=2 actual=0
[2545] +86.212544 ASYNC-IN-SUBMIT ep=0x81 len=0 type=BULK (in, awaiting data)
[2546] +86.324940 ASYNC-IN-DONE ep=0x81 len=0 status=2 actual=0
[2547] +86.325048 ASYNC-IN-SUBMIT ep=0x81 len=0 type=BULK (in, awaiting data)
[2548] +86.429326 ASYNC-IN-DONE ep=0x81 len=0 status=2 actual=0
[2549] +86.429412 ASYNC-IN-SUBMIT ep=0x81 len=0 type=BULK (in, awaiting data)
[2550] +86.516720 ASYNC-OUT ep=0x01 len=16 type=BULK 
	0000  08 00 00 18 02 10 f0 03  00 5b 00 10 d4 12 00 00 |.........[......|
[2551] +86.517059 ASYNC-OUT-DONE ep=0x01 len=0 status=0 actual=16
[2552] +86.531853 ASYNC-IN-DONE ep=0x81 len=0 status=2 actual=0
[2553] +86.531921 ASYNC-IN-SUBMIT ep=0x81 len=0 type=BULK (in, awaiting data)
[2554] +86.579783 ASYNC-IN-DONE ep=0x81 len=16 status=0 actual=16
	0000  08 00 00 18 ed 03 80 10  00 69 00 10 ae 02 00 00 |.........i......|
[2555] +86.579919 ASYNC-IN-SUBMIT ep=0x81 len=0 type=BULK (in, awaiting data)
[2556] +86.620818 ASYNC-OUT ep=0x01 len=16 type=BULK 
	0000  08 00 00 18 80 10 ed 03  00 65 00 10 fd 1a 00 00 |.........e......|
[2557] +86.621127 ASYNC-OUT-DONE ep=0x01 len=0 status=0 actual=16
[2558] +86.692725 ASYNC-IN-DONE ep=0x81 len=0 status=2 actual=0
[2559] +86.692779 ASYNC-IN-SUBMIT ep=0x81 len=0 type=BULK (in, awaiting data)
[2560] +86.780459 ASYNC-IN-DONE ep=0x81 len=16 status=0 actual=16
	0000  08 00 00 18 ef 03 01 10  00 69 00 10 65 02 00 00 |.........i..e...|
[2561] +86.780510 ASYNC-IN-SUBMIT ep=0x81 len=0 type=BULK (in, awaiting data)
[2562] +86.780671 ASYNC-IN-DONE ep=0x81 len=16 status=0 actual=16
	0000  08 00 00 18 f0 03 02 10  00 6b 00 10 09 02 00 00 |.........k......|
[2563] +86.780698 ASYNC-IN-SUBMIT ep=0x81 len=0 type=BULK (in, awaiting data)
[2564] +86.879524 ASYNC-OUT ep=0x01 len=16 type=BULK 
	0000  08 00 00 18 01 10 ef 03  00 66 00 10 93 1e 00 00 |.........f......|
[2565] +86.879811 ASYNC-OUT-DONE ep=0x01 len=0 status=0 actual=16
[2566] +86.893243 ASYNC-IN-DONE ep=0x81 len=0 status=2 actual=0
[2567] +86.893327 ASYNC-IN-SUBMIT ep=0x81 len=0 type=BULK (in, awaiting data)
[2568] +87.004878 ASYNC-IN-DONE ep=0x81 len=0 status=2 actual=0
[2569] +87.004970 ASYNC-IN-SUBMIT ep=0x81 len=0 type=BULK (in, awaiting data)
[2570] +87.108711 ASYNC-IN-DONE ep=0x81 len=0 status=2 actual=0
[2571] +87.108761 ASYNC-IN-SUBMIT ep=0x81 len=0 type=BULK (in, awaiting data)
[2572] +87.218094 ASYNC-IN-DONE ep=0x81 len=0 status=2 actual=0
[2573] +87.218128 ASYNC-IN-SUBMIT ep=0x81 len=0 type=BULK (in, awaiting data)
[2574] +87.330824 ASYNC-IN-DONE ep=0x81 len=0 status=2 actual=0
[2575] +87.330858 ASYNC-IN-SUBMIT ep=0x81 len=0 type=BULK (in, awaiting data)
[2576] +87.442845 ASYNC-IN-DONE ep=0x81 len=0 status=2 actual=0
[2577] +87.442878 ASYNC-IN-SUBMIT ep=0x81 len=0 type=BULK (in, awaiting data)
### MARK SNAPSHOT-pick-3
[2578] +87.545811 ASYNC-IN-DONE ep=0x81 len=0 status=2 actual=0
[2579] +87.545842 ASYNC-IN-SUBMIT ep=0x81 len=0 type=BULK (in, awaiting data)
[2580] +87.553101 ASYNC-OUT ep=0x01 len=16 type=BULK 
	0000  08 00 00 18 02 10 f0 03  00 5c 00 10 d4 12 00 00 |.........\......|
[2581] +87.553338 ASYNC-OUT-DONE ep=0x01 len=0 status=0 actual=16
[2582] +87.581712 ASYNC-IN-DONE ep=0x81 len=16 status=0 actual=16
	0000  08 00 00 18 ed 03 80 10  00 6a 00 10 ae 02 00 00 |.........j......|
[2583] +87.581765 ASYNC-IN-SUBMIT ep=0x81 len=0 type=BULK (in, awaiting data)
[2584] +87.657213 ASYNC-OUT ep=0x01 len=16 type=BULK 
	0000  08 00 00 18 80 10 ed 03  00 66 00 10 fd 1a 00 00 |.........f......|
[2585] +87.657469 ASYNC-OUT-DONE ep=0x01 len=0 status=0 actual=16
[2586] +87.688520 ASYNC-IN-DONE ep=0x81 len=0 status=2 actual=0
[2587] +87.688554 ASYNC-IN-SUBMIT ep=0x81 len=0 type=BULK (in, awaiting data)
[2588] +87.782031 ASYNC-IN-DONE ep=0x81 len=16 status=0 actual=16
	0000  08 00 00 18 ef 03 01 10  00 6a 00 10 65 02 00 00 |.........j..e...|
[2589] +87.782084 ASYNC-IN-SUBMIT ep=0x81 len=0 type=BULK (in, awaiting data)
[2590] +87.782209 ASYNC-IN-DONE ep=0x81 len=16 status=0 actual=16
	0000  08 00 00 18 f0 03 02 10  00 6c 00 10 09 02 00 00 |.........l......|
[2591] +87.782228 ASYNC-IN-SUBMIT ep=0x81 len=0 type=BULK (in, awaiting data)
[2592] +87.894991 ASYNC-IN-DONE ep=0x81 len=0 status=2 actual=0
[2593] +87.895028 ASYNC-IN-SUBMIT ep=0x81 len=0 type=BULK (in, awaiting data)
[2594] +87.916620 ASYNC-OUT ep=0x01 len=16 type=BULK 
	0000  08 00 00 18 01 10 ef 03  00 67 00 10 93 1e 00 00 |.........g......|
[2595] +87.916893 ASYNC-OUT-DONE ep=0x01 len=0 status=0 actual=16
[2596] +88.004940 ASYNC-IN-DONE ep=0x81 len=0 status=2 actual=0
[2597] +88.005029 ASYNC-IN-SUBMIT ep=0x81 len=0 type=BULK (in, awaiting data)
[2598] +88.110942 ASYNC-IN-DONE ep=0x81 len=0 status=2 actual=0
[2599] +88.111029 ASYNC-IN-SUBMIT ep=0x81 len=0 type=BULK (in, awaiting data)
[2600] +88.212224 ASYNC-IN-DONE ep=0x81 len=0 status=2 actual=0
[2601] +88.212309 ASYNC-IN-SUBMIT ep=0x81 len=0 type=BULK (in, awaiting data)
[2602] +88.325141 ASYNC-IN-DONE ep=0x81 len=0 status=2 actual=0
[2603] +88.325246 ASYNC-IN-SUBMIT ep=0x81 len=0 type=BULK (in, awaiting data)
[2604] +88.438058 ASYNC-IN-DONE ep=0x81 len=0 status=2 actual=0
[2605] +88.438132 ASYNC-IN-SUBMIT ep=0x81 len=0 type=BULK (in, awaiting data)
[2606] +88.550764 ASYNC-IN-DONE ep=0x81 len=0 status=2 actual=0
[2607] +88.550856 ASYNC-IN-SUBMIT ep=0x81 len=0 type=BULK (in, awaiting data)
[2608] +88.583155 ASYNC-IN-DONE ep=0x81 len=16 status=0 actual=16
	0000  08 00 00 18 ed 03 80 10  00 6b 00 10 ae 02 00 00 |.........k......|
[2609] +88.583276 ASYNC-IN-SUBMIT ep=0x81 len=0 type=BULK (in, awaiting data)
[2610] +88.591891 ASYNC-OUT ep=0x01 len=16 type=BULK 
	0000  08 00 00 18 02 10 f0 03  00 5d 00 10 d4 12 00 00 |.........]......|
[2611] +88.592125 ASYNC-OUT-DONE ep=0x01 len=0 status=0 actual=16
[2612] +88.694865 ASYNC-OUT ep=0x01 len=16 type=BULK 
	0000  08 00 00 18 80 10 ed 03  00 67 00 10 fd 1a 00 00 |.........g......|
[2613] +88.695219 ASYNC-OUT-DONE ep=0x01 len=0 status=0 actual=16
[2614] +88.696030 ASYNC-IN-DONE ep=0x81 len=0 status=2 actual=0
[2615] +88.696053 ASYNC-IN-SUBMIT ep=0x81 len=0 type=BULK (in, awaiting data)
[2616] +88.783606 ASYNC-IN-DONE ep=0x81 len=16 status=0 actual=16
	0000  08 00 00 18 ef 03 01 10  00 6b 00 10 65 02 00 00 |.........k..e...|
[2617] +88.783709 ASYNC-IN-SUBMIT ep=0x81 len=0 type=BULK (in, awaiting data)
[2618] +88.783850 ASYNC-IN-DONE ep=0x81 len=16 status=0 actual=16
	0000  08 00 00 18 f0 03 02 10  00 6d 00 10 09 02 00 00 |.........m......|
[2619] +88.783893 ASYNC-IN-SUBMIT ep=0x81 len=0 type=BULK (in, awaiting data)
[2620] +88.892943 ASYNC-IN-DONE ep=0x81 len=0 status=2 actual=0
[2621] +88.893018 ASYNC-IN-SUBMIT ep=0x81 len=0 type=BULK (in, awaiting data)
[2622] +88.955059 ASYNC-OUT ep=0x01 len=16 type=BULK 
	0000  08 00 00 18 01 10 ef 03  00 68 00 10 93 1e 00 00 |.........h......|
[2623] +88.955426 ASYNC-OUT-DONE ep=0x01 len=0 status=0 actual=16
[2624] +88.995161 ASYNC-IN-DONE ep=0x81 len=0 status=2 actual=0
[2625] +88.995306 ASYNC-IN-SUBMIT ep=0x81 len=0 type=BULK (in, awaiting data)
[2626] +89.108191 ASYNC-IN-DONE ep=0x81 len=0 status=2 actual=0
[2627] +89.108297 ASYNC-IN-SUBMIT ep=0x81 len=0 type=BULK (in, awaiting data)
[2628] +89.221123 ASYNC-IN-DONE ep=0x81 len=0 status=2 actual=0
[2629] +89.221219 ASYNC-IN-SUBMIT ep=0x81 len=0 type=BULK (in, awaiting data)
[2630] +89.334055 ASYNC-IN-DONE ep=0x81 len=0 status=2 actual=0
[2631] +89.334159 ASYNC-IN-SUBMIT ep=0x81 len=0 type=BULK (in, awaiting data)
[2632] +89.442729 ASYNC-IN-DONE ep=0x81 len=0 status=2 actual=0
[2633] +89.442798 ASYNC-IN-SUBMIT ep=0x81 len=0 type=BULK (in, awaiting data)
[2634] +89.555055 ASYNC-IN-DONE ep=0x81 len=0 status=2 actual=0
[2635] +89.555161 ASYNC-IN-SUBMIT ep=0x81 len=0 type=BULK (in, awaiting data)
[2636] +89.584763 ASYNC-IN-DONE ep=0x81 len=16 status=0 actual=16
	0000  08 00 00 18 ed 03 80 10  00 6c 00 10 ae 02 00 00 |.........l......|
[2637] +89.584863 ASYNC-IN-SUBMIT ep=0x81 len=0 type=BULK (in, awaiting data)
[2638] +89.631078 ASYNC-OUT ep=0x01 len=16 type=BULK 
	0000  08 00 00 18 02 10 f0 03  00 5e 00 10 d4 12 00 00 |.........^......|
[2639] +89.631419 ASYNC-OUT-DONE ep=0x01 len=0 status=0 actual=16
[2640] +89.697677 ASYNC-IN-DONE ep=0x81 len=0 status=2 actual=0
[2641] +89.697726 ASYNC-IN-SUBMIT ep=0x81 len=0 type=BULK (in, awaiting data)
[2642] +89.735159 ASYNC-OUT ep=0x01 len=16 type=BULK 
	0000  08 00 00 18 80 10 ed 03  00 68 00 10 fd 1a 00 00 |.........h......|
[2643] +89.735447 ASYNC-OUT-DONE ep=0x01 len=0 status=0 actual=16
[2644] +89.785227 ASYNC-IN-DONE ep=0x81 len=16 status=0 actual=16
	0000  08 00 00 18 ef 03 01 10  00 6c 00 10 65 02 00 00 |.........l..e...|
[2645] +89.785362 ASYNC-IN-SUBMIT ep=0x81 len=0 type=BULK (in, awaiting data)
[2646] +89.785529 ASYNC-IN-DONE ep=0x81 len=16 status=0 actual=16
	0000  08 00 00 18 f0 03 02 10  00 6e 00 10 09 02 00 00 |.........n......|
[2647] +89.785592 ASYNC-IN-SUBMIT ep=0x81 len=0 type=BULK (in, awaiting data)
[2648] +89.890313 ASYNC-IN-DONE ep=0x81 len=0 status=2 actual=0
[2649] +89.890380 ASYNC-IN-SUBMIT ep=0x81 len=0 type=BULK (in, awaiting data)
[2650] +89.995342 ASYNC-OUT ep=0x01 len=16 type=BULK 
	0000  08 00 00 18 01 10 ef 03  00 69 00 10 93 1e 00 00 |.........i......|
[2651] +89.995725 ASYNC-OUT-DONE ep=0x01 len=0 status=0 actual=16
[2652] +90.003167 ASYNC-IN-DONE ep=0x81 len=0 status=2 actual=0
[2653] +90.003249 ASYNC-IN-SUBMIT ep=0x81 len=0 type=BULK (in, awaiting data)
[2654] +90.115202 ASYNC-IN-DONE ep=0x81 len=0 status=2 actual=0
[2655] +90.115299 ASYNC-IN-SUBMIT ep=0x81 len=0 type=BULK (in, awaiting data)
[2656] +90.218985 ASYNC-IN-DONE ep=0x81 len=0 status=2 actual=0
[2657] +90.219069 ASYNC-IN-SUBMIT ep=0x81 len=0 type=BULK (in, awaiting data)
[2658] +90.331151 ASYNC-IN-DONE ep=0x81 len=0 status=2 actual=0
[2659] +90.331235 ASYNC-IN-SUBMIT ep=0x81 len=0 type=BULK (in, awaiting data)
[2660] +90.433701 ASYNC-IN-DONE ep=0x81 len=0 status=2 actual=0
[2661] +90.433806 ASYNC-IN-SUBMIT ep=0x81 len=0 type=BULK (in, awaiting data)
[2662] +90.542856 ASYNC-IN-DONE ep=0x81 len=0 status=2 actual=0
[2663] +90.542957 ASYNC-IN-SUBMIT ep=0x81 len=0 type=BULK (in, awaiting data)
[2664] +90.586342 ASYNC-IN-DONE ep=0x81 len=16 status=0 actual=16
	0000  08 00 00 18 ed 03 80 10  00 6d 00 10 ae 02 00 00 |.........m......|
[2665] +90.586471 ASYNC-IN-SUBMIT ep=0x81 len=0 type=BULK (in, awaiting data)
[2666] +90.669325 ASYNC-OUT ep=0x01 len=16 type=BULK 
	0000  08 00 00 18 02 10 f0 03  00 5f 00 10 d4 12 00 00 |........._......|
[2667] +90.669697 ASYNC-OUT-DONE ep=0x01 len=0 status=0 actual=16
[2668] +90.699263 ASYNC-IN-DONE ep=0x81 len=0 status=2 actual=0
[2669] +90.699305 ASYNC-IN-SUBMIT ep=0x81 len=0 type=BULK (in, awaiting data)
[2670] +90.773384 ASYNC-OUT ep=0x01 len=16 type=BULK 
	0000  08 00 00 18 80 10 ed 03  00 69 00 10 fd 1a 00 00 |.........i......|
[2671] +90.773725 ASYNC-OUT-DONE ep=0x01 len=0 status=0 actual=16
[2672] +90.786752 ASYNC-IN-DONE ep=0x81 len=16 status=0 actual=16
	0000  08 00 00 18 ef 03 01 10  00 6d 00 10 65 02 00 00 |.........m..e...|
[2673] +90.786821 ASYNC-IN-SUBMIT ep=0x81 len=0 type=BULK (in, awaiting data)
[2674] +90.786976 ASYNC-IN-DONE ep=0x81 len=16 status=0 actual=16
	0000  08 00 00 18 f0 03 02 10  00 6f 00 10 09 02 00 00 |.........o......|
[2675] +90.787024 ASYNC-IN-SUBMIT ep=0x81 len=0 type=BULK (in, awaiting data)
[2676] +90.899787 ASYNC-IN-DONE ep=0x81 len=0 status=2 actual=0
[2677] +90.899842 ASYNC-IN-SUBMIT ep=0x81 len=0 type=BULK (in, awaiting data)
[2678] +91.006841 ASYNC-IN-DONE ep=0x81 len=0 status=2 actual=0
[2679] +91.006866 ASYNC-IN-SUBMIT ep=0x81 len=0 type=BULK (in, awaiting data)
[2680] +91.032149 ASYNC-OUT ep=0x01 len=16 type=BULK 
	0000  08 00 00 18 01 10 ef 03  00 6a 00 10 93 1e 00 00 |.........j......|
[2681] +91.032328 ASYNC-OUT-DONE ep=0x01 len=0 status=0 actual=16
[2682] +91.117228 ASYNC-IN-DONE ep=0x81 len=0 status=2 actual=0
[2683] +91.117259 ASYNC-IN-SUBMIT ep=0x81 len=0 type=BULK (in, awaiting data)
[2684] +91.222277 ASYNC-IN-DONE ep=0x81 len=0 status=2 actual=0
[2685] +91.222307 ASYNC-IN-SUBMIT ep=0x81 len=0 type=BULK (in, awaiting data)
### MARK SNAPSHOT-open-3rd
[2686] +91.335221 ASYNC-IN-DONE ep=0x81 len=0 status=2 actual=0
[2687] +91.335235 ASYNC-IN-SUBMIT ep=0x81 len=0 type=BULK (in, awaiting data)
[2688] +91.437011 ASYNC-IN-DONE ep=0x81 len=0 status=2 actual=0
[2689] +91.437070 ASYNC-IN-SUBMIT ep=0x81 len=0 type=BULK (in, awaiting data)
[2690] +91.549841 ASYNC-IN-DONE ep=0x81 len=0 status=2 actual=0
[2691] +91.549876 ASYNC-IN-SUBMIT ep=0x81 len=0 type=BULK (in, awaiting data)
[2692] +91.587866 ASYNC-IN-DONE ep=0x81 len=16 status=0 actual=16
	0000  08 00 00 18 ed 03 80 10  00 6e 00 10 ae 02 00 00 |.........n......|
[2693] +91.587905 ASYNC-IN-SUBMIT ep=0x81 len=0 type=BULK (in, awaiting data)
[2694] +91.690673 ASYNC-IN-DONE ep=0x81 len=0 status=2 actual=0
[2695] +91.690714 ASYNC-IN-SUBMIT ep=0x81 len=0 type=BULK (in, awaiting data)
[2696] +91.706791 ASYNC-OUT ep=0x01 len=16 type=BULK 
	0000  08 00 00 18 02 10 f0 03  00 60 00 10 d4 12 00 00 |.........`......|
[2697] +91.707133 ASYNC-OUT-DONE ep=0x01 len=0 status=0 actual=16
[2698] +91.788344 ASYNC-IN-DONE ep=0x81 len=16 status=0 actual=16
	0000  08 00 00 18 ef 03 01 10  00 6e 00 10 65 02 00 00 |.........n..e...|
[2699] +91.788449 ASYNC-IN-SUBMIT ep=0x81 len=0 type=BULK (in, awaiting data)
[2700] +91.788626 ASYNC-IN-DONE ep=0x81 len=16 status=0 actual=16
	0000  08 00 00 18 f0 03 02 10  00 70 00 10 09 02 00 00 |.........p......|
[2701] +91.788683 ASYNC-IN-SUBMIT ep=0x81 len=0 type=BULK (in, awaiting data)
[2702] +91.810932 ASYNC-OUT ep=0x01 len=16 type=BULK 
	0000  08 00 00 18 80 10 ed 03  00 6a 00 10 fd 1a 00 00 |.........j......|
[2703] +91.811272 ASYNC-OUT-DONE ep=0x01 len=0 status=0 actual=16
[2704] +91.901232 ASYNC-IN-DONE ep=0x81 len=0 status=2 actual=0
[2705] +91.901325 ASYNC-IN-SUBMIT ep=0x81 len=0 type=BULK (in, awaiting data)
[2706] +92.010970 ASYNC-IN-DONE ep=0x81 len=0 status=2 actual=0
[2707] +92.011047 ASYNC-IN-SUBMIT ep=0x81 len=0 type=BULK (in, awaiting data)
[2708] +92.070612 ASYNC-OUT ep=0x01 len=16 type=BULK 
	0000  08 00 00 18 01 10 ef 03  00 6b 00 10 93 1e 00 00 |.........k......|
[2709] +92.070938 ASYNC-OUT-DONE ep=0x01 len=0 status=0 actual=16
[2710] +92.119411 ASYNC-IN-DONE ep=0x81 len=0 status=2 actual=0
[2711] +92.119487 ASYNC-IN-SUBMIT ep=0x81 len=0 type=BULK (in, awaiting data)
[2712] +92.225752 ASYNC-IN-DONE ep=0x81 len=0 status=2 actual=0
[2713] +92.225831 ASYNC-IN-SUBMIT ep=0x81 len=0 type=BULK (in, awaiting data)
[2714] +92.338666 ASYNC-IN-DONE ep=0x81 len=0 status=2 actual=0
[2715] +92.338738 ASYNC-IN-SUBMIT ep=0x81 len=0 type=BULK (in, awaiting data)
[2716] +92.447141 ASYNC-IN-DONE ep=0x81 len=0 status=2 actual=0
[2717] +92.447237 ASYNC-IN-SUBMIT ep=0x81 len=0 type=BULK (in, awaiting data)
[2718] +92.551197 ASYNC-IN-DONE ep=0x81 len=0 status=2 actual=0
[2719] +92.551283 ASYNC-IN-SUBMIT ep=0x81 len=0 type=BULK (in, awaiting data)
[2720] +92.589316 ASYNC-IN-DONE ep=0x81 len=16 status=0 actual=16
	0000  08 00 00 18 ed 03 80 10  00 6f 00 10 ae 02 00 00 |.........o......|
[2721] +92.589398 ASYNC-IN-SUBMIT ep=0x81 len=0 type=BULK (in, awaiting data)
[2722] +92.702121 ASYNC-IN-DONE ep=0x81 len=0 status=2 actual=0
[2723] +92.702160 ASYNC-IN-SUBMIT ep=0x81 len=0 type=BULK (in, awaiting data)
[2724] +92.746263 ASYNC-OUT ep=0x01 len=16 type=BULK 
	0000  08 00 00 18 02 10 f0 03  00 61 00 10 d4 12 00 00 |.........a......|
[2725] +92.746620 ASYNC-OUT-DONE ep=0x01 len=0 status=0 actual=16
[2726] +92.789738 ASYNC-IN-DONE ep=0x81 len=16 status=0 actual=16
	0000  08 00 00 18 ef 03 01 10  00 6f 00 10 65 02 00 00 |.........o..e...|
[2727] +92.789825 ASYNC-IN-SUBMIT ep=0x81 len=0 type=BULK (in, awaiting data)
[2728] +92.789950 ASYNC-IN-DONE ep=0x81 len=16 status=0 actual=16
	0000  08 00 00 18 f0 03 02 10  00 71 00 10 09 02 00 00 |.........q......|
[2729] +92.789980 ASYNC-IN-SUBMIT ep=0x81 len=0 type=BULK (in, awaiting data)
[2730] +92.848715 ASYNC-OUT ep=0x01 len=16 type=BULK 
	0000  08 00 00 18 80 10 ed 03  00 6b 00 10 fd 1a 00 00 |.........k......|
[2731] +92.849037 ASYNC-OUT-DONE ep=0x01 len=0 status=0 actual=16
[2732] +92.896312 ASYNC-IN-DONE ep=0x81 len=0 status=2 actual=0
[2733] +92.896401 ASYNC-IN-SUBMIT ep=0x81 len=0 type=BULK (in, awaiting data)
[2734] +93.009244 ASYNC-IN-DONE ep=0x81 len=0 status=2 actual=0
[2735] +93.009348 ASYNC-IN-SUBMIT ep=0x81 len=0 type=BULK (in, awaiting data)
[2736] +93.108665 ASYNC-OUT ep=0x01 len=16 type=BULK 
	0000  08 00 00 18 01 10 ef 03  00 6c 00 10 93 1e 00 00 |.........l......|
[2737] +93.109027 ASYNC-OUT-DONE ep=0x01 len=0 status=0 actual=16
[2738] +93.121572 ASYNC-IN-DONE ep=0x81 len=0 status=2 actual=0
[2739] +93.121619 ASYNC-IN-SUBMIT ep=0x81 len=0 type=BULK (in, awaiting data)
[2740] +93.234070 ASYNC-IN-DONE ep=0x81 len=0 status=2 actual=0
[2741] +93.234170 ASYNC-IN-SUBMIT ep=0x81 len=0 type=BULK (in, awaiting data)
[2742] +93.347113 ASYNC-IN-DONE ep=0x81 len=0 status=2 actual=0
[2743] +93.347295 ASYNC-IN-SUBMIT ep=0x81 len=0 type=BULK (in, awaiting data)
[2744] +93.457568 ASYNC-IN-DONE ep=0x81 len=0 status=2 actual=0
[2745] +93.457668 ASYNC-IN-SUBMIT ep=0x81 len=0 type=BULK (in, awaiting data)
[2746] +93.562335 ASYNC-IN-DONE ep=0x81 len=0 status=2 actual=0
[2747] +93.562449 ASYNC-IN-SUBMIT ep=0x81 len=0 type=BULK (in, awaiting data)
[2748] +93.591643 ASYNC-IN-DONE ep=0x81 len=16 status=0 actual=16
	0000  08 00 00 18 ed 03 80 10  00 70 00 10 ae 02 00 00 |.........p......|
[2749] +93.591983 ASYNC-IN-SUBMIT ep=0x81 len=0 type=BULK (in, awaiting data)
[2750] +93.704311 ASYNC-IN-DONE ep=0x81 len=0 status=2 actual=0
[2751] +93.704356 ASYNC-IN-SUBMIT ep=0x81 len=0 type=BULK (in, awaiting data)
[2752] +93.782761 ASYNC-OUT ep=0x01 len=16 type=BULK 
	0000  08 00 00 18 02 10 f0 03  00 62 00 10 d4 12 00 00 |.........b......|
[2753] +93.783065 ASYNC-OUT-DONE ep=0x01 len=0 status=0 actual=16
[2754] +93.791856 ASYNC-IN-DONE ep=0x81 len=16 status=0 actual=16
	0000  08 00 00 18 ef 03 01 10  00 70 00 10 65 02 00 00 |.........p..e...|
[2755] +93.791885 ASYNC-IN-SUBMIT ep=0x81 len=0 type=BULK (in, awaiting data)
[2756] +93.792023 ASYNC-IN-DONE ep=0x81 len=16 status=0 actual=16
	0000  08 00 00 18 f0 03 02 10  00 72 00 10 09 02 00 00 |.........r......|
[2757] +93.792046 ASYNC-IN-SUBMIT ep=0x81 len=0 type=BULK (in, awaiting data)
[2758] +93.886628 ASYNC-OUT ep=0x01 len=16 type=BULK 
	0000  08 00 00 18 80 10 ed 03  00 6c 00 10 fd 1a 00 00 |.........l......|
[2759] +93.886991 ASYNC-OUT-DONE ep=0x01 len=0 status=0 actual=16
[2760] +93.898547 ASYNC-IN-DONE ep=0x81 len=0 status=2 actual=0
[2761] +93.898602 ASYNC-IN-SUBMIT ep=0x81 len=0 type=BULK (in, awaiting data)
[2762] +93.999485 ASYNC-IN-DONE ep=0x81 len=0 status=2 actual=0
[2763] +93.999555 ASYNC-IN-SUBMIT ep=0x81 len=0 type=BULK (in, awaiting data)
[2764] +94.109390 ASYNC-IN-DONE ep=0x81 len=0 status=2 actual=0
[2765] +94.109495 ASYNC-IN-SUBMIT ep=0x81 len=0 type=BULK (in, awaiting data)
[2766] +94.146836 ASYNC-OUT ep=0x01 len=16 type=BULK 
	0000  08 00 00 18 01 10 ef 03  00 6d 00 10 93 1e 00 00 |.........m......|
[2767] +94.147119 ASYNC-OUT-DONE ep=0x01 len=0 status=0 actual=16
[2768] +94.221571 ASYNC-IN-DONE ep=0x81 len=0 status=2 actual=0
[2769] +94.221661 ASYNC-IN-SUBMIT ep=0x81 len=0 type=BULK (in, awaiting data)
[2770] +94.334087 ASYNC-IN-DONE ep=0x81 len=0 status=2 actual=0
[2771] +94.334189 ASYNC-IN-SUBMIT ep=0x81 len=0 type=BULK (in, awaiting data)
[2772] +94.445234 ASYNC-IN-DONE ep=0x81 len=0 status=2 actual=0
[2773] +94.445319 ASYNC-IN-SUBMIT ep=0x81 len=0 type=BULK (in, awaiting data)
[2774] +94.545914 ASYNC-IN-DONE ep=0x81 len=0 status=2 actual=0
[2775] +94.546016 ASYNC-IN-SUBMIT ep=0x81 len=0 type=BULK (in, awaiting data)
[2776] +94.592996 ASYNC-IN-DONE ep=0x81 len=16 status=0 actual=16
	0000  08 00 00 18 ed 03 80 10  00 71 00 10 ae 02 00 00 |.........q......|
[2777] +94.593091 ASYNC-IN-SUBMIT ep=0x81 len=0 type=BULK (in, awaiting data)
[2778] +94.693988 ASYNC-IN-DONE ep=0x81 len=0 status=2 actual=0
[2779] +94.694016 ASYNC-IN-SUBMIT ep=0x81 len=0 type=BULK (in, awaiting data)
[2780] +94.793698 ASYNC-IN-DONE ep=0x81 len=16 status=0 actual=16
	0000  08 00 00 18 ef 03 01 10  00 71 00 10 65 02 00 00 |.........q..e...|
[2781] +94.793728 ASYNC-IN-SUBMIT ep=0x81 len=0 type=BULK (in, awaiting data)
[2782] +94.793870 ASYNC-IN-DONE ep=0x81 len=16 status=0 actual=16
	0000  08 00 00 18 f0 03 02 10  00 73 00 10 09 02 00 00 |.........s......|
[2783] +94.793881 ASYNC-IN-SUBMIT ep=0x81 len=0 type=BULK (in, awaiting data)
[2784] +94.820117 ASYNC-OUT ep=0x01 len=16 type=BULK 
	0000  08 00 00 18 02 10 f0 03  00 63 00 10 d4 12 00 00 |.........c......|
[2785] +94.820360 ASYNC-OUT-DONE ep=0x01 len=0 status=0 actual=16
[2786] +94.906502 ASYNC-IN-DONE ep=0x81 len=0 status=2 actual=0
[2787] +94.906529 ASYNC-IN-SUBMIT ep=0x81 len=0 type=BULK (in, awaiting data)
[2788] +94.923509 ASYNC-OUT ep=0x01 len=16 type=BULK 
	0000  08 00 00 18 80 10 ed 03  00 6d 00 10 fd 1a 00 00 |.........m......|
[2789] +94.923757 ASYNC-OUT-DONE ep=0x01 len=0 status=0 actual=16
### MARK SNAPSHOT-pick-1
[2790] +95.013584 ASYNC-IN-DONE ep=0x81 len=0 status=2 actual=0
[2791] +95.013596 ASYNC-IN-SUBMIT ep=0x81 len=0 type=BULK (in, awaiting data)
[2792] +95.125057 ASYNC-IN-DONE ep=0x81 len=0 status=2 actual=0
[2793] +95.125095 ASYNC-IN-SUBMIT ep=0x81 len=0 type=BULK (in, awaiting data)
[2794] +95.183726 ASYNC-OUT ep=0x01 len=16 type=BULK 
	0000  08 00 00 18 01 10 ef 03  00 6e 00 10 93 1e 00 00 |.........n......|
[2795] +95.184047 ASYNC-OUT-DONE ep=0x01 len=0 status=0 actual=16
[2796] +95.237765 ASYNC-IN-DONE ep=0x81 len=0 status=2 actual=0
[2797] +95.237783 ASYNC-IN-SUBMIT ep=0x81 len=0 type=BULK (in, awaiting data)
[2798] +95.346612 ASYNC-IN-DONE ep=0x81 len=0 status=2 actual=0
[2799] +95.346678 ASYNC-IN-SUBMIT ep=0x81 len=0 type=BULK (in, awaiting data)
[2800] +95.459441 ASYNC-IN-DONE ep=0x81 len=0 status=2 actual=0
[2801] +95.459523 ASYNC-IN-SUBMIT ep=0x81 len=0 type=BULK (in, awaiting data)
[2802] +95.572380 ASYNC-IN-DONE ep=0x81 len=0 status=2 actual=0
[2803] +95.572470 ASYNC-IN-SUBMIT ep=0x81 len=0 type=BULK (in, awaiting data)
[2804] +95.594789 ASYNC-IN-DONE ep=0x81 len=16 status=0 actual=16
	0000  08 00 00 18 ed 03 80 10  00 72 00 10 ae 02 00 00 |.........r......|
[2805] +95.594845 ASYNC-IN-SUBMIT ep=0x81 len=0 type=BULK (in, awaiting data)
[2806] +95.707665 ASYNC-IN-DONE ep=0x81 len=0 status=2 actual=0
[2807] +95.707726 ASYNC-IN-SUBMIT ep=0x81 len=0 type=BULK (in, awaiting data)
[2808] +95.795246 ASYNC-IN-DONE ep=0x81 len=16 status=0 actual=16
	0000  08 00 00 18 ef 03 01 10  00 72 00 10 65 02 00 00 |.........r..e...|
[2809] +95.795379 ASYNC-IN-SUBMIT ep=0x81 len=0 type=BULK (in, awaiting data)
[2810] +95.795573 ASYNC-IN-DONE ep=0x81 len=16 status=0 actual=16
	0000  08 00 00 18 f0 03 02 10  00 74 00 10 09 02 00 00 |.........t......|
[2811] +95.795651 ASYNC-IN-SUBMIT ep=0x81 len=0 type=BULK (in, awaiting data)
[2812] +95.857807 ASYNC-OUT ep=0x01 len=16 type=BULK 
	0000  08 00 00 18 02 10 f0 03  00 64 00 10 d4 12 00 00 |.........d......|
[2813] +95.858125 ASYNC-OUT-DONE ep=0x01 len=0 status=0 actual=16
[2814] +95.896524 ASYNC-IN-DONE ep=0x81 len=0 status=2 actual=0
[2815] +95.896614 ASYNC-IN-SUBMIT ep=0x81 len=0 type=BULK (in, awaiting data)
[2816] +95.961480 ASYNC-OUT ep=0x01 len=16 type=BULK 
	0000  08 00 00 18 80 10 ed 03  00 6e 00 10 fd 1a 00 00 |.........n......|
[2817] +95.961846 ASYNC-OUT-DONE ep=0x01 len=0 status=0 actual=16
[2818] +96.004270 ASYNC-IN-DONE ep=0x81 len=0 status=2 actual=0
[2819] +96.004349 ASYNC-IN-SUBMIT ep=0x81 len=0 type=BULK (in, awaiting data)
[2820] +96.116810 ASYNC-IN-DONE ep=0x81 len=0 status=2 actual=0
[2821] +96.116906 ASYNC-IN-SUBMIT ep=0x81 len=0 type=BULK (in, awaiting data)
[2822] +96.219867 ASYNC-OUT ep=0x01 len=16 type=BULK 
	0000  08 00 00 18 01 10 ef 03  00 6f 00 10 93 1e 00 00 |.........o......|
[2823] +96.220027 ASYNC-IN-DONE ep=0x81 len=0 status=2 actual=0
[2824] +96.220078 ASYNC-IN-SUBMIT ep=0x81 len=0 type=BULK (in, awaiting data)
[2825] +96.220213 ASYNC-OUT-DONE ep=0x01 len=0 status=0 actual=16
[2826] +96.327250 ASYNC-IN-DONE ep=0x81 len=0 status=2 actual=0
[2827] +96.327338 ASYNC-IN-SUBMIT ep=0x81 len=0 type=BULK (in, awaiting data)
[2828] +96.436437 ASYNC-IN-DONE ep=0x81 len=0 status=2 actual=0
[2829] +96.436534 ASYNC-IN-SUBMIT ep=0x81 len=0 type=BULK (in, awaiting data)
[2830] +96.540819 ASYNC-IN-DONE ep=0x81 len=0 status=2 actual=0
[2831] +96.540918 ASYNC-IN-SUBMIT ep=0x81 len=0 type=BULK (in, awaiting data)
[2832] +96.596410 ASYNC-IN-DONE ep=0x81 len=16 status=0 actual=16
	0000  08 00 00 18 ed 03 80 10  00 73 00 10 ae 02 00 00 |.........s......|
[2833] +96.596522 ASYNC-IN-SUBMIT ep=0x81 len=0 type=BULK (in, awaiting data)
[2834] +96.709332 ASYNC-IN-DONE ep=0x81 len=0 status=2 actual=0
[2835] +96.709389 ASYNC-IN-SUBMIT ep=0x81 len=0 type=BULK (in, awaiting data)
[2836] +96.796843 ASYNC-IN-DONE ep=0x81 len=16 status=0 actual=16
	0000  08 00 00 18 ef 03 01 10  00 73 00 10 65 02 00 00 |.........s..e...|
[2837] +96.796979 ASYNC-IN-SUBMIT ep=0x81 len=0 type=BULK (in, awaiting data)
[2838] +96.797168 ASYNC-IN-DONE ep=0x81 len=16 status=0 actual=16
	0000  08 00 00 18 f0 03 02 10  00 75 00 10 09 02 00 00 |.........u......|
[2839] +96.797226 ASYNC-IN-SUBMIT ep=0x81 len=0 type=BULK (in, awaiting data)
[2840] +96.895299 ASYNC-OUT ep=0x01 len=16 type=BULK 
	0000  08 00 00 18 02 10 f0 03  00 65 00 10 d4 12 00 00 |.........e......|
[2841] +96.895636 ASYNC-OUT-DONE ep=0x01 len=0 status=0 actual=16
[2842] +96.909042 ASYNC-IN-DONE ep=0x81 len=0 status=2 actual=0
[2843] +96.909133 ASYNC-IN-SUBMIT ep=0x81 len=0 type=BULK (in, awaiting data)
[2844] +96.998089 ASYNC-OUT ep=0x01 len=16 type=BULK 
	0000  08 00 00 18 80 10 ed 03  00 6f 00 10 fd 1a 00 00 |.........o......|
[2845] +96.998402 ASYNC-OUT-DONE ep=0x01 len=0 status=0 actual=16
[2846] +97.021898 ASYNC-IN-DONE ep=0x81 len=0 status=2 actual=0
[2847] +97.021957 ASYNC-IN-SUBMIT ep=0x81 len=0 type=BULK (in, awaiting data)
[2848] +97.128470 ASYNC-IN-DONE ep=0x81 len=0 status=2 actual=0
[2849] +97.128557 ASYNC-IN-SUBMIT ep=0x81 len=0 type=BULK (in, awaiting data)
[2850] +97.237451 ASYNC-IN-DONE ep=0x81 len=0 status=2 actual=0
[2851] +97.237546 ASYNC-IN-SUBMIT ep=0x81 len=0 type=BULK (in, awaiting data)
[2852] +97.257216 ASYNC-OUT ep=0x01 len=16 type=BULK 
	0000  08 00 00 18 01 10 ef 03  00 70 00 10 93 1e 00 00 |.........p......|
[2853] +97.257476 ASYNC-OUT-DONE ep=0x01 len=0 status=0 actual=16
[2854] +97.346586 ASYNC-IN-DONE ep=0x81 len=0 status=2 actual=0
[2855] +97.346674 ASYNC-IN-SUBMIT ep=0x81 len=0 type=BULK (in, awaiting data)
[2856] +97.459497 ASYNC-IN-DONE ep=0x81 len=0 status=2 actual=0
[2857] +97.459592 ASYNC-IN-SUBMIT ep=0x81 len=0 type=BULK (in, awaiting data)
[2858] +97.568992 ASYNC-IN-DONE ep=0x81 len=0 status=2 actual=0
[2859] +97.569057 ASYNC-IN-SUBMIT ep=0x81 len=0 type=BULK (in, awaiting data)
[2860] +97.597976 ASYNC-IN-DONE ep=0x81 len=16 status=0 actual=16
	0000  08 00 00 18 ed 03 80 10  00 74 00 10 ae 02 00 00 |.........t......|
[2861] +97.598097 ASYNC-IN-SUBMIT ep=0x81 len=0 type=BULK (in, awaiting data)
[2862] +97.709053 ASYNC-IN-DONE ep=0x81 len=0 status=2 actual=0
[2863] +97.709102 ASYNC-IN-SUBMIT ep=0x81 len=0 type=BULK (in, awaiting data)
[2864] +97.798384 ASYNC-IN-DONE ep=0x81 len=16 status=0 actual=16
	0000  08 00 00 18 ef 03 01 10  00 74 00 10 65 02 00 00 |.........t..e...|
[2865] +97.798519 ASYNC-IN-SUBMIT ep=0x81 len=0 type=BULK (in, awaiting data)
[2866] +97.798716 ASYNC-IN-DONE ep=0x81 len=16 status=0 actual=16
	0000  08 00 00 18 f0 03 02 10  00 76 00 10 09 02 00 00 |.........v......|
[2867] +97.798795 ASYNC-IN-SUBMIT ep=0x81 len=0 type=BULK (in, awaiting data)
[2868] +97.904273 ASYNC-IN-DONE ep=0x81 len=0 status=2 actual=0
[2869] +97.904371 ASYNC-IN-SUBMIT ep=0x81 len=0 type=BULK (in, awaiting data)
[2870] +97.933177 ASYNC-OUT ep=0x01 len=16 type=BULK 
	0000  08 00 00 18 02 10 f0 03  00 66 00 10 d4 12 00 00 |.........f......|
[2871] +97.933519 ASYNC-OUT-DONE ep=0x01 len=0 status=0 actual=16
[2872] +98.017233 ASYNC-IN-DONE ep=0x81 len=0 status=2 actual=0
[2873] +98.017330 ASYNC-IN-SUBMIT ep=0x81 len=0 type=BULK (in, awaiting data)
[2874] +98.037241 ASYNC-OUT ep=0x01 len=16 type=BULK 
	0000  08 00 00 18 80 10 ed 03  00 70 00 10 fd 1a 00 00 |.........p......|
[2875] +98.037487 ASYNC-OUT-DONE ep=0x01 len=0 status=0 actual=16
[2876] +98.129212 ASYNC-IN-DONE ep=0x81 len=0 status=2 actual=0
[2877] +98.129294 ASYNC-IN-SUBMIT ep=0x81 len=0 type=BULK (in, awaiting data)
[2878] +98.242149 ASYNC-IN-DONE ep=0x81 len=0 status=2 actual=0
[2879] +98.242254 ASYNC-IN-SUBMIT ep=0x81 len=0 type=BULK (in, awaiting data)
[2880] +98.297486 ASYNC-OUT ep=0x01 len=16 type=BULK 
	0000  08 00 00 18 01 10 ef 03  00 71 00 10 93 1e 00 00 |.........q......|
[2881] +98.297999 ASYNC-OUT-DONE ep=0x01 len=0 status=0 actual=16
[2882] +98.344960 ASYNC-IN-DONE ep=0x81 len=0 status=2 actual=0
[2883] +98.344989 ASYNC-IN-SUBMIT ep=0x81 len=0 type=BULK (in, awaiting data)
[2884] +98.457730 ASYNC-IN-DONE ep=0x81 len=0 status=2 actual=0
[2885] +98.457760 ASYNC-IN-SUBMIT ep=0x81 len=0 type=BULK (in, awaiting data)
[2886] +98.568776 ASYNC-IN-DONE ep=0x81 len=0 status=2 actual=0
[2887] +98.568819 ASYNC-IN-SUBMIT ep=0x81 len=0 type=BULK (in, awaiting data)
[2888] +98.599461 ASYNC-IN-DONE ep=0x81 len=16 status=0 actual=16
	0000  08 00 00 18 ed 03 80 10  00 75 00 10 ae 02 00 00 |.........u......|
[2889] +98.599502 ASYNC-IN-SUBMIT ep=0x81 len=0 type=BULK (in, awaiting data)
[2890] +98.712285 ASYNC-IN-DONE ep=0x81 len=0 status=2 actual=0
[2891] +98.712377 ASYNC-IN-SUBMIT ep=0x81 len=0 type=BULK (in, awaiting data)
[2892] +98.800178 ASYNC-IN-DONE ep=0x81 len=16 status=0 actual=16
	0000  08 00 00 18 ef 03 01 10  00 75 00 10 65 02 00 00 |.........u..e...|
[2893] +98.800310 ASYNC-IN-SUBMIT ep=0x81 len=0 type=BULK (in, awaiting data)
[2894] +98.800504 ASYNC-IN-DONE ep=0x81 len=16 status=0 actual=16
	0000  08 00 00 18 f0 03 02 10  00 77 00 10 09 02 00 00 |.........w......|
[2895] +98.800579 ASYNC-IN-SUBMIT ep=0x81 len=0 type=BULK (in, awaiting data)
[2896] +98.913410 ASYNC-IN-DONE ep=0x81 len=0 status=2 actual=0
[2897] +98.913496 ASYNC-IN-SUBMIT ep=0x81 len=0 type=BULK (in, awaiting data)
[2898] +98.970678 ASYNC-OUT ep=0x01 len=16 type=BULK 
	0000  08 00 00 18 02 10 f0 03  00 67 00 10 d4 12 00 00 |.........g......|
[2899] +98.970916 ASYNC-OUT-DONE ep=0x01 len=0 status=0 actual=16
[2900] +99.019241 ASYNC-IN-DONE ep=0x81 len=0 status=2 actual=0
[2901] +99.019323 ASYNC-IN-SUBMIT ep=0x81 len=0 type=BULK (in, awaiting data)
[2902] +99.074813 ASYNC-OUT ep=0x01 len=16 type=BULK 
	0000  08 00 00 18 80 10 ed 03  00 71 00 10 fd 1a 00 00 |.........q......|
[2903] +99.075143 ASYNC-OUT-DONE ep=0x01 len=0 status=0 actual=16
[2904] +99.129079 ASYNC-IN-DONE ep=0x81 len=0 status=2 actual=0
[2905] +99.129164 ASYNC-IN-SUBMIT ep=0x81 len=0 type=BULK (in, awaiting data)
[2906] +99.241517 ASYNC-IN-DONE ep=0x81 len=0 status=2 actual=0
[2907] +99.241616 ASYNC-IN-SUBMIT ep=0x81 len=0 type=BULK (in, awaiting data)
[2908] +99.333927 ASYNC-OUT ep=0x01 len=16 type=BULK 
	0000  08 00 00 18 01 10 ef 03  00 72 00 10 93 1e 00 00 |.........r......|
[2909] +99.334246 ASYNC-OUT-DONE ep=0x01 len=0 status=0 actual=16
[2910] +99.350687 ASYNC-IN-DONE ep=0x81 len=0 status=2 actual=0
[2911] +99.350750 ASYNC-IN-SUBMIT ep=0x81 len=0 type=BULK (in, awaiting data)
[2912] +99.461344 ASYNC-IN-DONE ep=0x81 len=0 status=2 actual=0
[2913] +99.461432 ASYNC-IN-SUBMIT ep=0x81 len=0 type=BULK (in, awaiting data)
[2914] +99.567790 ASYNC-IN-DONE ep=0x81 len=0 status=2 actual=0
[2915] +99.567882 ASYNC-IN-SUBMIT ep=0x81 len=0 type=BULK (in, awaiting data)
[2916] +99.601274 ASYNC-IN-DONE ep=0x81 len=16 status=0 actual=16
	0000  08 00 00 18 ed 03 80 10  00 76 00 10 ae 02 00 00 |.........v......|
[2917] +99.601401 ASYNC-IN-SUBMIT ep=0x81 len=0 type=BULK (in, awaiting data)
[2918] +99.710312 ASYNC-IN-DONE ep=0x81 len=0 status=2 actual=0
[2919] +99.710387 ASYNC-IN-SUBMIT ep=0x81 len=0 type=BULK (in, awaiting data)
[2920] +99.801582 ASYNC-IN-DONE ep=0x81 len=16 status=0 actual=16
	0000  08 00 00 18 ef 03 01 10  00 76 00 10 65 02 00 00 |.........v..e...|
[2921] +99.801704 ASYNC-IN-SUBMIT ep=0x81 len=0 type=BULK (in, awaiting data)
[2922] +99.801887 ASYNC-IN-DONE ep=0x81 len=16 status=0 actual=16
	0000  08 00 00 18 f0 03 02 10  00 78 00 10 09 02 00 00 |.........x......|
[2923] +99.801955 ASYNC-IN-SUBMIT ep=0x81 len=0 type=BULK (in, awaiting data)
[2924] +99.912381 ASYNC-IN-DONE ep=0x81 len=0 status=2 actual=0
[2925] +99.912487 ASYNC-IN-SUBMIT ep=0x81 len=0 type=BULK (in, awaiting data)
[2926] +100.008550 ASYNC-OUT ep=0x01 len=16 type=BULK 
	0000  08 00 00 18 02 10 f0 03  00 68 00 10 d4 12 00 00 |.........h......|
[2927] +100.008835 ASYNC-OUT-DONE ep=0x01 len=0 status=0 actual=16
[2928] +100.022807 ASYNC-IN-DONE ep=0x81 len=0 status=2 actual=0
[2929] +100.022893 ASYNC-IN-SUBMIT ep=0x81 len=0 type=BULK (in, awaiting data)
[2930] +100.111682 ASYNC-OUT ep=0x01 len=16 type=BULK 
	0000  08 00 00 18 80 10 ed 03  00 72 00 10 fd 1a 00 00 |.........r......|
[2931] +100.112099 ASYNC-OUT-DONE ep=0x01 len=0 status=0 actual=16
[2932] +100.134927 ASYNC-IN-DONE ep=0x81 len=0 status=2 actual=0
[2933] +100.135003 ASYNC-IN-SUBMIT ep=0x81 len=0 type=BULK (in, awaiting data)
[2934] +100.245980 ASYNC-IN-DONE ep=0x81 len=0 status=2 actual=0
[2935] +100.246055 ASYNC-IN-SUBMIT ep=0x81 len=0 type=BULK (in, awaiting data)
[2936] +100.354879 ASYNC-IN-DONE ep=0x81 len=0 status=2 actual=0
[2937] +100.354961 ASYNC-IN-SUBMIT ep=0x81 len=0 type=BULK (in, awaiting data)
[2938] +100.371889 ASYNC-OUT ep=0x01 len=16 type=BULK 
	0000  08 00 00 18 01 10 ef 03  00 73 00 10 93 1e 00 00 |.........s......|
[2939] +100.372221 ASYNC-OUT-DONE ep=0x01 len=0 status=0 actual=16
[2940] +100.467812 ASYNC-IN-DONE ep=0x81 len=0 status=2 actual=0
[2941] +100.467906 ASYNC-IN-SUBMIT ep=0x81 len=0 type=BULK (in, awaiting data)
[2942] +100.579941 ASYNC-IN-DONE ep=0x81 len=0 status=2 actual=0
[2943] +100.580033 ASYNC-IN-SUBMIT ep=0x81 len=0 type=BULK (in, awaiting data)
[2944] +100.602667 ASYNC-IN-DONE ep=0x81 len=16 status=0 actual=16
	0000  08 00 00 18 ed 03 80 10  00 77 00 10 ae 02 00 00 |.........w......|
[2945] +100.602779 ASYNC-IN-SUBMIT ep=0x81 len=0 type=BULK (in, awaiting data)
[2946] +100.715504 ASYNC-IN-DONE ep=0x81 len=0 status=2 actual=0
[2947] +100.715591 ASYNC-IN-SUBMIT ep=0x81 len=0 type=BULK (in, awaiting data)
[2948] +100.803113 ASYNC-IN-DONE ep=0x81 len=16 status=0 actual=16
	0000  08 00 00 18 ef 03 01 10  00 77 00 10 65 02 00 00 |.........w..e...|
[2949] +100.803247 ASYNC-IN-SUBMIT ep=0x81 len=0 type=BULK (in, awaiting data)
[2950] +100.803635 ASYNC-IN-DONE ep=0x81 len=16 status=0 actual=16
	0000  08 00 00 18 f0 03 02 10  00 79 00 10 09 02 00 00 |.........y......|
[2951] +100.803706 ASYNC-IN-SUBMIT ep=0x81 len=0 type=BULK (in, awaiting data)
[2952] +100.908748 ASYNC-IN-DONE ep=0x81 len=0 status=2 actual=0
[2953] +100.908877 ASYNC-IN-SUBMIT ep=0x81 len=0 type=BULK (in, awaiting data)
[2954] +101.021547 ASYNC-IN-DONE ep=0x81 len=0 status=2 actual=0
[2955] +101.021651 ASYNC-IN-SUBMIT ep=0x81 len=0 type=BULK (in, awaiting data)
[2956] +101.048758 ASYNC-OUT ep=0x01 len=16 type=BULK 
	0000  08 00 00 18 02 10 f0 03  00 69 00 10 d4 12 00 00 |.........i......|
[2957] +101.049119 ASYNC-OUT-DONE ep=0x01 len=0 status=0 actual=16
[2958] +101.123230 ASYNC-IN-DONE ep=0x81 len=0 status=2 actual=0
[2959] +101.123341 ASYNC-IN-SUBMIT ep=0x81 len=0 type=BULK (in, awaiting data)
[2960] +101.152621 ASYNC-OUT ep=0x01 len=16 type=BULK 
	0000  08 00 00 18 80 10 ed 03  00 73 00 10 fd 1a 00 00 |.........s......|
[2961] +101.152897 ASYNC-OUT-DONE ep=0x01 len=0 status=0 actual=16
[2962] +101.236193 ASYNC-IN-DONE ep=0x81 len=0 status=2 actual=0
[2963] +101.236301 ASYNC-IN-SUBMIT ep=0x81 len=0 type=BULK (in, awaiting data)
[2964] +101.346570 ASYNC-IN-DONE ep=0x81 len=0 status=2 actual=0
[2965] +101.346681 ASYNC-IN-SUBMIT ep=0x81 len=0 type=BULK (in, awaiting data)
[2966] +101.410961 ASYNC-OUT ep=0x01 len=16 type=BULK 
	0000  08 00 00 18 01 10 ef 03  00 74 00 10 93 1e 00 00 |.........t......|
[2967] +101.411312 ASYNC-OUT-DONE ep=0x01 len=0 status=0 actual=16
[2968] +101.459104 ASYNC-IN-DONE ep=0x81 len=0 status=2 actual=0
[2969] +101.459194 ASYNC-IN-SUBMIT ep=0x81 len=0 type=BULK (in, awaiting data)
[2970] +101.562480 ASYNC-IN-DONE ep=0x81 len=0 status=2 actual=0
[2971] +101.562601 ASYNC-IN-SUBMIT ep=0x81 len=0 type=BULK (in, awaiting data)
[2972] +101.604607 ASYNC-IN-DONE ep=0x81 len=16 status=0 actual=16
	0000  08 00 00 18 ed 03 80 10  00 78 00 10 ae 02 00 00 |.........x......|
[2973] +101.604717 ASYNC-IN-SUBMIT ep=0x81 len=0 type=BULK (in, awaiting data)
[2974] +101.717428 ASYNC-IN-DONE ep=0x81 len=0 status=2 actual=0
[2975] +101.717523 ASYNC-IN-SUBMIT ep=0x81 len=0 type=BULK (in, awaiting data)
[2976] +101.804971 ASYNC-IN-DONE ep=0x81 len=16 status=0 actual=16
	0000  08 00 00 18 ef 03 01 10  00 78 00 10 65 02 00 00 |.........x..e...|
[2977] +101.805088 ASYNC-IN-SUBMIT ep=0x81 len=0 type=BULK (in, awaiting data)
[2978] +101.805253 ASYNC-IN-DONE ep=0x81 len=16 status=0 actual=16
	0000  08 00 00 18 f0 03 02 10  00 7a 00 10 09 02 00 00 |.........z......|
[2979] +101.805316 ASYNC-IN-SUBMIT ep=0x81 len=0 type=BULK (in, awaiting data)
[2980] +101.917400 ASYNC-IN-DONE ep=0x81 len=0 status=2 actual=0
[2981] +101.917506 ASYNC-IN-SUBMIT ep=0x81 len=0 type=BULK (in, awaiting data)
[2982] +102.029964 ASYNC-IN-DONE ep=0x81 len=0 status=2 actual=0
[2983] +102.030075 ASYNC-IN-SUBMIT ep=0x81 len=0 type=BULK (in, awaiting data)
[2984] +102.086926 ASYNC-OUT ep=0x01 len=16 type=BULK 
	0000  08 00 00 18 02 10 f0 03  00 6a 00 10 d4 12 00 00 |.........j......|
[2985] +102.087186 ASYNC-OUT-DONE ep=0x01 len=0 status=0 actual=16
[2986] +102.138939 ASYNC-IN-DONE ep=0x81 len=0 status=2 actual=0
[2987] +102.139035 ASYNC-IN-SUBMIT ep=0x81 len=0 type=BULK (in, awaiting data)
[2988] +102.190991 ASYNC-OUT ep=0x01 len=16 type=BULK 
	0000  08 00 00 18 80 10 ed 03  00 74 00 10 fd 1a 00 00 |.........t......|
[2989] +102.191296 ASYNC-OUT-DONE ep=0x01 len=0 status=0 actual=16
[2990] +102.250731 ASYNC-IN-DONE ep=0x81 len=0 status=2 actual=0
[2991] +102.250845 ASYNC-IN-SUBMIT ep=0x81 len=0 type=BULK (in, awaiting data)
[2992] +102.363693 ASYNC-IN-DONE ep=0x81 len=0 status=2 actual=0
[2993] +102.363801 ASYNC-IN-SUBMIT ep=0x81 len=0 type=BULK (in, awaiting data)
[2994] +102.450529 ASYNC-OUT ep=0x01 len=16 type=BULK 
	0000  08 00 00 18 01 10 ef 03  00 75 00 10 93 1e 00 00 |.........u......|
[2995] +102.450884 ASYNC-OUT-DONE ep=0x01 len=0 status=0 actual=16
[2996] +102.472154 ASYNC-IN-DONE ep=0x81 len=0 status=2 actual=0
[2997] +102.472225 ASYNC-IN-SUBMIT ep=0x81 len=0 type=BULK (in, awaiting data)
[2998] +102.579859 ASYNC-IN-DONE ep=0x81 len=0 status=2 actual=0
[2999] +102.579983 ASYNC-IN-SUBMIT ep=0x81 len=0 type=BULK (in, awaiting data)
[3000] +102.606151 ASYNC-IN-DONE ep=0x81 len=16 status=0 actual=16
	0000  08 00 00 18 ed 03 80 10  00 79 00 10 ae 02 00 00 |.........y......|
[3001] +102.606270 ASYNC-IN-SUBMIT ep=0x81 len=0 type=BULK (in, awaiting data)
[3002] +102.717384 ASYNC-IN-DONE ep=0x81 len=0 status=2 actual=0
[3003] +102.717472 ASYNC-IN-SUBMIT ep=0x81 len=0 type=BULK (in, awaiting data)
[3004] +102.806539 ASYNC-IN-DONE ep=0x81 len=16 status=0 actual=16
	0000  08 00 00 18 ef 03 01 10  00 79 00 10 65 02 00 00 |.........y..e...|
[3005] +102.806661 ASYNC-IN-SUBMIT ep=0x81 len=0 type=BULK (in, awaiting data)
[3006] +102.806784 ASYNC-IN-DONE ep=0x81 len=16 status=0 actual=16
	0000  08 00 00 18 f0 03 02 10  00 7b 00 10 09 02 00 00 |.........{......|
[3007] +102.806830 ASYNC-IN-SUBMIT ep=0x81 len=0 type=BULK (in, awaiting data)
[3008] +102.919625 ASYNC-IN-DONE ep=0x81 len=0 status=2 actual=0
[3009] +102.919797 ASYNC-IN-SUBMIT ep=0x81 len=0 type=BULK (in, awaiting data)
[3010] +103.032621 ASYNC-IN-DONE ep=0x81 len=0 status=2 actual=0
[3011] +103.032731 ASYNC-IN-SUBMIT ep=0x81 len=0 type=BULK (in, awaiting data)
[3012] +103.124493 ASYNC-OUT ep=0x01 len=16 type=BULK 
	0000  08 00 00 18 02 10 f0 03  00 6b 00 10 d4 12 00 00 |.........k......|
[3013] +103.124860 ASYNC-OUT-DONE ep=0x01 len=0 status=0 actual=16
[3014] +103.141106 ASYNC-IN-DONE ep=0x81 len=0 status=2 actual=0
[3015] +103.141201 ASYNC-IN-SUBMIT ep=0x81 len=0 type=BULK (in, awaiting data)
[3016] +103.228621 ASYNC-OUT ep=0x01 len=16 type=BULK 
	0000  08 00 00 18 80 10 ed 03  00 75 00 10 fd 1a 00 00 |.........u......|
[3017] +103.229099 ASYNC-OUT-DONE ep=0x01 len=0 status=0 actual=16
[3018] +103.254002 ASYNC-IN-DONE ep=0x81 len=0 status=2 actual=0
[3019] +103.254088 ASYNC-IN-SUBMIT ep=0x81 len=0 type=BULK (in, awaiting data)
[3020] +103.366908 ASYNC-IN-DONE ep=0x81 len=0 status=2 actual=0
[3021] +103.367016 ASYNC-IN-SUBMIT ep=0x81 len=0 type=BULK (in, awaiting data)
[3022] +103.479881 ASYNC-IN-DONE ep=0x81 len=0 status=2 actual=0
[3023] +103.479980 ASYNC-IN-SUBMIT ep=0x81 len=0 type=BULK (in, awaiting data)
[3024] +103.487880 ASYNC-OUT ep=0x01 len=16 type=BULK 
	0000  08 00 00 18 01 10 ef 03  00 76 00 10 93 1e 00 00 |.........v......|
[3025] +103.488134 ASYNC-OUT-DONE ep=0x01 len=0 status=0 actual=16
[3026] +103.592383 ASYNC-IN-DONE ep=0x81 len=0 status=2 actual=0
[3027] +103.592491 ASYNC-IN-SUBMIT ep=0x81 len=0 type=BULK (in, awaiting data)
[3028] +103.607630 ASYNC-IN-DONE ep=0x81 len=16 status=0 actual=16
	0000  08 00 00 18 ed 03 80 10  00 7a 00 10 ae 02 00 00 |.........z......|
[3029] +103.607727 ASYNC-IN-SUBMIT ep=0x81 len=0 type=BULK (in, awaiting data)
[3030] +103.715492 ASYNC-IN-DONE ep=0x81 len=0 status=2 actual=0
[3031] +103.715581 ASYNC-IN-SUBMIT ep=0x81 len=0 type=BULK (in, awaiting data)
[3032] +103.808089 ASYNC-IN-DONE ep=0x81 len=16 status=0 actual=16
	0000  08 00 00 18 ef 03 01 10  00 7a 00 10 65 02 00 00 |.........z..e...|
[3033] +103.808237 ASYNC-IN-SUBMIT ep=0x81 len=0 type=BULK (in, awaiting data)
[3034] +103.808424 ASYNC-IN-DONE ep=0x81 len=16 status=0 actual=16
	0000  08 00 00 18 f0 03 02 10  00 7c 00 10 09 02 00 00 |.........|......|
[3035] +103.808486 ASYNC-IN-SUBMIT ep=0x81 len=0 type=BULK (in, awaiting data)
[3036] +103.919502 ASYNC-IN-DONE ep=0x81 len=0 status=2 actual=0
[3037] +103.919605 ASYNC-IN-SUBMIT ep=0x81 len=0 type=BULK (in, awaiting data)
[3038] +104.029904 ASYNC-IN-DONE ep=0x81 len=0 status=2 actual=0
[3039] +104.029990 ASYNC-IN-SUBMIT ep=0x81 len=0 type=BULK (in, awaiting data)
[3040] +104.136355 ASYNC-IN-DONE ep=0x81 len=0 status=2 actual=0
[3041] +104.136454 ASYNC-IN-SUBMIT ep=0x81 len=0 type=BULK (in, awaiting data)
[3042] +104.162240 ASYNC-OUT ep=0x01 len=16 type=BULK 
	0000  08 00 00 18 02 10 f0 03  00 6c 00 10 d4 12 00 00 |.........l......|
[3043] +104.162499 ASYNC-OUT-DONE ep=0x01 len=0 status=0 actual=16
[3044] +104.237265 ASYNC-IN-DONE ep=0x81 len=0 status=2 actual=0
[3045] +104.237435 ASYNC-IN-SUBMIT ep=0x81 len=0 type=BULK (in, awaiting data)
[3046] +104.265617 ASYNC-OUT ep=0x01 len=16 type=BULK 
	0000  08 00 00 18 80 10 ed 03  00 76 00 10 fd 1a 00 00 |.........v......|
[3047] +104.265966 ASYNC-OUT-DONE ep=0x01 len=0 status=0 actual=16
[3048] +104.347526 ASYNC-IN-DONE ep=0x81 len=0 status=2 actual=0
[3049] +104.347694 ASYNC-IN-SUBMIT ep=0x81 len=0 type=BULK (in, awaiting data)
[3050] +104.453759 ASYNC-IN-DONE ep=0x81 len=0 status=2 actual=0
[3051] +104.453826 ASYNC-IN-SUBMIT ep=0x81 len=0 type=BULK (in, awaiting data)
[3052] +104.525876 ASYNC-OUT ep=0x01 len=16 type=BULK 
	0000  08 00 00 18 01 10 ef 03  00 77 00 10 93 1e 00 00 |.........w......|
[3053] +104.526236 ASYNC-OUT-DONE ep=0x01 len=0 status=0 actual=16
[3054] +104.565933 ASYNC-IN-DONE ep=0x81 len=0 status=2 actual=0
[3055] +104.566014 ASYNC-IN-SUBMIT ep=0x81 len=0 type=BULK (in, awaiting data)
[3056] +104.609246 ASYNC-IN-DONE ep=0x81 len=16 status=0 actual=16
	0000  08 00 00 18 ed 03 80 10  00 7b 00 10 ae 02 00 00 |.........{......|
[3057] +104.609344 ASYNC-IN-SUBMIT ep=0x81 len=0 type=BULK (in, awaiting data)
[3058] +104.715436 ASYNC-IN-DONE ep=0x81 len=0 status=2 actual=0
[3059] +104.715521 ASYNC-IN-SUBMIT ep=0x81 len=0 type=BULK (in, awaiting data)
[3060] +104.809615 ASYNC-IN-DONE ep=0x81 len=16 status=0 actual=16
	0000  08 00 00 18 ef 03 01 10  00 7b 00 10 65 02 00 00 |.........{..e...|
[3061] +104.809730 ASYNC-IN-SUBMIT ep=0x81 len=0 type=BULK (in, awaiting data)
[3062] +104.809869 ASYNC-IN-DONE ep=0x81 len=16 status=0 actual=16
	0000  08 00 00 18 f0 03 02 10  00 7d 00 10 09 02 00 00 |.........}......|
[3063] +104.809919 ASYNC-IN-SUBMIT ep=0x81 len=0 type=BULK (in, awaiting data)
[3064] +104.911944 ASYNC-IN-DONE ep=0x81 len=0 status=2 actual=0
[3065] +104.912048 ASYNC-IN-SUBMIT ep=0x81 len=0 type=BULK (in, awaiting data)
[3066] +105.019771 ASYNC-IN-DONE ep=0x81 len=0 status=2 actual=0
[3067] +105.019831 ASYNC-IN-SUBMIT ep=0x81 len=0 type=BULK (in, awaiting data)
[3068] +105.131613 ASYNC-IN-DONE ep=0x81 len=0 status=2 actual=0
[3069] +105.131721 ASYNC-IN-SUBMIT ep=0x81 len=0 type=BULK (in, awaiting data)
[3070] +105.198778 ASYNC-OUT ep=0x01 len=16 type=BULK 
	0000  08 00 00 18 02 10 f0 03  00 6d 00 10 d4 12 00 00 |.........m......|
[3071] +105.199120 ASYNC-OUT-DONE ep=0x01 len=0 status=0 actual=16
[3072] +105.244568 ASYNC-IN-DONE ep=0x81 len=0 status=2 actual=0
[3073] +105.244662 ASYNC-IN-SUBMIT ep=0x81 len=0 type=BULK (in, awaiting data)
[3074] +105.302728 ASYNC-OUT ep=0x01 len=16 type=BULK 
	0000  08 00 00 18 80 10 ed 03  00 77 00 10 fd 1a 00 00 |.........w......|
[3075] +105.303037 ASYNC-OUT-DONE ep=0x01 len=0 status=0 actual=16
[3076] +105.353955 ASYNC-IN-DONE ep=0x81 len=0 status=2 actual=0
[3077] +105.354043 ASYNC-IN-SUBMIT ep=0x81 len=0 type=BULK (in, awaiting data)
[3078] +105.457304 ASYNC-IN-DONE ep=0x81 len=0 status=2 actual=0
[3079] +105.457343 ASYNC-IN-SUBMIT ep=0x81 len=0 type=BULK (in, awaiting data)
[3080] +105.560756 ASYNC-OUT ep=0x01 len=16 type=BULK 
	0000  08 00 00 18 01 10 ef 03  00 78 00 10 93 1e 00 00 |.........x......|
[3081] +105.560888 ASYNC-IN-DONE ep=0x81 len=0 status=2 actual=0
[3082] +105.560919 ASYNC-IN-SUBMIT ep=0x81 len=0 type=BULK (in, awaiting data)
[3083] +105.561033 ASYNC-OUT-DONE ep=0x01 len=0 status=0 actual=16
[3084] +105.610743 ASYNC-IN-DONE ep=0x81 len=16 status=0 actual=16
	0000  08 00 00 18 ed 03 80 10  00 7c 00 10 ae 02 00 00 |.........|......|
[3085] +105.610888 ASYNC-IN-SUBMIT ep=0x81 len=0 type=BULK (in, awaiting data)
[3086] +105.717857 ASYNC-IN-DONE ep=0x81 len=0 status=2 actual=0
[3087] +105.717944 ASYNC-IN-SUBMIT ep=0x81 len=0 type=BULK (in, awaiting data)
[3088] +105.811097 ASYNC-IN-DONE ep=0x81 len=16 status=0 actual=16
	0000  08 00 00 18 ef 03 01 10  00 7c 00 10 65 02 00 00 |.........|..e...|
[3089] +105.811265 ASYNC-IN-SUBMIT ep=0x81 len=0 type=BULK (in, awaiting data)
[3090] +105.811475 ASYNC-IN-DONE ep=0x81 len=16 status=0 actual=16
	0000  08 00 00 18 f0 03 02 10  00 7e 00 10 09 02 00 00 |.........~......|
[3091] +105.811568 ASYNC-IN-SUBMIT ep=0x81 len=0 type=BULK (in, awaiting data)
[3092] +105.924472 ASYNC-IN-DONE ep=0x81 len=0 status=2 actual=0
[3093] +105.924683 ASYNC-IN-SUBMIT ep=0x81 len=0 type=BULK (in, awaiting data)
[3094] +106.034001 ASYNC-IN-DONE ep=0x81 len=0 status=2 actual=0
[3095] +106.034090 ASYNC-IN-SUBMIT ep=0x81 len=0 type=BULK (in, awaiting data)
[3096] +106.145977 ASYNC-IN-DONE ep=0x81 len=0 status=2 actual=0
[3097] +106.146087 ASYNC-IN-SUBMIT ep=0x81 len=0 type=BULK (in, awaiting data)
[3098] +106.236835 ASYNC-OUT ep=0x01 len=16 type=BULK 
	0000  08 00 00 18 02 10 f0 03  00 6e 00 10 d4 12 00 00 |.........n......|
[3099] +106.237108 ASYNC-OUT-DONE ep=0x01 len=0 status=0 actual=16
[3100] +106.248183 ASYNC-IN-DONE ep=0x81 len=0 status=2 actual=0
[3101] +106.248257 ASYNC-IN-SUBMIT ep=0x81 len=0 type=BULK (in, awaiting data)
[3102] +106.340175 ASYNC-OUT ep=0x01 len=16 type=BULK 
	0000  08 00 00 18 80 10 ed 03  00 78 00 10 fd 1a 00 00 |.........x......|
[3103] +106.340547 ASYNC-OUT-DONE ep=0x01 len=0 status=0 actual=16
[3104] +106.352758 ASYNC-IN-DONE ep=0x81 len=0 status=2 actual=0
[3105] +106.352837 ASYNC-IN-SUBMIT ep=0x81 len=0 type=BULK (in, awaiting data)
[3106] +106.462192 ASYNC-IN-DONE ep=0x81 len=0 status=2 actual=0
[3107] +106.462423 ASYNC-IN-SUBMIT ep=0x81 len=0 type=BULK (in, awaiting data)
[3108] +106.573327 ASYNC-IN-DONE ep=0x81 len=0 status=2 actual=0
[3109] +106.573440 ASYNC-IN-SUBMIT ep=0x81 len=0 type=BULK (in, awaiting data)
[3110] +106.599220 ASYNC-OUT ep=0x01 len=16 type=BULK 
	0000  08 00 00 18 01 10 ef 03  00 79 00 10 93 1e 00 00 |.........y......|
[3111] +106.599550 ASYNC-OUT-DONE ep=0x01 len=0 status=0 actual=16
[3112] +106.612374 ASYNC-IN-DONE ep=0x81 len=16 status=0 actual=16
	0000  08 00 00 18 ed 03 80 10  00 7d 00 10 ae 02 00 00 |.........}......|
[3113] +106.612453 ASYNC-IN-SUBMIT ep=0x81 len=0 type=BULK (in, awaiting data)
[3114] +106.722808 ASYNC-IN-DONE ep=0x81 len=0 status=2 actual=0
[3115] +106.722890 ASYNC-IN-SUBMIT ep=0x81 len=0 type=BULK (in, awaiting data)
[3116] +106.812840 ASYNC-IN-DONE ep=0x81 len=16 status=0 actual=16
	0000  08 00 00 18 ef 03 01 10  00 7d 00 10 65 02 00 00 |.........}..e...|
[3117] +106.812996 ASYNC-IN-SUBMIT ep=0x81 len=0 type=BULK (in, awaiting data)
[3118] +106.813203 ASYNC-IN-DONE ep=0x81 len=16 status=0 actual=16
	0000  08 00 00 18 f0 03 02 10  00 7f 00 10 09 02 00 00 |................|
[3119] +106.813274 ASYNC-IN-SUBMIT ep=0x81 len=0 type=BULK (in, awaiting data)
[3120] +106.925713 ASYNC-IN-DONE ep=0x81 len=0 status=2 actual=0
[3121] +106.925827 ASYNC-IN-SUBMIT ep=0x81 len=0 type=BULK (in, awaiting data)
[3122] +107.029037 ASYNC-IN-DONE ep=0x81 len=0 status=2 actual=0
[3123] +107.029135 ASYNC-IN-SUBMIT ep=0x81 len=0 type=BULK (in, awaiting data)
[3124] +107.129881 ASYNC-IN-DONE ep=0x81 len=0 status=2 actual=0
[3125] +107.129994 ASYNC-IN-SUBMIT ep=0x81 len=0 type=BULK (in, awaiting data)
[3126] +107.234920 ASYNC-IN-DONE ep=0x81 len=0 status=2 actual=0
[3127] +107.234994 ASYNC-IN-SUBMIT ep=0x81 len=0 type=BULK (in, awaiting data)
[3128] +107.273740 ASYNC-OUT ep=0x01 len=16 type=BULK 
	0000  08 00 00 18 02 10 f0 03  00 6f 00 10 d4 12 00 00 |.........o......|
[3129] +107.274079 ASYNC-OUT-DONE ep=0x01 len=0 status=0 actual=16
[3130] +107.337717 ASYNC-IN-DONE ep=0x81 len=0 status=2 actual=0
[3131] +107.337817 ASYNC-IN-SUBMIT ep=0x81 len=0 type=BULK (in, awaiting data)
[3132] +107.377217 ASYNC-OUT ep=0x01 len=16 type=BULK 
	0000  08 00 00 18 80 10 ed 03  00 79 00 10 fd 1a 00 00 |.........y......|
[3133] +107.377549 ASYNC-OUT-DONE ep=0x01 len=0 status=0 actual=16
[3134] +107.445870 ASYNC-IN-DONE ep=0x81 len=0 status=2 actual=0
[3135] +107.445959 ASYNC-IN-SUBMIT ep=0x81 len=0 type=BULK (in, awaiting data)
[3136] +107.547709 ASYNC-IN-DONE ep=0x81 len=0 status=2 actual=0
[3137] +107.547812 ASYNC-IN-SUBMIT ep=0x81 len=0 type=BULK (in, awaiting data)
[3138] +107.613960 ASYNC-IN-DONE ep=0x81 len=16 status=0 actual=16
	0000  08 00 00 18 ed 03 80 10  00 7e 00 10 ae 02 00 00 |.........~......|
[3139] +107.614099 ASYNC-IN-SUBMIT ep=0x81 len=0 type=BULK (in, awaiting data)
[3140] +107.636778 ASYNC-OUT ep=0x01 len=16 type=BULK 
	0000  08 00 00 18 01 10 ef 03  00 7a 00 10 93 1e 00 00 |.........z......|
[3141] +107.637061 ASYNC-OUT-DONE ep=0x01 len=0 status=0 actual=16
[3142] +107.719848 ASYNC-IN-DONE ep=0x81 len=0 status=2 actual=0
[3143] +107.719886 ASYNC-IN-SUBMIT ep=0x81 len=0 type=BULK (in, awaiting data)
[3144] +107.814261 ASYNC-IN-DONE ep=0x81 len=16 status=0 actual=16
	0000  08 00 00 18 ef 03 01 10  00 7e 00 10 65 02 00 00 |.........~..e...|
[3145] +107.814299 ASYNC-IN-SUBMIT ep=0x81 len=0 type=BULK (in, awaiting data)
[3146] +107.814484 ASYNC-IN-DONE ep=0x81 len=16 status=0 actual=16
	0000  08 00 00 18 f0 03 02 10  00 80 00 10 09 02 00 00 |................|
[3147] +107.814497 ASYNC-IN-SUBMIT ep=0x81 len=0 type=BULK (in, awaiting data)
[3148] +107.915087 ASYNC-IN-DONE ep=0x81 len=0 status=2 actual=0
[3149] +107.915125 ASYNC-IN-SUBMIT ep=0x81 len=0 type=BULK (in, awaiting data)
[3150] +108.022783 ASYNC-IN-DONE ep=0x81 len=0 status=2 actual=0
[3151] +108.022824 ASYNC-IN-SUBMIT ep=0x81 len=0 type=BULK (in, awaiting data)
[3152] +108.134559 ASYNC-IN-DONE ep=0x81 len=0 status=2 actual=0
[3153] +108.134652 ASYNC-IN-SUBMIT ep=0x81 len=0 type=BULK (in, awaiting data)
[3154] +108.242855 ASYNC-IN-DONE ep=0x81 len=0 status=2 actual=0
[3155] +108.242959 ASYNC-IN-SUBMIT ep=0x81 len=0 type=BULK (in, awaiting data)
[3156] +108.311506 ASYNC-OUT ep=0x01 len=16 type=BULK 
	0000  08 00 00 18 02 10 f0 03  00 70 00 10 d4 12 00 00 |.........p......|
[3157] +108.311867 ASYNC-OUT-DONE ep=0x01 len=0 status=0 actual=16
[3158] +108.355734 ASYNC-IN-DONE ep=0x81 len=0 status=2 actual=0
[3159] +108.355813 ASYNC-IN-SUBMIT ep=0x81 len=0 type=BULK (in, awaiting data)
[3160] +108.415011 ASYNC-OUT ep=0x01 len=16 type=BULK 
	0000  08 00 00 18 80 10 ed 03  00 7a 00 10 fd 1a 00 00 |.........z......|
[3161] +108.415362 ASYNC-OUT-DONE ep=0x01 len=0 status=0 actual=16
[3162] +108.467184 ASYNC-IN-DONE ep=0x81 len=0 status=2 actual=0
[3163] +108.467266 ASYNC-IN-SUBMIT ep=0x81 len=0 type=BULK (in, awaiting data)
[3164] +108.580083 ASYNC-IN-DONE ep=0x81 len=0 status=2 actual=0
[3165] +108.580190 ASYNC-IN-SUBMIT ep=0x81 len=0 type=BULK (in, awaiting data)
[3166] +108.616355 ASYNC-IN-DONE ep=0x81 len=16 status=0 actual=16
	0000  08 00 00 18 ed 03 80 10  00 7f 00 10 ae 02 00 00 |................|
[3167] +108.616466 ASYNC-IN-SUBMIT ep=0x81 len=0 type=BULK (in, awaiting data)
[3168] +108.673833 ASYNC-OUT ep=0x01 len=16 type=BULK 
	0000  08 00 00 18 01 10 ef 03  00 7b 00 10 93 1e 00 00 |.........{......|
[3169] +108.674216 ASYNC-OUT-DONE ep=0x01 len=0 status=0 actual=16
[3170] +108.722760 ASYNC-IN-DONE ep=0x81 len=0 status=2 actual=0
[3171] +108.722843 ASYNC-IN-SUBMIT ep=0x81 len=0 type=BULK (in, awaiting data)
[3172] +108.816729 ASYNC-IN-DONE ep=0x81 len=16 status=0 actual=16
	0000  08 00 00 18 ef 03 01 10  00 7f 00 10 65 02 00 00 |............e...|
[3173] +108.816890 ASYNC-IN-SUBMIT ep=0x81 len=0 type=BULK (in, awaiting data)
[3174] +108.817083 ASYNC-IN-DONE ep=0x81 len=16 status=0 actual=16
	0000  08 00 00 18 f0 03 02 10  00 81 00 10 09 02 00 00 |................|
[3175] +108.817149 ASYNC-IN-SUBMIT ep=0x81 len=0 type=BULK (in, awaiting data)
[3176] +108.920372 ASYNC-IN-DONE ep=0x81 len=0 status=2 actual=0
[3177] +108.920481 ASYNC-IN-SUBMIT ep=0x81 len=0 type=BULK (in, awaiting data)
[3178] +109.033333 ASYNC-IN-DONE ep=0x81 len=0 status=2 actual=0
[3179] +109.033438 ASYNC-IN-SUBMIT ep=0x81 len=0 type=BULK (in, awaiting data)
[3180] +109.141791 ASYNC-IN-DONE ep=0x81 len=0 status=2 actual=0
[3181] +109.141908 ASYNC-IN-SUBMIT ep=0x81 len=0 type=BULK (in, awaiting data)
[3182] +109.251698 ASYNC-IN-DONE ep=0x81 len=0 status=2 actual=0
[3183] +109.251798 ASYNC-IN-SUBMIT ep=0x81 len=0 type=BULK (in, awaiting data)
[3184] +109.349815 ASYNC-OUT ep=0x01 len=16 type=BULK 
	0000  08 00 00 18 02 10 f0 03  00 71 00 10 d4 12 00 00 |.........q......|
[3185] +109.350186 ASYNC-OUT-DONE ep=0x01 len=0 status=0 actual=16
[3186] +109.357982 ASYNC-IN-DONE ep=0x81 len=0 status=2 actual=0
[3187] +109.358024 ASYNC-IN-SUBMIT ep=0x81 len=0 type=BULK (in, awaiting data)
[3188] +109.453925 ASYNC-OUT ep=0x01 len=16 type=BULK 
	0000  08 00 00 18 80 10 ed 03  00 7b 00 10 fd 1a 00 00 |.........{......|
[3189] +109.454265 ASYNC-OUT-DONE ep=0x01 len=0 status=0 actual=16
[3190] +109.459183 ASYNC-IN-DONE ep=0x81 len=0 status=2 actual=0
[3191] +109.459226 ASYNC-IN-SUBMIT ep=0x81 len=0 type=BULK (in, awaiting data)
[3192] +109.564697 ASYNC-IN-DONE ep=0x81 len=0 status=2 actual=0
[3193] +109.564805 ASYNC-IN-SUBMIT ep=0x81 len=0 type=BULK (in, awaiting data)
[3194] +109.617885 ASYNC-IN-DONE ep=0x81 len=16 status=0 actual=16
	0000  08 00 00 18 ed 03 80 10  00 80 00 10 ae 02 00 00 |................|
[3195] +109.618037 ASYNC-IN-SUBMIT ep=0x81 len=0 type=BULK (in, awaiting data)
[3196] +109.711940 ASYNC-OUT ep=0x01 len=16 type=BULK 
	0000  08 00 00 18 01 10 ef 03  00 7c 00 10 93 1e 00 00 |.........|......|
[3197] +109.712232 ASYNC-OUT-DONE ep=0x01 len=0 status=0 actual=16
[3198] +109.727482 ASYNC-IN-DONE ep=0x81 len=0 status=2 actual=0
[3199] +109.727554 ASYNC-IN-SUBMIT ep=0x81 len=0 type=BULK (in, awaiting data)
[3200] +109.818276 ASYNC-IN-DONE ep=0x81 len=16 status=0 actual=16
	0000  08 00 00 18 ef 03 01 10  00 80 00 10 65 02 00 00 |............e...|
[3201] +109.818416 ASYNC-IN-SUBMIT ep=0x81 len=0 type=BULK (in, awaiting data)
[3202] +109.818598 ASYNC-IN-DONE ep=0x81 len=16 status=0 actual=16
	0000  08 00 00 18 f0 03 02 10  00 82 00 10 09 02 00 00 |................|
[3203] +109.818662 ASYNC-IN-SUBMIT ep=0x81 len=0 type=BULK (in, awaiting data)
[3204] +109.922810 ASYNC-IN-DONE ep=0x81 len=0 status=2 actual=0
[3205] +109.922920 ASYNC-IN-SUBMIT ep=0x81 len=0 type=BULK (in, awaiting data)
[3206] +110.032493 ASYNC-IN-DONE ep=0x81 len=0 status=2 actual=0
[3207] +110.032593 ASYNC-IN-SUBMIT ep=0x81 len=0 type=BULK (in, awaiting data)
[3208] +110.145409 ASYNC-IN-DONE ep=0x81 len=0 status=2 actual=0
[3209] +110.145521 ASYNC-IN-SUBMIT ep=0x81 len=0 type=BULK (in, awaiting data)
[3210] +110.246540 ASYNC-IN-DONE ep=0x81 len=0 status=2 actual=0
[3211] +110.246660 ASYNC-IN-SUBMIT ep=0x81 len=0 type=BULK (in, awaiting data)
[3212] +110.353020 ASYNC-IN-DONE ep=0x81 len=0 status=2 actual=0
[3213] +110.353131 ASYNC-IN-SUBMIT ep=0x81 len=0 type=BULK (in, awaiting data)
[3214] +110.384834 ASYNC-OUT ep=0x01 len=16 type=BULK 
	0000  08 00 00 18 02 10 f0 03  00 72 00 10 d4 12 00 00 |.........r......|
[3215] +110.385097 ASYNC-OUT-DONE ep=0x01 len=0 status=0 actual=16
[3216] +110.462476 ASYNC-IN-DONE ep=0x81 len=0 status=2 actual=0
[3217] +110.462572 ASYNC-IN-SUBMIT ep=0x81 len=0 type=BULK (in, awaiting data)
[3218] +110.488742 ASYNC-OUT ep=0x01 len=16 type=BULK 
	0000  08 00 00 18 80 10 ed 03  00 7c 00 10 fd 1a 00 00 |.........|......|
[3219] +110.489076 ASYNC-OUT-DONE ep=0x01 len=0 status=0 actual=16
[3220] +110.566995 ASYNC-IN-DONE ep=0x81 len=0 status=2 actual=0
[3221] +110.567101 ASYNC-IN-SUBMIT ep=0x81 len=0 type=BULK (in, awaiting data)
[3222] +110.619412 ASYNC-IN-DONE ep=0x81 len=16 status=0 actual=16
	0000  08 00 00 18 ed 03 80 10  00 81 00 10 ae 02 00 00 |................|
[3223] +110.619516 ASYNC-IN-SUBMIT ep=0x81 len=0 type=BULK (in, awaiting data)
[3224] +110.727487 ASYNC-IN-DONE ep=0x81 len=0 status=2 actual=0
[3225] +110.727613 ASYNC-IN-SUBMIT ep=0x81 len=0 type=BULK (in, awaiting data)
[3226] +110.747637 ASYNC-OUT ep=0x01 len=16 type=BULK 
	0000  08 00 00 18 01 10 ef 03  00 7d 00 10 93 1e 00 00 |.........}......|
[3227] +110.747978 ASYNC-OUT-DONE ep=0x01 len=0 status=0 actual=16
[3228] +110.819750 ASYNC-IN-DONE ep=0x81 len=16 status=0 actual=16
	0000  08 00 00 18 ef 03 01 10  00 81 00 10 65 02 00 00 |............e...|
[3229] +110.819859 ASYNC-IN-SUBMIT ep=0x81 len=0 type=BULK (in, awaiting data)
[3230] +110.819986 ASYNC-IN-DONE ep=0x81 len=16 status=0 actual=16
	0000  08 00 00 18 f0 03 02 10  00 83 00 10 09 02 00 00 |................|
[3231] +110.820018 ASYNC-IN-SUBMIT ep=0x81 len=0 type=BULK (in, awaiting data)
[3232] +110.924175 ASYNC-IN-DONE ep=0x81 len=0 status=2 actual=0
[3233] +110.924286 ASYNC-IN-SUBMIT ep=0x81 len=0 type=BULK (in, awaiting data)
[3234] +111.034595 ASYNC-IN-DONE ep=0x81 len=0 status=2 actual=0
[3235] +111.034692 ASYNC-IN-SUBMIT ep=0x81 len=0 type=BULK (in, awaiting data)
[3236] +111.145332 ASYNC-IN-DONE ep=0x81 len=0 status=2 actual=0
[3237] +111.145416 ASYNC-IN-SUBMIT ep=0x81 len=0 type=BULK (in, awaiting data)
[3238] +111.248226 ASYNC-IN-DONE ep=0x81 len=0 status=2 actual=0
[3239] +111.248340 ASYNC-IN-SUBMIT ep=0x81 len=0 type=BULK (in, awaiting data)
[3240] +111.358844 ASYNC-IN-DONE ep=0x81 len=0 status=2 actual=0
[3241] +111.358954 ASYNC-IN-SUBMIT ep=0x81 len=0 type=BULK (in, awaiting data)
[3242] +111.423455 ASYNC-OUT ep=0x01 len=16 type=BULK 
	0000  08 00 00 18 02 10 f0 03  00 73 00 10 d4 12 00 00 |.........s......|
[3243] +111.423779 ASYNC-OUT-DONE ep=0x01 len=0 status=0 actual=16
[3244] +111.462291 ASYNC-IN-DONE ep=0x81 len=0 status=2 actual=0
[3245] +111.462449 ASYNC-IN-SUBMIT ep=0x81 len=0 type=BULK (in, awaiting data)
[3246] +111.526616 ASYNC-OUT ep=0x01 len=16 type=BULK 
	0000  08 00 00 18 80 10 ed 03  00 7d 00 10 fd 1a 00 00 |.........}......|
[3247] +111.526973 ASYNC-OUT-DONE ep=0x01 len=0 status=0 actual=16
[3248] +111.570531 ASYNC-IN-DONE ep=0x81 len=0 status=2 actual=0
[3249] +111.570624 ASYNC-IN-SUBMIT ep=0x81 len=0 type=BULK (in, awaiting data)
[3250] +111.621266 ASYNC-IN-DONE ep=0x81 len=16 status=0 actual=16
	0000  08 00 00 18 ed 03 80 10  00 82 00 10 ae 02 00 00 |................|
[3251] +111.621379 ASYNC-IN-SUBMIT ep=0x81 len=0 type=BULK (in, awaiting data)
[3252] +111.722010 ASYNC-IN-DONE ep=0x81 len=0 status=2 actual=0
[3253] +111.722114 ASYNC-IN-SUBMIT ep=0x81 len=0 type=BULK (in, awaiting data)
[3254] +111.785943 ASYNC-OUT ep=0x01 len=16 type=BULK 
	0000  08 00 00 18 01 10 ef 03  00 7e 00 10 93 1e 00 00 |.........~......|
[3255] +111.786269 ASYNC-OUT-DONE ep=0x01 len=0 status=0 actual=16
[3256] +111.821624 ASYNC-IN-DONE ep=0x81 len=16 status=0 actual=16
	0000  08 00 00 18 ef 03 01 10  00 82 00 10 65 02 00 00 |............e...|
[3257] +111.821714 ASYNC-IN-SUBMIT ep=0x81 len=0 type=BULK (in, awaiting data)
[3258] +111.821875 ASYNC-IN-DONE ep=0x81 len=16 status=0 actual=16
	0000  08 00 00 18 f0 03 02 10  00 84 00 10 09 02 00 00 |................|
[3259] +111.821934 ASYNC-IN-SUBMIT ep=0x81 len=0 type=BULK (in, awaiting data)
[3260] +111.923222 ASYNC-IN-DONE ep=0x81 len=0 status=2 actual=0
[3261] +111.923320 ASYNC-IN-SUBMIT ep=0x81 len=0 type=BULK (in, awaiting data)
[3262] +112.025463 ASYNC-IN-DONE ep=0x81 len=0 status=2 actual=0
[3263] +112.025538 ASYNC-IN-SUBMIT ep=0x81 len=0 type=BULK (in, awaiting data)
[3264] +112.128651 ASYNC-IN-DONE ep=0x81 len=0 status=2 actual=0
[3265] +112.128747 ASYNC-IN-SUBMIT ep=0x81 len=0 type=BULK (in, awaiting data)
[3266] +112.229868 ASYNC-IN-DONE ep=0x81 len=0 status=2 actual=0
[3267] +112.229981 ASYNC-IN-SUBMIT ep=0x81 len=0 type=BULK (in, awaiting data)
[3268] +112.342818 ASYNC-IN-DONE ep=0x81 len=0 status=2 actual=0
[3269] +112.342922 ASYNC-IN-SUBMIT ep=0x81 len=0 type=BULK (in, awaiting data)
[3270] +112.449499 ASYNC-IN-DONE ep=0x81 len=0 status=2 actual=0
[3271] +112.449607 ASYNC-IN-SUBMIT ep=0x81 len=0 type=BULK (in, awaiting data)
[3272] +112.458340 ASYNC-OUT ep=0x01 len=16 type=BULK 
	0000  08 00 00 18 02 10 f0 03  00 74 00 10 d4 12 00 00 |.........t......|
[3273] +112.458602 ASYNC-OUT-DONE ep=0x01 len=0 status=0 actual=16
[3274] +112.556828 ASYNC-IN-DONE ep=0x81 len=0 status=2 actual=0
[3275] +112.556921 ASYNC-IN-SUBMIT ep=0x81 len=0 type=BULK (in, awaiting data)
[3276] +112.562444 ASYNC-OUT ep=0x01 len=16 type=BULK 
	0000  08 00 00 18 80 10 ed 03  00 7e 00 10 fd 1a 00 00 |.........~......|
[3277] +112.562648 ASYNC-OUT-DONE ep=0x01 len=0 status=0 actual=16
[3278] +112.622836 ASYNC-IN-DONE ep=0x81 len=16 status=0 actual=16
	0000  08 00 00 18 ed 03 80 10  00 83 00 10 ae 02 00 00 |................|
[3279] +112.622975 ASYNC-IN-SUBMIT ep=0x81 len=0 type=BULK (in, awaiting data)
[3280] +112.735747 ASYNC-IN-DONE ep=0x81 len=0 status=2 actual=0
[3281] +112.735853 ASYNC-IN-SUBMIT ep=0x81 len=0 type=BULK (in, awaiting data)
[3282] +112.822461 ASYNC-OUT ep=0x01 len=16 type=BULK 
	0000  08 00 00 18 01 10 ef 03  00 7f 00 10 93 1e 00 00 |................|
[3283] +112.822863 ASYNC-OUT-DONE ep=0x01 len=0 status=0 actual=16
[3284] +112.823338 ASYNC-IN-DONE ep=0x81 len=16 status=0 actual=16
	0000  08 00 00 18 ef 03 01 10  00 83 00 10 65 02 00 00 |............e...|
[3285] +112.823407 ASYNC-IN-SUBMIT ep=0x81 len=0 type=BULK (in, awaiting data)
[3286] +112.823584 ASYNC-IN-DONE ep=0x81 len=16 status=0 actual=16
	0000  08 00 00 18 f0 03 02 10  00 85 00 10 09 02 00 00 |................|
[3287] +112.823648 ASYNC-IN-SUBMIT ep=0x81 len=0 type=BULK (in, awaiting data)
[3288] +112.926675 ASYNC-IN-DONE ep=0x81 len=0 status=2 actual=0
[3289] +112.926769 ASYNC-IN-SUBMIT ep=0x81 len=0 type=BULK (in, awaiting data)
[3290] +113.030644 ASYNC-IN-DONE ep=0x81 len=0 status=2 actual=0
[3291] +113.030751 ASYNC-IN-SUBMIT ep=0x81 len=0 type=BULK (in, awaiting data)
[3292] +113.143587 ASYNC-IN-DONE ep=0x81 len=0 status=2 actual=0
[3293] +113.143702 ASYNC-IN-SUBMIT ep=0x81 len=0 type=BULK (in, awaiting data)
[3294] +113.245832 ASYNC-IN-DONE ep=0x81 len=0 status=2 actual=0
[3295] +113.245948 ASYNC-IN-SUBMIT ep=0x81 len=0 type=BULK (in, awaiting data)
[3296] +113.348208 ASYNC-IN-DONE ep=0x81 len=0 status=2 actual=0
[3297] +113.348299 ASYNC-IN-SUBMIT ep=0x81 len=0 type=BULK (in, awaiting data)
[3298] +113.461111 ASYNC-IN-DONE ep=0x81 len=0 status=2 actual=0
[3299] +113.461215 ASYNC-IN-SUBMIT ep=0x81 len=0 type=BULK (in, awaiting data)
[3300] +113.496758 ASYNC-OUT ep=0x01 len=16 type=BULK 
	0000  08 00 00 18 02 10 f0 03  00 75 00 10 d4 12 00 00 |.........u......|
[3301] +113.497062 ASYNC-OUT-DONE ep=0x01 len=0 status=0 actual=16
[3302] +113.562203 ASYNC-IN-DONE ep=0x81 len=0 status=2 actual=0
[3303] +113.562341 ASYNC-IN-SUBMIT ep=0x81 len=0 type=BULK (in, awaiting data)
[3304] +113.600882 ASYNC-OUT ep=0x01 len=16 type=BULK 
	0000  08 00 00 18 80 10 ed 03  00 7f 00 10 fd 1a 00 00 |................|
[3305] +113.601200 ASYNC-OUT-DONE ep=0x01 len=0 status=0 actual=16
[3306] +113.624573 ASYNC-IN-DONE ep=0x81 len=16 status=0 actual=16
	0000  08 00 00 18 ed 03 80 10  00 84 00 10 ae 02 00 00 |................|
[3307] +113.624682 ASYNC-IN-SUBMIT ep=0x81 len=0 type=BULK (in, awaiting data)
[3308] +113.737514 ASYNC-IN-DONE ep=0x81 len=0 status=2 actual=0
[3309] +113.737633 ASYNC-IN-SUBMIT ep=0x81 len=0 type=BULK (in, awaiting data)
[3310] +113.825040 ASYNC-IN-DONE ep=0x81 len=16 status=0 actual=16
	0000  08 00 00 18 ef 03 01 10  00 84 00 10 65 02 00 00 |............e...|
[3311] +113.825179 ASYNC-IN-SUBMIT ep=0x81 len=0 type=BULK (in, awaiting data)
[3312] +113.825368 ASYNC-IN-DONE ep=0x81 len=16 status=0 actual=16
	0000  08 00 00 18 f0 03 02 10  00 86 00 10 09 02 00 00 |................|
[3313] +113.825448 ASYNC-IN-SUBMIT ep=0x81 len=0 type=BULK (in, awaiting data)
[3314] +113.860677 ASYNC-OUT ep=0x01 len=16 type=BULK 
	0000  08 00 00 18 01 10 ef 03  00 80 00 10 93 1e 00 00 |................|
[3315] +113.860911 ASYNC-OUT-DONE ep=0x01 len=0 status=0 actual=16
[3316] +113.935508 ASYNC-IN-DONE ep=0x81 len=0 status=2 actual=0
[3317] +113.935577 ASYNC-IN-SUBMIT ep=0x81 len=0 type=BULK (in, awaiting data)
[3318] +114.042121 ASYNC-IN-DONE ep=0x81 len=0 status=2 actual=0
[3319] +114.042228 ASYNC-IN-SUBMIT ep=0x81 len=0 type=BULK (in, awaiting data)
[3320] +114.155044 ASYNC-IN-DONE ep=0x81 len=0 status=2 actual=0
[3321] +114.155136 ASYNC-IN-SUBMIT ep=0x81 len=0 type=BULK (in, awaiting data)
[3322] +114.263009 ASYNC-IN-DONE ep=0x81 len=0 status=2 actual=0
[3323] +114.263110 ASYNC-IN-SUBMIT ep=0x81 len=0 type=BULK (in, awaiting data)
[3324] +114.375814 ASYNC-IN-DONE ep=0x81 len=0 status=2 actual=0
[3325] +114.375910 ASYNC-IN-SUBMIT ep=0x81 len=0 type=BULK (in, awaiting data)
[3326] +114.486486 ASYNC-IN-DONE ep=0x81 len=0 status=2 actual=0
[3327] +114.486575 ASYNC-IN-SUBMIT ep=0x81 len=0 type=BULK (in, awaiting data)
[3328] +114.535852 ASYNC-OUT ep=0x01 len=16 type=BULK 
	0000  08 00 00 18 02 10 f0 03  00 76 00 10 d4 12 00 00 |.........v......|
[3329] +114.536173 ASYNC-OUT-DONE ep=0x01 len=0 status=0 actual=16
[3330] +114.596554 ASYNC-IN-DONE ep=0x81 len=0 status=2 actual=0
[3331] +114.596643 ASYNC-IN-SUBMIT ep=0x81 len=0 type=BULK (in, awaiting data)
[3332] +114.626133 ASYNC-IN-DONE ep=0x81 len=16 status=0 actual=16
	0000  08 00 00 18 ed 03 80 10  00 85 00 10 ae 02 00 00 |................|
[3333] +114.626229 ASYNC-IN-SUBMIT ep=0x81 len=0 type=BULK (in, awaiting data)
[3334] +114.639064 ASYNC-OUT ep=0x01 len=16 type=BULK 
	0000  08 00 00 18 80 10 ed 03  00 80 00 10 fd 1a 00 00 |................|
[3335] +114.639379 ASYNC-OUT-DONE ep=0x01 len=0 status=0 actual=16
[3336] +114.736859 ASYNC-IN-DONE ep=0x81 len=0 status=2 actual=0
[3337] +114.736954 ASYNC-IN-SUBMIT ep=0x81 len=0 type=BULK (in, awaiting data)
[3338] +114.826543 ASYNC-IN-DONE ep=0x81 len=16 status=0 actual=16
	0000  08 00 00 18 ef 03 01 10  00 85 00 10 65 02 00 00 |............e...|
[3339] +114.826683 ASYNC-IN-SUBMIT ep=0x81 len=0 type=BULK (in, awaiting data)
[3340] +114.826879 ASYNC-IN-DONE ep=0x81 len=16 status=0 actual=16
	0000  08 00 00 18 f0 03 02 10  00 87 00 10 09 02 00 00 |................|
[3341] +114.826960 ASYNC-IN-SUBMIT ep=0x81 len=0 type=BULK (in, awaiting data)
[3342] +114.897916 ASYNC-OUT ep=0x01 len=16 type=BULK 
	0000  08 00 00 18 01 10 ef 03  00 81 00 10 93 1e 00 00 |................|
[3343] +114.898255 ASYNC-OUT-DONE ep=0x01 len=0 status=0 actual=16
[3344] +114.939772 ASYNC-IN-DONE ep=0x81 len=0 status=2 actual=0
[3345] +114.939850 ASYNC-IN-SUBMIT ep=0x81 len=0 type=BULK (in, awaiting data)
[3346] +115.046543 ASYNC-IN-DONE ep=0x81 len=0 status=2 actual=0
[3347] +115.046657 ASYNC-IN-SUBMIT ep=0x81 len=0 type=BULK (in, awaiting data)
[3348] +115.154212 ASYNC-IN-DONE ep=0x81 len=0 status=2 actual=0
[3349] +115.154322 ASYNC-IN-SUBMIT ep=0x81 len=0 type=BULK (in, awaiting data)
[3350] +115.262200 ASYNC-IN-DONE ep=0x81 len=0 status=2 actual=0
[3351] +115.262312 ASYNC-IN-SUBMIT ep=0x81 len=0 type=BULK (in, awaiting data)
[3352] +115.370932 ASYNC-IN-DONE ep=0x81 len=0 status=2 actual=0
[3353] +115.370997 ASYNC-IN-SUBMIT ep=0x81 len=0 type=BULK (in, awaiting data)
[3354] +115.477374 ASYNC-IN-DONE ep=0x81 len=0 status=2 actual=0
[3355] +115.477447 ASYNC-IN-SUBMIT ep=0x81 len=0 type=BULK (in, awaiting data)
[3356] +115.573220 ASYNC-OUT ep=0x01 len=16 type=BULK 
	0000  08 00 00 18 02 10 f0 03  00 77 00 10 d4 12 00 00 |.........w......|
[3357] +115.573603 ASYNC-OUT-DONE ep=0x01 len=0 status=0 actual=16
[3358] +115.589254 ASYNC-IN-DONE ep=0x81 len=0 status=2 actual=0
[3359] +115.589357 ASYNC-IN-SUBMIT ep=0x81 len=0 type=BULK (in, awaiting data)
[3360] +115.627659 ASYNC-IN-DONE ep=0x81 len=16 status=0 actual=16
	0000  08 00 00 18 ed 03 80 10  00 86 00 10 ae 02 00 00 |................|
[3361] +115.627802 ASYNC-IN-SUBMIT ep=0x81 len=0 type=BULK (in, awaiting data)
[3362] +115.676605 ASYNC-OUT ep=0x01 len=16 type=BULK 
	0000  08 00 00 18 80 10 ed 03  00 81 00 10 fd 1a 00 00 |................|
[3363] +115.676947 ASYNC-OUT-DONE ep=0x01 len=0 status=0 actual=16
[3364] +115.737241 ASYNC-IN-DONE ep=0x81 len=0 status=2 actual=0
[3365] +115.737340 ASYNC-IN-SUBMIT ep=0x81 len=0 type=BULK (in, awaiting data)
[3366] +115.828055 ASYNC-IN-DONE ep=0x81 len=16 status=0 actual=16
	0000  08 00 00 18 ef 03 01 10  00 86 00 10 65 02 00 00 |............e...|
[3367] +115.828216 ASYNC-IN-SUBMIT ep=0x81 len=0 type=BULK (in, awaiting data)
[3368] +115.828440 ASYNC-IN-DONE ep=0x81 len=16 status=0 actual=16
	0000  08 00 00 18 f0 03 02 10  00 88 00 10 09 02 00 00 |................|
[3369] +115.828535 ASYNC-IN-SUBMIT ep=0x81 len=0 type=BULK (in, awaiting data)
[3370] +115.936433 ASYNC-OUT ep=0x01 len=16 type=BULK 
	0000  08 00 00 18 01 10 ef 03  00 82 00 10 93 1e 00 00 |................|
[3371] +115.936546 ASYNC-IN-DONE ep=0x81 len=0 status=2 actual=0
[3372] +115.936599 ASYNC-IN-SUBMIT ep=0x81 len=0 type=BULK (in, awaiting data)
[3373] +115.936748 ASYNC-OUT-DONE ep=0x01 len=0 status=0 actual=16
[3374] +116.046544 ASYNC-IN-DONE ep=0x81 len=0 status=2 actual=0
[3375] +116.046640 ASYNC-IN-SUBMIT ep=0x81 len=0 type=BULK (in, awaiting data)
[3376] +116.157694 ASYNC-IN-DONE ep=0x81 len=0 status=2 actual=0
[3377] +116.157723 ASYNC-IN-SUBMIT ep=0x81 len=0 type=BULK (in, awaiting data)
[3378] +116.267395 ASYNC-IN-DONE ep=0x81 len=0 status=2 actual=0
[3379] +116.267512 ASYNC-IN-SUBMIT ep=0x81 len=0 type=BULK (in, awaiting data)
[3380] +116.379874 ASYNC-IN-DONE ep=0x81 len=0 status=2 actual=0
[3381] +116.379973 ASYNC-IN-SUBMIT ep=0x81 len=0 type=BULK (in, awaiting data)
[3382] +116.492375 ASYNC-IN-DONE ep=0x81 len=0 status=2 actual=0
[3383] +116.492467 ASYNC-IN-SUBMIT ep=0x81 len=0 type=BULK (in, awaiting data)
[3384] +116.604252 ASYNC-IN-DONE ep=0x81 len=0 status=2 actual=0
[3385] +116.604355 ASYNC-IN-SUBMIT ep=0x81 len=0 type=BULK (in, awaiting data)
[3386] +116.610807 ASYNC-OUT ep=0x01 len=16 type=BULK 
	0000  08 00 00 18 02 10 f0 03  00 78 00 10 d4 12 00 00 |.........x......|
[3387] +116.611024 ASYNC-OUT-DONE ep=0x01 len=0 status=0 actual=16
[3388] +116.629089 ASYNC-IN-DONE ep=0x81 len=16 status=0 actual=16
	0000  08 00 00 18 ed 03 80 10  00 87 00 10 ae 02 00 00 |................|
[3389] +116.629183 ASYNC-IN-SUBMIT ep=0x81 len=0 type=BULK (in, awaiting data)
[3390] +116.714851 ASYNC-OUT ep=0x01 len=16 type=BULK 
	0000  08 00 00 18 80 10 ed 03  00 82 00 10 fd 1a 00 00 |................|
[3391] +116.715197 ASYNC-OUT-DONE ep=0x01 len=0 status=0 actual=16
[3392] +116.741000 ASYNC-IN-DONE ep=0x81 len=0 status=2 actual=0
[3393] +116.741064 ASYNC-IN-SUBMIT ep=0x81 len=0 type=BULK (in, awaiting data)
[3394] +116.829566 ASYNC-IN-DONE ep=0x81 len=16 status=0 actual=16
	0000  08 00 00 18 ef 03 01 10  00 87 00 10 65 02 00 00 |............e...|
[3395] +116.829715 ASYNC-IN-SUBMIT ep=0x81 len=0 type=BULK (in, awaiting data)
[3396] +116.829906 ASYNC-IN-DONE ep=0x81 len=16 status=0 actual=16
	0000  08 00 00 18 f0 03 02 10  00 89 00 10 09 02 00 00 |................|
[3397] +116.829971 ASYNC-IN-SUBMIT ep=0x81 len=0 type=BULK (in, awaiting data)
[3398] +116.937461 ASYNC-IN-DONE ep=0x81 len=0 status=2 actual=0
[3399] +116.937573 ASYNC-IN-SUBMIT ep=0x81 len=0 type=BULK (in, awaiting data)
[3400] +116.973618 ASYNC-OUT ep=0x01 len=16 type=BULK 
	0000  08 00 00 18 01 10 ef 03  00 83 00 10 93 1e 00 00 |................|
[3401] +116.973936 ASYNC-OUT-DONE ep=0x01 len=0 status=0 actual=16
[3402] +117.046499 ASYNC-IN-DONE ep=0x81 len=0 status=2 actual=0
[3403] +117.046596 ASYNC-IN-SUBMIT ep=0x81 len=0 type=BULK (in, awaiting data)
[3404] +117.159420 ASYNC-IN-DONE ep=0x81 len=0 status=2 actual=0
[3405] +117.159525 ASYNC-IN-SUBMIT ep=0x81 len=0 type=BULK (in, awaiting data)
[3406] +117.270949 ASYNC-IN-DONE ep=0x81 len=0 status=2 actual=0
[3407] +117.271038 ASYNC-IN-SUBMIT ep=0x81 len=0 type=BULK (in, awaiting data)
[3408] +117.382783 ASYNC-IN-DONE ep=0x81 len=0 status=2 actual=0
[3409] +117.382888 ASYNC-IN-SUBMIT ep=0x81 len=0 type=BULK (in, awaiting data)
[3410] +117.495731 ASYNC-IN-DONE ep=0x81 len=0 status=2 actual=0
[3411] +117.495851 ASYNC-IN-SUBMIT ep=0x81 len=0 type=BULK (in, awaiting data)
[3412] +117.602825 ASYNC-IN-DONE ep=0x81 len=0 status=2 actual=0
[3413] +117.602935 ASYNC-IN-SUBMIT ep=0x81 len=0 type=BULK (in, awaiting data)
[3414] +117.630861 ASYNC-IN-DONE ep=0x81 len=16 status=0 actual=16
	0000  08 00 00 18 ed 03 80 10  00 88 00 10 ae 02 00 00 |................|
[3415] +117.630981 ASYNC-IN-SUBMIT ep=0x81 len=0 type=BULK (in, awaiting data)
[3416] +117.647621 ASYNC-OUT ep=0x01 len=16 type=BULK 
	0000  08 00 00 18 02 10 f0 03  00 79 00 10 d4 12 00 00 |.........y......|
[3417] +117.647842 ASYNC-OUT-DONE ep=0x01 len=0 status=0 actual=16
[3418] +117.732864 ASYNC-IN-DONE ep=0x81 len=0 status=2 actual=0
[3419] +117.732948 ASYNC-IN-SUBMIT ep=0x81 len=0 type=BULK (in, awaiting data)
[3420] +117.751759 ASYNC-OUT ep=0x01 len=16 type=BULK 
	0000  08 00 00 18 80 10 ed 03  00 83 00 10 fd 1a 00 00 |................|
[3421] +117.752144 ASYNC-OUT-DONE ep=0x01 len=0 status=0 actual=16
[3422] +117.831330 ASYNC-IN-DONE ep=0x81 len=16 status=0 actual=16
	0000  08 00 00 18 ef 03 01 10  00 88 00 10 65 02 00 00 |............e...|
[3423] +117.831455 ASYNC-IN-SUBMIT ep=0x81 len=0 type=BULK (in, awaiting data)
[3424] +117.831635 ASYNC-IN-DONE ep=0x81 len=16 status=0 actual=16
	0000  08 00 00 18 f0 03 02 10  00 8a 00 10 09 02 00 00 |................|
[3425] +117.831690 ASYNC-IN-SUBMIT ep=0x81 len=0 type=BULK (in, awaiting data)
[3426] +117.937454 ASYNC-IN-DONE ep=0x81 len=0 status=2 actual=0
[3427] +117.937552 ASYNC-IN-SUBMIT ep=0x81 len=0 type=BULK (in, awaiting data)
[3428] +118.011898 ASYNC-OUT ep=0x01 len=16 type=BULK 
	0000  08 00 00 18 01 10 ef 03  00 84 00 10 93 1e 00 00 |................|
[3429] +118.012193 ASYNC-OUT-DONE ep=0x01 len=0 status=0 actual=16
[3430] +118.050327 ASYNC-IN-DONE ep=0x81 len=0 status=2 actual=0
[3431] +118.050383 ASYNC-IN-SUBMIT ep=0x81 len=0 type=BULK (in, awaiting data)
[3432] +118.162514 ASYNC-IN-DONE ep=0x81 len=0 status=2 actual=0
[3433] +118.162613 ASYNC-IN-SUBMIT ep=0x81 len=0 type=BULK (in, awaiting data)
[3434] +118.271525 ASYNC-IN-DONE ep=0x81 len=0 status=2 actual=0
[3435] +118.271611 ASYNC-IN-SUBMIT ep=0x81 len=0 type=BULK (in, awaiting data)
[3436] +118.376386 ASYNC-IN-DONE ep=0x81 len=0 status=2 actual=0
[3437] +118.376477 ASYNC-IN-SUBMIT ep=0x81 len=0 type=BULK (in, awaiting data)
[3438] +118.485032 ASYNC-IN-DONE ep=0x81 len=0 status=2 actual=0
[3439] +118.485124 ASYNC-IN-SUBMIT ep=0x81 len=0 type=BULK (in, awaiting data)
[3440] +118.586674 ASYNC-IN-DONE ep=0x81 len=0 status=2 actual=0
[3441] +118.586868 ASYNC-IN-SUBMIT ep=0x81 len=0 type=BULK (in, awaiting data)
[3442] +118.632410 ASYNC-IN-DONE ep=0x81 len=16 status=0 actual=16
	0000  08 00 00 18 ed 03 80 10  00 89 00 10 ae 02 00 00 |................|
[3443] +118.632514 ASYNC-IN-SUBMIT ep=0x81 len=0 type=BULK (in, awaiting data)
[3444] +118.688525 ASYNC-OUT ep=0x01 len=16 type=BULK 
	0000  08 00 00 18 02 10 f0 03  00 7a 00 10 d4 12 00 00 |.........z......|
[3445] +118.688792 ASYNC-OUT-DONE ep=0x01 len=0 status=0 actual=16
[3446] +118.742349 ASYNC-IN-DONE ep=0x81 len=0 status=2 actual=0
[3447] +118.742434 ASYNC-IN-SUBMIT ep=0x81 len=0 type=BULK (in, awaiting data)
[3448] +118.792743 ASYNC-OUT ep=0x01 len=16 type=BULK 
	0000  08 00 00 18 80 10 ed 03  00 84 00 10 fd 1a 00 00 |................|
[3449] +118.793053 ASYNC-OUT-DONE ep=0x01 len=0 status=0 actual=16
[3450] +118.832781 ASYNC-IN-DONE ep=0x81 len=16 status=0 actual=16
	0000  08 00 00 18 ef 03 01 10  00 89 00 10 65 02 00 00 |............e...|
[3451] +118.832894 ASYNC-IN-SUBMIT ep=0x81 len=0 type=BULK (in, awaiting data)
[3452] +118.833080 ASYNC-IN-DONE ep=0x81 len=16 status=0 actual=16
	0000  08 00 00 18 f0 03 02 10  00 8b 00 10 09 02 00 00 |................|
[3453] +118.833134 ASYNC-IN-SUBMIT ep=0x81 len=0 type=BULK (in, awaiting data)
[3454] +118.945996 ASYNC-IN-DONE ep=0x81 len=0 status=2 actual=0
[3455] +118.946064 ASYNC-IN-SUBMIT ep=0x81 len=0 type=BULK (in, awaiting data)
[3456] +119.052928 ASYNC-OUT ep=0x01 len=16 type=BULK 
	0000  08 00 00 18 01 10 ef 03  00 85 00 10 93 1e 00 00 |................|
[3457] +119.053257 ASYNC-OUT-DONE ep=0x01 len=0 status=0 actual=16
[3458] +119.056246 ASYNC-IN-DONE ep=0x81 len=0 status=2 actual=0
[3459] +119.056283 ASYNC-IN-SUBMIT ep=0x81 len=0 type=BULK (in, awaiting data)
[3460] +119.167368 ASYNC-IN-DONE ep=0x81 len=0 status=2 actual=0
[3461] +119.167461 ASYNC-IN-SUBMIT ep=0x81 len=0 type=BULK (in, awaiting data)
[3462] +119.279869 ASYNC-IN-DONE ep=0x81 len=0 status=2 actual=0
[3463] +119.279963 ASYNC-IN-SUBMIT ep=0x81 len=0 type=BULK (in, awaiting data)
[3464] +119.392354 ASYNC-IN-DONE ep=0x81 len=0 status=2 actual=0
[3465] +119.392440 ASYNC-IN-SUBMIT ep=0x81 len=0 type=BULK (in, awaiting data)
[3466] +119.504864 ASYNC-IN-DONE ep=0x81 len=0 status=2 actual=0
[3467] +119.504956 ASYNC-IN-SUBMIT ep=0x81 len=0 type=BULK (in, awaiting data)
[3468] +119.617333 ASYNC-IN-DONE ep=0x81 len=0 status=2 actual=0
[3469] +119.617422 ASYNC-IN-SUBMIT ep=0x81 len=0 type=BULK (in, awaiting data)
[3470] +119.633954 ASYNC-IN-DONE ep=0x81 len=16 status=0 actual=16
	0000  08 00 00 18 ed 03 80 10  00 8a 00 10 ae 02 00 00 |................|
[3471] +119.634186 ASYNC-IN-SUBMIT ep=0x81 len=0 type=BULK (in, awaiting data)
[3472] +119.728638 ASYNC-OUT ep=0x01 len=16 type=BULK 
	0000  08 00 00 18 02 10 f0 03  00 7b 00 10 d4 12 00 00 |.........{......|
[3473] +119.728961 ASYNC-OUT-DONE ep=0x01 len=0 status=0 actual=16
[3474] +119.737142 ASYNC-IN-DONE ep=0x81 len=0 status=2 actual=0
[3475] +119.737178 ASYNC-IN-SUBMIT ep=0x81 len=0 type=BULK (in, awaiting data)
[3476] +119.832772 ASYNC-OUT ep=0x01 len=16 type=BULK 
	0000  08 00 00 18 80 10 ed 03  00 85 00 10 fd 1a 00 00 |................|
[3477] +119.833108 ASYNC-OUT-DONE ep=0x01 len=0 status=0 actual=16
[3478] +119.834191 ASYNC-IN-DONE ep=0x81 len=16 status=0 actual=16
	0000  08 00 00 18 ef 03 01 10  00 8a 00 10 65 02 00 00 |............e...|
[3479] +119.834258 ASYNC-IN-SUBMIT ep=0x81 len=0 type=BULK (in, awaiting data)
[3480] +119.834419 ASYNC-IN-DONE ep=0x81 len=16 status=0 actual=16
	0000  08 00 00 18 f0 03 02 10  00 8c 00 10 09 02 00 00 |................|
[3481] +119.834475 ASYNC-IN-SUBMIT ep=0x81 len=0 type=BULK (in, awaiting data)
[3482] +119.947253 ASYNC-IN-DONE ep=0x81 len=0 status=2 actual=0
[3483] +119.947357 ASYNC-IN-SUBMIT ep=0x81 len=0 type=BULK (in, awaiting data)
[3484] +120.047852 ASYNC-IN-DONE ep=0x81 len=0 status=2 actual=0
[3485] +120.047931 ASYNC-IN-SUBMIT ep=0x81 len=0 type=BULK (in, awaiting data)
[3486] +120.092232 ASYNC-OUT ep=0x01 len=16 type=BULK 
	0000  08 00 00 18 01 10 ef 03  00 86 00 10 93 1e 00 00 |................|
[3487] +120.092521 ASYNC-OUT-DONE ep=0x01 len=0 status=0 actual=16
[3488] +120.160728 ASYNC-IN-DONE ep=0x81 len=0 status=2 actual=0
[3489] +120.160802 ASYNC-IN-SUBMIT ep=0x81 len=0 type=BULK (in, awaiting data)
[3490] +120.273624 ASYNC-IN-DONE ep=0x81 len=0 status=2 actual=0
[3491] +120.273721 ASYNC-IN-SUBMIT ep=0x81 len=0 type=BULK (in, awaiting data)
[3492] +120.377078 ASYNC-IN-DONE ep=0x81 len=0 status=2 actual=0
[3493] +120.377171 ASYNC-IN-SUBMIT ep=0x81 len=0 type=BULK (in, awaiting data)
[3494] +120.479071 ASYNC-IN-DONE ep=0x81 len=0 status=2 actual=0
[3495] +120.479152 ASYNC-IN-SUBMIT ep=0x81 len=0 type=BULK (in, awaiting data)
[3496] +120.588195 ASYNC-IN-DONE ep=0x81 len=0 status=2 actual=0
[3497] +120.588291 ASYNC-IN-SUBMIT ep=0x81 len=0 type=BULK (in, awaiting data)
[3498] +120.635288 ASYNC-IN-DONE ep=0x81 len=16 status=0 actual=16
	0000  08 00 00 18 ed 03 80 10  00 8b 00 10 ae 02 00 00 |................|
[3499] +120.635418 ASYNC-IN-SUBMIT ep=0x81 len=0 type=BULK (in, awaiting data)
[3500] +120.746566 ASYNC-IN-DONE ep=0x81 len=0 status=2 actual=0
[3501] +120.746647 ASYNC-IN-SUBMIT ep=0x81 len=0 type=BULK (in, awaiting data)
[3502] +120.766746 ASYNC-OUT ep=0x01 len=16 type=BULK 
	0000  08 00 00 18 02 10 f0 03  00 7c 00 10 d4 12 00 00 |.........|......|
[3503] +120.767065 ASYNC-OUT-DONE ep=0x01 len=0 status=0 actual=16
[3504] +120.835684 ASYNC-IN-DONE ep=0x81 len=16 status=0 actual=16
	0000  08 00 00 18 ef 03 01 10  00 8b 00 10 65 02 00 00 |............e...|
[3505] +120.835814 ASYNC-IN-SUBMIT ep=0x81 len=0 type=BULK (in, awaiting data)
[3506] +120.835993 ASYNC-IN-DONE ep=0x81 len=16 status=0 actual=16
	0000  08 00 00 18 f0 03 02 10  00 8d 00 10 09 02 00 00 |................|
[3507] +120.836057 ASYNC-IN-SUBMIT ep=0x81 len=0 type=BULK (in, awaiting data)
[3508] +120.869918 ASYNC-OUT ep=0x01 len=16 type=BULK 
	0000  08 00 00 18 80 10 ed 03  00 86 00 10 fd 1a 00 00 |................|
[3509] +120.870147 ASYNC-OUT-DONE ep=0x01 len=0 status=0 actual=16
[3510] +120.948159 ASYNC-IN-DONE ep=0x81 len=0 status=2 actual=0
[3511] +120.948244 ASYNC-IN-SUBMIT ep=0x81 len=0 type=BULK (in, awaiting data)
[3512] +121.059106 ASYNC-IN-DONE ep=0x81 len=0 status=2 actual=0
[3513] +121.059204 ASYNC-IN-SUBMIT ep=0x81 len=0 type=BULK (in, awaiting data)
[3514] +121.128716 ASYNC-OUT ep=0x01 len=16 type=BULK 
	0000  08 00 00 18 01 10 ef 03  00 87 00 10 93 1e 00 00 |................|
[3515] +121.129011 ASYNC-OUT-DONE ep=0x01 len=0 status=0 actual=16
[3516] +121.160210 ASYNC-IN-DONE ep=0x81 len=0 status=2 actual=0
[3517] +121.160285 ASYNC-IN-SUBMIT ep=0x81 len=0 type=BULK (in, awaiting data)
[3518] +121.273117 ASYNC-IN-DONE ep=0x81 len=0 status=2 actual=0
[3519] +121.273168 ASYNC-IN-SUBMIT ep=0x81 len=0 type=BULK (in, awaiting data)
[3520] +121.379025 ASYNC-IN-DONE ep=0x81 len=0 status=2 actual=0
[3521] +121.379100 ASYNC-IN-SUBMIT ep=0x81 len=0 type=BULK (in, awaiting data)
[3522] +121.485929 ASYNC-IN-DONE ep=0x81 len=0 status=2 actual=0
[3523] +121.486012 ASYNC-IN-SUBMIT ep=0x81 len=0 type=BULK (in, awaiting data)
[3524] +121.597633 ASYNC-IN-DONE ep=0x81 len=0 status=2 actual=0
[3525] +121.597711 ASYNC-IN-SUBMIT ep=0x81 len=0 type=BULK (in, awaiting data)
[3526] +121.636782 ASYNC-IN-DONE ep=0x81 len=16 status=0 actual=16
	0000  08 00 00 18 ed 03 80 10  00 8c 00 10 ae 02 00 00 |................|
[3527] +121.636914 ASYNC-IN-SUBMIT ep=0x81 len=0 type=BULK (in, awaiting data)
[3528] +121.746641 ASYNC-IN-DONE ep=0x81 len=0 status=2 actual=0
[3529] +121.746721 ASYNC-IN-SUBMIT ep=0x81 len=0 type=BULK (in, awaiting data)
[3530] +121.803881 ASYNC-OUT ep=0x01 len=16 type=BULK 
	0000  08 00 00 18 02 10 f0 03  00 7d 00 10 d4 12 00 00 |.........}......|
[3531] +121.804203 ASYNC-OUT-DONE ep=0x01 len=0 status=0 actual=16
[3532] +121.837174 ASYNC-IN-DONE ep=0x81 len=16 status=0 actual=16
	0000  08 00 00 18 ef 03 01 10  00 8c 00 10 65 02 00 00 |............e...|
[3533] +121.837321 ASYNC-IN-SUBMIT ep=0x81 len=0 type=BULK (in, awaiting data)
[3534] +121.837532 ASYNC-IN-DONE ep=0x81 len=16 status=0 actual=16
	0000  08 00 00 18 f0 03 02 10  00 8e 00 10 09 02 00 00 |................|
[3535] +121.837598 ASYNC-IN-SUBMIT ep=0x81 len=0 type=BULK (in, awaiting data)
[3536] +121.907956 ASYNC-OUT ep=0x01 len=16 type=BULK 
	0000  08 00 00 18 80 10 ed 03  00 87 00 10 fd 1a 00 00 |................|
[3537] +121.908290 ASYNC-OUT-DONE ep=0x01 len=0 status=0 actual=16
[3538] +121.946199 ASYNC-IN-DONE ep=0x81 len=0 status=2 actual=0
[3539] +121.946297 ASYNC-IN-SUBMIT ep=0x81 len=0 type=BULK (in, awaiting data)
[3540] +122.049850 ASYNC-IN-DONE ep=0x81 len=0 status=2 actual=0
[3541] +122.049929 ASYNC-IN-SUBMIT ep=0x81 len=0 type=BULK (in, awaiting data)
[3542] +122.162756 ASYNC-IN-DONE ep=0x81 len=0 status=2 actual=0
[3543] +122.162856 ASYNC-IN-SUBMIT ep=0x81 len=0 type=BULK (in, awaiting data)
[3544] +122.167258 ASYNC-OUT ep=0x01 len=16 type=BULK 
	0000  08 00 00 18 01 10 ef 03  00 88 00 10 93 1e 00 00 |................|
[3545] +122.167513 ASYNC-OUT-DONE ep=0x01 len=0 status=0 actual=16
[3546] +122.275697 ASYNC-IN-DONE ep=0x81 len=0 status=2 actual=0
[3547] +122.275761 ASYNC-IN-SUBMIT ep=0x81 len=0 type=BULK (in, awaiting data)
[3548] +122.388649 ASYNC-IN-DONE ep=0x81 len=0 status=2 actual=0
[3549] +122.388719 ASYNC-IN-SUBMIT ep=0x81 len=0 type=BULK (in, awaiting data)
[3550] +122.501548 ASYNC-IN-DONE ep=0x81 len=0 status=2 actual=0
[3551] +122.501657 ASYNC-IN-SUBMIT ep=0x81 len=0 type=BULK (in, awaiting data)
[3552] +122.609048 ASYNC-IN-DONE ep=0x81 len=0 status=2 actual=0
[3553] +122.609131 ASYNC-IN-SUBMIT ep=0x81 len=0 type=BULK (in, awaiting data)
[3554] +122.640751 ASYNC-IN-DONE ep=0x81 len=16 status=0 actual=16
	0000  08 00 00 18 ed 03 80 10  00 8d 00 10 ae 02 00 00 |................|
[3555] +122.640863 ASYNC-IN-SUBMIT ep=0x81 len=0 type=BULK (in, awaiting data)
[3556] +122.752731 ASYNC-IN-DONE ep=0x81 len=0 status=2 actual=0
[3557] +122.752829 ASYNC-IN-SUBMIT ep=0x81 len=0 type=BULK (in, awaiting data)
[3558] +122.841212 ASYNC-IN-DONE ep=0x81 len=16 status=0 actual=16
	0000  08 00 00 18 ef 03 01 10  00 8d 00 10 65 02 00 00 |............e...|
[3559] +122.841305 ASYNC-IN-SUBMIT ep=0x81 len=0 type=BULK (in, awaiting data)
[3560] +122.841626 ASYNC-IN-DONE ep=0x81 len=16 status=0 actual=16
	0000  08 00 00 18 f0 03 02 10  00 8f 00 10 09 02 00 00 |................|
[3561] +122.841679 ASYNC-IN-SUBMIT ep=0x81 len=0 type=BULK (in, awaiting data)
[3562] +122.841705 ASYNC-OUT ep=0x01 len=16 type=BULK 
	0000  08 00 00 18 02 10 f0 03  00 7e 00 10 d4 12 00 00 |.........~......|
[3563] +122.841823 ASYNC-OUT-DONE ep=0x01 len=0 status=0 actual=16
[3564] +122.942760 ASYNC-IN-DONE ep=0x81 len=0 status=2 actual=0
[3565] +122.942844 ASYNC-IN-SUBMIT ep=0x81 len=0 type=BULK (in, awaiting data)
[3566] +122.944902 ASYNC-OUT ep=0x01 len=16 type=BULK 
	0000  08 00 00 18 80 10 ed 03  00 88 00 10 fd 1a 00 00 |................|
[3567] +122.945208 ASYNC-OUT-DONE ep=0x01 len=0 status=0 actual=16
[3568] +123.054915 ASYNC-IN-DONE ep=0x81 len=0 status=2 actual=0
[3569] +123.055013 ASYNC-IN-SUBMIT ep=0x81 len=0 type=BULK (in, awaiting data)
[3570] +123.156320 ASYNC-IN-DONE ep=0x81 len=0 status=2 actual=0
[3571] +123.156407 ASYNC-IN-SUBMIT ep=0x81 len=0 type=BULK (in, awaiting data)
[3572] +123.204753 ASYNC-OUT ep=0x01 len=16 type=BULK 
	0000  08 00 00 18 01 10 ef 03  00 89 00 10 93 1e 00 00 |................|
[3573] +123.205104 ASYNC-OUT-DONE ep=0x01 len=0 status=0 actual=16
[3574] +123.263786 ASYNC-IN-DONE ep=0x81 len=0 status=2 actual=0
[3575] +123.263868 ASYNC-IN-SUBMIT ep=0x81 len=0 type=BULK (in, awaiting data)
[3576] +123.371527 ASYNC-IN-DONE ep=0x81 len=0 status=2 actual=0
[3577] +123.371598 ASYNC-IN-SUBMIT ep=0x81 len=0 type=BULK (in, awaiting data)
[3578] +123.473386 ASYNC-IN-DONE ep=0x81 len=0 status=2 actual=0
[3579] +123.473484 ASYNC-IN-SUBMIT ep=0x81 len=0 type=BULK (in, awaiting data)
[3580] +123.575211 ASYNC-IN-DONE ep=0x81 len=0 status=2 actual=0
[3581] +123.575270 ASYNC-IN-SUBMIT ep=0x81 len=0 type=BULK (in, awaiting data)
[3582] +123.643923 ASYNC-IN-DONE ep=0x81 len=16 status=0 actual=16
	0000  08 00 00 18 ed 03 80 10  00 8e 00 10 ae 02 00 00 |................|
[3583] +123.644009 ASYNC-IN-SUBMIT ep=0x81 len=0 type=BULK (in, awaiting data)
[3584] +123.754908 ASYNC-IN-DONE ep=0x81 len=0 status=2 actual=0
[3585] +123.755005 ASYNC-IN-SUBMIT ep=0x81 len=0 type=BULK (in, awaiting data)
[3586] +123.844335 ASYNC-IN-DONE ep=0x81 len=16 status=0 actual=16
	0000  08 00 00 18 ef 03 01 10  00 8e 00 10 65 02 00 00 |............e...|
[3587] +123.844466 ASYNC-IN-SUBMIT ep=0x81 len=0 type=BULK (in, awaiting data)
[3588] +123.844681 ASYNC-IN-DONE ep=0x81 len=16 status=0 actual=16
	0000  08 00 00 18 f0 03 02 10  00 90 00 10 09 02 00 00 |................|
[3589] +123.844762 ASYNC-IN-SUBMIT ep=0x81 len=0 type=BULK (in, awaiting data)
[3590] +123.878186 ASYNC-OUT ep=0x01 len=16 type=BULK 
	0000  08 00 00 18 02 10 f0 03  00 7f 00 10 d4 12 00 00 |................|
[3591] +123.878503 ASYNC-OUT-DONE ep=0x01 len=0 status=0 actual=16
[3592] +123.957577 ASYNC-IN-DONE ep=0x81 len=0 status=2 actual=0
[3593] +123.957667 ASYNC-IN-SUBMIT ep=0x81 len=0 type=BULK (in, awaiting data)
[3594] +123.982062 ASYNC-OUT ep=0x01 len=16 type=BULK 
	0000  08 00 00 18 80 10 ed 03  00 89 00 10 fd 1a 00 00 |................|
[3595] +123.982351 ASYNC-OUT-DONE ep=0x01 len=0 status=0 actual=16
[3596] +124.068846 ASYNC-IN-DONE ep=0x81 len=0 status=2 actual=0
[3597] +124.068928 ASYNC-IN-SUBMIT ep=0x81 len=0 type=BULK (in, awaiting data)
[3598] +124.170211 ASYNC-IN-DONE ep=0x81 len=0 status=2 actual=0
[3599] +124.170307 ASYNC-IN-SUBMIT ep=0x81 len=0 type=BULK (in, awaiting data)
[3600] +124.240687 ASYNC-OUT ep=0x01 len=16 type=BULK 
	0000  08 00 00 18 01 10 ef 03  00 8a 00 10 93 1e 00 00 |................|
[3601] +124.240995 ASYNC-OUT-DONE ep=0x01 len=0 status=0 actual=16
[3602] +124.282839 ASYNC-IN-DONE ep=0x81 len=0 status=2 actual=0
[3603] +124.283003 ASYNC-IN-SUBMIT ep=0x81 len=0 type=BULK (in, awaiting data)
[3604] +124.394367 ASYNC-IN-DONE ep=0x81 len=0 status=2 actual=0
[3605] +124.394466 ASYNC-IN-SUBMIT ep=0x81 len=0 type=BULK (in, awaiting data)
[3606] +124.495593 ASYNC-IN-DONE ep=0x81 len=0 status=2 actual=0
[3607] +124.495687 ASYNC-IN-SUBMIT ep=0x81 len=0 type=BULK (in, awaiting data)
[3608] +124.602654 ASYNC-IN-DONE ep=0x81 len=0 status=2 actual=0
[3609] +124.602749 ASYNC-IN-SUBMIT ep=0x81 len=0 type=BULK (in, awaiting data)
[3610] +124.646829 ASYNC-IN-DONE ep=0x81 len=16 status=0 actual=16
	0000  08 00 00 18 ed 03 80 10  00 8f 00 10 ae 02 00 00 |................|
[3611] +124.646967 ASYNC-IN-SUBMIT ep=0x81 len=0 type=BULK (in, awaiting data)
[3612] +124.759027 ASYNC-IN-DONE ep=0x81 len=0 status=2 actual=0
[3613] +124.759107 ASYNC-IN-SUBMIT ep=0x81 len=0 type=BULK (in, awaiting data)
[3614] +124.848688 ASYNC-IN-DONE ep=0x81 len=16 status=0 actual=16
	0000  08 00 00 18 ef 03 01 10  00 8f 00 10 65 02 00 00 |............e...|
[3615] +124.848786 ASYNC-IN-SUBMIT ep=0x81 len=0 type=BULK (in, awaiting data)
[3616] +124.848927 ASYNC-IN-DONE ep=0x81 len=16 status=0 actual=16
	0000  08 00 00 18 f0 03 02 10  00 91 00 10 09 02 00 00 |................|
[3617] +124.848972 ASYNC-IN-SUBMIT ep=0x81 len=0 type=BULK (in, awaiting data)
[3618] +124.916000 ASYNC-OUT ep=0x01 len=16 type=BULK 
	0000  08 00 00 18 02 10 f0 03  00 80 00 10 d4 12 00 00 |................|
[3619] +124.916295 ASYNC-OUT-DONE ep=0x01 len=0 status=0 actual=16
[3620] +124.960160 ASYNC-IN-DONE ep=0x81 len=0 status=2 actual=0
[3621] +124.960232 ASYNC-IN-SUBMIT ep=0x81 len=0 type=BULK (in, awaiting data)
[3622] +125.020131 ASYNC-OUT ep=0x01 len=16 type=BULK 
	0000  08 00 00 18 80 10 ed 03  00 8a 00 10 fd 1a 00 00 |................|
[3623] +125.020494 ASYNC-OUT-DONE ep=0x01 len=0 status=0 actual=16
[3624] +125.072353 ASYNC-IN-DONE ep=0x81 len=0 status=2 actual=0
[3625] +125.072427 ASYNC-IN-SUBMIT ep=0x81 len=0 type=BULK (in, awaiting data)
[3626] +125.176221 ASYNC-IN-DONE ep=0x81 len=0 status=2 actual=0
[3627] +125.176312 ASYNC-IN-SUBMIT ep=0x81 len=0 type=BULK (in, awaiting data)
[3628] +125.280480 ASYNC-OUT ep=0x01 len=16 type=BULK 
	0000  08 00 00 18 01 10 ef 03  00 8b 00 10 93 1e 00 00 |................|
[3629] +125.280830 ASYNC-OUT-DONE ep=0x01 len=0 status=0 actual=16
[3630] +125.282653 ASYNC-IN-DONE ep=0x81 len=0 status=2 actual=0
[3631] +125.282698 ASYNC-IN-SUBMIT ep=0x81 len=0 type=BULK (in, awaiting data)
[3632] +125.391720 ASYNC-IN-DONE ep=0x81 len=0 status=2 actual=0
[3633] +125.391821 ASYNC-IN-SUBMIT ep=0x81 len=0 type=BULK (in, awaiting data)
[3634] +125.498200 ASYNC-IN-DONE ep=0x81 len=0 status=2 actual=0
[3635] +125.498246 ASYNC-IN-SUBMIT ep=0x81 len=0 type=BULK (in, awaiting data)
[3636] +125.602875 ASYNC-IN-DONE ep=0x81 len=0 status=2 actual=0
[3637] +125.602972 ASYNC-IN-SUBMIT ep=0x81 len=0 type=BULK (in, awaiting data)
[3638] +125.650469 ASYNC-IN-DONE ep=0x81 len=16 status=0 actual=16
	0000  08 00 00 18 ed 03 80 10  00 90 00 10 ae 02 00 00 |................|
[3639] +125.650658 ASYNC-IN-SUBMIT ep=0x81 len=0 type=BULK (in, awaiting data)
[3640] +125.763184 ASYNC-IN-DONE ep=0x81 len=0 status=2 actual=0
[3641] +125.763255 ASYNC-IN-SUBMIT ep=0x81 len=0 type=BULK (in, awaiting data)
[3642] +125.850857 ASYNC-IN-DONE ep=0x81 len=16 status=0 actual=16
	0000  08 00 00 18 ef 03 01 10  00 90 00 10 65 02 00 00 |............e...|
[3643] +125.850987 ASYNC-IN-SUBMIT ep=0x81 len=0 type=BULK (in, awaiting data)
[3644] +125.851181 ASYNC-IN-DONE ep=0x81 len=16 status=0 actual=16
	0000  08 00 00 18 f0 03 02 10  00 92 00 10 09 02 00 00 |................|
[3645] +125.851245 ASYNC-IN-SUBMIT ep=0x81 len=0 type=BULK (in, awaiting data)
[3646] +125.954224 ASYNC-IN-DONE ep=0x81 len=0 status=2 actual=0
[3647] +125.954322 ASYNC-IN-SUBMIT ep=0x81 len=0 type=BULK (in, awaiting data)
[3648] +125.955502 ASYNC-OUT ep=0x01 len=16 type=BULK 
	0000  08 00 00 18 02 10 f0 03  00 81 00 10 d4 12 00 00 |................|
[3649] +125.955712 ASYNC-OUT-DONE ep=0x01 len=0 status=0 actual=16
[3650] +126.058943 ASYNC-OUT ep=0x01 len=16 type=BULK 
	0000  08 00 00 18 80 10 ed 03  00 8b 00 10 fd 1a 00 00 |................|
[3651] +126.059285 ASYNC-OUT-DONE ep=0x01 len=0 status=0 actual=16
[3652] +126.063180 ASYNC-IN-DONE ep=0x81 len=0 status=2 actual=0
[3653] +126.063219 ASYNC-IN-SUBMIT ep=0x81 len=0 type=BULK (in, awaiting data)
[3654] +126.175738 ASYNC-IN-DONE ep=0x81 len=0 status=2 actual=0
[3655] +126.175767 ASYNC-IN-SUBMIT ep=0x81 len=0 type=BULK (in, awaiting data)
[3656] +126.286325 ASYNC-IN-DONE ep=0x81 len=0 status=2 actual=0
[3657] +126.286337 ASYNC-IN-SUBMIT ep=0x81 len=0 type=BULK (in, awaiting data)
[3658] +126.317236 ASYNC-OUT ep=0x01 len=16 type=BULK 
	0000  08 00 00 18 01 10 ef 03  00 8c 00 10 93 1e 00 00 |................|
[3659] +126.317381 ASYNC-OUT-DONE ep=0x01 len=0 status=0 actual=16
[3660] +126.399137 ASYNC-IN-DONE ep=0x81 len=0 status=2 actual=0
[3661] +126.399169 ASYNC-IN-SUBMIT ep=0x81 len=0 type=BULK (in, awaiting data)
[3662] +126.505079 ASYNC-IN-DONE ep=0x81 len=0 status=2 actual=0
[3663] +126.505098 ASYNC-IN-SUBMIT ep=0x81 len=0 type=BULK (in, awaiting data)
[3664] +126.617828 ASYNC-IN-DONE ep=0x81 len=0 status=2 actual=0
[3665] +126.617895 ASYNC-IN-SUBMIT ep=0x81 len=0 type=BULK (in, awaiting data)
[3666] +126.652116 ASYNC-IN-DONE ep=0x81 len=16 status=0 actual=16
	0000  08 00 00 18 ed 03 80 10  00 91 00 10 ae 02 00 00 |................|
[3667] +126.652155 ASYNC-IN-SUBMIT ep=0x81 len=0 type=BULK (in, awaiting data)
[3668] +126.762907 ASYNC-IN-DONE ep=0x81 len=0 status=2 actual=0
[3669] +126.762964 ASYNC-IN-SUBMIT ep=0x81 len=0 type=BULK (in, awaiting data)
[3670] +126.852560 ASYNC-IN-DONE ep=0x81 len=16 status=0 actual=16
	0000  08 00 00 18 ef 03 01 10  00 91 00 10 65 02 00 00 |............e...|
[3671] +126.852702 ASYNC-IN-SUBMIT ep=0x81 len=0 type=BULK (in, awaiting data)
[3672] +126.854092 ASYNC-IN-DONE ep=0x81 len=16 status=0 actual=16
	0000  08 00 00 18 f0 03 02 10  00 93 00 10 09 02 00 00 |................|
[3673] +126.854165 ASYNC-IN-SUBMIT ep=0x81 len=0 type=BULK (in, awaiting data)
[3674] +126.965180 ASYNC-IN-DONE ep=0x81 len=0 status=2 actual=0
[3675] +126.965279 ASYNC-IN-SUBMIT ep=0x81 len=0 type=BULK (in, awaiting data)
[3676] +126.991174 ASYNC-OUT ep=0x01 len=16 type=BULK 
	0000  08 00 00 18 02 10 f0 03  00 82 00 10 d4 12 00 00 |................|
[3677] +126.991463 ASYNC-OUT-DONE ep=0x01 len=0 status=0 actual=16
[3678] +127.078105 ASYNC-IN-DONE ep=0x81 len=0 status=2 actual=0
[3679] +127.078204 ASYNC-IN-SUBMIT ep=0x81 len=0 type=BULK (in, awaiting data)
[3680] +127.095323 ASYNC-OUT ep=0x01 len=16 type=BULK 
	0000  08 00 00 18 80 10 ed 03  00 8c 00 10 fd 1a 00 00 |................|
[3681] +127.095775 ASYNC-OUT-DONE ep=0x01 len=0 status=0 actual=16
[3682] +127.189788 ASYNC-IN-DONE ep=0x81 len=0 status=2 actual=0
[3683] +127.189872 ASYNC-IN-SUBMIT ep=0x81 len=0 type=BULK (in, awaiting data)
[3684] +127.294406 ASYNC-IN-DONE ep=0x81 len=0 status=2 actual=0
[3685] +127.294506 ASYNC-IN-SUBMIT ep=0x81 len=0 type=BULK (in, awaiting data)
[3686] +127.353721 ASYNC-OUT ep=0x01 len=16 type=BULK 
	0000  08 00 00 18 01 10 ef 03  00 8d 00 10 93 1e 00 00 |................|
[3687] +127.354068 ASYNC-OUT-DONE ep=0x01 len=0 status=0 actual=16
[3688] +127.405931 ASYNC-IN-DONE ep=0x81 len=0 status=2 actual=0
[3689] +127.405991 ASYNC-IN-SUBMIT ep=0x81 len=0 type=BULK (in, awaiting data)
[3690] +127.518398 ASYNC-IN-DONE ep=0x81 len=0 status=2 actual=0
[3691] +127.518485 ASYNC-IN-SUBMIT ep=0x81 len=0 type=BULK (in, awaiting data)
[3692] +127.631335 ASYNC-IN-DONE ep=0x81 len=0 status=2 actual=0
[3693] +127.631418 ASYNC-IN-SUBMIT ep=0x81 len=0 type=BULK (in, awaiting data)
[3694] +127.656529 ASYNC-IN-DONE ep=0x81 len=16 status=0 actual=16
	0000  08 00 00 18 ed 03 80 10  00 92 00 10 ae 02 00 00 |................|
[3695] +127.656633 ASYNC-IN-SUBMIT ep=0x81 len=0 type=BULK (in, awaiting data)
[3696] +127.767372 ASYNC-IN-DONE ep=0x81 len=0 status=2 actual=0
[3697] +127.767458 ASYNC-IN-SUBMIT ep=0x81 len=0 type=BULK (in, awaiting data)
[3698] +127.857897 ASYNC-IN-DONE ep=0x81 len=16 status=0 actual=16
	0000  08 00 00 18 ef 03 01 10  00 92 00 10 65 02 00 00 |............e...|
[3699] +127.857988 ASYNC-IN-SUBMIT ep=0x81 len=0 type=BULK (in, awaiting data)
[3700] +127.858144 ASYNC-IN-DONE ep=0x81 len=16 status=0 actual=16
	0000  08 00 00 18 f0 03 02 10  00 94 00 10 09 02 00 00 |................|
[3701] +127.858190 ASYNC-IN-SUBMIT ep=0x81 len=0 type=BULK (in, awaiting data)
[3702] +127.970961 ASYNC-IN-DONE ep=0x81 len=0 status=2 actual=0
[3703] +127.971046 ASYNC-IN-SUBMIT ep=0x81 len=0 type=BULK (in, awaiting data)
[3704] +128.027568 ASYNC-OUT ep=0x01 len=16 type=BULK 
	0000  08 00 00 18 02 10 f0 03  00 83 00 10 d4 12 00 00 |................|
[3705] +128.027864 ASYNC-OUT-DONE ep=0x01 len=0 status=0 actual=16
[3706] +128.082730 ASYNC-IN-DONE ep=0x81 len=0 status=2 actual=0
[3707] +128.082806 ASYNC-IN-SUBMIT ep=0x81 len=0 type=BULK (in, awaiting data)
[3708] +128.131100 ASYNC-OUT ep=0x01 len=16 type=BULK 
	0000  08 00 00 18 80 10 ed 03  00 8d 00 10 fd 1a 00 00 |................|
[3709] +128.131435 ASYNC-OUT-DONE ep=0x01 len=0 status=0 actual=16
[3710] +128.191971 ASYNC-IN-DONE ep=0x81 len=0 status=2 actual=0
[3711] +128.192056 ASYNC-IN-SUBMIT ep=0x81 len=0 type=BULK (in, awaiting data)
[3712] +128.295447 ASYNC-IN-DONE ep=0x81 len=0 status=2 actual=0
[3713] +128.295526 ASYNC-IN-SUBMIT ep=0x81 len=0 type=BULK (in, awaiting data)
[3714] +128.389573 ASYNC-OUT ep=0x01 len=16 type=BULK 
	0000  08 00 00 18 01 10 ef 03  00 8e 00 10 93 1e 00 00 |................|
[3715] +128.389910 ASYNC-OUT-DONE ep=0x01 len=0 status=0 actual=16
[3716] +128.396579 ASYNC-IN-DONE ep=0x81 len=0 status=2 actual=0
[3717] +128.396643 ASYNC-IN-SUBMIT ep=0x81 len=0 type=BULK (in, awaiting data)
[3718] +128.502852 ASYNC-IN-DONE ep=0x81 len=0 status=2 actual=0
[3719] +128.502950 ASYNC-IN-SUBMIT ep=0x81 len=0 type=BULK (in, awaiting data)
[3720] +128.606526 ASYNC-IN-DONE ep=0x81 len=0 status=2 actual=0
[3721] +128.606632 ASYNC-IN-SUBMIT ep=0x81 len=0 type=BULK (in, awaiting data)
[3722] +128.659127 ASYNC-IN-DONE ep=0x81 len=16 status=0 actual=16
	0000  08 00 00 18 ed 03 80 10  00 93 00 10 ae 02 00 00 |................|
[3723] +128.659231 ASYNC-IN-SUBMIT ep=0x81 len=0 type=BULK (in, awaiting data)
[3724] +128.762429 ASYNC-IN-DONE ep=0x81 len=0 status=2 actual=0
[3725] +128.762513 ASYNC-IN-SUBMIT ep=0x81 len=0 type=BULK (in, awaiting data)
[3726] +128.859564 ASYNC-IN-DONE ep=0x81 len=16 status=0 actual=16
	0000  08 00 00 18 ef 03 01 10  00 93 00 10 65 02 00 00 |............e...|
[3727] +128.859689 ASYNC-IN-SUBMIT ep=0x81 len=0 type=BULK (in, awaiting data)
[3728] +128.859878 ASYNC-IN-DONE ep=0x81 len=16 status=0 actual=16
	0000  08 00 00 18 f0 03 02 10  00 95 00 10 09 02 00 00 |................|
[3729] +128.859935 ASYNC-IN-SUBMIT ep=0x81 len=0 type=BULK (in, awaiting data)
[3730] +128.963454 ASYNC-IN-DONE ep=0x81 len=0 status=2 actual=0
[3731] +128.963538 ASYNC-IN-SUBMIT ep=0x81 len=0 type=BULK (in, awaiting data)
[3732] +129.064171 ASYNC-OUT ep=0x01 len=16 type=BULK 
	0000  08 00 00 18 02 10 f0 03  00 84 00 10 d4 12 00 00 |................|
[3733] +129.064472 ASYNC-OUT-DONE ep=0x01 len=0 status=0 actual=16
[3734] +129.076306 ASYNC-IN-DONE ep=0x81 len=0 status=2 actual=0
[3735] +129.076356 ASYNC-IN-SUBMIT ep=0x81 len=0 type=BULK (in, awaiting data)
[3736] +129.168251 ASYNC-OUT ep=0x01 len=16 type=BULK 
	0000  08 00 00 18 80 10 ed 03  00 8e 00 10 fd 1a 00 00 |................|
[3737] +129.168568 ASYNC-OUT-DONE ep=0x01 len=0 status=0 actual=16
[3738] +129.187488 ASYNC-IN-DONE ep=0x81 len=0 status=2 actual=0
[3739] +129.187559 ASYNC-IN-SUBMIT ep=0x81 len=0 type=BULK (in, awaiting data)
[3740] +129.300365 ASYNC-IN-DONE ep=0x81 len=0 status=2 actual=0
[3741] +129.300463 ASYNC-IN-SUBMIT ep=0x81 len=0 type=BULK (in, awaiting data)
[3742] +129.402817 ASYNC-IN-DONE ep=0x81 len=0 status=2 actual=0
[3743] +129.402910 ASYNC-IN-SUBMIT ep=0x81 len=0 type=BULK (in, awaiting data)
[3744] +129.427604 ASYNC-OUT ep=0x01 len=16 type=BULK 
	0000  08 00 00 18 01 10 ef 03  00 8f 00 10 93 1e 00 00 |................|
[3745] +129.427852 ASYNC-OUT-DONE ep=0x01 len=0 status=0 actual=16
[3746] +129.515749 ASYNC-IN-DONE ep=0x81 len=0 status=2 actual=0
[3747] +129.515846 ASYNC-IN-SUBMIT ep=0x81 len=0 type=BULK (in, awaiting data)
[3748] +129.628255 ASYNC-IN-DONE ep=0x81 len=0 status=2 actual=0
[3749] +129.628348 ASYNC-IN-SUBMIT ep=0x81 len=0 type=BULK (in, awaiting data)
[3750] +129.660772 ASYNC-IN-DONE ep=0x81 len=16 status=0 actual=16
	0000  08 00 00 18 ed 03 80 10  00 94 00 10 ae 02 00 00 |................|
[3751] +129.660867 ASYNC-IN-SUBMIT ep=0x81 len=0 type=BULK (in, awaiting data)
[3752] +129.769867 ASYNC-IN-DONE ep=0x81 len=0 status=2 actual=0
[3753] +129.769953 ASYNC-IN-SUBMIT ep=0x81 len=0 type=BULK (in, awaiting data)
[3754] +129.861215 ASYNC-IN-DONE ep=0x81 len=16 status=0 actual=16
	0000  08 00 00 18 ef 03 01 10  00 94 00 10 65 02 00 00 |............e...|
[3755] +129.861341 ASYNC-IN-SUBMIT ep=0x81 len=0 type=BULK (in, awaiting data)
[3756] +129.861531 ASYNC-IN-DONE ep=0x81 len=16 status=0 actual=16
	0000  08 00 00 18 f0 03 02 10  00 96 00 10 09 02 00 00 |................|
[3757] +129.861603 ASYNC-IN-SUBMIT ep=0x81 len=0 type=BULK (in, awaiting data)
[3758] +129.965384 ASYNC-IN-DONE ep=0x81 len=0 status=2 actual=0
[3759] +129.965467 ASYNC-IN-SUBMIT ep=0x81 len=0 type=BULK (in, awaiting data)
[3760] +130.073759 ASYNC-IN-DONE ep=0x81 len=0 status=2 actual=0
[3761] +130.073856 ASYNC-IN-SUBMIT ep=0x81 len=0 type=BULK (in, awaiting data)
[3762] +130.102661 ASYNC-OUT ep=0x01 len=16 type=BULK 
	0000  08 00 00 18 02 10 f0 03  00 85 00 10 d4 12 00 00 |................|
[3763] +130.102912 ASYNC-OUT-DONE ep=0x01 len=0 status=0 actual=16
[3764] +130.180178 ASYNC-IN-DONE ep=0x81 len=0 status=2 actual=0
[3765] +130.180271 ASYNC-IN-SUBMIT ep=0x81 len=0 type=BULK (in, awaiting data)
[3766] +130.206034 ASYNC-OUT ep=0x01 len=16 type=BULK 
	0000  08 00 00 18 80 10 ed 03  00 8f 00 10 fd 1a 00 00 |................|
[3767] +130.206280 ASYNC-OUT-DONE ep=0x01 len=0 status=0 actual=16
[3768] +130.284323 ASYNC-IN-DONE ep=0x81 len=0 status=2 actual=0
[3769] +130.284408 ASYNC-IN-SUBMIT ep=0x81 len=0 type=BULK (in, awaiting data)
[3770] +130.397246 ASYNC-IN-DONE ep=0x81 len=0 status=2 actual=0
[3771] +130.397351 ASYNC-IN-SUBMIT ep=0x81 len=0 type=BULK (in, awaiting data)
[3772] +130.466059 ASYNC-OUT ep=0x01 len=16 type=BULK 
	0000  08 00 00 18 01 10 ef 03  00 90 00 10 93 1e 00 00 |................|
[3773] +130.466392 ASYNC-OUT-DONE ep=0x01 len=0 status=0 actual=16
[3774] +130.510152 ASYNC-IN-DONE ep=0x81 len=0 status=2 actual=0
[3775] +130.510231 ASYNC-IN-SUBMIT ep=0x81 len=0 type=BULK (in, awaiting data)
[3776] +130.622793 ASYNC-IN-DONE ep=0x81 len=0 status=2 actual=0
[3777] +130.622897 ASYNC-IN-SUBMIT ep=0x81 len=0 type=BULK (in, awaiting data)
[3778] +130.662241 ASYNC-IN-DONE ep=0x81 len=16 status=0 actual=16
	0000  08 00 00 18 ed 03 80 10  00 95 00 10 ae 02 00 00 |................|
[3779] +130.662345 ASYNC-IN-SUBMIT ep=0x81 len=0 type=BULK (in, awaiting data)
[3780] +130.770684 ASYNC-IN-DONE ep=0x81 len=0 status=2 actual=0
[3781] +130.770723 ASYNC-IN-SUBMIT ep=0x81 len=0 type=BULK (in, awaiting data)
[3782] +130.862710 ASYNC-IN-DONE ep=0x81 len=16 status=0 actual=16
	0000  08 00 00 18 ef 03 01 10  00 95 00 10 65 02 00 00 |............e...|
[3783] +130.862841 ASYNC-IN-SUBMIT ep=0x81 len=0 type=BULK (in, awaiting data)
[3784] +130.863036 ASYNC-IN-DONE ep=0x81 len=16 status=0 actual=16
	0000  08 00 00 18 f0 03 02 10  00 97 00 10 09 02 00 00 |................|
[3785] +130.863112 ASYNC-IN-SUBMIT ep=0x81 len=0 type=BULK (in, awaiting data)
[3786] +130.975924 ASYNC-IN-DONE ep=0x81 len=0 status=2 actual=0
[3787] +130.976045 ASYNC-IN-SUBMIT ep=0x81 len=0 type=BULK (in, awaiting data)
[3788] +131.082785 ASYNC-IN-DONE ep=0x81 len=0 status=2 actual=0
[3789] +131.082900 ASYNC-IN-SUBMIT ep=0x81 len=0 type=BULK (in, awaiting data)
[3790] +131.140330 ASYNC-OUT ep=0x01 len=16 type=BULK 
	0000  08 00 00 18 02 10 f0 03  00 86 00 10 d4 12 00 00 |................|
[3791] +131.140630 ASYNC-OUT-DONE ep=0x01 len=0 status=0 actual=16
[3792] +131.190602 ASYNC-IN-DONE ep=0x81 len=0 status=2 actual=0
[3793] +131.190713 ASYNC-IN-SUBMIT ep=0x81 len=0 type=BULK (in, awaiting data)
[3794] +131.243513 ASYNC-OUT ep=0x01 len=16 type=BULK 
	0000  08 00 00 18 80 10 ed 03  00 90 00 10 fd 1a 00 00 |................|
[3795] +131.243886 ASYNC-OUT-DONE ep=0x01 len=0 status=0 actual=16
[3796] +131.303562 ASYNC-IN-DONE ep=0x81 len=0 status=2 actual=0
[3797] +131.303638 ASYNC-IN-SUBMIT ep=0x81 len=0 type=BULK (in, awaiting data)
[3798] +131.416464 ASYNC-IN-DONE ep=0x81 len=0 status=2 actual=0
[3799] +131.416573 ASYNC-IN-SUBMIT ep=0x81 len=0 type=BULK (in, awaiting data)
[3800] +131.503227 ASYNC-OUT ep=0x01 len=16 type=BULK 
	0000  08 00 00 18 01 10 ef 03  00 91 00 10 93 1e 00 00 |................|
[3801] +131.503559 ASYNC-OUT-DONE ep=0x01 len=0 status=0 actual=16
[3802] +131.522749 ASYNC-IN-DONE ep=0x81 len=0 status=2 actual=0
[3803] +131.522800 ASYNC-IN-SUBMIT ep=0x81 len=0 type=BULK (in, awaiting data)
[3804] +131.628855 ASYNC-IN-DONE ep=0x81 len=0 status=2 actual=0
[3805] +131.629024 ASYNC-IN-SUBMIT ep=0x81 len=0 type=BULK (in, awaiting data)
[3806] +131.664091 ASYNC-IN-DONE ep=0x81 len=16 status=0 actual=16
	0000  08 00 00 18 ed 03 80 10  00 96 00 10 ae 02 00 00 |................|
[3807] +131.664192 ASYNC-IN-SUBMIT ep=0x81 len=0 type=BULK (in, awaiting data)
[3808] +131.776675 ASYNC-IN-DONE ep=0x81 len=0 status=2 actual=0
[3809] +131.776781 ASYNC-IN-SUBMIT ep=0x81 len=0 type=BULK (in, awaiting data)
[3810] +131.864549 ASYNC-IN-DONE ep=0x81 len=16 status=0 actual=16
	0000  08 00 00 18 ef 03 01 10  00 96 00 10 65 02 00 00 |............e...|
[3811] +131.864693 ASYNC-IN-SUBMIT ep=0x81 len=0 type=BULK (in, awaiting data)
[3812] +131.864882 ASYNC-IN-DONE ep=0x81 len=16 status=0 actual=16
	0000  08 00 00 18 f0 03 02 10  00 98 00 10 09 02 00 00 |................|
[3813] +131.864965 ASYNC-IN-SUBMIT ep=0x81 len=0 type=BULK (in, awaiting data)
[3814] +131.977766 ASYNC-IN-DONE ep=0x81 len=0 status=2 actual=0
[3815] +131.977880 ASYNC-IN-SUBMIT ep=0x81 len=0 type=BULK (in, awaiting data)
[3816] +132.086654 ASYNC-IN-DONE ep=0x81 len=0 status=2 actual=0
[3817] +132.086764 ASYNC-IN-SUBMIT ep=0x81 len=0 type=BULK (in, awaiting data)
[3818] +132.178805 ASYNC-OUT ep=0x01 len=16 type=BULK 
	0000  08 00 00 18 02 10 f0 03  00 87 00 10 d4 12 00 00 |................|
[3819] +132.179138 ASYNC-OUT-DONE ep=0x01 len=0 status=0 actual=16
[3820] +132.187115 ASYNC-IN-DONE ep=0x81 len=0 status=2 actual=0
[3821] +132.187170 ASYNC-IN-SUBMIT ep=0x81 len=0 type=BULK (in, awaiting data)
[3822] +132.282969 ASYNC-OUT ep=0x01 len=16 type=BULK 
	0000  08 00 00 18 80 10 ed 03  00 91 00 10 fd 1a 00 00 |................|
[3823] +132.283307 ASYNC-OUT-DONE ep=0x01 len=0 status=0 actual=16
[3824] +132.296533 ASYNC-IN-DONE ep=0x81 len=0 status=2 actual=0
[3825] +132.296599 ASYNC-IN-SUBMIT ep=0x81 len=0 type=BULK (in, awaiting data)
[3826] +132.409398 ASYNC-IN-DONE ep=0x81 len=0 status=2 actual=0
[3827] +132.409496 ASYNC-IN-SUBMIT ep=0x81 len=0 type=BULK (in, awaiting data)
[3828] +132.512590 ASYNC-IN-DONE ep=0x81 len=0 status=2 actual=0
[3829] +132.512697 ASYNC-IN-SUBMIT ep=0x81 len=0 type=BULK (in, awaiting data)
[3830] +132.542724 ASYNC-OUT ep=0x01 len=16 type=BULK 
	0000  08 00 00 18 01 10 ef 03  00 92 00 10 93 1e 00 00 |................|
[3831] +132.543017 ASYNC-OUT-DONE ep=0x01 len=0 status=0 actual=16
[3832] +132.625531 ASYNC-IN-DONE ep=0x81 len=0 status=2 actual=0
[3833] +132.625630 ASYNC-IN-SUBMIT ep=0x81 len=0 type=BULK (in, awaiting data)
[3834] +132.666078 ASYNC-IN-DONE ep=0x81 len=16 status=0 actual=16
	0000  08 00 00 18 ed 03 80 10  00 97 00 10 ae 02 00 00 |................|
[3835] +132.666223 ASYNC-IN-SUBMIT ep=0x81 len=0 type=BULK (in, awaiting data)
[3836] +132.777299 ASYNC-IN-DONE ep=0x81 len=0 status=2 actual=0
[3837] +132.777389 ASYNC-IN-SUBMIT ep=0x81 len=0 type=BULK (in, awaiting data)
[3838] +132.866513 ASYNC-IN-DONE ep=0x81 len=16 status=0 actual=16
	0000  08 00 00 18 ef 03 01 10  00 97 00 10 65 02 00 00 |............e...|
[3839] +132.866669 ASYNC-IN-SUBMIT ep=0x81 len=0 type=BULK (in, awaiting data)
[3840] +132.866860 ASYNC-IN-DONE ep=0x81 len=16 status=0 actual=16
	0000  08 00 00 18 f0 03 02 10  00 99 00 10 09 02 00 00 |................|
[3841] +132.866943 ASYNC-IN-SUBMIT ep=0x81 len=0 type=BULK (in, awaiting data)
[3842] +132.979738 ASYNC-IN-DONE ep=0x81 len=0 status=2 actual=0
[3843] +132.979823 ASYNC-IN-SUBMIT ep=0x81 len=0 type=BULK (in, awaiting data)
[3844] +133.092433 ASYNC-IN-DONE ep=0x81 len=0 status=2 actual=0
[3845] +133.092546 ASYNC-IN-SUBMIT ep=0x81 len=0 type=BULK (in, awaiting data)
[3846] +133.202828 ASYNC-IN-DONE ep=0x81 len=0 status=2 actual=0
[3847] +133.202916 ASYNC-IN-SUBMIT ep=0x81 len=0 type=BULK (in, awaiting data)
[3848] +133.218065 ASYNC-OUT ep=0x01 len=16 type=BULK 
	0000  08 00 00 18 02 10 f0 03  00 88 00 10 d4 12 00 00 |................|
[3849] +133.218417 ASYNC-OUT-DONE ep=0x01 len=0 status=0 actual=16
[3850] +133.313300 ASYNC-IN-DONE ep=0x81 len=0 status=2 actual=0
[3851] +133.313403 ASYNC-IN-SUBMIT ep=0x81 len=0 type=BULK (in, awaiting data)
[3852] +133.322161 ASYNC-OUT ep=0x01 len=16 type=BULK 
	0000  08 00 00 18 80 10 ed 03  00 92 00 10 fd 1a 00 00 |................|
[3853] +133.322394 ASYNC-OUT-DONE ep=0x01 len=0 status=0 actual=16
[3854] +133.422811 ASYNC-IN-DONE ep=0x81 len=0 status=2 actual=0
[3855] +133.422913 ASYNC-IN-SUBMIT ep=0x81 len=0 type=BULK (in, awaiting data)
[3856] +133.525319 ASYNC-IN-DONE ep=0x81 len=0 status=2 actual=0
[3857] +133.525462 ASYNC-IN-SUBMIT ep=0x81 len=0 type=BULK (in, awaiting data)
[3858] +133.581615 ASYNC-OUT ep=0x01 len=16 type=BULK 
	0000  08 00 00 18 01 10 ef 03  00 93 00 10 93 1e 00 00 |................|
[3859] +133.581958 ASYNC-OUT-DONE ep=0x01 len=0 status=0 actual=16
[3860] +133.629165 ASYNC-IN-DONE ep=0x81 len=0 status=2 actual=0
[3861] +133.629256 ASYNC-IN-SUBMIT ep=0x81 len=0 type=BULK (in, awaiting data)
[3862] +133.667559 ASYNC-IN-DONE ep=0x81 len=16 status=0 actual=16
	0000  08 00 00 18 ed 03 80 10  00 98 00 10 ae 02 00 00 |................|
[3863] +133.667667 ASYNC-IN-SUBMIT ep=0x81 len=0 type=BULK (in, awaiting data)
[3864] +133.780381 ASYNC-IN-DONE ep=0x81 len=0 status=2 actual=0
[3865] +133.780495 ASYNC-IN-SUBMIT ep=0x81 len=0 type=BULK (in, awaiting data)
[3866] +133.868036 ASYNC-IN-DONE ep=0x81 len=16 status=0 actual=16
	0000  08 00 00 18 ef 03 01 10  00 98 00 10 65 02 00 00 |............e...|
[3867] +133.868164 ASYNC-IN-SUBMIT ep=0x81 len=0 type=BULK (in, awaiting data)
[3868] +133.868346 ASYNC-IN-DONE ep=0x81 len=16 status=0 actual=16
	0000  08 00 00 18 f0 03 02 10  00 9a 00 10 09 02 00 00 |................|
[3869] +133.868424 ASYNC-IN-SUBMIT ep=0x81 len=0 type=BULK (in, awaiting data)
[3870] +133.970781 ASYNC-IN-DONE ep=0x81 len=0 status=2 actual=0
[3871] +133.970882 ASYNC-IN-SUBMIT ep=0x81 len=0 type=BULK (in, awaiting data)
[3872] +134.082771 ASYNC-IN-DONE ep=0x81 len=0 status=2 actual=0
[3873] +134.082882 ASYNC-IN-SUBMIT ep=0x81 len=0 type=BULK (in, awaiting data)
[3874] +134.187249 ASYNC-IN-DONE ep=0x81 len=0 status=2 actual=0
[3875] +134.187361 ASYNC-IN-SUBMIT ep=0x81 len=0 type=BULK (in, awaiting data)
[3876] +134.257855 ASYNC-OUT ep=0x01 len=16 type=BULK 
	0000  08 00 00 18 02 10 f0 03  00 89 00 10 d4 12 00 00 |................|
[3877] +134.258208 ASYNC-OUT-DONE ep=0x01 len=0 status=0 actual=16
[3878] +134.300234 ASYNC-IN-DONE ep=0x81 len=0 status=2 actual=0
[3879] +134.300316 ASYNC-IN-SUBMIT ep=0x81 len=0 type=BULK (in, awaiting data)
[3880] +134.361954 ASYNC-OUT ep=0x01 len=16 type=BULK 
	0000  08 00 00 18 80 10 ed 03  00 93 00 10 fd 1a 00 00 |................|
[3881] +134.362309 ASYNC-OUT-DONE ep=0x01 len=0 status=0 actual=16
[3882] +134.411468 ASYNC-IN-DONE ep=0x81 len=0 status=2 actual=0
[3883] +134.411566 ASYNC-IN-SUBMIT ep=0x81 len=0 type=BULK (in, awaiting data)
[3884] +134.520811 ASYNC-IN-DONE ep=0x81 len=0 status=2 actual=0
[3885] +134.520913 ASYNC-IN-SUBMIT ep=0x81 len=0 type=BULK (in, awaiting data)
[3886] +134.622208 ASYNC-OUT ep=0x01 len=16 type=BULK 
	0000  08 00 00 18 01 10 ef 03  00 94 00 10 93 1e 00 00 |................|
[3887] +134.622540 ASYNC-OUT-DONE ep=0x01 len=0 status=0 actual=16
[3888] +134.627501 ASYNC-IN-DONE ep=0x81 len=0 status=2 actual=0
[3889] +134.627552 ASYNC-IN-SUBMIT ep=0x81 len=0 type=BULK (in, awaiting data)
[3890] +134.669118 ASYNC-IN-DONE ep=0x81 len=16 status=0 actual=16
	0000  08 00 00 18 ed 03 80 10  00 99 00 10 ae 02 00 00 |................|
[3891] +134.669217 ASYNC-IN-SUBMIT ep=0x81 len=0 type=BULK (in, awaiting data)
[3892] +134.779900 ASYNC-IN-DONE ep=0x81 len=0 status=2 actual=0
[3893] +134.779997 ASYNC-IN-SUBMIT ep=0x81 len=0 type=BULK (in, awaiting data)
[3894] +134.869569 ASYNC-IN-DONE ep=0x81 len=16 status=0 actual=16
	0000  08 00 00 18 ef 03 01 10  00 99 00 10 65 02 00 00 |............e...|
[3895] +134.869716 ASYNC-IN-SUBMIT ep=0x81 len=0 type=BULK (in, awaiting data)
[3896] +134.869905 ASYNC-IN-DONE ep=0x81 len=16 status=0 actual=16
	0000  08 00 00 18 f0 03 02 10  00 9b 00 10 09 02 00 00 |................|
[3897] +134.869971 ASYNC-IN-SUBMIT ep=0x81 len=0 type=BULK (in, awaiting data)
[3898] +134.980800 ASYNC-IN-DONE ep=0x81 len=0 status=2 actual=0
[3899] +134.980914 ASYNC-IN-SUBMIT ep=0x81 len=0 type=BULK (in, awaiting data)
[3900] +135.092019 ASYNC-IN-DONE ep=0x81 len=0 status=2 actual=0
[3901] +135.092093 ASYNC-IN-SUBMIT ep=0x81 len=0 type=BULK (in, awaiting data)
[3902] +135.204622 ASYNC-IN-DONE ep=0x81 len=0 status=2 actual=0
[3903] +135.204741 ASYNC-IN-SUBMIT ep=0x81 len=0 type=BULK (in, awaiting data)
[3904] +135.298255 ASYNC-OUT ep=0x01 len=16 type=BULK 
	0000  08 00 00 18 02 10 f0 03  00 8a 00 10 d4 12 00 00 |................|
[3905] +135.298606 ASYNC-OUT-DONE ep=0x01 len=0 status=0 actual=16
[3906] +135.309877 ASYNC-IN-DONE ep=0x81 len=0 status=2 actual=0
[3907] +135.309940 ASYNC-IN-SUBMIT ep=0x81 len=0 type=BULK (in, awaiting data)
[3908] +135.402154 ASYNC-OUT ep=0x01 len=16 type=BULK 
	0000  08 00 00 18 80 10 ed 03  00 94 00 10 fd 1a 00 00 |................|
[3909] +135.402488 ASYNC-OUT-DONE ep=0x01 len=0 status=0 actual=16
[3910] +135.420905 ASYNC-IN-DONE ep=0x81 len=0 status=2 actual=0
[3911] +135.420956 ASYNC-IN-SUBMIT ep=0x81 len=0 type=BULK (in, awaiting data)
[3912] +135.533753 ASYNC-IN-DONE ep=0x81 len=0 status=2 actual=0
[3913] +135.533865 ASYNC-IN-SUBMIT ep=0x81 len=0 type=BULK (in, awaiting data)
[3914] +135.636342 ASYNC-IN-DONE ep=0x81 len=0 status=2 actual=0
[3915] +135.636434 ASYNC-IN-SUBMIT ep=0x81 len=0 type=BULK (in, awaiting data)
[3916] +135.661959 ASYNC-OUT ep=0x01 len=16 type=BULK 
	0000  08 00 00 18 01 10 ef 03  00 95 00 10 93 1e 00 00 |................|
[3917] +135.662296 ASYNC-OUT-DONE ep=0x01 len=0 status=0 actual=16
[3918] +135.670595 ASYNC-IN-DONE ep=0x81 len=16 status=0 actual=16
	0000  08 00 00 18 ed 03 80 10  00 9a 00 10 ae 02 00 00 |................|
[3919] +135.670675 ASYNC-IN-SUBMIT ep=0x81 len=0 type=BULK (in, awaiting data)
[3920] +135.783090 ASYNC-IN-DONE ep=0x81 len=0 status=2 actual=0
[3921] +135.783184 ASYNC-IN-SUBMIT ep=0x81 len=0 type=BULK (in, awaiting data)
[3922] +135.871421 ASYNC-IN-DONE ep=0x81 len=16 status=0 actual=16
	0000  08 00 00 18 ef 03 01 10  00 9a 00 10 65 02 00 00 |............e...|
[3923] +135.871560 ASYNC-IN-SUBMIT ep=0x81 len=0 type=BULK (in, awaiting data)
[3924] +135.871747 ASYNC-IN-DONE ep=0x81 len=16 status=0 actual=16
	0000  08 00 00 18 f0 03 02 10  00 9c 00 10 09 02 00 00 |................|
[3925] +135.871810 ASYNC-IN-SUBMIT ep=0x81 len=0 type=BULK (in, awaiting data)
[3926] +135.984616 ASYNC-IN-DONE ep=0x81 len=0 status=2 actual=0
[3927] +135.984696 ASYNC-IN-SUBMIT ep=0x81 len=0 type=BULK (in, awaiting data)
[3928] +136.086041 ASYNC-IN-DONE ep=0x81 len=0 status=2 actual=0
[3929] +136.086144 ASYNC-IN-SUBMIT ep=0x81 len=0 type=BULK (in, awaiting data)
[3930] +136.195816 ASYNC-IN-DONE ep=0x81 len=0 status=2 actual=0
[3931] +136.195899 ASYNC-IN-SUBMIT ep=0x81 len=0 type=BULK (in, awaiting data)
[3932] +136.308719 ASYNC-IN-DONE ep=0x81 len=0 status=2 actual=0
[3933] +136.308803 ASYNC-IN-SUBMIT ep=0x81 len=0 type=BULK (in, awaiting data)
[3934] +136.336823 ASYNC-OUT ep=0x01 len=16 type=BULK 
	0000  08 00 00 18 02 10 f0 03  00 8b 00 10 d4 12 00 00 |................|
[3935] +136.337124 ASYNC-OUT-DONE ep=0x01 len=0 status=0 actual=16
[3936] +136.421586 ASYNC-IN-DONE ep=0x81 len=0 status=2 actual=0
[3937] +136.421675 ASYNC-IN-SUBMIT ep=0x81 len=0 type=BULK (in, awaiting data)
[3938] +136.440940 ASYNC-OUT ep=0x01 len=16 type=BULK 
	0000  08 00 00 18 80 10 ed 03  00 95 00 10 fd 1a 00 00 |................|
[3939] +136.441229 ASYNC-OUT-DONE ep=0x01 len=0 status=0 actual=16
[3940] +136.534469 ASYNC-IN-DONE ep=0x81 len=0 status=2 actual=0
[3941] +136.534568 ASYNC-IN-SUBMIT ep=0x81 len=0 type=BULK (in, awaiting data)
[3942] +136.647344 ASYNC-IN-DONE ep=0x81 len=0 status=2 actual=0
[3943] +136.647437 ASYNC-IN-SUBMIT ep=0x81 len=0 type=BULK (in, awaiting data)
[3944] +136.673457 ASYNC-IN-DONE ep=0x81 len=16 status=0 actual=16
	0000  08 00 00 18 ed 03 80 10  00 9b 00 10 ae 02 00 00 |................|
[3945] +136.673559 ASYNC-IN-SUBMIT ep=0x81 len=0 type=BULK (in, awaiting data)
[3946] +136.701220 ASYNC-OUT ep=0x01 len=16 type=BULK 
	0000  08 00 00 18 01 10 ef 03  00 96 00 10 93 1e 00 00 |................|
[3947] +136.701491 ASYNC-OUT-DONE ep=0x01 len=0 status=0 actual=16
[3948] +136.778647 ASYNC-IN-DONE ep=0x81 len=0 status=2 actual=0
[3949] +136.778750 ASYNC-IN-SUBMIT ep=0x81 len=0 type=BULK (in, awaiting data)
[3950] +136.874503 ASYNC-IN-DONE ep=0x81 len=16 status=0 actual=16
	0000  08 00 00 18 ef 03 01 10  00 9b 00 10 65 02 00 00 |............e...|
[3951] +136.874651 ASYNC-IN-SUBMIT ep=0x81 len=0 type=BULK (in, awaiting data)
[3952] +136.874838 ASYNC-IN-DONE ep=0x81 len=16 status=0 actual=16
	0000  08 00 00 18 f0 03 02 10  00 9d 00 10 09 02 00 00 |................|
[3953] +136.874901 ASYNC-IN-SUBMIT ep=0x81 len=0 type=BULK (in, awaiting data)
[3954] +136.987698 ASYNC-IN-DONE ep=0x81 len=0 status=2 actual=0
[3955] +136.987756 ASYNC-IN-SUBMIT ep=0x81 len=0 type=BULK (in, awaiting data)
[3956] +137.100625 ASYNC-IN-DONE ep=0x81 len=0 status=2 actual=0
[3957] +137.100728 ASYNC-IN-SUBMIT ep=0x81 len=0 type=BULK (in, awaiting data)
[3958] +137.212489 ASYNC-IN-DONE ep=0x81 len=0 status=2 actual=0
[3959] +137.212546 ASYNC-IN-SUBMIT ep=0x81 len=0 type=BULK (in, awaiting data)
[3960] +137.315175 ASYNC-IN-DONE ep=0x81 len=0 status=2 actual=0
[3961] +137.315271 ASYNC-IN-SUBMIT ep=0x81 len=0 type=BULK (in, awaiting data)
[3962] +137.375088 ASYNC-OUT ep=0x01 len=16 type=BULK 
	0000  08 00 00 18 02 10 f0 03  00 8c 00 10 d4 12 00 00 |................|
[3963] +137.375428 ASYNC-OUT-DONE ep=0x01 len=0 status=0 actual=16
[3964] +137.427310 ASYNC-IN-DONE ep=0x81 len=0 status=2 actual=0
[3965] +137.427424 ASYNC-IN-SUBMIT ep=0x81 len=0 type=BULK (in, awaiting data)
[3966] +137.479226 ASYNC-OUT ep=0x01 len=16 type=BULK 
	0000  08 00 00 18 80 10 ed 03  00 96 00 10 fd 1a 00 00 |................|
[3967] +137.479491 ASYNC-OUT-DONE ep=0x01 len=0 status=0 actual=16
[3968] +137.530844 ASYNC-IN-DONE ep=0x81 len=0 status=2 actual=0
[3969] +137.530964 ASYNC-IN-SUBMIT ep=0x81 len=0 type=BULK (in, awaiting data)
[3970] +137.631345 ASYNC-IN-DONE ep=0x81 len=0 status=2 actual=0
[3971] +137.631456 ASYNC-IN-SUBMIT ep=0x81 len=0 type=BULK (in, awaiting data)
[3972] +137.676941 ASYNC-IN-DONE ep=0x81 len=16 status=0 actual=16
	0000  08 00 00 18 ed 03 80 10  00 9c 00 10 ae 02 00 00 |................|
[3973] +137.677091 ASYNC-IN-SUBMIT ep=0x81 len=0 type=BULK (in, awaiting data)
[3974] +137.738212 ASYNC-OUT ep=0x01 len=16 type=BULK 
	0000  08 00 00 18 01 10 ef 03  00 97 00 10 93 1e 00 00 |................|
[3975] +137.738478 ASYNC-OUT-DONE ep=0x01 len=0 status=0 actual=16
[3976] +137.783337 ASYNC-IN-DONE ep=0x81 len=0 status=2 actual=0
[3977] +137.783410 ASYNC-IN-SUBMIT ep=0x81 len=0 type=BULK (in, awaiting data)
[3978] +137.877815 ASYNC-IN-DONE ep=0x81 len=16 status=0 actual=16
	0000  08 00 00 18 ef 03 01 10  00 9c 00 10 65 02 00 00 |............e...|
[3979] +137.877907 ASYNC-IN-SUBMIT ep=0x81 len=0 type=BULK (in, awaiting data)
[3980] +137.878055 ASYNC-IN-DONE ep=0x81 len=16 status=0 actual=16
	0000  08 00 00 18 f0 03 02 10  00 9e 00 10 09 02 00 00 |................|
[3981] +137.878100 ASYNC-IN-SUBMIT ep=0x81 len=0 type=BULK (in, awaiting data)
[3982] +137.986810 ASYNC-IN-DONE ep=0x81 len=0 status=2 actual=0
[3983] +137.986967 ASYNC-IN-SUBMIT ep=0x81 len=0 type=BULK (in, awaiting data)
[3984] +138.098158 ASYNC-IN-DONE ep=0x81 len=0 status=2 actual=0
[3985] +138.098260 ASYNC-IN-SUBMIT ep=0x81 len=0 type=BULK (in, awaiting data)
[3986] +138.205985 ASYNC-IN-DONE ep=0x81 len=0 status=2 actual=0
[3987] +138.206074 ASYNC-IN-SUBMIT ep=0x81 len=0 type=BULK (in, awaiting data)
[3988] +138.308819 ASYNC-IN-DONE ep=0x81 len=0 status=2 actual=0
[3989] +138.308870 ASYNC-IN-SUBMIT ep=0x81 len=0 type=BULK (in, awaiting data)
[3990] +138.412449 ASYNC-OUT ep=0x01 len=16 type=BULK 
	0000  08 00 00 18 02 10 f0 03  00 8d 00 10 d4 12 00 00 |................|
[3991] +138.412640 ASYNC-IN-DONE ep=0x81 len=0 status=2 actual=0
[3992] +138.412707 ASYNC-IN-SUBMIT ep=0x81 len=0 type=BULK (in, awaiting data)
[3993] +138.412882 ASYNC-OUT-DONE ep=0x01 len=0 status=0 actual=16
[3994] +138.515729 ASYNC-IN-DONE ep=0x81 len=0 status=2 actual=0
[3995] +138.515844 ASYNC-IN-SUBMIT ep=0x81 len=0 type=BULK (in, awaiting data)
[3996] +138.516505 ASYNC-OUT ep=0x01 len=16 type=BULK 
	0000  08 00 00 18 80 10 ed 03  00 97 00 10 fd 1a 00 00 |................|
[3997] +138.516743 ASYNC-OUT-DONE ep=0x01 len=0 status=0 actual=16
[3998] +138.620671 ASYNC-IN-DONE ep=0x81 len=0 status=2 actual=0
[3999] +138.620730 ASYNC-IN-SUBMIT ep=0x81 len=0 type=BULK (in, awaiting data)
[4000] +138.680540 ASYNC-IN-DONE ep=0x81 len=16 status=0 actual=16
	0000  08 00 00 18 ed 03 80 10  00 9d 00 10 ae 02 00 00 |................|
[4001] +138.680686 ASYNC-IN-SUBMIT ep=0x81 len=0 type=BULK (in, awaiting data)
[4002] +138.776840 ASYNC-OUT ep=0x01 len=16 type=BULK 
	0000  08 00 00 18 01 10 ef 03  00 98 00 10 93 1e 00 00 |................|
[4003] +138.777114 ASYNC-OUT-DONE ep=0x01 len=0 status=0 actual=16
[4004] +138.793470 ASYNC-IN-DONE ep=0x81 len=0 status=2 actual=0
[4005] +138.793518 ASYNC-IN-SUBMIT ep=0x81 len=0 type=BULK (in, awaiting data)
[4006] +138.880976 ASYNC-IN-DONE ep=0x81 len=16 status=0 actual=16
	0000  08 00 00 18 ef 03 01 10  00 9d 00 10 65 02 00 00 |............e...|
[4007] +138.881121 ASYNC-IN-SUBMIT ep=0x81 len=0 type=BULK (in, awaiting data)
[4008] +138.881304 ASYNC-IN-DONE ep=0x81 len=16 status=0 actual=16
	0000  08 00 00 18 f0 03 02 10  00 9f 00 10 09 02 00 00 |................|
[4009] +138.881366 ASYNC-IN-SUBMIT ep=0x81 len=0 type=BULK (in, awaiting data)
[4010] +138.993076 ASYNC-IN-DONE ep=0x81 len=0 status=2 actual=0
[4011] +138.993160 ASYNC-IN-SUBMIT ep=0x81 len=0 type=BULK (in, awaiting data)
[4012] +139.094779 ASYNC-IN-DONE ep=0x81 len=0 status=2 actual=0
[4013] +139.094890 ASYNC-IN-SUBMIT ep=0x81 len=0 type=BULK (in, awaiting data)
[4014] +139.196053 ASYNC-IN-DONE ep=0x81 len=0 status=2 actual=0
[4015] +139.196163 ASYNC-IN-SUBMIT ep=0x81 len=0 type=BULK (in, awaiting data)
[4016] +139.306392 ASYNC-IN-DONE ep=0x81 len=0 status=2 actual=0
[4017] +139.306497 ASYNC-IN-SUBMIT ep=0x81 len=0 type=BULK (in, awaiting data)
[4018] +139.419341 ASYNC-IN-DONE ep=0x81 len=0 status=2 actual=0
[4019] +139.419454 ASYNC-IN-SUBMIT ep=0x81 len=0 type=BULK (in, awaiting data)
[4020] +139.452760 ASYNC-OUT ep=0x01 len=16 type=BULK 
	0000  08 00 00 18 02 10 f0 03  00 8e 00 10 d4 12 00 00 |................|
[4021] +139.453022 ASYNC-OUT-DONE ep=0x01 len=0 status=0 actual=16
[4022] +139.521524 ASYNC-IN-DONE ep=0x81 len=0 status=2 actual=0
[4023] +139.521590 ASYNC-IN-SUBMIT ep=0x81 len=0 type=BULK (in, awaiting data)
[4024] +139.556889 ASYNC-OUT ep=0x01 len=16 type=BULK 
	0000  08 00 00 18 80 10 ed 03  00 98 00 10 fd 1a 00 00 |................|
[4025] +139.557157 ASYNC-OUT-DONE ep=0x01 len=0 status=0 actual=16
[4026] +139.623174 ASYNC-IN-DONE ep=0x81 len=0 status=2 actual=0
[4027] +139.623280 ASYNC-IN-SUBMIT ep=0x81 len=0 type=BULK (in, awaiting data)
[4028] +139.683467 ASYNC-IN-DONE ep=0x81 len=16 status=0 actual=16
	0000  08 00 00 18 ed 03 80 10  00 9e 00 10 ae 02 00 00 |................|
[4029] +139.683617 ASYNC-IN-SUBMIT ep=0x81 len=0 type=BULK (in, awaiting data)
[4030] +139.790764 ASYNC-IN-DONE ep=0x81 len=0 status=2 actual=0
[4031] +139.790877 ASYNC-IN-SUBMIT ep=0x81 len=0 type=BULK (in, awaiting data)
[4032] +139.816645 ASYNC-OUT ep=0x01 len=16 type=BULK 
	0000  08 00 00 18 01 10 ef 03  00 99 00 10 93 1e 00 00 |................|
[4033] +139.816893 ASYNC-OUT-DONE ep=0x01 len=0 status=0 actual=16
[4034] +139.884462 ASYNC-IN-DONE ep=0x81 len=16 status=0 actual=16
	0000  08 00 00 18 ef 03 01 10  00 9e 00 10 65 02 00 00 |............e...|
[4035] +139.884612 ASYNC-IN-SUBMIT ep=0x81 len=0 type=BULK (in, awaiting data)
[4036] +139.884800 ASYNC-IN-DONE ep=0x81 len=16 status=0 actual=16
	0000  08 00 00 18 f0 03 02 10  00 a0 00 10 09 02 00 00 |................|
[4037] +139.884883 ASYNC-IN-SUBMIT ep=0x81 len=0 type=BULK (in, awaiting data)
[4038] +139.997716 ASYNC-IN-DONE ep=0x81 len=0 status=2 actual=0
[4039] +139.997821 ASYNC-IN-SUBMIT ep=0x81 len=0 type=BULK (in, awaiting data)
[4040] +140.109083 ASYNC-IN-DONE ep=0x81 len=0 status=2 actual=0
[4041] +140.109185 ASYNC-IN-SUBMIT ep=0x81 len=0 type=BULK (in, awaiting data)
[4042] +140.217825 ASYNC-IN-DONE ep=0x81 len=0 status=2 actual=0
[4043] +140.217925 ASYNC-IN-SUBMIT ep=0x81 len=0 type=BULK (in, awaiting data)
[4044] +140.329901 ASYNC-IN-DONE ep=0x81 len=0 status=2 actual=0
[4045] +140.330006 ASYNC-IN-SUBMIT ep=0x81 len=0 type=BULK (in, awaiting data)
[4046] +140.440943 ASYNC-IN-DONE ep=0x81 len=0 status=2 actual=0
[4047] +140.441050 ASYNC-IN-SUBMIT ep=0x81 len=0 type=BULK (in, awaiting data)
[4048] +140.489553 ASYNC-OUT ep=0x01 len=16 type=BULK 
	0000  08 00 00 18 02 10 f0 03  00 8f 00 10 d4 12 00 00 |................|
[4049] +140.489849 ASYNC-OUT-DONE ep=0x01 len=0 status=0 actual=16
[4050] +140.547686 ASYNC-IN-DONE ep=0x81 len=0 status=2 actual=0
[4051] +140.547795 ASYNC-IN-SUBMIT ep=0x81 len=0 type=BULK (in, awaiting data)
[4052] +140.593059 ASYNC-OUT ep=0x01 len=16 type=BULK 
	0000  08 00 00 18 80 10 ed 03  00 99 00 10 fd 1a 00 00 |................|
[4053] +140.593388 ASYNC-OUT-DONE ep=0x01 len=0 status=0 actual=16
[4054] +140.651362 ASYNC-IN-DONE ep=0x81 len=0 status=2 actual=0
[4055] +140.651472 ASYNC-IN-SUBMIT ep=0x81 len=0 type=BULK (in, awaiting data)
[4056] +140.686864 ASYNC-IN-DONE ep=0x81 len=16 status=0 actual=16
	0000  08 00 00 18 ed 03 80 10  00 9f 00 10 ae 02 00 00 |................|
[4057] +140.686955 ASYNC-IN-SUBMIT ep=0x81 len=0 type=BULK (in, awaiting data)
[4058] +140.796538 ASYNC-IN-DONE ep=0x81 len=0 status=2 actual=0
[4059] +140.796633 ASYNC-IN-SUBMIT ep=0x81 len=0 type=BULK (in, awaiting data)
[4060] +140.853354 ASYNC-OUT ep=0x01 len=16 type=BULK 
	0000  08 00 00 18 01 10 ef 03  00 9a 00 10 93 1e 00 00 |................|
[4061] +140.853658 ASYNC-OUT-DONE ep=0x01 len=0 status=0 actual=16
[4062] +140.887382 ASYNC-IN-DONE ep=0x81 len=16 status=0 actual=16
	0000  08 00 00 18 ef 03 01 10  00 9f 00 10 65 02 00 00 |............e...|
[4063] +140.887534 ASYNC-IN-SUBMIT ep=0x81 len=0 type=BULK (in, awaiting data)
[4064] +140.887719 ASYNC-IN-DONE ep=0x81 len=16 status=0 actual=16
	0000  08 00 00 18 f0 03 02 10  00 a1 00 10 09 02 00 00 |................|
[4065] +140.887780 ASYNC-IN-SUBMIT ep=0x81 len=0 type=BULK (in, awaiting data)
[4066] +140.995404 ASYNC-IN-DONE ep=0x81 len=0 status=2 actual=0
[4067] +140.995572 ASYNC-IN-SUBMIT ep=0x81 len=0 type=BULK (in, awaiting data)
[4068] +141.104882 ASYNC-IN-DONE ep=0x81 len=0 status=2 actual=0
[4069] +141.104986 ASYNC-IN-SUBMIT ep=0x81 len=0 type=BULK (in, awaiting data)
[4070] +141.216847 ASYNC-IN-DONE ep=0x81 len=0 status=2 actual=0
[4071] +141.216949 ASYNC-IN-SUBMIT ep=0x81 len=0 type=BULK (in, awaiting data)
[4072] +141.325726 ASYNC-IN-DONE ep=0x81 len=0 status=2 actual=0
[4073] +141.325839 ASYNC-IN-SUBMIT ep=0x81 len=0 type=BULK (in, awaiting data)
[4074] +141.434229 ASYNC-IN-DONE ep=0x81 len=0 status=2 actual=0
[4075] +141.434314 ASYNC-IN-SUBMIT ep=0x81 len=0 type=BULK (in, awaiting data)
[4076] +141.528639 ASYNC-OUT ep=0x01 len=16 type=BULK 
	0000  08 00 00 18 02 10 f0 03  00 90 00 10 d4 12 00 00 |................|
[4077] +141.529086 ASYNC-OUT-DONE ep=0x01 len=0 status=0 actual=16
[4078] +141.546566 ASYNC-IN-DONE ep=0x81 len=0 status=2 actual=0
[4079] +141.546657 ASYNC-IN-SUBMIT ep=0x81 len=0 type=BULK (in, awaiting data)
[4080] +141.632745 ASYNC-OUT ep=0x01 len=16 type=BULK 
	0000  08 00 00 18 80 10 ed 03  00 9a 00 10 fd 1a 00 00 |................|
[4081] +141.633107 ASYNC-OUT-DONE ep=0x01 len=0 status=0 actual=16
[4082] +141.659492 ASYNC-IN-DONE ep=0x81 len=0 status=2 actual=0
[4083] +141.659595 ASYNC-IN-SUBMIT ep=0x81 len=0 type=BULK (in, awaiting data)
[4084] +141.690532 ASYNC-IN-DONE ep=0x81 len=16 status=0 actual=16
	0000  08 00 00 18 ed 03 80 10  00 a0 00 10 ae 02 00 00 |................|
[4085] +141.690633 ASYNC-IN-SUBMIT ep=0x81 len=0 type=BULK (in, awaiting data)
[4086] +141.794727 ASYNC-IN-DONE ep=0x81 len=0 status=2 actual=0
[4087] +141.794849 ASYNC-IN-SUBMIT ep=0x81 len=0 type=BULK (in, awaiting data)
[4088] +141.891208 ASYNC-OUT ep=0x01 len=16 type=BULK 
	0000  08 00 00 18 01 10 ef 03  00 9b 00 10 93 1e 00 00 |................|
[4089] +141.891548 ASYNC-OUT-DONE ep=0x01 len=0 status=0 actual=16
[4090] +141.891757 ASYNC-IN-DONE ep=0x81 len=16 status=0 actual=16
	0000  08 00 00 18 ef 03 01 10  00 a0 00 10 65 02 00 00 |............e...|
[4091] +141.891824 ASYNC-IN-SUBMIT ep=0x81 len=0 type=BULK (in, awaiting data)
[4092] +141.892097 ASYNC-IN-DONE ep=0x81 len=16 status=0 actual=16
	0000  08 00 00 18 f0 03 02 10  00 a2 00 10 09 02 00 00 |................|
[4093] +141.892158 ASYNC-IN-SUBMIT ep=0x81 len=0 type=BULK (in, awaiting data)
[4094] +142.004913 ASYNC-IN-DONE ep=0x81 len=0 status=2 actual=0
[4095] +142.005027 ASYNC-IN-SUBMIT ep=0x81 len=0 type=BULK (in, awaiting data)
[4096] +142.117388 ASYNC-IN-DONE ep=0x81 len=0 status=2 actual=0
[4097] +142.117443 ASYNC-IN-SUBMIT ep=0x81 len=0 type=BULK (in, awaiting data)
[4098] +142.224815 ASYNC-IN-DONE ep=0x81 len=0 status=2 actual=0
[4099] +142.224893 ASYNC-IN-SUBMIT ep=0x81 len=0 type=BULK (in, awaiting data)
[4100] +142.331963 ASYNC-IN-DONE ep=0x81 len=0 status=2 actual=0
[4101] +142.332075 ASYNC-IN-SUBMIT ep=0x81 len=0 type=BULK (in, awaiting data)
[4102] +142.442364 ASYNC-IN-DONE ep=0x81 len=0 status=2 actual=0
[4103] +142.442471 ASYNC-IN-SUBMIT ep=0x81 len=0 type=BULK (in, awaiting data)
[4104] +142.542922 ASYNC-IN-DONE ep=0x81 len=0 status=2 actual=0
[4105] +142.543021 ASYNC-IN-SUBMIT ep=0x81 len=0 type=BULK (in, awaiting data)
[4106] +142.566189 ASYNC-OUT ep=0x01 len=16 type=BULK 
	0000  08 00 00 18 02 10 f0 03  00 91 00 10 d4 12 00 00 |................|
[4107] +142.566463 ASYNC-OUT-DONE ep=0x01 len=0 status=0 actual=16
[4108] +142.651067 ASYNC-IN-DONE ep=0x81 len=0 status=2 actual=0
[4109] +142.651173 ASYNC-IN-SUBMIT ep=0x81 len=0 type=BULK (in, awaiting data)
[4110] +142.670316 ASYNC-OUT ep=0x01 len=16 type=BULK 
	0000  08 00 00 18 80 10 ed 03  00 9b 00 10 fd 1a 00 00 |................|
[4111] +142.670652 ASYNC-OUT-DONE ep=0x01 len=0 status=0 actual=16
[4112] +142.693865 ASYNC-IN-DONE ep=0x81 len=16 status=0 actual=16
	0000  08 00 00 18 ed 03 80 10  00 a1 00 10 ae 02 00 00 |................|
[4113] +142.693944 ASYNC-IN-SUBMIT ep=0x81 len=0 type=BULK (in, awaiting data)
[4114] +142.802713 ASYNC-IN-DONE ep=0x81 len=0 status=2 actual=0
[4115] +142.802822 ASYNC-IN-SUBMIT ep=0x81 len=0 type=BULK (in, awaiting data)
[4116] +142.894477 ASYNC-IN-DONE ep=0x81 len=16 status=0 actual=16
	0000  08 00 00 18 ef 03 01 10  00 a1 00 10 65 02 00 00 |............e...|
[4117] +142.894632 ASYNC-IN-SUBMIT ep=0x81 len=0 type=BULK (in, awaiting data)
[4118] +142.894843 ASYNC-IN-DONE ep=0x81 len=16 status=0 actual=16
	0000  08 00 00 18 f0 03 02 10  00 a3 00 10 09 02 00 00 |................|
[4119] +142.894924 ASYNC-IN-SUBMIT ep=0x81 len=0 type=BULK (in, awaiting data)
[4120] +142.928971 ASYNC-OUT ep=0x01 len=16 type=BULK 
	0000  08 00 00 18 01 10 ef 03  00 9c 00 10 93 1e 00 00 |................|
[4121] +142.929258 ASYNC-OUT-DONE ep=0x01 len=0 status=0 actual=16
[4122] +143.007712 ASYNC-IN-DONE ep=0x81 len=0 status=2 actual=0
[4123] +143.007807 ASYNC-IN-SUBMIT ep=0x81 len=0 type=BULK (in, awaiting data)
[4124] +143.119832 ASYNC-IN-DONE ep=0x81 len=0 status=2 actual=0
[4125] +143.119937 ASYNC-IN-SUBMIT ep=0x81 len=0 type=BULK (in, awaiting data)
[4126] +143.224285 ASYNC-IN-DONE ep=0x81 len=0 status=2 actual=0
[4127] +143.224363 ASYNC-IN-SUBMIT ep=0x81 len=0 type=BULK (in, awaiting data)
[4128] +143.333023 ASYNC-IN-DONE ep=0x81 len=0 status=2 actual=0
[4129] +143.333124 ASYNC-IN-SUBMIT ep=0x81 len=0 type=BULK (in, awaiting data)
[4130] +143.435806 ASYNC-IN-DONE ep=0x81 len=0 status=2 actual=0
[4131] +143.435909 ASYNC-IN-SUBMIT ep=0x81 len=0 type=BULK (in, awaiting data)
[4132] +143.545254 ASYNC-IN-DONE ep=0x81 len=0 status=2 actual=0
[4133] +143.545357 ASYNC-IN-SUBMIT ep=0x81 len=0 type=BULK (in, awaiting data)
[4134] +143.604368 ASYNC-OUT ep=0x01 len=16 type=BULK 
	0000  08 00 00 18 02 10 f0 03  00 92 00 10 d4 12 00 00 |................|
[4135] +143.604644 ASYNC-OUT-DONE ep=0x01 len=0 status=0 actual=16
[4136] +143.656241 ASYNC-IN-DONE ep=0x81 len=0 status=2 actual=0
[4137] +143.656297 ASYNC-IN-SUBMIT ep=0x81 len=0 type=BULK (in, awaiting data)
[4138] +143.696992 ASYNC-IN-DONE ep=0x81 len=16 status=0 actual=16
	0000  08 00 00 18 ed 03 80 10  00 a2 00 10 ae 02 00 00 |................|
[4139] +143.697139 ASYNC-IN-SUBMIT ep=0x81 len=0 type=BULK (in, awaiting data)
[4140] +143.708269 ASYNC-OUT ep=0x01 len=16 type=BULK 
	0000  08 00 00 18 80 10 ed 03  00 9c 00 10 fd 1a 00 00 |................|
[4141] +143.708466 ASYNC-OUT-DONE ep=0x01 len=0 status=0 actual=16
[4142] +143.809983 ASYNC-IN-DONE ep=0x81 len=0 status=2 actual=0
[4143] +143.810019 ASYNC-IN-SUBMIT ep=0x81 len=0 type=BULK (in, awaiting data)
[4144] +143.897463 ASYNC-IN-DONE ep=0x81 len=16 status=0 actual=16
	0000  08 00 00 18 ef 03 01 10  00 a2 00 10 65 02 00 00 |............e...|
[4145] +143.897560 ASYNC-IN-SUBMIT ep=0x81 len=0 type=BULK (in, awaiting data)
[4146] +143.897682 ASYNC-IN-DONE ep=0x81 len=16 status=0 actual=16
	0000  08 00 00 18 f0 03 02 10  00 a4 00 10 09 02 00 00 |................|
[4147] +143.897722 ASYNC-IN-SUBMIT ep=0x81 len=0 type=BULK (in, awaiting data)
[4148] +143.968551 ASYNC-OUT ep=0x01 len=16 type=BULK 
	0000  08 00 00 18 01 10 ef 03  00 9d 00 10 93 1e 00 00 |................|
[4149] +143.968817 ASYNC-OUT-DONE ep=0x01 len=0 status=0 actual=16
[4150] +144.010484 ASYNC-IN-DONE ep=0x81 len=0 status=2 actual=0
[4151] +144.010570 ASYNC-IN-SUBMIT ep=0x81 len=0 type=BULK (in, awaiting data)
[4152] +144.120932 ASYNC-IN-DONE ep=0x81 len=0 status=2 actual=0
[4153] +144.121088 ASYNC-IN-SUBMIT ep=0x81 len=0 type=BULK (in, awaiting data)
[4154] +144.226003 ASYNC-IN-DONE ep=0x81 len=0 status=2 actual=0
[4155] +144.226090 ASYNC-IN-SUBMIT ep=0x81 len=0 type=BULK (in, awaiting data)
[4156] +144.338215 ASYNC-IN-DONE ep=0x81 len=0 status=2 actual=0
[4157] +144.338284 ASYNC-IN-SUBMIT ep=0x81 len=0 type=BULK (in, awaiting data)
[4158] +144.446643 ASYNC-IN-DONE ep=0x81 len=0 status=2 actual=0
[4159] +144.446740 ASYNC-IN-SUBMIT ep=0x81 len=0 type=BULK (in, awaiting data)
[4160] +144.551168 ASYNC-IN-DONE ep=0x81 len=0 status=2 actual=0
[4161] +144.551284 ASYNC-IN-SUBMIT ep=0x81 len=0 type=BULK (in, awaiting data)
[4162] +144.643905 ASYNC-OUT ep=0x01 len=16 type=BULK 
	0000  08 00 00 18 02 10 f0 03  00 93 00 10 d4 12 00 00 |................|
[4163] +144.644250 ASYNC-OUT-DONE ep=0x01 len=0 status=0 actual=16
[4164] +144.664099 ASYNC-IN-DONE ep=0x81 len=0 status=2 actual=0
[4165] +144.664190 ASYNC-IN-SUBMIT ep=0x81 len=0 type=BULK (in, awaiting data)
[4166] +144.700634 ASYNC-IN-DONE ep=0x81 len=16 status=0 actual=16
	0000  08 00 00 18 ed 03 80 10  00 a3 00 10 ae 02 00 00 |................|
[4167] +144.700694 ASYNC-IN-SUBMIT ep=0x81 len=0 type=BULK (in, awaiting data)
[4168] +144.746419 ASYNC-OUT ep=0x01 len=16 type=BULK 
	0000  08 00 00 18 80 10 ed 03  00 9d 00 10 fd 1a 00 00 |................|
[4169] +144.746782 ASYNC-OUT-DONE ep=0x01 len=0 status=0 actual=16
[4170] +144.813444 ASYNC-IN-DONE ep=0x81 len=0 status=2 actual=0
[4171] +144.813535 ASYNC-IN-SUBMIT ep=0x81 len=0 type=BULK (in, awaiting data)
[4172] +144.900992 ASYNC-IN-DONE ep=0x81 len=16 status=0 actual=16
	0000  08 00 00 18 ef 03 01 10  00 a3 00 10 65 02 00 00 |............e...|
[4173] +144.901107 ASYNC-IN-SUBMIT ep=0x81 len=0 type=BULK (in, awaiting data)
[4174] +144.901265 ASYNC-IN-DONE ep=0x81 len=16 status=0 actual=16
	0000  08 00 00 18 f0 03 02 10  00 a5 00 10 09 02 00 00 |................|
[4175] +144.901325 ASYNC-IN-SUBMIT ep=0x81 len=0 type=BULK (in, awaiting data)
[4176] +145.004741 ASYNC-OUT ep=0x01 len=16 type=BULK 
	0000  08 00 00 18 01 10 ef 03  00 9e 00 10 93 1e 00 00 |................|
[4177] +145.005044 ASYNC-OUT-DONE ep=0x01 len=0 status=0 actual=16
[4178] +145.005090 ASYNC-IN-DONE ep=0x81 len=0 status=2 actual=0
[4179] +145.005115 ASYNC-IN-SUBMIT ep=0x81 len=0 type=BULK (in, awaiting data)
[4180] +145.108992 ASYNC-IN-DONE ep=0x81 len=0 status=2 actual=0
[4181] +145.109121 ASYNC-IN-SUBMIT ep=0x81 len=0 type=BULK (in, awaiting data)
[4182] +145.213106 ASYNC-IN-DONE ep=0x81 len=0 status=2 actual=0
[4183] +145.213185 ASYNC-IN-SUBMIT ep=0x81 len=0 type=BULK (in, awaiting data)
[4184] +145.321981 ASYNC-IN-DONE ep=0x81 len=0 status=2 actual=0
[4185] +145.322076 ASYNC-IN-SUBMIT ep=0x81 len=0 type=BULK (in, awaiting data)
[4186] +145.434905 ASYNC-IN-DONE ep=0x81 len=0 status=2 actual=0
[4187] +145.435005 ASYNC-IN-SUBMIT ep=0x81 len=0 type=BULK (in, awaiting data)
[4188] +145.547879 ASYNC-IN-DONE ep=0x81 len=0 status=2 actual=0
[4189] +145.547975 ASYNC-IN-SUBMIT ep=0x81 len=0 type=BULK (in, awaiting data)
[4190] +145.659553 ASYNC-IN-DONE ep=0x81 len=0 status=2 actual=0
[4191] +145.659601 ASYNC-IN-SUBMIT ep=0x81 len=0 type=BULK (in, awaiting data)
[4192] +145.679376 ASYNC-OUT ep=0x01 len=16 type=BULK 
	0000  08 00 00 18 02 10 f0 03  00 94 00 10 d4 12 00 00 |................|
[4193] +145.679612 ASYNC-OUT-DONE ep=0x01 len=0 status=0 actual=16
[4194] +145.703536 ASYNC-IN-DONE ep=0x81 len=16 status=0 actual=16
	0000  08 00 00 18 ed 03 80 10  00 a4 00 10 ae 02 00 00 |................|
[4195] +145.703667 ASYNC-IN-SUBMIT ep=0x81 len=0 type=BULK (in, awaiting data)
[4196] +145.783481 ASYNC-OUT ep=0x01 len=16 type=BULK 
	0000  08 00 00 18 80 10 ed 03  00 9e 00 10 fd 1a 00 00 |................|
[4197] +145.783748 ASYNC-OUT-DONE ep=0x01 len=0 status=0 actual=16
[4198] +145.813228 ASYNC-IN-DONE ep=0x81 len=0 status=2 actual=0
[4199] +145.813296 ASYNC-IN-SUBMIT ep=0x81 len=0 type=BULK (in, awaiting data)
[4200] +145.904339 ASYNC-IN-DONE ep=0x81 len=16 status=0 actual=16
	0000  08 00 00 18 ef 03 01 10  00 a4 00 10 65 02 00 00 |............e...|
[4201] +145.904443 ASYNC-IN-SUBMIT ep=0x81 len=0 type=BULK (in, awaiting data)
[4202] +145.904592 ASYNC-IN-DONE ep=0x81 len=16 status=0 actual=16
	0000  08 00 00 18 f0 03 02 10  00 a6 00 10 09 02 00 00 |................|
[4203] +145.904633 ASYNC-IN-SUBMIT ep=0x81 len=0 type=BULK (in, awaiting data)
[4204] +146.015510 ASYNC-IN-DONE ep=0x81 len=0 status=2 actual=0
[4205] +146.015601 ASYNC-IN-SUBMIT ep=0x81 len=0 type=BULK (in, awaiting data)
[4206] +146.043248 ASYNC-OUT ep=0x01 len=16 type=BULK 
	0000  08 00 00 18 01 10 ef 03  00 9f 00 10 93 1e 00 00 |................|
[4207] +146.043515 ASYNC-OUT-DONE ep=0x01 len=0 status=0 actual=16
[4208] +146.122890 ASYNC-IN-DONE ep=0x81 len=0 status=2 actual=0
[4209] +146.122957 ASYNC-IN-SUBMIT ep=0x81 len=0 type=BULK (in, awaiting data)
[4210] +146.230002 ASYNC-IN-DONE ep=0x81 len=0 status=2 actual=0
[4211] +146.230101 ASYNC-IN-SUBMIT ep=0x81 len=0 type=BULK (in, awaiting data)
[4212] +146.341049 ASYNC-IN-DONE ep=0x81 len=0 status=2 actual=0
[4213] +146.341133 ASYNC-IN-SUBMIT ep=0x81 len=0 type=BULK (in, awaiting data)
[4214] +146.445888 ASYNC-IN-DONE ep=0x81 len=0 status=2 actual=0
[4215] +146.445988 ASYNC-IN-SUBMIT ep=0x81 len=0 type=BULK (in, awaiting data)
[4216] +146.549682 ASYNC-IN-DONE ep=0x81 len=0 status=2 actual=0
[4217] +146.549774 ASYNC-IN-SUBMIT ep=0x81 len=0 type=BULK (in, awaiting data)
[4218] +146.654314 ASYNC-IN-DONE ep=0x81 len=0 status=2 actual=0
[4219] +146.654419 ASYNC-IN-SUBMIT ep=0x81 len=0 type=BULK (in, awaiting data)
[4220] +146.707039 ASYNC-IN-DONE ep=0x81 len=16 status=0 actual=16
	0000  08 00 00 18 ed 03 80 10  00 a5 00 10 ae 02 00 00 |................|
[4221] +146.707168 ASYNC-IN-SUBMIT ep=0x81 len=0 type=BULK (in, awaiting data)
[4222] +146.718950 ASYNC-OUT ep=0x01 len=16 type=BULK 
	0000  08 00 00 18 02 10 f0 03  00 95 00 10 d4 12 00 00 |................|
[4223] +146.719179 ASYNC-OUT-DONE ep=0x01 len=0 status=0 actual=16
[4224] +146.817353 ASYNC-IN-DONE ep=0x81 len=0 status=2 actual=0
[4225] +146.817431 ASYNC-IN-SUBMIT ep=0x81 len=0 type=BULK (in, awaiting data)
[4226] +146.822075 ASYNC-OUT ep=0x01 len=16 type=BULK 
	0000  08 00 00 18 80 10 ed 03  00 9f 00 10 fd 1a 00 00 |................|
[4227] +146.822241 ASYNC-OUT-DONE ep=0x01 len=0 status=0 actual=16
[4228] +146.907478 ASYNC-IN-DONE ep=0x81 len=16 status=0 actual=16
	0000  08 00 00 18 ef 03 01 10  00 a5 00 10 65 02 00 00 |............e...|
[4229] +146.907598 ASYNC-IN-SUBMIT ep=0x81 len=0 type=BULK (in, awaiting data)
[4230] +146.907793 ASYNC-IN-DONE ep=0x81 len=16 status=0 actual=16
	0000  08 00 00 18 f0 03 02 10  00 a7 00 10 09 02 00 00 |................|
[4231] +146.907866 ASYNC-IN-SUBMIT ep=0x81 len=0 type=BULK (in, awaiting data)
[4232] +147.017915 ASYNC-IN-DONE ep=0x81 len=0 status=2 actual=0
[4233] +147.017993 ASYNC-IN-SUBMIT ep=0x81 len=0 type=BULK (in, awaiting data)
[4234] +147.082379 ASYNC-OUT ep=0x01 len=16 type=BULK 
	0000  08 00 00 18 01 10 ef 03  00 a0 00 10 93 1e 00 00 |................|
[4235] +147.082708 ASYNC-OUT-DONE ep=0x01 len=0 status=0 actual=16
[4236] +147.123195 ASYNC-IN-DONE ep=0x81 len=0 status=2 actual=0
[4237] +147.123274 ASYNC-IN-SUBMIT ep=0x81 len=0 type=BULK (in, awaiting data)
[4238] +147.232136 ASYNC-IN-DONE ep=0x81 len=0 status=2 actual=0
[4239] +147.232205 ASYNC-IN-SUBMIT ep=0x81 len=0 type=BULK (in, awaiting data)
[4240] +147.336652 ASYNC-IN-DONE ep=0x81 len=0 status=2 actual=0
[4241] +147.336742 ASYNC-IN-SUBMIT ep=0x81 len=0 type=BULK (in, awaiting data)
[4242] +147.446563 ASYNC-IN-DONE ep=0x81 len=0 status=2 actual=0
[4243] +147.446676 ASYNC-IN-SUBMIT ep=0x81 len=0 type=BULK (in, awaiting data)
[4244] +147.558946 ASYNC-IN-DONE ep=0x81 len=0 status=2 actual=0
[4245] +147.558974 ASYNC-IN-SUBMIT ep=0x81 len=0 type=BULK (in, awaiting data)
[4246] +147.671651 ASYNC-IN-DONE ep=0x81 len=0 status=2 actual=0
[4247] +147.671680 ASYNC-IN-SUBMIT ep=0x81 len=0 type=BULK (in, awaiting data)
[4248] +147.710338 ASYNC-IN-DONE ep=0x81 len=16 status=0 actual=16
	0000  08 00 00 18 ed 03 80 10  00 a6 00 10 ae 02 00 00 |................|
[4249] +147.710379 ASYNC-IN-SUBMIT ep=0x81 len=0 type=BULK (in, awaiting data)
[4250] +147.757545 ASYNC-OUT ep=0x01 len=16 type=BULK 
	0000  08 00 00 18 02 10 f0 03  00 96 00 10 d4 12 00 00 |................|
[4251] +147.757678 ASYNC-OUT-DONE ep=0x01 len=0 status=0 actual=16
### MARK SNAP-TRY
[4252] +147.819144 ASYNC-IN-DONE ep=0x81 len=0 status=2 actual=0
[4253] +147.819158 ASYNC-IN-SUBMIT ep=0x81 len=0 type=BULK (in, awaiting data)
[4254] +147.860687 ASYNC-OUT ep=0x01 len=16 type=BULK 
	0000  08 00 00 18 80 10 ed 03  00 a0 00 10 fd 1a 00 00 |................|
[4255] +147.860876 ASYNC-OUT-DONE ep=0x01 len=0 status=0 actual=16
[4256] +147.910623 ASYNC-IN-DONE ep=0x81 len=16 status=0 actual=16
	0000  08 00 00 18 ef 03 01 10  00 a6 00 10 65 02 00 00 |............e...|
[4257] +147.910656 ASYNC-IN-SUBMIT ep=0x81 len=0 type=BULK (in, awaiting data)
[4258] +147.910804 ASYNC-IN-DONE ep=0x81 len=16 status=0 actual=16
	0000  08 00 00 18 f0 03 02 10  00 a8 00 10 09 02 00 00 |................|
[4259] +147.910816 ASYNC-IN-SUBMIT ep=0x81 len=0 type=BULK (in, awaiting data)
[4260] +148.023596 ASYNC-IN-DONE ep=0x81 len=0 status=2 actual=0
[4261] +148.023636 ASYNC-IN-SUBMIT ep=0x81 len=0 type=BULK (in, awaiting data)
[4262] +148.120749 ASYNC-OUT ep=0x01 len=16 type=BULK 
	0000  08 00 00 18 01 10 ef 03  00 a1 00 10 93 1e 00 00 |................|
[4263] +148.121097 ASYNC-OUT-DONE ep=0x01 len=0 status=0 actual=16
[4264] +148.124139 ASYNC-IN-DONE ep=0x81 len=0 status=2 actual=0
[4265] +148.124165 ASYNC-IN-SUBMIT ep=0x81 len=0 type=BULK (in, awaiting data)
[4266] +148.234235 ASYNC-IN-DONE ep=0x81 len=0 status=2 actual=0
[4267] +148.234268 ASYNC-IN-SUBMIT ep=0x81 len=0 type=BULK (in, awaiting data)
[4268] +148.337719 ASYNC-IN-DONE ep=0x81 len=0 status=2 actual=0
[4269] +148.337819 ASYNC-IN-SUBMIT ep=0x81 len=0 type=BULK (in, awaiting data)
[4270] +148.446516 ASYNC-IN-DONE ep=0x81 len=0 status=2 actual=0
[4271] +148.446606 ASYNC-IN-SUBMIT ep=0x81 len=0 type=BULK (in, awaiting data)
[4272] +148.552835 ASYNC-IN-DONE ep=0x81 len=0 status=2 actual=0
[4273] +148.552903 ASYNC-IN-SUBMIT ep=0x81 len=0 type=BULK (in, awaiting data)
[4274] +148.665723 ASYNC-IN-DONE ep=0x81 len=0 status=2 actual=0
[4275] +148.665812 ASYNC-IN-SUBMIT ep=0x81 len=0 type=BULK (in, awaiting data)
[4276] +148.713427 ASYNC-IN-DONE ep=0x81 len=16 status=0 actual=16
	0000  08 00 00 18 ed 03 80 10  00 a7 00 10 ae 02 00 00 |................|
[4277] +148.713528 ASYNC-IN-SUBMIT ep=0x81 len=0 type=BULK (in, awaiting data)
[4278] +148.794772 ASYNC-OUT ep=0x01 len=16 type=BULK 
	0000  08 00 00 18 02 10 f0 03  00 97 00 10 d4 12 00 00 |................|
[4279] +148.795105 ASYNC-OUT-DONE ep=0x01 len=0 status=0 actual=16
[4280] +148.826336 ASYNC-IN-DONE ep=0x81 len=0 status=2 actual=0
[4281] +148.826412 ASYNC-IN-SUBMIT ep=0x81 len=0 type=BULK (in, awaiting data)
[4282] +148.898871 ASYNC-OUT ep=0x01 len=16 type=BULK 
	0000  08 00 00 18 80 10 ed 03  00 a1 00 10 fd 1a 00 00 |................|
[4283] +148.899136 ASYNC-OUT-DONE ep=0x01 len=0 status=0 actual=16
[4284] +148.914235 ASYNC-IN-DONE ep=0x81 len=16 status=0 actual=16
	0000  08 00 00 18 ef 03 01 10  00 a7 00 10 65 02 00 00 |............e...|
[4285] +148.914339 ASYNC-IN-SUBMIT ep=0x81 len=0 type=BULK (in, awaiting data)
[4286] +148.914523 ASYNC-IN-DONE ep=0x81 len=16 status=0 actual=16
	0000  08 00 00 18 f0 03 02 10  00 a9 00 10 09 02 00 00 |................|
[4287] +148.914601 ASYNC-IN-SUBMIT ep=0x81 len=0 type=BULK (in, awaiting data)
[4288] +149.020586 ASYNC-IN-DONE ep=0x81 len=0 status=2 actual=0
[4289] +149.020687 ASYNC-IN-SUBMIT ep=0x81 len=0 type=BULK (in, awaiting data)
[4290] +149.124682 ASYNC-IN-DONE ep=0x81 len=0 status=2 actual=0
[4291] +149.124770 ASYNC-IN-SUBMIT ep=0x81 len=0 type=BULK (in, awaiting data)
[4292] +149.157564 ASYNC-OUT ep=0x01 len=16 type=BULK 
	0000  08 00 00 18 01 10 ef 03  00 a2 00 10 93 1e 00 00 |................|
[4293] +149.157925 ASYNC-OUT-DONE ep=0x01 len=0 status=0 actual=16
[4294] +149.236369 ASYNC-IN-DONE ep=0x81 len=0 status=2 actual=0
[4295] +149.236421 ASYNC-IN-SUBMIT ep=0x81 len=0 type=BULK (in, awaiting data)
[4296] +149.349112 ASYNC-IN-DONE ep=0x81 len=0 status=2 actual=0
[4297] +149.349139 ASYNC-IN-SUBMIT ep=0x81 len=0 type=BULK (in, awaiting data)
[4298] +149.461882 ASYNC-IN-DONE ep=0x81 len=0 status=2 actual=0
[4299] +149.461924 ASYNC-IN-SUBMIT ep=0x81 len=0 type=BULK (in, awaiting data)
[4300] +149.563006 ASYNC-IN-DONE ep=0x81 len=0 status=2 actual=0
[4301] +149.563038 ASYNC-IN-SUBMIT ep=0x81 len=0 type=BULK (in, awaiting data)
[4302] +149.675707 ASYNC-IN-DONE ep=0x81 len=0 status=2 actual=0
[4303] +149.675739 ASYNC-IN-SUBMIT ep=0x81 len=0 type=BULK (in, awaiting data)
[4304] +149.717043 ASYNC-IN-DONE ep=0x81 len=16 status=0 actual=16
	0000  08 00 00 18 ed 03 80 10  00 a8 00 10 ae 02 00 00 |................|
[4305] +149.717089 ASYNC-IN-SUBMIT ep=0x81 len=0 type=BULK (in, awaiting data)
[4306] +149.825489 ASYNC-IN-DONE ep=0x81 len=0 status=2 actual=0
[4307] +149.825579 ASYNC-IN-SUBMIT ep=0x81 len=0 type=BULK (in, awaiting data)
[4308] +149.832612 ASYNC-OUT ep=0x01 len=16 type=BULK 
	0000  08 00 00 18 02 10 f0 03  00 98 00 10 d4 12 00 00 |................|
[4309] +149.832857 ASYNC-OUT-DONE ep=0x01 len=0 status=0 actual=16
[4310] +149.918255 ASYNC-IN-DONE ep=0x81 len=16 status=0 actual=16
	0000  08 00 00 18 ef 03 01 10  00 a8 00 10 65 02 00 00 |............e...|
[4311] +149.918364 ASYNC-IN-SUBMIT ep=0x81 len=0 type=BULK (in, awaiting data)
[4312] +149.918532 ASYNC-IN-DONE ep=0x81 len=16 status=0 actual=16
	0000  08 00 00 18 f0 03 02 10  00 aa 00 10 09 02 00 00 |................|
[4313] +149.918605 ASYNC-IN-SUBMIT ep=0x81 len=0 type=BULK (in, awaiting data)
[4314] +149.936340 ASYNC-OUT ep=0x01 len=16 type=BULK 
	0000  08 00 00 18 80 10 ed 03  00 a2 00 10 fd 1a 00 00 |................|
[4315] +149.936688 ASYNC-OUT-DONE ep=0x01 len=0 status=0 actual=16
[4316] +150.031328 ASYNC-IN-DONE ep=0x81 len=0 status=2 actual=0
[4317] +150.031397 ASYNC-IN-SUBMIT ep=0x81 len=0 type=BULK (in, awaiting data)
[4318] +150.142979 ASYNC-IN-DONE ep=0x81 len=0 status=2 actual=0
[4319] +150.143064 ASYNC-IN-SUBMIT ep=0x81 len=0 type=BULK (in, awaiting data)
[4320] +150.196357 ASYNC-OUT ep=0x01 len=16 type=BULK 
	0000  08 00 00 18 01 10 ef 03  00 a3 00 10 93 1e 00 00 |................|
[4321] +150.196633 ASYNC-OUT-DONE ep=0x01 len=0 status=0 actual=16
[4322] +150.245014 ASYNC-IN-DONE ep=0x81 len=0 status=2 actual=0
[4323] +150.245161 ASYNC-IN-SUBMIT ep=0x81 len=0 type=BULK (in, awaiting data)
[4324] +150.351753 ASYNC-IN-DONE ep=0x81 len=0 status=2 actual=0
[4325] +150.351836 ASYNC-IN-SUBMIT ep=0x81 len=0 type=BULK (in, awaiting data)
[4326] +150.452642 ASYNC-IN-DONE ep=0x81 len=0 status=2 actual=0
[4327] +150.452723 ASYNC-IN-SUBMIT ep=0x81 len=0 type=BULK (in, awaiting data)
[4328] +150.563695 ASYNC-IN-DONE ep=0x81 len=0 status=2 actual=0
[4329] +150.563744 ASYNC-IN-SUBMIT ep=0x81 len=0 type=BULK (in, awaiting data)
[4330] +150.664711 ASYNC-IN-DONE ep=0x81 len=0 status=2 actual=0
[4331] +150.664785 ASYNC-IN-SUBMIT ep=0x81 len=0 type=BULK (in, awaiting data)
[4332] +150.720310 ASYNC-IN-DONE ep=0x81 len=16 status=0 actual=16
	0000  08 00 00 18 ed 03 80 10  00 a9 00 10 ae 02 00 00 |................|
[4333] +150.720422 ASYNC-IN-SUBMIT ep=0x81 len=0 type=BULK (in, awaiting data)
[4334] +150.829432 ASYNC-IN-DONE ep=0x81 len=0 status=2 actual=0
[4335] +150.829498 ASYNC-IN-SUBMIT ep=0x81 len=0 type=BULK (in, awaiting data)
[4336] +150.871315 ASYNC-OUT ep=0x01 len=16 type=BULK 
	0000  08 00 00 18 02 10 f0 03  00 99 00 10 d4 12 00 00 |................|
[4337] +150.871609 ASYNC-OUT-DONE ep=0x01 len=0 status=0 actual=16
[4338] +150.920995 ASYNC-IN-DONE ep=0x81 len=16 status=0 actual=16
	0000  08 00 00 18 ef 03 01 10  00 a9 00 10 65 02 00 00 |............e...|
[4339] +150.921130 ASYNC-IN-SUBMIT ep=0x81 len=0 type=BULK (in, awaiting data)
[4340] +150.921321 ASYNC-IN-DONE ep=0x81 len=16 status=0 actual=16
	0000  08 00 00 18 f0 03 02 10  00 ab 00 10 09 02 00 00 |................|
[4341] +150.921380 ASYNC-IN-SUBMIT ep=0x81 len=0 type=BULK (in, awaiting data)
[4342] +150.975466 ASYNC-OUT ep=0x01 len=16 type=BULK 
	0000  08 00 00 18 80 10 ed 03  00 a3 00 10 fd 1a 00 00 |................|
[4343] +150.975787 ASYNC-OUT-DONE ep=0x01 len=0 status=0 actual=16
[4344] +151.032425 ASYNC-IN-DONE ep=0x81 len=0 status=2 actual=0
[4345] +151.032494 ASYNC-IN-SUBMIT ep=0x81 len=0 type=BULK (in, awaiting data)
[4346] +151.132908 ASYNC-IN-DONE ep=0x81 len=0 status=2 actual=0
[4347] +151.133000 ASYNC-IN-SUBMIT ep=0x81 len=0 type=BULK (in, awaiting data)
[4348] +151.233919 ASYNC-OUT ep=0x01 len=16 type=BULK 
	0000  08 00 00 18 01 10 ef 03  00 a4 00 10 93 1e 00 00 |................|
[4349] +151.234265 ASYNC-OUT-DONE ep=0x01 len=0 status=0 actual=16
[4350] +151.240687 ASYNC-IN-DONE ep=0x81 len=0 status=2 actual=0
[4351] +151.240731 ASYNC-IN-SUBMIT ep=0x81 len=0 type=BULK (in, awaiting data)
[4352] +151.348515 ASYNC-IN-DONE ep=0x81 len=0 status=2 actual=0
[4353] +151.348609 ASYNC-IN-SUBMIT ep=0x81 len=0 type=BULK (in, awaiting data)
[4354] +151.454927 ASYNC-IN-DONE ep=0x81 len=0 status=2 actual=0
[4355] +151.455013 ASYNC-IN-SUBMIT ep=0x81 len=0 type=BULK (in, awaiting data)
[4356] +151.555915 ASYNC-IN-DONE ep=0x81 len=0 status=2 actual=0
[4357] +151.555963 ASYNC-IN-SUBMIT ep=0x81 len=0 type=BULK (in, awaiting data)
[4358] +151.667351 ASYNC-IN-DONE ep=0x81 len=0 status=2 actual=0
[4359] +151.667440 ASYNC-IN-SUBMIT ep=0x81 len=0 type=BULK (in, awaiting data)
[4360] +151.723418 ASYNC-IN-DONE ep=0x81 len=16 status=0 actual=16
	0000  08 00 00 18 ed 03 80 10  00 aa 00 10 ae 02 00 00 |................|
[4361] +151.723521 ASYNC-IN-SUBMIT ep=0x81 len=0 type=BULK (in, awaiting data)
[4362] +151.834009 ASYNC-IN-DONE ep=0x81 len=0 status=2 actual=0
[4363] +151.834086 ASYNC-IN-SUBMIT ep=0x81 len=0 type=BULK (in, awaiting data)
[4364] +151.908737 ASYNC-OUT ep=0x01 len=16 type=BULK 
	0000  08 00 00 18 02 10 f0 03  00 9a 00 10 d4 12 00 00 |................|
[4365] +151.909102 ASYNC-OUT-DONE ep=0x01 len=0 status=0 actual=16
[4366] +151.924112 ASYNC-IN-DONE ep=0x81 len=16 status=0 actual=16
	0000  08 00 00 18 ef 03 01 10  00 aa 00 10 65 02 00 00 |............e...|
[4367] +151.924176 ASYNC-IN-SUBMIT ep=0x81 len=0 type=BULK (in, awaiting data)
[4368] +151.924304 ASYNC-IN-DONE ep=0x81 len=16 status=0 actual=16
	0000  08 00 00 18 f0 03 02 10  00 ac 00 10 09 02 00 00 |................|
[4369] +151.924339 ASYNC-IN-SUBMIT ep=0x81 len=0 type=BULK (in, awaiting data)
[4370] +152.012837 ASYNC-OUT ep=0x01 len=16 type=BULK 
	0000  08 00 00 18 80 10 ed 03  00 a4 00 10 fd 1a 00 00 |................|
[4371] +152.013164 ASYNC-OUT-DONE ep=0x01 len=0 status=0 actual=16
[4372] +152.028932 ASYNC-IN-DONE ep=0x81 len=0 status=2 actual=0
[4373] +152.029031 ASYNC-IN-SUBMIT ep=0x81 len=0 type=BULK (in, awaiting data)
[4374] +152.139640 ASYNC-IN-DONE ep=0x81 len=0 status=2 actual=0
[4375] +152.139735 ASYNC-IN-SUBMIT ep=0x81 len=0 type=BULK (in, awaiting data)
[4376] +152.242535 ASYNC-IN-DONE ep=0x81 len=0 status=2 actual=0
[4377] +152.242636 ASYNC-IN-SUBMIT ep=0x81 len=0 type=BULK (in, awaiting data)
[4378] +152.273085 ASYNC-OUT ep=0x01 len=16 type=BULK 
	0000  08 00 00 18 01 10 ef 03  00 a5 00 10 93 1e 00 00 |................|
[4379] +152.273371 ASYNC-OUT-DONE ep=0x01 len=0 status=0 actual=16
[4380] +152.355463 ASYNC-IN-DONE ep=0x81 len=0 status=2 actual=0
[4381] +152.355560 ASYNC-IN-SUBMIT ep=0x81 len=0 type=BULK (in, awaiting data)
[4382] +152.467420 ASYNC-IN-DONE ep=0x81 len=0 status=2 actual=0
[4383] +152.467509 ASYNC-IN-SUBMIT ep=0x81 len=0 type=BULK (in, awaiting data)
[4384] +152.570865 ASYNC-IN-DONE ep=0x81 len=0 status=2 actual=0
[4385] +152.570985 ASYNC-IN-SUBMIT ep=0x81 len=0 type=BULK (in, awaiting data)
[4386] +152.682712 ASYNC-IN-DONE ep=0x81 len=0 status=2 actual=0
[4387] +152.682770 ASYNC-IN-SUBMIT ep=0x81 len=0 type=BULK (in, awaiting data)
[4388] +152.726664 ASYNC-IN-DONE ep=0x81 len=16 status=0 actual=16
	0000  08 00 00 18 ed 03 80 10  00 ab 00 10 ae 02 00 00 |................|
[4389] +152.726763 ASYNC-IN-SUBMIT ep=0x81 len=0 type=BULK (in, awaiting data)
[4390] +152.828599 ASYNC-IN-DONE ep=0x81 len=0 status=2 actual=0
[4391] +152.828618 ASYNC-IN-SUBMIT ep=0x81 len=0 type=BULK (in, awaiting data)
[4392] +152.927722 ASYNC-IN-DONE ep=0x81 len=16 status=0 actual=16
	0000  08 00 00 18 ef 03 01 10  00 ab 00 10 65 02 00 00 |............e...|
[4393] +152.927757 ASYNC-IN-SUBMIT ep=0x81 len=0 type=BULK (in, awaiting data)
[4394] +152.927863 ASYNC-IN-DONE ep=0x81 len=16 status=0 actual=16
	0000  08 00 00 18 f0 03 02 10  00 ad 00 10 09 02 00 00 |................|
[4395] +152.927875 ASYNC-IN-SUBMIT ep=0x81 len=0 type=BULK (in, awaiting data)
[4396] +152.948333 ASYNC-OUT ep=0x01 len=16 type=BULK 
	0000  08 00 00 18 02 10 f0 03  00 9b 00 10 d4 12 00 00 |................|
[4397] +152.948525 ASYNC-OUT-DONE ep=0x01 len=0 status=0 actual=16
[4398] +153.033909 ASYNC-IN-DONE ep=0x81 len=0 status=2 actual=0
[4399] +153.033939 ASYNC-IN-SUBMIT ep=0x81 len=0 type=BULK (in, awaiting data)
[4400] +153.052373 ASYNC-OUT ep=0x01 len=16 type=BULK 
	0000  08 00 00 18 80 10 ed 03  00 a5 00 10 fd 1a 00 00 |................|
[4401] +153.052653 ASYNC-OUT-DONE ep=0x01 len=0 status=0 actual=16
[4402] +153.143574 ASYNC-IN-DONE ep=0x81 len=0 status=2 actual=0
[4403] +153.143604 ASYNC-IN-SUBMIT ep=0x81 len=0 type=BULK (in, awaiting data)
[4404] +153.244594 ASYNC-IN-DONE ep=0x81 len=0 status=2 actual=0
[4405] +153.244681 ASYNC-IN-SUBMIT ep=0x81 len=0 type=BULK (in, awaiting data)
[4406] +153.311401 ASYNC-OUT ep=0x01 len=16 type=BULK 
	0000  08 00 00 18 01 10 ef 03  00 a6 00 10 93 1e 00 00 |................|
[4407] +153.311675 ASYNC-OUT-DONE ep=0x01 len=0 status=0 actual=16
[4408] +153.352242 ASYNC-IN-DONE ep=0x81 len=0 status=2 actual=0
[4409] +153.352317 ASYNC-IN-SUBMIT ep=0x81 len=0 type=BULK (in, awaiting data)
[4410] +153.465017 ASYNC-IN-DONE ep=0x81 len=0 status=2 actual=0
[4411] +153.465128 ASYNC-IN-SUBMIT ep=0x81 len=0 type=BULK (in, awaiting data)
[4412] +153.576745 ASYNC-IN-DONE ep=0x81 len=0 status=2 actual=0
[4413] +153.576837 ASYNC-IN-SUBMIT ep=0x81 len=0 type=BULK (in, awaiting data)
[4414] +153.689665 ASYNC-IN-DONE ep=0x81 len=0 status=2 actual=0
[4415] +153.689766 ASYNC-IN-SUBMIT ep=0x81 len=0 type=BULK (in, awaiting data)
[4416] +153.730171 ASYNC-IN-DONE ep=0x81 len=16 status=0 actual=16
	0000  08 00 00 18 ed 03 80 10  00 ac 00 10 ae 02 00 00 |................|
[4417] +153.730297 ASYNC-IN-SUBMIT ep=0x81 len=0 type=BULK (in, awaiting data)
[4418] +153.843127 ASYNC-IN-DONE ep=0x81 len=0 status=2 actual=0
[4419] +153.843233 ASYNC-IN-SUBMIT ep=0x81 len=0 type=BULK (in, awaiting data)
[4420] +153.930668 ASYNC-IN-DONE ep=0x81 len=16 status=0 actual=16
	0000  08 00 00 18 ef 03 01 10  00 ac 00 10 65 02 00 00 |............e...|
[4421] +153.930811 ASYNC-IN-SUBMIT ep=0x81 len=0 type=BULK (in, awaiting data)
[4422] +153.931003 ASYNC-IN-DONE ep=0x81 len=16 status=0 actual=16
	0000  08 00 00 18 f0 03 02 10  00 ae 00 10 09 02 00 00 |................|
[4423] +153.931069 ASYNC-IN-SUBMIT ep=0x81 len=0 type=BULK (in, awaiting data)
[4424] +153.984629 ASYNC-OUT ep=0x01 len=16 type=BULK 
	0000  08 00 00 18 02 10 f0 03  00 9c 00 10 d4 12 00 00 |................|
[4425] +153.984911 ASYNC-OUT-DONE ep=0x01 len=0 status=0 actual=16
[4426] +154.036770 ASYNC-IN-DONE ep=0x81 len=0 status=2 actual=0
[4427] +154.036851 ASYNC-IN-SUBMIT ep=0x81 len=0 type=BULK (in, awaiting data)
[4428] +154.088723 ASYNC-OUT ep=0x01 len=16 type=BULK 
	0000  08 00 00 18 80 10 ed 03  00 a6 00 10 fd 1a 00 00 |................|
[4429] +154.089045 ASYNC-OUT-DONE ep=0x01 len=0 status=0 actual=16
[4430] +154.147956 ASYNC-IN-DONE ep=0x81 len=0 status=2 actual=0
[4431] +154.148036 ASYNC-IN-SUBMIT ep=0x81 len=0 type=BULK (in, awaiting data)
[4432] +154.253525 ASYNC-IN-DONE ep=0x81 len=0 status=2 actual=0
[4433] +154.253600 ASYNC-IN-SUBMIT ep=0x81 len=0 type=BULK (in, awaiting data)
[4434] +154.347433 ASYNC-OUT ep=0x01 len=16 type=BULK 
	0000  08 00 00 18 01 10 ef 03  00 a7 00 10 93 1e 00 00 |................|
[4435] +154.347746 ASYNC-OUT-DONE ep=0x01 len=0 status=0 actual=16
[4436] +154.354199 ASYNC-IN-DONE ep=0x81 len=0 status=2 actual=0
[4437] +154.354259 ASYNC-IN-SUBMIT ep=0x81 len=0 type=BULK (in, awaiting data)
[4438] +154.467129 ASYNC-IN-DONE ep=0x81 len=0 status=2 actual=0
[4439] +154.467211 ASYNC-IN-SUBMIT ep=0x81 len=0 type=BULK (in, awaiting data)
[4440] +154.569640 ASYNC-IN-DONE ep=0x81 len=0 status=2 actual=0
[4441] +154.569726 ASYNC-IN-SUBMIT ep=0x81 len=0 type=BULK (in, awaiting data)
[4442] +154.679879 ASYNC-IN-DONE ep=0x81 len=0 status=2 actual=0
[4443] +154.679975 ASYNC-IN-SUBMIT ep=0x81 len=0 type=BULK (in, awaiting data)
[4444] +154.733773 ASYNC-IN-DONE ep=0x81 len=16 status=0 actual=16
	0000  08 00 00 18 ed 03 80 10  00 ad 00 10 ae 02 00 00 |................|
[4445] +154.733885 ASYNC-IN-SUBMIT ep=0x81 len=0 type=BULK (in, awaiting data)
[4446] +154.840884 ASYNC-IN-DONE ep=0x81 len=0 status=2 actual=0
[4447] +154.840971 ASYNC-IN-SUBMIT ep=0x81 len=0 type=BULK (in, awaiting data)
[4448] +154.934236 ASYNC-IN-DONE ep=0x81 len=16 status=0 actual=16
	0000  08 00 00 18 ef 03 01 10  00 ad 00 10 65 02 00 00 |............e...|
[4449] +154.934371 ASYNC-IN-SUBMIT ep=0x81 len=0 type=BULK (in, awaiting data)
[4450] +154.934559 ASYNC-IN-DONE ep=0x81 len=16 status=0 actual=16
	0000  08 00 00 18 f0 03 02 10  00 af 00 10 09 02 00 00 |................|
[4451] +154.934640 ASYNC-IN-SUBMIT ep=0x81 len=0 type=BULK (in, awaiting data)
[4452] +155.022926 ASYNC-OUT ep=0x01 len=16 type=BULK 
	0000  08 00 00 18 02 10 f0 03  00 9d 00 10 d4 12 00 00 |................|
[4453] +155.023286 ASYNC-OUT-DONE ep=0x01 len=0 status=0 actual=16
[4454] +155.042693 ASYNC-IN-DONE ep=0x81 len=0 status=2 actual=0
[4455] +155.042747 ASYNC-IN-SUBMIT ep=0x81 len=0 type=BULK (in, awaiting data)
[4456] +155.126985 ASYNC-OUT ep=0x01 len=16 type=BULK 
	0000  08 00 00 18 80 10 ed 03  00 a7 00 10 fd 1a 00 00 |................|
[4457] +155.127290 ASYNC-OUT-DONE ep=0x01 len=0 status=0 actual=16
[4458] +155.154865 ASYNC-IN-DONE ep=0x81 len=0 status=2 actual=0
[4459] +155.154953 ASYNC-IN-SUBMIT ep=0x81 len=0 type=BULK (in, awaiting data)
[4460] +155.262048 ASYNC-IN-DONE ep=0x81 len=0 status=2 actual=0
[4461] +155.262147 ASYNC-IN-SUBMIT ep=0x81 len=0 type=BULK (in, awaiting data)
[4462] +155.373206 ASYNC-IN-DONE ep=0x81 len=0 status=2 actual=0
[4463] +155.373310 ASYNC-IN-SUBMIT ep=0x81 len=0 type=BULK (in, awaiting data)
[4464] +155.387211 ASYNC-OUT ep=0x01 len=16 type=BULK 
	0000  08 00 00 18 01 10 ef 03  00 a8 00 10 93 1e 00 00 |................|
[4465] +155.387524 ASYNC-OUT-DONE ep=0x01 len=0 status=0 actual=16
[4466] +155.481857 ASYNC-IN-DONE ep=0x81 len=0 status=2 actual=0
[4467] +155.481950 ASYNC-IN-SUBMIT ep=0x81 len=0 type=BULK (in, awaiting data)
[4468] +155.587190 ASYNC-IN-DONE ep=0x81 len=0 status=2 actual=0
[4469] +155.587303 ASYNC-IN-SUBMIT ep=0x81 len=0 type=BULK (in, awaiting data)
[4470] +155.695977 ASYNC-IN-DONE ep=0x81 len=0 status=2 actual=0
[4471] +155.696076 ASYNC-IN-SUBMIT ep=0x81 len=0 type=BULK (in, awaiting data)
[4472] +155.736935 ASYNC-IN-DONE ep=0x81 len=16 status=0 actual=16
	0000  08 00 00 18 ed 03 80 10  00 ae 00 10 ae 02 00 00 |................|
[4473] +155.737017 ASYNC-IN-SUBMIT ep=0x81 len=0 type=BULK (in, awaiting data)
[4474] +155.846619 ASYNC-IN-DONE ep=0x81 len=0 status=2 actual=0
[4475] +155.846709 ASYNC-IN-SUBMIT ep=0x81 len=0 type=BULK (in, awaiting data)
[4476] +155.937740 ASYNC-IN-DONE ep=0x81 len=16 status=0 actual=16
	0000  08 00 00 18 ef 03 01 10  00 ae 00 10 65 02 00 00 |............e...|
[4477] +155.937893 ASYNC-IN-SUBMIT ep=0x81 len=0 type=BULK (in, awaiting data)
[4478] +155.938117 ASYNC-IN-DONE ep=0x81 len=16 status=0 actual=16
	0000  08 00 00 18 f0 03 02 10  00 b0 00 10 09 02 00 00 |................|
[4479] +155.938199 ASYNC-IN-SUBMIT ep=0x81 len=0 type=BULK (in, awaiting data)
[4480] +156.043919 ASYNC-IN-DONE ep=0x81 len=0 status=2 actual=0
[4481] +156.044035 ASYNC-IN-SUBMIT ep=0x81 len=0 type=BULK (in, awaiting data)
[4482] +156.063856 ASYNC-OUT ep=0x01 len=16 type=BULK 
	0000  08 00 00 18 02 10 f0 03  00 9e 00 10 d4 12 00 00 |................|
[4483] +156.064222 ASYNC-OUT-DONE ep=0x01 len=0 status=0 actual=16
[4484] +156.145126 ASYNC-IN-DONE ep=0x81 len=0 status=2 actual=0
[4485] +156.145240 ASYNC-IN-SUBMIT ep=0x81 len=0 type=BULK (in, awaiting data)
[4486] +156.167451 ASYNC-OUT ep=0x01 len=16 type=BULK 
	0000  08 00 00 18 80 10 ed 03  00 a8 00 10 fd 1a 00 00 |................|
[4487] +156.167843 ASYNC-OUT-DONE ep=0x01 len=0 status=0 actual=16
[4488] +156.251177 ASYNC-IN-DONE ep=0x81 len=0 status=2 actual=0
[4489] +156.251298 ASYNC-IN-SUBMIT ep=0x81 len=0 type=BULK (in, awaiting data)
[4490] +156.352172 ASYNC-IN-DONE ep=0x81 len=0 status=2 actual=0
[4491] +156.352260 ASYNC-IN-SUBMIT ep=0x81 len=0 type=BULK (in, awaiting data)
[4492] +156.423889 ASYNC-OUT ep=0x01 len=16 type=BULK 
	0000  08 00 00 18 01 10 ef 03  00 a9 00 10 93 1e 00 00 |................|
[4493] +156.424270 ASYNC-OUT-DONE ep=0x01 len=0 status=0 actual=16
[4494] +156.463224 ASYNC-IN-DONE ep=0x81 len=0 status=2 actual=0
[4495] +156.463326 ASYNC-IN-SUBMIT ep=0x81 len=0 type=BULK (in, awaiting data)
[4496] +156.576167 ASYNC-IN-DONE ep=0x81 len=0 status=2 actual=0
[4497] +156.576272 ASYNC-IN-SUBMIT ep=0x81 len=0 type=BULK (in, awaiting data)
[4498] +156.680762 ASYNC-IN-DONE ep=0x81 len=0 status=2 actual=0
[4499] +156.680861 ASYNC-IN-SUBMIT ep=0x81 len=0 type=BULK (in, awaiting data)
[4500] +156.740964 ASYNC-IN-DONE ep=0x81 len=16 status=0 actual=16
	0000  08 00 00 18 ed 03 80 10  00 af 00 10 ae 02 00 00 |................|
[4501] +156.741062 ASYNC-IN-SUBMIT ep=0x81 len=0 type=BULK (in, awaiting data)
[4502] +156.844416 ASYNC-IN-DONE ep=0x81 len=0 status=2 actual=0
[4503] +156.844511 ASYNC-IN-SUBMIT ep=0x81 len=0 type=BULK (in, awaiting data)
[4504] +156.941456 ASYNC-IN-DONE ep=0x81 len=16 status=0 actual=16
	0000  08 00 00 18 ef 03 01 10  00 af 00 10 65 02 00 00 |............e...|
[4505] +156.941599 ASYNC-IN-SUBMIT ep=0x81 len=0 type=BULK (in, awaiting data)
[4506] +156.941802 ASYNC-IN-DONE ep=0x81 len=16 status=0 actual=16
	0000  08 00 00 18 f0 03 02 10  00 b1 00 10 09 02 00 00 |................|
[4507] +156.941882 ASYNC-IN-SUBMIT ep=0x81 len=0 type=BULK (in, awaiting data)
[4508] +157.045662 ASYNC-IN-DONE ep=0x81 len=0 status=2 actual=0
[4509] +157.045763 ASYNC-IN-SUBMIT ep=0x81 len=0 type=BULK (in, awaiting data)
[4510] +157.098504 ASYNC-OUT ep=0x01 len=16 type=BULK 
	0000  08 00 00 18 02 10 f0 03  00 9f 00 10 d4 12 00 00 |................|
[4511] +157.098803 ASYNC-OUT-DONE ep=0x01 len=0 status=0 actual=16
[4512] +157.150724 ASYNC-IN-DONE ep=0x81 len=0 status=2 actual=0
[4513] +157.150828 ASYNC-IN-SUBMIT ep=0x81 len=0 type=BULK (in, awaiting data)
[4514] +157.201701 ASYNC-OUT ep=0x01 len=16 type=BULK 
	0000  08 00 00 18 80 10 ed 03  00 a9 00 10 fd 1a 00 00 |................|
[4515] +157.201996 ASYNC-OUT-DONE ep=0x01 len=0 status=0 actual=16
[4516] +157.262385 ASYNC-IN-DONE ep=0x81 len=0 status=2 actual=0
[4517] +157.262469 ASYNC-IN-SUBMIT ep=0x81 len=0 type=BULK (in, awaiting data)
[4518] +157.373159 ASYNC-IN-DONE ep=0x81 len=0 status=2 actual=0
[4519] +157.373260 ASYNC-IN-SUBMIT ep=0x81 len=0 type=BULK (in, awaiting data)
[4520] +157.460488 ASYNC-OUT ep=0x01 len=16 type=BULK 
	0000  08 00 00 18 01 10 ef 03  00 aa 00 10 93 1e 00 00 |................|
[4521] +157.460803 ASYNC-OUT-DONE ep=0x01 len=0 status=0 actual=16
[4522] +157.479063 ASYNC-IN-DONE ep=0x81 len=0 status=2 actual=0
[4523] +157.479121 ASYNC-IN-SUBMIT ep=0x81 len=0 type=BULK (in, awaiting data)
[4524] +157.588310 ASYNC-IN-DONE ep=0x81 len=0 status=2 actual=0
[4525] +157.588381 ASYNC-IN-SUBMIT ep=0x81 len=0 type=BULK (in, awaiting data)
[4526] +157.698853 ASYNC-IN-DONE ep=0x81 len=0 status=2 actual=0
[4527] +157.698926 ASYNC-IN-SUBMIT ep=0x81 len=0 type=BULK (in, awaiting data)
[4528] +157.743738 ASYNC-IN-DONE ep=0x81 len=16 status=0 actual=16
	0000  08 00 00 18 ed 03 80 10  00 b0 00 10 ae 02 00 00 |................|
[4529] +157.743865 ASYNC-IN-SUBMIT ep=0x81 len=0 type=BULK (in, awaiting data)
[4530] +157.856303 ASYNC-IN-DONE ep=0x81 len=0 status=2 actual=0
[4531] +157.856372 ASYNC-IN-SUBMIT ep=0x81 len=0 type=BULK (in, awaiting data)
[4532] +157.944866 ASYNC-IN-DONE ep=0x81 len=16 status=0 actual=16
	0000  08 00 00 18 ef 03 01 10  00 b0 00 10 65 02 00 00 |............e...|
[4533] +157.945003 ASYNC-IN-SUBMIT ep=0x81 len=0 type=BULK (in, awaiting data)
[4534] +157.945200 ASYNC-IN-DONE ep=0x81 len=16 status=0 actual=16
	0000  08 00 00 18 f0 03 02 10  00 b2 00 10 09 02 00 00 |................|
[4535] +157.945262 ASYNC-IN-SUBMIT ep=0x81 len=0 type=BULK (in, awaiting data)
[4536] +158.058031 ASYNC-IN-DONE ep=0x81 len=0 status=2 actual=0
[4537] +158.058128 ASYNC-IN-SUBMIT ep=0x81 len=0 type=BULK (in, awaiting data)
[4538] +158.135543 ASYNC-OUT ep=0x01 len=16 type=BULK 
	0000  08 00 00 18 02 10 f0 03  00 a0 00 10 d4 12 00 00 |................|
[4539] +158.135903 ASYNC-OUT-DONE ep=0x01 len=0 status=0 actual=16
[4540] +158.170899 ASYNC-IN-DONE ep=0x81 len=0 status=2 actual=0
[4541] +158.170937 ASYNC-IN-SUBMIT ep=0x81 len=0 type=BULK (in, awaiting data)
[4542] +158.239696 ASYNC-OUT ep=0x01 len=16 type=BULK 
	0000  08 00 00 18 80 10 ed 03  00 aa 00 10 fd 1a 00 00 |................|
[4543] +158.240074 ASYNC-OUT-DONE ep=0x01 len=0 status=0 actual=16
[4544] +158.280859 ASYNC-IN-DONE ep=0x81 len=0 status=2 actual=0
[4545] +158.280903 ASYNC-IN-SUBMIT ep=0x81 len=0 type=BULK (in, awaiting data)
[4546] +158.389124 ASYNC-IN-DONE ep=0x81 len=0 status=2 actual=0
[4547] +158.389195 ASYNC-IN-SUBMIT ep=0x81 len=0 type=BULK (in, awaiting data)
[4548] +158.498654 ASYNC-OUT ep=0x01 len=16 type=BULK 
	0000  08 00 00 18 01 10 ef 03  00 ab 00 10 93 1e 00 00 |................|
[4549] +158.498926 ASYNC-OUT-DONE ep=0x01 len=0 status=0 actual=16
[4550] +158.501933 ASYNC-IN-DONE ep=0x81 len=0 status=2 actual=0
[4551] +158.501966 ASYNC-IN-SUBMIT ep=0x81 len=0 type=BULK (in, awaiting data)
[4552] +158.603419 ASYNC-IN-DONE ep=0x81 len=0 status=2 actual=0
[4553] +158.603516 ASYNC-IN-SUBMIT ep=0x81 len=0 type=BULK (in, awaiting data)
[4554] +158.710804 ASYNC-IN-DONE ep=0x81 len=0 status=2 actual=0
[4555] +158.710896 ASYNC-IN-SUBMIT ep=0x81 len=0 type=BULK (in, awaiting data)
[4556] +158.746905 ASYNC-IN-DONE ep=0x81 len=16 status=0 actual=16
	0000  08 00 00 18 ed 03 80 10  00 b1 00 10 ae 02 00 00 |................|
[4557] +158.747014 ASYNC-IN-SUBMIT ep=0x81 len=0 type=BULK (in, awaiting data)
[4558] +158.856276 ASYNC-IN-DONE ep=0x81 len=0 status=2 actual=0
[4559] +158.856364 ASYNC-IN-SUBMIT ep=0x81 len=0 type=BULK (in, awaiting data)
[4560] +158.947701 ASYNC-IN-DONE ep=0x81 len=16 status=0 actual=16
	0000  08 00 00 18 ef 03 01 10  00 b1 00 10 65 02 00 00 |............e...|
[4561] +158.947845 ASYNC-IN-SUBMIT ep=0x81 len=0 type=BULK (in, awaiting data)
[4562] +158.948051 ASYNC-IN-DONE ep=0x81 len=16 status=0 actual=16
	0000  08 00 00 18 f0 03 02 10  00 b3 00 10 09 02 00 00 |................|
[4563] +158.948116 ASYNC-IN-SUBMIT ep=0x81 len=0 type=BULK (in, awaiting data)
[4564] +159.053553 ASYNC-IN-DONE ep=0x81 len=0 status=2 actual=0
[4565] +159.053638 ASYNC-IN-SUBMIT ep=0x81 len=0 type=BULK (in, awaiting data)
[4566] +159.166521 ASYNC-IN-DONE ep=0x81 len=0 status=2 actual=0
[4567] +159.166622 ASYNC-IN-SUBMIT ep=0x81 len=0 type=BULK (in, awaiting data)
[4568] +159.173691 ASYNC-OUT ep=0x01 len=16 type=BULK 
	0000  08 00 00 18 02 10 f0 03  00 a1 00 10 d4 12 00 00 |................|
[4569] +159.173965 ASYNC-OUT-DONE ep=0x01 len=0 status=0 actual=16
[4570] +159.277799 ASYNC-OUT ep=0x01 len=16 type=BULK 
	0000  08 00 00 18 80 10 ed 03  00 ab 00 10 fd 1a 00 00 |................|
[4571] +159.278132 ASYNC-OUT-DONE ep=0x01 len=0 status=0 actual=16
[4572] +159.278805 ASYNC-IN-DONE ep=0x81 len=0 status=2 actual=0
[4573] +159.278851 ASYNC-IN-SUBMIT ep=0x81 len=0 type=BULK (in, awaiting data)
[4574] +159.391647 ASYNC-IN-DONE ep=0x81 len=0 status=2 actual=0
[4575] +159.391745 ASYNC-IN-SUBMIT ep=0x81 len=0 type=BULK (in, awaiting data)
[4576] +159.495474 ASYNC-IN-DONE ep=0x81 len=0 status=2 actual=0
[4577] +159.495573 ASYNC-IN-SUBMIT ep=0x81 len=0 type=BULK (in, awaiting data)
[4578] +159.537020 ASYNC-OUT ep=0x01 len=16 type=BULK 
	0000  08 00 00 18 01 10 ef 03  00 ac 00 10 93 1e 00 00 |................|
[4579] +159.537347 ASYNC-OUT-DONE ep=0x01 len=0 status=0 actual=16
[4580] +159.603605 ASYNC-IN-DONE ep=0x81 len=0 status=2 actual=0
[4581] +159.603713 ASYNC-IN-SUBMIT ep=0x81 len=0 type=BULK (in, awaiting data)
[4582] +159.715328 ASYNC-IN-DONE ep=0x81 len=0 status=2 actual=0
[4583] +159.715400 ASYNC-IN-SUBMIT ep=0x81 len=0 type=BULK (in, awaiting data)
[4584] +159.750244 ASYNC-IN-DONE ep=0x81 len=16 status=0 actual=16
	0000  08 00 00 18 ed 03 80 10  00 b2 00 10 ae 02 00 00 |................|
[4585] +159.750340 ASYNC-IN-SUBMIT ep=0x81 len=0 type=BULK (in, awaiting data)
[4586] +159.854942 ASYNC-IN-DONE ep=0x81 len=0 status=2 actual=0
[4587] +159.855027 ASYNC-IN-SUBMIT ep=0x81 len=0 type=BULK (in, awaiting data)
[4588] +159.950940 ASYNC-IN-DONE ep=0x81 len=16 status=0 actual=16
	0000  08 00 00 18 ef 03 01 10  00 b2 00 10 65 02 00 00 |............e...|
[4589] +159.951077 ASYNC-IN-SUBMIT ep=0x81 len=0 type=BULK (in, awaiting data)
[4590] +159.951272 ASYNC-IN-DONE ep=0x81 len=16 status=0 actual=16
	0000  08 00 00 18 f0 03 02 10  00 b4 00 10 09 02 00 00 |................|
[4591] +159.951352 ASYNC-IN-SUBMIT ep=0x81 len=0 type=BULK (in, awaiting data)
[4592] +160.054880 ASYNC-IN-DONE ep=0x81 len=0 status=2 actual=0
[4593] +160.054979 ASYNC-IN-SUBMIT ep=0x81 len=0 type=BULK (in, awaiting data)
[4594] +160.167862 ASYNC-IN-DONE ep=0x81 len=0 status=2 actual=0
[4595] +160.167950 ASYNC-IN-SUBMIT ep=0x81 len=0 type=BULK (in, awaiting data)
[4596] +160.209896 ASYNC-OUT ep=0x01 len=16 type=BULK 
	0000  08 00 00 18 02 10 f0 03  00 a2 00 10 d4 12 00 00 |................|
[4597] +160.210179 ASYNC-OUT-DONE ep=0x01 len=0 status=0 actual=16
[4598] +160.279279 ASYNC-IN-DONE ep=0x81 len=0 status=2 actual=0
[4599] +160.279355 ASYNC-IN-SUBMIT ep=0x81 len=0 type=BULK (in, awaiting data)
[4600] +160.314016 ASYNC-OUT ep=0x01 len=16 type=BULK 
	0000  08 00 00 18 80 10 ed 03  00 ac 00 10 fd 1a 00 00 |................|
[4601] +160.314307 ASYNC-OUT-DONE ep=0x01 len=0 status=0 actual=16
[4602] +160.387164 ASYNC-IN-DONE ep=0x81 len=0 status=2 actual=0
[4603] +160.387250 ASYNC-IN-SUBMIT ep=0x81 len=0 type=BULK (in, awaiting data)
[4604] +160.496039 ASYNC-IN-DONE ep=0x81 len=0 status=2 actual=0
[4605] +160.496132 ASYNC-IN-SUBMIT ep=0x81 len=0 type=BULK (in, awaiting data)
[4606] +160.574011 ASYNC-OUT ep=0x01 len=16 type=BULK 
	0000  08 00 00 18 01 10 ef 03  00 ad 00 10 93 1e 00 00 |................|
[4607] +160.574367 ASYNC-OUT-DONE ep=0x01 len=0 status=0 actual=16
[4608] +160.604928 ASYNC-IN-DONE ep=0x81 len=0 status=2 actual=0
[4609] +160.605004 ASYNC-IN-SUBMIT ep=0x81 len=0 type=BULK (in, awaiting data)
[4610] +160.717437 ASYNC-IN-DONE ep=0x81 len=0 status=2 actual=0
[4611] +160.717523 ASYNC-IN-SUBMIT ep=0x81 len=0 type=BULK (in, awaiting data)
[4612] +160.753355 ASYNC-IN-DONE ep=0x81 len=16 status=0 actual=16
	0000  08 00 00 18 ed 03 80 10  00 b3 00 10 ae 02 00 00 |................|
[4613] +160.753470 ASYNC-IN-SUBMIT ep=0x81 len=0 type=BULK (in, awaiting data)
[4614] +160.854234 ASYNC-IN-DONE ep=0x81 len=0 status=2 actual=0
[4615] +160.854320 ASYNC-IN-SUBMIT ep=0x81 len=0 type=BULK (in, awaiting data)
[4616] +160.954474 ASYNC-IN-DONE ep=0x81 len=16 status=0 actual=16
	0000  08 00 00 18 ef 03 01 10  00 b3 00 10 65 02 00 00 |............e...|
[4617] +160.954729 ASYNC-IN-SUBMIT ep=0x81 len=0 type=BULK (in, awaiting data)
[4618] +160.954943 ASYNC-IN-DONE ep=0x81 len=16 status=0 actual=16
	0000  08 00 00 18 f0 03 02 10  00 b5 00 10 09 02 00 00 |................|
[4619] +160.954988 ASYNC-IN-SUBMIT ep=0x81 len=0 type=BULK (in, awaiting data)
[4620] +161.067748 ASYNC-IN-DONE ep=0x81 len=0 status=2 actual=0
[4621] +161.067860 ASYNC-IN-SUBMIT ep=0x81 len=0 type=BULK (in, awaiting data)
[4622] +161.170200 ASYNC-IN-DONE ep=0x81 len=0 status=2 actual=0
[4623] +161.170285 ASYNC-IN-SUBMIT ep=0x81 len=0 type=BULK (in, awaiting data)
[4624] +161.248497 ASYNC-OUT ep=0x01 len=16 type=BULK 
	0000  08 00 00 18 02 10 f0 03  00 a3 00 10 d4 12 00 00 |................|
[4625] +161.248850 ASYNC-OUT-DONE ep=0x01 len=0 status=0 actual=16
[4626] +161.274631 ASYNC-IN-DONE ep=0x81 len=0 status=2 actual=0
[4627] +161.274698 ASYNC-IN-SUBMIT ep=0x81 len=0 type=BULK (in, awaiting data)
[4628] +161.352621 ASYNC-OUT ep=0x01 len=16 type=BULK 
	0000  08 00 00 18 80 10 ed 03  00 ad 00 10 fd 1a 00 00 |................|
[4629] +161.352957 ASYNC-OUT-DONE ep=0x01 len=0 status=0 actual=16
[4630] +161.384607 ASYNC-IN-DONE ep=0x81 len=0 status=2 actual=0
[4631] +161.384694 ASYNC-IN-SUBMIT ep=0x81 len=0 type=BULK (in, awaiting data)
[4632] +161.497506 ASYNC-IN-DONE ep=0x81 len=0 status=2 actual=0
[4633] +161.497624 ASYNC-IN-SUBMIT ep=0x81 len=0 type=BULK (in, awaiting data)
[4634] +161.609091 ASYNC-IN-DONE ep=0x81 len=0 status=2 actual=0
[4635] +161.609196 ASYNC-IN-SUBMIT ep=0x81 len=0 type=BULK (in, awaiting data)
[4636] +161.611916 ASYNC-OUT ep=0x01 len=16 type=BULK 
	0000  08 00 00 18 01 10 ef 03  00 ae 00 10 93 1e 00 00 |................|
[4637] +161.612132 ASYNC-OUT-DONE ep=0x01 len=0 status=0 actual=16
[4638] +161.721444 ASYNC-IN-DONE ep=0x81 len=0 status=2 actual=0
[4639] +161.721549 ASYNC-IN-SUBMIT ep=0x81 len=0 type=BULK (in, awaiting data)
[4640] +161.756820 ASYNC-IN-DONE ep=0x81 len=16 status=0 actual=16
	0000  08 00 00 18 ed 03 80 10  00 b4 00 10 ae 02 00 00 |................|
[4641] +161.756930 ASYNC-IN-SUBMIT ep=0x81 len=0 type=BULK (in, awaiting data)
[4642] +161.867608 ASYNC-IN-DONE ep=0x81 len=0 status=2 actual=0
[4643] +161.867692 ASYNC-IN-SUBMIT ep=0x81 len=0 type=BULK (in, awaiting data)
[4644] +161.957361 ASYNC-IN-DONE ep=0x81 len=16 status=0 actual=16
	0000  08 00 00 18 ef 03 01 10  00 b4 00 10 65 02 00 00 |............e...|
[4645] +161.957528 ASYNC-IN-SUBMIT ep=0x81 len=0 type=BULK (in, awaiting data)
[4646] +161.957730 ASYNC-IN-DONE ep=0x81 len=16 status=0 actual=16
	0000  08 00 00 18 f0 03 02 10  00 b6 00 10 09 02 00 00 |................|
[4647] +161.957815 ASYNC-IN-SUBMIT ep=0x81 len=0 type=BULK (in, awaiting data)
[4648] +162.070625 ASYNC-IN-DONE ep=0x81 len=0 status=2 actual=0
[4649] +162.070736 ASYNC-IN-SUBMIT ep=0x81 len=0 type=BULK (in, awaiting data)
[4650] +162.179182 ASYNC-IN-DONE ep=0x81 len=0 status=2 actual=0
[4651] +162.179281 ASYNC-IN-SUBMIT ep=0x81 len=0 type=BULK (in, awaiting data)
[4652] +162.288075 ASYNC-OUT ep=0x01 len=16 type=BULK 
	0000  08 00 00 18 02 10 f0 03  00 a4 00 10 d4 12 00 00 |................|
[4653] +162.288429 ASYNC-OUT-DONE ep=0x01 len=0 status=0 actual=16
[4654] +162.292032 ASYNC-IN-DONE ep=0x81 len=0 status=2 actual=0
[4655] +162.292083 ASYNC-IN-SUBMIT ep=0x81 len=0 type=BULK (in, awaiting data)
[4656] +162.392207 ASYNC-OUT ep=0x01 len=16 type=BULK 
	0000  08 00 00 18 80 10 ed 03  00 ae 00 10 fd 1a 00 00 |................|
[4657] +162.392553 ASYNC-OUT-DONE ep=0x01 len=0 status=0 actual=16
[4658] +162.401740 ASYNC-IN-DONE ep=0x81 len=0 status=2 actual=0
[4659] +162.401847 ASYNC-IN-SUBMIT ep=0x81 len=0 type=BULK (in, awaiting data)
[4660] +162.510621 ASYNC-IN-DONE ep=0x81 len=0 status=2 actual=0
[4661] +162.510732 ASYNC-IN-SUBMIT ep=0x81 len=0 type=BULK (in, awaiting data)
[4662] +162.619361 ASYNC-IN-DONE ep=0x81 len=0 status=2 actual=0
[4663] +162.619471 ASYNC-IN-SUBMIT ep=0x81 len=0 type=BULK (in, awaiting data)
[4664] +162.651125 ASYNC-OUT ep=0x01 len=16 type=BULK 
	0000  08 00 00 18 01 10 ef 03  00 af 00 10 93 1e 00 00 |................|
[4665] +162.651472 ASYNC-OUT-DONE ep=0x01 len=0 status=0 actual=16
[4666] +162.720604 ASYNC-IN-DONE ep=0x81 len=0 status=2 actual=0
[4667] +162.720657 ASYNC-IN-SUBMIT ep=0x81 len=0 type=BULK (in, awaiting data)
[4668] +162.760500 ASYNC-IN-DONE ep=0x81 len=16 status=0 actual=16
	0000  08 00 00 18 ed 03 80 10  00 b5 00 10 ae 02 00 00 |................|
[4669] +162.760561 ASYNC-IN-SUBMIT ep=0x81 len=0 type=BULK (in, awaiting data)
[4670] +162.861850 ASYNC-IN-DONE ep=0x81 len=0 status=2 actual=0
[4671] +162.861930 ASYNC-IN-SUBMIT ep=0x81 len=0 type=BULK (in, awaiting data)
[4672] +162.960882 ASYNC-IN-DONE ep=0x81 len=16 status=0 actual=16
	0000  08 00 00 18 ef 03 01 10  00 b5 00 10 65 02 00 00 |............e...|
[4673] +162.960996 ASYNC-IN-SUBMIT ep=0x81 len=0 type=BULK (in, awaiting data)
[4674] +162.961122 ASYNC-IN-DONE ep=0x81 len=16 status=0 actual=16
	0000  08 00 00 18 f0 03 02 10  00 b7 00 10 09 02 00 00 |................|
[4675] +162.961162 ASYNC-IN-SUBMIT ep=0x81 len=0 type=BULK (in, awaiting data)
[4676] +163.068805 ASYNC-IN-DONE ep=0x81 len=0 status=2 actual=0
[4677] +163.068896 ASYNC-IN-SUBMIT ep=0x81 len=0 type=BULK (in, awaiting data)
[4678] +163.170994 ASYNC-IN-DONE ep=0x81 len=0 status=2 actual=0
[4679] +163.171079 ASYNC-IN-SUBMIT ep=0x81 len=0 type=BULK (in, awaiting data)
[4680] +163.273627 ASYNC-IN-DONE ep=0x81 len=0 status=2 actual=0
[4681] +163.273718 ASYNC-IN-SUBMIT ep=0x81 len=0 type=BULK (in, awaiting data)
[4682] +163.325568 ASYNC-OUT ep=0x01 len=16 type=BULK 
	0000  08 00 00 18 02 10 f0 03  00 a5 00 10 d4 12 00 00 |................|
[4683] +163.325907 ASYNC-OUT-DONE ep=0x01 len=0 status=0 actual=16
[4684] +163.378045 ASYNC-IN-DONE ep=0x81 len=0 status=2 actual=0
[4685] +163.378138 ASYNC-IN-SUBMIT ep=0x81 len=0 type=BULK (in, awaiting data)
[4686] +163.429691 ASYNC-OUT ep=0x01 len=16 type=BULK 
	0000  08 00 00 18 80 10 ed 03  00 af 00 10 fd 1a 00 00 |................|
[4687] +163.430004 ASYNC-OUT-DONE ep=0x01 len=0 status=0 actual=16
[4688] +163.479079 ASYNC-IN-DONE ep=0x81 len=0 status=2 actual=0
[4689] +163.479240 ASYNC-IN-SUBMIT ep=0x81 len=0 type=BULK (in, awaiting data)
[4690] +163.592091 ASYNC-IN-DONE ep=0x81 len=0 status=2 actual=0
[4691] +163.592196 ASYNC-IN-SUBMIT ep=0x81 len=0 type=BULK (in, awaiting data)
[4692] +163.689661 ASYNC-OUT ep=0x01 len=16 type=BULK 
	0000  08 00 00 18 01 10 ef 03  00 b0 00 10 93 1e 00 00 |................|
[4693] +163.690027 ASYNC-OUT-DONE ep=0x01 len=0 status=0 actual=16
[4694] +163.703078 ASYNC-IN-DONE ep=0x81 len=0 status=2 actual=0
[4695] +163.703116 ASYNC-IN-SUBMIT ep=0x81 len=0 type=BULK (in, awaiting data)
[4696] +163.763399 ASYNC-IN-DONE ep=0x81 len=16 status=0 actual=16
	0000  08 00 00 18 ed 03 80 10  00 b6 00 10 ae 02 00 00 |................|
[4697] +163.763548 ASYNC-IN-SUBMIT ep=0x81 len=0 type=BULK (in, awaiting data)
[4698] +163.876368 ASYNC-IN-DONE ep=0x81 len=0 status=2 actual=0
[4699] +163.876450 ASYNC-IN-SUBMIT ep=0x81 len=0 type=BULK (in, awaiting data)
[4700] +163.964437 ASYNC-IN-DONE ep=0x81 len=16 status=0 actual=16
	0000  08 00 00 18 ef 03 01 10  00 b6 00 10 65 02 00 00 |............e...|
[4701] +163.964557 ASYNC-IN-SUBMIT ep=0x81 len=0 type=BULK (in, awaiting data)
[4702] +163.964700 ASYNC-IN-DONE ep=0x81 len=16 status=0 actual=16
	0000  08 00 00 18 f0 03 02 10  00 b8 00 10 09 02 00 00 |................|
[4703] +163.964751 ASYNC-IN-SUBMIT ep=0x81 len=0 type=BULK (in, awaiting data)
[4704] +164.076320 ASYNC-IN-DONE ep=0x81 len=0 status=2 actual=0
[4705] +164.076425 ASYNC-IN-SUBMIT ep=0x81 len=0 type=BULK (in, awaiting data)
[4706] +164.189250 ASYNC-IN-DONE ep=0x81 len=0 status=2 actual=0
[4707] +164.189350 ASYNC-IN-SUBMIT ep=0x81 len=0 type=BULK (in, awaiting data)
[4708] +164.302188 ASYNC-IN-DONE ep=0x81 len=0 status=2 actual=0
[4709] +164.302302 ASYNC-IN-SUBMIT ep=0x81 len=0 type=BULK (in, awaiting data)
[4710] +164.363015 ASYNC-OUT ep=0x01 len=16 type=BULK 
	0000  08 00 00 18 02 10 f0 03  00 a6 00 10 d4 12 00 00 |................|
[4711] +164.363318 ASYNC-OUT-DONE ep=0x01 len=0 status=0 actual=16
[4712] +164.414676 ASYNC-IN-DONE ep=0x81 len=0 status=2 actual=0
[4713] +164.414772 ASYNC-IN-SUBMIT ep=0x81 len=0 type=BULK (in, awaiting data)
[4714] +164.467167 ASYNC-OUT ep=0x01 len=16 type=BULK 
	0000  08 00 00 18 80 10 ed 03  00 b0 00 10 fd 1a 00 00 |................|
[4715] +164.467515 ASYNC-OUT-DONE ep=0x01 len=0 status=0 actual=16
[4716] +164.527591 ASYNC-IN-DONE ep=0x81 len=0 status=2 actual=0
[4717] +164.527698 ASYNC-IN-SUBMIT ep=0x81 len=0 type=BULK (in, awaiting data)
[4718] +164.638271 ASYNC-IN-DONE ep=0x81 len=0 status=2 actual=0
[4719] +164.638358 ASYNC-IN-SUBMIT ep=0x81 len=0 type=BULK (in, awaiting data)
[4720] +164.727081 ASYNC-OUT ep=0x01 len=16 type=BULK 
	0000  08 00 00 18 01 10 ef 03  00 b1 00 10 93 1e 00 00 |................|
[4721] +164.727450 ASYNC-OUT-DONE ep=0x01 len=0 status=0 actual=16
[4722] +164.750722 ASYNC-IN-DONE ep=0x81 len=0 status=2 actual=0
[4723] +164.750810 ASYNC-IN-SUBMIT ep=0x81 len=0 type=BULK (in, awaiting data)
[4724] +164.767235 ASYNC-IN-DONE ep=0x81 len=16 status=0 actual=16
	0000  08 00 00 18 ed 03 80 10  00 b7 00 10 ae 02 00 00 |................|
[4725] +164.767352 ASYNC-IN-SUBMIT ep=0x81 len=0 type=BULK (in, awaiting data)
[4726] +164.879977 ASYNC-IN-DONE ep=0x81 len=0 status=2 actual=0
[4727] +164.880078 ASYNC-IN-SUBMIT ep=0x81 len=0 type=BULK (in, awaiting data)
[4728] +164.967655 ASYNC-IN-DONE ep=0x81 len=16 status=0 actual=16
	0000  08 00 00 18 ef 03 01 10  00 b7 00 10 65 02 00 00 |............e...|
[4729] +164.967817 ASYNC-IN-SUBMIT ep=0x81 len=0 type=BULK (in, awaiting data)
[4730] +164.968007 ASYNC-IN-DONE ep=0x81 len=16 status=0 actual=16
	0000  08 00 00 18 f0 03 02 10  00 b9 00 10 09 02 00 00 |................|
[4731] +164.968069 ASYNC-IN-SUBMIT ep=0x81 len=0 type=BULK (in, awaiting data)
[4732] +165.080903 ASYNC-IN-DONE ep=0x81 len=0 status=2 actual=0
[4733] +165.080999 ASYNC-IN-SUBMIT ep=0x81 len=0 type=BULK (in, awaiting data)
[4734] +165.183558 ASYNC-IN-DONE ep=0x81 len=0 status=2 actual=0
[4735] +165.183665 ASYNC-IN-SUBMIT ep=0x81 len=0 type=BULK (in, awaiting data)
[4736] +165.293459 ASYNC-IN-DONE ep=0x81 len=0 status=2 actual=0
[4737] +165.293567 ASYNC-IN-SUBMIT ep=0x81 len=0 type=BULK (in, awaiting data)
[4738] +165.394460 ASYNC-IN-DONE ep=0x81 len=0 status=2 actual=0
[4739] +165.394523 ASYNC-IN-SUBMIT ep=0x81 len=0 type=BULK (in, awaiting data)
[4740] +165.401613 ASYNC-OUT ep=0x01 len=16 type=BULK 
	0000  08 00 00 18 02 10 f0 03  00 a7 00 10 d4 12 00 00 |................|
[4741] +165.401881 ASYNC-OUT-DONE ep=0x01 len=0 status=0 actual=16
[4742] +165.504927 ASYNC-IN-DONE ep=0x81 len=0 status=2 actual=0
[4743] +165.505031 ASYNC-IN-SUBMIT ep=0x81 len=0 type=BULK (in, awaiting data)
[4744] +165.505728 ASYNC-OUT ep=0x01 len=16 type=BULK 
	0000  08 00 00 18 80 10 ed 03  00 b1 00 10 fd 1a 00 00 |................|
[4745] +165.505966 ASYNC-OUT-DONE ep=0x01 len=0 status=0 actual=16
[4746] +165.607858 ASYNC-IN-DONE ep=0x81 len=0 status=2 actual=0
[4747] +165.607969 ASYNC-IN-SUBMIT ep=0x81 len=0 type=BULK (in, awaiting data)
[4748] +165.715299 ASYNC-IN-DONE ep=0x81 len=0 status=2 actual=0
[4749] +165.715371 ASYNC-IN-SUBMIT ep=0x81 len=0 type=BULK (in, awaiting data)
[4750] +165.764332 ASYNC-OUT ep=0x01 len=16 type=BULK 
	0000  08 00 00 18 01 10 ef 03  00 b2 00 10 93 1e 00 00 |................|
[4751] +165.764692 ASYNC-OUT-DONE ep=0x01 len=0 status=0 actual=16
[4752] +165.770544 ASYNC-IN-DONE ep=0x81 len=16 status=0 actual=16
	0000  08 00 00 18 ed 03 80 10  00 b8 00 10 ae 02 00 00 |................|
[4753] +165.770651 ASYNC-IN-SUBMIT ep=0x81 len=0 type=BULK (in, awaiting data)
[4754] +165.882723 ASYNC-IN-DONE ep=0x81 len=0 status=2 actual=0
[4755] +165.882798 ASYNC-IN-SUBMIT ep=0x81 len=0 type=BULK (in, awaiting data)
[4756] +165.970968 ASYNC-IN-DONE ep=0x81 len=16 status=0 actual=16
	0000  08 00 00 18 ef 03 01 10  00 b8 00 10 65 02 00 00 |............e...|
[4757] +165.971100 ASYNC-IN-SUBMIT ep=0x81 len=0 type=BULK (in, awaiting data)
[4758] +165.971286 ASYNC-IN-DONE ep=0x81 len=16 status=0 actual=16
	0000  08 00 00 18 f0 03 02 10  00 ba 00 10 09 02 00 00 |................|
[4759] +165.971351 ASYNC-IN-SUBMIT ep=0x81 len=0 type=BULK (in, awaiting data)
[4760] +166.084099 ASYNC-IN-DONE ep=0x81 len=0 status=2 actual=0
[4761] +166.084207 ASYNC-IN-SUBMIT ep=0x81 len=0 type=BULK (in, awaiting data)
[4762] +166.196581 ASYNC-IN-DONE ep=0x81 len=0 status=2 actual=0
[4763] +166.196693 ASYNC-IN-SUBMIT ep=0x81 len=0 type=BULK (in, awaiting data)
[4764] +166.309105 ASYNC-IN-DONE ep=0x81 len=0 status=2 actual=0
[4765] +166.309200 ASYNC-IN-SUBMIT ep=0x81 len=0 type=BULK (in, awaiting data)
[4766] +166.418744 ASYNC-IN-DONE ep=0x81 len=0 status=2 actual=0
[4767] +166.418857 ASYNC-IN-SUBMIT ep=0x81 len=0 type=BULK (in, awaiting data)
[4768] +166.438199 ASYNC-OUT ep=0x01 len=16 type=BULK 
	0000  08 00 00 18 02 10 f0 03  00 a8 00 10 d4 12 00 00 |................|
[4769] +166.438449 ASYNC-OUT-DONE ep=0x01 len=0 status=0 actual=16
[4770] +166.524522 ASYNC-IN-DONE ep=0x81 len=0 status=2 actual=0
[4771] +166.524628 ASYNC-IN-SUBMIT ep=0x81 len=0 type=BULK (in, awaiting data)
[4772] +166.542350 ASYNC-OUT ep=0x01 len=16 type=BULK 
	0000  08 00 00 18 80 10 ed 03  00 b2 00 10 fd 1a 00 00 |................|
[4773] +166.542581 ASYNC-OUT-DONE ep=0x01 len=0 status=0 actual=16
[4774] +166.637432 ASYNC-IN-DONE ep=0x81 len=0 status=2 actual=0
[4775] +166.637532 ASYNC-IN-SUBMIT ep=0x81 len=0 type=BULK (in, awaiting data)
[4776] +166.748515 ASYNC-IN-DONE ep=0x81 len=0 status=2 actual=0
[4777] +166.748629 ASYNC-IN-SUBMIT ep=0x81 len=0 type=BULK (in, awaiting data)
[4778] +166.773364 ASYNC-IN-DONE ep=0x81 len=16 status=0 actual=16
	0000  08 00 00 18 ed 03 80 10  00 b9 00 10 ae 02 00 00 |................|
[4779] +166.773445 ASYNC-IN-SUBMIT ep=0x81 len=0 type=BULK (in, awaiting data)
[4780] +166.802628 ASYNC-OUT ep=0x01 len=16 type=BULK 
	0000  08 00 00 18 01 10 ef 03  00 b3 00 10 93 1e 00 00 |................|
[4781] +166.802968 ASYNC-OUT-DONE ep=0x01 len=0 status=0 actual=16
[4782] +166.884124 ASYNC-IN-DONE ep=0x81 len=0 status=2 actual=0
[4783] +166.884221 ASYNC-IN-SUBMIT ep=0x81 len=0 type=BULK (in, awaiting data)
[4784] +166.974521 ASYNC-IN-DONE ep=0x81 len=16 status=0 actual=16
	0000  08 00 00 18 ef 03 01 10  00 b9 00 10 65 02 00 00 |............e...|
[4785] +166.974653 ASYNC-IN-SUBMIT ep=0x81 len=0 type=BULK (in, awaiting data)
[4786] +166.974846 ASYNC-IN-DONE ep=0x81 len=16 status=0 actual=16
	0000  08 00 00 18 f0 03 02 10  00 bb 00 10 09 02 00 00 |................|
[4787] +166.974914 ASYNC-IN-SUBMIT ep=0x81 len=0 type=BULK (in, awaiting data)
[4788] +167.086540 ASYNC-IN-DONE ep=0x81 len=0 status=2 actual=0
[4789] +167.086658 ASYNC-IN-SUBMIT ep=0x81 len=0 type=BULK (in, awaiting data)
[4790] +167.187218 ASYNC-IN-DONE ep=0x81 len=0 status=2 actual=0
[4791] +167.187332 ASYNC-IN-SUBMIT ep=0x81 len=0 type=BULK (in, awaiting data)
[4792] +167.300165 ASYNC-IN-DONE ep=0x81 len=0 status=2 actual=0
[4793] +167.300215 ASYNC-IN-SUBMIT ep=0x81 len=0 type=BULK (in, awaiting data)
[4794] +167.413002 ASYNC-IN-DONE ep=0x81 len=0 status=2 actual=0
[4795] +167.413055 ASYNC-IN-SUBMIT ep=0x81 len=0 type=BULK (in, awaiting data)
[4796] +167.474628 ASYNC-OUT ep=0x01 len=16 type=BULK 
	0000  08 00 00 18 02 10 f0 03  00 a9 00 10 d4 12 00 00 |................|
[4797] +167.475031 ASYNC-OUT-DONE ep=0x01 len=0 status=0 actual=16
[4798] +167.518016 ASYNC-IN-DONE ep=0x81 len=0 status=2 actual=0
[4799] +167.518171 ASYNC-IN-SUBMIT ep=0x81 len=0 type=BULK (in, awaiting data)
[4800] +167.578759 ASYNC-OUT ep=0x01 len=16 type=BULK 
	0000  08 00 00 18 80 10 ed 03  00 b3 00 10 fd 1a 00 00 |................|
[4801] +167.579108 ASYNC-OUT-DONE ep=0x01 len=0 status=0 actual=16
[4802] +167.630996 ASYNC-IN-DONE ep=0x81 len=0 status=2 actual=0
[4803] +167.631082 ASYNC-IN-SUBMIT ep=0x81 len=0 type=BULK (in, awaiting data)
[4804] +167.742655 ASYNC-IN-DONE ep=0x81 len=0 status=2 actual=0
[4805] +167.742705 ASYNC-IN-SUBMIT ep=0x81 len=0 type=BULK (in, awaiting data)
[4806] +167.776650 ASYNC-IN-DONE ep=0x81 len=16 status=0 actual=16
	0000  08 00 00 18 ed 03 80 10  00 ba 00 10 ae 02 00 00 |................|
[4807] +167.776763 ASYNC-IN-SUBMIT ep=0x81 len=0 type=BULK (in, awaiting data)
[4808] +167.838204 ASYNC-OUT ep=0x01 len=16 type=BULK 
	0000  08 00 00 18 01 10 ef 03  00 b4 00 10 93 1e 00 00 |................|
[4809] +167.838537 ASYNC-OUT-DONE ep=0x01 len=0 status=0 actual=16
[4810] +167.889620 ASYNC-IN-DONE ep=0x81 len=0 status=2 actual=0
[4811] +167.889727 ASYNC-IN-SUBMIT ep=0x81 len=0 type=BULK (in, awaiting data)
[4812] +167.977358 ASYNC-IN-DONE ep=0x81 len=16 status=0 actual=16
	0000  08 00 00 18 ef 03 01 10  00 ba 00 10 65 02 00 00 |............e...|
[4813] +167.977513 ASYNC-IN-SUBMIT ep=0x81 len=0 type=BULK (in, awaiting data)
[4814] +167.977719 ASYNC-IN-DONE ep=0x81 len=16 status=0 actual=16
	0000  08 00 00 18 f0 03 02 10  00 bc 00 10 09 02 00 00 |................|
[4815] +167.977785 ASYNC-IN-SUBMIT ep=0x81 len=0 type=BULK (in, awaiting data)
[4816] +168.079392 ASYNC-IN-DONE ep=0x81 len=0 status=2 actual=0
[4817] +168.079585 ASYNC-IN-SUBMIT ep=0x81 len=0 type=BULK (in, awaiting data)
[4818] +168.187309 ASYNC-IN-DONE ep=0x81 len=0 status=2 actual=0
[4819] +168.187369 ASYNC-IN-SUBMIT ep=0x81 len=0 type=BULK (in, awaiting data)
[4820] +168.296914 ASYNC-IN-DONE ep=0x81 len=0 status=2 actual=0
[4821] +168.296969 ASYNC-IN-SUBMIT ep=0x81 len=0 type=BULK (in, awaiting data)
[4822] +168.403029 ASYNC-IN-DONE ep=0x81 len=0 status=2 actual=0
[4823] +168.403141 ASYNC-IN-SUBMIT ep=0x81 len=0 type=BULK (in, awaiting data)
[4824] +168.514567 ASYNC-OUT ep=0x01 len=16 type=BULK 
	0000  08 00 00 18 02 10 f0 03  00 aa 00 10 d4 12 00 00 |................|
[4825] +168.514944 ASYNC-OUT-DONE ep=0x01 len=0 status=0 actual=16
[4826] +168.515949 ASYNC-IN-DONE ep=0x81 len=0 status=2 actual=0
[4827] +168.515980 ASYNC-IN-SUBMIT ep=0x81 len=0 type=BULK (in, awaiting data)
[4828] +168.618512 ASYNC-OUT ep=0x01 len=16 type=BULK 
	0000  08 00 00 18 80 10 ed 03  00 b4 00 10 fd 1a 00 00 |................|
[4829] +168.618862 ASYNC-OUT-DONE ep=0x01 len=0 status=0 actual=16
[4830] +168.622659 ASYNC-IN-DONE ep=0x81 len=0 status=2 actual=0
[4831] +168.622714 ASYNC-IN-SUBMIT ep=0x81 len=0 type=BULK (in, awaiting data)
[4832] +168.735517 ASYNC-IN-DONE ep=0x81 len=0 status=2 actual=0
[4833] +168.735639 ASYNC-IN-SUBMIT ep=0x81 len=0 type=BULK (in, awaiting data)
[4834] +168.780024 ASYNC-IN-DONE ep=0x81 len=16 status=0 actual=16
	0000  08 00 00 18 ed 03 80 10  00 bb 00 10 ae 02 00 00 |................|
[4835] +168.780144 ASYNC-IN-SUBMIT ep=0x81 len=0 type=BULK (in, awaiting data)
[4836] +168.878140 ASYNC-OUT ep=0x01 len=16 type=BULK 
	0000  08 00 00 18 01 10 ef 03  00 b5 00 10 93 1e 00 00 |................|
[4837] +168.878470 ASYNC-OUT-DONE ep=0x01 len=0 status=0 actual=16
[4838] +168.892374 ASYNC-IN-DONE ep=0x81 len=0 status=2 actual=0
[4839] +168.892426 ASYNC-IN-SUBMIT ep=0x81 len=0 type=BULK (in, awaiting data)
[4840] +168.981169 ASYNC-IN-DONE ep=0x81 len=16 status=0 actual=16
	0000  08 00 00 18 ef 03 01 10  00 bb 00 10 65 02 00 00 |............e...|
[4841] +168.981290 ASYNC-IN-SUBMIT ep=0x81 len=0 type=BULK (in, awaiting data)
[4842] +168.981469 ASYNC-IN-DONE ep=0x81 len=16 status=0 actual=16
	0000  08 00 00 18 f0 03 02 10  00 bd 00 10 09 02 00 00 |................|
[4843] +168.981543 ASYNC-IN-SUBMIT ep=0x81 len=0 type=BULK (in, awaiting data)
[4844] +169.085463 ASYNC-IN-DONE ep=0x81 len=0 status=2 actual=0
[4845] +169.085565 ASYNC-IN-SUBMIT ep=0x81 len=0 type=BULK (in, awaiting data)
[4846] +169.198386 ASYNC-IN-DONE ep=0x81 len=0 status=2 actual=0
[4847] +169.198499 ASYNC-IN-SUBMIT ep=0x81 len=0 type=BULK (in, awaiting data)
[4848] +169.309621 ASYNC-IN-DONE ep=0x81 len=0 status=2 actual=0
[4849] +169.309728 ASYNC-IN-SUBMIT ep=0x81 len=0 type=BULK (in, awaiting data)
[4850] +169.421718 ASYNC-IN-DONE ep=0x81 len=0 status=2 actual=0
[4851] +169.421829 ASYNC-IN-SUBMIT ep=0x81 len=0 type=BULK (in, awaiting data)
[4852] +169.534108 ASYNC-IN-DONE ep=0x81 len=0 status=2 actual=0
[4853] +169.534206 ASYNC-IN-SUBMIT ep=0x81 len=0 type=BULK (in, awaiting data)
[4854] +169.554579 ASYNC-OUT ep=0x01 len=16 type=BULK 
	0000  08 00 00 18 02 10 f0 03  00 ab 00 10 d4 12 00 00 |................|
[4855] +169.554869 ASYNC-OUT-DONE ep=0x01 len=0 status=0 actual=16
[4856] +169.642743 ASYNC-IN-DONE ep=0x81 len=0 status=2 actual=0
[4857] +169.642846 ASYNC-IN-SUBMIT ep=0x81 len=0 type=BULK (in, awaiting data)
[4858] +169.658681 ASYNC-OUT ep=0x01 len=16 type=BULK 
	0000  08 00 00 18 80 10 ed 03  00 b5 00 10 fd 1a 00 00 |................|
[4859] +169.658944 ASYNC-OUT-DONE ep=0x01 len=0 status=0 actual=16
[4860] +169.748081 ASYNC-IN-DONE ep=0x81 len=0 status=2 actual=0
[4861] +169.748171 ASYNC-IN-SUBMIT ep=0x81 len=0 type=BULK (in, awaiting data)
[4862] +169.783262 ASYNC-IN-DONE ep=0x81 len=16 status=0 actual=16
	0000  08 00 00 18 ed 03 80 10  00 bc 00 10 ae 02 00 00 |................|
[4863] +169.783412 ASYNC-IN-SUBMIT ep=0x81 len=0 type=BULK (in, awaiting data)
[4864] +169.892022 ASYNC-IN-DONE ep=0x81 len=0 status=2 actual=0
[4865] +169.892113 ASYNC-IN-SUBMIT ep=0x81 len=0 type=BULK (in, awaiting data)
[4866] +169.918248 ASYNC-OUT ep=0x01 len=16 type=BULK 
	0000  08 00 00 18 01 10 ef 03  00 b6 00 10 93 1e 00 00 |................|
[4867] +169.918599 ASYNC-OUT-DONE ep=0x01 len=0 status=0 actual=16
[4868] +169.984105 ASYNC-IN-DONE ep=0x81 len=16 status=0 actual=16
	0000  08 00 00 18 ef 03 01 10  00 bc 00 10 65 02 00 00 |............e...|
[4869] +169.984261 ASYNC-IN-SUBMIT ep=0x81 len=0 type=BULK (in, awaiting data)
[4870] +169.984481 ASYNC-IN-DONE ep=0x81 len=16 status=0 actual=16
	0000  08 00 00 18 f0 03 02 10  00 be 00 10 09 02 00 00 |................|
[4871] +169.984561 ASYNC-IN-SUBMIT ep=0x81 len=0 type=BULK (in, awaiting data)
[4872] +170.095498 ASYNC-IN-DONE ep=0x81 len=0 status=2 actual=0
[4873] +170.095564 ASYNC-IN-SUBMIT ep=0x81 len=0 type=BULK (in, awaiting data)
[4874] +170.196947 ASYNC-IN-DONE ep=0x81 len=0 status=2 actual=0
[4875] +170.197067 ASYNC-IN-SUBMIT ep=0x81 len=0 type=BULK (in, awaiting data)
[4876] +170.302736 ASYNC-IN-DONE ep=0x81 len=0 status=2 actual=0
[4877] +170.302856 ASYNC-IN-SUBMIT ep=0x81 len=0 type=BULK (in, awaiting data)
[4878] +170.415697 ASYNC-IN-DONE ep=0x81 len=0 status=2 actual=0
[4879] +170.415808 ASYNC-IN-SUBMIT ep=0x81 len=0 type=BULK (in, awaiting data)
[4880] +170.516906 ASYNC-IN-DONE ep=0x81 len=0 status=2 actual=0
[4881] +170.517013 ASYNC-IN-SUBMIT ep=0x81 len=0 type=BULK (in, awaiting data)
[4882] +170.594145 ASYNC-OUT ep=0x01 len=16 type=BULK 
	0000  08 00 00 18 02 10 f0 03  00 ac 00 10 d4 12 00 00 |................|
[4883] +170.594515 ASYNC-OUT-DONE ep=0x01 len=0 status=0 actual=16
[4884] +170.629409 ASYNC-IN-DONE ep=0x81 len=0 status=2 actual=0
[4885] +170.629564 ASYNC-IN-SUBMIT ep=0x81 len=0 type=BULK (in, awaiting data)
[4886] +170.698260 ASYNC-OUT ep=0x01 len=16 type=BULK 
	0000  08 00 00 18 80 10 ed 03  00 b6 00 10 fd 1a 00 00 |................|
[4887] +170.698625 ASYNC-OUT-DONE ep=0x01 len=0 status=0 actual=16
[4888] +170.730300 ASYNC-IN-DONE ep=0x81 len=0 status=2 actual=0
[4889] +170.730488 ASYNC-IN-SUBMIT ep=0x81 len=0 type=BULK (in, awaiting data)
[4890] +170.786968 ASYNC-IN-DONE ep=0x81 len=16 status=0 actual=16
	0000  08 00 00 18 ed 03 80 10  00 bd 00 10 ae 02 00 00 |................|
[4891] +170.787083 ASYNC-IN-SUBMIT ep=0x81 len=0 type=BULK (in, awaiting data)
[4892] +170.888174 ASYNC-IN-DONE ep=0x81 len=0 status=2 actual=0
[4893] +170.888245 ASYNC-IN-SUBMIT ep=0x81 len=0 type=BULK (in, awaiting data)
[4894] +170.958543 ASYNC-OUT ep=0x01 len=16 type=BULK 
	0000  08 00 00 18 01 10 ef 03  00 b7 00 10 93 1e 00 00 |................|
[4895] +170.958924 ASYNC-OUT-DONE ep=0x01 len=0 status=0 actual=16
[4896] +170.987324 ASYNC-IN-DONE ep=0x81 len=16 status=0 actual=16
	0000  08 00 00 18 ef 03 01 10  00 bd 00 10 65 02 00 00 |............e...|
[4897] +170.987449 ASYNC-IN-SUBMIT ep=0x81 len=0 type=BULK (in, awaiting data)
[4898] +170.987624 ASYNC-IN-DONE ep=0x81 len=16 status=0 actual=16
	0000  08 00 00 18 f0 03 02 10  00 bf 00 10 09 02 00 00 |................|
[4899] +170.987706 ASYNC-IN-SUBMIT ep=0x81 len=0 type=BULK (in, awaiting data)
[4900] +171.089184 ASYNC-IN-DONE ep=0x81 len=0 status=2 actual=0
[4901] +171.089299 ASYNC-IN-SUBMIT ep=0x81 len=0 type=BULK (in, awaiting data)
[4902] +171.195945 ASYNC-IN-DONE ep=0x81 len=0 status=2 actual=0
[4903] +171.196057 ASYNC-IN-SUBMIT ep=0x81 len=0 type=BULK (in, awaiting data)
[4904] +171.304686 ASYNC-IN-DONE ep=0x81 len=0 status=2 actual=0
[4905] +171.304787 ASYNC-IN-SUBMIT ep=0x81 len=0 type=BULK (in, awaiting data)
[4906] +171.410921 ASYNC-IN-DONE ep=0x81 len=0 status=2 actual=0
[4907] +171.411021 ASYNC-IN-SUBMIT ep=0x81 len=0 type=BULK (in, awaiting data)
[4908] +171.513447 ASYNC-IN-DONE ep=0x81 len=0 status=2 actual=0
[4909] +171.513538 ASYNC-IN-SUBMIT ep=0x81 len=0 type=BULK (in, awaiting data)
[4910] +171.623123 ASYNC-IN-DONE ep=0x81 len=0 status=2 actual=0
[4911] +171.623233 ASYNC-IN-SUBMIT ep=0x81 len=0 type=BULK (in, awaiting data)
[4912] +171.633859 ASYNC-OUT ep=0x01 len=16 type=BULK 
	0000  08 00 00 18 02 10 f0 03  00 ad 00 10 d4 12 00 00 |................|
[4913] +171.634120 ASYNC-OUT-DONE ep=0x01 len=0 status=0 actual=16
[4914] +171.736099 ASYNC-IN-DONE ep=0x81 len=0 status=2 actual=0
[4915] +171.736187 ASYNC-IN-SUBMIT ep=0x81 len=0 type=BULK (in, awaiting data)
[4916] +171.737952 ASYNC-OUT ep=0x01 len=16 type=BULK 
	0000  08 00 00 18 80 10 ed 03  00 b7 00 10 fd 1a 00 00 |................|
[4917] +171.738186 ASYNC-OUT-DONE ep=0x01 len=0 status=0 actual=16
[4918] +171.790152 ASYNC-IN-DONE ep=0x81 len=16 status=0 actual=16
	0000  08 00 00 18 ed 03 80 10  00 be 00 10 ae 02 00 00 |................|
[4919] +171.790269 ASYNC-IN-SUBMIT ep=0x81 len=0 type=BULK (in, awaiting data)
[4920] +171.894333 ASYNC-IN-DONE ep=0x81 len=0 status=2 actual=0
[4921] +171.894410 ASYNC-IN-SUBMIT ep=0x81 len=0 type=BULK (in, awaiting data)
[4922] +171.990551 ASYNC-IN-DONE ep=0x81 len=16 status=0 actual=16
	0000  08 00 00 18 ef 03 01 10  00 be 00 10 65 02 00 00 |............e...|
[4923] +171.990675 ASYNC-IN-SUBMIT ep=0x81 len=0 type=BULK (in, awaiting data)
[4924] +171.990854 ASYNC-IN-DONE ep=0x81 len=16 status=0 actual=16
	0000  08 00 00 18 f0 03 02 10  00 c0 00 10 09 02 00 00 |................|
[4925] +171.990929 ASYNC-IN-SUBMIT ep=0x81 len=0 type=BULK (in, awaiting data)
[4926] +171.996418 ASYNC-OUT ep=0x01 len=16 type=BULK 
	0000  08 00 00 18 01 10 ef 03  00 b8 00 10 93 1e 00 00 |................|
[4927] +171.996674 ASYNC-OUT-DONE ep=0x01 len=0 status=0 actual=16
[4928] +172.096428 ASYNC-IN-DONE ep=0x81 len=0 status=2 actual=0
[4929] +172.096527 ASYNC-IN-SUBMIT ep=0x81 len=0 type=BULK (in, awaiting data)
[4930] +172.202726 ASYNC-IN-DONE ep=0x81 len=0 status=2 actual=0
[4931] +172.202829 ASYNC-IN-SUBMIT ep=0x81 len=0 type=BULK (in, awaiting data)
[4932] +172.313249 ASYNC-IN-DONE ep=0x81 len=0 status=2 actual=0
[4933] +172.313363 ASYNC-IN-SUBMIT ep=0x81 len=0 type=BULK (in, awaiting data)
[4934] +172.426188 ASYNC-IN-DONE ep=0x81 len=0 status=2 actual=0
[4935] +172.426297 ASYNC-IN-SUBMIT ep=0x81 len=0 type=BULK (in, awaiting data)
[4936] +172.539098 ASYNC-IN-DONE ep=0x81 len=0 status=2 actual=0
[4937] +172.539131 ASYNC-IN-SUBMIT ep=0x81 len=0 type=BULK (in, awaiting data)
[4938] +172.651195 ASYNC-IN-DONE ep=0x81 len=0 status=2 actual=0
[4939] +172.651224 ASYNC-IN-SUBMIT ep=0x81 len=0 type=BULK (in, awaiting data)
[4940] +172.670778 ASYNC-OUT ep=0x01 len=16 type=BULK 
	0000  08 00 00 18 02 10 f0 03  00 ae 00 10 d4 12 00 00 |................|
[4941] +172.671052 ASYNC-OUT-DONE ep=0x01 len=0 status=0 actual=16
[4942] +172.743255 ASYNC-OUT ep=0x01 len=16 type=BULK 
	0000  08 00 00 18 80 10 ed 03  00 b8 00 10 fd 1a 00 00 |................|
[4943] +172.743590 ASYNC-OUT-DONE ep=0x01 len=0 status=0 actual=16
[4944] +172.763986 ASYNC-IN-DONE ep=0x81 len=0 status=2 actual=0
[4945] +172.764034 ASYNC-IN-SUBMIT ep=0x81 len=0 type=BULK (in, awaiting data)
[4946] +172.794144 ASYNC-IN-DONE ep=0x81 len=16 status=0 actual=16
	0000  08 00 00 18 ed 03 80 10  00 bf 00 10 ae 02 00 00 |................|
[4947] +172.794210 ASYNC-IN-SUBMIT ep=0x81 len=0 type=BULK (in, awaiting data)
[4948] +172.898880 ASYNC-IN-DONE ep=0x81 len=0 status=2 actual=0
[4949] +172.898919 ASYNC-IN-SUBMIT ep=0x81 len=0 type=BULK (in, awaiting data)
[4950] +172.994482 ASYNC-IN-DONE ep=0x81 len=16 status=0 actual=16
	0000  08 00 00 18 ef 03 01 10  00 bf 00 10 65 02 00 00 |............e...|
[4951] +172.994636 ASYNC-IN-SUBMIT ep=0x81 len=0 type=BULK (in, awaiting data)
[4952] +172.994829 ASYNC-IN-DONE ep=0x81 len=16 status=0 actual=16
	0000  08 00 00 18 f0 03 02 10  00 c1 00 10 09 02 00 00 |................|
[4953] +172.994891 ASYNC-IN-SUBMIT ep=0x81 len=0 type=BULK (in, awaiting data)
[4954] +173.003456 ASYNC-OUT ep=0x01 len=16 type=BULK 
	0000  08 00 00 18 01 10 ef 03  00 b9 00 10 93 1e 00 00 |................|
[4955] +173.003687 ASYNC-OUT-DONE ep=0x01 len=0 status=0 actual=16
[4956] +173.107749 ASYNC-IN-DONE ep=0x81 len=0 status=2 actual=0
[4957] +173.107843 ASYNC-IN-SUBMIT ep=0x81 len=0 type=BULK (in, awaiting data)
[4958] +173.214940 ASYNC-IN-DONE ep=0x81 len=0 status=2 actual=0
[4959] +173.215012 ASYNC-IN-SUBMIT ep=0x81 len=0 type=BULK (in, awaiting data)
[4960] +173.325756 ASYNC-IN-DONE ep=0x81 len=0 status=2 actual=0
[4961] +173.325834 ASYNC-IN-SUBMIT ep=0x81 len=0 type=BULK (in, awaiting data)
[4962] +173.432141 ASYNC-IN-DONE ep=0x81 len=0 status=2 actual=0
[4963] +173.432230 ASYNC-IN-SUBMIT ep=0x81 len=0 type=BULK (in, awaiting data)
[4964] +173.542734 ASYNC-IN-DONE ep=0x81 len=0 status=2 actual=0
[4965] +173.542819 ASYNC-IN-SUBMIT ep=0x81 len=0 type=BULK (in, awaiting data)
[4966] +173.649558 ASYNC-IN-DONE ep=0x81 len=0 status=2 actual=0
[4967] +173.649662 ASYNC-IN-SUBMIT ep=0x81 len=0 type=BULK (in, awaiting data)
[4968] +173.680050 ASYNC-OUT ep=0x01 len=16 type=BULK 
	0000  08 00 00 18 02 10 f0 03  00 af 00 10 d4 12 00 00 |................|
[4969] +173.680345 ASYNC-OUT-DONE ep=0x01 len=0 status=0 actual=16
### MARK SNAPSHOT-cmd2
[4970] +173.751353 ASYNC-IN-DONE ep=0x81 len=0 status=2 actual=0
[4971] +173.751384 ASYNC-IN-SUBMIT ep=0x81 len=0 type=BULK (in, awaiting data)
[4972] +173.784122 ASYNC-OUT ep=0x01 len=16 type=BULK 
	0000  08 00 00 18 80 10 ed 03  00 b9 00 10 fd 1a 00 00 |................|
[4973] +173.784373 ASYNC-OUT-DONE ep=0x01 len=0 status=0 actual=16
[4974] +173.797089 ASYNC-IN-DONE ep=0x81 len=16 status=0 actual=16
	0000  08 00 00 18 ed 03 80 10  00 c0 00 10 ae 02 00 00 |................|
[4975] +173.797114 ASYNC-IN-SUBMIT ep=0x81 len=0 type=BULK (in, awaiting data)
[4976] +173.888187 ASYNC-OUT ep=0x01 len=36 type=BULK 
	0000  1b 00 00 18 80 10 ed 03  00 ba 00 04 fd 1a 00 00 |................|
	0010  01 00 06 00 0b 00 00 00  83 66 cd 03 f1 64 58 65 |.........f...dXe|
	0020  81 5c 01 00                                      |.\..|
[4977] +173.888489 ASYNC-OUT-DONE ep=0x01 len=0 status=0 actual=36
[4978] +173.896610 ASYNC-IN-DONE ep=0x81 len=36 status=0 actual=36
	0000  19 00 00 18 ed 03 80 10  00 c1 00 04 c1 02 00 00 |................|
	0010  00 00 06 00 09 00 00 00  83 66 cd 03 f1 67 00 68 |.........f...g.h|
	0020  c0 79 19 6a                                      |.y.j|
[4979] +173.896669 ASYNC-IN-SUBMIT ep=0x81 len=0 type=BULK (in, awaiting data)
[4980] +173.896882 ASYNC-IN-DONE ep=0x81 len=32 status=0 actual=32
	0000  17 00 00 18 f0 03 02 10  00 c2 00 04 09 02 00 00 |................|
	0010  00 00 04 00 07 00 00 00  82 69 2a 6a 81 5c 01 68 |.........i*j.\.h|
[4981] +173.896897 ASYNC-IN-SUBMIT ep=0x81 len=0 type=BULK (in, awaiting data)
[4982] +173.897236 ASYNC-IN-DONE ep=0x81 len=32 status=0 actual=32
	0000  17 00 00 18 f0 03 02 10  00 c3 00 04 09 02 00 00 |................|
	0010  00 00 04 00 07 00 00 00  82 69 17 6a 81 17 00 68 |.........i.j...h|
[4983] +173.897252 ASYNC-IN-SUBMIT ep=0x81 len=0 type=BULK (in, awaiting data)
[4984] +173.906466 ASYNC-IN-DONE ep=0x81 len=32 status=0 actual=32
	0000  17 00 00 18 f0 03 02 10  00 c4 00 04 09 02 00 00 |................|
	0010  00 00 04 00 07 00 00 00  82 69 2e 6a 81 5c 01 68 |.........i.j.\.h|
[4985] +173.906497 ASYNC-IN-SUBMIT ep=0x81 len=0 type=BULK (in, awaiting data)
[4986] +173.940195 ASYNC-OUT ep=0x01 len=16 type=BULK 
	0000  08 00 00 18 80 10 ed 03  00 bb 00 08 0e 1b 00 00 |................|
[4987] +173.940407 ASYNC-OUT ep=0x01 len=16 type=BULK 
	0000  08 00 00 18 02 10 f0 03  00 b0 00 08 01 13 00 00 |................|
[4988] +173.940552 ASYNC-OUT-DONE ep=0x01 len=0 status=0 actual=16
[4989] +173.940581 ASYNC-OUT-DONE ep=0x01 len=0 status=0 actual=16
[4990] +173.997523 ASYNC-IN-DONE ep=0x81 len=16 status=0 actual=16
	0000  08 00 00 18 ef 03 01 10  00 c0 00 10 65 02 00 00 |............e...|
[4991] +173.997560 ASYNC-IN-SUBMIT ep=0x81 len=0 type=BULK (in, awaiting data)
[4992] +173.997703 ASYNC-IN-DONE ep=0x81 len=16 status=0 actual=16
	0000  08 00 00 18 ed 03 80 10  00 c2 00 08 c1 02 00 00 |................|
[4993] +173.997720 ASYNC-IN-SUBMIT ep=0x81 len=0 type=BULK (in, awaiting data)
[4994] +174.043850 ASYNC-OUT ep=0x01 len=16 type=BULK 
	0000  08 00 00 18 01 10 ef 03  00 ba 00 10 93 1e 00 00 |................|
[4995] +174.044167 ASYNC-OUT-DONE ep=0x01 len=0 status=0 actual=16
[4996] +174.104339 ASYNC-IN-DONE ep=0x81 len=0 status=2 actual=0
[4997] +174.104418 ASYNC-IN-SUBMIT ep=0x81 len=0 type=BULK (in, awaiting data)
[4998] +174.199973 ASYNC-OUT ep=0x01 len=36 type=BULK 
	0000  19 00 00 18 80 10 ed 03  00 bc 00 04 0e 1b 00 00 |................|
	0010  01 00 06 00 09 00 00 00  83 66 cd 03 f2 64 17 65 |.........f...d.e|
	0020  c0 00 00 00                                      |....|
[4999] +174.200313 ASYNC-OUT-DONE ep=0x01 len=0 status=0 actual=36
[5000] +174.201489 ASYNC-IN-DONE ep=0x81 len=60 status=0 actual=60
	0000  34 00 00 18 ed 03 80 10  00 c3 00 04 d2 02 00 00 |4...............|
	0010  00 00 06 00 24 00 00 00  83 66 cd 03 f2 67 00 68 |....$....f...g.h|
	0020  86 6b cd 00 00 6c cd 00  07 6d a7 43 54 2d 53 61 |.k...l...m.CT-Sa|
	0030  64 00 75 c3 53 92 cd 19  e4 00 5c 01             |d.u.S.....\.|
[5001] +174.201608 ASYNC-IN-SUBMIT ep=0x81 len=0 type=BULK (in, awaiting data)
[5002] +174.252043 ASYNC-OUT ep=0x01 len=36 type=BULK 
	0000  19 00 00 18 80 10 ed 03  00 bd 00 0c 3a 1b 00 00 |............:...|
	0010  01 00 06 00 09 00 00 00  83 66 cd 03 f3 64 16 65 |.........f...d.e|
	0020  c0 00 00 00                                      |....|
[5003] +174.252392 ASYNC-OUT-DONE ep=0x01 len=0 status=0 actual=36
[5004] +174.267695 ASYNC-IN-DONE ep=0x81 len=272 status=0 actual=272
	0000  08 01 00 18 ed 03 80 10  00 c4 00 04 e3 02 00 00 |................|
	0010  00 00 e3 00 ee 09 00 00  83 66 cd 03 f3 67 00 68 |.........f...g.h|
	0020  da 09 e3 a9 6c 36 2d 68  65 6c 69 78 00 da 00 30 |....l6-helix...0|
	0030  3d 00 00 00 60 00 00 00  f8 02 00 00 fa 02 00 00 |=...`...........|
	0040  05 03 00 00 11 03 00 00  01 04 00 00 2e 04 00 00 |................|
	0050  3e 00 00 00 34 04 00 00  e3 09 00 00 e3 09 00 00 |>...4...........|
	0060  89 07 83 24 a4 50 33 33  00 23 ce 03 80 00 00 25 |...$.P33.#.....%|
	0070  b2 76 33 2e 37 31 2d 33  32 2d 67 31 30 33 39 36 |.v3.71-32-g10396|
	0080  36 31 00 00 82 15 00 16  dc 00 14 82 13 00 14 82 |61..............|
	0090  05 01 07 83 02 03 03 03  04 93 c2 ca c2 40 00 00 |.............@..|
	00a0  ca 3f 00 00 00 82 13 06  14 85 18 83 17 c2 19 65 |.?.............e|
	00b0  1a ff 09 01 0a c3 0b 83  02 03 03 03 04 93 ca 3c |...............<|
	00c0  23 d7 00 ca 3e 42 8f 63  ca 3f 7a e1 48 0c 83 02 |#...>B.c.?z.H...|
	00d0  00 03 00 04 90 82 13 06  14 85 18 83 17 c2 19 cd |................|
	00e0  01 43 1a ff 09 01 0a c3  0b 83 02 06 03 06 04 96 |.C..............|
	00f0  ca c1 23 33 33 ca c0 d3  33 33 ca 00 00 00 00 ca |..#33...33......|
	0100  00 00 00 00 ca 00 00 00  00 ca 40 6c cc d1 0c 83 |..........@l....|
[5005] +174.268027 ASYNC-IN-SUBMIT ep=0x81 len=0 type=BULK (in, awaiting data)
[5006] +174.268065 ASYNC-OUT ep=0x01 len=16 type=BULK 
	0000  08 00 00 18 80 10 ed 03  00 be 00 08 3a 1c 00 00 |............:...|
[5007] +174.268163 ASYNC-IN-DONE ep=0x81 len=272 status=0 actual=272
	0000  08 01 00 18 ed 03 80 10  00 c5 00 04 e3 02 00 00 |................|
	0010  02 00 03 00 04 90 82 13  06 14 85 18 83 17 c3 19 |................|
	0020  12 1a 3e 09 12 0a c3 0b  83 02 0c 03 0c 04 9c ca |..>.............|
	0030  3f 6b 85 20 ca 3e a3 d7  07 ca 3f 23 d7 0a ca 3f |?k. .>....?#...?|
	0040  38 51 ec ca 3f 1e b8 52  ca 3f 63 d7 0a ca 3e 38 |8Q..?..R.?c...>8|
	0050  51 f2 ca 3e 4c cc cd ca  3e 8a 3d 71 ca 3f 00 00 |Q..>L...>.=q.?..|
	0060  00 ca 3f 19 99 9a ca 3f  19 99 9a 0c 83 02 06 03 |..?....?........|
	0070  05 04 96 ca 41 00 00 00  ca 41 9f 33 33 ca 46 1f |....A....A.33.F.|
	0080  60 00 ca 3e 75 c2 8f ca  00 00 00 00 05 82 13 06 |`..>u...........|
	0090  14 85 18 83 17 c2 19 cd  01 43 1a ff 09 01 0a c3 |.........C......|
	00a0  0b 83 02 06 03 06 04 96  ca 3f ff ff f8 ca 40 39 |.........?....@9|
	00b0  99 95 ca c0 86 66 68 ca  40 40 00 00 ca 3e cc cc |.....fh.@@...>..|
	00c0  bf ca 00 00 00 00 0c 83  02 00 03 00 04 90 82 13 |................|
	00d0  06 14 85 18 83 17 c2 19  cc 81 1a ff 09 01 0a c3 |................|
	00e0  0b 83 02 0b 03 0b 04 9b  ca c0 b9 99 9a ca c0 06 |................|
	00f0  66 62 ca 40 60 00 00 ca  c0 e0 00 00 ca c0 a3 33 |fb.@`..........3|
	0100  31 ca bf 66 66 60 ca c0  00 00 00 ca 3f b3 33 33 |1..ff`......?.33|
[5008] +174.268345 ASYNC-IN-SUBMIT ep=0x81 len=0 type=BULK (in, awaiting data)
[5009] +174.268367 ASYNC-OUT ep=0x01 len=16 type=BULK 
	0000  08 00 00 18 80 10 ed 03  00 bf 00 08 3a 1d 00 00 |............:...|
[5010] +174.268419 ASYNC-OUT-DONE ep=0x01 len=0 status=0 actual=16
[5011] +174.268435 ASYNC-IN-DONE ep=0x81 len=272 status=0 actual=272
	0000  08 01 00 18 ed 03 80 10  00 c6 00 04 e3 02 00 00 |................|
	0010  ca c1 26 66 66 ca c1 70  00 00 ca 00 00 00 00 0c |..&ff..p........|
	0020  83 02 00 03 00 04 90 82  13 06 14 85 18 83 17 c2 |................|
	0030  19 78 1a ff 09 01 0a c3  0b 83 02 06 03 06 04 96 |.x..............|
	0040  ca 3e a8 f5 c3 ca 3f 11  eb 83 c2 ca 3d b8 51 f0 |.>....?.....=.Q.|
	0050  ca 3f 80 00 00 ca 00 00  00 00 0c 83 02 00 03 00 |.?..............|
	0060  04 90 82 13 08 14 c0 82  13 08 14 c0 82 13 01 14 |................|
	0070  82 06 01 07 83 02 02 03  02 04 92 ca 3f 00 00 00 |............?...|
	0080  ca 00 00 00 00 82 13 02  14 83 0e 82 05 00 07 83 |................|
	0090  02 00 03 00 04 90 0f 84  08 cd 01 01 0d 00 0a c3 |................|
	00a0  07 83 02 03 03 03 04 93  ca 3f 00 00 00 ca 3f 00 |.........?....?.|
	00b0  00 00 c2 12 c2 82 13 08  14 c0 82 13 08 14 c0 82 |................|
	00c0  13 08 14 c0 82 13 08 14  c0 82 13 08 14 c0 82 13 |................|
	00d0  08 14 c0 82 13 08 14 c0  82 13 08 14 c0 82 13 03 |................|
	00e0  14 83 10 82 06 00 07 83  02 00 03 00 04 90 11 84 |................|
	00f0  08 cc 97 0d 00 0a c3 07  83 02 06 03 06 04 96 ca |................|
	0100  00 00 00 00 ca 3f 00 00  00 ca 00 00 00 00 ca 3f |.....?.........?|
[5012] +174.268602 ASYNC-IN-SUBMIT ep=0x81 len=0 type=BULK (in, awaiting data)
[5013] +174.268622 ASYNC-OUT ep=0x01 len=16 type=BULK 
	0000  08 00 00 18 80 10 ed 03  00 c0 00 08 3a 1e 00 00 |............:...|
[5014] +174.268661 ASYNC-OUT-DONE ep=0x01 len=0 status=0 actual=16
[5015] +174.268726 ASYNC-OUT-DONE ep=0x01 len=0 status=0 actual=16
[5016] +174.269301 ASYNC-IN-DONE ep=0x81 len=272 status=0 actual=272
	0000  08 01 00 18 ed 03 80 10  00 c7 00 04 e3 02 00 00 |................|
	0010  00 00 00 c2 ca 00 00 00  00 12 c2 01 c0 03 82 07 |................|
	0020  01 08 95 c0 c0 c0 c0 c0  04 9a c0 c0 c0 c0 c0 c0 |................|
	0030  c0 c0 c0 c0 02 82 00 9d  d1 00 00 d1 00 00 d1 00 |................|
	0040  00 d1 00 00 d1 00 00 d1  00 00 d1 00 00 d1 00 00 |................|
	0050  d1 00 00 d1 00 00 d1 00  00 d1 00 00 d1 00 00 01 |................|
	0060  9d 97 cc 00 cc 00 cc 00  cc 00 cc 00 cc 00 cc 00 |................|
	0070  97 cc 00 cc 00 cc 00 cc  00 cc 00 cc 00 cc 00 97 |................|
	0080  cc 00 cc 00 cc 00 cc 00  cc 00 cc 00 cc 00 97 cc |................|
	0090  00 cc 00 cc 00 cc 00 cc  00 cc 00 cc 00 97 cc 00 |................|
	00a0  cc 00 cc 00 cc 00 cc 00  cc 00 cc 00 97 cc 00 cc |................|
	00b0  00 cc 00 cc 00 cc 00 cc  00 cc 00 97 cc 00 cc 00 |................|
	00c0  cc 00 cc 00 cc 00 cc 00  cc 00 97 cc 00 cc 00 cc |................|
	00d0  00 cc 00 cc 00 cc 00 cc  00 97 cc 00 cc 00 cc 00 |................|
	00e0  cc 00 cc 00 cc 00 cc 00  97 cc 00 cc 00 cc 00 cc |................|
	00f0  00 cc 00 cc 00 cc 00 97  cc 00 cc 00 cc 00 cc 00 |................|
	0100  cc 00 cc 00 cc 00 97 cc  00 cc 00 cc 00 cc 00 cc |................|
[5017] +174.269485 ASYNC-IN-SUBMIT ep=0x81 len=0 type=BULK (in, awaiting data)
[5018] +174.269514 ASYNC-OUT ep=0x01 len=16 type=BULK 
	0000  08 00 00 18 80 10 ed 03  00 c1 00 08 3a 1f 00 00 |............:...|
[5019] +174.269642 ASYNC-OUT-DONE ep=0x01 len=0 status=0 actual=16
[5020] +174.269718 ASYNC-IN-DONE ep=0x81 len=272 status=0 actual=272
	0000  08 01 00 18 ed 03 80 10  00 c8 00 04 e3 02 00 00 |................|
	0010  00 cc 00 cc 00 97 cc 00  cc 00 cc 00 cc 00 cc 00 |................|
	0020  cc 00 cc 00 05 8f 10 ca  42 f0 00 00 2d 00 2e ca |........B...-...|
	0030  bd cc cc d0 2f ca bd cc  cc d0 30 00 31 c3 32 00 |..../.....0.1.2.|
	0040  33 00 34 00 35 00 36 00  37 00 38 c3 1e 00 cc 86 |3.4.5.6.7.8.....|
	0050  00 06 82 62 03 1a 00 0a  86 06 01 07 00 08 00 09 |...b............|
	0060  14 0a 93 88 00 c3 01 9b  93 0d c2 97 00 00 00 00 |................|
	0070  00 00 00 93 0d c2 97 00  00 00 00 00 00 00 93 0d |................|
	0080  c2 97 00 00 00 00 00 00  00 93 0d c2 97 00 00 00 |................|
	0090  00 00 00 00 93 0d c2 97  00 00 00 00 00 00 00 93 |................|
	00a0  0d c2 97 00 00 00 00 00  00 00 93 0d c2 97 00 00 |................|
	00b0  00 00 00 00 00 93 0d c2  97 00 00 00 00 00 00 00 |................|
	00c0  93 0d c2 97 00 00 00 00  00 00 00 93 0d c2 97 00 |................|
	00d0  00 00 00 00 00 00 93 0d  c2 97 00 00 00 00 00 00 |................|
	00e0  00 02 dc 00 40 93 c2 40  c0 93 c2 40 c0 93 c2 40 |....@..@...@...@|
	00f0  c0 93 c2 40 c0 93 c2 40  c0 93 c2 40 c0 93 c2 40 |...@...@...@...@|
	0100  c0 93 c2 40 c0 93 c2 40  c0 93 c2 40 c0 93 c2 40 |...@...@...@...@|
[5021] +174.269891 ASYNC-IN-SUBMIT ep=0x81 len=0 type=BULK (in, awaiting data)
[5022] +174.269909 ASYNC-OUT ep=0x01 len=16 type=BULK 
	0000  08 00 00 18 80 10 ed 03  00 c2 00 08 3a 20 00 00 |............: ..|
[5023] +174.270016 ASYNC-OUT-DONE ep=0x01 len=0 status=0 actual=16
[5024] +174.270310 ASYNC-IN-DONE ep=0x81 len=272 status=0 actual=272
	0000  08 01 00 18 ed 03 80 10  00 c9 00 04 e3 02 00 00 |................|
	0010  c0 93 c2 40 c0 93 c2 40  c0 93 c2 40 c0 93 c2 40 |...@...@...@...@|
	0020  c0 93 c2 40 c0 93 c2 40  c0 93 c2 40 c0 93 c2 40 |...@...@...@...@|
	0030  c0 93 c2 40 c0 93 c2 40  c0 93 c2 40 c0 93 c2 40 |...@...@...@...@|
	0040  c0 93 c2 40 c0 93 c2 40  c0 93 c2 40 c0 93 c2 40 |...@...@...@...@|
	0050  c0 93 c2 40 c0 93 c2 40  c0 93 c2 40 c0 93 c2 40 |...@...@...@...@|
	0060  c0 93 c2 40 c0 93 c2 40  c0 93 c2 40 c0 93 c2 40 |...@...@...@...@|
	0070  c0 93 c2 40 c0 93 c2 40  c0 93 c2 40 c0 93 c2 40 |...@...@...@...@|
	0080  c0 93 c2 40 c0 93 c2 40  c0 93 c2 40 c0 93 c2 40 |...@...@...@...@|
	0090  c0 93 c2 40 c0 93 c2 40  c0 93 c2 40 c0 93 c2 40 |...@...@...@...@|
	00a0  c0 93 c2 40 c0 93 c2 40  c0 93 c2 40 c0 93 c2 40 |...@...@...@...@|
	00b0  c0 93 c2 40 c0 93 c2 40  c0 93 c2 40 c0 93 c2 40 |...@...@...@...@|
	00c0  c0 93 c2 40 c0 93 c2 40  c0 93 c2 40 c0 93 c2 40 |...@...@...@...@|
	00d0  c0 93 c2 40 c0 93 c2 40  c0 93 c2 40 c0 93 c2 40 |...@...@...@...@|
	00e0  c0 93 c2 40 c0 03 dc 00  14 92 c2 c2 92 c2 c3 92 |...@............|
	00f0  c2 c3 92 c2 c3 92 c2 c3  92 c2 c3 92 c2 c3 92 c2 |................|
	0100  c3 92 c2 c3 92 c2 c2 92  c2 c3 92 c2 c3 92 c2 c3 |................|
[5025] +174.270465 ASYNC-IN-SUBMIT ep=0x81 len=0 type=BULK (in, awaiting data)
[5026] +174.270482 ASYNC-OUT ep=0x01 len=16 type=BULK 
	0000  08 00 00 18 80 10 ed 03  00 c3 00 08 3a 21 00 00 |............:!..|
[5027] +174.270577 ASYNC-OUT-DONE ep=0x01 len=0 status=0 actual=16
[5028] +174.270902 ASYNC-IN-DONE ep=0x81 len=272 status=0 actual=272
	0000  08 01 00 18 ed 03 80 10  00 ca 00 04 e3 02 00 00 |................|
	0010  92 c2 c3 92 c2 c3 92 c2  c3 92 c2 c3 92 c2 c3 92 |................|
	0020  c2 c3 92 c2 c2 04 ab 53  4e 41 50 53 48 4f 54 20 |.......SNAPSHOT |
	0030  31 00 0e c2 05 ca 42 f0  00 00 0c 00 88 00 c3 01 |1.....B.........|
	0040  9b 93 0d c2 97 00 00 00  00 00 00 00 93 0d c2 97 |................|
	0050  00 00 00 00 00 00 00 93  0d c2 97 00 00 00 00 00 |................|
	0060  00 00 93 0d c2 97 00 00  00 00 00 00 00 93 0d c2 |................|
	0070  97 00 00 00 00 00 00 00  93 0d c2 97 00 00 00 00 |................|
	0080  00 00 00 93 0d c2 97 00  00 00 00 00 00 00 93 0d |................|
	0090  c2 97 00 00 00 00 00 00  00 93 0d c2 97 00 00 00 |................|
	00a0  00 00 00 00 93 0d c2 97  00 00 00 00 00 00 00 93 |................|
	00b0  0d c2 97 00 00 00 00 00  00 00 02 dc 00 40 93 c2 |.............@..|
	00c0  40 c0 93 c2 40 c0 93 c2  40 c0 93 c2 40 c0 93 c2 |@...@...@...@...|
	00d0  40 c0 93 c2 40 c0 93 c2  40 c0 93 c2 40 c0 93 c2 |@...@...@...@...|
	00e0  40 c0 93 c2 40 c0 93 c2  40 c0 93 c2 40 c0 93 c2 |@...@...@...@...|
	00f0  40 c0 93 c2 40 c0 93 c2  40 c0 93 c2 40 c0 93 c2 |@...@...@...@...|
	0100  40 c0 93 c2 40 c0 93 c2  40 c0 93 c2 40 c0 93 c2 |@...@...@...@...|
[5029] +174.271058 ASYNC-IN-SUBMIT ep=0x81 len=0 type=BULK (in, awaiting data)
[5030] +174.271082 ASYNC-OUT ep=0x01 len=16 type=BULK 
	0000  08 00 00 18 80 10 ed 03  00 c4 00 08 3a 22 00 00 |............:"..|
[5031] +174.271186 ASYNC-OUT-DONE ep=0x01 len=0 status=0 actual=16
[5032] +174.271493 ASYNC-IN-DONE ep=0x81 len=272 status=0 actual=272
	0000  08 01 00 18 ed 03 80 10  00 cb 00 04 e3 02 00 00 |................|
	0010  40 c0 93 c2 40 c0 93 c2  40 c0 93 c2 40 c0 93 c2 |@...@...@...@...|
	0020  40 c0 93 c2 40 c0 93 c2  40 c0 93 c2 40 c0 93 c2 |@...@...@...@...|
	0030  40 c0 93 c2 40 c0 93 c2  40 c0 93 c2 40 c0 93 c2 |@...@...@...@...|
	0040  40 c0 93 c2 40 c0 93 c2  40 c0 93 c2 40 c0 93 c2 |@...@...@...@...|
	0050  40 c0 93 c2 40 c0 93 c2  40 c0 93 c2 40 c0 93 c2 |@...@...@...@...|
	0060  40 c0 93 c2 40 c0 93 c2  40 c0 93 c2 40 c0 93 c2 |@...@...@...@...|
	0070  40 c0 93 c2 40 c0 93 c2  40 c0 93 c2 40 c0 93 c2 |@...@...@...@...|
	0080  40 c0 93 c2 40 c0 93 c2  40 c0 93 c2 40 c0 93 c2 |@...@...@...@...|
	0090  40 c0 93 c2 40 c0 93 c2  40 c0 93 c2 40 c0 93 c2 |@...@...@...@...|
	00a0  40 c0 93 c2 40 c0 93 c2  40 c0 93 c2 40 c0 93 c2 |@...@...@...@...|
	00b0  40 c0 93 c2 40 c0 93 c2  40 c0 93 c2 40 c0 03 dc |@...@...@...@...|
	00c0  00 14 92 c2 c2 92 c2 c3  92 c2 c3 92 c2 c3 92 c2 |................|
	00d0  c3 92 c2 c3 92 c2 c3 92  c2 c3 92 c2 c3 92 c2 c2 |................|
	00e0  92 c2 c3 92 c2 c3 92 c2  c3 92 c2 c3 92 c2 c3 92 |................|
	00f0  c2 c3 92 c2 c3 92 c2 c3  92 c2 c3 92 c2 c2 04 ab |................|
	0100  53 4e 41 50 53 48 4f 54  20 32 00 0e c2 05 ca 42 |SNAPSHOT 2.....B|
[5033] +174.271650 ASYNC-IN-SUBMIT ep=0x81 len=0 type=BULK (in, awaiting data)
[5034] +174.271667 ASYNC-OUT ep=0x01 len=16 type=BULK 
	0000  08 00 00 18 80 10 ed 03  00 c5 00 08 3a 23 00 00 |............:#..|
[5035] +174.271763 ASYNC-OUT-DONE ep=0x01 len=0 status=0 actual=16
[5036] +174.272092 ASYNC-IN-DONE ep=0x81 len=272 status=0 actual=272
	0000  08 01 00 18 ed 03 80 10  00 cc 00 04 e3 02 00 00 |................|
	0010  f0 00 00 0c 00 88 00 c3  01 9b 93 0d c2 97 00 00 |................|
	0020  00 00 00 00 00 93 0d c2  97 00 00 00 00 00 00 00 |................|
	0030  93 0d c2 97 00 00 00 00  00 00 00 93 0d c2 97 00 |................|
	0040  00 00 00 00 00 00 93 0d  c2 97 00 00 00 00 00 00 |................|
	0050  00 93 0d c2 97 00 00 00  00 00 00 00 93 0d c2 97 |................|
	0060  00 00 00 00 00 00 00 93  0d c2 97 00 00 00 00 00 |................|
	0070  00 00 93 0d c2 97 00 00  00 00 00 00 00 93 0d c2 |................|
	0080  97 00 00 00 00 00 00 00  93 0d c2 97 00 00 00 00 |................|
	0090  00 00 00 02 dc 00 40 93  c2 40 c0 93 c2 40 c0 93 |......@..@...@..|
	00a0  c2 40 c0 93 c2 40 c0 93  c2 40 c0 93 c2 40 c0 93 |.@...@...@...@..|
	00b0  c2 40 c0 93 c2 40 c0 93  c2 40 c0 93 c2 40 c0 93 |.@...@...@...@..|
	00c0  c2 40 c0 93 c2 40 c0 93  c2 40 c0 93 c2 40 c0 93 |.@...@...@...@..|
	00d0  c2 40 c0 93 c2 40 c0 93  c2 40 c0 93 c2 40 c0 93 |.@...@...@...@..|
	00e0  c2 40 c0 93 c2 40 c0 93  c2 40 c0 93 c2 40 c0 93 |.@...@...@...@..|
	00f0  c2 40 c0 93 c2 40 c0 93  c2 40 c0 93 c2 40 c0 93 |.@...@...@...@..|
	0100  c2 40 c0 93 c2 40 c0 93  c2 40 c0 93 c2 40 c0 93 |.@...@...@...@..|
[5037] +174.272250 ASYNC-IN-SUBMIT ep=0x81 len=0 type=BULK (in, awaiting data)
[5038] +174.272266 ASYNC-OUT ep=0x01 len=16 type=BULK 
	0000  08 00 00 18 80 10 ed 03  00 c6 00 08 3a 24 00 00 |............:$..|
[5039] +174.272362 ASYNC-OUT-DONE ep=0x01 len=0 status=0 actual=16
[5040] +174.272656 ASYNC-IN-DONE ep=0x81 len=264 status=0 actual=264
	0000  fe 00 00 18 ed 03 80 10  00 cd 00 04 e3 02 00 00 |................|
	0010  c2 40 c0 93 c2 40 c0 93  c2 40 c0 93 c2 40 c0 93 |.@...@...@...@..|
	0020  c2 40 c0 93 c2 40 c0 93  c2 40 c0 93 c2 40 c0 93 |.@...@...@...@..|
	0030  c2 40 c0 93 c2 40 c0 93  c2 40 c0 93 c2 40 c0 93 |.@...@...@...@..|
	0040  c2 40 c0 93 c2 40 c0 93  c2 40 c0 93 c2 40 c0 93 |.@...@...@...@..|
	0050  c2 40 c0 93 c2 40 c0 93  c2 40 c0 93 c2 40 c0 93 |.@...@...@...@..|
	0060  c2 40 c0 93 c2 40 c0 93  c2 40 c0 93 c2 40 c0 93 |.@...@...@...@..|
	0070  c2 40 c0 93 c2 40 c0 93  c2 40 c0 93 c2 40 c0 93 |.@...@...@...@..|
	0080  c2 40 c0 93 c2 40 c0 93  c2 40 c0 93 c2 40 c0 93 |.@...@...@...@..|
	0090  c2 40 c0 93 c2 40 c0 03  dc 00 14 92 c2 c2 92 c2 |.@...@..........|
	00a0  c3 92 c2 c3 92 c2 c3 92  c2 c3 92 c2 c3 92 c2 c3 |................|
	00b0  92 c2 c3 92 c2 c3 92 c2  c2 92 c2 c3 92 c2 c3 92 |................|
	00c0  c2 c3 92 c2 c3 92 c2 c3  92 c2 c3 92 c2 c3 92 c2 |................|
	00d0  c3 92 c2 c3 92 c2 c2 04  ab 53 4e 41 50 53 48 4f |.........SNAPSHO|
	00e0  54 20 33 00 0e c2 05 ca  42 f0 00 00 0c 00 0d dc |T 3.....B.......|
	00f0  00 14 c3 c3 c3 c3 c3 c3  c3 c3 c3 c3 c3 c3 c3 c3 |................|
	0100  c3 c3 c3 c3 c3 c3 c0 93                          |........|
[5041] +174.272811 ASYNC-IN-SUBMIT ep=0x81 len=0 type=BULK (in, awaiting data)
[5042] +174.303064 ASYNC-OUT ep=0x01 len=36 type=BULK 
	0000  1b 00 00 18 80 10 ed 03  00 c7 00 0c 30 25 00 00 |............0%..|
	0010  01 00 06 00 0b 00 00 00  83 66 cd 03 f4 64 18 65 |.........f...d.e|
	0020  81 76 49 00                                      |.vI.|
[5043] +174.303355 ASYNC-OUT-DONE ep=0x01 len=0 status=0 actual=36
[5044] +174.304200 ASYNC-IN-DONE ep=0x81 len=40 status=0 actual=40
	0000  1f 00 00 18 ed 03 80 10  00 ce 00 04 f6 02 00 00 |................|
	0010  00 00 06 00 0f 00 00 00  83 66 cd 03 f4 67 00 68 |.........f...g.h|
	0020  82 76 cd 00 49 77 00 93                          |.v..Iw..|
[5045] +174.304291 ASYNC-IN-SUBMIT ep=0x81 len=0 type=BULK (in, awaiting data)
[5046] +174.354470 ASYNC-OUT ep=0x01 len=16 type=BULK 
	0000  08 00 00 18 80 10 ed 03  00 c8 00 08 47 25 00 00 |............G%..|
[5047] +174.354726 ASYNC-OUT-DONE ep=0x01 len=0 status=0 actual=16
[5048] +174.398868 ASYNC-IN-DONE ep=0x81 len=16 status=0 actual=16
	0000  08 00 00 18 ed 03 80 10  00 cf 00 08 f6 02 00 00 |................|
[5049] +174.398914 ASYNC-IN-SUBMIT ep=0x81 len=0 type=BULK (in, awaiting data)
[5050] +174.509053 ASYNC-IN-DONE ep=0x81 len=0 status=2 actual=0
[5051] +174.509130 ASYNC-IN-SUBMIT ep=0x81 len=0 type=BULK (in, awaiting data)
[5052] +174.620886 ASYNC-IN-DONE ep=0x81 len=0 status=2 actual=0
[5053] +174.620984 ASYNC-IN-SUBMIT ep=0x81 len=0 type=BULK (in, awaiting data)
[5054] +174.727594 ASYNC-IN-DONE ep=0x81 len=0 status=2 actual=0
[5055] +174.727693 ASYNC-IN-SUBMIT ep=0x81 len=0 type=BULK (in, awaiting data)
[5056] +174.800075 ASYNC-IN-DONE ep=0x81 len=16 status=0 actual=16
	0000  08 00 00 18 f0 03 02 10  00 c5 00 10 09 02 00 00 |................|
[5057] +174.800197 ASYNC-IN-SUBMIT ep=0x81 len=0 type=BULK (in, awaiting data)
[5058] +174.906546 ASYNC-IN-DONE ep=0x81 len=0 status=2 actual=0
[5059] +174.906616 ASYNC-IN-SUBMIT ep=0x81 len=0 type=BULK (in, awaiting data)
[5060] +174.978293 ASYNC-OUT ep=0x01 len=16 type=BULK 
	0000  08 00 00 18 02 10 f0 03  00 b1 00 10 01 13 00 00 |................|
[5061] +174.978629 ASYNC-OUT-DONE ep=0x01 len=0 status=0 actual=16
[5062] +175.000484 ASYNC-IN-DONE ep=0x81 len=16 status=0 actual=16
	0000  08 00 00 18 ef 03 01 10  00 c1 00 10 65 02 00 00 |............e...|
[5063] +175.000566 ASYNC-IN-SUBMIT ep=0x81 len=0 type=BULK (in, awaiting data)
[5064] +175.081772 ASYNC-OUT ep=0x01 len=16 type=BULK 
	0000  08 00 00 18 01 10 ef 03  00 bb 00 10 93 1e 00 00 |................|
[5065] +175.082128 ASYNC-OUT-DONE ep=0x01 len=0 status=0 actual=16
[5066] +175.102681 ASYNC-IN-DONE ep=0x81 len=0 status=2 actual=0
[5067] +175.102754 ASYNC-IN-SUBMIT ep=0x81 len=0 type=BULK (in, awaiting data)
[5068] +175.211505 ASYNC-IN-DONE ep=0x81 len=0 status=2 actual=0
[5069] +175.211597 ASYNC-IN-SUBMIT ep=0x81 len=0 type=BULK (in, awaiting data)
[5070] +175.322676 ASYNC-IN-DONE ep=0x81 len=0 status=2 actual=0
[5071] +175.323723 ASYNC-IN-SUBMIT ep=0x81 len=0 type=BULK (in, awaiting data)
[5072] +175.393560 ASYNC-OUT ep=0x01 len=16 type=BULK 
	0000  08 00 00 18 80 10 ed 03  00 c9 00 10 47 25 00 00 |............G%..|
[5073] +175.393898 ASYNC-OUT-DONE ep=0x01 len=0 status=0 actual=16
[5074] +175.402030 ASYNC-IN-DONE ep=0x81 len=16 status=0 actual=16
	0000  08 00 00 18 ed 03 80 10  00 d0 00 10 f6 02 00 00 |................|
[5075] +175.402125 ASYNC-IN-SUBMIT ep=0x81 len=0 type=BULK (in, awaiting data)
[5076] +175.503386 ASYNC-IN-DONE ep=0x81 len=0 status=2 actual=0
[5077] +175.503463 ASYNC-IN-SUBMIT ep=0x81 len=0 type=BULK (in, awaiting data)
[5078] +175.616309 ASYNC-IN-DONE ep=0x81 len=0 status=2 actual=0
[5079] +175.616362 ASYNC-IN-SUBMIT ep=0x81 len=0 type=BULK (in, awaiting data)
[5080] +175.729278 ASYNC-IN-DONE ep=0x81 len=0 status=2 actual=0
[5081] +175.729400 ASYNC-IN-SUBMIT ep=0x81 len=0 type=BULK (in, awaiting data)
[5082] +175.803775 ASYNC-IN-DONE ep=0x81 len=16 status=0 actual=16
	0000  08 00 00 18 f0 03 02 10  00 c6 00 10 09 02 00 00 |................|
[5083] +175.803851 ASYNC-IN-SUBMIT ep=0x81 len=0 type=BULK (in, awaiting data)
[5084] +175.911687 ASYNC-IN-DONE ep=0x81 len=0 status=2 actual=0
[5085] +175.911780 ASYNC-IN-SUBMIT ep=0x81 len=0 type=BULK (in, awaiting data)
[5086] +176.004117 ASYNC-IN-DONE ep=0x81 len=16 status=0 actual=16
	0000  08 00 00 18 ef 03 01 10  00 c2 00 10 65 02 00 00 |............e...|
[5087] +176.004260 ASYNC-IN-SUBMIT ep=0x81 len=0 type=BULK (in, awaiting data)
[5088] +176.015628 ASYNC-OUT ep=0x01 len=16 type=BULK 
	0000  08 00 00 18 02 10 f0 03  00 b2 00 10 01 13 00 00 |................|
[5089] +176.015956 ASYNC-OUT-DONE ep=0x01 len=0 status=0 actual=16
[5090] +176.117108 ASYNC-IN-DONE ep=0x81 len=0 status=2 actual=0
[5091] +176.117209 ASYNC-IN-SUBMIT ep=0x81 len=0 type=BULK (in, awaiting data)
[5092] +176.117977 ASYNC-OUT ep=0x01 len=16 type=BULK 
	0000  08 00 00 18 01 10 ef 03  00 bc 00 10 93 1e 00 00 |................|
[5093] +176.118229 ASYNC-OUT-DONE ep=0x01 len=0 status=0 actual=16
[5094] +176.218818 ASYNC-IN-DONE ep=0x81 len=0 status=2 actual=0
[5095] +176.218888 ASYNC-IN-SUBMIT ep=0x81 len=0 type=BULK (in, awaiting data)
[5096] +176.331692 ASYNC-IN-DONE ep=0x81 len=0 status=2 actual=0
[5097] +176.331792 ASYNC-IN-SUBMIT ep=0x81 len=0 type=BULK (in, awaiting data)
[5098] +176.405802 ASYNC-IN-DONE ep=0x81 len=16 status=0 actual=16
	0000  08 00 00 18 ed 03 80 10  00 d1 00 10 f6 02 00 00 |................|
[5099] +176.405906 ASYNC-IN-SUBMIT ep=0x81 len=0 type=BULK (in, awaiting data)
[5100] +176.430005 ASYNC-OUT ep=0x01 len=16 type=BULK 
	0000  08 00 00 18 80 10 ed 03  00 ca 00 10 47 25 00 00 |............G%..|
[5101] +176.430264 ASYNC-OUT-DONE ep=0x01 len=0 status=0 actual=16
[5102] +176.506271 ASYNC-IN-DONE ep=0x81 len=0 status=2 actual=0
[5103] +176.506364 ASYNC-IN-SUBMIT ep=0x81 len=0 type=BULK (in, awaiting data)
[5104] +176.614404 ASYNC-IN-DONE ep=0x81 len=0 status=2 actual=0
[5105] +176.614453 ASYNC-IN-SUBMIT ep=0x81 len=0 type=BULK (in, awaiting data)
[5106] +176.727209 ASYNC-IN-DONE ep=0x81 len=0 status=2 actual=0
[5107] +176.727296 ASYNC-IN-SUBMIT ep=0x81 len=0 type=BULK (in, awaiting data)
[5108] +176.806825 ASYNC-IN-DONE ep=0x81 len=16 status=0 actual=16
	0000  08 00 00 18 f0 03 02 10  00 c7 00 10 09 02 00 00 |................|
[5109] +176.806970 ASYNC-IN-SUBMIT ep=0x81 len=0 type=BULK (in, awaiting data)
### MARK SNAPSHOT-cmd3
[5110] +176.917928 ASYNC-IN-DONE ep=0x81 len=0 status=2 actual=0
[5111] +176.917941 ASYNC-IN-SUBMIT ep=0x81 len=0 type=BULK (in, awaiting data)
[5112] +177.002496 ASYNC-OUT ep=0x01 len=36 type=BULK 
	0000  1b 00 00 18 80 10 ed 03  00 cb 00 04 47 25 00 00 |............G%..|
	0010  01 00 06 00 0b 00 00 00  83 66 cd 03 f5 64 58 65 |.........f...dXe|
	0020  81 5c 02 00                                      |.\..|
[5113] +177.002721 ASYNC-OUT-DONE ep=0x01 len=0 status=0 actual=36
[5114] +177.008170 ASYNC-IN-DONE ep=0x81 len=16 status=0 actual=16
	0000  08 00 00 18 ef 03 01 10  00 c3 00 10 65 02 00 00 |............e...|
[5115] +177.008215 ASYNC-IN-SUBMIT ep=0x81 len=0 type=BULK (in, awaiting data)
[5116] +177.008594 ASYNC-IN-DONE ep=0x81 len=16 status=0 actual=16
	0000  08 00 00 18 ed 03 80 10  00 d2 00 08 09 03 00 00 |................|
[5117] +177.008614 ASYNC-IN-SUBMIT ep=0x81 len=0 type=BULK (in, awaiting data)
[5118] +177.011239 ASYNC-IN-DONE ep=0x81 len=36 status=0 actual=36
	0000  19 00 00 18 ed 03 80 10  00 d3 00 04 09 03 00 00 |................|
	0010  00 00 06 00 09 00 00 00  83 66 cd 03 f5 67 00 68 |.........f...g.h|
	0020  c0 76 cd 00                                      |.v..|
[5119] +177.011272 ASYNC-IN-SUBMIT ep=0x81 len=0 type=BULK (in, awaiting data)
[5120] +177.011500 ASYNC-IN-DONE ep=0x81 len=32 status=0 actual=32
	0000  17 00 00 18 f0 03 02 10  00 c8 00 04 09 02 00 00 |................|
	0010  00 00 04 00 07 00 00 00  82 69 2a 6a 81 5c 02 68 |.........i*j.\.h|
[5121] +177.011534 ASYNC-IN-SUBMIT ep=0x81 len=0 type=BULK (in, awaiting data)
[5122] +177.011837 ASYNC-IN-DONE ep=0x81 len=32 status=0 actual=32
	0000  17 00 00 18 f0 03 02 10  00 c9 00 04 09 02 00 00 |................|
	0010  00 00 04 00 07 00 00 00  82 69 17 6a 81 17 00 68 |.........i.j...h|
[5123] +177.011857 ASYNC-IN-SUBMIT ep=0x81 len=0 type=BULK (in, awaiting data)
[5124] +177.017846 ASYNC-IN-DONE ep=0x81 len=32 status=0 actual=32
	0000  17 00 00 18 f0 03 02 10  00 ca 00 04 09 02 00 00 |................|
	0010  00 00 04 00 07 00 00 00  82 69 2e 6a 81 5c 02 68 |.........i.j.\.h|
[5125] +177.017880 ASYNC-IN-SUBMIT ep=0x81 len=0 type=BULK (in, awaiting data)
[5126] +177.053995 ASYNC-OUT ep=0x01 len=16 type=BULK 
	0000  08 00 00 18 80 10 ed 03  00 cc 00 08 58 25 00 00 |............X%..|
[5127] +177.054184 ASYNC-OUT ep=0x01 len=16 type=BULK 
	0000  08 00 00 18 02 10 f0 03  00 b3 00 18 2e 13 00 00 |................|
[5128] +177.054273 ASYNC-OUT-DONE ep=0x01 len=0 status=0 actual=16
[5129] +177.054353 ASYNC-OUT-DONE ep=0x01 len=0 status=0 actual=16
[5130] +177.130597 ASYNC-IN-DONE ep=0x81 len=0 status=2 actual=0
[5131] +177.130625 ASYNC-IN-SUBMIT ep=0x81 len=0 type=BULK (in, awaiting data)
[5132] +177.158135 ASYNC-OUT ep=0x01 len=16 type=BULK 
	0000  08 00 00 18 01 10 ef 03  00 bd 00 10 93 1e 00 00 |................|
[5133] +177.158469 ASYNC-OUT-DONE ep=0x01 len=0 status=0 actual=16
[5134] +177.237071 ASYNC-IN-DONE ep=0x81 len=0 status=2 actual=0
[5135] +177.237166 ASYNC-IN-SUBMIT ep=0x81 len=0 type=BULK (in, awaiting data)
[5136] +177.314079 ASYNC-OUT ep=0x01 len=36 type=BULK 
	0000  19 00 00 18 80 10 ed 03  00 cd 00 04 58 25 00 00 |............X%..|
	0010  01 00 06 00 09 00 00 00  83 66 cd 03 f6 64 17 65 |.........f...d.e|
	0020  c0 00 00 00                                      |....|
[5137] +177.314442 ASYNC-OUT-DONE ep=0x01 len=0 status=0 actual=36
[5138] +177.315247 ASYNC-IN-DONE ep=0x81 len=60 status=0 actual=60
	0000  34 00 00 18 ed 03 80 10  00 d4 00 04 1a 03 00 00 |4...............|
	0010  00 00 06 00 24 00 00 00  83 66 cd 03 f6 67 00 68 |....$....f...g.h|
	0020  86 6b cd 00 00 6c cd 00  07 6d a7 43 54 2d 53 61 |.k...l...m.CT-Sa|
	0030  64 00 75 c3 53 92 cd 19  e4 00 5c 02             |d.u.S.....\.|
[5139] +177.315376 ASYNC-IN-SUBMIT ep=0x81 len=0 type=BULK (in, awaiting data)
[5140] +177.366060 ASYNC-OUT ep=0x01 len=36 type=BULK 
	0000  19 00 00 18 80 10 ed 03  00 ce 00 0c 84 25 00 00 |.............%..|
	0010  01 00 06 00 09 00 00 00  83 66 cd 03 f7 64 16 65 |.........f...d.e|
	0020  c0 00 00 00                                      |....|
[5141] +177.366369 ASYNC-OUT-DONE ep=0x01 len=0 status=0 actual=36
[5142] +177.381227 ASYNC-IN-DONE ep=0x81 len=272 status=0 actual=272
	0000  08 01 00 18 ed 03 80 10  00 d5 00 04 2b 03 00 00 |............+...|
	0010  00 00 e3 28 ee 09 00 00  83 66 cd 03 f7 67 00 68 |...(.....f...g.h|
	0020  da 09 e3 a9 6c 36 2d 68  65 6c 69 78 00 da 00 30 |....l6-helix...0|
	0030  3d 00 00 00 60 00 00 00  f8 02 00 00 fa 02 00 00 |=...`...........|
	0040  05 03 00 00 11 03 00 00  01 04 00 00 2e 04 00 00 |................|
	0050  3e 00 00 00 34 04 00 00  e3 09 00 00 e3 09 00 00 |>...4...........|
	0060  89 07 83 24 a4 50 33 33  00 23 ce 03 80 00 00 25 |...$.P33.#.....%|
	0070  b2 76 33 2e 37 31 2d 33  32 2d 67 31 30 33 39 36 |.v3.71-32-g10396|
	0080  36 31 00 00 82 15 00 16  dc 00 14 82 13 00 14 82 |61..............|
	0090  05 01 07 83 02 03 03 03  04 93 c2 ca c2 40 00 00 |.............@..|
	00a0  ca 3f 00 00 00 82 13 06  14 85 18 83 17 c2 19 65 |.?.............e|
	00b0  1a ff 09 01 0a c3 0b 83  02 03 03 03 04 93 ca 3c |...............<|
	00c0  23 d7 00 ca 3e 42 8f 63  ca 3f 7a e1 48 0c 83 02 |#...>B.c.?z.H...|
	00d0  00 03 00 04 90 82 13 06  14 85 18 83 17 c2 19 cd |................|
	00e0  01 43 1a ff 09 01 0a c3  0b 83 02 06 03 06 04 96 |.C..............|
	00f0  ca c1 23 33 33 ca c0 d3  33 33 ca 00 00 00 00 ca |..#33...33......|
	0100  00 00 00 00 ca 00 00 00  00 ca 40 6c cc d1 0c 83 |..........@l....|
[5143] +177.381598 ASYNC-IN-SUBMIT ep=0x81 len=0 type=BULK (in, awaiting data)
[5144] +177.381656 ASYNC-OUT ep=0x01 len=16 type=BULK 
	0000  08 00 00 18 80 10 ed 03  00 cf 00 08 84 26 00 00 |.............&..|
[5145] +177.381775 ASYNC-IN-DONE ep=0x81 len=272 status=0 actual=272
	0000  08 01 00 18 ed 03 80 10  00 d6 00 04 2b 03 00 00 |............+...|
	0010  02 00 03 00 04 90 82 13  06 14 85 18 83 17 c3 19 |................|
	0020  12 1a 3e 09 12 0a c3 0b  83 02 0c 03 0c 04 9c ca |..>.............|
	0030  3f 6b 85 20 ca 3e a3 d7  07 ca 3f 23 d7 0a ca 3f |?k. .>....?#...?|
	0040  38 51 ec ca 3f 1e b8 52  ca 3f 63 d7 0a ca 3e 38 |8Q..?..R.?c...>8|
	0050  51 f2 ca 3e 4c cc cd ca  3e 8a 3d 71 ca 3f 00 00 |Q..>L...>.=q.?..|
	0060  00 ca 3f 19 99 9a ca 3f  19 99 9a 0c 83 02 06 03 |..?....?........|
	0070  05 04 96 ca 41 00 00 00  ca 41 9f 33 33 ca 46 1f |....A....A.33.F.|
	0080  60 00 ca 3e 75 c2 8f ca  00 00 00 00 05 82 13 06 |`..>u...........|
	0090  14 85 18 83 17 c2 19 cd  01 43 1a ff 09 01 0a c3 |.........C......|
	00a0  0b 83 02 06 03 06 04 96  ca 3f ff ff f8 ca 40 39 |.........?....@9|
	00b0  99 95 ca c0 86 66 68 ca  40 40 00 00 ca 3e cc cc |.....fh.@@...>..|
	00c0  bf ca 00 00 00 00 0c 83  02 00 03 00 04 90 82 13 |................|
	00d0  06 14 85 18 83 17 c2 19  cc 81 1a ff 09 01 0a c3 |................|
	00e0  0b 83 02 0b 03 0b 04 9b  ca c0 b9 99 9a ca c0 06 |................|
	00f0  66 62 ca 40 60 00 00 ca  c0 e0 00 00 ca c0 a3 33 |fb.@`..........3|
	0100  31 ca bf 66 66 60 ca c0  00 00 00 ca 3f b3 33 33 |1..ff`......?.33|
[5146] +177.382104 ASYNC-IN-SUBMIT ep=0x81 len=0 type=BULK (in, awaiting data)
[5147] +177.382140 ASYNC-OUT ep=0x01 len=16 type=BULK 
	0000  08 00 00 18 80 10 ed 03  00 d0 00 08 84 27 00 00 |.............'..|
[5148] +177.382224 ASYNC-OUT-DONE ep=0x01 len=0 status=0 actual=16
[5149] +177.382259 ASYNC-IN-DONE ep=0x81 len=272 status=0 actual=272
	0000  08 01 00 18 ed 03 80 10  00 d7 00 04 2b 03 00 00 |............+...|
	0010  ca c1 26 66 66 ca c1 70  00 00 ca 00 00 00 00 0c |..&ff..p........|
	0020  83 02 00 03 00 04 90 82  13 06 14 85 18 83 17 c2 |................|
	0030  19 78 1a ff 09 01 0a c3  0b 83 02 06 03 06 04 96 |.x..............|
	0040  ca 3e a8 f5 c3 ca 3f 11  eb 83 c2 ca 3d b8 51 f0 |.>....?.....=.Q.|
	0050  ca 3f 80 00 00 ca 00 00  00 00 0c 83 02 00 03 00 |.?..............|
	0060  04 90 82 13 08 14 c0 82  13 08 14 c0 82 13 01 14 |................|
	0070  82 06 01 07 83 02 02 03  02 04 92 ca 3f 00 00 00 |............?...|
	0080  ca 00 00 00 00 82 13 02  14 83 0e 82 05 00 07 83 |................|
	0090  02 00 03 00 04 90 0f 84  08 cd 01 01 0d 00 0a c3 |................|
	00a0  07 83 02 03 03 03 04 93  ca 3f 00 00 00 ca 3f 00 |.........?....?.|
	00b0  00 00 c2 12 c2 82 13 08  14 c0 82 13 08 14 c0 82 |................|
	00c0  13 08 14 c0 82 13 08 14  c0 82 13 08 14 c0 82 13 |................|
	00d0  08 14 c0 82 13 08 14 c0  82 13 08 14 c0 82 13 03 |................|
	00e0  14 83 10 82 06 00 07 83  02 00 03 00 04 90 11 84 |................|
	00f0  08 cc 97 0d 00 0a c3 07  83 02 06 03 06 04 96 ca |................|
	0100  00 00 00 00 ca 3f 00 00  00 ca 00 00 00 00 ca 3f |.....?.........?|
[5150] +177.382601 ASYNC-IN-SUBMIT ep=0x81 len=0 type=BULK (in, awaiting data)
[5151] +177.382652 ASYNC-OUT ep=0x01 len=16 type=BULK 
	0000  08 00 00 18 80 10 ed 03  00 d1 00 08 84 28 00 00 |.............(..|
[5152] +177.382741 ASYNC-OUT-DONE ep=0x01 len=0 status=0 actual=16
[5153] +177.382768 ASYNC-IN-DONE ep=0x81 len=272 status=0 actual=272
	0000  08 01 00 18 ed 03 80 10  00 d8 00 04 2b 03 00 00 |............+...|
	0010  00 00 00 c2 ca 00 00 00  00 12 c2 01 c0 03 82 07 |................|
	0020  01 08 95 c0 c0 c0 c0 c0  04 9a c0 c0 c0 c0 c0 c0 |................|
	0030  c0 c0 c0 c0 02 82 00 9d  d1 00 00 d1 00 00 d1 00 |................|
	0040  00 d1 00 00 d1 00 00 d1  00 00 d1 00 00 d1 00 00 |................|
	0050  d1 00 00 d1 00 00 d1 00  00 d1 00 00 d1 00 00 01 |................|
	0060  9d 97 cc 00 cc 00 cc 00  cc 00 cc 00 cc 00 cc 00 |................|
	0070  97 cc 00 cc 00 cc 00 cc  00 cc 00 cc 00 cc 00 97 |................|
	0080  cc 00 cc 00 cc 00 cc 00  cc 00 cc 00 cc 00 97 cc |................|
	0090  00 cc 00 cc 00 cc 00 cc  00 cc 00 cc 00 97 cc 00 |................|
	00a0  cc 00 cc 00 cc 00 cc 00  cc 00 cc 00 97 cc 00 cc |................|
	00b0  00 cc 00 cc 00 cc 00 cc  00 cc 00 97 cc 00 cc 00 |................|
	00c0  cc 00 cc 00 cc 00 cc 00  cc 00 97 cc 00 cc 00 cc |................|
	00d0  00 cc 00 cc 00 cc 00 cc  00 97 cc 00 cc 00 cc 00 |................|
	00e0  cc 00 cc 00 cc 00 cc 00  97 cc 00 cc 00 cc 00 cc |................|
	00f0  00 cc 00 cc 00 cc 00 97  cc 00 cc 00 cc 00 cc 00 |................|
	0100  cc 00 cc 00 cc 00 97 cc  00 cc 00 cc 00 cc 00 cc |................|
[5154] +177.382985 ASYNC-IN-SUBMIT ep=0x81 len=0 type=BULK (in, awaiting data)
[5155] +177.383020 ASYNC-OUT ep=0x01 len=16 type=BULK 
	0000  08 00 00 18 80 10 ed 03  00 d2 00 08 84 29 00 00 |.............)..|
[5156] +177.383078 ASYNC-OUT-DONE ep=0x01 len=0 status=0 actual=16
[5157] +177.383162 ASYNC-OUT-DONE ep=0x01 len=0 status=0 actual=16
[5158] +177.383812 ASYNC-IN-DONE ep=0x81 len=272 status=0 actual=272
	0000  08 01 00 18 ed 03 80 10  00 d9 00 04 2b 03 00 00 |............+...|
	0010  00 cc 00 cc 00 97 cc 00  cc 00 cc 00 cc 00 cc 00 |................|
	0020  cc 00 cc 00 05 8f 10 ca  42 f0 00 00 2d 00 2e ca |........B...-...|
	0030  bd cc cc d0 2f ca bd cc  cc d0 30 00 31 c3 32 00 |..../.....0.1.2.|
	0040  33 00 34 00 35 00 36 00  37 00 38 c3 1e 00 cc 86 |3.4.5.6.7.8.....|
	0050  00 06 82 62 03 1a 00 0a  86 06 02 07 00 08 00 09 |...b............|
	0060  14 0a 93 88 00 c3 01 9b  93 0d c2 97 00 00 00 00 |................|
	0070  00 00 00 93 0d c2 97 00  00 00 00 00 00 00 93 0d |................|
	0080  c2 97 00 00 00 00 00 00  00 93 0d c2 97 00 00 00 |................|
	0090  00 00 00 00 93 0d c2 97  00 00 00 00 00 00 00 93 |................|
	00a0  0d c2 97 00 00 00 00 00  00 00 93 0d c2 97 00 00 |................|
	00b0  00 00 00 00 00 93 0d c2  97 00 00 00 00 00 00 00 |................|
	00c0  93 0d c2 97 00 00 00 00  00 00 00 93 0d c2 97 00 |................|
	00d0  00 00 00 00 00 00 93 0d  c2 97 00 00 00 00 00 00 |................|
	00e0  00 02 dc 00 40 93 c2 40  c0 93 c2 40 c0 93 c2 40 |....@..@...@...@|
	00f0  c0 93 c2 40 c0 93 c2 40  c0 93 c2 40 c0 93 c2 40 |...@...@...@...@|
	0100  c0 93 c2 40 c0 93 c2 40  c0 93 c2 40 c0 93 c2 40 |...@...@...@...@|
[5159] +177.384028 ASYNC-IN-SUBMIT ep=0x81 len=0 type=BULK (in, awaiting data)
[5160] +177.384058 ASYNC-OUT ep=0x01 len=16 type=BULK 
	0000  08 00 00 18 80 10 ed 03  00 d3 00 08 84 2a 00 00 |.............*..|
[5161] +177.384175 ASYNC-OUT-DONE ep=0x01 len=0 status=0 actual=16
[5162] +177.384258 ASYNC-IN-DONE ep=0x81 len=272 status=0 actual=272
	0000  08 01 00 18 ed 03 80 10  00 da 00 04 2b 03 00 00 |............+...|
	0010  c0 93 c2 40 c0 93 c2 40  c0 93 c2 40 c0 93 c2 40 |...@...@...@...@|
	0020  c0 93 c2 40 c0 93 c2 40  c0 93 c2 40 c0 93 c2 40 |...@...@...@...@|
	0030  c0 93 c2 40 c0 93 c2 40  c0 93 c2 40 c0 93 c2 40 |...@...@...@...@|
	0040  c0 93 c2 40 c0 93 c2 40  c0 93 c2 40 c0 93 c2 40 |...@...@...@...@|
	0050  c0 93 c2 40 c0 93 c2 40  c0 93 c2 40 c0 93 c2 40 |...@...@...@...@|
	0060  c0 93 c2 40 c0 93 c2 40  c0 93 c2 40 c0 93 c2 40 |...@...@...@...@|
	0070  c0 93 c2 40 c0 93 c2 40  c0 93 c2 40 c0 93 c2 40 |...@...@...@...@|
	0080  c0 93 c2 40 c0 93 c2 40  c0 93 c2 40 c0 93 c2 40 |...@...@...@...@|
	0090  c0 93 c2 40 c0 93 c2 40  c0 93 c2 40 c0 93 c2 40 |...@...@...@...@|
	00a0  c0 93 c2 40 c0 93 c2 40  c0 93 c2 40 c0 93 c2 40 |...@...@...@...@|
	00b0  c0 93 c2 40 c0 93 c2 40  c0 93 c2 40 c0 93 c2 40 |...@...@...@...@|
	00c0  c0 93 c2 40 c0 93 c2 40  c0 93 c2 40 c0 93 c2 40 |...@...@...@...@|
	00d0  c0 93 c2 40 c0 93 c2 40  c0 93 c2 40 c0 93 c2 40 |...@...@...@...@|
	00e0  c0 93 c2 40 c0 03 dc 00  14 92 c2 c2 92 c2 c3 92 |...@............|
	00f0  c2 c3 92 c2 c3 92 c2 c3  92 c2 c3 92 c2 c3 92 c2 |................|
	0100  c3 92 c2 c3 92 c2 c2 92  c2 c3 92 c2 c3 92 c2 c3 |................|
[5163] +177.384451 ASYNC-IN-SUBMIT ep=0x81 len=0 type=BULK (in, awaiting data)
[5164] +177.384480 ASYNC-OUT ep=0x01 len=16 type=BULK 
	0000  08 00 00 18 80 10 ed 03  00 d4 00 08 84 2b 00 00 |.............+..|
[5165] +177.384599 ASYNC-OUT-DONE ep=0x01 len=0 status=0 actual=16
[5166] +177.384819 ASYNC-IN-DONE ep=0x81 len=272 status=0 actual=272
	0000  08 01 00 18 ed 03 80 10  00 db 00 04 2b 03 00 00 |............+...|
	0010  92 c2 c3 92 c2 c3 92 c2  c3 92 c2 c3 92 c2 c3 92 |................|
	0020  c2 c3 92 c2 c2 04 ab 53  4e 41 50 53 48 4f 54 20 |.......SNAPSHOT |
	0030  31 00 0e c2 05 ca 42 f0  00 00 0c 00 88 00 c3 01 |1.....B.........|
	0040  9b 93 0d c2 97 00 00 00  00 00 00 00 93 0d c2 97 |................|
	0050  00 00 00 00 00 00 00 93  0d c2 97 00 00 00 00 00 |................|
	0060  00 00 93 0d c2 97 00 00  00 00 00 00 00 93 0d c2 |................|
	0070  97 00 00 00 00 00 00 00  93 0d c2 97 00 00 00 00 |................|
	0080  00 00 00 93 0d c2 97 00  00 00 00 00 00 00 93 0d |................|
	0090  c2 97 00 00 00 00 00 00  00 93 0d c2 97 00 00 00 |................|
	00a0  00 00 00 00 93 0d c2 97  00 00 00 00 00 00 00 93 |................|
	00b0  0d c2 97 00 00 00 00 00  00 00 02 dc 00 40 93 c2 |.............@..|
	00c0  40 c0 93 c2 40 c0 93 c2  40 c0 93 c2 40 c0 93 c2 |@...@...@...@...|
	00d0  40 c0 93 c2 40 c0 93 c2  40 c0 93 c2 40 c0 93 c2 |@...@...@...@...|
	00e0  40 c0 93 c2 40 c0 93 c2  40 c0 93 c2 40 c0 93 c2 |@...@...@...@...|
	00f0  40 c0 93 c2 40 c0 93 c2  40 c0 93 c2 40 c0 93 c2 |@...@...@...@...|
	0100  40 c0 93 c2 40 c0 93 c2  40 c0 93 c2 40 c0 93 c2 |@...@...@...@...|
[5167] +177.385029 ASYNC-IN-SUBMIT ep=0x81 len=0 type=BULK (in, awaiting data)
[5168] +177.385058 ASYNC-OUT ep=0x01 len=16 type=BULK 
	0000  08 00 00 18 80 10 ed 03  00 d5 00 08 84 2c 00 00 |.............,..|
[5169] +177.385196 ASYNC-OUT-DONE ep=0x01 len=0 status=0 actual=16
[5170] +177.385390 ASYNC-IN-DONE ep=0x81 len=272 status=0 actual=272
	0000  08 01 00 18 ed 03 80 10  00 dc 00 04 2b 03 00 00 |............+...|
	0010  40 c0 93 c2 40 c0 93 c2  40 c0 93 c2 40 c0 93 c2 |@...@...@...@...|
	0020  40 c0 93 c2 40 c0 93 c2  40 c0 93 c2 40 c0 93 c2 |@...@...@...@...|
	0030  40 c0 93 c2 40 c0 93 c2  40 c0 93 c2 40 c0 93 c2 |@...@...@...@...|
	0040  40 c0 93 c2 40 c0 93 c2  40 c0 93 c2 40 c0 93 c2 |@...@...@...@...|
	0050  40 c0 93 c2 40 c0 93 c2  40 c0 93 c2 40 c0 93 c2 |@...@...@...@...|
	0060  40 c0 93 c2 40 c0 93 c2  40 c0 93 c2 40 c0 93 c2 |@...@...@...@...|
	0070  40 c0 93 c2 40 c0 93 c2  40 c0 93 c2 40 c0 93 c2 |@...@...@...@...|
	0080  40 c0 93 c2 40 c0 93 c2  40 c0 93 c2 40 c0 93 c2 |@...@...@...@...|
	0090  40 c0 93 c2 40 c0 93 c2  40 c0 93 c2 40 c0 93 c2 |@...@...@...@...|
	00a0  40 c0 93 c2 40 c0 93 c2  40 c0 93 c2 40 c0 93 c2 |@...@...@...@...|
	00b0  40 c0 93 c2 40 c0 93 c2  40 c0 93 c2 40 c0 03 dc |@...@...@...@...|
	00c0  00 14 92 c2 c2 92 c2 c3  92 c2 c3 92 c2 c3 92 c2 |................|
	00d0  c3 92 c2 c3 92 c2 c3 92  c2 c3 92 c2 c3 92 c2 c2 |................|
	00e0  92 c2 c3 92 c2 c3 92 c2  c3 92 c2 c3 92 c2 c3 92 |................|
	00f0  c2 c3 92 c2 c3 92 c2 c3  92 c2 c3 92 c2 c2 04 ab |................|
	0100  53 4e 41 50 53 48 4f 54  20 32 00 0e c2 05 ca 42 |SNAPSHOT 2.....B|
[5171] +177.385572 ASYNC-IN-SUBMIT ep=0x81 len=0 type=BULK (in, awaiting data)
[5172] +177.385596 ASYNC-OUT ep=0x01 len=16 type=BULK 
	0000  08 00 00 18 80 10 ed 03  00 d6 00 08 84 2d 00 00 |.............-..|
[5173] +177.385706 ASYNC-OUT-DONE ep=0x01 len=0 status=0 actual=16
[5174] +177.385973 ASYNC-IN-DONE ep=0x81 len=272 status=0 actual=272
	0000  08 01 00 18 ed 03 80 10  00 dd 00 04 2b 03 00 00 |............+...|
	0010  f0 00 00 0c 00 88 00 c3  01 9b 93 0d c2 97 00 00 |................|
	0020  00 00 00 00 00 93 0d c2  97 00 00 00 00 00 00 00 |................|
	0030  93 0d c2 97 00 00 00 00  00 00 00 93 0d c2 97 00 |................|
	0040  00 00 00 00 00 00 93 0d  c2 97 00 00 00 00 00 00 |................|
	0050  00 93 0d c2 97 00 00 00  00 00 00 00 93 0d c2 97 |................|
	0060  00 00 00 00 00 00 00 93  0d c2 97 00 00 00 00 00 |................|
	0070  00 00 93 0d c2 97 00 00  00 00 00 00 00 93 0d c2 |................|
	0080  97 00 00 00 00 00 00 00  93 0d c2 97 00 00 00 00 |................|
	0090  00 00 00 02 dc 00 40 93  c2 40 c0 93 c2 40 c0 93 |......@..@...@..|
	00a0  c2 40 c0 93 c2 40 c0 93  c2 40 c0 93 c2 40 c0 93 |.@...@...@...@..|
	00b0  c2 40 c0 93 c2 40 c0 93  c2 40 c0 93 c2 40 c0 93 |.@...@...@...@..|
	00c0  c2 40 c0 93 c2 40 c0 93  c2 40 c0 93 c2 40 c0 93 |.@...@...@...@..|
	00d0  c2 40 c0 93 c2 40 c0 93  c2 40 c0 93 c2 40 c0 93 |.@...@...@...@..|
	00e0  c2 40 c0 93 c2 40 c0 93  c2 40 c0 93 c2 40 c0 93 |.@...@...@...@..|
	00f0  c2 40 c0 93 c2 40 c0 93  c2 40 c0 93 c2 40 c0 93 |.@...@...@...@..|
	0100  c2 40 c0 93 c2 40 c0 93  c2 40 c0 93 c2 40 c0 93 |.@...@...@...@..|
[5175] +177.386131 ASYNC-IN-SUBMIT ep=0x81 len=0 type=BULK (in, awaiting data)
[5176] +177.386150 ASYNC-OUT ep=0x01 len=16 type=BULK 
	0000  08 00 00 18 80 10 ed 03  00 d7 00 08 84 2e 00 00 |................|
[5177] +177.386254 ASYNC-OUT-DONE ep=0x01 len=0 status=0 actual=16
[5178] +177.386566 ASYNC-IN-DONE ep=0x81 len=264 status=0 actual=264
	0000  fe 00 00 18 ed 03 80 10  00 de 00 04 2b 03 00 00 |............+...|
	0010  c2 40 c0 93 c2 40 c0 93  c2 40 c0 93 c2 40 c0 93 |.@...@...@...@..|
	0020  c2 40 c0 93 c2 40 c0 93  c2 40 c0 93 c2 40 c0 93 |.@...@...@...@..|
	0030  c2 40 c0 93 c2 40 c0 93  c2 40 c0 93 c2 40 c0 93 |.@...@...@...@..|
	0040  c2 40 c0 93 c2 40 c0 93  c2 40 c0 93 c2 40 c0 93 |.@...@...@...@..|
	0050  c2 40 c0 93 c2 40 c0 93  c2 40 c0 93 c2 40 c0 93 |.@...@...@...@..|
	0060  c2 40 c0 93 c2 40 c0 93  c2 40 c0 93 c2 40 c0 93 |.@...@...@...@..|
	0070  c2 40 c0 93 c2 40 c0 93  c2 40 c0 93 c2 40 c0 93 |.@...@...@...@..|
	0080  c2 40 c0 93 c2 40 c0 93  c2 40 c0 93 c2 40 c0 93 |.@...@...@...@..|
	0090  c2 40 c0 93 c2 40 c0 03  dc 00 14 92 c2 c2 92 c2 |.@...@..........|
	00a0  c3 92 c2 c3 92 c2 c3 92  c2 c3 92 c2 c3 92 c2 c3 |................|
	00b0  92 c2 c3 92 c2 c3 92 c2  c2 92 c2 c3 92 c2 c3 92 |................|
	00c0  c2 c3 92 c2 c3 92 c2 c3  92 c2 c3 92 c2 c3 92 c2 |................|
	00d0  c3 92 c2 c3 92 c2 c2 04  ab 53 4e 41 50 53 48 4f |.........SNAPSHO|
	00e0  54 20 33 00 0e c2 05 ca  42 f0 00 00 0c 00 0d dc |T 3.....B.......|
	00f0  00 14 c3 c3 c3 c3 c3 c3  c3 c3 c3 c3 c3 c3 c3 c3 |................|
	0100  c3 c3 c3 c3 c3 c3 c0 93                          |........|
[5179] +177.386734 ASYNC-IN-SUBMIT ep=0x81 len=0 type=BULK (in, awaiting data)
[5180] +177.409235 ASYNC-IN-DONE ep=0x81 len=16 status=0 actual=16
	0000  08 00 00 18 ed 03 80 10  00 df 00 08 2b 03 00 00 |............+...|
[5181] +177.409347 ASYNC-IN-SUBMIT ep=0x81 len=0 type=BULK (in, awaiting data)
[5182] +177.417221 ASYNC-OUT ep=0x01 len=36 type=BULK 
	0000  1b 00 00 18 80 10 ed 03  00 d8 00 0c 7a 2f 00 00 |............z/..|
	0010  01 00 06 00 0b 00 00 00  83 66 cd 03 f8 64 18 65 |.........f...d.e|
	0020  81 76 49 00                                      |.vI.|
[5183] +177.417466 ASYNC-OUT-DONE ep=0x01 len=0 status=0 actual=36
[5184] +177.422924 ASYNC-IN-DONE ep=0x81 len=40 status=0 actual=40
	0000  1f 00 00 18 ed 03 80 10  00 e0 00 04 3e 03 00 00 |............>...|
	0010  00 00 06 00 0f 00 00 00  83 66 cd 03 f8 67 00 68 |.........f...g.h|
	0020  82 76 cd 00 49 77 00 93                          |.v..Iw..|
[5185] +177.423020 ASYNC-IN-SUBMIT ep=0x81 len=0 type=BULK (in, awaiting data)
[5186] +177.469324 ASYNC-OUT ep=0x01 len=16 type=BULK 
	0000  08 00 00 18 80 10 ed 03  00 d9 00 08 91 2f 00 00 |............./..|
[5187] +177.469678 ASYNC-OUT-DONE ep=0x01 len=0 status=0 actual=16
[5188] +177.528827 ASYNC-IN-DONE ep=0x81 len=0 status=2 actual=0
[5189] +177.528859 ASYNC-IN-SUBMIT ep=0x81 len=0 type=BULK (in, awaiting data)
[5190] +177.609664 ASYNC-IN-DONE ep=0x81 len=16 status=0 actual=16
	0000  08 00 00 18 ed 03 80 10  00 e1 00 08 3e 03 00 00 |............>...|
[5191] +177.609738 ASYNC-IN-SUBMIT ep=0x81 len=0 type=BULK (in, awaiting data)
[5192] +177.718259 ASYNC-IN-DONE ep=0x81 len=0 status=2 actual=0
[5193] +177.718346 ASYNC-IN-SUBMIT ep=0x81 len=0 type=BULK (in, awaiting data)
[5194] +177.831166 ASYNC-IN-DONE ep=0x81 len=0 status=2 actual=0
[5195] +177.831244 ASYNC-IN-SUBMIT ep=0x81 len=0 type=BULK (in, awaiting data)
[5196] +177.940316 ASYNC-IN-DONE ep=0x81 len=0 status=2 actual=0
[5197] +177.940404 ASYNC-IN-SUBMIT ep=0x81 len=0 type=BULK (in, awaiting data)
[5198] +178.010174 ASYNC-IN-DONE ep=0x81 len=16 status=0 actual=16
	0000  08 00 00 18 ef 03 01 10  00 c4 00 10 65 02 00 00 |............e...|
[5199] +178.010284 ASYNC-IN-SUBMIT ep=0x81 len=0 type=BULK (in, awaiting data)
[5200] +178.010452 ASYNC-IN-DONE ep=0x81 len=16 status=0 actual=16
	0000  08 00 00 18 f0 03 02 10  00 cb 00 10 09 02 00 00 |................|
[5201] +178.010511 ASYNC-IN-SUBMIT ep=0x81 len=0 type=BULK (in, awaiting data)
[5202] +178.090183 ASYNC-OUT ep=0x01 len=16 type=BULK 
	0000  08 00 00 18 02 10 f0 03  00 b4 00 10 2e 13 00 00 |................|
[5203] +178.090509 ASYNC-OUT-DONE ep=0x01 len=0 status=0 actual=16
[5204] +178.112316 ASYNC-IN-DONE ep=0x81 len=0 status=2 actual=0
[5205] +178.112377 ASYNC-IN-SUBMIT ep=0x81 len=0 type=BULK (in, awaiting data)
[5206] +178.194303 ASYNC-OUT ep=0x01 len=16 type=BULK 
	0000  08 00 00 18 01 10 ef 03  00 be 00 10 93 1e 00 00 |................|
[5207] +178.194647 ASYNC-OUT-DONE ep=0x01 len=0 status=0 actual=16
[5208] +178.222787 ASYNC-IN-DONE ep=0x81 len=0 status=2 actual=0
[5209] +178.222865 ASYNC-IN-SUBMIT ep=0x81 len=0 type=BULK (in, awaiting data)
[5210] +178.324626 ASYNC-IN-DONE ep=0x81 len=0 status=2 actual=0
[5211] +178.324711 ASYNC-IN-SUBMIT ep=0x81 len=0 type=BULK (in, awaiting data)
[5212] +178.425311 ASYNC-IN-DONE ep=0x81 len=0 status=2 actual=0
[5213] +178.425373 ASYNC-IN-SUBMIT ep=0x81 len=0 type=BULK (in, awaiting data)
[5214] +178.505781 ASYNC-OUT ep=0x01 len=16 type=BULK 
	0000  08 00 00 18 80 10 ed 03  00 da 00 10 91 2f 00 00 |............./..|
[5215] +178.506048 ASYNC-OUT-DONE ep=0x01 len=0 status=0 actual=16
[5216] +178.526672 ASYNC-IN-DONE ep=0x81 len=0 status=2 actual=0
[5217] +178.526751 ASYNC-IN-SUBMIT ep=0x81 len=0 type=BULK (in, awaiting data)
[5218] +178.613013 ASYNC-IN-DONE ep=0x81 len=16 status=0 actual=16
	0000  08 00 00 18 ed 03 80 10  00 e2 00 10 3e 03 00 00 |............>...|
[5219] +178.613080 ASYNC-IN-SUBMIT ep=0x81 len=0 type=BULK (in, awaiting data)
[5220] +178.722746 ASYNC-IN-DONE ep=0x81 len=0 status=2 actual=0
[5221] +178.722822 ASYNC-IN-SUBMIT ep=0x81 len=0 type=BULK (in, awaiting data)
[5222] +178.830645 ASYNC-IN-DONE ep=0x81 len=0 status=2 actual=0
[5223] +178.830759 ASYNC-IN-SUBMIT ep=0x81 len=0 type=BULK (in, awaiting data)
[5224] +178.942341 ASYNC-IN-DONE ep=0x81 len=0 status=2 actual=0
[5225] +178.942396 ASYNC-IN-SUBMIT ep=0x81 len=0 type=BULK (in, awaiting data)
[5226] +179.013812 ASYNC-IN-DONE ep=0x81 len=16 status=0 actual=16
	0000  08 00 00 18 ef 03 01 10  00 c5 00 10 65 02 00 00 |............e...|
[5227] +179.013946 ASYNC-IN-SUBMIT ep=0x81 len=0 type=BULK (in, awaiting data)
[5228] +179.014155 ASYNC-IN-DONE ep=0x81 len=16 status=0 actual=16
	0000  08 00 00 18 f0 03 02 10  00 cc 00 10 09 02 00 00 |................|
[5229] +179.014235 ASYNC-IN-SUBMIT ep=0x81 len=0 type=BULK (in, awaiting data)
[5230] +179.122696 ASYNC-IN-DONE ep=0x81 len=0 status=2 actual=0
[5231] +179.122767 ASYNC-IN-SUBMIT ep=0x81 len=0 type=BULK (in, awaiting data)
[5232] +179.127652 ASYNC-OUT ep=0x01 len=16 type=BULK 
	0000  08 00 00 18 02 10 f0 03  00 b5 00 10 2e 13 00 00 |................|
[5233] +179.127949 ASYNC-OUT-DONE ep=0x01 len=0 status=0 actual=16
[5234] +179.230784 ASYNC-OUT ep=0x01 len=16 type=BULK 
	0000  08 00 00 18 01 10 ef 03  00 bf 00 10 93 1e 00 00 |................|
[5235] +179.231113 ASYNC-OUT-DONE ep=0x01 len=0 status=0 actual=16
[5236] +179.235503 ASYNC-IN-DONE ep=0x81 len=0 status=2 actual=0
[5237] +179.235543 ASYNC-IN-SUBMIT ep=0x81 len=0 type=BULK (in, awaiting data)
[5238] +179.344816 ASYNC-IN-DONE ep=0x81 len=0 status=2 actual=0
[5239] +179.344909 ASYNC-IN-SUBMIT ep=0x81 len=0 type=BULK (in, awaiting data)
[5240] +179.455970 ASYNC-IN-DONE ep=0x81 len=0 status=2 actual=0
[5241] +179.456064 ASYNC-IN-SUBMIT ep=0x81 len=0 type=BULK (in, awaiting data)
[5242] +179.542288 ASYNC-OUT ep=0x01 len=16 type=BULK 
	0000  08 00 00 18 80 10 ed 03  00 db 00 10 91 2f 00 00 |............./..|
[5243] +179.542590 ASYNC-OUT-DONE ep=0x01 len=0 status=0 actual=16
[5244] +179.564641 ASYNC-IN-DONE ep=0x81 len=0 status=2 actual=0
[5245] +179.564706 ASYNC-IN-SUBMIT ep=0x81 len=0 type=BULK (in, awaiting data)
[5246] +179.616712 ASYNC-IN-DONE ep=0x81 len=16 status=0 actual=16
	0000  08 00 00 18 ed 03 80 10  00 e3 00 10 3e 03 00 00 |............>...|
[5247] +179.616798 ASYNC-IN-SUBMIT ep=0x81 len=0 type=BULK (in, awaiting data)
[5248] +179.725739 ASYNC-IN-DONE ep=0x81 len=0 status=2 actual=0
[5249] +179.725814 ASYNC-IN-SUBMIT ep=0x81 len=0 type=BULK (in, awaiting data)
[5250] +179.828643 ASYNC-IN-DONE ep=0x81 len=0 status=2 actual=0
[5251] +179.828702 ASYNC-IN-SUBMIT ep=0x81 len=0 type=BULK (in, awaiting data)
[5252] +179.936394 ASYNC-IN-DONE ep=0x81 len=0 status=2 actual=0
[5253] +179.936485 ASYNC-IN-SUBMIT ep=0x81 len=0 type=BULK (in, awaiting data)
### MARK SNAPSHOT-cmd1
[5254] +180.017543 ASYNC-IN-DONE ep=0x81 len=16 status=0 actual=16
	0000  08 00 00 18 ef 03 01 10  00 c6 00 10 65 02 00 00 |............e...|
[5255] +180.017569 ASYNC-IN-SUBMIT ep=0x81 len=0 type=BULK (in, awaiting data)
[5256] +180.017703 ASYNC-IN-DONE ep=0x81 len=16 status=0 actual=16
	0000  08 00 00 18 f0 03 02 10  00 cd 00 10 09 02 00 00 |................|
[5257] +180.017720 ASYNC-IN-SUBMIT ep=0x81 len=0 type=BULK (in, awaiting data)
[5258] +180.114227 ASYNC-OUT ep=0x01 len=36 type=BULK 
	0000  1b 00 00 18 80 10 ed 03  00 dc 00 04 91 2f 00 00 |............./..|
	0010  01 00 06 00 0b 00 00 00  83 66 cd 03 f9 64 58 65 |.........f...dXe|
	0020  81 5c 00 00                                      |.\..|
[5259] +180.114518 ASYNC-OUT-DONE ep=0x01 len=0 status=0 actual=36
[5260] +180.121540 ASYNC-IN-DONE ep=0x81 len=36 status=0 actual=36
	0000  19 00 00 18 ed 03 80 10  00 e4 00 04 51 03 00 00 |............Q...|
	0010  00 00 06 00 09 00 00 00  83 66 cd 03 f9 67 00 68 |.........f...g.h|
	0020  c0 76 cd 00                                      |.v..|
[5261] +180.121593 ASYNC-IN-SUBMIT ep=0x81 len=0 type=BULK (in, awaiting data)
[5262] +180.121777 ASYNC-IN-DONE ep=0x81 len=32 status=0 actual=32
	0000  17 00 00 18 f0 03 02 10  00 ce 00 04 09 02 00 00 |................|
	0010  00 00 04 00 07 00 00 00  82 69 2a 6a 81 5c 00 68 |.........i*j.\.h|
[5263] +180.121799 ASYNC-IN-SUBMIT ep=0x81 len=0 type=BULK (in, awaiting data)
[5264] +180.122108 ASYNC-IN-DONE ep=0x81 len=32 status=0 actual=32
	0000  17 00 00 18 f0 03 02 10  00 cf 00 04 09 02 00 00 |................|
	0010  00 00 04 00 07 00 00 00  82 69 17 6a 81 17 00 68 |.........i.j...h|
[5265] +180.122127 ASYNC-IN-SUBMIT ep=0x81 len=0 type=BULK (in, awaiting data)
[5266] +180.128649 ASYNC-IN-DONE ep=0x81 len=32 status=0 actual=32
	0000  17 00 00 18 f0 03 02 10  00 d0 00 04 09 02 00 00 |................|
	0010  00 00 04 00 07 00 00 00  82 69 2e 6a 81 5c 00 68 |.........i.j.\.h|
[5267] +180.128673 ASYNC-IN-SUBMIT ep=0x81 len=0 type=BULK (in, awaiting data)
[5268] +180.166333 ASYNC-OUT ep=0x01 len=16 type=BULK 
	0000  08 00 00 18 80 10 ed 03  00 dd 00 08 a2 2f 00 00 |............./..|
[5269] +180.166564 ASYNC-OUT ep=0x01 len=16 type=BULK 
	0000  08 00 00 18 02 10 f0 03  00 b6 00 18 5b 13 00 00 |............[...|
[5270] +180.166629 ASYNC-OUT-DONE ep=0x01 len=0 status=0 actual=16
[5271] +180.166709 ASYNC-OUT-DONE ep=0x01 len=0 status=0 actual=16
[5272] +180.217983 ASYNC-IN-DONE ep=0x81 len=16 status=0 actual=16
	0000  08 00 00 18 ed 03 80 10  00 e5 00 08 51 03 00 00 |............Q...|
[5273] +180.218017 ASYNC-IN-SUBMIT ep=0x81 len=0 type=BULK (in, awaiting data)
[5274] +180.269811 ASYNC-OUT ep=0x01 len=16 type=BULK 
	0000  08 00 00 18 01 10 ef 03  00 c0 00 10 93 1e 00 00 |................|
[5275] +180.270151 ASYNC-OUT-DONE ep=0x01 len=0 status=0 actual=16
[5276] +180.330841 ASYNC-IN-DONE ep=0x81 len=0 status=2 actual=0
[5277] +180.330933 ASYNC-IN-SUBMIT ep=0x81 len=0 type=BULK (in, awaiting data)
[5278] +180.425206 ASYNC-OUT ep=0x01 len=36 type=BULK 
	0000  19 00 00 18 80 10 ed 03  00 de 00 04 a2 2f 00 00 |............./..|
	0010  01 00 06 00 09 00 00 00  83 66 cd 03 fa 64 17 65 |.........f...d.e|
	0020  c0 00 00 00                                      |....|
[5279] +180.425567 ASYNC-OUT-DONE ep=0x01 len=0 status=0 actual=36
[5280] +180.426394 ASYNC-IN-DONE ep=0x81 len=60 status=0 actual=60
	0000  34 00 00 18 ed 03 80 10  00 e6 00 04 62 03 00 00 |4...........b...|
	0010  00 00 06 00 24 00 00 00  83 66 cd 03 fa 67 00 68 |....$....f...g.h|
	0020  86 6b cd 00 00 6c cd 00  07 6d a7 43 54 2d 53 61 |.k...l...m.CT-Sa|
	0030  64 00 75 c3 53 92 cd 19  e4 00 5c 00             |d.u.S.....\.|
[5281] +180.426525 ASYNC-IN-SUBMIT ep=0x81 len=0 type=BULK (in, awaiting data)
[5282] +180.477272 ASYNC-OUT ep=0x01 len=36 type=BULK 
	0000  19 00 00 18 80 10 ed 03  00 df 00 0c ce 2f 00 00 |............./..|
	0010  01 00 06 00 09 00 00 00  83 66 cd 03 fb 64 16 65 |.........f...d.e|
	0020  c0 00 00 00                                      |....|
[5283] +180.477652 ASYNC-OUT-DONE ep=0x01 len=0 status=0 actual=36
[5284] +180.492875 ASYNC-IN-DONE ep=0x81 len=272 status=0 actual=272
	0000  08 01 00 18 ed 03 80 10  00 e7 00 04 73 03 00 00 |............s...|
	0010  00 00 e3 00 ee 09 00 00  83 66 cd 03 fb 67 00 68 |.........f...g.h|
	0020  da 09 e3 a9 6c 36 2d 68  65 6c 69 78 00 da 00 30 |....l6-helix...0|
	0030  3d 00 00 00 60 00 00 00  f8 02 00 00 fa 02 00 00 |=...`...........|
	0040  05 03 00 00 11 03 00 00  01 04 00 00 2e 04 00 00 |................|
	0050  3e 00 00 00 34 04 00 00  e3 09 00 00 e3 09 00 00 |>...4...........|
	0060  89 07 83 24 a4 50 33 33  00 23 ce 03 80 00 00 25 |...$.P33.#.....%|
	0070  b2 76 33 2e 37 31 2d 33  32 2d 67 31 30 33 39 36 |.v3.71-32-g10396|
	0080  36 31 00 00 82 15 00 16  dc 00 14 82 13 00 14 82 |61..............|
	0090  05 01 07 83 02 03 03 03  04 93 c2 ca c2 40 00 00 |.............@..|
	00a0  ca 3f 00 00 00 82 13 06  14 85 18 83 17 c2 19 65 |.?.............e|
	00b0  1a ff 09 01 0a c3 0b 83  02 03 03 03 04 93 ca 3c |...............<|
	00c0  23 d7 00 ca 3e 42 8f 63  ca 3f 7a e1 48 0c 83 02 |#...>B.c.?z.H...|
	00d0  00 03 00 04 90 82 13 06  14 85 18 83 17 c2 19 cd |................|
	00e0  01 43 1a ff 09 01 0a c3  0b 83 02 06 03 06 04 96 |.C..............|
	00f0  ca c1 23 33 33 ca c0 d3  33 33 ca 00 00 00 00 ca |..#33...33......|
	0100  00 00 00 00 ca 00 00 00  00 ca 40 6c cc d1 0c 83 |..........@l....|
[5285] +180.493108 ASYNC-IN-SUBMIT ep=0x81 len=0 type=BULK (in, awaiting data)
[5286] +180.493148 ASYNC-OUT ep=0x01 len=16 type=BULK 
	0000  08 00 00 18 80 10 ed 03  00 e0 00 08 ce 30 00 00 |.............0..|
[5287] +180.493269 ASYNC-IN-DONE ep=0x81 len=272 status=0 actual=272
	0000  08 01 00 18 ed 03 80 10  00 e8 00 04 73 03 00 00 |............s...|
	0010  02 00 03 00 04 90 82 13  06 14 85 18 83 17 c3 19 |................|
	0020  12 1a 3e 09 12 0a c3 0b  83 02 0c 03 0c 04 9c ca |..>.............|
	0030  3f 6b 85 20 ca 3e a3 d7  07 ca 3f 23 d7 0a ca 3f |?k. .>....?#...?|
	0040  38 51 ec ca 3f 1e b8 52  ca 3f 63 d7 0a ca 3e 38 |8Q..?..R.?c...>8|
	0050  51 f2 ca 3e 4c cc cd ca  3e 8a 3d 71 ca 3f 00 00 |Q..>L...>.=q.?..|
	0060  00 ca 3f 19 99 9a ca 3f  19 99 9a 0c 83 02 06 03 |..?....?........|
	0070  05 04 96 ca 41 00 00 00  ca 41 9f 33 33 ca 46 1f |....A....A.33.F.|
	0080  60 00 ca 3e 75 c2 8f ca  00 00 00 00 05 82 13 06 |`..>u...........|
	0090  14 85 18 83 17 c2 19 cd  01 43 1a ff 09 01 0a c3 |.........C......|
	00a0  0b 83 02 06 03 06 04 96  ca 3f ff ff f8 ca 40 39 |.........?....@9|
	00b0  99 95 ca c0 86 66 68 ca  40 40 00 00 ca 3e cc cc |.....fh.@@...>..|
	00c0  bf ca 00 00 00 00 0c 83  02 00 03 00 04 90 82 13 |................|
	00d0  06 14 85 18 83 17 c2 19  cc 81 1a ff 09 01 0a c3 |................|
	00e0  0b 83 02 0b 03 0b 04 9b  ca c0 b9 99 9a ca c0 06 |................|
	00f0  66 62 ca 40 60 00 00 ca  c0 e0 00 00 ca c0 a3 33 |fb.@`..........3|
	0100  31 ca bf 66 66 60 ca c0  00 00 00 ca 3f b3 33 33 |1..ff`......?.33|
[5288] +180.493471 ASYNC-IN-SUBMIT ep=0x81 len=0 type=BULK (in, awaiting data)
[5289] +180.493490 ASYNC-OUT ep=0x01 len=16 type=BULK 
	0000  08 00 00 18 80 10 ed 03  00 e1 00 08 ce 31 00 00 |.............1..|
[5290] +180.493525 ASYNC-OUT-DONE ep=0x01 len=0 status=0 actual=16
[5291] +180.493581 ASYNC-IN-DONE ep=0x81 len=272 status=0 actual=272
	0000  08 01 00 18 ed 03 80 10  00 e9 00 04 73 03 00 00 |............s...|
	0010  ca c1 26 66 66 ca c1 70  00 00 ca 00 00 00 00 0c |..&ff..p........|
	0020  83 02 00 03 00 04 90 82  13 06 14 85 18 83 17 c2 |................|
	0030  19 78 1a ff 09 01 0a c3  0b 83 02 06 03 06 04 96 |.x..............|
	0040  ca 3e a8 f5 c3 ca 3f 11  eb 83 c2 ca 3d b8 51 f0 |.>....?.....=.Q.|
	0050  ca 3f 80 00 00 ca 00 00  00 00 0c 83 02 00 03 00 |.?..............|
	0060  04 90 82 13 08 14 c0 82  13 08 14 c0 82 13 01 14 |................|
	0070  82 06 01 07 83 02 02 03  02 04 92 ca 3f 00 00 00 |............?...|
	0080  ca 00 00 00 00 82 13 02  14 83 0e 82 05 00 07 83 |................|
	0090  02 00 03 00 04 90 0f 84  08 cd 01 01 0d 00 0a c3 |................|
	00a0  07 83 02 03 03 03 04 93  ca 3f 00 00 00 ca 3f 00 |.........?....?.|
	00b0  00 00 c2 12 c2 82 13 08  14 c0 82 13 08 14 c0 82 |................|
	00c0  13 08 14 c0 82 13 08 14  c0 82 13 08 14 c0 82 13 |................|
	00d0  08 14 c0 82 13 08 14 c0  82 13 08 14 c0 82 13 03 |................|
	00e0  14 83 10 82 06 00 07 83  02 00 03 00 04 90 11 84 |................|
	00f0  08 cc 97 0d 00 0a c3 07  83 02 06 03 06 04 96 ca |................|
	0100  00 00 00 00 ca 3f 00 00  00 ca 00 00 00 00 ca 3f |.....?.........?|
[5292] +180.493751 ASYNC-IN-SUBMIT ep=0x81 len=0 type=BULK (in, awaiting data)
[5293] +180.493770 ASYNC-OUT ep=0x01 len=16 type=BULK 
	0000  08 00 00 18 80 10 ed 03  00 e2 00 08 ce 32 00 00 |.............2..|
[5294] +180.493800 ASYNC-OUT-DONE ep=0x01 len=0 status=0 actual=16
[5295] +180.493886 ASYNC-OUT-DONE ep=0x01 len=0 status=0 actual=16
[5296] +180.494505 ASYNC-IN-DONE ep=0x81 len=272 status=0 actual=272
	0000  08 01 00 18 ed 03 80 10  00 ea 00 04 73 03 00 00 |............s...|
	0010  00 00 00 c2 ca 00 00 00  00 12 c2 01 c0 03 82 07 |................|
	0020  01 08 95 c0 c0 c0 c0 c0  04 9a c0 c0 c0 c0 c0 c0 |................|
	0030  c0 c0 c0 c0 02 82 00 9d  d1 00 00 d1 00 00 d1 00 |................|
	0040  00 d1 00 00 d1 00 00 d1  00 00 d1 00 00 d1 00 00 |................|
	0050  d1 00 00 d1 00 00 d1 00  00 d1 00 00 d1 00 00 01 |................|
	0060  9d 97 cc 00 cc 00 cc 00  cc 00 cc 00 cc 00 cc 00 |................|
	0070  97 cc 00 cc 00 cc 00 cc  00 cc 00 cc 00 cc 00 97 |................|
	0080  cc 00 cc 00 cc 00 cc 00  cc 00 cc 00 cc 00 97 cc |................|
	0090  00 cc 00 cc 00 cc 00 cc  00 cc 00 cc 00 97 cc 00 |................|
	00a0  cc 00 cc 00 cc 00 cc 00  cc 00 cc 00 97 cc 00 cc |................|
	00b0  00 cc 00 cc 00 cc 00 cc  00 cc 00 97 cc 00 cc 00 |................|
	00c0  cc 00 cc 00 cc 00 cc 00  cc 00 97 cc 00 cc 00 cc |................|
	00d0  00 cc 00 cc 00 cc 00 cc  00 97 cc 00 cc 00 cc 00 |................|
	00e0  cc 00 cc 00 cc 00 cc 00  97 cc 00 cc 00 cc 00 cc |................|
	00f0  00 cc 00 cc 00 cc 00 97  cc 00 cc 00 cc 00 cc 00 |................|
	0100  cc 00 cc 00 cc 00 97 cc  00 cc 00 cc 00 cc 00 cc |................|
[5297] +180.494723 ASYNC-IN-SUBMIT ep=0x81 len=0 type=BULK (in, awaiting data)
[5298] +180.494769 ASYNC-OUT ep=0x01 len=16 type=BULK 
	0000  08 00 00 18 80 10 ed 03  00 e3 00 08 ce 33 00 00 |.............3..|
[5299] +180.494850 ASYNC-IN-DONE ep=0x81 len=272 status=0 actual=272
	0000  08 01 00 18 ed 03 80 10  00 eb 00 04 73 03 00 00 |............s...|
	0010  00 cc 00 cc 00 97 cc 00  cc 00 cc 00 cc 00 cc 00 |................|
	0020  cc 00 cc 00 05 8f 10 ca  42 f0 00 00 2d 00 2e ca |........B...-...|
	0030  bd cc cc d0 2f ca bd cc  cc d0 30 00 31 c3 32 00 |..../.....0.1.2.|
	0040  33 00 34 00 35 00 36 00  37 00 38 c3 1e 00 cc 86 |3.4.5.6.7.8.....|
	0050  00 06 82 62 03 1a 00 0a  86 06 00 07 00 08 00 09 |...b............|
	0060  14 0a 93 88 00 c3 01 9b  93 0d c2 97 00 00 00 00 |................|
	0070  00 00 00 93 0d c2 97 00  00 00 00 00 00 00 93 0d |................|
	0080  c2 97 00 00 00 00 00 00  00 93 0d c2 97 00 00 00 |................|
	0090  00 00 00 00 93 0d c2 97  00 00 00 00 00 00 00 93 |................|
	00a0  0d c2 97 00 00 00 00 00  00 00 93 0d c2 97 00 00 |................|
	00b0  00 00 00 00 00 93 0d c2  97 00 00 00 00 00 00 00 |................|
	00c0  93 0d c2 97 00 00 00 00  00 00 00 93 0d c2 97 00 |................|
	00d0  00 00 00 00 00 00 93 0d  c2 97 00 00 00 00 00 00 |................|
	00e0  00 02 dc 00 40 93 c2 40  c0 93 c2 40 c0 93 c2 40 |....@..@...@...@|
	00f0  c0 93 c2 40 c0 93 c2 40  c0 93 c2 40 c0 93 c2 40 |...@...@...@...@|
	0100  c0 93 c2 40 c0 93 c2 40  c0 93 c2 40 c0 93 c2 40 |...@...@...@...@|
[5300] +180.495022 ASYNC-IN-SUBMIT ep=0x81 len=0 type=BULK (in, awaiting data)
[5301] +180.495042 ASYNC-OUT ep=0x01 len=16 type=BULK 
	0000  08 00 00 18 80 10 ed 03  00 e4 00 08 ce 34 00 00 |.............4..|
[5302] +180.495085 ASYNC-OUT-DONE ep=0x01 len=0 status=0 actual=16
[5303] +180.495158 ASYNC-OUT-DONE ep=0x01 len=0 status=0 actual=16
[5304] +180.495525 ASYNC-IN-DONE ep=0x81 len=272 status=0 actual=272
	0000  08 01 00 18 ed 03 80 10  00 ec 00 04 73 03 00 00 |............s...|
	0010  c0 93 c2 40 c0 93 c2 40  c0 93 c2 40 c0 93 c2 40 |...@...@...@...@|
	0020  c0 93 c2 40 c0 93 c2 40  c0 93 c2 40 c0 93 c2 40 |...@...@...@...@|
	0030  c0 93 c2 40 c0 93 c2 40  c0 93 c2 40 c0 93 c2 40 |...@...@...@...@|
	0040  c0 93 c2 40 c0 93 c2 40  c0 93 c2 40 c0 93 c2 40 |...@...@...@...@|
	0050  c0 93 c2 40 c0 93 c2 40  c0 93 c2 40 c0 93 c2 40 |...@...@...@...@|
	0060  c0 93 c2 40 c0 93 c2 40  c0 93 c2 40 c0 93 c2 40 |...@...@...@...@|
	0070  c0 93 c2 40 c0 93 c2 40  c0 93 c2 40 c0 93 c2 40 |...@...@...@...@|
	0080  c0 93 c2 40 c0 93 c2 40  c0 93 c2 40 c0 93 c2 40 |...@...@...@...@|
	0090  c0 93 c2 40 c0 93 c2 40  c0 93 c2 40 c0 93 c2 40 |...@...@...@...@|
	00a0  c0 93 c2 40 c0 93 c2 40  c0 93 c2 40 c0 93 c2 40 |...@...@...@...@|
	00b0  c0 93 c2 40 c0 93 c2 40  c0 93 c2 40 c0 93 c2 40 |...@...@...@...@|
	00c0  c0 93 c2 40 c0 93 c2 40  c0 93 c2 40 c0 93 c2 40 |...@...@...@...@|
	00d0  c0 93 c2 40 c0 93 c2 40  c0 93 c2 40 c0 93 c2 40 |...@...@...@...@|
	00e0  c0 93 c2 40 c0 03 dc 00  14 92 c2 c2 92 c2 c3 92 |...@............|
	00f0  c2 c3 92 c2 c3 92 c2 c3  92 c2 c3 92 c2 c3 92 c2 |................|
	0100  c3 92 c2 c3 92 c2 c2 92  c2 c3 92 c2 c3 92 c2 c3 |................|
[5305] +180.495699 ASYNC-IN-SUBMIT ep=0x81 len=0 type=BULK (in, awaiting data)
[5306] +180.495751 ASYNC-OUT ep=0x01 len=16 type=BULK 
	0000  08 00 00 18 80 10 ed 03  00 e5 00 08 ce 35 00 00 |.............5..|
[5307] +180.495889 ASYNC-OUT-DONE ep=0x01 len=0 status=0 actual=16
[5308] +180.496087 ASYNC-IN-DONE ep=0x81 len=272 status=0 actual=272
	0000  08 01 00 18 ed 03 80 10  00 ed 00 04 73 03 00 00 |............s...|
	0010  92 c2 c3 92 c2 c3 92 c2  c3 92 c2 c3 92 c2 c3 92 |................|
	0020  c2 c3 92 c2 c2 04 ab 53  4e 41 50 53 48 4f 54 20 |.......SNAPSHOT |
	0030  31 00 0e c2 05 ca 42 f0  00 00 0c 00 88 00 c3 01 |1.....B.........|
	0040  9b 93 0d c2 97 00 00 00  00 00 00 00 93 0d c2 97 |................|
	0050  00 00 00 00 00 00 00 93  0d c2 97 00 00 00 00 00 |................|
	0060  00 00 93 0d c2 97 00 00  00 00 00 00 00 93 0d c2 |................|
	0070  97 00 00 00 00 00 00 00  93 0d c2 97 00 00 00 00 |................|
	0080  00 00 00 93 0d c2 97 00  00 00 00 00 00 00 93 0d |................|
	0090  c2 97 00 00 00 00 00 00  00 93 0d c2 97 00 00 00 |................|
	00a0  00 00 00 00 93 0d c2 97  00 00 00 00 00 00 00 93 |................|
	00b0  0d c2 97 00 00 00 00 00  00 00 02 dc 00 40 93 c2 |.............@..|
	00c0  40 c0 93 c2 40 c0 93 c2  40 c0 93 c2 40 c0 93 c2 |@...@...@...@...|
	00d0  40 c0 93 c2 40 c0 93 c2  40 c0 93 c2 40 c0 93 c2 |@...@...@...@...|
	00e0  40 c0 93 c2 40 c0 93 c2  40 c0 93 c2 40 c0 93 c2 |@...@...@...@...|
	00f0  40 c0 93 c2 40 c0 93 c2  40 c0 93 c2 40 c0 93 c2 |@...@...@...@...|
	0100  40 c0 93 c2 40 c0 93 c2  40 c0 93 c2 40 c0 93 c2 |@...@...@...@...|
[5309] +180.496255 ASYNC-IN-SUBMIT ep=0x81 len=0 type=BULK (in, awaiting data)
[5310] +180.496278 ASYNC-OUT ep=0x01 len=16 type=BULK 
	0000  08 00 00 18 80 10 ed 03  00 e6 00 08 ce 36 00 00 |.............6..|
[5311] +180.496395 ASYNC-OUT-DONE ep=0x01 len=0 status=0 actual=16
[5312] +180.496672 ASYNC-IN-DONE ep=0x81 len=272 status=0 actual=272
	0000  08 01 00 18 ed 03 80 10  00 ee 00 04 73 03 00 00 |............s...|
	0010  40 c0 93 c2 40 c0 93 c2  40 c0 93 c2 40 c0 93 c2 |@...@...@...@...|
	0020  40 c0 93 c2 40 c0 93 c2  40 c0 93 c2 40 c0 93 c2 |@...@...@...@...|
	0030  40 c0 93 c2 40 c0 93 c2  40 c0 93 c2 40 c0 93 c2 |@...@...@...@...|
	0040  40 c0 93 c2 40 c0 93 c2  40 c0 93 c2 40 c0 93 c2 |@...@...@...@...|
	0050  40 c0 93 c2 40 c0 93 c2  40 c0 93 c2 40 c0 93 c2 |@...@...@...@...|
	0060  40 c0 93 c2 40 c0 93 c2  40 c0 93 c2 40 c0 93 c2 |@...@...@...@...|
	0070  40 c0 93 c2 40 c0 93 c2  40 c0 93 c2 40 c0 93 c2 |@...@...@...@...|
	0080  40 c0 93 c2 40 c0 93 c2  40 c0 93 c2 40 c0 93 c2 |@...@...@...@...|
	0090  40 c0 93 c2 40 c0 93 c2  40 c0 93 c2 40 c0 93 c2 |@...@...@...@...|
	00a0  40 c0 93 c2 40 c0 93 c2  40 c0 93 c2 40 c0 93 c2 |@...@...@...@...|
	00b0  40 c0 93 c2 40 c0 93 c2  40 c0 93 c2 40 c0 03 dc |@...@...@...@...|
	00c0  00 14 92 c2 c2 92 c2 c3  92 c2 c3 92 c2 c3 92 c2 |................|
	00d0  c3 92 c2 c3 92 c2 c3 92  c2 c3 92 c2 c3 92 c2 c2 |................|
	00e0  92 c2 c3 92 c2 c3 92 c2  c3 92 c2 c3 92 c2 c3 92 |................|
	00f0  c2 c3 92 c2 c3 92 c2 c3  92 c2 c3 92 c2 c2 04 ab |................|
	0100  53 4e 41 50 53 48 4f 54  20 32 00 0e c2 05 ca 42 |SNAPSHOT 2.....B|
[5313] +180.496821 ASYNC-IN-SUBMIT ep=0x81 len=0 type=BULK (in, awaiting data)
[5314] +180.496842 ASYNC-OUT ep=0x01 len=16 type=BULK 
	0000  08 00 00 18 80 10 ed 03  00 e7 00 08 ce 37 00 00 |.............7..|
[5315] +180.496940 ASYNC-OUT-DONE ep=0x01 len=0 status=0 actual=16
[5316] +180.497267 ASYNC-IN-DONE ep=0x81 len=272 status=0 actual=272
	0000  08 01 00 18 ed 03 80 10  00 ef 00 04 73 03 00 00 |............s...|
	0010  f0 00 00 0c 00 88 00 c3  01 9b 93 0d c2 97 00 00 |................|
	0020  00 00 00 00 00 93 0d c2  97 00 00 00 00 00 00 00 |................|
	0030  93 0d c2 97 00 00 00 00  00 00 00 93 0d c2 97 00 |................|
	0040  00 00 00 00 00 00 93 0d  c2 97 00 00 00 00 00 00 |................|
	0050  00 93 0d c2 97 00 00 00  00 00 00 00 93 0d c2 97 |................|
	0060  00 00 00 00 00 00 00 93  0d c2 97 00 00 00 00 00 |................|
	0070  00 00 93 0d c2 97 00 00  00 00 00 00 00 93 0d c2 |................|
	0080  97 00 00 00 00 00 00 00  93 0d c2 97 00 00 00 00 |................|
	0090  00 00 00 02 dc 00 40 93  c2 40 c0 93 c2 40 c0 93 |......@..@...@..|
	00a0  c2 40 c0 93 c2 40 c0 93  c2 40 c0 93 c2 40 c0 93 |.@...@...@...@..|
	00b0  c2 40 c0 93 c2 40 c0 93  c2 40 c0 93 c2 40 c0 93 |.@...@...@...@..|
	00c0  c2 40 c0 93 c2 40 c0 93  c2 40 c0 93 c2 40 c0 93 |.@...@...@...@..|
	00d0  c2 40 c0 93 c2 40 c0 93  c2 40 c0 93 c2 40 c0 93 |.@...@...@...@..|
	00e0  c2 40 c0 93 c2 40 c0 93  c2 40 c0 93 c2 40 c0 93 |.@...@...@...@..|
	00f0  c2 40 c0 93 c2 40 c0 93  c2 40 c0 93 c2 40 c0 93 |.@...@...@...@..|
	0100  c2 40 c0 93 c2 40 c0 93  c2 40 c0 93 c2 40 c0 93 |.@...@...@...@..|
[5317] +180.497448 ASYNC-IN-SUBMIT ep=0x81 len=0 type=BULK (in, awaiting data)
[5318] +180.497482 ASYNC-OUT ep=0x01 len=16 type=BULK 
	0000  08 00 00 18 80 10 ed 03  00 e8 00 08 ce 38 00 00 |.............8..|
[5319] +180.497614 ASYNC-OUT-DONE ep=0x01 len=0 status=0 actual=16
[5320] +180.497857 ASYNC-IN-DONE ep=0x81 len=264 status=0 actual=264
	0000  fe 00 00 18 ed 03 80 10  00 f0 00 04 73 03 00 00 |............s...|
	0010  c2 40 c0 93 c2 40 c0 93  c2 40 c0 93 c2 40 c0 93 |.@...@...@...@..|
	0020  c2 40 c0 93 c2 40 c0 93  c2 40 c0 93 c2 40 c0 93 |.@...@...@...@..|
	0030  c2 40 c0 93 c2 40 c0 93  c2 40 c0 93 c2 40 c0 93 |.@...@...@...@..|
	0040  c2 40 c0 93 c2 40 c0 93  c2 40 c0 93 c2 40 c0 93 |.@...@...@...@..|
	0050  c2 40 c0 93 c2 40 c0 93  c2 40 c0 93 c2 40 c0 93 |.@...@...@...@..|
	0060  c2 40 c0 93 c2 40 c0 93  c2 40 c0 93 c2 40 c0 93 |.@...@...@...@..|
	0070  c2 40 c0 93 c2 40 c0 93  c2 40 c0 93 c2 40 c0 93 |.@...@...@...@..|
	0080  c2 40 c0 93 c2 40 c0 93  c2 40 c0 93 c2 40 c0 93 |.@...@...@...@..|
	0090  c2 40 c0 93 c2 40 c0 03  dc 00 14 92 c2 c2 92 c2 |.@...@..........|
	00a0  c3 92 c2 c3 92 c2 c3 92  c2 c3 92 c2 c3 92 c2 c3 |................|
	00b0  92 c2 c3 92 c2 c3 92 c2  c2 92 c2 c3 92 c2 c3 92 |................|
	00c0  c2 c3 92 c2 c3 92 c2 c3  92 c2 c3 92 c2 c3 92 c2 |................|
	00d0  c3 92 c2 c3 92 c2 c2 04  ab 53 4e 41 50 53 48 4f |.........SNAPSHO|
	00e0  54 20 33 00 0e c2 05 ca  42 f0 00 00 0c 00 0d dc |T 3.....B.......|
	00f0  00 14 c3 c3 c3 c3 c3 c3  c3 c3 c3 c3 c3 c3 c3 c3 |................|
	0100  c3 c3 c3 c3 c3 c3 c0 93                          |........|
[5321] +180.498064 ASYNC-IN-SUBMIT ep=0x81 len=0 type=BULK (in, awaiting data)
[5322] +180.528556 ASYNC-OUT ep=0x01 len=36 type=BULK 
	0000  1b 00 00 18 80 10 ed 03  00 e9 00 0c c4 39 00 00 |.............9..|
	0010  01 00 06 00 0b 00 00 00  83 66 cd 03 fc 64 18 65 |.........f...d.e|
	0020  81 76 49 00                                      |.vI.|
[5323] +180.528847 ASYNC-OUT-DONE ep=0x01 len=0 status=0 actual=36
[5324] +180.529707 ASYNC-IN-DONE ep=0x81 len=40 status=0 actual=40
	0000  1f 00 00 18 ed 03 80 10  00 f1 00 04 86 03 00 00 |................|
	0010  00 00 06 00 0f 00 00 00  83 66 cd 03 fc 67 00 68 |.........f...g.h|
	0020  82 76 cd 00 49 77 00 93                          |.v..Iw..|
[5325] +180.529756 ASYNC-IN-SUBMIT ep=0x81 len=0 type=BULK (in, awaiting data)
[5326] +180.580657 ASYNC-OUT ep=0x01 len=16 type=BULK 
	0000  08 00 00 18 80 10 ed 03  00 ea 00 08 db 39 00 00 |.............9..|
[5327] +180.580976 ASYNC-OUT-DONE ep=0x01 len=0 status=0 actual=16
[5328] +180.618591 ASYNC-IN-DONE ep=0x81 len=16 status=0 actual=16
	0000  08 00 00 18 ed 03 80 10  00 f2 00 08 86 03 00 00 |................|
[5329] +180.618630 ASYNC-IN-SUBMIT ep=0x81 len=0 type=BULK (in, awaiting data)
[5330] +180.726712 ASYNC-IN-DONE ep=0x81 len=0 status=2 actual=0
[5331] +180.726766 ASYNC-IN-SUBMIT ep=0x81 len=0 type=BULK (in, awaiting data)
[5332] +180.839612 ASYNC-IN-DONE ep=0x81 len=0 status=2 actual=0
[5333] +180.839694 ASYNC-IN-SUBMIT ep=0x81 len=0 type=BULK (in, awaiting data)
[5334] +180.946448 ASYNC-IN-DONE ep=0x81 len=0 status=2 actual=0
[5335] +180.946524 ASYNC-IN-SUBMIT ep=0x81 len=0 type=BULK (in, awaiting data)
[5336] +181.021030 ASYNC-IN-DONE ep=0x81 len=16 status=0 actual=16
	0000  08 00 00 18 ef 03 01 10  00 c7 00 10 65 02 00 00 |............e...|
[5337] +181.021137 ASYNC-IN-SUBMIT ep=0x81 len=0 type=BULK (in, awaiting data)
[5338] +181.021365 ASYNC-IN-DONE ep=0x81 len=16 status=0 actual=16
	0000  08 00 00 18 f0 03 02 10  00 d1 00 10 09 02 00 00 |................|
[5339] +181.021436 ASYNC-IN-SUBMIT ep=0x81 len=0 type=BULK (in, awaiting data)
[5340] +181.134060 ASYNC-IN-DONE ep=0x81 len=0 status=2 actual=0
[5341] +181.134094 ASYNC-IN-SUBMIT ep=0x81 len=0 type=BULK (in, awaiting data)
[5342] +181.203667 ASYNC-OUT ep=0x01 len=16 type=BULK 
	0000  08 00 00 18 02 10 f0 03  00 b7 00 10 5b 13 00 00 |............[...|
[5343] +181.204064 ASYNC-OUT-DONE ep=0x01 len=0 status=0 actual=16
[5344] +181.246031 ASYNC-IN-DONE ep=0x81 len=0 status=2 actual=0
[5345] +181.246095 ASYNC-IN-SUBMIT ep=0x81 len=0 type=BULK (in, awaiting data)
[5346] +181.306819 ASYNC-OUT ep=0x01 len=16 type=BULK 
	0000  08 00 00 18 01 10 ef 03  00 c1 00 10 93 1e 00 00 |................|
[5347] +181.307172 ASYNC-OUT-DONE ep=0x01 len=0 status=0 actual=16
[5348] +181.358850 ASYNC-IN-DONE ep=0x81 len=0 status=2 actual=0
[5349] +181.358921 ASYNC-IN-SUBMIT ep=0x81 len=0 type=BULK (in, awaiting data)
[5350] +181.462692 ASYNC-IN-DONE ep=0x81 len=0 status=2 actual=0
[5351] +181.462778 ASYNC-IN-SUBMIT ep=0x81 len=0 type=BULK (in, awaiting data)
[5352] +181.575329 ASYNC-IN-DONE ep=0x81 len=0 status=2 actual=0
[5353] +181.575378 ASYNC-IN-SUBMIT ep=0x81 len=0 type=BULK (in, awaiting data)
[5354] +181.618545 ASYNC-OUT ep=0x01 len=16 type=BULK 
	0000  08 00 00 18 80 10 ed 03  00 eb 00 10 db 39 00 00 |.............9..|
[5355] +181.618874 ASYNC-OUT-DONE ep=0x01 len=0 status=0 actual=16
[5356] +181.622870 ASYNC-IN-DONE ep=0x81 len=16 status=0 actual=16
	0000  08 00 00 18 ed 03 80 10  00 f3 00 10 86 03 00 00 |................|
[5357] +181.622921 ASYNC-IN-SUBMIT ep=0x81 len=0 type=BULK (in, awaiting data)
[5358] +181.729298 ASYNC-IN-DONE ep=0x81 len=0 status=2 actual=0
[5359] +181.729386 ASYNC-IN-SUBMIT ep=0x81 len=0 type=BULK (in, awaiting data)
[5360] +181.838243 ASYNC-IN-DONE ep=0x81 len=0 status=2 actual=0
[5361] +181.838341 ASYNC-IN-SUBMIT ep=0x81 len=0 type=BULK (in, awaiting data)
[5362] +181.948473 ASYNC-IN-DONE ep=0x81 len=0 status=2 actual=0
[5363] +181.948520 ASYNC-IN-SUBMIT ep=0x81 len=0 type=BULK (in, awaiting data)
[5364] +182.024033 ASYNC-IN-DONE ep=0x81 len=16 status=0 actual=16
	0000  08 00 00 18 ef 03 01 10  00 c8 00 10 65 02 00 00 |............e...|
[5365] +182.024168 ASYNC-IN-SUBMIT ep=0x81 len=0 type=BULK (in, awaiting data)
[5366] +182.024365 ASYNC-IN-DONE ep=0x81 len=16 status=0 actual=16
	0000  08 00 00 18 f0 03 02 10  00 d2 00 10 09 02 00 00 |................|
[5367] +182.024443 ASYNC-IN-SUBMIT ep=0x81 len=0 type=BULK (in, awaiting data)
[5368] +182.129357 ASYNC-IN-DONE ep=0x81 len=0 status=2 actual=0
[5369] +182.129432 ASYNC-IN-SUBMIT ep=0x81 len=0 type=BULK (in, awaiting data)
[5370] +182.237666 ASYNC-IN-DONE ep=0x81 len=0 status=2 actual=0
[5371] +182.237767 ASYNC-IN-SUBMIT ep=0x81 len=0 type=BULK (in, awaiting data)
[5372] +182.242178 ASYNC-OUT ep=0x01 len=16 type=BULK 
	0000  08 00 00 18 02 10 f0 03  00 b8 00 10 5b 13 00 00 |............[...|
[5373] +182.242528 ASYNC-OUT-DONE ep=0x01 len=0 status=0 actual=16
[5374] +182.345846 ASYNC-OUT ep=0x01 len=16 type=BULK 
	0000  08 00 00 18 01 10 ef 03  00 c2 00 10 93 1e 00 00 |................|
[5375] +182.345981 ASYNC-IN-DONE ep=0x81 len=0 status=2 actual=0
[5376] +182.346012 ASYNC-IN-SUBMIT ep=0x81 len=0 type=BULK (in, awaiting data)
[5377] +182.346127 ASYNC-OUT-DONE ep=0x01 len=0 status=0 actual=16
[5378] +182.448818 ASYNC-IN-DONE ep=0x81 len=0 status=2 actual=0
[5379] +182.448927 ASYNC-IN-SUBMIT ep=0x81 len=0 type=BULK (in, awaiting data)
[5380] +182.561784 ASYNC-IN-DONE ep=0x81 len=0 status=2 actual=0
[5381] +182.561816 ASYNC-IN-SUBMIT ep=0x81 len=0 type=BULK (in, awaiting data)
[5382] +182.625991 ASYNC-IN-DONE ep=0x81 len=16 status=0 actual=16
	0000  08 00 00 18 ed 03 80 10  00 f4 00 10 86 03 00 00 |................|
[5383] +182.626056 ASYNC-IN-SUBMIT ep=0x81 len=0 type=BULK (in, awaiting data)
[5384] +182.657457 ASYNC-OUT ep=0x01 len=16 type=BULK 
	0000  08 00 00 18 80 10 ed 03  00 ec 00 10 db 39 00 00 |.............9..|
[5385] +182.657853 ASYNC-OUT-DONE ep=0x01 len=0 status=0 actual=16
[5386] +182.738853 ASYNC-IN-DONE ep=0x81 len=0 status=2 actual=0
[5387] +182.738914 ASYNC-IN-SUBMIT ep=0x81 len=0 type=BULK (in, awaiting data)
[5388] +182.851789 ASYNC-IN-DONE ep=0x81 len=0 status=2 actual=0
[5389] +182.851872 ASYNC-IN-SUBMIT ep=0x81 len=0 type=BULK (in, awaiting data)
[5390] +182.960785 ASYNC-IN-DONE ep=0x81 len=0 status=2 actual=0
[5391] +182.960859 ASYNC-IN-SUBMIT ep=0x81 len=0 type=BULK (in, awaiting data)
[5392] +183.027161 ASYNC-IN-DONE ep=0x81 len=16 status=0 actual=16
	0000  08 00 00 18 ef 03 01 10  00 c9 00 10 65 02 00 00 |............e...|
[5393] +183.027272 ASYNC-IN-SUBMIT ep=0x81 len=0 type=BULK (in, awaiting data)
[5394] +183.027403 ASYNC-IN-DONE ep=0x81 len=16 status=0 actual=16
	0000  08 00 00 18 f0 03 02 10  00 d3 00 10 09 02 00 00 |................|
[5395] +183.027450 ASYNC-IN-SUBMIT ep=0x81 len=0 type=BULK (in, awaiting data)
[5396] +183.138171 ASYNC-IN-DONE ep=0x81 len=0 status=2 actual=0
[5397] +183.138200 ASYNC-IN-SUBMIT ep=0x81 len=0 type=BULK (in, awaiting data)
[5398] +183.250683 ASYNC-IN-DONE ep=0x81 len=0 status=2 actual=0
[5399] +183.250716 ASYNC-IN-SUBMIT ep=0x81 len=0 type=BULK (in, awaiting data)
[5400] +183.280634 ASYNC-OUT ep=0x01 len=16 type=BULK 
	0000  08 00 00 18 02 10 f0 03  00 b9 00 10 5b 13 00 00 |............[...|
[5401] +183.280909 ASYNC-OUT-DONE ep=0x01 len=0 status=0 actual=16
[5402] +183.351669 ASYNC-IN-DONE ep=0x81 len=0 status=2 actual=0
[5403] +183.351698 ASYNC-IN-SUBMIT ep=0x81 len=0 type=BULK (in, awaiting data)
[5404] +183.384178 ASYNC-OUT ep=0x01 len=16 type=BULK 
	0000  08 00 00 18 01 10 ef 03  00 c3 00 10 93 1e 00 00 |................|
[5405] +183.384387 ASYNC-OUT-DONE ep=0x01 len=0 status=0 actual=16
[5406] +183.452644 ASYNC-IN-DONE ep=0x81 len=0 status=2 actual=0
[5407] +183.452671 ASYNC-IN-SUBMIT ep=0x81 len=0 type=BULK (in, awaiting data)
[5408] +183.565484 ASYNC-IN-DONE ep=0x81 len=0 status=2 actual=0
[5409] +183.565524 ASYNC-IN-SUBMIT ep=0x81 len=0 type=BULK (in, awaiting data)
[5410] +183.629276 ASYNC-IN-DONE ep=0x81 len=16 status=0 actual=16
	0000  08 00 00 18 ed 03 80 10  00 f5 00 10 86 03 00 00 |................|
[5411] +183.629324 ASYNC-IN-SUBMIT ep=0x81 len=0 type=BULK (in, awaiting data)
[5412] +183.694870 ASYNC-OUT ep=0x01 len=16 type=BULK 
	0000  08 00 00 18 80 10 ed 03  00 ed 00 10 db 39 00 00 |.............9..|
[5413] +183.695146 ASYNC-OUT-DONE ep=0x01 len=0 status=0 actual=16
[5414] +183.734507 ASYNC-IN-DONE ep=0x81 len=0 status=2 actual=0
[5415] +183.734593 ASYNC-IN-SUBMIT ep=0x81 len=0 type=BULK (in, awaiting data)
[5416] +183.846571 ASYNC-IN-DONE ep=0x81 len=0 status=2 actual=0
[5417] +183.846654 ASYNC-IN-SUBMIT ep=0x81 len=0 type=BULK (in, awaiting data)
[5418] +183.951543 ASYNC-IN-DONE ep=0x81 len=0 status=2 actual=0
[5419] +183.951676 ASYNC-IN-SUBMIT ep=0x81 len=0 type=BULK (in, awaiting data)
[5420] +184.030737 ASYNC-IN-DONE ep=0x81 len=16 status=0 actual=16
	0000  08 00 00 18 ef 03 01 10  00 ca 00 10 65 02 00 00 |............e...|
[5421] +184.030891 ASYNC-IN-SUBMIT ep=0x81 len=0 type=BULK (in, awaiting data)
[5422] +184.031120 ASYNC-IN-DONE ep=0x81 len=16 status=0 actual=16
	0000  08 00 00 18 f0 03 02 10  00 d4 00 10 09 02 00 00 |................|
[5423] +184.031206 ASYNC-IN-SUBMIT ep=0x81 len=0 type=BULK (in, awaiting data)
[5424] +184.143608 ASYNC-IN-DONE ep=0x81 len=0 status=2 actual=0
[5425] +184.143695 ASYNC-IN-SUBMIT ep=0x81 len=0 type=BULK (in, awaiting data)
[5426] +184.245418 ASYNC-IN-DONE ep=0x81 len=0 status=2 actual=0
[5427] +184.245513 ASYNC-IN-SUBMIT ep=0x81 len=0 type=BULK (in, awaiting data)
[5428] +184.318238 ASYNC-OUT ep=0x01 len=16 type=BULK 
	0000  08 00 00 18 02 10 f0 03  00 ba 00 10 5b 13 00 00 |............[...|
[5429] +184.318708 ASYNC-OUT-DONE ep=0x01 len=0 status=0 actual=16
[5430] +184.346594 ASYNC-IN-DONE ep=0x81 len=0 status=2 actual=0
[5431] +184.346701 ASYNC-IN-SUBMIT ep=0x81 len=0 type=BULK (in, awaiting data)
[5432] +184.422252 ASYNC-OUT ep=0x01 len=16 type=BULK 
	0000  08 00 00 18 01 10 ef 03  00 c4 00 10 93 1e 00 00 |................|
[5433] +184.422540 ASYNC-OUT-DONE ep=0x01 len=0 status=0 actual=16
[5434] +184.452492 ASYNC-IN-DONE ep=0x81 len=0 status=2 actual=0
[5435] +184.452564 ASYNC-IN-SUBMIT ep=0x81 len=0 type=BULK (in, awaiting data)
[5436] +184.563221 ASYNC-IN-DONE ep=0x81 len=0 status=2 actual=0
[5437] +184.563341 ASYNC-IN-SUBMIT ep=0x81 len=0 type=BULK (in, awaiting data)
[5438] +184.632787 ASYNC-IN-DONE ep=0x81 len=16 status=0 actual=16
	0000  08 00 00 18 ed 03 80 10  00 f6 00 10 86 03 00 00 |................|
[5439] +184.632902 ASYNC-IN-SUBMIT ep=0x81 len=0 type=BULK (in, awaiting data)
[5440] +184.734162 ASYNC-OUT ep=0x01 len=16 type=BULK 
	0000  08 00 00 18 80 10 ed 03  00 ee 00 10 db 39 00 00 |.............9..|
[5441] +184.734317 ASYNC-IN-DONE ep=0x81 len=0 status=2 actual=0
[5442] +184.734367 ASYNC-IN-SUBMIT ep=0x81 len=0 type=BULK (in, awaiting data)
[5443] +184.734510 ASYNC-OUT-DONE ep=0x01 len=0 status=0 actual=16
[5444] +184.847106 ASYNC-IN-DONE ep=0x81 len=0 status=2 actual=0
[5445] +184.847182 ASYNC-IN-SUBMIT ep=0x81 len=0 type=BULK (in, awaiting data)
[5446] +184.953577 ASYNC-IN-DONE ep=0x81 len=0 status=2 actual=0
[5447] +184.953667 ASYNC-IN-SUBMIT ep=0x81 len=0 type=BULK (in, awaiting data)
[5448] +185.033764 ASYNC-IN-DONE ep=0x81 len=16 status=0 actual=16
	0000  08 00 00 18 ef 03 01 10  00 cb 00 10 65 02 00 00 |............e...|
[5449] +185.033907 ASYNC-IN-SUBMIT ep=0x81 len=0 type=BULK (in, awaiting data)
[5450] +185.034105 ASYNC-IN-DONE ep=0x81 len=16 status=0 actual=16
	0000  08 00 00 18 f0 03 02 10  00 d5 00 10 09 02 00 00 |................|
[5451] +185.034163 ASYNC-IN-SUBMIT ep=0x81 len=0 type=BULK (in, awaiting data)
[5452] +185.139977 ASYNC-IN-DONE ep=0x81 len=0 status=2 actual=0
[5453] +185.140070 ASYNC-IN-SUBMIT ep=0x81 len=0 type=BULK (in, awaiting data)
[5454] +185.246097 ASYNC-IN-DONE ep=0x81 len=0 status=2 actual=0
[5455] +185.246191 ASYNC-IN-SUBMIT ep=0x81 len=0 type=BULK (in, awaiting data)
[5456] +185.357090 ASYNC-OUT ep=0x01 len=16 type=BULK 
	0000  08 00 00 18 02 10 f0 03  00 bb 00 10 5b 13 00 00 |............[...|
[5457] +185.357254 ASYNC-IN-DONE ep=0x81 len=0 status=2 actual=0
[5458] +185.357311 ASYNC-IN-SUBMIT ep=0x81 len=0 type=BULK (in, awaiting data)
[5459] +185.357442 ASYNC-OUT-DONE ep=0x01 len=0 status=0 actual=16
[5460] +185.460740 ASYNC-OUT ep=0x01 len=16 type=BULK 
	0000  08 00 00 18 01 10 ef 03  00 c5 00 10 93 1e 00 00 |................|
[5461] +185.461070 ASYNC-OUT-DONE ep=0x01 len=0 status=0 actual=16
[5462] +185.470061 ASYNC-IN-DONE ep=0x81 len=0 status=2 actual=0
[5463] +185.470101 ASYNC-IN-SUBMIT ep=0x81 len=0 type=BULK (in, awaiting data)
[5464] +185.571600 ASYNC-IN-DONE ep=0x81 len=0 status=2 actual=0
[5465] +185.571676 ASYNC-IN-SUBMIT ep=0x81 len=0 type=BULK (in, awaiting data)
[5466] +185.635738 ASYNC-IN-DONE ep=0x81 len=16 status=0 actual=16
	0000  08 00 00 18 ed 03 80 10  00 f7 00 10 86 03 00 00 |................|
[5467] +185.635847 ASYNC-IN-SUBMIT ep=0x81 len=0 type=BULK (in, awaiting data)
[5468] +185.748108 ASYNC-IN-DONE ep=0x81 len=0 status=2 actual=0
[5469] +185.748223 ASYNC-IN-SUBMIT ep=0x81 len=0 type=BULK (in, awaiting data)
[5470] +185.771011 ASYNC-OUT ep=0x01 len=16 type=BULK 
	0000  08 00 00 18 80 10 ed 03  00 ef 00 10 db 39 00 00 |.............9..|
[5471] +185.771304 ASYNC-OUT-DONE ep=0x01 len=0 status=0 actual=16
[5472] +185.851217 ASYNC-IN-DONE ep=0x81 len=0 status=2 actual=0
[5473] +185.851296 ASYNC-IN-SUBMIT ep=0x81 len=0 type=BULK (in, awaiting data)
[5474] +185.963297 ASYNC-IN-DONE ep=0x81 len=0 status=2 actual=0
[5475] +185.963379 ASYNC-IN-SUBMIT ep=0x81 len=0 type=BULK (in, awaiting data)
[5476] +186.037434 ASYNC-IN-DONE ep=0x81 len=16 status=0 actual=16
	0000  08 00 00 18 ef 03 01 10  00 cc 00 10 65 02 00 00 |............e...|
[5477] +186.037570 ASYNC-IN-SUBMIT ep=0x81 len=0 type=BULK (in, awaiting data)
[5478] +186.037751 ASYNC-IN-DONE ep=0x81 len=16 status=0 actual=16
	0000  08 00 00 18 f0 03 02 10  00 d6 00 10 09 02 00 00 |................|
[5479] +186.037807 ASYNC-IN-SUBMIT ep=0x81 len=0 type=BULK (in, awaiting data)
[5480] +186.146603 ASYNC-IN-DONE ep=0x81 len=0 status=2 actual=0
[5481] +186.146701 ASYNC-IN-SUBMIT ep=0x81 len=0 type=BULK (in, awaiting data)
[5482] +186.248090 ASYNC-IN-DONE ep=0x81 len=0 status=2 actual=0
[5483] +186.248181 ASYNC-IN-SUBMIT ep=0x81 len=0 type=BULK (in, awaiting data)
[5484] +186.351196 ASYNC-IN-DONE ep=0x81 len=0 status=2 actual=0
[5485] +186.351285 ASYNC-IN-SUBMIT ep=0x81 len=0 type=BULK (in, awaiting data)
[5486] +186.391937 ASYNC-OUT ep=0x01 len=16 type=BULK 
	0000  08 00 00 18 02 10 f0 03  00 bc 00 10 5b 13 00 00 |............[...|
[5487] +186.392270 ASYNC-OUT-DONE ep=0x01 len=0 status=0 actual=16
[5488] +186.455211 ASYNC-IN-DONE ep=0x81 len=0 status=2 actual=0
[5489] +186.455297 ASYNC-IN-SUBMIT ep=0x81 len=0 type=BULK (in, awaiting data)
[5490] +186.496042 ASYNC-OUT ep=0x01 len=16 type=BULK 
	0000  08 00 00 18 01 10 ef 03  00 c6 00 10 93 1e 00 00 |................|
[5491] +186.496411 ASYNC-OUT-DONE ep=0x01 len=0 status=0 actual=16
[5492] +186.556228 ASYNC-IN-DONE ep=0x81 len=0 status=2 actual=0
[5493] +186.556315 ASYNC-IN-SUBMIT ep=0x81 len=0 type=BULK (in, awaiting data)
[5494] +186.639074 ASYNC-IN-DONE ep=0x81 len=16 status=0 actual=16
	0000  08 00 00 18 ed 03 80 10  00 f8 00 10 86 03 00 00 |................|
[5495] +186.639217 ASYNC-IN-SUBMIT ep=0x81 len=0 type=BULK (in, awaiting data)
[5496] +186.745150 ASYNC-IN-DONE ep=0x81 len=0 status=2 actual=0
[5497] +186.745276 ASYNC-IN-SUBMIT ep=0x81 len=0 type=BULK (in, awaiting data)
[5498] +186.807196 ASYNC-OUT ep=0x01 len=16 type=BULK 
	0000  08 00 00 18 80 10 ed 03  00 f0 00 10 db 39 00 00 |.............9..|
[5499] +186.807566 ASYNC-OUT-DONE ep=0x01 len=0 status=0 actual=16
[5500] +186.858189 ASYNC-IN-DONE ep=0x81 len=0 status=2 actual=0
[5501] +186.858294 ASYNC-IN-SUBMIT ep=0x81 len=0 type=BULK (in, awaiting data)
[5502] +186.964551 ASYNC-IN-DONE ep=0x81 len=0 status=2 actual=0
[5503] +186.964634 ASYNC-IN-SUBMIT ep=0x81 len=0 type=BULK (in, awaiting data)
[5504] +187.041629 ASYNC-IN-DONE ep=0x81 len=16 status=0 actual=16
	0000  08 00 00 18 ef 03 01 10  00 cd 00 10 65 02 00 00 |............e...|
[5505] +187.041769 ASYNC-IN-SUBMIT ep=0x81 len=0 type=BULK (in, awaiting data)
[5506] +187.041990 ASYNC-IN-DONE ep=0x81 len=16 status=0 actual=16
	0000  08 00 00 18 f0 03 02 10  00 d7 00 10 09 02 00 00 |................|
[5507] +187.042071 ASYNC-IN-SUBMIT ep=0x81 len=0 type=BULK (in, awaiting data)
[5508] +187.142855 ASYNC-IN-DONE ep=0x81 len=0 status=2 actual=0
[5509] +187.142952 ASYNC-IN-SUBMIT ep=0x81 len=0 type=BULK (in, awaiting data)
[5510] +187.248739 ASYNC-IN-DONE ep=0x81 len=0 status=2 actual=0
[5511] +187.248837 ASYNC-IN-SUBMIT ep=0x81 len=0 type=BULK (in, awaiting data)
[5512] +187.352645 ASYNC-IN-DONE ep=0x81 len=0 status=2 actual=0
[5513] +187.352742 ASYNC-IN-SUBMIT ep=0x81 len=0 type=BULK (in, awaiting data)
[5514] +187.430599 ASYNC-OUT ep=0x01 len=16 type=BULK 
	0000  08 00 00 18 02 10 f0 03  00 bd 00 10 5b 13 00 00 |............[...|
[5515] +187.430933 ASYNC-OUT-DONE ep=0x01 len=0 status=0 actual=16
[5516] +187.457271 ASYNC-IN-DONE ep=0x81 len=0 status=2 actual=0
[5517] +187.457340 ASYNC-IN-SUBMIT ep=0x81 len=0 type=BULK (in, awaiting data)
[5518] +187.534675 ASYNC-OUT ep=0x01 len=16 type=BULK 
	0000  08 00 00 18 01 10 ef 03  00 c7 00 10 93 1e 00 00 |................|
[5519] +187.534961 ASYNC-OUT-DONE ep=0x01 len=0 status=0 actual=16
[5520] +187.562622 ASYNC-IN-DONE ep=0x81 len=0 status=2 actual=0
[5521] +187.562681 ASYNC-IN-SUBMIT ep=0x81 len=0 type=BULK (in, awaiting data)
[5522] +187.643590 ASYNC-IN-DONE ep=0x81 len=16 status=0 actual=16
	0000  08 00 00 18 ed 03 80 10  00 f9 00 10 86 03 00 00 |................|
[5523] +187.643699 ASYNC-IN-SUBMIT ep=0x81 len=0 type=BULK (in, awaiting data)
[5524] +187.754925 ASYNC-IN-DONE ep=0x81 len=0 status=2 actual=0
[5525] +187.755021 ASYNC-IN-SUBMIT ep=0x81 len=0 type=BULK (in, awaiting data)
[5526] +187.846499 ASYNC-OUT ep=0x01 len=16 type=BULK 
	0000  08 00 00 18 80 10 ed 03  00 f1 00 10 db 39 00 00 |.............9..|
[5527] +187.846868 ASYNC-OUT-DONE ep=0x01 len=0 status=0 actual=16
[5528] +187.862650 ASYNC-IN-DONE ep=0x81 len=0 status=2 actual=0
[5529] +187.862723 ASYNC-IN-SUBMIT ep=0x81 len=0 type=BULK (in, awaiting data)
[5530] +187.965784 ASYNC-IN-DONE ep=0x81 len=0 status=2 actual=0
[5531] +187.965879 ASYNC-IN-SUBMIT ep=0x81 len=0 type=BULK (in, awaiting data)
[5532] +188.044144 ASYNC-IN-DONE ep=0x81 len=16 status=0 actual=16
	0000  08 00 00 18 ef 03 01 10  00 ce 00 10 65 02 00 00 |............e...|
[5533] +188.044274 ASYNC-IN-SUBMIT ep=0x81 len=0 type=BULK (in, awaiting data)
[5534] +188.044454 ASYNC-IN-DONE ep=0x81 len=16 status=0 actual=16
	0000  08 00 00 18 f0 03 02 10  00 d8 00 10 09 02 00 00 |................|
[5535] +188.044525 ASYNC-IN-SUBMIT ep=0x81 len=0 type=BULK (in, awaiting data)
[5536] +188.154544 ASYNC-IN-DONE ep=0x81 len=0 status=2 actual=0
[5537] +188.154634 ASYNC-IN-SUBMIT ep=0x81 len=0 type=BULK (in, awaiting data)
[5538] +188.267442 ASYNC-IN-DONE ep=0x81 len=0 status=2 actual=0
[5539] +188.267533 ASYNC-IN-SUBMIT ep=0x81 len=0 type=BULK (in, awaiting data)
[5540] +188.371287 ASYNC-IN-DONE ep=0x81 len=0 status=2 actual=0
[5541] +188.371377 ASYNC-IN-SUBMIT ep=0x81 len=0 type=BULK (in, awaiting data)
[5542] +188.468347 ASYNC-OUT ep=0x01 len=16 type=BULK 
	0000  08 00 00 18 02 10 f0 03  00 be 00 10 5b 13 00 00 |............[...|
[5543] +188.468682 ASYNC-OUT-DONE ep=0x01 len=0 status=0 actual=16
[5544] +188.484010 ASYNC-IN-DONE ep=0x81 len=0 status=2 actual=0
[5545] +188.484062 ASYNC-IN-SUBMIT ep=0x81 len=0 type=BULK (in, awaiting data)
[5546] +188.572397 ASYNC-OUT ep=0x01 len=16 type=BULK 
	0000  08 00 00 18 01 10 ef 03  00 c8 00 10 93 1e 00 00 |................|
[5547] +188.572675 ASYNC-OUT-DONE ep=0x01 len=0 status=0 actual=16
[5548] +188.596577 ASYNC-IN-DONE ep=0x81 len=0 status=2 actual=0
[5549] +188.596680 ASYNC-IN-SUBMIT ep=0x81 len=0 type=BULK (in, awaiting data)
[5550] +188.645735 ASYNC-IN-DONE ep=0x81 len=16 status=0 actual=16
	0000  08 00 00 18 ed 03 80 10  00 fa 00 10 86 03 00 00 |................|
[5551] +188.645869 ASYNC-IN-SUBMIT ep=0x81 len=0 type=BULK (in, awaiting data)
[5552] +188.754728 ASYNC-IN-DONE ep=0x81 len=0 status=2 actual=0
[5553] +188.754795 ASYNC-IN-SUBMIT ep=0x81 len=0 type=BULK (in, awaiting data)
[5554] +188.867398 ASYNC-IN-DONE ep=0x81 len=0 status=2 actual=0
[5555] +188.867456 ASYNC-IN-SUBMIT ep=0x81 len=0 type=BULK (in, awaiting data)
[5556] +188.884756 ASYNC-OUT ep=0x01 len=16 type=BULK 
	0000  08 00 00 18 80 10 ed 03  00 f2 00 10 db 39 00 00 |.............9..|
[5557] +188.885029 ASYNC-OUT-DONE ep=0x01 len=0 status=0 actual=16
[5558] +188.971031 ASYNC-IN-DONE ep=0x81 len=0 status=2 actual=0
[5559] +188.971127 ASYNC-IN-SUBMIT ep=0x81 len=0 type=BULK (in, awaiting data)
[5560] +189.047223 ASYNC-IN-DONE ep=0x81 len=16 status=0 actual=16
	0000  08 00 00 18 ef 03 01 10  00 cf 00 10 65 02 00 00 |............e...|
[5561] +189.047361 ASYNC-IN-SUBMIT ep=0x81 len=0 type=BULK (in, awaiting data)
[5562] +189.047545 ASYNC-IN-DONE ep=0x81 len=16 status=0 actual=16
	0000  08 00 00 18 f0 03 02 10  00 d9 00 10 09 02 00 00 |................|
[5563] +189.047610 ASYNC-IN-SUBMIT ep=0x81 len=0 type=BULK (in, awaiting data)
[5564] +189.159575 ASYNC-IN-DONE ep=0x81 len=0 status=2 actual=0
[5565] +189.159677 ASYNC-IN-SUBMIT ep=0x81 len=0 type=BULK (in, awaiting data)
[5566] +189.262245 ASYNC-IN-DONE ep=0x81 len=0 status=2 actual=0
[5567] +189.262383 ASYNC-IN-SUBMIT ep=0x81 len=0 type=BULK (in, awaiting data)
[5568] +189.365162 ASYNC-IN-DONE ep=0x81 len=0 status=2 actual=0
[5569] +189.365241 ASYNC-IN-SUBMIT ep=0x81 len=0 type=BULK (in, awaiting data)
[5570] +189.478050 ASYNC-IN-DONE ep=0x81 len=0 status=2 actual=0
[5571] +189.478148 ASYNC-IN-SUBMIT ep=0x81 len=0 type=BULK (in, awaiting data)
[5572] +189.508685 ASYNC-OUT ep=0x01 len=16 type=BULK 
	0000  08 00 00 18 02 10 f0 03  00 bf 00 10 5b 13 00 00 |............[...|
[5573] +189.508990 ASYNC-OUT-DONE ep=0x01 len=0 status=0 actual=16
[5574] +189.586962 ASYNC-IN-DONE ep=0x81 len=0 status=2 actual=0
[5575] +189.587093 ASYNC-IN-SUBMIT ep=0x81 len=0 type=BULK (in, awaiting data)
[5576] +189.612778 ASYNC-OUT ep=0x01 len=16 type=BULK 
	0000  08 00 00 18 01 10 ef 03  00 c9 00 10 93 1e 00 00 |................|
[5577] +189.613093 ASYNC-OUT-DONE ep=0x01 len=0 status=0 actual=16
[5578] +189.649185 ASYNC-IN-DONE ep=0x81 len=16 status=0 actual=16
	0000  08 00 00 18 ed 03 80 10  00 fb 00 10 86 03 00 00 |................|
[5579] +189.649310 ASYNC-IN-SUBMIT ep=0x81 len=0 type=BULK (in, awaiting data)
[5580] +189.758193 ASYNC-IN-DONE ep=0x81 len=0 status=2 actual=0
[5581] +189.758294 ASYNC-IN-SUBMIT ep=0x81 len=0 type=BULK (in, awaiting data)
[5582] +189.871145 ASYNC-IN-DONE ep=0x81 len=0 status=2 actual=0
[5583] +189.871262 ASYNC-IN-SUBMIT ep=0x81 len=0 type=BULK (in, awaiting data)
[5584] +189.925157 ASYNC-OUT ep=0x01 len=16 type=BULK 
	0000  08 00 00 18 80 10 ed 03  00 f3 00 10 db 39 00 00 |.............9..|
[5585] +189.925468 ASYNC-OUT-DONE ep=0x01 len=0 status=0 actual=16
[5586] +189.984148 ASYNC-IN-DONE ep=0x81 len=0 status=2 actual=0
[5587] +189.984225 ASYNC-IN-SUBMIT ep=0x81 len=0 type=BULK (in, awaiting data)
[5588] +190.050900 ASYNC-IN-DONE ep=0x81 len=16 status=0 actual=16
	0000  08 00 00 18 ef 03 01 10  00 d0 00 10 65 02 00 00 |............e...|
[5589] +190.051109 ASYNC-IN-SUBMIT ep=0x81 len=0 type=BULK (in, awaiting data)
[5590] +190.051281 ASYNC-IN-DONE ep=0x81 len=16 status=0 actual=16
	0000  08 00 00 18 f0 03 02 10  00 da 00 10 09 02 00 00 |................|
[5591] +190.051328 ASYNC-IN-SUBMIT ep=0x81 len=0 type=BULK (in, awaiting data)
[5592] +190.160624 ASYNC-IN-DONE ep=0x81 len=0 status=2 actual=0
[5593] +190.160704 ASYNC-IN-SUBMIT ep=0x81 len=0 type=BULK (in, awaiting data)
[5594] +190.273534 ASYNC-IN-DONE ep=0x81 len=0 status=2 actual=0
[5595] +190.273629 ASYNC-IN-SUBMIT ep=0x81 len=0 type=BULK (in, awaiting data)
[5596] +190.374774 ASYNC-IN-DONE ep=0x81 len=0 status=2 actual=0
[5597] +190.374819 ASYNC-IN-SUBMIT ep=0x81 len=0 type=BULK (in, awaiting data)
[5598] +190.487680 ASYNC-IN-DONE ep=0x81 len=0 status=2 actual=0
[5599] +190.487778 ASYNC-IN-SUBMIT ep=0x81 len=0 type=BULK (in, awaiting data)
[5600] +190.548245 ASYNC-OUT ep=0x01 len=16 type=BULK 
	0000  08 00 00 18 02 10 f0 03  00 c0 00 10 5b 13 00 00 |............[...|
[5601] +190.548584 ASYNC-OUT-DONE ep=0x01 len=0 status=0 actual=16
[5602] +190.600416 ASYNC-IN-DONE ep=0x81 len=0 status=2 actual=0
[5603] +190.600499 ASYNC-IN-SUBMIT ep=0x81 len=0 type=BULK (in, awaiting data)
[5604] +190.652361 ASYNC-OUT ep=0x01 len=16 type=BULK 
	0000  08 00 00 18 01 10 ef 03  00 ca 00 10 93 1e 00 00 |................|
[5605] +190.652635 ASYNC-OUT-DONE ep=0x01 len=0 status=0 actual=16
[5606] +190.652805 ASYNC-IN-DONE ep=0x81 len=16 status=0 actual=16
	0000  08 00 00 18 ed 03 80 10  00 fc 00 10 86 03 00 00 |................|
[5607] +190.652865 ASYNC-IN-SUBMIT ep=0x81 len=0 type=BULK (in, awaiting data)
[5608] +190.763212 ASYNC-IN-DONE ep=0x81 len=0 status=2 actual=0
[5609] +190.763307 ASYNC-IN-SUBMIT ep=0x81 len=0 type=BULK (in, awaiting data)
[5610] +190.869283 ASYNC-IN-DONE ep=0x81 len=0 status=2 actual=0
[5611] +190.869367 ASYNC-IN-SUBMIT ep=0x81 len=0 type=BULK (in, awaiting data)
[5612] +190.964626 ASYNC-OUT ep=0x01 len=16 type=BULK 
	0000  08 00 00 18 80 10 ed 03  00 f4 00 10 db 39 00 00 |.............9..|
[5613] +190.964987 ASYNC-OUT-DONE ep=0x01 len=0 status=0 actual=16
[5614] +190.979450 ASYNC-IN-DONE ep=0x81 len=0 status=2 actual=0
[5615] +190.979541 ASYNC-IN-SUBMIT ep=0x81 len=0 type=BULK (in, awaiting data)
[5616] +191.054016 ASYNC-IN-DONE ep=0x81 len=16 status=0 actual=16
	0000  08 00 00 18 ef 03 01 10  00 d1 00 10 65 02 00 00 |............e...|
[5617] +191.054179 ASYNC-IN-SUBMIT ep=0x81 len=0 type=BULK (in, awaiting data)
[5618] +191.054385 ASYNC-IN-DONE ep=0x81 len=16 status=0 actual=16
	0000  08 00 00 18 f0 03 02 10  00 db 00 10 09 02 00 00 |................|
[5619] +191.054472 ASYNC-IN-SUBMIT ep=0x81 len=0 type=BULK (in, awaiting data)
[5620] +191.161594 ASYNC-IN-DONE ep=0x81 len=0 status=2 actual=0
[5621] +191.161660 ASYNC-IN-SUBMIT ep=0x81 len=0 type=BULK (in, awaiting data)
[5622] +191.272319 ASYNC-IN-DONE ep=0x81 len=0 status=2 actual=0
[5623] +191.272425 ASYNC-IN-SUBMIT ep=0x81 len=0 type=BULK (in, awaiting data)
[5624] +191.378463 ASYNC-IN-DONE ep=0x81 len=0 status=2 actual=0
[5625] +191.378572 ASYNC-IN-SUBMIT ep=0x81 len=0 type=BULK (in, awaiting data)
[5626] +191.478917 ASYNC-IN-DONE ep=0x81 len=0 status=2 actual=0
[5627] +191.479015 ASYNC-IN-SUBMIT ep=0x81 len=0 type=BULK (in, awaiting data)
[5628] +191.588173 ASYNC-OUT ep=0x01 len=16 type=BULK 
	0000  08 00 00 18 02 10 f0 03  00 c1 00 10 5b 13 00 00 |............[...|
[5629] +191.588354 ASYNC-IN-DONE ep=0x81 len=0 status=2 actual=0
[5630] +191.588407 ASYNC-IN-SUBMIT ep=0x81 len=0 type=BULK (in, awaiting data)
[5631] +191.588546 ASYNC-OUT-DONE ep=0x01 len=0 status=0 actual=16
[5632] +191.655680 ASYNC-IN-DONE ep=0x81 len=16 status=0 actual=16
	0000  08 00 00 18 ed 03 80 10  00 fd 00 10 86 03 00 00 |................|
[5633] +191.655823 ASYNC-IN-SUBMIT ep=0x81 len=0 type=BULK (in, awaiting data)
[5634] +191.692246 ASYNC-OUT ep=0x01 len=16 type=BULK 
	0000  08 00 00 18 01 10 ef 03  00 cb 00 10 93 1e 00 00 |................|
[5635] +191.692494 ASYNC-OUT-DONE ep=0x01 len=0 status=0 actual=16
[5636] +191.768642 ASYNC-IN-DONE ep=0x81 len=0 status=2 actual=0
[5637] +191.768741 ASYNC-IN-SUBMIT ep=0x81 len=0 type=BULK (in, awaiting data)
[5638] +191.873091 ASYNC-IN-DONE ep=0x81 len=0 status=2 actual=0
[5639] +191.873199 ASYNC-IN-SUBMIT ep=0x81 len=0 type=BULK (in, awaiting data)
[5640] +191.978217 ASYNC-IN-DONE ep=0x81 len=0 status=2 actual=0
[5641] +191.978314 ASYNC-IN-SUBMIT ep=0x81 len=0 type=BULK (in, awaiting data)
[5642] +192.004142 ASYNC-OUT ep=0x01 len=16 type=BULK 
	0000  08 00 00 18 80 10 ed 03  00 f5 00 10 db 39 00 00 |.............9..|
[5643] +192.004423 ASYNC-OUT-DONE ep=0x01 len=0 status=0 actual=16
[5644] +192.057208 ASYNC-IN-DONE ep=0x81 len=16 status=0 actual=16
	0000  08 00 00 18 ef 03 01 10  00 d2 00 10 65 02 00 00 |............e...|
[5645] +192.057315 ASYNC-IN-SUBMIT ep=0x81 len=0 type=BULK (in, awaiting data)
[5646] +192.057440 ASYNC-IN-DONE ep=0x81 len=16 status=0 actual=16
	0000  08 00 00 18 f0 03 02 10  00 dc 00 10 09 02 00 00 |................|
[5647] +192.057476 ASYNC-IN-SUBMIT ep=0x81 len=0 type=BULK (in, awaiting data)
[5648] +192.162654 ASYNC-IN-DONE ep=0x81 len=0 status=2 actual=0
[5649] +192.162769 ASYNC-IN-SUBMIT ep=0x81 len=0 type=BULK (in, awaiting data)
[5650] +192.275545 ASYNC-IN-DONE ep=0x81 len=0 status=2 actual=0
[5651] +192.275620 ASYNC-IN-SUBMIT ep=0x81 len=0 type=BULK (in, awaiting data)
[5652] +192.386080 ASYNC-IN-DONE ep=0x81 len=0 status=2 actual=0
[5653] +192.386178 ASYNC-IN-SUBMIT ep=0x81 len=0 type=BULK (in, awaiting data)
[5654] +192.497181 ASYNC-IN-DONE ep=0x81 len=0 status=2 actual=0
[5655] +192.497282 ASYNC-IN-SUBMIT ep=0x81 len=0 type=BULK (in, awaiting data)
[5656] +192.598223 ASYNC-IN-DONE ep=0x81 len=0 status=2 actual=0
[5657] +192.598328 ASYNC-IN-SUBMIT ep=0x81 len=0 type=BULK (in, awaiting data)
[5658] +192.626639 ASYNC-OUT ep=0x01 len=16 type=BULK 
	0000  08 00 00 18 02 10 f0 03  00 c2 00 10 5b 13 00 00 |............[...|
[5659] +192.626944 ASYNC-OUT-DONE ep=0x01 len=0 status=0 actual=16
[5660] +192.659132 ASYNC-IN-DONE ep=0x81 len=16 status=0 actual=16
	0000  08 00 00 18 ed 03 80 10  00 fe 00 10 86 03 00 00 |................|
[5661] +192.659219 ASYNC-IN-SUBMIT ep=0x81 len=0 type=BULK (in, awaiting data)
[5662] +192.730533 ASYNC-OUT ep=0x01 len=16 type=BULK 
	0000  08 00 00 18 01 10 ef 03  00 cc 00 10 93 1e 00 00 |................|
[5663] +192.730908 ASYNC-OUT-DONE ep=0x01 len=0 status=0 actual=16
[5664] +192.771628 ASYNC-IN-DONE ep=0x81 len=0 status=2 actual=0
[5665] +192.771697 ASYNC-IN-SUBMIT ep=0x81 len=0 type=BULK (in, awaiting data)
[5666] +192.884168 ASYNC-IN-DONE ep=0x81 len=0 status=2 actual=0
[5667] +192.884268 ASYNC-IN-SUBMIT ep=0x81 len=0 type=BULK (in, awaiting data)
[5668] +192.996671 ASYNC-IN-DONE ep=0x81 len=0 status=2 actual=0
[5669] +192.996773 ASYNC-IN-SUBMIT ep=0x81 len=0 type=BULK (in, awaiting data)
[5670] +193.042283 ASYNC-OUT ep=0x01 len=16 type=BULK 
	0000  08 00 00 18 80 10 ed 03  00 f6 00 10 db 39 00 00 |.............9..|
[5671] +193.042551 ASYNC-OUT-DONE ep=0x01 len=0 status=0 actual=16
[5672] +193.060473 ASYNC-IN-DONE ep=0x81 len=16 status=0 actual=16
	0000  08 00 00 18 ef 03 01 10  00 d3 00 10 65 02 00 00 |............e...|
[5673] +193.060587 ASYNC-IN-SUBMIT ep=0x81 len=0 type=BULK (in, awaiting data)
[5674] +193.060893 ASYNC-IN-DONE ep=0x81 len=16 status=0 actual=16
	0000  08 00 00 18 f0 03 02 10  00 dd 00 10 09 02 00 00 |................|
[5675] +193.060928 ASYNC-IN-SUBMIT ep=0x81 len=0 type=BULK (in, awaiting data)
[5676] +193.162683 ASYNC-IN-DONE ep=0x81 len=0 status=2 actual=0
[5677] +193.162769 ASYNC-IN-SUBMIT ep=0x81 len=0 type=BULK (in, awaiting data)
[5678] +193.274282 ASYNC-IN-DONE ep=0x81 len=0 status=2 actual=0
[5679] +193.274404 ASYNC-IN-SUBMIT ep=0x81 len=0 type=BULK (in, awaiting data)
[5680] +193.382669 ASYNC-IN-DONE ep=0x81 len=0 status=2 actual=0
[5681] +193.382741 ASYNC-IN-SUBMIT ep=0x81 len=0 type=BULK (in, awaiting data)
[5682] +193.485362 ASYNC-IN-DONE ep=0x81 len=0 status=2 actual=0
[5683] +193.485425 ASYNC-IN-SUBMIT ep=0x81 len=0 type=BULK (in, awaiting data)
[5684] +193.589004 ASYNC-IN-DONE ep=0x81 len=0 status=2 actual=0
[5685] +193.589046 ASYNC-IN-SUBMIT ep=0x81 len=0 type=BULK (in, awaiting data)
[5686] +193.662645 ASYNC-IN-DONE ep=0x81 len=16 status=0 actual=16
	0000  08 00 00 18 ed 03 80 10  00 ff 00 10 86 03 00 00 |................|
[5687] +193.662696 ASYNC-IN-SUBMIT ep=0x81 len=0 type=BULK (in, awaiting data)
[5688] +193.666720 ASYNC-OUT ep=0x01 len=16 type=BULK 
	0000  08 00 00 18 02 10 f0 03  00 c3 00 10 5b 13 00 00 |............[...|
[5689] +193.667045 ASYNC-OUT-DONE ep=0x01 len=0 status=0 actual=16
[5690] +193.769870 ASYNC-OUT ep=0x01 len=16 type=BULK 
	0000  08 00 00 18 01 10 ef 03  00 cd 00 10 93 1e 00 00 |................|
[5691] +193.769970 ASYNC-IN-DONE ep=0x81 len=0 status=2 actual=0
[5692] +193.769996 ASYNC-IN-SUBMIT ep=0x81 len=0 type=BULK (in, awaiting data)
[5693] +193.770088 ASYNC-OUT-DONE ep=0x01 len=0 status=0 actual=16
[5694] +193.882750 ASYNC-IN-DONE ep=0x81 len=0 status=2 actual=0
[5695] +193.882828 ASYNC-IN-SUBMIT ep=0x81 len=0 type=BULK (in, awaiting data)
[5696] +193.995652 ASYNC-IN-DONE ep=0x81 len=0 status=2 actual=0
[5697] +193.995742 ASYNC-IN-SUBMIT ep=0x81 len=0 type=BULK (in, awaiting data)
[5698] +194.063993 ASYNC-IN-DONE ep=0x81 len=16 status=0 actual=16
	0000  08 00 00 18 ef 03 01 10  00 d4 00 10 65 02 00 00 |............e...|
[5699] +194.064119 ASYNC-IN-SUBMIT ep=0x81 len=0 type=BULK (in, awaiting data)
[5700] +194.064275 ASYNC-IN-DONE ep=0x81 len=16 status=0 actual=16
	0000  08 00 00 18 f0 03 02 10  00 de 00 10 09 02 00 00 |................|
[5701] +194.064346 ASYNC-IN-SUBMIT ep=0x81 len=0 type=BULK (in, awaiting data)
[5702] +194.080771 ASYNC-OUT ep=0x01 len=16 type=BULK 
	0000  08 00 00 18 80 10 ed 03  00 f7 00 10 db 39 00 00 |.............9..|
[5703] +194.081053 ASYNC-OUT-DONE ep=0x01 len=0 status=0 actual=16
[5704] +194.170291 ASYNC-IN-DONE ep=0x81 len=0 status=2 actual=0
[5705] +194.170442 ASYNC-IN-SUBMIT ep=0x81 len=0 type=BULK (in, awaiting data)
[5706] +194.279292 ASYNC-IN-DONE ep=0x81 len=0 status=2 actual=0
[5707] +194.279398 ASYNC-IN-SUBMIT ep=0x81 len=0 type=BULK (in, awaiting data)
[5708] +194.385820 ASYNC-IN-DONE ep=0x81 len=0 status=2 actual=0
[5709] +194.385937 ASYNC-IN-SUBMIT ep=0x81 len=0 type=BULK (in, awaiting data)
[5710] +194.498101 ASYNC-IN-DONE ep=0x81 len=0 status=2 actual=0
[5711] +194.498211 ASYNC-IN-SUBMIT ep=0x81 len=0 type=BULK (in, awaiting data)
[5712] +194.602681 ASYNC-IN-DONE ep=0x81 len=0 status=2 actual=0
[5713] +194.602794 ASYNC-IN-SUBMIT ep=0x81 len=0 type=BULK (in, awaiting data)
[5714] +194.666309 ASYNC-IN-DONE ep=0x81 len=16 status=0 actual=16
	0000  08 00 00 18 ed 03 80 10  00 00 00 10 86 03 00 00 |................|
[5715] +194.666459 ASYNC-IN-SUBMIT ep=0x81 len=0 type=BULK (in, awaiting data)
[5716] +194.704032 ASYNC-OUT ep=0x01 len=16 type=BULK 
	0000  08 00 00 18 02 10 f0 03  00 c4 00 10 5b 13 00 00 |............[...|
[5717] +194.704340 ASYNC-OUT-DONE ep=0x01 len=0 status=0 actual=16
[5718] +194.775770 ASYNC-IN-DONE ep=0x81 len=0 status=2 actual=0
[5719] +194.775859 ASYNC-IN-SUBMIT ep=0x81 len=0 type=BULK (in, awaiting data)
[5720] +194.808117 ASYNC-OUT ep=0x01 len=16 type=BULK 
	0000  08 00 00 18 01 10 ef 03  00 ce 00 10 93 1e 00 00 |................|
[5721] +194.808466 ASYNC-OUT-DONE ep=0x01 len=0 status=0 actual=16
[5722] +194.888683 ASYNC-IN-DONE ep=0x81 len=0 status=2 actual=0
[5723] +194.888779 ASYNC-IN-SUBMIT ep=0x81 len=0 type=BULK (in, awaiting data)
[5724] +195.001371 ASYNC-IN-DONE ep=0x81 len=0 status=2 actual=0
[5725] +195.001462 ASYNC-IN-SUBMIT ep=0x81 len=0 type=BULK (in, awaiting data)
[5726] +195.067972 ASYNC-IN-DONE ep=0x81 len=16 status=0 actual=16
	0000  08 00 00 18 ef 03 01 10  00 d5 00 10 65 02 00 00 |............e...|
[5727] +195.068081 ASYNC-IN-SUBMIT ep=0x81 len=0 type=BULK (in, awaiting data)
[5728] +195.068233 ASYNC-IN-DONE ep=0x81 len=16 status=0 actual=16
	0000  08 00 00 18 f0 03 02 10  00 df 00 10 09 02 00 00 |................|
[5729] +195.068280 ASYNC-IN-SUBMIT ep=0x81 len=0 type=BULK (in, awaiting data)
[5730] +195.119653 ASYNC-OUT ep=0x01 len=16 type=BULK 
	0000  08 00 00 18 80 10 ed 03  00 f8 00 10 db 39 00 00 |.............9..|
[5731] +195.119983 ASYNC-OUT-DONE ep=0x01 len=0 status=0 actual=16
[5732] +195.178218 ASYNC-IN-DONE ep=0x81 len=0 status=2 actual=0
[5733] +195.178299 ASYNC-IN-SUBMIT ep=0x81 len=0 type=BULK (in, awaiting data)
[5734] +195.283092 ASYNC-IN-DONE ep=0x81 len=0 status=2 actual=0
[5735] +195.283204 ASYNC-IN-SUBMIT ep=0x81 len=0 type=BULK (in, awaiting data)
[5736] +195.389594 ASYNC-IN-DONE ep=0x81 len=0 status=2 actual=0
[5737] +195.389702 ASYNC-IN-SUBMIT ep=0x81 len=0 type=BULK (in, awaiting data)
[5738] +195.492430 ASYNC-IN-DONE ep=0x81 len=0 status=2 actual=0
[5739] +195.492506 ASYNC-IN-SUBMIT ep=0x81 len=0 type=BULK (in, awaiting data)
[5740] +195.605323 ASYNC-IN-DONE ep=0x81 len=0 status=2 actual=0
[5741] +195.605433 ASYNC-IN-SUBMIT ep=0x81 len=0 type=BULK (in, awaiting data)
[5742] +195.669690 ASYNC-IN-DONE ep=0x81 len=16 status=0 actual=16
	0000  08 00 00 18 ed 03 80 10  00 01 00 10 86 03 00 00 |................|
[5743] +195.669853 ASYNC-IN-SUBMIT ep=0x81 len=0 type=BULK (in, awaiting data)
[5744] +195.742241 ASYNC-OUT ep=0x01 len=16 type=BULK 
	0000  08 00 00 18 02 10 f0 03  00 c5 00 10 5b 13 00 00 |............[...|
[5745] +195.742626 ASYNC-OUT-DONE ep=0x01 len=0 status=0 actual=16
[5746] +195.771846 ASYNC-IN-DONE ep=0x81 len=0 status=2 actual=0
[5747] +195.771939 ASYNC-IN-SUBMIT ep=0x81 len=0 type=BULK (in, awaiting data)
[5748] +195.846330 ASYNC-OUT ep=0x01 len=16 type=BULK 
	0000  08 00 00 18 01 10 ef 03  00 cf 00 10 93 1e 00 00 |................|
[5749] +195.846670 ASYNC-OUT-DONE ep=0x01 len=0 status=0 actual=16
[5750] +195.880321 ASYNC-IN-DONE ep=0x81 len=0 status=2 actual=0
[5751] +195.880408 ASYNC-IN-SUBMIT ep=0x81 len=0 type=BULK (in, awaiting data)
[5752] +195.985084 ASYNC-IN-DONE ep=0x81 len=0 status=2 actual=0
[5753] +195.985182 ASYNC-IN-SUBMIT ep=0x81 len=0 type=BULK (in, awaiting data)
[5754] +196.070801 ASYNC-IN-DONE ep=0x81 len=16 status=0 actual=16
	0000  08 00 00 18 ef 03 01 10  00 d6 00 10 65 02 00 00 |............e...|
[5755] +196.071017 ASYNC-IN-SUBMIT ep=0x81 len=0 type=BULK (in, awaiting data)
[5756] +196.071253 ASYNC-IN-DONE ep=0x81 len=16 status=0 actual=16
	0000  08 00 00 18 f0 03 02 10  00 e0 00 10 09 02 00 00 |................|
[5757] +196.071324 ASYNC-IN-SUBMIT ep=0x81 len=0 type=BULK (in, awaiting data)
[5758] +196.157337 ASYNC-OUT ep=0x01 len=16 type=BULK 
	0000  08 00 00 18 80 10 ed 03  00 f9 00 10 db 39 00 00 |.............9..|
[5759] +196.157689 ASYNC-OUT-DONE ep=0x01 len=0 status=0 actual=16
[5760] +196.183466 ASYNC-IN-DONE ep=0x81 len=0 status=2 actual=0
[5761] +196.183534 ASYNC-IN-SUBMIT ep=0x81 len=0 type=BULK (in, awaiting data)
[5762] +196.295358 ASYNC-IN-DONE ep=0x81 len=0 status=2 actual=0
[5763] +196.295460 ASYNC-IN-SUBMIT ep=0x81 len=0 type=BULK (in, awaiting data)
[5764] +196.408298 ASYNC-IN-DONE ep=0x81 len=0 status=2 actual=0
[5765] +196.408412 ASYNC-IN-SUBMIT ep=0x81 len=0 type=BULK (in, awaiting data)
[5766] +196.517465 ASYNC-IN-DONE ep=0x81 len=0 status=2 actual=0
[5767] +196.517584 ASYNC-IN-SUBMIT ep=0x81 len=0 type=BULK (in, awaiting data)
[5768] +196.625654 ASYNC-IN-DONE ep=0x81 len=0 status=2 actual=0
[5769] +196.625766 ASYNC-IN-SUBMIT ep=0x81 len=0 type=BULK (in, awaiting data)
[5770] +196.672765 ASYNC-IN-DONE ep=0x81 len=16 status=0 actual=16
	0000  08 00 00 18 ed 03 80 10  00 02 00 10 86 03 00 00 |................|
[5771] +196.672917 ASYNC-IN-SUBMIT ep=0x81 len=0 type=BULK (in, awaiting data)
[5772] +196.780190 ASYNC-OUT ep=0x01 len=16 type=BULK 
	0000  08 00 00 18 02 10 f0 03  00 c6 00 10 5b 13 00 00 |............[...|
[5773] +196.780481 ASYNC-OUT-DONE ep=0x01 len=0 status=0 actual=16
[5774] +196.784841 ASYNC-IN-DONE ep=0x81 len=0 status=2 actual=0
[5775] +196.784903 ASYNC-IN-SUBMIT ep=0x81 len=0 type=BULK (in, awaiting data)
[5776] +196.883689 ASYNC-OUT ep=0x01 len=16 type=BULK 
	0000  08 00 00 18 01 10 ef 03  00 d0 00 10 93 1e 00 00 |................|
[5777] +196.884044 ASYNC-OUT-DONE ep=0x01 len=0 status=0 actual=16
[5778] +196.896639 ASYNC-IN-DONE ep=0x81 len=0 status=2 actual=0
[5779] +196.896700 ASYNC-IN-SUBMIT ep=0x81 len=0 type=BULK (in, awaiting data)
[5780] +197.009549 ASYNC-IN-DONE ep=0x81 len=0 status=2 actual=0
[5781] +197.009641 ASYNC-IN-SUBMIT ep=0x81 len=0 type=BULK (in, awaiting data)
[5782] +197.073942 ASYNC-IN-DONE ep=0x81 len=16 status=0 actual=16
	0000  08 00 00 18 ef 03 01 10  00 d7 00 10 65 02 00 00 |............e...|
[5783] +197.074028 ASYNC-IN-SUBMIT ep=0x81 len=0 type=BULK (in, awaiting data)
[5784] +197.074157 ASYNC-IN-DONE ep=0x81 len=16 status=0 actual=16
	0000  08 00 00 18 f0 03 02 10  00 e1 00 10 09 02 00 00 |................|
[5785] +197.074201 ASYNC-IN-SUBMIT ep=0x81 len=0 type=BULK (in, awaiting data)
[5786] +197.184125 ASYNC-IN-DONE ep=0x81 len=0 status=2 actual=0
[5787] +197.184233 ASYNC-IN-SUBMIT ep=0x81 len=0 type=BULK (in, awaiting data)
[5788] +197.194549 ASYNC-OUT ep=0x01 len=16 type=BULK 
	0000  08 00 00 18 80 10 ed 03  00 fa 00 10 db 39 00 00 |.............9..|
[5789] +197.194790 ASYNC-OUT-DONE ep=0x01 len=0 status=0 actual=16
[5790] +197.297061 ASYNC-IN-DONE ep=0x81 len=0 status=2 actual=0
[5791] +197.297149 ASYNC-IN-SUBMIT ep=0x81 len=0 type=BULK (in, awaiting data)
[5792] +197.404327 ASYNC-IN-DONE ep=0x81 len=0 status=2 actual=0
[5793] +197.404435 ASYNC-IN-SUBMIT ep=0x81 len=0 type=BULK (in, awaiting data)
[5794] +197.511306 ASYNC-IN-DONE ep=0x81 len=0 status=2 actual=0
[5795] +197.511414 ASYNC-IN-SUBMIT ep=0x81 len=0 type=BULK (in, awaiting data)
[5796] +197.619064 ASYNC-IN-DONE ep=0x81 len=0 status=2 actual=0
[5797] +197.619171 ASYNC-IN-SUBMIT ep=0x81 len=0 type=BULK (in, awaiting data)
[5798] +197.675940 ASYNC-IN-DONE ep=0x81 len=16 status=0 actual=16
	0000  08 00 00 18 ed 03 80 10  00 03 00 10 86 03 00 00 |................|
[5799] +197.676089 ASYNC-IN-SUBMIT ep=0x81 len=0 type=BULK (in, awaiting data)
[5800] +197.788920 ASYNC-IN-DONE ep=0x81 len=0 status=2 actual=0
[5801] +197.789041 ASYNC-IN-SUBMIT ep=0x81 len=0 type=BULK (in, awaiting data)
[5802] +197.816126 ASYNC-OUT ep=0x01 len=16 type=BULK 
	0000  08 00 00 18 02 10 f0 03  00 c7 00 10 5b 13 00 00 |............[...|
[5803] +197.816385 ASYNC-OUT-DONE ep=0x01 len=0 status=0 actual=16
[5804] +197.900791 ASYNC-IN-DONE ep=0x81 len=0 status=2 actual=0
[5805] +197.900907 ASYNC-IN-SUBMIT ep=0x81 len=0 type=BULK (in, awaiting data)
[5806] +197.920119 ASYNC-OUT ep=0x01 len=16 type=BULK 
	0000  08 00 00 18 01 10 ef 03  00 d1 00 10 93 1e 00 00 |................|
[5807] +197.920396 ASYNC-OUT-DONE ep=0x01 len=0 status=0 actual=16
[5808] +198.013447 ASYNC-IN-DONE ep=0x81 len=0 status=2 actual=0
[5809] +198.013528 ASYNC-IN-SUBMIT ep=0x81 len=0 type=BULK (in, awaiting data)
[5810] +198.077480 ASYNC-IN-DONE ep=0x81 len=16 status=0 actual=16
	0000  08 00 00 18 ef 03 01 10  00 d8 00 10 65 02 00 00 |............e...|
[5811] +198.077591 ASYNC-IN-SUBMIT ep=0x81 len=0 type=BULK (in, awaiting data)
[5812] +198.077757 ASYNC-IN-DONE ep=0x81 len=16 status=0 actual=16
	0000  08 00 00 18 f0 03 02 10  00 e2 00 10 09 02 00 00 |................|
[5813] +198.077837 ASYNC-IN-SUBMIT ep=0x81 len=0 type=BULK (in, awaiting data)
[5814] +198.184607 ASYNC-IN-DONE ep=0x81 len=0 status=2 actual=0
[5815] +198.184682 ASYNC-IN-SUBMIT ep=0x81 len=0 type=BULK (in, awaiting data)
[5816] +198.232438 ASYNC-OUT ep=0x01 len=16 type=BULK 
	0000  08 00 00 18 80 10 ed 03  00 fb 00 10 db 39 00 00 |.............9..|
[5817] +198.232782 ASYNC-OUT-DONE ep=0x01 len=0 status=0 actual=16
[5818] +198.292999 ASYNC-IN-DONE ep=0x81 len=0 status=2 actual=0
[5819] +198.293093 ASYNC-IN-SUBMIT ep=0x81 len=0 type=BULK (in, awaiting data)
[5820] +198.403771 ASYNC-IN-DONE ep=0x81 len=0 status=2 actual=0
[5821] +198.403884 ASYNC-IN-SUBMIT ep=0x81 len=0 type=BULK (in, awaiting data)
[5822] +198.515494 ASYNC-IN-DONE ep=0x81 len=0 status=2 actual=0
[5823] +198.515609 ASYNC-IN-SUBMIT ep=0x81 len=0 type=BULK (in, awaiting data)
[5824] +198.622545 ASYNC-IN-DONE ep=0x81 len=0 status=2 actual=0
[5825] +198.622625 ASYNC-IN-SUBMIT ep=0x81 len=0 type=BULK (in, awaiting data)
[5826] +198.679493 ASYNC-IN-DONE ep=0x81 len=16 status=0 actual=16
	0000  08 00 00 18 ed 03 80 10  00 04 00 10 86 03 00 00 |................|
[5827] +198.679632 ASYNC-IN-SUBMIT ep=0x81 len=0 type=BULK (in, awaiting data)
[5828] +198.785365 ASYNC-IN-DONE ep=0x81 len=0 status=2 actual=0
[5829] +198.785472 ASYNC-IN-SUBMIT ep=0x81 len=0 type=BULK (in, awaiting data)
[5830] +198.856448 ASYNC-OUT ep=0x01 len=16 type=BULK 
	0000  08 00 00 18 02 10 f0 03  00 c8 00 10 5b 13 00 00 |............[...|
[5831] +198.856802 ASYNC-OUT-DONE ep=0x01 len=0 status=0 actual=16
[5832] +198.897855 ASYNC-IN-DONE ep=0x81 len=0 status=2 actual=0
[5833] +198.897942 ASYNC-IN-SUBMIT ep=0x81 len=0 type=BULK (in, awaiting data)
[5834] +198.960600 ASYNC-OUT ep=0x01 len=16 type=BULK 
	0000  08 00 00 18 01 10 ef 03  00 d2 00 10 93 1e 00 00 |................|
[5835] +198.960943 ASYNC-OUT-DONE ep=0x01 len=0 status=0 actual=16
[5836] +199.010792 ASYNC-IN-DONE ep=0x81 len=0 status=2 actual=0
[5837] +199.010915 ASYNC-IN-SUBMIT ep=0x81 len=0 type=BULK (in, awaiting data)
[5838] +199.080341 ASYNC-IN-DONE ep=0x81 len=16 status=0 actual=16
	0000  08 00 00 18 ef 03 01 10  00 d9 00 10 65 02 00 00 |............e...|
[5839] +199.080472 ASYNC-IN-SUBMIT ep=0x81 len=0 type=BULK (in, awaiting data)
[5840] +199.080666 ASYNC-IN-DONE ep=0x81 len=16 status=0 actual=16
	0000  08 00 00 18 f0 03 02 10  00 e3 00 10 09 02 00 00 |................|
[5841] +199.080728 ASYNC-IN-SUBMIT ep=0x81 len=0 type=BULK (in, awaiting data)
[5842] +199.193513 ASYNC-IN-DONE ep=0x81 len=0 status=2 actual=0
[5843] +199.193561 ASYNC-IN-SUBMIT ep=0x81 len=0 type=BULK (in, awaiting data)
[5844] +199.272510 ASYNC-OUT ep=0x01 len=16 type=BULK 
	0000  08 00 00 18 80 10 ed 03  00 fc 00 10 db 39 00 00 |.............9..|
[5845] +199.272851 ASYNC-OUT-DONE ep=0x01 len=0 status=0 actual=16
[5846] +199.302106 ASYNC-IN-DONE ep=0x81 len=0 status=2 actual=0
[5847] +199.302175 ASYNC-IN-SUBMIT ep=0x81 len=0 type=BULK (in, awaiting data)
[5848] +199.407433 ASYNC-IN-DONE ep=0x81 len=0 status=2 actual=0
[5849] +199.407514 ASYNC-IN-SUBMIT ep=0x81 len=0 type=BULK (in, awaiting data)
[5850] +199.513672 ASYNC-IN-DONE ep=0x81 len=0 status=2 actual=0
[5851] +199.513755 ASYNC-IN-SUBMIT ep=0x81 len=0 type=BULK (in, awaiting data)
[5852] +199.622642 ASYNC-IN-DONE ep=0x81 len=0 status=2 actual=0
[5853] +199.622730 ASYNC-IN-SUBMIT ep=0x81 len=0 type=BULK (in, awaiting data)
[5854] +199.682394 ASYNC-IN-DONE ep=0x81 len=16 status=0 actual=16
	0000  08 00 00 18 ed 03 80 10  00 05 00 10 86 03 00 00 |................|
[5855] +199.682528 ASYNC-IN-SUBMIT ep=0x81 len=0 type=BULK (in, awaiting data)
[5856] +199.795332 ASYNC-IN-DONE ep=0x81 len=0 status=2 actual=0
[5857] +199.795390 ASYNC-IN-SUBMIT ep=0x81 len=0 type=BULK (in, awaiting data)
[5858] +199.895827 ASYNC-OUT ep=0x01 len=16 type=BULK 
	0000  08 00 00 18 02 10 f0 03  00 c9 00 10 5b 13 00 00 |............[...|
[5859] +199.896121 ASYNC-OUT-DONE ep=0x01 len=0 status=0 actual=16
[5860] +199.904945 ASYNC-IN-DONE ep=0x81 len=0 status=2 actual=0
[5861] +199.905020 ASYNC-IN-SUBMIT ep=0x81 len=0 type=BULK (in, awaiting data)
[5862] +199.999964 ASYNC-OUT ep=0x01 len=16 type=BULK 
	0000  08 00 00 18 01 10 ef 03  00 d3 00 10 93 1e 00 00 |................|
[5863] +200.000299 ASYNC-OUT-DONE ep=0x01 len=0 status=0 actual=16
[5864] +200.010260 ASYNC-IN-DONE ep=0x81 len=0 status=2 actual=0
[5865] +200.010311 ASYNC-IN-SUBMIT ep=0x81 len=0 type=BULK (in, awaiting data)
[5866] +200.083866 ASYNC-IN-DONE ep=0x81 len=16 status=0 actual=16
	0000  08 00 00 18 ef 03 01 10  00 da 00 10 65 02 00 00 |............e...|
[5867] +200.083980 ASYNC-IN-SUBMIT ep=0x81 len=0 type=BULK (in, awaiting data)
[5868] +200.084110 ASYNC-IN-DONE ep=0x81 len=16 status=0 actual=16
	0000  08 00 00 18 f0 03 02 10  00 e4 00 10 09 02 00 00 |................|
[5869] +200.084150 ASYNC-IN-SUBMIT ep=0x81 len=0 type=BULK (in, awaiting data)
[5870] +200.196917 ASYNC-IN-DONE ep=0x81 len=0 status=2 actual=0
[5871] +200.196997 ASYNC-IN-SUBMIT ep=0x81 len=0 type=BULK (in, awaiting data)
[5872] +200.302316 ASYNC-IN-DONE ep=0x81 len=0 status=2 actual=0
[5873] +200.302417 ASYNC-IN-SUBMIT ep=0x81 len=0 type=BULK (in, awaiting data)
[5874] +200.312237 ASYNC-OUT ep=0x01 len=16 type=BULK 
	0000  08 00 00 18 80 10 ed 03  00 fd 00 10 db 39 00 00 |.............9..|
[5875] +200.312459 ASYNC-OUT-DONE ep=0x01 len=0 status=0 actual=16
[5876] +200.415255 ASYNC-IN-DONE ep=0x81 len=0 status=2 actual=0
[5877] +200.415337 ASYNC-IN-SUBMIT ep=0x81 len=0 type=BULK (in, awaiting data)
[5878] +200.519498 ASYNC-IN-DONE ep=0x81 len=0 status=2 actual=0
[5879] +200.519605 ASYNC-IN-SUBMIT ep=0x81 len=0 type=BULK (in, awaiting data)
[5880] +200.629067 ASYNC-IN-DONE ep=0x81 len=0 status=2 actual=0
[5881] +200.629171 ASYNC-IN-SUBMIT ep=0x81 len=0 type=BULK (in, awaiting data)
[5882] +200.685806 ASYNC-IN-DONE ep=0x81 len=16 status=0 actual=16
	0000  08 00 00 18 ed 03 80 10  00 06 00 10 86 03 00 00 |................|
[5883] +200.685938 ASYNC-IN-SUBMIT ep=0x81 len=0 type=BULK (in, awaiting data)
[5884] +200.793382 ASYNC-IN-DONE ep=0x81 len=0 status=2 actual=0
[5885] +200.793480 ASYNC-IN-SUBMIT ep=0x81 len=0 type=BULK (in, awaiting data)
[5886] +200.904690 ASYNC-IN-DONE ep=0x81 len=0 status=2 actual=0
[5887] +200.904787 ASYNC-IN-SUBMIT ep=0x81 len=0 type=BULK (in, awaiting data)
[5888] +200.934572 ASYNC-OUT ep=0x01 len=16 type=BULK 
	0000  08 00 00 18 02 10 f0 03  00 ca 00 10 5b 13 00 00 |............[...|
[5889] +200.934907 ASYNC-OUT-DONE ep=0x01 len=0 status=0 actual=16
[5890] +201.017589 ASYNC-IN-DONE ep=0x81 len=0 status=2 actual=0
[5891] +201.017677 ASYNC-IN-SUBMIT ep=0x81 len=0 type=BULK (in, awaiting data)
[5892] +201.038640 ASYNC-OUT ep=0x01 len=16 type=BULK 
	0000  08 00 00 18 01 10 ef 03  00 d4 00 10 93 1e 00 00 |................|
[5893] +201.038945 ASYNC-OUT-DONE ep=0x01 len=0 status=0 actual=16
[5894] +201.087307 ASYNC-IN-DONE ep=0x81 len=16 status=0 actual=16
	0000  08 00 00 18 ef 03 01 10  00 db 00 10 65 02 00 00 |............e...|
[5895] +201.087431 ASYNC-IN-SUBMIT ep=0x81 len=0 type=BULK (in, awaiting data)
[5896] +201.087618 ASYNC-IN-DONE ep=0x81 len=16 status=0 actual=16
	0000  08 00 00 18 f0 03 02 10  00 e5 00 10 09 02 00 00 |................|
[5897] +201.087690 ASYNC-IN-SUBMIT ep=0x81 len=0 type=BULK (in, awaiting data)
[5898] +201.194511 ASYNC-IN-DONE ep=0x81 len=0 status=2 actual=0
[5899] +201.194596 ASYNC-IN-SUBMIT ep=0x81 len=0 type=BULK (in, awaiting data)
[5900] +201.304394 ASYNC-IN-DONE ep=0x81 len=0 status=2 actual=0
[5901] +201.304494 ASYNC-IN-SUBMIT ep=0x81 len=0 type=BULK (in, awaiting data)
[5902] +201.348902 ASYNC-OUT ep=0x01 len=16 type=BULK 
	0000  08 00 00 18 80 10 ed 03  00 fe 00 10 db 39 00 00 |.............9..|
[5903] +201.349255 ASYNC-OUT-DONE ep=0x01 len=0 status=0 actual=16
[5904] +201.413284 ASYNC-IN-DONE ep=0x81 len=0 status=2 actual=0
[5905] +201.413389 ASYNC-IN-SUBMIT ep=0x81 len=0 type=BULK (in, awaiting data)
[5906] +201.526259 ASYNC-IN-DONE ep=0x81 len=0 status=2 actual=0
[5907] +201.526353 ASYNC-IN-SUBMIT ep=0x81 len=0 type=BULK (in, awaiting data)
[5908] +201.633411 ASYNC-IN-DONE ep=0x81 len=0 status=2 actual=0
[5909] +201.633460 ASYNC-IN-SUBMIT ep=0x81 len=0 type=BULK (in, awaiting data)
[5910] +201.689303 ASYNC-IN-DONE ep=0x81 len=16 status=0 actual=16
	0000  08 00 00 18 ed 03 80 10  00 07 00 10 86 03 00 00 |................|
[5911] +201.689412 ASYNC-IN-SUBMIT ep=0x81 len=0 type=BULK (in, awaiting data)
[5912] +201.802246 ASYNC-IN-DONE ep=0x81 len=0 status=2 actual=0
[5913] +201.802347 ASYNC-IN-SUBMIT ep=0x81 len=0 type=BULK (in, awaiting data)
[5914] +201.905533 ASYNC-IN-DONE ep=0x81 len=0 status=2 actual=0
[5915] +201.905592 ASYNC-IN-SUBMIT ep=0x81 len=0 type=BULK (in, awaiting data)
[5916] +201.970425 ASYNC-OUT ep=0x01 len=16 type=BULK 
	0000  08 00 00 18 02 10 f0 03  00 cb 00 10 5b 13 00 00 |............[...|
[5917] +201.970788 ASYNC-OUT-DONE ep=0x01 len=0 status=0 actual=16
[5918] +202.012465 ASYNC-IN-DONE ep=0x81 len=0 status=2 actual=0
[5919] +202.012598 ASYNC-IN-SUBMIT ep=0x81 len=0 type=BULK (in, awaiting data)
[5920] +202.073549 ASYNC-OUT ep=0x01 len=16 type=BULK 
	0000  08 00 00 18 01 10 ef 03  00 d5 00 10 93 1e 00 00 |................|
[5921] +202.073924 ASYNC-OUT-DONE ep=0x01 len=0 status=0 actual=16
[5922] +202.090835 ASYNC-IN-DONE ep=0x81 len=16 status=0 actual=16
	0000  08 00 00 18 ef 03 01 10  00 dc 00 10 65 02 00 00 |............e...|
[5923] +202.090919 ASYNC-IN-SUBMIT ep=0x81 len=0 type=BULK (in, awaiting data)
[5924] +202.091058 ASYNC-IN-DONE ep=0x81 len=16 status=0 actual=16
	0000  08 00 00 18 f0 03 02 10  00 e6 00 10 09 02 00 00 |................|
[5925] +202.091114 ASYNC-IN-SUBMIT ep=0x81 len=0 type=BULK (in, awaiting data)
[5926] +202.195967 ASYNC-IN-DONE ep=0x81 len=0 status=2 actual=0
[5927] +202.196050 ASYNC-IN-SUBMIT ep=0x81 len=0 type=BULK (in, awaiting data)
[5928] +202.308881 ASYNC-IN-DONE ep=0x81 len=0 status=2 actual=0
[5929] +202.308991 ASYNC-IN-SUBMIT ep=0x81 len=0 type=BULK (in, awaiting data)
[5930] +202.383927 ASYNC-OUT ep=0x01 len=16 type=BULK 
	0000  08 00 00 18 80 10 ed 03  00 ff 00 10 db 39 00 00 |.............9..|
[5931] +202.384271 ASYNC-OUT-DONE ep=0x01 len=0 status=0 actual=16
[5932] +202.410095 ASYNC-IN-DONE ep=0x81 len=0 status=2 actual=0
[5933] +202.410191 ASYNC-IN-SUBMIT ep=0x81 len=0 type=BULK (in, awaiting data)
[5934] +202.522058 ASYNC-IN-DONE ep=0x81 len=0 status=2 actual=0
[5935] +202.522100 ASYNC-IN-SUBMIT ep=0x81 len=0 type=BULK (in, awaiting data)
[5936] +202.627715 ASYNC-IN-DONE ep=0x81 len=0 status=2 actual=0
[5937] +202.627760 ASYNC-IN-SUBMIT ep=0x81 len=0 type=BULK (in, awaiting data)
[5938] +202.692634 ASYNC-IN-DONE ep=0x81 len=16 status=0 actual=16
	0000  08 00 00 18 ed 03 80 10  00 08 00 10 86 03 00 00 |................|
[5939] +202.692784 ASYNC-IN-SUBMIT ep=0x81 len=0 type=BULK (in, awaiting data)
[5940] +202.804940 ASYNC-IN-DONE ep=0x81 len=0 status=2 actual=0
[5941] +202.805021 ASYNC-IN-SUBMIT ep=0x81 len=0 type=BULK (in, awaiting data)
[5942] +202.917833 ASYNC-IN-DONE ep=0x81 len=0 status=2 actual=0
[5943] +202.917939 ASYNC-IN-SUBMIT ep=0x81 len=0 type=BULK (in, awaiting data)
[5944] +203.006683 ASYNC-OUT ep=0x01 len=16 type=BULK 
	0000  08 00 00 18 02 10 f0 03  00 cc 00 10 5b 13 00 00 |............[...|
[5945] +203.007019 ASYNC-OUT-DONE ep=0x01 len=0 status=0 actual=16
[5946] +203.027569 ASYNC-IN-DONE ep=0x81 len=0 status=2 actual=0
[5947] +203.027680 ASYNC-IN-SUBMIT ep=0x81 len=0 type=BULK (in, awaiting data)
[5948] +203.094374 ASYNC-IN-DONE ep=0x81 len=16 status=0 actual=16
	0000  08 00 00 18 ef 03 01 10  00 dd 00 10 65 02 00 00 |............e...|
[5949] +203.094487 ASYNC-IN-SUBMIT ep=0x81 len=0 type=BULK (in, awaiting data)
[5950] +203.094612 ASYNC-IN-DONE ep=0x81 len=16 status=0 actual=16
	0000  08 00 00 18 f0 03 02 10  00 e7 00 10 09 02 00 00 |................|
[5951] +203.094653 ASYNC-IN-SUBMIT ep=0x81 len=0 type=BULK (in, awaiting data)
[5952] +203.110698 ASYNC-OUT ep=0x01 len=16 type=BULK 
	0000  08 00 00 18 01 10 ef 03  00 d6 00 10 93 1e 00 00 |................|
[5953] +203.110928 ASYNC-OUT-DONE ep=0x01 len=0 status=0 actual=16
[5954] +203.206848 ASYNC-IN-DONE ep=0x81 len=0 status=2 actual=0
[5955] +203.206935 ASYNC-IN-SUBMIT ep=0x81 len=0 type=BULK (in, awaiting data)
[5956] +203.319070 ASYNC-IN-DONE ep=0x81 len=0 status=2 actual=0
[5957] +203.319160 ASYNC-IN-SUBMIT ep=0x81 len=0 type=BULK (in, awaiting data)
[5958] +203.422546 ASYNC-OUT ep=0x01 len=16 type=BULK 
	0000  08 00 00 18 80 10 ed 03  00 00 00 10 db 39 00 00 |.............9..|
[5959] +203.422885 ASYNC-OUT-DONE ep=0x01 len=0 status=0 actual=16
[5960] +203.431953 ASYNC-IN-DONE ep=0x81 len=0 status=2 actual=0
[5961] +203.432031 ASYNC-IN-SUBMIT ep=0x81 len=0 type=BULK (in, awaiting data)
[5962] +203.543378 ASYNC-IN-DONE ep=0x81 len=0 status=2 actual=0
[5963] +203.543469 ASYNC-IN-SUBMIT ep=0x81 len=0 type=BULK (in, awaiting data)
[5964] +203.656189 ASYNC-IN-DONE ep=0x81 len=0 status=2 actual=0
[5965] +203.656262 ASYNC-IN-SUBMIT ep=0x81 len=0 type=BULK (in, awaiting data)
[5966] +203.695745 ASYNC-IN-DONE ep=0x81 len=16 status=0 actual=16
	0000  08 00 00 18 ed 03 80 10  00 09 00 10 86 03 00 00 |................|
[5967] +203.695870 ASYNC-IN-SUBMIT ep=0x81 len=0 type=BULK (in, awaiting data)
[5968] +203.802682 ASYNC-IN-DONE ep=0x81 len=0 status=2 actual=0
[5969] +203.802757 ASYNC-IN-SUBMIT ep=0x81 len=0 type=BULK (in, awaiting data)
[5970] +203.905833 ASYNC-IN-DONE ep=0x81 len=0 status=2 actual=0
[5971] +203.905932 ASYNC-IN-SUBMIT ep=0x81 len=0 type=BULK (in, awaiting data)
[5972] +204.016308 ASYNC-IN-DONE ep=0x81 len=0 status=2 actual=0
[5973] +204.016406 ASYNC-IN-SUBMIT ep=0x81 len=0 type=BULK (in, awaiting data)
[5974] +204.045976 ASYNC-OUT ep=0x01 len=16 type=BULK 
	0000  08 00 00 18 02 10 f0 03  00 cd 00 10 5b 13 00 00 |............[...|
[5975] +204.046300 ASYNC-OUT-DONE ep=0x01 len=0 status=0 actual=16
[5976] +204.097622 ASYNC-IN-DONE ep=0x81 len=16 status=0 actual=16
	0000  08 00 00 18 ef 03 01 10  00 de 00 10 65 02 00 00 |............e...|
[5977] +204.097714 ASYNC-IN-SUBMIT ep=0x81 len=0 type=BULK (in, awaiting data)
[5978] +204.097876 ASYNC-IN-DONE ep=0x81 len=16 status=0 actual=16
	0000  08 00 00 18 f0 03 02 10  00 e8 00 10 09 02 00 00 |................|
[5979] +204.097941 ASYNC-IN-SUBMIT ep=0x81 len=0 type=BULK (in, awaiting data)
[5980] +204.150097 ASYNC-OUT ep=0x01 len=16 type=BULK 
	0000  08 00 00 18 01 10 ef 03  00 d7 00 10 93 1e 00 00 |................|
[5981] +204.150418 ASYNC-OUT-DONE ep=0x01 len=0 status=0 actual=16
[5982] +204.204261 ASYNC-IN-DONE ep=0x81 len=0 status=2 actual=0
[5983] +204.204348 ASYNC-IN-SUBMIT ep=0x81 len=0 type=BULK (in, awaiting data)
[5984] +204.316827 ASYNC-IN-DONE ep=0x81 len=0 status=2 actual=0
[5985] +204.316919 ASYNC-IN-SUBMIT ep=0x81 len=0 type=BULK (in, awaiting data)
[5986] +204.429859 ASYNC-IN-DONE ep=0x81 len=0 status=2 actual=0
[5987] +204.430074 ASYNC-IN-SUBMIT ep=0x81 len=0 type=BULK (in, awaiting data)
[5988] +204.462029 ASYNC-OUT ep=0x01 len=16 type=BULK 
	0000  08 00 00 18 80 10 ed 03  00 01 00 10 db 39 00 00 |.............9..|
[5989] +204.462336 ASYNC-OUT-DONE ep=0x01 len=0 status=0 actual=16
[5990] +204.541440 ASYNC-IN-DONE ep=0x81 len=0 status=2 actual=0
[5991] +204.541533 ASYNC-IN-SUBMIT ep=0x81 len=0 type=BULK (in, awaiting data)
[5992] +204.643932 ASYNC-IN-DONE ep=0x81 len=0 status=2 actual=0
[5993] +204.644030 ASYNC-IN-SUBMIT ep=0x81 len=0 type=BULK (in, awaiting data)
[5994] +204.699597 ASYNC-IN-DONE ep=0x81 len=16 status=0 actual=16
	0000  08 00 00 18 ed 03 80 10  00 0a 00 10 86 03 00 00 |................|
[5995] +204.699707 ASYNC-IN-SUBMIT ep=0x81 len=0 type=BULK (in, awaiting data)
[5996] +204.811440 ASYNC-IN-DONE ep=0x81 len=0 status=2 actual=0
[5997] +204.811514 ASYNC-IN-SUBMIT ep=0x81 len=0 type=BULK (in, awaiting data)
[5998] +204.912524 ASYNC-IN-DONE ep=0x81 len=0 status=2 actual=0
[5999] +204.912625 ASYNC-IN-SUBMIT ep=0x81 len=0 type=BULK (in, awaiting data)
[6000] +205.021065 ASYNC-IN-DONE ep=0x81 len=0 status=2 actual=0
[6001] +205.021094 ASYNC-IN-SUBMIT ep=0x81 len=0 type=BULK (in, awaiting data)
[6002] +205.085385 ASYNC-OUT ep=0x01 len=16 type=BULK 
	0000  08 00 00 18 02 10 f0 03  00 ce 00 10 5b 13 00 00 |............[...|
[6003] +205.085683 ASYNC-OUT-DONE ep=0x01 len=0 status=0 actual=16
[6004] +205.100306 ASYNC-IN-DONE ep=0x81 len=16 status=0 actual=16
	0000  08 00 00 18 ef 03 01 10  00 df 00 10 65 02 00 00 |............e...|
[6005] +205.100341 ASYNC-IN-SUBMIT ep=0x81 len=0 type=BULK (in, awaiting data)
[6006] +205.100489 ASYNC-IN-DONE ep=0x81 len=16 status=0 actual=16
	0000  08 00 00 18 f0 03 02 10  00 e9 00 10 09 02 00 00 |................|
[6007] +205.100503 ASYNC-IN-SUBMIT ep=0x81 len=0 type=BULK (in, awaiting data)
[6008] +205.189518 ASYNC-OUT ep=0x01 len=16 type=BULK 
	0000  08 00 00 18 01 10 ef 03  00 d8 00 10 93 1e 00 00 |................|
[6009] +205.189849 ASYNC-OUT-DONE ep=0x01 len=0 status=0 actual=16
[6010] +205.213196 ASYNC-IN-DONE ep=0x81 len=0 status=2 actual=0
[6011] +205.213227 ASYNC-IN-SUBMIT ep=0x81 len=0 type=BULK (in, awaiting data)
[6012] +205.325985 ASYNC-IN-DONE ep=0x81 len=0 status=2 actual=0
[6013] +205.326013 ASYNC-IN-SUBMIT ep=0x81 len=0 type=BULK (in, awaiting data)
[6014] +205.431671 ASYNC-IN-DONE ep=0x81 len=0 status=2 actual=0
[6015] +205.431760 ASYNC-IN-SUBMIT ep=0x81 len=0 type=BULK (in, awaiting data)
[6016] +205.500956 ASYNC-OUT ep=0x01 len=16 type=BULK 
	0000  08 00 00 18 80 10 ed 03  00 02 00 10 db 39 00 00 |.............9..|
[6017] +205.501220 ASYNC-OUT-DONE ep=0x01 len=0 status=0 actual=16
[6018] +205.543064 ASYNC-IN-DONE ep=0x81 len=0 status=2 actual=0
[6019] +205.543163 ASYNC-IN-SUBMIT ep=0x81 len=0 type=BULK (in, awaiting data)
[6020] +205.655981 ASYNC-IN-DONE ep=0x81 len=0 status=2 actual=0
[6021] +205.656090 ASYNC-IN-SUBMIT ep=0x81 len=0 type=BULK (in, awaiting data)
[6022] +205.702336 ASYNC-IN-DONE ep=0x81 len=16 status=0 actual=16
	0000  08 00 00 18 ed 03 80 10  00 0b 00 10 86 03 00 00 |................|
[6023] +205.702440 ASYNC-IN-SUBMIT ep=0x81 len=0 type=BULK (in, awaiting data)
[6024] +205.813551 ASYNC-IN-DONE ep=0x81 len=0 status=2 actual=0
[6025] +205.813649 ASYNC-IN-SUBMIT ep=0x81 len=0 type=BULK (in, awaiting data)
[6026] +205.916108 ASYNC-IN-DONE ep=0x81 len=0 status=2 actual=0
[6027] +205.916166 ASYNC-IN-SUBMIT ep=0x81 len=0 type=BULK (in, awaiting data)
[6028] +206.027400 ASYNC-IN-DONE ep=0x81 len=0 status=2 actual=0
[6029] +206.027473 ASYNC-IN-SUBMIT ep=0x81 len=0 type=BULK (in, awaiting data)
[6030] +206.103974 ASYNC-IN-DONE ep=0x81 len=16 status=0 actual=16
	0000  08 00 00 18 ef 03 01 10  00 e0 00 10 65 02 00 00 |............e...|
[6031] +206.104094 ASYNC-IN-SUBMIT ep=0x81 len=0 type=BULK (in, awaiting data)
[6032] +206.104293 ASYNC-IN-DONE ep=0x81 len=16 status=0 actual=16
	0000  08 00 00 18 f0 03 02 10  00 ea 00 10 09 02 00 00 |................|
[6033] +206.104365 ASYNC-IN-SUBMIT ep=0x81 len=0 type=BULK (in, awaiting data)
[6034] +206.124255 ASYNC-OUT ep=0x01 len=16 type=BULK 
	0000  08 00 00 18 02 10 f0 03  00 cf 00 10 5b 13 00 00 |............[...|
[6035] +206.124526 ASYNC-OUT-DONE ep=0x01 len=0 status=0 actual=16
[6036] +206.212158 ASYNC-IN-DONE ep=0x81 len=0 status=2 actual=0
[6037] +206.212255 ASYNC-IN-SUBMIT ep=0x81 len=0 type=BULK (in, awaiting data)
[6038] +206.228354 ASYNC-OUT ep=0x01 len=16 type=BULK 
	0000  08 00 00 18 01 10 ef 03  00 d9 00 10 93 1e 00 00 |................|
[6039] +206.228598 ASYNC-OUT-DONE ep=0x01 len=0 status=0 actual=16
[6040] +206.322648 ASYNC-IN-DONE ep=0x81 len=0 status=2 actual=0
[6041] +206.322735 ASYNC-IN-SUBMIT ep=0x81 len=0 type=BULK (in, awaiting data)
[6042] +206.435548 ASYNC-IN-DONE ep=0x81 len=0 status=2 actual=0
[6043] +206.435643 ASYNC-IN-SUBMIT ep=0x81 len=0 type=BULK (in, awaiting data)
[6044] +206.540579 ASYNC-OUT ep=0x01 len=16 type=BULK 
	0000  08 00 00 18 80 10 ed 03  00 03 00 10 db 39 00 00 |.............9..|
[6045] +206.540840 ASYNC-IN-DONE ep=0x81 len=0 status=2 actual=0
[6046] +206.540872 ASYNC-IN-SUBMIT ep=0x81 len=0 type=BULK (in, awaiting data)
[6047] +206.540948 ASYNC-OUT-DONE ep=0x01 len=0 status=0 actual=16
[6048] +206.645261 ASYNC-IN-DONE ep=0x81 len=0 status=2 actual=0
[6049] +206.645354 ASYNC-IN-SUBMIT ep=0x81 len=0 type=BULK (in, awaiting data)
[6050] +206.706034 ASYNC-IN-DONE ep=0x81 len=16 status=0 actual=16
	0000  08 00 00 18 ed 03 80 10  00 0c 00 10 86 03 00 00 |................|
[6051] +206.706118 ASYNC-IN-SUBMIT ep=0x81 len=0 type=BULK (in, awaiting data)
[6052] +206.809880 ASYNC-IN-DONE ep=0x81 len=0 status=2 actual=0
[6053] +206.809974 ASYNC-IN-SUBMIT ep=0x81 len=0 type=BULK (in, awaiting data)
[6054] +206.914219 ASYNC-IN-DONE ep=0x81 len=0 status=2 actual=0
[6055] +206.914321 ASYNC-IN-SUBMIT ep=0x81 len=0 type=BULK (in, awaiting data)
[6056] +207.027225 ASYNC-IN-DONE ep=0x81 len=0 status=2 actual=0
[6057] +207.027318 ASYNC-IN-SUBMIT ep=0x81 len=0 type=BULK (in, awaiting data)
[6058] +207.107271 ASYNC-IN-DONE ep=0x81 len=16 status=0 actual=16
	0000  08 00 00 18 ef 03 01 10  00 e1 00 10 65 02 00 00 |............e...|
[6059] +207.107406 ASYNC-IN-SUBMIT ep=0x81 len=0 type=BULK (in, awaiting data)
[6060] +207.107594 ASYNC-IN-DONE ep=0x81 len=16 status=0 actual=16
	0000  08 00 00 18 f0 03 02 10  00 eb 00 10 09 02 00 00 |................|
[6061] +207.107650 ASYNC-IN-SUBMIT ep=0x81 len=0 type=BULK (in, awaiting data)
[6062] +207.165180 ASYNC-OUT ep=0x01 len=16 type=BULK 
	0000  08 00 00 18 02 10 f0 03  00 d0 00 10 5b 13 00 00 |............[...|
[6063] +207.165540 ASYNC-OUT-DONE ep=0x01 len=0 status=0 actual=16
[6064] +207.220434 ASYNC-IN-DONE ep=0x81 len=0 status=2 actual=0
[6065] +207.220531 ASYNC-IN-SUBMIT ep=0x81 len=0 type=BULK (in, awaiting data)
[6066] +207.267861 ASYNC-OUT ep=0x01 len=16 type=BULK 
	0000  08 00 00 18 01 10 ef 03  00 da 00 10 93 1e 00 00 |................|
[6067] +207.268157 ASYNC-OUT-DONE ep=0x01 len=0 status=0 actual=16
[6068] +207.333440 ASYNC-IN-DONE ep=0x81 len=0 status=2 actual=0
[6069] +207.333591 ASYNC-IN-SUBMIT ep=0x81 len=0 type=BULK (in, awaiting data)
[6070] +207.445764 ASYNC-IN-DONE ep=0x81 len=0 status=2 actual=0
[6071] +207.445870 ASYNC-IN-SUBMIT ep=0x81 len=0 type=BULK (in, awaiting data)
[6072] +207.554930 ASYNC-IN-DONE ep=0x81 len=0 status=2 actual=0
[6073] +207.555027 ASYNC-IN-SUBMIT ep=0x81 len=0 type=BULK (in, awaiting data)
[6074] +207.579251 ASYNC-OUT ep=0x01 len=16 type=BULK 
	0000  08 00 00 18 80 10 ed 03  00 04 00 10 db 39 00 00 |.............9..|
[6075] +207.579494 ASYNC-OUT-DONE ep=0x01 len=0 status=0 actual=16
[6076] +207.662061 ASYNC-IN-DONE ep=0x81 len=0 status=2 actual=0
[6077] +207.662158 ASYNC-IN-SUBMIT ep=0x81 len=0 type=BULK (in, awaiting data)
[6078] +207.709218 ASYNC-IN-DONE ep=0x81 len=16 status=0 actual=16
	0000  08 00 00 18 ed 03 80 10  00 0d 00 10 86 03 00 00 |................|
[6079] +207.709344 ASYNC-IN-SUBMIT ep=0x81 len=0 type=BULK (in, awaiting data)
[6080] +207.817515 ASYNC-IN-DONE ep=0x81 len=0 status=2 actual=0
[6081] +207.817614 ASYNC-IN-SUBMIT ep=0x81 len=0 type=BULK (in, awaiting data)
[6082] +207.920128 ASYNC-IN-DONE ep=0x81 len=0 status=2 actual=0
[6083] +207.920226 ASYNC-IN-SUBMIT ep=0x81 len=0 type=BULK (in, awaiting data)
[6084] +208.021621 ASYNC-IN-DONE ep=0x81 len=0 status=2 actual=0
[6085] +208.021705 ASYNC-IN-SUBMIT ep=0x81 len=0 type=BULK (in, awaiting data)
[6086] +208.110441 ASYNC-IN-DONE ep=0x81 len=16 status=0 actual=16
	0000  08 00 00 18 ef 03 01 10  00 e2 00 10 65 02 00 00 |............e...|
[6087] +208.110573 ASYNC-IN-SUBMIT ep=0x81 len=0 type=BULK (in, awaiting data)
[6088] +208.110762 ASYNC-IN-DONE ep=0x81 len=16 status=0 actual=16
	0000  08 00 00 18 f0 03 02 10  00 ec 00 10 09 02 00 00 |................|
[6089] +208.110828 ASYNC-IN-SUBMIT ep=0x81 len=0 type=BULK (in, awaiting data)
[6090] +208.202514 ASYNC-OUT ep=0x01 len=16 type=BULK 
	0000  08 00 00 18 02 10 f0 03  00 d1 00 10 5b 13 00 00 |............[...|
[6091] +208.202852 ASYNC-OUT-DONE ep=0x01 len=0 status=0 actual=16
[6092] +208.223559 ASYNC-IN-DONE ep=0x81 len=0 status=2 actual=0
[6093] +208.223607 ASYNC-IN-SUBMIT ep=0x81 len=0 type=BULK (in, awaiting data)
[6094] +208.306607 ASYNC-OUT ep=0x01 len=16 type=BULK 
	0000  08 00 00 18 01 10 ef 03  00 db 00 10 93 1e 00 00 |................|
[6095] +208.306930 ASYNC-OUT-DONE ep=0x01 len=0 status=0 actual=16
[6096] +208.329178 ASYNC-IN-DONE ep=0x81 len=0 status=2 actual=0
[6097] +208.329234 ASYNC-IN-SUBMIT ep=0x81 len=0 type=BULK (in, awaiting data)
[6098] +208.441151 ASYNC-IN-DONE ep=0x81 len=0 status=2 actual=0
[6099] +208.441247 ASYNC-IN-SUBMIT ep=0x81 len=0 type=BULK (in, awaiting data)
[6100] +208.554081 ASYNC-IN-DONE ep=0x81 len=0 status=2 actual=0
[6101] +208.554151 ASYNC-IN-SUBMIT ep=0x81 len=0 type=BULK (in, awaiting data)
[6102] +208.618908 ASYNC-OUT ep=0x01 len=16 type=BULK 
	0000  08 00 00 18 80 10 ed 03  00 05 00 10 db 39 00 00 |.............9..|
[6103] +208.619175 ASYNC-OUT-DONE ep=0x01 len=0 status=0 actual=16
[6104] +208.663241 ASYNC-IN-DONE ep=0x81 len=0 status=2 actual=0
[6105] +208.663303 ASYNC-IN-SUBMIT ep=0x81 len=0 type=BULK (in, awaiting data)
[6106] +208.712411 ASYNC-IN-DONE ep=0x81 len=16 status=0 actual=16
	0000  08 00 00 18 ed 03 80 10  00 0e 00 10 86 03 00 00 |................|
[6107] +208.712508 ASYNC-IN-SUBMIT ep=0x81 len=0 type=BULK (in, awaiting data)
[6108] +208.816951 ASYNC-IN-DONE ep=0x81 len=0 status=2 actual=0
[6109] +208.817047 ASYNC-IN-SUBMIT ep=0x81 len=0 type=BULK (in, awaiting data)
[6110] +208.926116 ASYNC-IN-DONE ep=0x81 len=0 status=2 actual=0
[6111] +208.926200 ASYNC-IN-SUBMIT ep=0x81 len=0 type=BULK (in, awaiting data)
[6112] +209.028664 ASYNC-IN-DONE ep=0x81 len=0 status=2 actual=0
[6113] +209.028762 ASYNC-IN-SUBMIT ep=0x81 len=0 type=BULK (in, awaiting data)
[6114] +209.114047 ASYNC-IN-DONE ep=0x81 len=16 status=0 actual=16
	0000  08 00 00 18 ef 03 01 10  00 e3 00 10 65 02 00 00 |............e...|
[6115] +209.114182 ASYNC-IN-SUBMIT ep=0x81 len=0 type=BULK (in, awaiting data)
[6116] +209.114364 ASYNC-IN-DONE ep=0x81 len=16 status=0 actual=16
	0000  08 00 00 18 f0 03 02 10  00 ed 00 10 09 02 00 00 |................|
[6117] +209.114423 ASYNC-IN-SUBMIT ep=0x81 len=0 type=BULK (in, awaiting data)
[6118] +209.227211 ASYNC-IN-DONE ep=0x81 len=0 status=2 actual=0
[6119] +209.227309 ASYNC-IN-SUBMIT ep=0x81 len=0 type=BULK (in, awaiting data)
[6120] +209.241828 ASYNC-OUT ep=0x01 len=16 type=BULK 
	0000  08 00 00 18 02 10 f0 03  00 d2 00 10 5b 13 00 00 |............[...|
[6121] +209.242094 ASYNC-OUT-DONE ep=0x01 len=0 status=0 actual=16
[6122] +209.340140 ASYNC-IN-DONE ep=0x81 len=0 status=2 actual=0
[6123] +209.340235 ASYNC-IN-SUBMIT ep=0x81 len=0 type=BULK (in, awaiting data)
[6124] +209.344793 ASYNC-OUT ep=0x01 len=16 type=BULK 
	0000  08 00 00 18 01 10 ef 03  00 dc 00 10 93 1e 00 00 |................|
[6125] +209.345040 ASYNC-OUT-DONE ep=0x01 len=0 status=0 actual=16
[6126] +209.440841 ASYNC-IN-DONE ep=0x81 len=0 status=2 actual=0
[6127] +209.440915 ASYNC-IN-SUBMIT ep=0x81 len=0 type=BULK (in, awaiting data)
[6128] +209.544983 ASYNC-IN-DONE ep=0x81 len=0 status=2 actual=0
[6129] +209.545073 ASYNC-IN-SUBMIT ep=0x81 len=0 type=BULK (in, awaiting data)
[6130] +209.656182 ASYNC-IN-DONE ep=0x81 len=0 status=2 actual=0
[6131] +209.656268 ASYNC-IN-SUBMIT ep=0x81 len=0 type=BULK (in, awaiting data)
[6132] +209.656690 ASYNC-OUT ep=0x01 len=16 type=BULK 
	0000  08 00 00 18 80 10 ed 03  00 06 00 10 db 39 00 00 |.............9..|
[6133] +209.656817 ASYNC-OUT-DONE ep=0x01 len=0 status=0 actual=16
[6134] +209.716090 ASYNC-IN-DONE ep=0x81 len=16 status=0 actual=16
	0000  08 00 00 18 ed 03 80 10  00 0f 00 10 86 03 00 00 |................|
[6135] +209.716220 ASYNC-IN-SUBMIT ep=0x81 len=0 type=BULK (in, awaiting data)
[6136] +209.821645 ASYNC-IN-DONE ep=0x81 len=0 status=2 actual=0
[6137] +209.821741 ASYNC-IN-SUBMIT ep=0x81 len=0 type=BULK (in, awaiting data)
[6138] +209.932025 ASYNC-IN-DONE ep=0x81 len=0 status=2 actual=0
[6139] +209.932116 ASYNC-IN-SUBMIT ep=0x81 len=0 type=BULK (in, awaiting data)
[6140] +210.039240 ASYNC-IN-DONE ep=0x81 len=0 status=2 actual=0
[6141] +210.039326 ASYNC-IN-SUBMIT ep=0x81 len=0 type=BULK (in, awaiting data)
[6142] +210.117407 ASYNC-IN-DONE ep=0x81 len=16 status=0 actual=16
	0000  08 00 00 18 ef 03 01 10  00 e4 00 10 65 02 00 00 |............e...|
[6143] +210.117540 ASYNC-IN-SUBMIT ep=0x81 len=0 type=BULK (in, awaiting data)
[6144] +210.117741 ASYNC-IN-DONE ep=0x81 len=16 status=0 actual=16
	0000  08 00 00 18 f0 03 02 10  00 ee 00 10 09 02 00 00 |................|
[6145] +210.117812 ASYNC-IN-SUBMIT ep=0x81 len=0 type=BULK (in, awaiting data)
[6146] +210.230640 ASYNC-IN-DONE ep=0x81 len=0 status=2 actual=0
[6147] +210.230716 ASYNC-IN-SUBMIT ep=0x81 len=0 type=BULK (in, awaiting data)
[6148] +210.280864 ASYNC-OUT ep=0x01 len=16 type=BULK 
	0000  08 00 00 18 02 10 f0 03  00 d3 00 10 5b 13 00 00 |............[...|
[6149] +210.281202 ASYNC-OUT-DONE ep=0x01 len=0 status=0 actual=16
[6150] +210.343514 ASYNC-IN-DONE ep=0x81 len=0 status=2 actual=0
[6151] +210.343605 ASYNC-IN-SUBMIT ep=0x81 len=0 type=BULK (in, awaiting data)
[6152] +210.384902 ASYNC-OUT ep=0x01 len=16 type=BULK 
	0000  08 00 00 18 01 10 ef 03  00 dd 00 10 93 1e 00 00 |................|
[6153] +210.385177 ASYNC-OUT-DONE ep=0x01 len=0 status=0 actual=16
[6154] +210.448607 ASYNC-IN-DONE ep=0x81 len=0 status=2 actual=0
[6155] +210.448682 ASYNC-IN-SUBMIT ep=0x81 len=0 type=BULK (in, awaiting data)
[6156] +210.561419 ASYNC-IN-DONE ep=0x81 len=0 status=2 actual=0
[6157] +210.561462 ASYNC-IN-SUBMIT ep=0x81 len=0 type=BULK (in, awaiting data)
[6158] +210.662772 ASYNC-IN-DONE ep=0x81 len=0 status=2 actual=0
[6159] +210.662843 ASYNC-IN-SUBMIT ep=0x81 len=0 type=BULK (in, awaiting data)
[6160] +210.697218 ASYNC-OUT ep=0x01 len=16 type=BULK 
	0000  08 00 00 18 80 10 ed 03  00 07 00 10 db 39 00 00 |.............9..|
[6161] +210.697457 ASYNC-OUT-DONE ep=0x01 len=0 status=0 actual=16
[6162] +210.719389 ASYNC-IN-DONE ep=0x81 len=16 status=0 actual=16
	0000  08 00 00 18 ed 03 80 10  00 10 00 10 86 03 00 00 |................|
[6163] +210.719470 ASYNC-IN-SUBMIT ep=0x81 len=0 type=BULK (in, awaiting data)
[6164] +210.822664 ASYNC-IN-DONE ep=0x81 len=0 status=2 actual=0
[6165] +210.822766 ASYNC-IN-SUBMIT ep=0x81 len=0 type=BULK (in, awaiting data)
[6166] +210.935587 ASYNC-IN-DONE ep=0x81 len=0 status=2 actual=0
[6167] +210.935686 ASYNC-IN-SUBMIT ep=0x81 len=0 type=BULK (in, awaiting data)
[6168] +211.037376 ASYNC-IN-DONE ep=0x81 len=0 status=2 actual=0
[6169] +211.037450 ASYNC-IN-SUBMIT ep=0x81 len=0 type=BULK (in, awaiting data)
[6170] +211.120618 ASYNC-IN-DONE ep=0x81 len=16 status=0 actual=16
	0000  08 00 00 18 ef 03 01 10  00 e5 00 10 65 02 00 00 |............e...|
[6171] +211.120716 ASYNC-IN-SUBMIT ep=0x81 len=0 type=BULK (in, awaiting data)
[6172] +211.120845 ASYNC-IN-DONE ep=0x81 len=16 status=0 actual=16
	0000  08 00 00 18 f0 03 02 10  00 ef 00 10 09 02 00 00 |................|
[6173] +211.120890 ASYNC-IN-SUBMIT ep=0x81 len=0 type=BULK (in, awaiting data)
[6174] +211.233665 ASYNC-IN-DONE ep=0x81 len=0 status=2 actual=0
[6175] +211.233759 ASYNC-IN-SUBMIT ep=0x81 len=0 type=BULK (in, awaiting data)
[6176] +211.321005 ASYNC-OUT ep=0x01 len=16 type=BULK 
	0000  08 00 00 18 02 10 f0 03  00 d4 00 10 5b 13 00 00 |............[...|
[6177] +211.321367 ASYNC-OUT-DONE ep=0x01 len=0 status=0 actual=16
[6178] +211.342416 ASYNC-IN-DONE ep=0x81 len=0 status=2 actual=0
[6179] +211.342503 ASYNC-IN-SUBMIT ep=0x81 len=0 type=BULK (in, awaiting data)
[6180] +211.424489 ASYNC-OUT ep=0x01 len=16 type=BULK 
	0000  08 00 00 18 01 10 ef 03  00 de 00 10 93 1e 00 00 |................|
[6181] +211.424701 ASYNC-OUT-DONE ep=0x01 len=0 status=0 actual=16
[6182] +211.451309 ASYNC-IN-DONE ep=0x81 len=0 status=2 actual=0
[6183] +211.451394 ASYNC-IN-SUBMIT ep=0x81 len=0 type=BULK (in, awaiting data)
[6184] +211.564212 ASYNC-IN-DONE ep=0x81 len=0 status=2 actual=0
[6185] +211.564304 ASYNC-IN-SUBMIT ep=0x81 len=0 type=BULK (in, awaiting data)
[6186] +211.672878 ASYNC-IN-DONE ep=0x81 len=0 status=2 actual=0
[6187] +211.672974 ASYNC-IN-SUBMIT ep=0x81 len=0 type=BULK (in, awaiting data)
[6188] +211.722570 ASYNC-IN-DONE ep=0x81 len=16 status=0 actual=16
	0000  08 00 00 18 ed 03 80 10  00 11 00 10 86 03 00 00 |................|
[6189] +211.722686 ASYNC-IN-SUBMIT ep=0x81 len=0 type=BULK (in, awaiting data)
[6190] +211.734155 ASYNC-OUT ep=0x01 len=16 type=BULK 
	0000  08 00 00 18 80 10 ed 03  00 08 00 10 db 39 00 00 |.............9..|
[6191] +211.734502 ASYNC-OUT-DONE ep=0x01 len=0 status=0 actual=16
[6192] +211.834135 ASYNC-IN-DONE ep=0x81 len=0 status=2 actual=0
[6193] +211.834243 ASYNC-IN-SUBMIT ep=0x81 len=0 type=BULK (in, awaiting data)
[6194] +211.943130 ASYNC-IN-DONE ep=0x81 len=0 status=2 actual=0
[6195] +211.943226 ASYNC-IN-SUBMIT ep=0x81 len=0 type=BULK (in, awaiting data)
[6196] +212.054303 ASYNC-IN-DONE ep=0x81 len=0 status=2 actual=0
[6197] +212.054388 ASYNC-IN-SUBMIT ep=0x81 len=0 type=BULK (in, awaiting data)
[6198] +212.124123 ASYNC-IN-DONE ep=0x81 len=16 status=0 actual=16
	0000  08 00 00 18 ef 03 01 10  00 e6 00 10 65 02 00 00 |............e...|
[6199] +212.124244 ASYNC-IN-SUBMIT ep=0x81 len=0 type=BULK (in, awaiting data)
[6200] +212.124422 ASYNC-IN-DONE ep=0x81 len=16 status=0 actual=16
	0000  08 00 00 18 f0 03 02 10  00 f0 00 10 09 02 00 00 |................|
[6201] +212.124478 ASYNC-IN-SUBMIT ep=0x81 len=0 type=BULK (in, awaiting data)
[6202] +212.228672 ASYNC-IN-DONE ep=0x81 len=0 status=2 actual=0
[6203] +212.228770 ASYNC-IN-SUBMIT ep=0x81 len=0 type=BULK (in, awaiting data)
[6204] +212.330043 ASYNC-IN-DONE ep=0x81 len=0 status=2 actual=0
[6205] +212.330140 ASYNC-IN-SUBMIT ep=0x81 len=0 type=BULK (in, awaiting data)
[6206] +212.356955 ASYNC-OUT ep=0x01 len=16 type=BULK 
	0000  08 00 00 18 02 10 f0 03  00 d5 00 10 5b 13 00 00 |............[...|
[6207] +212.357293 ASYNC-OUT-DONE ep=0x01 len=0 status=0 actual=16
[6208] +212.442626 ASYNC-IN-DONE ep=0x81 len=0 status=2 actual=0
[6209] +212.442697 ASYNC-IN-SUBMIT ep=0x81 len=0 type=BULK (in, awaiting data)
[6210] +212.460510 ASYNC-OUT ep=0x01 len=16 type=BULK 
	0000  08 00 00 18 01 10 ef 03  00 df 00 10 93 1e 00 00 |................|
[6211] +212.460760 ASYNC-OUT-DONE ep=0x01 len=0 status=0 actual=16
[6212] +212.553726 ASYNC-IN-DONE ep=0x81 len=0 status=2 actual=0
[6213] +212.553816 ASYNC-IN-SUBMIT ep=0x81 len=0 type=BULK (in, awaiting data)
[6214] +212.666642 ASYNC-IN-DONE ep=0x81 len=0 status=2 actual=0
[6215] +212.666729 ASYNC-IN-SUBMIT ep=0x81 len=0 type=BULK (in, awaiting data)
[6216] +212.725844 ASYNC-IN-DONE ep=0x81 len=16 status=0 actual=16
	0000  08 00 00 18 ed 03 80 10  00 12 00 10 86 03 00 00 |................|
[6217] +212.725972 ASYNC-IN-SUBMIT ep=0x81 len=0 type=BULK (in, awaiting data)
[6218] +212.772514 ASYNC-OUT ep=0x01 len=16 type=BULK 
	0000  08 00 00 18 80 10 ed 03  00 09 00 10 db 39 00 00 |.............9..|
[6219] +212.772868 ASYNC-OUT-DONE ep=0x01 len=0 status=0 actual=16
[6220] +212.838286 ASYNC-IN-DONE ep=0x81 len=0 status=2 actual=0
[6221] +212.838358 ASYNC-IN-SUBMIT ep=0x81 len=0 type=BULK (in, awaiting data)
[6222] +212.950145 ASYNC-IN-DONE ep=0x81 len=0 status=2 actual=0
[6223] +212.950226 ASYNC-IN-SUBMIT ep=0x81 len=0 type=BULK (in, awaiting data)
[6224] +213.054122 ASYNC-IN-DONE ep=0x81 len=0 status=2 actual=0
[6225] +213.054218 ASYNC-IN-SUBMIT ep=0x81 len=0 type=BULK (in, awaiting data)
[6226] +213.126947 ASYNC-IN-DONE ep=0x81 len=16 status=0 actual=16
	0000  08 00 00 18 ef 03 01 10  00 e7 00 10 65 02 00 00 |............e...|
[6227] +213.127081 ASYNC-IN-SUBMIT ep=0x81 len=0 type=BULK (in, awaiting data)
[6228] +213.127274 ASYNC-IN-DONE ep=0x81 len=16 status=0 actual=16
	0000  08 00 00 18 f0 03 02 10  00 f1 00 10 09 02 00 00 |................|
[6229] +213.127334 ASYNC-IN-SUBMIT ep=0x81 len=0 type=BULK (in, awaiting data)
[6230] +213.238265 ASYNC-IN-DONE ep=0x81 len=0 status=2 actual=0
[6231] +213.238360 ASYNC-IN-SUBMIT ep=0x81 len=0 type=BULK (in, awaiting data)
[6232] +213.350790 ASYNC-IN-DONE ep=0x81 len=0 status=2 actual=0
[6233] +213.350883 ASYNC-IN-SUBMIT ep=0x81 len=0 type=BULK (in, awaiting data)
[6234] +213.395769 ASYNC-OUT ep=0x01 len=16 type=BULK 
	0000  08 00 00 18 02 10 f0 03  00 d6 00 10 5b 13 00 00 |............[...|
[6235] +213.396091 ASYNC-OUT-DONE ep=0x01 len=0 status=0 actual=16
[6236] +213.463225 ASYNC-IN-DONE ep=0x81 len=0 status=2 actual=0
[6237] +213.463310 ASYNC-IN-SUBMIT ep=0x81 len=0 type=BULK (in, awaiting data)
[6238] +213.499564 ASYNC-OUT ep=0x01 len=16 type=BULK 
	0000  08 00 00 18 01 10 ef 03  00 e0 00 10 93 1e 00 00 |................|
[6239] +213.499898 ASYNC-OUT-DONE ep=0x01 len=0 status=0 actual=16
[6240] +213.573498 ASYNC-IN-DONE ep=0x81 len=0 status=2 actual=0
[6241] +213.573575 ASYNC-IN-SUBMIT ep=0x81 len=0 type=BULK (in, awaiting data)
[6242] +213.681868 ASYNC-IN-DONE ep=0x81 len=0 status=2 actual=0
[6243] +213.681946 ASYNC-IN-SUBMIT ep=0x81 len=0 type=BULK (in, awaiting data)
[6244] +213.728910 ASYNC-IN-DONE ep=0x81 len=16 status=0 actual=16
	0000  08 00 00 18 ed 03 80 10  00 13 00 10 86 03 00 00 |................|
[6245] +213.729010 ASYNC-IN-SUBMIT ep=0x81 len=0 type=BULK (in, awaiting data)
[6246] +213.811925 ASYNC-OUT ep=0x01 len=16 type=BULK 
	0000  08 00 00 18 80 10 ed 03  00 0a 00 10 db 39 00 00 |.............9..|
[6247] +213.812311 ASYNC-OUT-DONE ep=0x01 len=0 status=0 actual=16
[6248] +213.837987 ASYNC-IN-DONE ep=0x81 len=0 status=2 actual=0
[6249] +213.838021 ASYNC-IN-SUBMIT ep=0x81 len=0 type=BULK (in, awaiting data)
[6250] +213.948979 ASYNC-IN-DONE ep=0x81 len=0 status=2 actual=0
[6251] +213.949071 ASYNC-IN-SUBMIT ep=0x81 len=0 type=BULK (in, awaiting data)
[6252] +214.059092 ASYNC-IN-DONE ep=0x81 len=0 status=2 actual=0
[6253] +214.059195 ASYNC-IN-SUBMIT ep=0x81 len=0 type=BULK (in, awaiting data)
[6254] +214.130578 ASYNC-IN-DONE ep=0x81 len=16 status=0 actual=16
	0000  08 00 00 18 ef 03 01 10  00 e8 00 10 65 02 00 00 |............e...|
[6255] +214.130685 ASYNC-IN-SUBMIT ep=0x81 len=0 type=BULK (in, awaiting data)
[6256] +214.130808 ASYNC-IN-DONE ep=0x81 len=16 status=0 actual=16
	0000  08 00 00 18 f0 03 02 10  00 f2 00 10 09 02 00 00 |................|
[6257] +214.130847 ASYNC-IN-SUBMIT ep=0x81 len=0 type=BULK (in, awaiting data)
[6258] +214.243617 ASYNC-IN-DONE ep=0x81 len=0 status=2 actual=0
[6259] +214.243690 ASYNC-IN-SUBMIT ep=0x81 len=0 type=BULK (in, awaiting data)
[6260] +214.354913 ASYNC-IN-DONE ep=0x81 len=0 status=2 actual=0
[6261] +214.354998 ASYNC-IN-SUBMIT ep=0x81 len=0 type=BULK (in, awaiting data)
[6262] +214.432971 ASYNC-OUT ep=0x01 len=16 type=BULK 
	0000  08 00 00 18 02 10 f0 03  00 d7 00 10 5b 13 00 00 |............[...|
[6263] +214.433310 ASYNC-OUT-DONE ep=0x01 len=0 status=0 actual=16
[6264] +214.467414 ASYNC-IN-DONE ep=0x81 len=0 status=2 actual=0
[6265] +214.467486 ASYNC-IN-SUBMIT ep=0x81 len=0 type=BULK (in, awaiting data)
[6266] +214.537001 ASYNC-OUT ep=0x01 len=16 type=BULK 
	0000  08 00 00 18 01 10 ef 03  00 e1 00 10 93 1e 00 00 |................|
[6267] +214.537342 ASYNC-OUT-DONE ep=0x01 len=0 status=0 actual=16
[6268] +214.579925 ASYNC-IN-DONE ep=0x81 len=0 status=2 actual=0
[6269] +214.580001 ASYNC-IN-SUBMIT ep=0x81 len=0 type=BULK (in, awaiting data)
[6270] +214.692456 ASYNC-IN-DONE ep=0x81 len=0 status=2 actual=0
[6271] +214.692544 ASYNC-IN-SUBMIT ep=0x81 len=0 type=BULK (in, awaiting data)
[6272] +214.732113 ASYNC-IN-DONE ep=0x81 len=16 status=0 actual=16
	0000  08 00 00 18 ed 03 80 10  00 14 00 10 86 03 00 00 |................|
[6273] +214.732211 ASYNC-IN-SUBMIT ep=0x81 len=0 type=BULK (in, awaiting data)
[6274] +214.844033 ASYNC-IN-DONE ep=0x81 len=0 status=2 actual=0
[6275] +214.844107 ASYNC-IN-SUBMIT ep=0x81 len=0 type=BULK (in, awaiting data)
[6276] +214.847565 ASYNC-OUT ep=0x01 len=16 type=BULK 
	0000  08 00 00 18 80 10 ed 03  00 0b 00 10 db 39 00 00 |.............9..|
[6277] +214.847801 ASYNC-OUT-DONE ep=0x01 len=0 status=0 actual=16
[6278] +214.945780 ASYNC-IN-DONE ep=0x81 len=0 status=2 actual=0
[6279] +214.945874 ASYNC-IN-SUBMIT ep=0x81 len=0 type=BULK (in, awaiting data)
[6280] +215.054228 ASYNC-IN-DONE ep=0x81 len=0 status=2 actual=0
[6281] +215.054301 ASYNC-IN-SUBMIT ep=0x81 len=0 type=BULK (in, awaiting data)
[6282] +215.133746 ASYNC-IN-DONE ep=0x81 len=16 status=0 actual=16
	0000  08 00 00 18 ef 03 01 10  00 e9 00 10 65 02 00 00 |............e...|
[6283] +215.133857 ASYNC-IN-SUBMIT ep=0x81 len=0 type=BULK (in, awaiting data)
[6284] +215.134008 ASYNC-IN-DONE ep=0x81 len=16 status=0 actual=16
	0000  08 00 00 18 f0 03 02 10  00 f3 00 10 09 02 00 00 |................|
[6285] +215.134058 ASYNC-IN-SUBMIT ep=0x81 len=0 type=BULK (in, awaiting data)
[6286] +215.242925 ASYNC-IN-DONE ep=0x81 len=0 status=2 actual=0
[6287] +215.243007 ASYNC-IN-SUBMIT ep=0x81 len=0 type=BULK (in, awaiting data)
[6288] +215.354954 ASYNC-IN-DONE ep=0x81 len=0 status=2 actual=0
[6289] +215.355041 ASYNC-IN-SUBMIT ep=0x81 len=0 type=BULK (in, awaiting data)
[6290] +215.462856 ASYNC-IN-DONE ep=0x81 len=0 status=2 actual=0
[6291] +215.462951 ASYNC-IN-SUBMIT ep=0x81 len=0 type=BULK (in, awaiting data)
[6292] +215.469336 ASYNC-OUT ep=0x01 len=16 type=BULK 
	0000  08 00 00 18 02 10 f0 03  00 d8 00 10 5b 13 00 00 |............[...|
[6293] +215.469683 ASYNC-OUT-DONE ep=0x01 len=0 status=0 actual=16
[6294] +215.573470 ASYNC-OUT ep=0x01 len=16 type=BULK 
	0000  08 00 00 18 01 10 ef 03  00 e2 00 10 93 1e 00 00 |................|
[6295] +215.573638 ASYNC-IN-DONE ep=0x81 len=0 status=2 actual=0
[6296] +215.573693 ASYNC-IN-SUBMIT ep=0x81 len=0 type=BULK (in, awaiting data)
[6297] +215.573841 ASYNC-OUT-DONE ep=0x01 len=0 status=0 actual=16
[6298] +215.686350 ASYNC-IN-DONE ep=0x81 len=0 status=2 actual=0
[6299] +215.686446 ASYNC-IN-SUBMIT ep=0x81 len=0 type=BULK (in, awaiting data)
[6300] +215.735834 ASYNC-IN-DONE ep=0x81 len=16 status=0 actual=16
	0000  08 00 00 18 ed 03 80 10  00 15 00 10 86 03 00 00 |................|
[6301] +215.735927 ASYNC-IN-SUBMIT ep=0x81 len=0 type=BULK (in, awaiting data)
[6302] +215.846590 ASYNC-IN-DONE ep=0x81 len=0 status=2 actual=0
[6303] +215.846695 ASYNC-IN-SUBMIT ep=0x81 len=0 type=BULK (in, awaiting data)
[6304] +215.884493 ASYNC-OUT ep=0x01 len=16 type=BULK 
	0000  08 00 00 18 80 10 ed 03  00 0c 00 10 db 39 00 00 |.............9..|
[6305] +215.884814 ASYNC-OUT-DONE ep=0x01 len=0 status=0 actual=16
[6306] +215.959100 ASYNC-IN-DONE ep=0x81 len=0 status=2 actual=0
[6307] +215.959185 ASYNC-IN-SUBMIT ep=0x81 len=0 type=BULK (in, awaiting data)
[6308] +216.066730 ASYNC-IN-DONE ep=0x81 len=0 status=2 actual=0
[6309] +216.066789 ASYNC-IN-SUBMIT ep=0x81 len=0 type=BULK (in, awaiting data)
[6310] +216.136961 ASYNC-IN-DONE ep=0x81 len=16 status=0 actual=16
	0000  08 00 00 18 ef 03 01 10  00 ea 00 10 65 02 00 00 |............e...|
[6311] +216.137110 ASYNC-IN-SUBMIT ep=0x81 len=0 type=BULK (in, awaiting data)
[6312] +216.137329 ASYNC-IN-DONE ep=0x81 len=16 status=0 actual=16
	0000  08 00 00 18 f0 03 02 10  00 f4 00 10 09 02 00 00 |................|
[6313] +216.137394 ASYNC-IN-SUBMIT ep=0x81 len=0 type=BULK (in, awaiting data)
[6314] +216.250131 ASYNC-IN-DONE ep=0x81 len=0 status=2 actual=0
[6315] +216.250211 ASYNC-IN-SUBMIT ep=0x81 len=0 type=BULK (in, awaiting data)
[6316] +216.362544 ASYNC-IN-DONE ep=0x81 len=0 status=2 actual=0
[6317] +216.362608 ASYNC-IN-SUBMIT ep=0x81 len=0 type=BULK (in, awaiting data)
[6318] +216.470655 ASYNC-IN-DONE ep=0x81 len=0 status=2 actual=0
[6319] +216.470801 ASYNC-IN-SUBMIT ep=0x81 len=0 type=BULK (in, awaiting data)
[6320] +216.507679 ASYNC-OUT ep=0x01 len=16 type=BULK 
	0000  08 00 00 18 02 10 f0 03  00 d9 00 10 5b 13 00 00 |............[...|
[6321] +216.508003 ASYNC-OUT-DONE ep=0x01 len=0 status=0 actual=16
[6322] +216.582620 ASYNC-IN-DONE ep=0x81 len=0 status=2 actual=0
[6323] +216.582700 ASYNC-IN-SUBMIT ep=0x81 len=0 type=BULK (in, awaiting data)
[6324] +216.611035 ASYNC-OUT ep=0x01 len=16 type=BULK 
	0000  08 00 00 18 01 10 ef 03  00 e3 00 10 93 1e 00 00 |................|
[6325] +216.611356 ASYNC-OUT-DONE ep=0x01 len=0 status=0 actual=16
[6326] +216.695504 ASYNC-IN-DONE ep=0x81 len=0 status=2 actual=0
[6327] +216.695595 ASYNC-IN-SUBMIT ep=0x81 len=0 type=BULK (in, awaiting data)
[6328] +216.740013 ASYNC-IN-DONE ep=0x81 len=16 status=0 actual=16
	0000  08 00 00 18 ed 03 80 10  00 16 00 10 86 03 00 00 |................|
[6329] +216.740133 ASYNC-IN-SUBMIT ep=0x81 len=0 type=BULK (in, awaiting data)
[6330] +216.845963 ASYNC-IN-DONE ep=0x81 len=0 status=2 actual=0
[6331] +216.846031 ASYNC-IN-SUBMIT ep=0x81 len=0 type=BULK (in, awaiting data)
[6332] +216.921456 ASYNC-OUT ep=0x01 len=16 type=BULK 
	0000  08 00 00 18 80 10 ed 03  00 0d 00 10 db 39 00 00 |.............9..|
[6333] +216.921810 ASYNC-OUT-DONE ep=0x01 len=0 status=0 actual=16
[6334] +216.954879 ASYNC-IN-DONE ep=0x81 len=0 status=2 actual=0
[6335] +216.954937 ASYNC-IN-SUBMIT ep=0x81 len=0 type=BULK (in, awaiting data)
[6336] +217.067412 ASYNC-IN-DONE ep=0x81 len=0 status=2 actual=0
[6337] +217.067504 ASYNC-IN-SUBMIT ep=0x81 len=0 type=BULK (in, awaiting data)
[6338] +217.140539 ASYNC-IN-DONE ep=0x81 len=16 status=0 actual=16
	0000  08 00 00 18 ef 03 01 10  00 eb 00 10 65 02 00 00 |............e...|
[6339] +217.140580 ASYNC-IN-SUBMIT ep=0x81 len=0 type=BULK (in, awaiting data)
[6340] +217.141083 ASYNC-IN-DONE ep=0x81 len=16 status=0 actual=16
	0000  08 00 00 18 f0 03 02 10  00 f5 00 10 09 02 00 00 |................|
[6341] +217.141111 ASYNC-IN-SUBMIT ep=0x81 len=0 type=BULK (in, awaiting data)
[6342] +217.242639 ASYNC-IN-DONE ep=0x81 len=0 status=2 actual=0
[6343] +217.242728 ASYNC-IN-SUBMIT ep=0x81 len=0 type=BULK (in, awaiting data)
[6344] +217.348715 ASYNC-IN-DONE ep=0x81 len=0 status=2 actual=0
[6345] +217.348788 ASYNC-IN-SUBMIT ep=0x81 len=0 type=BULK (in, awaiting data)
[6346] +217.460951 ASYNC-IN-DONE ep=0x81 len=0 status=2 actual=0
[6347] +217.461043 ASYNC-IN-SUBMIT ep=0x81 len=0 type=BULK (in, awaiting data)
[6348] +217.545903 ASYNC-OUT ep=0x01 len=16 type=BULK 
	0000  08 00 00 18 02 10 f0 03  00 da 00 10 5b 13 00 00 |............[...|
[6349] +217.546242 ASYNC-OUT-DONE ep=0x01 len=0 status=0 actual=16
[6350] +217.571732 ASYNC-IN-DONE ep=0x81 len=0 status=2 actual=0
[6351] +217.571924 ASYNC-IN-SUBMIT ep=0x81 len=0 type=BULK (in, awaiting data)
[6352] +217.649530 ASYNC-OUT ep=0x01 len=16 type=BULK 
	0000  08 00 00 18 01 10 ef 03  00 e4 00 10 93 1e 00 00 |................|
[6353] +217.649866 ASYNC-OUT-DONE ep=0x01 len=0 status=0 actual=16
[6354] +217.684751 ASYNC-IN-DONE ep=0x81 len=0 status=2 actual=0
[6355] +217.684808 ASYNC-IN-SUBMIT ep=0x81 len=0 type=BULK (in, awaiting data)
[6356] +217.742966 ASYNC-IN-DONE ep=0x81 len=16 status=0 actual=16
	0000  08 00 00 18 ed 03 80 10  00 17 00 10 86 03 00 00 |................|
[6357] +217.743212 ASYNC-IN-SUBMIT ep=0x81 len=0 type=BULK (in, awaiting data)
[6358] +217.854926 ASYNC-IN-DONE ep=0x81 len=0 status=2 actual=0
[6359] +217.855025 ASYNC-IN-SUBMIT ep=0x81 len=0 type=BULK (in, awaiting data)
[6360] +217.958664 ASYNC-IN-DONE ep=0x81 len=0 status=2 actual=0
[6361] +217.958751 ASYNC-IN-SUBMIT ep=0x81 len=0 type=BULK (in, awaiting data)
[6362] +217.961856 ASYNC-OUT ep=0x01 len=16 type=BULK 
	0000  08 00 00 18 80 10 ed 03  00 0e 00 10 db 39 00 00 |.............9..|
[6363] +217.962292 ASYNC-OUT-DONE ep=0x01 len=0 status=0 actual=16
[6364] +218.070905 ASYNC-IN-DONE ep=0x81 len=0 status=2 actual=0
[6365] +218.070997 ASYNC-IN-SUBMIT ep=0x81 len=0 type=BULK (in, awaiting data)
[6366] +218.143797 ASYNC-IN-DONE ep=0x81 len=16 status=0 actual=16
	0000  08 00 00 18 ef 03 01 10  00 ec 00 10 65 02 00 00 |............e...|
[6367] +218.143921 ASYNC-IN-SUBMIT ep=0x81 len=0 type=BULK (in, awaiting data)
[6368] +218.144118 ASYNC-IN-DONE ep=0x81 len=16 status=0 actual=16
	0000  08 00 00 18 f0 03 02 10  00 f6 00 10 09 02 00 00 |................|
[6369] +218.144183 ASYNC-IN-SUBMIT ep=0x81 len=0 type=BULK (in, awaiting data)
[6370] +218.248061 ASYNC-IN-DONE ep=0x81 len=0 status=2 actual=0
[6371] +218.248157 ASYNC-IN-SUBMIT ep=0x81 len=0 type=BULK (in, awaiting data)
[6372] +218.360987 ASYNC-IN-DONE ep=0x81 len=0 status=2 actual=0
[6373] +218.361080 ASYNC-IN-SUBMIT ep=0x81 len=0 type=BULK (in, awaiting data)
[6374] +218.462666 ASYNC-IN-DONE ep=0x81 len=0 status=2 actual=0
[6375] +218.462775 ASYNC-IN-SUBMIT ep=0x81 len=0 type=BULK (in, awaiting data)
[6376] +218.575614 ASYNC-IN-DONE ep=0x81 len=0 status=2 actual=0
[6377] +218.575715 ASYNC-IN-SUBMIT ep=0x81 len=0 type=BULK (in, awaiting data)
[6378] +218.586411 ASYNC-OUT ep=0x01 len=16 type=BULK 
	0000  08 00 00 18 02 10 f0 03  00 db 00 10 5b 13 00 00 |............[...|
[6379] +218.586816 ASYNC-OUT-DONE ep=0x01 len=0 status=0 actual=16
[6380] +218.678918 ASYNC-IN-DONE ep=0x81 len=0 status=2 actual=0
[6381] +218.679019 ASYNC-IN-SUBMIT ep=0x81 len=0 type=BULK (in, awaiting data)
[6382] +218.690491 ASYNC-OUT ep=0x01 len=16 type=BULK 
	0000  08 00 00 18 01 10 ef 03  00 e5 00 10 93 1e 00 00 |................|
[6383] +218.690733 ASYNC-OUT-DONE ep=0x01 len=0 status=0 actual=16
[6384] +218.745632 ASYNC-IN-DONE ep=0x81 len=16 status=0 actual=16
	0000  08 00 00 18 ed 03 80 10  00 18 00 10 86 03 00 00 |................|
[6385] +218.745761 ASYNC-IN-SUBMIT ep=0x81 len=0 type=BULK (in, awaiting data)
[6386] +218.857720 ASYNC-IN-DONE ep=0x81 len=0 status=2 actual=0
[6387] +218.857771 ASYNC-IN-SUBMIT ep=0x81 len=0 type=BULK (in, awaiting data)
[6388] +218.967433 ASYNC-IN-DONE ep=0x81 len=0 status=2 actual=0
[6389] +218.967517 ASYNC-IN-SUBMIT ep=0x81 len=0 type=BULK (in, awaiting data)
[6390] +219.002781 ASYNC-OUT ep=0x01 len=16 type=BULK 
	0000  08 00 00 18 80 10 ed 03  00 0f 00 10 db 39 00 00 |.............9..|
[6391] +219.003122 ASYNC-OUT-DONE ep=0x01 len=0 status=0 actual=16
[6392] +219.079914 ASYNC-IN-DONE ep=0x81 len=0 status=2 actual=0
[6393] +219.079967 ASYNC-IN-SUBMIT ep=0x81 len=0 type=BULK (in, awaiting data)
[6394] +219.146984 ASYNC-IN-DONE ep=0x81 len=16 status=0 actual=16
	0000  08 00 00 18 ef 03 01 10  00 ed 00 10 65 02 00 00 |............e...|
[6395] +219.147087 ASYNC-IN-SUBMIT ep=0x81 len=0 type=BULK (in, awaiting data)
[6396] +219.147262 ASYNC-IN-DONE ep=0x81 len=16 status=0 actual=16
	0000  08 00 00 18 f0 03 02 10  00 f7 00 10 09 02 00 00 |................|
[6397] +219.147310 ASYNC-IN-SUBMIT ep=0x81 len=0 type=BULK (in, awaiting data)
[6398] +219.248068 ASYNC-IN-DONE ep=0x81 len=0 status=2 actual=0
[6399] +219.248152 ASYNC-IN-SUBMIT ep=0x81 len=0 type=BULK (in, awaiting data)
[6400] +219.352023 ASYNC-IN-DONE ep=0x81 len=0 status=2 actual=0
[6401] +219.352107 ASYNC-IN-SUBMIT ep=0x81 len=0 type=BULK (in, awaiting data)
[6402] +219.454284 ASYNC-IN-DONE ep=0x81 len=0 status=2 actual=0
[6403] +219.454358 ASYNC-IN-SUBMIT ep=0x81 len=0 type=BULK (in, awaiting data)
[6404] +219.567130 ASYNC-IN-DONE ep=0x81 len=0 status=2 actual=0
[6405] +219.567178 ASYNC-IN-SUBMIT ep=0x81 len=0 type=BULK (in, awaiting data)
[6406] +219.625021 ASYNC-OUT ep=0x01 len=16 type=BULK 
	0000  08 00 00 18 02 10 f0 03  00 dc 00 10 5b 13 00 00 |............[...|
[6407] +219.625347 ASYNC-OUT-DONE ep=0x01 len=0 status=0 actual=16
[6408] +219.680019 ASYNC-IN-DONE ep=0x81 len=0 status=2 actual=0
[6409] +219.680099 ASYNC-IN-SUBMIT ep=0x81 len=0 type=BULK (in, awaiting data)
[6410] +219.729114 ASYNC-OUT ep=0x01 len=16 type=BULK 
	0000  08 00 00 18 01 10 ef 03  00 e6 00 10 93 1e 00 00 |................|
[6411] +219.729407 ASYNC-OUT-DONE ep=0x01 len=0 status=0 actual=16
[6412] +219.749016 ASYNC-IN-DONE ep=0x81 len=16 status=0 actual=16
	0000  08 00 00 18 ed 03 80 10  00 19 00 10 86 03 00 00 |................|
[6413] +219.749099 ASYNC-IN-SUBMIT ep=0x81 len=0 type=BULK (in, awaiting data)
[6414] +219.859438 ASYNC-IN-DONE ep=0x81 len=0 status=2 actual=0
[6415] +219.859507 ASYNC-IN-SUBMIT ep=0x81 len=0 type=BULK (in, awaiting data)
[6416] +219.970956 ASYNC-IN-DONE ep=0x81 len=0 status=2 actual=0
[6417] +219.971024 ASYNC-IN-SUBMIT ep=0x81 len=0 type=BULK (in, awaiting data)
[6418] +220.039536 ASYNC-OUT ep=0x01 len=16 type=BULK 
	0000  08 00 00 18 80 10 ed 03  00 10 00 10 db 39 00 00 |.............9..|
[6419] +220.039908 ASYNC-OUT-DONE ep=0x01 len=0 status=0 actual=16
[6420] +220.076310 ASYNC-IN-DONE ep=0x81 len=0 status=2 actual=0
[6421] +220.076390 ASYNC-IN-SUBMIT ep=0x81 len=0 type=BULK (in, awaiting data)
[6422] +220.150476 ASYNC-IN-DONE ep=0x81 len=16 status=0 actual=16
	0000  08 00 00 18 ef 03 01 10  00 ee 00 10 65 02 00 00 |............e...|
[6423] +220.150609 ASYNC-IN-SUBMIT ep=0x81 len=0 type=BULK (in, awaiting data)
[6424] +220.150806 ASYNC-IN-DONE ep=0x81 len=16 status=0 actual=16
	0000  08 00 00 18 f0 03 02 10  00 f8 00 10 09 02 00 00 |................|
[6425] +220.150868 ASYNC-IN-SUBMIT ep=0x81 len=0 type=BULK (in, awaiting data)
[6426] +220.263260 ASYNC-IN-DONE ep=0x81 len=0 status=2 actual=0
[6427] +220.263334 ASYNC-IN-SUBMIT ep=0x81 len=0 type=BULK (in, awaiting data)
[6428] +220.373099 ASYNC-IN-DONE ep=0x81 len=0 status=2 actual=0
[6429] +220.373199 ASYNC-IN-SUBMIT ep=0x81 len=0 type=BULK (in, awaiting data)
[6430] +220.484087 ASYNC-IN-DONE ep=0x81 len=0 status=2 actual=0
[6431] +220.484179 ASYNC-IN-SUBMIT ep=0x81 len=0 type=BULK (in, awaiting data)
[6432] +220.596571 ASYNC-IN-DONE ep=0x81 len=0 status=2 actual=0
[6433] +220.596674 ASYNC-IN-SUBMIT ep=0x81 len=0 type=BULK (in, awaiting data)
[6434] +220.659959 ASYNC-OUT ep=0x01 len=16 type=BULK 
	0000  08 00 00 18 02 10 f0 03  00 dd 00 10 5b 13 00 00 |............[...|
[6435] +220.660298 ASYNC-OUT-DONE ep=0x01 len=0 status=0 actual=16
[6436] +220.702640 ASYNC-IN-DONE ep=0x81 len=0 status=2 actual=0
[6437] +220.702704 ASYNC-IN-SUBMIT ep=0x81 len=0 type=BULK (in, awaiting data)
[6438] +220.752236 ASYNC-IN-DONE ep=0x81 len=16 status=0 actual=16
	0000  08 00 00 18 ed 03 80 10  00 1a 00 10 86 03 00 00 |................|
[6439] +220.752367 ASYNC-IN-SUBMIT ep=0x81 len=0 type=BULK (in, awaiting data)
[6440] +220.763066 ASYNC-OUT ep=0x01 len=16 type=BULK 
	0000  08 00 00 18 01 10 ef 03  00 e7 00 10 93 1e 00 00 |................|
[6441] +220.763302 ASYNC-OUT-DONE ep=0x01 len=0 status=0 actual=16
[6442] +220.865172 ASYNC-IN-DONE ep=0x81 len=0 status=2 actual=0
[6443] +220.865264 ASYNC-IN-SUBMIT ep=0x81 len=0 type=BULK (in, awaiting data)
[6444] +220.978158 ASYNC-IN-DONE ep=0x81 len=0 status=2 actual=0
[6445] +220.978244 ASYNC-IN-SUBMIT ep=0x81 len=0 type=BULK (in, awaiting data)
[6446] +221.074562 ASYNC-OUT ep=0x01 len=16 type=BULK 
	0000  08 00 00 18 80 10 ed 03  00 11 00 10 db 39 00 00 |.............9..|
[6447] +221.074936 ASYNC-OUT-DONE ep=0x01 len=0 status=0 actual=16
[6448] +221.091077 ASYNC-IN-DONE ep=0x81 len=0 status=2 actual=0
[6449] +221.091177 ASYNC-IN-SUBMIT ep=0x81 len=0 type=BULK (in, awaiting data)
[6450] +221.153730 ASYNC-IN-DONE ep=0x81 len=16 status=0 actual=16
	0000  08 00 00 18 ef 03 01 10  00 ef 00 10 65 02 00 00 |............e...|
[6451] +221.153848 ASYNC-IN-SUBMIT ep=0x81 len=0 type=BULK (in, awaiting data)
[6452] +221.154023 ASYNC-IN-DONE ep=0x81 len=16 status=0 actual=16
	0000  08 00 00 18 f0 03 02 10  00 f9 00 10 09 02 00 00 |................|
[6453] +221.154085 ASYNC-IN-SUBMIT ep=0x81 len=0 type=BULK (in, awaiting data)
[6454] +221.266116 ASYNC-IN-DONE ep=0x81 len=0 status=2 actual=0
[6455] +221.266221 ASYNC-IN-SUBMIT ep=0x81 len=0 type=BULK (in, awaiting data)
[6456] +221.379048 ASYNC-IN-DONE ep=0x81 len=0 status=2 actual=0
[6457] +221.379153 ASYNC-IN-SUBMIT ep=0x81 len=0 type=BULK (in, awaiting data)
[6458] +221.485710 ASYNC-IN-DONE ep=0x81 len=0 status=2 actual=0
[6459] +221.485800 ASYNC-IN-SUBMIT ep=0x81 len=0 type=BULK (in, awaiting data)
[6460] +221.595912 ASYNC-IN-DONE ep=0x81 len=0 status=2 actual=0
[6461] +221.596020 ASYNC-IN-SUBMIT ep=0x81 len=0 type=BULK (in, awaiting data)
[6462] +221.698106 ASYNC-OUT ep=0x01 len=16 type=BULK 
	0000  08 00 00 18 02 10 f0 03  00 de 00 10 5b 13 00 00 |............[...|
[6463] +221.698444 ASYNC-OUT-DONE ep=0x01 len=0 status=0 actual=16
[6464] +221.704845 ASYNC-IN-DONE ep=0x81 len=0 status=2 actual=0
[6465] +221.704894 ASYNC-IN-SUBMIT ep=0x81 len=0 type=BULK (in, awaiting data)
[6466] +221.755696 ASYNC-IN-DONE ep=0x81 len=16 status=0 actual=16
	0000  08 00 00 18 ed 03 80 10  00 1b 00 10 86 03 00 00 |................|
[6467] +221.755838 ASYNC-IN-SUBMIT ep=0x81 len=0 type=BULK (in, awaiting data)
[6468] +221.802146 ASYNC-OUT ep=0x01 len=16 type=BULK 
	0000  08 00 00 18 01 10 ef 03  00 e8 00 10 93 1e 00 00 |................|
[6469] +221.802414 ASYNC-OUT-DONE ep=0x01 len=0 status=0 actual=16
[6470] +221.866135 ASYNC-IN-DONE ep=0x81 len=0 status=2 actual=0
[6471] +221.866220 ASYNC-IN-SUBMIT ep=0x81 len=0 type=BULK (in, awaiting data)
[6472] +221.979012 ASYNC-IN-DONE ep=0x81 len=0 status=2 actual=0
[6473] +221.979071 ASYNC-IN-SUBMIT ep=0x81 len=0 type=BULK (in, awaiting data)
[6474] +222.091899 ASYNC-IN-DONE ep=0x81 len=0 status=2 actual=0
[6475] +222.092007 ASYNC-IN-SUBMIT ep=0x81 len=0 type=BULK (in, awaiting data)
[6476] +222.114036 ASYNC-OUT ep=0x01 len=16 type=BULK 
	0000  08 00 00 18 80 10 ed 03  00 12 00 10 db 39 00 00 |.............9..|
[6477] +222.114300 ASYNC-OUT-DONE ep=0x01 len=0 status=0 actual=16
[6478] +222.157371 ASYNC-IN-DONE ep=0x81 len=16 status=0 actual=16
	0000  08 00 00 18 ef 03 01 10  00 f0 00 10 65 02 00 00 |............e...|
[6479] +222.157513 ASYNC-IN-SUBMIT ep=0x81 len=0 type=BULK (in, awaiting data)
[6480] +222.157701 ASYNC-IN-DONE ep=0x81 len=16 status=0 actual=16
	0000  08 00 00 18 f0 03 02 10  00 fa 00 10 09 02 00 00 |................|
[6481] +222.157764 ASYNC-IN-SUBMIT ep=0x81 len=0 type=BULK (in, awaiting data)
[6482] +222.264401 ASYNC-IN-DONE ep=0x81 len=0 status=2 actual=0
[6483] +222.264508 ASYNC-IN-SUBMIT ep=0x81 len=0 type=BULK (in, awaiting data)
[6484] +222.370835 ASYNC-IN-DONE ep=0x81 len=0 status=2 actual=0
[6485] +222.370951 ASYNC-IN-SUBMIT ep=0x81 len=0 type=BULK (in, awaiting data)
[6486] +222.482650 ASYNC-IN-DONE ep=0x81 len=0 status=2 actual=0
[6487] +222.482764 ASYNC-IN-SUBMIT ep=0x81 len=0 type=BULK (in, awaiting data)
[6488] +222.592960 ASYNC-IN-DONE ep=0x81 len=0 status=2 actual=0
[6489] +222.593069 ASYNC-IN-SUBMIT ep=0x81 len=0 type=BULK (in, awaiting data)
[6490] +222.705893 ASYNC-IN-DONE ep=0x81 len=0 status=2 actual=0
[6491] +222.705984 ASYNC-IN-SUBMIT ep=0x81 len=0 type=BULK (in, awaiting data)
[6492] +222.737264 ASYNC-OUT ep=0x01 len=16 type=BULK 
	0000  08 00 00 18 02 10 f0 03  00 df 00 10 5b 13 00 00 |............[...|
[6493] +222.737508 ASYNC-OUT-DONE ep=0x01 len=0 status=0 actual=16
[6494] +222.759326 ASYNC-IN-DONE ep=0x81 len=16 status=0 actual=16
	0000  08 00 00 18 ed 03 80 10  00 1c 00 10 86 03 00 00 |................|
[6495] +222.759402 ASYNC-IN-SUBMIT ep=0x81 len=0 type=BULK (in, awaiting data)
[6496] +222.841392 ASYNC-OUT ep=0x01 len=16 type=BULK 
	0000  08 00 00 18 01 10 ef 03  00 e9 00 10 93 1e 00 00 |................|
[6497] +222.841765 ASYNC-OUT-DONE ep=0x01 len=0 status=0 actual=16
[6498] +222.871554 ASYNC-IN-DONE ep=0x81 len=0 status=2 actual=0
[6499] +222.871602 ASYNC-IN-SUBMIT ep=0x81 len=0 type=BULK (in, awaiting data)
[6500] +222.979221 ASYNC-IN-DONE ep=0x81 len=0 status=2 actual=0
[6501] +222.979330 ASYNC-IN-SUBMIT ep=0x81 len=0 type=BULK (in, awaiting data)
[6502] +223.081806 ASYNC-IN-DONE ep=0x81 len=0 status=2 actual=0
[6503] +223.081914 ASYNC-IN-SUBMIT ep=0x81 len=0 type=BULK (in, awaiting data)
[6504] +223.153564 ASYNC-OUT ep=0x01 len=16 type=BULK 
	0000  08 00 00 18 80 10 ed 03  00 13 00 10 db 39 00 00 |.............9..|
[6505] +223.153840 ASYNC-OUT-DONE ep=0x01 len=0 status=0 actual=16
[6506] +223.160079 ASYNC-IN-DONE ep=0x81 len=16 status=0 actual=16
	0000  08 00 00 18 ef 03 01 10  00 f1 00 10 65 02 00 00 |............e...|
[6507] +223.160154 ASYNC-IN-SUBMIT ep=0x81 len=0 type=BULK (in, awaiting data)
[6508] +223.160320 ASYNC-IN-DONE ep=0x81 len=16 status=0 actual=16
	0000  08 00 00 18 f0 03 02 10  00 fb 00 10 09 02 00 00 |................|
[6509] +223.160399 ASYNC-IN-SUBMIT ep=0x81 len=0 type=BULK (in, awaiting data)
[6510] +223.266507 ASYNC-IN-DONE ep=0x81 len=0 status=2 actual=0
[6511] +223.266606 ASYNC-IN-SUBMIT ep=0x81 len=0 type=BULK (in, awaiting data)
[6512] +223.375714 ASYNC-IN-DONE ep=0x81 len=0 status=2 actual=0
[6513] +223.375813 ASYNC-IN-SUBMIT ep=0x81 len=0 type=BULK (in, awaiting data)
[6514] +223.486763 ASYNC-IN-DONE ep=0x81 len=0 status=2 actual=0
[6515] +223.486863 ASYNC-IN-SUBMIT ep=0x81 len=0 type=BULK (in, awaiting data)
[6516] +223.599681 ASYNC-IN-DONE ep=0x81 len=0 status=2 actual=0
[6517] +223.599797 ASYNC-IN-SUBMIT ep=0x81 len=0 type=BULK (in, awaiting data)
[6518] +223.705260 ASYNC-IN-DONE ep=0x81 len=0 status=2 actual=0
[6519] +223.705355 ASYNC-IN-SUBMIT ep=0x81 len=0 type=BULK (in, awaiting data)
[6520] +223.762541 ASYNC-IN-DONE ep=0x81 len=16 status=0 actual=16
	0000  08 00 00 18 ed 03 80 10  00 1d 00 10 86 03 00 00 |................|
[6521] +223.762662 ASYNC-IN-SUBMIT ep=0x81 len=0 type=BULK (in, awaiting data)
[6522] +223.775803 ASYNC-OUT ep=0x01 len=16 type=BULK 
	0000  08 00 00 18 02 10 f0 03  00 e0 00 10 5b 13 00 00 |............[...|
[6523] +223.776166 ASYNC-OUT-DONE ep=0x01 len=0 status=0 actual=16
[6524] +223.875430 ASYNC-IN-DONE ep=0x81 len=0 status=2 actual=0
[6525] +223.875530 ASYNC-IN-SUBMIT ep=0x81 len=0 type=BULK (in, awaiting data)
[6526] +223.879885 ASYNC-OUT ep=0x01 len=16 type=BULK 
	0000  08 00 00 18 01 10 ef 03  00 ea 00 10 93 1e 00 00 |................|
[6527] +223.880112 ASYNC-OUT-DONE ep=0x01 len=0 status=0 actual=16
[6528] +223.978975 ASYNC-IN-DONE ep=0x81 len=0 status=2 actual=0
[6529] +223.979113 ASYNC-IN-SUBMIT ep=0x81 len=0 type=BULK (in, awaiting data)
[6530] +224.082010 ASYNC-IN-DONE ep=0x81 len=0 status=2 actual=0
[6531] +224.082100 ASYNC-IN-SUBMIT ep=0x81 len=0 type=BULK (in, awaiting data)
[6532] +224.163690 ASYNC-IN-DONE ep=0x81 len=16 status=0 actual=16
	0000  08 00 00 18 ef 03 01 10  00 f2 00 10 65 02 00 00 |............e...|
[6533] +224.163804 ASYNC-IN-SUBMIT ep=0x81 len=0 type=BULK (in, awaiting data)
[6534] +224.164761 ASYNC-IN-DONE ep=0x81 len=16 status=0 actual=16
	0000  08 00 00 18 f0 03 02 10  00 fc 00 10 09 02 00 00 |................|
[6535] +224.164826 ASYNC-IN-SUBMIT ep=0x81 len=0 type=BULK (in, awaiting data)
[6536] +224.191020 ASYNC-OUT ep=0x01 len=16 type=BULK 
	0000  08 00 00 18 80 10 ed 03  00 14 00 10 db 39 00 00 |.............9..|
[6537] +224.191258 ASYNC-OUT-DONE ep=0x01 len=0 status=0 actual=16
[6538] +224.265530 ASYNC-IN-DONE ep=0x81 len=0 status=2 actual=0
[6539] +224.265636 ASYNC-IN-SUBMIT ep=0x81 len=0 type=BULK (in, awaiting data)
[6540] +224.378461 ASYNC-IN-DONE ep=0x81 len=0 status=2 actual=0
[6541] +224.378563 ASYNC-IN-SUBMIT ep=0x81 len=0 type=BULK (in, awaiting data)
[6542] +224.491389 ASYNC-IN-DONE ep=0x81 len=0 status=2 actual=0
[6543] +224.491495 ASYNC-IN-SUBMIT ep=0x81 len=0 type=BULK (in, awaiting data)
[6544] +224.596272 ASYNC-IN-DONE ep=0x81 len=0 status=2 actual=0
[6545] +224.596387 ASYNC-IN-SUBMIT ep=0x81 len=0 type=BULK (in, awaiting data)
[6546] +224.702639 ASYNC-IN-DONE ep=0x81 len=0 status=2 actual=0
[6547] +224.702751 ASYNC-IN-SUBMIT ep=0x81 len=0 type=BULK (in, awaiting data)
[6548] +224.766451 ASYNC-IN-DONE ep=0x81 len=16 status=0 actual=16
	0000  08 00 00 18 ed 03 80 10  00 1e 00 10 86 03 00 00 |................|
[6549] +224.766562 ASYNC-IN-SUBMIT ep=0x81 len=0 type=BULK (in, awaiting data)
[6550] +224.815588 ASYNC-OUT ep=0x01 len=16 type=BULK 
	0000  08 00 00 18 02 10 f0 03  00 e1 00 10 5b 13 00 00 |............[...|
[6551] +224.815879 ASYNC-OUT-DONE ep=0x01 len=0 status=0 actual=16
[6552] +224.875757 ASYNC-IN-DONE ep=0x81 len=0 status=2 actual=0
[6553] +224.875850 ASYNC-IN-SUBMIT ep=0x81 len=0 type=BULK (in, awaiting data)
[6554] +224.919719 ASYNC-OUT ep=0x01 len=16 type=BULK 
	0000  08 00 00 18 01 10 ef 03  00 eb 00 10 93 1e 00 00 |................|
[6555] +224.920063 ASYNC-OUT-DONE ep=0x01 len=0 status=0 actual=16
[6556] +224.982657 ASYNC-IN-DONE ep=0x81 len=0 status=2 actual=0
[6557] +224.982742 ASYNC-IN-SUBMIT ep=0x81 len=0 type=BULK (in, awaiting data)
[6558] +225.087457 ASYNC-IN-DONE ep=0x81 len=0 status=2 actual=0
[6559] +225.087566 ASYNC-IN-SUBMIT ep=0x81 len=0 type=BULK (in, awaiting data)
[6560] +225.167240 ASYNC-IN-DONE ep=0x81 len=16 status=0 actual=16
	0000  08 00 00 18 ef 03 01 10  00 f3 00 10 65 02 00 00 |............e...|
[6561] +225.167392 ASYNC-IN-SUBMIT ep=0x81 len=0 type=BULK (in, awaiting data)
[6562] +225.167593 ASYNC-IN-DONE ep=0x81 len=16 status=0 actual=16
	0000  08 00 00 18 f0 03 02 10  00 fd 00 10 09 02 00 00 |................|
[6563] +225.167657 ASYNC-IN-SUBMIT ep=0x81 len=0 type=BULK (in, awaiting data)
[6564] +225.231632 ASYNC-OUT ep=0x01 len=16 type=BULK 
	0000  08 00 00 18 80 10 ed 03  00 15 00 10 db 39 00 00 |.............9..|
[6565] +225.232001 ASYNC-OUT-DONE ep=0x01 len=0 status=0 actual=16
[6566] +225.280453 ASYNC-IN-DONE ep=0x81 len=0 status=2 actual=0
[6567] +225.280539 ASYNC-IN-SUBMIT ep=0x81 len=0 type=BULK (in, awaiting data)
[6568] +225.393243 ASYNC-IN-DONE ep=0x81 len=0 status=2 actual=0
[6569] +225.393350 ASYNC-IN-SUBMIT ep=0x81 len=0 type=BULK (in, awaiting data)
[6570] +225.496092 ASYNC-IN-DONE ep=0x81 len=0 status=2 actual=0
[6571] +225.496197 ASYNC-IN-SUBMIT ep=0x81 len=0 type=BULK (in, awaiting data)
[6572] +225.599305 ASYNC-IN-DONE ep=0x81 len=0 status=2 actual=0
[6573] +225.599400 ASYNC-IN-SUBMIT ep=0x81 len=0 type=BULK (in, awaiting data)
[6574] +225.704237 ASYNC-IN-DONE ep=0x81 len=0 status=2 actual=0
[6575] +225.704334 ASYNC-IN-SUBMIT ep=0x81 len=0 type=BULK (in, awaiting data)
[6576] +225.769216 ASYNC-IN-DONE ep=0x81 len=16 status=0 actual=16
	0000  08 00 00 18 ed 03 80 10  00 1f 00 10 86 03 00 00 |................|
[6577] +225.769364 ASYNC-IN-SUBMIT ep=0x81 len=0 type=BULK (in, awaiting data)
[6578] +225.855539 ASYNC-OUT ep=0x01 len=16 type=BULK 
	0000  08 00 00 18 02 10 f0 03  00 e2 00 10 5b 13 00 00 |............[...|
[6579] +225.855892 ASYNC-OUT-DONE ep=0x01 len=0 status=0 actual=16
[6580] +225.881744 ASYNC-IN-DONE ep=0x81 len=0 status=2 actual=0
[6581] +225.881825 ASYNC-IN-SUBMIT ep=0x81 len=0 type=BULK (in, awaiting data)
[6582] +225.959673 ASYNC-OUT ep=0x01 len=16 type=BULK 
	0000  08 00 00 18 01 10 ef 03  00 ec 00 10 93 1e 00 00 |................|
[6583] +225.960027 ASYNC-OUT-DONE ep=0x01 len=0 status=0 actual=16
[6584] +225.988519 ASYNC-IN-DONE ep=0x81 len=0 status=2 actual=0
[6585] +225.988588 ASYNC-IN-SUBMIT ep=0x81 len=0 type=BULK (in, awaiting data)
[6586] +226.094499 ASYNC-IN-DONE ep=0x81 len=0 status=2 actual=0
[6587] +226.094577 ASYNC-IN-SUBMIT ep=0x81 len=0 type=BULK (in, awaiting data)
[6588] +226.170457 ASYNC-IN-DONE ep=0x81 len=16 status=0 actual=16
	0000  08 00 00 18 ef 03 01 10  00 f4 00 10 65 02 00 00 |............e...|
[6589] +226.170550 ASYNC-IN-SUBMIT ep=0x81 len=0 type=BULK (in, awaiting data)
[6590] +226.170680 ASYNC-IN-DONE ep=0x81 len=16 status=0 actual=16
	0000  08 00 00 18 f0 03 02 10  00 fe 00 10 09 02 00 00 |................|
[6591] +226.170724 ASYNC-IN-SUBMIT ep=0x81 len=0 type=BULK (in, awaiting data)
[6592] +226.270242 ASYNC-OUT ep=0x01 len=16 type=BULK 
	0000  08 00 00 18 80 10 ed 03  00 16 00 10 db 39 00 00 |.............9..|
[6593] +226.270515 ASYNC-OUT-DONE ep=0x01 len=0 status=0 actual=16
[6594] +226.278973 ASYNC-IN-DONE ep=0x81 len=0 status=2 actual=0
[6595] +226.279110 ASYNC-IN-SUBMIT ep=0x81 len=0 type=BULK (in, awaiting data)
[6596] +226.388069 ASYNC-IN-DONE ep=0x81 len=0 status=2 actual=0
[6597] +226.388188 ASYNC-IN-SUBMIT ep=0x81 len=0 type=BULK (in, awaiting data)
[6598] +226.500810 ASYNC-IN-DONE ep=0x81 len=0 status=2 actual=0
[6599] +226.500898 ASYNC-IN-SUBMIT ep=0x81 len=0 type=BULK (in, awaiting data)
[6600] +226.610296 ASYNC-IN-DONE ep=0x81 len=0 status=2 actual=0
[6601] +226.610389 ASYNC-IN-SUBMIT ep=0x81 len=0 type=BULK (in, awaiting data)
[6602] +226.715233 ASYNC-IN-DONE ep=0x81 len=0 status=2 actual=0
[6603] +226.715330 ASYNC-IN-SUBMIT ep=0x81 len=0 type=BULK (in, awaiting data)
[6604] +226.772368 ASYNC-IN-DONE ep=0x81 len=16 status=0 actual=16
	0000  08 00 00 18 ed 03 80 10  00 20 00 10 86 03 00 00 |......... ......|
[6605] +226.772482 ASYNC-IN-SUBMIT ep=0x81 len=0 type=BULK (in, awaiting data)
[6606] +226.885248 ASYNC-IN-DONE ep=0x81 len=0 status=2 actual=0
[6607] +226.885369 ASYNC-IN-SUBMIT ep=0x81 len=0 type=BULK (in, awaiting data)
[6608] +226.894150 ASYNC-OUT ep=0x01 len=16 type=BULK 
	0000  08 00 00 18 02 10 f0 03  00 e3 00 10 5b 13 00 00 |............[...|
[6609] +226.894521 ASYNC-OUT-DONE ep=0x01 len=0 status=0 actual=16
[6610] +226.998098 ASYNC-IN-DONE ep=0x81 len=0 status=2 actual=0
[6611] +226.998220 ASYNC-OUT ep=0x01 len=16 type=BULK 
	0000  08 00 00 18 01 10 ef 03  00 ed 00 10 93 1e 00 00 |................|
[6612] +226.998325 ASYNC-IN-SUBMIT ep=0x81 len=0 type=BULK (in, awaiting data)
[6613] +226.998572 ASYNC-OUT-DONE ep=0x01 len=0 status=0 actual=16
[6614] +227.109129 ASYNC-IN-DONE ep=0x81 len=0 status=2 actual=0
[6615] +227.109241 ASYNC-IN-SUBMIT ep=0x81 len=0 type=BULK (in, awaiting data)
[6616] +227.173589 ASYNC-IN-DONE ep=0x81 len=16 status=0 actual=16
	0000  08 00 00 18 ef 03 01 10  00 f5 00 10 65 02 00 00 |............e...|
[6617] +227.173709 ASYNC-IN-SUBMIT ep=0x81 len=0 type=BULK (in, awaiting data)
[6618] +227.173864 ASYNC-IN-DONE ep=0x81 len=16 status=0 actual=16
	0000  08 00 00 18 f0 03 02 10  00 ff 00 10 09 02 00 00 |................|
[6619] +227.173919 ASYNC-IN-SUBMIT ep=0x81 len=0 type=BULK (in, awaiting data)
[6620] +227.284139 ASYNC-IN-DONE ep=0x81 len=0 status=2 actual=0
[6621] +227.284258 ASYNC-IN-SUBMIT ep=0x81 len=0 type=BULK (in, awaiting data)
[6622] +227.310494 ASYNC-OUT ep=0x01 len=16 type=BULK 
	0000  08 00 00 18 80 10 ed 03  00 17 00 10 db 39 00 00 |.............9..|
[6623] +227.310747 ASYNC-OUT-DONE ep=0x01 len=0 status=0 actual=16
[6624] +227.385771 ASYNC-IN-DONE ep=0x81 len=0 status=2 actual=0
[6625] +227.385882 ASYNC-IN-SUBMIT ep=0x81 len=0 type=BULK (in, awaiting data)
[6626] +227.495414 ASYNC-IN-DONE ep=0x81 len=0 status=2 actual=0
[6627] +227.495525 ASYNC-IN-SUBMIT ep=0x81 len=0 type=BULK (in, awaiting data)
[6628] +227.600940 ASYNC-IN-DONE ep=0x81 len=0 status=2 actual=0
[6629] +227.601018 ASYNC-IN-SUBMIT ep=0x81 len=0 type=BULK (in, awaiting data)
[6630] +227.712607 ASYNC-IN-DONE ep=0x81 len=0 status=2 actual=0
[6631] +227.712715 ASYNC-IN-SUBMIT ep=0x81 len=0 type=BULK (in, awaiting data)
[6632] +227.775636 ASYNC-IN-DONE ep=0x81 len=16 status=0 actual=16
	0000  08 00 00 18 ed 03 80 10  00 21 00 10 86 03 00 00 |.........!......|
[6633] +227.775859 ASYNC-IN-SUBMIT ep=0x81 len=0 type=BULK (in, awaiting data)
[6634] +227.888693 ASYNC-IN-DONE ep=0x81 len=0 status=2 actual=0
[6635] +227.888802 ASYNC-IN-SUBMIT ep=0x81 len=0 type=BULK (in, awaiting data)
[6636] +227.934084 ASYNC-OUT ep=0x01 len=16 type=BULK 
	0000  08 00 00 18 02 10 f0 03  00 e4 00 10 5b 13 00 00 |............[...|
[6637] +227.934367 ASYNC-OUT-DONE ep=0x01 len=0 status=0 actual=16
[6638] +228.001646 ASYNC-IN-DONE ep=0x81 len=0 status=2 actual=0
[6639] +228.001747 ASYNC-IN-SUBMIT ep=0x81 len=0 type=BULK (in, awaiting data)
[6640] +228.038187 ASYNC-OUT ep=0x01 len=16 type=BULK 
	0000  08 00 00 18 01 10 ef 03  00 ee 00 10 93 1e 00 00 |................|
[6641] +228.038467 ASYNC-OUT-DONE ep=0x01 len=0 status=0 actual=16
[6642] +228.102621 ASYNC-IN-DONE ep=0x81 len=0 status=2 actual=0
[6643] +228.102699 ASYNC-IN-SUBMIT ep=0x81 len=0 type=BULK (in, awaiting data)
[6644] +228.176770 ASYNC-IN-DONE ep=0x81 len=16 status=0 actual=16
	0000  08 00 00 18 ef 03 01 10  00 f6 00 10 65 02 00 00 |............e...|
[6645] +228.176882 ASYNC-IN-SUBMIT ep=0x81 len=0 type=BULK (in, awaiting data)
[6646] +228.177012 ASYNC-IN-DONE ep=0x81 len=16 status=0 actual=16
	0000  08 00 00 18 f0 03 02 10  00 00 00 10 09 02 00 00 |................|
[6647] +228.177053 ASYNC-IN-SUBMIT ep=0x81 len=0 type=BULK (in, awaiting data)
[6648] +228.282618 ASYNC-IN-DONE ep=0x81 len=0 status=2 actual=0
[6649] +228.282732 ASYNC-IN-SUBMIT ep=0x81 len=0 type=BULK (in, awaiting data)
[6650] +228.349902 ASYNC-OUT ep=0x01 len=16 type=BULK 
	0000  08 00 00 18 80 10 ed 03  00 18 00 10 db 39 00 00 |.............9..|
[6651] +228.350235 ASYNC-OUT-DONE ep=0x01 len=0 status=0 actual=16
[6652] +228.395564 ASYNC-IN-DONE ep=0x81 len=0 status=2 actual=0
[6653] +228.395672 ASYNC-IN-SUBMIT ep=0x81 len=0 type=BULK (in, awaiting data)
[6654] +228.502981 ASYNC-IN-DONE ep=0x81 len=0 status=2 actual=0
[6655] +228.503076 ASYNC-IN-SUBMIT ep=0x81 len=0 type=BULK (in, awaiting data)
[6656] +228.604167 ASYNC-IN-DONE ep=0x81 len=0 status=2 actual=0
[6657] +228.604278 ASYNC-IN-SUBMIT ep=0x81 len=0 type=BULK (in, awaiting data)
[6658] +228.717111 ASYNC-IN-DONE ep=0x81 len=0 status=2 actual=0
[6659] +228.717183 ASYNC-IN-SUBMIT ep=0x81 len=0 type=BULK (in, awaiting data)
[6660] +228.778807 ASYNC-IN-DONE ep=0x81 len=16 status=0 actual=16
	0000  08 00 00 18 ed 03 80 10  00 22 00 10 86 03 00 00 |........."......|
[6661] +228.778950 ASYNC-IN-SUBMIT ep=0x81 len=0 type=BULK (in, awaiting data)
[6662] +228.882612 ASYNC-IN-DONE ep=0x81 len=0 status=2 actual=0
[6663] +228.882702 ASYNC-IN-SUBMIT ep=0x81 len=0 type=BULK (in, awaiting data)
[6664] +228.974559 ASYNC-OUT ep=0x01 len=16 type=BULK 
	0000  08 00 00 18 02 10 f0 03  00 e5 00 10 5b 13 00 00 |............[...|
[6665] +228.974911 ASYNC-OUT-DONE ep=0x01 len=0 status=0 actual=16
[6666] +228.993769 ASYNC-IN-DONE ep=0x81 len=0 status=2 actual=0
[6667] +228.993826 ASYNC-IN-SUBMIT ep=0x81 len=0 type=BULK (in, awaiting data)
[6668] +229.077904 ASYNC-OUT ep=0x01 len=16 type=BULK 
	0000  08 00 00 18 01 10 ef 03  00 ef 00 10 93 1e 00 00 |................|
[6669] +229.078265 ASYNC-OUT-DONE ep=0x01 len=0 status=0 actual=16
[6670] +229.106601 ASYNC-IN-DONE ep=0x81 len=0 status=2 actual=0
[6671] +229.106684 ASYNC-IN-SUBMIT ep=0x81 len=0 type=BULK (in, awaiting data)
[6672] +229.180292 ASYNC-IN-DONE ep=0x81 len=16 status=0 actual=16
	0000  08 00 00 18 ef 03 01 10  00 f7 00 10 65 02 00 00 |............e...|
[6673] +229.180429 ASYNC-IN-SUBMIT ep=0x81 len=0 type=BULK (in, awaiting data)
[6674] +229.180620 ASYNC-IN-DONE ep=0x81 len=16 status=0 actual=16
	0000  08 00 00 18 f0 03 02 10  00 01 00 10 09 02 00 00 |................|
[6675] +229.180689 ASYNC-IN-SUBMIT ep=0x81 len=0 type=BULK (in, awaiting data)
[6676] +229.286212 ASYNC-IN-DONE ep=0x81 len=0 status=2 actual=0
[6677] +229.286323 ASYNC-IN-SUBMIT ep=0x81 len=0 type=BULK (in, awaiting data)
[6678] +229.390180 ASYNC-OUT ep=0x01 len=16 type=BULK 
	0000  08 00 00 18 80 10 ed 03  00 19 00 10 db 39 00 00 |.............9..|
[6679] +229.390540 ASYNC-OUT-DONE ep=0x01 len=0 status=0 actual=16
[6680] +229.396534 ASYNC-IN-DONE ep=0x81 len=0 status=2 actual=0
[6681] +229.396599 ASYNC-IN-SUBMIT ep=0x81 len=0 type=BULK (in, awaiting data)
[6682] +229.504350 ASYNC-IN-DONE ep=0x81 len=0 status=2 actual=0
[6683] +229.504467 ASYNC-IN-SUBMIT ep=0x81 len=0 type=BULK (in, awaiting data)
[6684] +229.617339 ASYNC-IN-DONE ep=0x81 len=0 status=2 actual=0
[6685] +229.617447 ASYNC-IN-SUBMIT ep=0x81 len=0 type=BULK (in, awaiting data)
[6686] +229.727636 ASYNC-IN-DONE ep=0x81 len=0 status=2 actual=0
[6687] +229.727742 ASYNC-IN-SUBMIT ep=0x81 len=0 type=BULK (in, awaiting data)
[6688] +229.782378 ASYNC-IN-DONE ep=0x81 len=16 status=0 actual=16
	0000  08 00 00 18 ed 03 80 10  00 23 00 10 86 03 00 00 |.........#......|
[6689] +229.782512 ASYNC-IN-SUBMIT ep=0x81 len=0 type=BULK (in, awaiting data)
[6690] +229.888337 ASYNC-IN-DONE ep=0x81 len=0 status=2 actual=0
[6691] +229.888436 ASYNC-IN-SUBMIT ep=0x81 len=0 type=BULK (in, awaiting data)
[6692] +229.998693 ASYNC-IN-DONE ep=0x81 len=0 status=2 actual=0
[6693] +229.998779 ASYNC-IN-SUBMIT ep=0x81 len=0 type=BULK (in, awaiting data)
[6694] +230.012150 ASYNC-OUT ep=0x01 len=16 type=BULK 
	0000  08 00 00 18 02 10 f0 03  00 e6 00 10 5b 13 00 00 |............[...|
[6695] +230.012402 ASYNC-OUT-DONE ep=0x01 len=0 status=0 actual=16
[6696] +230.111601 ASYNC-IN-DONE ep=0x81 len=0 status=2 actual=0
[6697] +230.111682 ASYNC-IN-SUBMIT ep=0x81 len=0 type=BULK (in, awaiting data)
[6698] +230.116265 ASYNC-OUT ep=0x01 len=16 type=BULK 
	0000  08 00 00 18 01 10 ef 03  00 f0 00 10 93 1e 00 00 |................|
[6699] +230.116504 ASYNC-OUT-DONE ep=0x01 len=0 status=0 actual=16
[6700] +230.183978 ASYNC-IN-DONE ep=0x81 len=16 status=0 actual=16
	0000  08 00 00 18 ef 03 01 10  00 f8 00 10 65 02 00 00 |............e...|
[6701] +230.184102 ASYNC-IN-SUBMIT ep=0x81 len=0 type=BULK (in, awaiting data)
[6702] +230.184265 ASYNC-IN-DONE ep=0x81 len=16 status=0 actual=16
	0000  08 00 00 18 f0 03 02 10  00 02 00 10 09 02 00 00 |................|
[6703] +230.184322 ASYNC-IN-SUBMIT ep=0x81 len=0 type=BULK (in, awaiting data)
[6704] +230.296626 ASYNC-IN-DONE ep=0x81 len=0 status=2 actual=0
[6705] +230.296739 ASYNC-IN-SUBMIT ep=0x81 len=0 type=BULK (in, awaiting data)
[6706] +230.404125 ASYNC-IN-DONE ep=0x81 len=0 status=2 actual=0
[6707] +230.404216 ASYNC-IN-SUBMIT ep=0x81 len=0 type=BULK (in, awaiting data)
[6708] +230.426737 ASYNC-OUT ep=0x01 len=16 type=BULK 
	0000  08 00 00 18 80 10 ed 03  00 1a 00 10 db 39 00 00 |.............9..|
[6709] +230.427279 ASYNC-OUT-DONE ep=0x01 len=0 status=0 actual=16
[6710] +230.512684 ASYNC-IN-DONE ep=0x81 len=0 status=2 actual=0
[6711] +230.512771 ASYNC-IN-SUBMIT ep=0x81 len=0 type=BULK (in, awaiting data)
[6712] +230.622592 ASYNC-IN-DONE ep=0x81 len=0 status=2 actual=0
[6713] +230.622678 ASYNC-IN-SUBMIT ep=0x81 len=0 type=BULK (in, awaiting data)
[6714] +230.735466 ASYNC-IN-DONE ep=0x81 len=0 status=2 actual=0
[6715] +230.735571 ASYNC-IN-SUBMIT ep=0x81 len=0 type=BULK (in, awaiting data)
[6716] +230.785547 ASYNC-IN-DONE ep=0x81 len=16 status=0 actual=16
	0000  08 00 00 18 ed 03 80 10  00 24 00 10 86 03 00 00 |.........$......|
[6717] +230.785675 ASYNC-IN-SUBMIT ep=0x81 len=0 type=BULK (in, awaiting data)
[6718] +230.895912 ASYNC-IN-DONE ep=0x81 len=0 status=2 actual=0
[6719] +230.896014 ASYNC-IN-SUBMIT ep=0x81 len=0 type=BULK (in, awaiting data)
[6720] +231.008824 ASYNC-IN-DONE ep=0x81 len=0 status=2 actual=0
[6721] +231.008908 ASYNC-IN-SUBMIT ep=0x81 len=0 type=BULK (in, awaiting data)
[6722] +231.049497 ASYNC-OUT ep=0x01 len=16 type=BULK 
	0000  08 00 00 18 02 10 f0 03  00 e7 00 10 5b 13 00 00 |............[...|
[6723] +231.049851 ASYNC-OUT-DONE ep=0x01 len=0 status=0 actual=16
[6724] +231.121717 ASYNC-IN-DONE ep=0x81 len=0 status=2 actual=0
[6725] +231.121784 ASYNC-IN-SUBMIT ep=0x81 len=0 type=BULK (in, awaiting data)
[6726] +231.153599 ASYNC-OUT ep=0x01 len=16 type=BULK 
	0000  08 00 00 18 01 10 ef 03  00 f1 00 10 93 1e 00 00 |................|
[6727] +231.153933 ASYNC-OUT-DONE ep=0x01 len=0 status=0 actual=16
[6728] +231.186749 ASYNC-IN-DONE ep=0x81 len=16 status=0 actual=16
	0000  08 00 00 18 ef 03 01 10  00 f9 00 10 65 02 00 00 |............e...|
[6729] +231.186842 ASYNC-IN-SUBMIT ep=0x81 len=0 type=BULK (in, awaiting data)
[6730] +231.187014 ASYNC-IN-DONE ep=0x81 len=16 status=0 actual=16
	0000  08 00 00 18 f0 03 02 10  00 03 00 10 09 02 00 00 |................|
[6731] +231.187080 ASYNC-IN-SUBMIT ep=0x81 len=0 type=BULK (in, awaiting data)
[6732] +231.299879 ASYNC-IN-DONE ep=0x81 len=0 status=2 actual=0
[6733] +231.299975 ASYNC-IN-SUBMIT ep=0x81 len=0 type=BULK (in, awaiting data)
[6734] +231.404878 ASYNC-IN-DONE ep=0x81 len=0 status=2 actual=0
[6735] +231.404951 ASYNC-IN-SUBMIT ep=0x81 len=0 type=BULK (in, awaiting data)
[6736] +231.465210 ASYNC-OUT ep=0x01 len=16 type=BULK 
	0000  08 00 00 18 80 10 ed 03  00 1b 00 10 db 39 00 00 |.............9..|
[6737] +231.465536 ASYNC-OUT-DONE ep=0x01 len=0 status=0 actual=16
[6738] +231.513489 ASYNC-IN-DONE ep=0x81 len=0 status=2 actual=0
[6739] +231.513577 ASYNC-IN-SUBMIT ep=0x81 len=0 type=BULK (in, awaiting data)
[6740] +231.622606 ASYNC-IN-DONE ep=0x81 len=0 status=2 actual=0
[6741] +231.622704 ASYNC-IN-SUBMIT ep=0x81 len=0 type=BULK (in, awaiting data)
[6742] +231.727585 ASYNC-IN-DONE ep=0x81 len=0 status=2 actual=0
[6743] +231.727686 ASYNC-IN-SUBMIT ep=0x81 len=0 type=BULK (in, awaiting data)
[6744] +231.788784 ASYNC-IN-DONE ep=0x81 len=16 status=0 actual=16
	0000  08 00 00 18 ed 03 80 10  00 25 00 10 86 03 00 00 |.........%......|
[6745] +231.788915 ASYNC-IN-SUBMIT ep=0x81 len=0 type=BULK (in, awaiting data)
[6746] +231.901712 ASYNC-IN-DONE ep=0x81 len=0 status=2 actual=0
[6747] +231.901744 ASYNC-IN-SUBMIT ep=0x81 len=0 type=BULK (in, awaiting data)
[6748] +232.014397 ASYNC-IN-DONE ep=0x81 len=0 status=2 actual=0
[6749] +232.014425 ASYNC-IN-SUBMIT ep=0x81 len=0 type=BULK (in, awaiting data)
[6750] +232.087199 ASYNC-OUT ep=0x01 len=16 type=BULK 
	0000  08 00 00 18 02 10 f0 03  00 e8 00 10 5b 13 00 00 |............[...|
[6751] +232.087509 ASYNC-OUT-DONE ep=0x01 len=0 status=0 actual=16
[6752] +232.125701 ASYNC-IN-DONE ep=0x81 len=0 status=2 actual=0
[6753] +232.125714 ASYNC-IN-SUBMIT ep=0x81 len=0 type=BULK (in, awaiting data)
[6754] +232.191163 ASYNC-IN-DONE ep=0x81 len=16 status=0 actual=16
	0000  08 00 00 18 ef 03 01 10  00 fa 00 10 65 02 00 00 |............e...|
[6755] +232.191187 ASYNC-IN-SUBMIT ep=0x81 len=0 type=BULK (in, awaiting data)
[6756] +232.191284 ASYNC-IN-DONE ep=0x81 len=16 status=0 actual=16
	0000  08 00 00 18 f0 03 02 10  00 04 00 10 09 02 00 00 |................|
[6757] +232.191295 ASYNC-IN-SUBMIT ep=0x81 len=0 type=BULK (in, awaiting data)
[6758] +232.297445 ASYNC-OUT ep=0x01 len=16 type=BULK 
	0000  08 00 00 18 01 10 ef 03  00 f2 00 10 93 1e 00 00 |................|
[6759] +232.297668 ASYNC-OUT-DONE ep=0x01 len=0 status=0 actual=16
[6760] +232.303962 ASYNC-IN-DONE ep=0x81 len=0 status=2 actual=0
[6761] +232.304000 ASYNC-IN-SUBMIT ep=0x81 len=0 type=BULK (in, awaiting data)
[6762] +232.406887 ASYNC-IN-DONE ep=0x81 len=0 status=2 actual=0
[6763] +232.406939 ASYNC-IN-SUBMIT ep=0x81 len=0 type=BULK (in, awaiting data)
[6764] +232.505655 ASYNC-OUT ep=0x01 len=16 type=BULK 
	0000  08 00 00 18 80 10 ed 03  00 1c 00 10 db 39 00 00 |.............9..|
[6765] +232.505897 ASYNC-OUT-DONE ep=0x01 len=0 status=0 actual=16
[6766] +232.519647 ASYNC-IN-DONE ep=0x81 len=0 status=2 actual=0
[6767] +232.519668 ASYNC-IN-SUBMIT ep=0x81 len=0 type=BULK (in, awaiting data)
[6768] +232.630505 ASYNC-IN-DONE ep=0x81 len=0 status=2 actual=0
[6769] +232.630533 ASYNC-IN-SUBMIT ep=0x81 len=0 type=BULK (in, awaiting data)
[6770] +232.743534 ASYNC-IN-DONE ep=0x81 len=0 status=2 actual=0
[6771] +232.743589 ASYNC-IN-SUBMIT ep=0x81 len=0 type=BULK (in, awaiting data)
[6772] +232.793822 ASYNC-IN-DONE ep=0x81 len=16 status=0 actual=16
	0000  08 00 00 18 ed 03 80 10  00 26 00 10 86 03 00 00 |.........&......|
[6773] +232.793903 ASYNC-IN-SUBMIT ep=0x81 len=0 type=BULK (in, awaiting data)
[6774] +232.900943 ASYNC-IN-DONE ep=0x81 len=0 status=2 actual=0
[6775] +232.900996 ASYNC-IN-SUBMIT ep=0x81 len=0 type=BULK (in, awaiting data)
[6776] +233.002862 ASYNC-IN-DONE ep=0x81 len=0 status=2 actual=0
[6777] +233.002910 ASYNC-IN-SUBMIT ep=0x81 len=0 type=BULK (in, awaiting data)
[6778] +233.115646 ASYNC-IN-DONE ep=0x81 len=0 status=2 actual=0
[6779] +233.115687 ASYNC-IN-SUBMIT ep=0x81 len=0 type=BULK (in, awaiting data)
[6780] +233.147198 ASYNC-OUT ep=0x01 len=16 type=BULK 
	0000  08 00 00 18 02 10 f0 03  00 e9 00 10 5b 13 00 00 |............[...|
[6781] +233.147423 ASYNC-OUT-DONE ep=0x01 len=0 status=0 actual=16
[6782] +233.193790 ASYNC-IN-DONE ep=0x81 len=16 status=0 actual=16
	0000  08 00 00 18 ef 03 01 10  00 fb 00 10 65 02 00 00 |............e...|
[6783] +233.193820 ASYNC-IN-SUBMIT ep=0x81 len=0 type=BULK (in, awaiting data)
[6784] +233.193972 ASYNC-IN-DONE ep=0x81 len=16 status=0 actual=16
	0000  08 00 00 18 f0 03 02 10  00 05 00 10 09 02 00 00 |................|
[6785] +233.193987 ASYNC-IN-SUBMIT ep=0x81 len=0 type=BULK (in, awaiting data)
[6786] +233.296531 ASYNC-IN-DONE ep=0x81 len=0 status=2 actual=0
[6787] +233.296548 ASYNC-IN-SUBMIT ep=0x81 len=0 type=BULK (in, awaiting data)
[6788] +233.301892 ASYNC-OUT ep=0x01 len=16 type=BULK 
	0000  08 00 00 18 01 10 ef 03  00 f3 00 10 93 1e 00 00 |................|
[6789] +233.302128 ASYNC-OUT-DONE ep=0x01 len=0 status=0 actual=16
[6790] +233.409016 ASYNC-IN-DONE ep=0x81 len=0 status=2 actual=0
[6791] +233.409057 ASYNC-IN-SUBMIT ep=0x81 len=0 type=BULK (in, awaiting data)
[6792] +233.510056 ASYNC-OUT ep=0x01 len=16 type=BULK 
	0000  08 00 00 18 80 10 ed 03  00 1d 00 10 db 39 00 00 |.............9..|
[6793] +233.510272 ASYNC-OUT-DONE ep=0x01 len=0 status=0 actual=16
[6794] +233.521707 ASYNC-IN-DONE ep=0x81 len=0 status=2 actual=0
[6795] +233.521722 ASYNC-IN-SUBMIT ep=0x81 len=0 type=BULK (in, awaiting data)
[6796] +233.622907 ASYNC-IN-DONE ep=0x81 len=0 status=2 actual=0
[6797] +233.622925 ASYNC-IN-SUBMIT ep=0x81 len=0 type=BULK (in, awaiting data)
[6798] +233.723674 ASYNC-IN-DONE ep=0x81 len=0 status=2 actual=0
[6799] +233.723696 ASYNC-IN-SUBMIT ep=0x81 len=0 type=BULK (in, awaiting data)
[6800] +233.795534 ASYNC-IN-DONE ep=0x81 len=16 status=0 actual=16
	0000  08 00 00 18 ed 03 80 10  00 27 00 10 86 03 00 00 |.........'......|
[6801] +233.795562 ASYNC-IN-SUBMIT ep=0x81 len=0 type=BULK (in, awaiting data)
[6802] +233.908340 ASYNC-IN-DONE ep=0x81 len=0 status=2 actual=0
[6803] +233.908366 ASYNC-IN-SUBMIT ep=0x81 len=0 type=BULK (in, awaiting data)
[6804] +234.019760 ASYNC-IN-DONE ep=0x81 len=0 status=2 actual=0
[6805] +234.019784 ASYNC-IN-SUBMIT ep=0x81 len=0 type=BULK (in, awaiting data)
[6806] +234.132501 ASYNC-IN-DONE ep=0x81 len=0 status=2 actual=0
[6807] +234.132574 ASYNC-IN-SUBMIT ep=0x81 len=0 type=BULK (in, awaiting data)
[6808] +234.183023 ASYNC-OUT ep=0x01 len=16 type=BULK 
	0000  08 00 00 18 02 10 f0 03  00 ea 00 10 5b 13 00 00 |............[...|
[6809] +234.183270 ASYNC-OUT-DONE ep=0x01 len=0 status=0 actual=16
[6810] +234.196720 ASYNC-IN-DONE ep=0x81 len=16 status=0 actual=16
	0000  08 00 00 18 ef 03 01 10  00 fc 00 10 65 02 00 00 |............e...|
[6811] +234.196812 ASYNC-IN-SUBMIT ep=0x81 len=0 type=BULK (in, awaiting data)
[6812] +234.196938 ASYNC-IN-DONE ep=0x81 len=16 status=0 actual=16
	0000  08 00 00 18 f0 03 02 10  00 06 00 10 09 02 00 00 |................|
[6813] +234.196986 ASYNC-IN-SUBMIT ep=0x81 len=0 type=BULK (in, awaiting data)
[6814] +234.305598 ASYNC-IN-DONE ep=0x81 len=0 status=2 actual=0
[6815] +234.305683 ASYNC-IN-SUBMIT ep=0x81 len=0 type=BULK (in, awaiting data)
[6816] +234.338811 ASYNC-OUT ep=0x01 len=16 type=BULK 
	0000  08 00 00 18 01 10 ef 03  00 f4 00 10 93 1e 00 00 |................|
[6817] +234.339139 ASYNC-OUT-DONE ep=0x01 len=0 status=0 actual=16
[6818] +234.411319 ASYNC-IN-DONE ep=0x81 len=0 status=2 actual=0
[6819] +234.411408 ASYNC-IN-SUBMIT ep=0x81 len=0 type=BULK (in, awaiting data)
[6820] +234.524233 ASYNC-IN-DONE ep=0x81 len=0 status=2 actual=0
[6821] +234.524312 ASYNC-IN-SUBMIT ep=0x81 len=0 type=BULK (in, awaiting data)
[6822] +234.546994 ASYNC-OUT ep=0x01 len=16 type=BULK 
	0000  08 00 00 18 80 10 ed 03  00 1e 00 10 db 39 00 00 |.............9..|
[6823] +234.547336 ASYNC-OUT-DONE ep=0x01 len=0 status=0 actual=16
[6824] +234.633029 ASYNC-IN-DONE ep=0x81 len=0 status=2 actual=0
[6825] +234.633116 ASYNC-IN-SUBMIT ep=0x81 len=0 type=BULK (in, awaiting data)
[6826] +234.742464 ASYNC-IN-DONE ep=0x81 len=0 status=2 actual=0
[6827] +234.742565 ASYNC-IN-SUBMIT ep=0x81 len=0 type=BULK (in, awaiting data)
[6828] +234.798756 ASYNC-IN-DONE ep=0x81 len=16 status=0 actual=16
	0000  08 00 00 18 ed 03 80 10  00 28 00 10 86 03 00 00 |.........(......|
[6829] +234.798847 ASYNC-IN-SUBMIT ep=0x81 len=0 type=BULK (in, awaiting data)
[6830] +234.904834 ASYNC-IN-DONE ep=0x81 len=0 status=2 actual=0
[6831] +234.904922 ASYNC-IN-SUBMIT ep=0x81 len=0 type=BULK (in, awaiting data)
[6832] +235.016950 ASYNC-IN-DONE ep=0x81 len=0 status=2 actual=0
[6833] +235.017044 ASYNC-IN-SUBMIT ep=0x81 len=0 type=BULK (in, awaiting data)
[6834] +235.129858 ASYNC-IN-DONE ep=0x81 len=0 status=2 actual=0
[6835] +235.129944 ASYNC-IN-SUBMIT ep=0x81 len=0 type=BULK (in, awaiting data)
[6836] +235.200353 ASYNC-IN-DONE ep=0x81 len=16 status=0 actual=16
	0000  08 00 00 18 ef 03 01 10  00 fd 00 10 65 02 00 00 |............e...|
[6837] +235.200483 ASYNC-IN-SUBMIT ep=0x81 len=0 type=BULK (in, awaiting data)
[6838] +235.200665 ASYNC-IN-DONE ep=0x81 len=16 status=0 actual=16
	0000  08 00 00 18 f0 03 02 10  00 07 00 10 09 02 00 00 |................|
[6839] +235.200735 ASYNC-IN-SUBMIT ep=0x81 len=0 type=BULK (in, awaiting data)
[6840] +235.221442 ASYNC-OUT ep=0x01 len=16 type=BULK 
	0000  08 00 00 18 02 10 f0 03  00 eb 00 10 5b 13 00 00 |............[...|
[6841] +235.221649 ASYNC-OUT-DONE ep=0x01 len=0 status=0 actual=16
[6842] +235.311019 ASYNC-IN-DONE ep=0x81 len=0 status=2 actual=0
[6843] +235.311102 ASYNC-IN-SUBMIT ep=0x81 len=0 type=BULK (in, awaiting data)
[6844] +235.376732 ASYNC-OUT ep=0x01 len=16 type=BULK 
	0000  08 00 00 18 01 10 ef 03  00 f5 00 10 93 1e 00 00 |................|
[6845] +235.377036 ASYNC-OUT-DONE ep=0x01 len=0 status=0 actual=16
[6846] +235.413422 ASYNC-IN-DONE ep=0x81 len=0 status=2 actual=0
[6847] +235.413514 ASYNC-IN-SUBMIT ep=0x81 len=0 type=BULK (in, awaiting data)
[6848] +235.526337 ASYNC-IN-DONE ep=0x81 len=0 status=2 actual=0
[6849] +235.526431 ASYNC-IN-SUBMIT ep=0x81 len=0 type=BULK (in, awaiting data)
[6850] +235.584932 ASYNC-OUT ep=0x01 len=16 type=BULK 
	0000  08 00 00 18 80 10 ed 03  00 1f 00 10 db 39 00 00 |.............9..|
[6851] +235.585206 ASYNC-OUT-DONE ep=0x01 len=0 status=0 actual=16
[6852] +235.635182 ASYNC-IN-DONE ep=0x81 len=0 status=2 actual=0
[6853] +235.635344 ASYNC-IN-SUBMIT ep=0x81 len=0 type=BULK (in, awaiting data)
[6854] +235.747942 ASYNC-IN-DONE ep=0x81 len=0 status=2 actual=0
[6855] +235.748041 ASYNC-IN-SUBMIT ep=0x81 len=0 type=BULK (in, awaiting data)
[6856] +235.802549 ASYNC-IN-DONE ep=0x81 len=16 status=0 actual=16
	0000  08 00 00 18 ed 03 80 10  00 29 00 10 86 03 00 00 |.........)......|
[6857] +235.802678 ASYNC-IN-SUBMIT ep=0x81 len=0 type=BULK (in, awaiting data)
[6858] +235.915496 ASYNC-IN-DONE ep=0x81 len=0 status=2 actual=0
[6859] +235.915581 ASYNC-IN-SUBMIT ep=0x81 len=0 type=BULK (in, awaiting data)
[6860] +236.022339 ASYNC-IN-DONE ep=0x81 len=0 status=2 actual=0
[6861] +236.022443 ASYNC-IN-SUBMIT ep=0x81 len=0 type=BULK (in, awaiting data)
[6862] +236.128371 ASYNC-IN-DONE ep=0x81 len=0 status=2 actual=0
[6863] +236.128469 ASYNC-IN-SUBMIT ep=0x81 len=0 type=BULK (in, awaiting data)
[6864] +236.203488 ASYNC-IN-DONE ep=0x81 len=16 status=0 actual=16
	0000  08 00 00 18 ef 03 01 10  00 fe 00 10 65 02 00 00 |............e...|
[6865] +236.203605 ASYNC-IN-SUBMIT ep=0x81 len=0 type=BULK (in, awaiting data)
[6866] +236.203785 ASYNC-IN-DONE ep=0x81 len=16 status=0 actual=16
	0000  08 00 00 18 f0 03 02 10  00 08 00 10 09 02 00 00 |................|
[6867] +236.203846 ASYNC-IN-SUBMIT ep=0x81 len=0 type=BULK (in, awaiting data)
[6868] +236.258341 ASYNC-OUT ep=0x01 len=16 type=BULK 
	0000  08 00 00 18 02 10 f0 03  00 ec 00 10 5b 13 00 00 |............[...|
[6869] +236.258628 ASYNC-OUT-DONE ep=0x01 len=0 status=0 actual=16
[6870] +236.313294 ASYNC-IN-DONE ep=0x81 len=0 status=2 actual=0
[6871] +236.313393 ASYNC-IN-SUBMIT ep=0x81 len=0 type=BULK (in, awaiting data)
[6872] +236.414552 ASYNC-OUT ep=0x01 len=16 type=BULK 
	0000  08 00 00 18 01 10 ef 03  00 f6 00 10 93 1e 00 00 |................|
[6873] +236.414918 ASYNC-OUT-DONE ep=0x01 len=0 status=0 actual=16
[6874] +236.415448 ASYNC-IN-DONE ep=0x81 len=0 status=2 actual=0
[6875] +236.415485 ASYNC-IN-SUBMIT ep=0x81 len=0 type=BULK (in, awaiting data)
[6876] +236.525783 ASYNC-IN-DONE ep=0x81 len=0 status=2 actual=0
[6877] +236.525910 ASYNC-IN-SUBMIT ep=0x81 len=0 type=BULK (in, awaiting data)
[6878] +236.622439 ASYNC-OUT ep=0x01 len=16 type=BULK 
	0000  08 00 00 18 80 10 ed 03  00 20 00 10 db 39 00 00 |......... ...9..|
[6879] +236.622752 ASYNC-OUT-DONE ep=0x01 len=0 status=0 actual=16
[6880] +236.626440 ASYNC-IN-DONE ep=0x81 len=0 status=2 actual=0
[6881] +236.626494 ASYNC-IN-SUBMIT ep=0x81 len=0 type=BULK (in, awaiting data)
[6882] +236.733246 ASYNC-IN-DONE ep=0x81 len=0 status=2 actual=0
[6883] +236.733353 ASYNC-IN-SUBMIT ep=0x81 len=0 type=BULK (in, awaiting data)
[6884] +236.805538 ASYNC-IN-DONE ep=0x81 len=16 status=0 actual=16
	0000  08 00 00 18 ed 03 80 10  00 2a 00 10 86 03 00 00 |.........*......|
[6885] +236.805664 ASYNC-IN-SUBMIT ep=0x81 len=0 type=BULK (in, awaiting data)
[6886] +236.908005 ASYNC-IN-DONE ep=0x81 len=0 status=2 actual=0
[6887] +236.908091 ASYNC-IN-SUBMIT ep=0x81 len=0 type=BULK (in, awaiting data)
[6888] +237.017911 ASYNC-IN-DONE ep=0x81 len=0 status=2 actual=0
[6889] +237.017999 ASYNC-IN-SUBMIT ep=0x81 len=0 type=BULK (in, awaiting data)
[6890] +237.129308 ASYNC-IN-DONE ep=0x81 len=0 status=2 actual=0
[6891] +237.129395 ASYNC-IN-SUBMIT ep=0x81 len=0 type=BULK (in, awaiting data)
[6892] +237.206997 ASYNC-IN-DONE ep=0x81 len=16 status=0 actual=16
	0000  08 00 00 18 ef 03 01 10  00 ff 00 10 65 02 00 00 |............e...|
[6893] +237.207102 ASYNC-IN-SUBMIT ep=0x81 len=0 type=BULK (in, awaiting data)
[6894] +237.207237 ASYNC-IN-DONE ep=0x81 len=16 status=0 actual=16
	0000  08 00 00 18 f0 03 02 10  00 09 00 10 09 02 00 00 |................|
[6895] +237.207276 ASYNC-IN-SUBMIT ep=0x81 len=0 type=BULK (in, awaiting data)
[6896] +237.298211 ASYNC-OUT ep=0x01 len=16 type=BULK 
	0000  08 00 00 18 02 10 f0 03  00 ed 00 10 5b 13 00 00 |............[...|
[6897] +237.298534 ASYNC-OUT-DONE ep=0x01 len=0 status=0 actual=16
[6898] +237.319957 ASYNC-IN-DONE ep=0x81 len=0 status=2 actual=0
[6899] +237.320124 ASYNC-IN-SUBMIT ep=0x81 len=0 type=BULK (in, awaiting data)
[6900] +237.424952 ASYNC-IN-DONE ep=0x81 len=0 status=2 actual=0
[6901] +237.425021 ASYNC-IN-SUBMIT ep=0x81 len=0 type=BULK (in, awaiting data)
[6902] +237.454324 ASYNC-OUT ep=0x01 len=16 type=BULK 
	0000  08 00 00 18 01 10 ef 03  00 f7 00 10 93 1e 00 00 |................|
[6903] +237.454593 ASYNC-OUT-DONE ep=0x01 len=0 status=0 actual=16
[6904] +237.534145 ASYNC-IN-DONE ep=0x81 len=0 status=2 actual=0
[6905] +237.534250 ASYNC-IN-SUBMIT ep=0x81 len=0 type=BULK (in, awaiting data)
[6906] +237.646622 ASYNC-IN-DONE ep=0x81 len=0 status=2 actual=0
[6907] +237.646729 ASYNC-IN-SUBMIT ep=0x81 len=0 type=BULK (in, awaiting data)
[6908] +237.662487 ASYNC-OUT ep=0x01 len=16 type=BULK 
	0000  08 00 00 18 80 10 ed 03  00 21 00 10 db 39 00 00 |.........!...9..|
[6909] +237.662733 ASYNC-OUT-DONE ep=0x01 len=0 status=0 actual=16
[6910] +237.759049 ASYNC-IN-DONE ep=0x81 len=0 status=2 actual=0
[6911] +237.759108 ASYNC-IN-SUBMIT ep=0x81 len=0 type=BULK (in, awaiting data)
[6912] +237.808824 ASYNC-IN-DONE ep=0x81 len=16 status=0 actual=16
	0000  08 00 00 18 ed 03 80 10  00 2b 00 10 86 03 00 00 |.........+......|
[6913] +237.808960 ASYNC-IN-SUBMIT ep=0x81 len=0 type=BULK (in, awaiting data)
[6914] +237.912531 ASYNC-IN-DONE ep=0x81 len=0 status=2 actual=0
[6915] +237.912637 ASYNC-IN-SUBMIT ep=0x81 len=0 type=BULK (in, awaiting data)
[6916] +238.023029 ASYNC-IN-DONE ep=0x81 len=0 status=2 actual=0
[6917] +238.023107 ASYNC-IN-SUBMIT ep=0x81 len=0 type=BULK (in, awaiting data)
[6918] +238.131172 ASYNC-IN-DONE ep=0x81 len=0 status=2 actual=0
[6919] +238.131272 ASYNC-IN-SUBMIT ep=0x81 len=0 type=BULK (in, awaiting data)
[6920] +238.210392 ASYNC-IN-DONE ep=0x81 len=16 status=0 actual=16
	0000  08 00 00 18 ef 03 01 10  00 00 00 10 65 02 00 00 |............e...|
[6921] +238.210518 ASYNC-IN-SUBMIT ep=0x81 len=0 type=BULK (in, awaiting data)
[6922] +238.210883 ASYNC-IN-DONE ep=0x81 len=16 status=0 actual=16
	0000  08 00 00 18 f0 03 02 10  00 0a 00 10 09 02 00 00 |................|
[6923] +238.210946 ASYNC-IN-SUBMIT ep=0x81 len=0 type=BULK (in, awaiting data)
[6924] +238.312887 ASYNC-IN-DONE ep=0x81 len=0 status=2 actual=0
[6925] +238.312967 ASYNC-IN-SUBMIT ep=0x81 len=0 type=BULK (in, awaiting data)
[6926] +238.335928 ASYNC-OUT ep=0x01 len=16 type=BULK 
	0000  08 00 00 18 02 10 f0 03  00 ee 00 10 5b 13 00 00 |............[...|
[6927] +238.336227 ASYNC-OUT-DONE ep=0x01 len=0 status=0 actual=16
[6928] +238.419928 ASYNC-IN-DONE ep=0x81 len=0 status=2 actual=0
[6929] +238.420019 ASYNC-IN-SUBMIT ep=0x81 len=0 type=BULK (in, awaiting data)
[6930] +238.492096 ASYNC-OUT ep=0x01 len=16 type=BULK 
	0000  08 00 00 18 01 10 ef 03  00 f8 00 10 93 1e 00 00 |................|
[6931] +238.492383 ASYNC-OUT-DONE ep=0x01 len=0 status=0 actual=16
[6932] +238.529666 ASYNC-IN-DONE ep=0x81 len=0 status=2 actual=0
[6933] +238.529726 ASYNC-IN-SUBMIT ep=0x81 len=0 type=BULK (in, awaiting data)
[6934] +238.642548 ASYNC-IN-DONE ep=0x81 len=0 status=2 actual=0
[6935] +238.642608 ASYNC-IN-SUBMIT ep=0x81 len=0 type=BULK (in, awaiting data)
[6936] +238.699474 ASYNC-OUT ep=0x01 len=16 type=BULK 
	0000  08 00 00 18 80 10 ed 03  00 22 00 10 db 39 00 00 |........."...9..|
[6937] +238.699796 ASYNC-OUT-DONE ep=0x01 len=0 status=0 actual=16
[6938] +238.753391 ASYNC-IN-DONE ep=0x81 len=0 status=2 actual=0
[6939] +238.753478 ASYNC-IN-SUBMIT ep=0x81 len=0 type=BULK (in, awaiting data)
[6940] +238.812619 ASYNC-IN-DONE ep=0x81 len=16 status=0 actual=16
	0000  08 00 00 18 ed 03 80 10  00 2c 00 10 86 03 00 00 |.........,......|
[6941] +238.812750 ASYNC-IN-SUBMIT ep=0x81 len=0 type=BULK (in, awaiting data)
[6942] +238.922870 ASYNC-IN-DONE ep=0x81 len=0 status=2 actual=0
[6943] +238.922949 ASYNC-IN-SUBMIT ep=0x81 len=0 type=BULK (in, awaiting data)
[6944] +239.028403 ASYNC-IN-DONE ep=0x81 len=0 status=2 actual=0
[6945] +239.028482 ASYNC-IN-SUBMIT ep=0x81 len=0 type=BULK (in, awaiting data)
[6946] +239.137087 ASYNC-IN-DONE ep=0x81 len=0 status=2 actual=0
[6947] +239.137184 ASYNC-IN-SUBMIT ep=0x81 len=0 type=BULK (in, awaiting data)
[6948] +239.213576 ASYNC-IN-DONE ep=0x81 len=16 status=0 actual=16
	0000  08 00 00 18 ef 03 01 10  00 01 00 10 65 02 00 00 |............e...|
[6949] +239.213694 ASYNC-IN-SUBMIT ep=0x81 len=0 type=BULK (in, awaiting data)
[6950] +239.213858 ASYNC-IN-DONE ep=0x81 len=16 status=0 actual=16
	0000  08 00 00 18 f0 03 02 10  00 0b 00 10 09 02 00 00 |................|
[6951] +239.213914 ASYNC-IN-SUBMIT ep=0x81 len=0 type=BULK (in, awaiting data)
[6952] +239.326641 ASYNC-IN-DONE ep=0x81 len=0 status=2 actual=0
[6953] +239.326720 ASYNC-IN-SUBMIT ep=0x81 len=0 type=BULK (in, awaiting data)
[6954] +239.374780 ASYNC-OUT ep=0x01 len=16 type=BULK 
	0000  08 00 00 18 02 10 f0 03  00 ef 00 10 5b 13 00 00 |............[...|
[6955] +239.375087 ASYNC-OUT-DONE ep=0x01 len=0 status=0 actual=16
[6956] +239.438282 ASYNC-IN-DONE ep=0x81 len=0 status=2 actual=0
[6957] +239.438369 ASYNC-IN-SUBMIT ep=0x81 len=0 type=BULK (in, awaiting data)
[6958] +239.530942 ASYNC-OUT ep=0x01 len=16 type=BULK 
	0000  08 00 00 18 01 10 ef 03  00 f9 00 10 93 1e 00 00 |................|
[6959] +239.531273 ASYNC-OUT-DONE ep=0x01 len=0 status=0 actual=16
[6960] +239.551172 ASYNC-IN-DONE ep=0x81 len=0 status=2 actual=0
[6961] +239.551253 ASYNC-IN-SUBMIT ep=0x81 len=0 type=BULK (in, awaiting data)
[6962] +239.657186 ASYNC-IN-DONE ep=0x81 len=0 status=2 actual=0
[6963] +239.657281 ASYNC-IN-SUBMIT ep=0x81 len=0 type=BULK (in, awaiting data)
[6964] +239.738625 ASYNC-OUT ep=0x01 len=16 type=BULK 
	0000  08 00 00 18 80 10 ed 03  00 23 00 10 db 39 00 00 |.........#...9..|
[6965] +239.738959 ASYNC-OUT-DONE ep=0x01 len=0 status=0 actual=16
[6966] +239.764820 ASYNC-IN-DONE ep=0x81 len=0 status=2 actual=0
[6967] +239.764894 ASYNC-IN-SUBMIT ep=0x81 len=0 type=BULK (in, awaiting data)
[6968] +239.815735 ASYNC-IN-DONE ep=0x81 len=16 status=0 actual=16
	0000  08 00 00 18 ed 03 80 10  00 2d 00 10 86 03 00 00 |.........-......|
[6969] +239.815846 ASYNC-IN-SUBMIT ep=0x81 len=0 type=BULK (in, awaiting data)
[6970] +239.920921 ASYNC-IN-DONE ep=0x81 len=0 status=2 actual=0
[6971] +239.921005 ASYNC-IN-SUBMIT ep=0x81 len=0 type=BULK (in, awaiting data)
[6972] +240.025709 ASYNC-IN-DONE ep=0x81 len=0 status=2 actual=0
[6973] +240.025897 ASYNC-IN-SUBMIT ep=0x81 len=0 type=BULK (in, awaiting data)
[6974] +240.129876 ASYNC-IN-DONE ep=0x81 len=0 status=2 actual=0
[6975] +240.129954 ASYNC-IN-SUBMIT ep=0x81 len=0 type=BULK (in, awaiting data)
[6976] +240.217431 ASYNC-IN-DONE ep=0x81 len=16 status=0 actual=16
	0000  08 00 00 18 ef 03 01 10  00 02 00 10 65 02 00 00 |............e...|
[6977] +240.217536 ASYNC-IN-SUBMIT ep=0x81 len=0 type=BULK (in, awaiting data)
[6978] +240.217692 ASYNC-IN-DONE ep=0x81 len=16 status=0 actual=16
	0000  08 00 00 18 f0 03 02 10  00 0c 00 10 09 02 00 00 |................|
[6979] +240.217743 ASYNC-IN-SUBMIT ep=0x81 len=0 type=BULK (in, awaiting data)
[6980] +240.322147 ASYNC-IN-DONE ep=0x81 len=0 status=2 actual=0
[6981] +240.322225 ASYNC-IN-SUBMIT ep=0x81 len=0 type=BULK (in, awaiting data)
[6982] +240.414265 ASYNC-OUT ep=0x01 len=16 type=BULK 
	0000  08 00 00 18 02 10 f0 03  00 f0 00 10 5b 13 00 00 |............[...|
[6983] +240.414595 ASYNC-OUT-DONE ep=0x01 len=0 status=0 actual=16
[6984] +240.423839 ASYNC-IN-DONE ep=0x81 len=0 status=2 actual=0
[6985] +240.423893 ASYNC-IN-SUBMIT ep=0x81 len=0 type=BULK (in, awaiting data)
[6986] +240.534418 ASYNC-IN-DONE ep=0x81 len=0 status=2 actual=0
[6987] +240.534519 ASYNC-IN-SUBMIT ep=0x81 len=0 type=BULK (in, awaiting data)
[6988] +240.569929 ASYNC-OUT ep=0x01 len=16 type=BULK 
	0000  08 00 00 18 01 10 ef 03  00 fa 00 10 93 1e 00 00 |................|
[6989] +240.570242 ASYNC-OUT-DONE ep=0x01 len=0 status=0 actual=16
[6990] +240.646722 ASYNC-IN-DONE ep=0x81 len=0 status=2 actual=0
[6991] +240.646874 ASYNC-IN-SUBMIT ep=0x81 len=0 type=BULK (in, awaiting data)
[6992] +240.752250 ASYNC-IN-DONE ep=0x81 len=0 status=2 actual=0
[6993] +240.752347 ASYNC-IN-SUBMIT ep=0x81 len=0 type=BULK (in, awaiting data)
[6994] +240.778164 ASYNC-OUT ep=0x01 len=16 type=BULK 
	0000  08 00 00 18 80 10 ed 03  00 24 00 10 db 39 00 00 |.........$...9..|
[6995] +240.778482 ASYNC-OUT-DONE ep=0x01 len=0 status=0 actual=16
[6996] +240.819440 ASYNC-IN-DONE ep=0x81 len=16 status=0 actual=16
	0000  08 00 00 18 ed 03 80 10  00 2e 00 10 86 03 00 00 |................|
[6997] +240.819567 ASYNC-IN-SUBMIT ep=0x81 len=0 type=BULK (in, awaiting data)
[6998] +240.928268 ASYNC-IN-DONE ep=0x81 len=0 status=2 actual=0
[6999] +240.928364 ASYNC-IN-SUBMIT ep=0x81 len=0 type=BULK (in, awaiting data)
[7000] +241.030968 ASYNC-IN-DONE ep=0x81 len=0 status=2 actual=0
[7001] +241.031042 ASYNC-IN-SUBMIT ep=0x81 len=0 type=BULK (in, awaiting data)
[7002] +241.142414 ASYNC-IN-DONE ep=0x81 len=0 status=2 actual=0
[7003] +241.142494 ASYNC-IN-SUBMIT ep=0x81 len=0 type=BULK (in, awaiting data)
[7004] +241.220255 ASYNC-IN-DONE ep=0x81 len=16 status=0 actual=16
	0000  08 00 00 18 ef 03 01 10  00 03 00 10 65 02 00 00 |............e...|
[7005] +241.220364 ASYNC-IN-SUBMIT ep=0x81 len=0 type=BULK (in, awaiting data)
[7006] +241.220712 ASYNC-IN-DONE ep=0x81 len=16 status=0 actual=16
	0000  08 00 00 18 f0 03 02 10  00 0d 00 10 09 02 00 00 |................|
[7007] +241.220769 ASYNC-IN-SUBMIT ep=0x81 len=0 type=BULK (in, awaiting data)
[7008] +241.333560 ASYNC-IN-DONE ep=0x81 len=0 status=2 actual=0
[7009] +241.333661 ASYNC-IN-SUBMIT ep=0x81 len=0 type=BULK (in, awaiting data)
[7010] +241.446535 ASYNC-IN-DONE ep=0x81 len=0 status=2 actual=0
[7011] +241.446616 ASYNC-IN-SUBMIT ep=0x81 len=0 type=BULK (in, awaiting data)
[7012] +241.454041 ASYNC-OUT ep=0x01 len=16 type=BULK 
	0000  08 00 00 18 02 10 f0 03  00 f1 00 10 5b 13 00 00 |............[...|
[7013] +241.454455 ASYNC-OUT-DONE ep=0x01 len=0 status=0 actual=16
[7014] +241.558506 ASYNC-IN-DONE ep=0x81 len=0 status=2 actual=0
[7015] +241.558579 ASYNC-IN-SUBMIT ep=0x81 len=0 type=BULK (in, awaiting data)
[7016] +241.609884 ASYNC-OUT ep=0x01 len=16 type=BULK 
	0000  08 00 00 18 01 10 ef 03  00 fb 00 10 93 1e 00 00 |................|
[7017] +241.610163 ASYNC-OUT-DONE ep=0x01 len=0 status=0 actual=16
[7018] +241.667361 ASYNC-IN-DONE ep=0x81 len=0 status=2 actual=0
[7019] +241.667434 ASYNC-IN-SUBMIT ep=0x81 len=0 type=BULK (in, awaiting data)
[7020] +241.773585 ASYNC-IN-DONE ep=0x81 len=0 status=2 actual=0
[7021] +241.773674 ASYNC-IN-SUBMIT ep=0x81 len=0 type=BULK (in, awaiting data)
[7022] +241.817301 ASYNC-OUT ep=0x01 len=16 type=BULK 
	0000  08 00 00 18 80 10 ed 03  00 25 00 10 db 39 00 00 |.........%...9..|
[7023] +241.817678 ASYNC-OUT-DONE ep=0x01 len=0 status=0 actual=16
[7024] +241.822597 ASYNC-IN-DONE ep=0x81 len=16 status=0 actual=16
	0000  08 00 00 18 ed 03 80 10  00 2f 00 10 86 03 00 00 |........./......|
[7025] +241.822677 ASYNC-IN-SUBMIT ep=0x81 len=0 type=BULK (in, awaiting data)
[7026] +241.934120 ASYNC-IN-DONE ep=0x81 len=0 status=2 actual=0
[7027] +241.934210 ASYNC-IN-SUBMIT ep=0x81 len=0 type=BULK (in, awaiting data)
[7028] +242.045080 ASYNC-IN-DONE ep=0x81 len=0 status=2 actual=0
[7029] +242.045181 ASYNC-IN-SUBMIT ep=0x81 len=0 type=BULK (in, awaiting data)
[7030] +242.154219 ASYNC-IN-DONE ep=0x81 len=0 status=2 actual=0
[7031] +242.154323 ASYNC-IN-SUBMIT ep=0x81 len=0 type=BULK (in, awaiting data)
[7032] +242.223361 ASYNC-IN-DONE ep=0x81 len=16 status=0 actual=16
	0000  08 00 00 18 ef 03 01 10  00 04 00 10 65 02 00 00 |............e...|
[7033] +242.223484 ASYNC-IN-SUBMIT ep=0x81 len=0 type=BULK (in, awaiting data)
[7034] +242.223667 ASYNC-IN-DONE ep=0x81 len=16 status=0 actual=16
	0000  08 00 00 18 f0 03 02 10  00 0e 00 10 09 02 00 00 |................|
[7035] +242.223731 ASYNC-IN-SUBMIT ep=0x81 len=0 type=BULK (in, awaiting data)
[7036] +242.336081 ASYNC-IN-DONE ep=0x81 len=0 status=2 actual=0
[7037] +242.336183 ASYNC-IN-SUBMIT ep=0x81 len=0 type=BULK (in, awaiting data)
[7038] +242.446639 ASYNC-IN-DONE ep=0x81 len=0 status=2 actual=0
[7039] +242.446744 ASYNC-IN-SUBMIT ep=0x81 len=0 type=BULK (in, awaiting data)
[7040] +242.492119 ASYNC-OUT ep=0x01 len=16 type=BULK 
	0000  08 00 00 18 02 10 f0 03  00 f2 00 10 5b 13 00 00 |............[...|
[7041] +242.492466 ASYNC-OUT-DONE ep=0x01 len=0 status=0 actual=16
[7042] +242.550974 ASYNC-IN-DONE ep=0x81 len=0 status=2 actual=0
[7043] +242.551068 ASYNC-IN-SUBMIT ep=0x81 len=0 type=BULK (in, awaiting data)
[7044] +242.648291 ASYNC-OUT ep=0x01 len=16 type=BULK 
	0000  08 00 00 18 01 10 ef 03  00 fc 00 10 93 1e 00 00 |................|
[7045] +242.648656 ASYNC-OUT-DONE ep=0x01 len=0 status=0 actual=16
[7046] +242.661745 ASYNC-IN-DONE ep=0x81 len=0 status=2 actual=0
[7047] +242.661807 ASYNC-IN-SUBMIT ep=0x81 len=0 type=BULK (in, awaiting data)
[7048] +242.774620 ASYNC-IN-DONE ep=0x81 len=0 status=2 actual=0
[7049] +242.774709 ASYNC-IN-SUBMIT ep=0x81 len=0 type=BULK (in, awaiting data)
[7050] +242.825353 ASYNC-IN-DONE ep=0x81 len=16 status=0 actual=16
	0000  08 00 00 18 ed 03 80 10  00 30 00 10 86 03 00 00 |.........0......|
[7051] +242.825487 ASYNC-IN-SUBMIT ep=0x81 len=0 type=BULK (in, awaiting data)
[7052] +242.855839 ASYNC-OUT ep=0x01 len=16 type=BULK 
	0000  08 00 00 18 80 10 ed 03  00 26 00 10 db 39 00 00 |.........&...9..|
[7053] +242.856164 ASYNC-OUT-DONE ep=0x01 len=0 status=0 actual=16
[7054] +242.938308 ASYNC-IN-DONE ep=0x81 len=0 status=2 actual=0
[7055] +242.938361 ASYNC-IN-SUBMIT ep=0x81 len=0 type=BULK (in, awaiting data)
[7056] +243.050804 ASYNC-IN-DONE ep=0x81 len=0 status=2 actual=0
[7057] +243.050841 ASYNC-IN-SUBMIT ep=0x81 len=0 type=BULK (in, awaiting data)
[7058] +243.162515 ASYNC-IN-DONE ep=0x81 len=0 status=2 actual=0
[7059] +243.162590 ASYNC-IN-SUBMIT ep=0x81 len=0 type=BULK (in, awaiting data)
[7060] +243.227241 ASYNC-IN-DONE ep=0x81 len=16 status=0 actual=16
	0000  08 00 00 18 ef 03 01 10  00 05 00 10 65 02 00 00 |............e...|
[7061] +243.227356 ASYNC-IN-SUBMIT ep=0x81 len=0 type=BULK (in, awaiting data)
[7062] +243.227542 ASYNC-IN-DONE ep=0x81 len=16 status=0 actual=16
	0000  08 00 00 18 f0 03 02 10  00 0f 00 10 09 02 00 00 |................|
[7063] +243.227606 ASYNC-IN-SUBMIT ep=0x81 len=0 type=BULK (in, awaiting data)
[7064] +243.329286 ASYNC-IN-DONE ep=0x81 len=0 status=2 actual=0
[7065] +243.329379 ASYNC-IN-SUBMIT ep=0x81 len=0 type=BULK (in, awaiting data)
[7066] +243.430246 ASYNC-IN-DONE ep=0x81 len=0 status=2 actual=0
[7067] +243.430305 ASYNC-IN-SUBMIT ep=0x81 len=0 type=BULK (in, awaiting data)
[7068] +243.530874 ASYNC-IN-DONE ep=0x81 len=0 status=2 actual=0
[7069] +243.530956 ASYNC-IN-SUBMIT ep=0x81 len=0 type=BULK (in, awaiting data)
[7070] +243.531765 ASYNC-OUT ep=0x01 len=16 type=BULK 
	0000  08 00 00 18 02 10 f0 03  00 f3 00 10 5b 13 00 00 |............[...|
[7071] +243.531925 ASYNC-OUT-DONE ep=0x01 len=0 status=0 actual=16
[7072] +243.642555 ASYNC-IN-DONE ep=0x81 len=0 status=2 actual=0
[7073] +243.642631 ASYNC-IN-SUBMIT ep=0x81 len=0 type=BULK (in, awaiting data)
[7074] +243.687943 ASYNC-OUT ep=0x01 len=16 type=BULK 
	0000  08 00 00 18 01 10 ef 03  00 fd 00 10 93 1e 00 00 |................|
[7075] +243.688239 ASYNC-OUT-DONE ep=0x01 len=0 status=0 actual=16
[7076] +243.750560 ASYNC-IN-DONE ep=0x81 len=0 status=2 actual=0
[7077] +243.750621 ASYNC-IN-SUBMIT ep=0x81 len=0 type=BULK (in, awaiting data)
[7078] +243.829315 ASYNC-IN-DONE ep=0x81 len=16 status=0 actual=16
	0000  08 00 00 18 ed 03 80 10  00 31 00 10 86 03 00 00 |.........1......|
[7079] +243.829410 ASYNC-IN-SUBMIT ep=0x81 len=0 type=BULK (in, awaiting data)
[7080] +243.896185 ASYNC-OUT ep=0x01 len=16 type=BULK 
	0000  08 00 00 18 80 10 ed 03  00 27 00 10 db 39 00 00 |.........'...9..|
[7081] +243.896484 ASYNC-OUT-DONE ep=0x01 len=0 status=0 actual=16
[7082] +243.934819 ASYNC-IN-DONE ep=0x81 len=0 status=2 actual=0
[7083] +243.934919 ASYNC-IN-SUBMIT ep=0x81 len=0 type=BULK (in, awaiting data)
[7084] +244.046654 ASYNC-IN-DONE ep=0x81 len=0 status=2 actual=0
[7085] +244.046733 ASYNC-IN-SUBMIT ep=0x81 len=0 type=BULK (in, awaiting data)
[7086] +244.151318 ASYNC-IN-DONE ep=0x81 len=0 status=2 actual=0
[7087] +244.151410 ASYNC-IN-SUBMIT ep=0x81 len=0 type=BULK (in, awaiting data)
[7088] +244.230085 ASYNC-IN-DONE ep=0x81 len=16 status=0 actual=16
	0000  08 00 00 18 ef 03 01 10  00 06 00 10 65 02 00 00 |............e...|
[7089] +244.230183 ASYNC-IN-SUBMIT ep=0x81 len=0 type=BULK (in, awaiting data)
[7090] +244.230311 ASYNC-IN-DONE ep=0x81 len=16 status=0 actual=16
	0000  08 00 00 18 f0 03 02 10  00 10 00 10 09 02 00 00 |................|
[7091] +244.230356 ASYNC-IN-SUBMIT ep=0x81 len=0 type=BULK (in, awaiting data)
[7092] +244.332014 ASYNC-IN-DONE ep=0x81 len=0 status=2 actual=0
[7093] +244.332059 ASYNC-IN-SUBMIT ep=0x81 len=0 type=BULK (in, awaiting data)
[7094] +244.442285 ASYNC-IN-DONE ep=0x81 len=0 status=2 actual=0
[7095] +244.442386 ASYNC-IN-SUBMIT ep=0x81 len=0 type=BULK (in, awaiting data)
[7096] +244.549886 ASYNC-IN-DONE ep=0x81 len=0 status=2 actual=0
[7097] +244.549977 ASYNC-IN-SUBMIT ep=0x81 len=0 type=BULK (in, awaiting data)
[7098] +244.569908 ASYNC-OUT ep=0x01 len=16 type=BULK 
	0000  08 00 00 18 02 10 f0 03  00 f4 00 10 5b 13 00 00 |............[...|
[7099] +244.570174 ASYNC-OUT-DONE ep=0x01 len=0 status=0 actual=16
[7100] +244.653753 ASYNC-IN-DONE ep=0x81 len=0 status=2 actual=0
[7101] +244.653856 ASYNC-IN-SUBMIT ep=0x81 len=0 type=BULK (in, awaiting data)
[7102] +244.725592 ASYNC-OUT ep=0x01 len=16 type=BULK 
	0000  08 00 00 18 01 10 ef 03  00 fe 00 10 93 1e 00 00 |................|
[7103] +244.725924 ASYNC-OUT-DONE ep=0x01 len=0 status=0 actual=16
[7104] +244.766673 ASYNC-IN-DONE ep=0x81 len=0 status=2 actual=0
[7105] +244.766767 ASYNC-IN-SUBMIT ep=0x81 len=0 type=BULK (in, awaiting data)
[7106] +244.832090 ASYNC-IN-DONE ep=0x81 len=16 status=0 actual=16
	0000  08 00 00 18 ed 03 80 10  00 32 00 10 86 03 00 00 |.........2......|
[7107] +244.832222 ASYNC-IN-SUBMIT ep=0x81 len=0 type=BULK (in, awaiting data)
[7108] +244.933340 ASYNC-OUT ep=0x01 len=16 type=BULK 
	0000  08 00 00 18 80 10 ed 03  00 28 00 10 db 39 00 00 |.........(...9..|
[7109] +244.933689 ASYNC-OUT-DONE ep=0x01 len=0 status=0 actual=16
[7110] +244.942415 ASYNC-IN-DONE ep=0x81 len=0 status=2 actual=0
[7111] +244.942474 ASYNC-IN-SUBMIT ep=0x81 len=0 type=BULK (in, awaiting data)
[7112] +245.055330 ASYNC-IN-DONE ep=0x81 len=0 status=2 actual=0
[7113] +245.055421 ASYNC-IN-SUBMIT ep=0x81 len=0 type=BULK (in, awaiting data)
[7114] +245.167484 ASYNC-IN-DONE ep=0x81 len=0 status=2 actual=0
[7115] +245.167574 ASYNC-IN-SUBMIT ep=0x81 len=0 type=BULK (in, awaiting data)
[7116] +245.233386 ASYNC-IN-DONE ep=0x81 len=16 status=0 actual=16
	0000  08 00 00 18 ef 03 01 10  00 07 00 10 65 02 00 00 |............e...|
[7117] +245.233494 ASYNC-IN-SUBMIT ep=0x81 len=0 type=BULK (in, awaiting data)
[7118] +245.233634 ASYNC-IN-DONE ep=0x81 len=16 status=0 actual=16
	0000  08 00 00 18 f0 03 02 10  00 11 00 10 09 02 00 00 |................|
[7119] +245.233681 ASYNC-IN-SUBMIT ep=0x81 len=0 type=BULK (in, awaiting data)
[7120] +245.346474 ASYNC-IN-DONE ep=0x81 len=0 status=2 actual=0
[7121] +245.346550 ASYNC-IN-SUBMIT ep=0x81 len=0 type=BULK (in, awaiting data)
[7122] +245.452504 ASYNC-IN-DONE ep=0x81 len=0 status=2 actual=0
[7123] +245.452578 ASYNC-IN-SUBMIT ep=0x81 len=0 type=BULK (in, awaiting data)
[7124] +245.558665 ASYNC-IN-DONE ep=0x81 len=0 status=2 actual=0
[7125] +245.558757 ASYNC-IN-SUBMIT ep=0x81 len=0 type=BULK (in, awaiting data)
[7126] +245.608482 ASYNC-OUT ep=0x01 len=16 type=BULK 
	0000  08 00 00 18 02 10 f0 03  00 f5 00 10 5b 13 00 00 |............[...|
[7127] +245.608787 ASYNC-OUT-DONE ep=0x01 len=0 status=0 actual=16
[7128] +245.671587 ASYNC-IN-DONE ep=0x81 len=0 status=2 actual=0
[7129] +245.671677 ASYNC-IN-SUBMIT ep=0x81 len=0 type=BULK (in, awaiting data)
[7130] +245.763789 ASYNC-OUT ep=0x01 len=16 type=BULK 
	0000  08 00 00 18 01 10 ef 03  00 ff 00 10 93 1e 00 00 |................|
[7131] +245.764132 ASYNC-OUT-DONE ep=0x01 len=0 status=0 actual=16
[7132] +245.772598 ASYNC-IN-DONE ep=0x81 len=0 status=2 actual=0
[7133] +245.772638 ASYNC-IN-SUBMIT ep=0x81 len=0 type=BULK (in, awaiting data)
[7134] +245.835406 ASYNC-IN-DONE ep=0x81 len=16 status=0 actual=16
	0000  08 00 00 18 ed 03 80 10  00 33 00 10 86 03 00 00 |.........3......|
[7135] +245.835674 ASYNC-IN-SUBMIT ep=0x81 len=0 type=BULK (in, awaiting data)
[7136] +245.940794 ASYNC-IN-DONE ep=0x81 len=0 status=2 actual=0
[7137] +245.940901 ASYNC-IN-SUBMIT ep=0x81 len=0 type=BULK (in, awaiting data)
[7138] +245.971393 ASYNC-OUT ep=0x01 len=16 type=BULK 
	0000  08 00 00 18 80 10 ed 03  00 29 00 10 db 39 00 00 |.........)...9..|
[7139] +245.971795 ASYNC-OUT-DONE ep=0x01 len=0 status=0 actual=16
[7140] +246.042926 ASYNC-IN-DONE ep=0x81 len=0 status=2 actual=0
[7141] +246.042992 ASYNC-IN-SUBMIT ep=0x81 len=0 type=BULK (in, awaiting data)
[7142] +246.155388 ASYNC-IN-DONE ep=0x81 len=0 status=2 actual=0
[7143] +246.155474 ASYNC-IN-SUBMIT ep=0x81 len=0 type=BULK (in, awaiting data)
[7144] +246.237171 ASYNC-IN-DONE ep=0x81 len=16 status=0 actual=16
	0000  08 00 00 18 ef 03 01 10  00 08 00 10 65 02 00 00 |............e...|
[7145] +246.237247 ASYNC-IN-SUBMIT ep=0x81 len=0 type=BULK (in, awaiting data)
[7146] +246.237376 ASYNC-IN-DONE ep=0x81 len=16 status=0 actual=16
	0000  08 00 00 18 f0 03 02 10  00 12 00 10 09 02 00 00 |................|
[7147] +246.237413 ASYNC-IN-SUBMIT ep=0x81 len=0 type=BULK (in, awaiting data)
[7148] +246.342648 ASYNC-IN-DONE ep=0x81 len=0 status=2 actual=0
[7149] +246.342740 ASYNC-IN-SUBMIT ep=0x81 len=0 type=BULK (in, awaiting data)
[7150] +246.455571 ASYNC-IN-DONE ep=0x81 len=0 status=2 actual=0
[7151] +246.455665 ASYNC-IN-SUBMIT ep=0x81 len=0 type=BULK (in, awaiting data)
[7152] +246.567834 ASYNC-IN-DONE ep=0x81 len=0 status=2 actual=0
[7153] +246.567937 ASYNC-IN-SUBMIT ep=0x81 len=0 type=BULK (in, awaiting data)
[7154] +246.645723 ASYNC-OUT ep=0x01 len=16 type=BULK 
	0000  08 00 00 18 02 10 f0 03  00 f6 00 10 5b 13 00 00 |............[...|
[7155] +246.646032 ASYNC-OUT-DONE ep=0x01 len=0 status=0 actual=16
[7156] +246.673496 ASYNC-IN-DONE ep=0x81 len=0 status=2 actual=0
[7157] +246.673565 ASYNC-IN-SUBMIT ep=0x81 len=0 type=BULK (in, awaiting data)
[7158] +246.782610 ASYNC-IN-DONE ep=0x81 len=0 status=2 actual=0
[7159] +246.782720 ASYNC-IN-SUBMIT ep=0x81 len=0 type=BULK (in, awaiting data)
[7160] +246.801864 ASYNC-OUT ep=0x01 len=16 type=BULK 
	0000  08 00 00 18 01 10 ef 03  00 00 00 10 93 1e 00 00 |................|
[7161] +246.802179 ASYNC-OUT-DONE ep=0x01 len=0 status=0 actual=16
[7162] +246.839160 ASYNC-IN-DONE ep=0x81 len=16 status=0 actual=16
	0000  08 00 00 18 ed 03 80 10  00 34 00 10 86 03 00 00 |.........4......|
[7163] +246.839307 ASYNC-IN-SUBMIT ep=0x81 len=0 type=BULK (in, awaiting data)
[7164] +246.941295 ASYNC-IN-DONE ep=0x81 len=0 status=2 actual=0
[7165] +246.941362 ASYNC-IN-SUBMIT ep=0x81 len=0 type=BULK (in, awaiting data)
[7166] +247.009494 ASYNC-OUT ep=0x01 len=16 type=BULK 
	0000  08 00 00 18 80 10 ed 03  00 2a 00 10 db 39 00 00 |.........*...9..|
[7167] +247.009829 ASYNC-OUT-DONE ep=0x01 len=0 status=0 actual=16
[7168] +247.044150 ASYNC-IN-DONE ep=0x81 len=0 status=2 actual=0
[7169] +247.044230 ASYNC-IN-SUBMIT ep=0x81 len=0 type=BULK (in, awaiting data)
[7170] +247.148599 ASYNC-IN-DONE ep=0x81 len=0 status=2 actual=0
[7171] +247.148679 ASYNC-IN-SUBMIT ep=0x81 len=0 type=BULK (in, awaiting data)
[7172] +247.240308 ASYNC-IN-DONE ep=0x81 len=16 status=0 actual=16
	0000  08 00 00 18 ef 03 01 10  00 09 00 10 65 02 00 00 |............e...|
[7173] +247.240448 ASYNC-IN-SUBMIT ep=0x81 len=0 type=BULK (in, awaiting data)
[7174] +247.240652 ASYNC-IN-DONE ep=0x81 len=16 status=0 actual=16
	0000  08 00 00 18 f0 03 02 10  00 13 00 10 09 02 00 00 |................|
[7175] +247.240730 ASYNC-IN-SUBMIT ep=0x81 len=0 type=BULK (in, awaiting data)
[7176] +247.347537 ASYNC-IN-DONE ep=0x81 len=0 status=2 actual=0
[7177] +247.347632 ASYNC-IN-SUBMIT ep=0x81 len=0 type=BULK (in, awaiting data)
[7178] +247.451561 ASYNC-IN-DONE ep=0x81 len=0 status=2 actual=0
[7179] +247.451653 ASYNC-IN-SUBMIT ep=0x81 len=0 type=BULK (in, awaiting data)
[7180] +247.555188 ASYNC-IN-DONE ep=0x81 len=0 status=2 actual=0
[7181] +247.555290 ASYNC-IN-SUBMIT ep=0x81 len=0 type=BULK (in, awaiting data)
[7182] +247.668121 ASYNC-IN-DONE ep=0x81 len=0 status=2 actual=0
[7183] +247.668215 ASYNC-IN-SUBMIT ep=0x81 len=0 type=BULK (in, awaiting data)
[7184] +247.685120 ASYNC-OUT ep=0x01 len=16 type=BULK 
	0000  08 00 00 18 02 10 f0 03  00 f7 00 10 5b 13 00 00 |............[...|
[7185] +247.685357 ASYNC-OUT-DONE ep=0x01 len=0 status=0 actual=16
[7186] +247.780833 ASYNC-IN-DONE ep=0x81 len=0 status=2 actual=0
[7187] +247.780925 ASYNC-IN-SUBMIT ep=0x81 len=0 type=BULK (in, awaiting data)
[7188] +247.840755 ASYNC-OUT ep=0x01 len=16 type=BULK 
	0000  08 00 00 18 01 10 ef 03  00 01 00 10 93 1e 00 00 |................|
[7189] +247.841065 ASYNC-OUT-DONE ep=0x01 len=0 status=0 actual=16
[7190] +247.842214 ASYNC-IN-DONE ep=0x81 len=16 status=0 actual=16
	0000  08 00 00 18 ed 03 80 10  00 35 00 10 86 03 00 00 |.........5......|
[7191] +247.842278 ASYNC-IN-SUBMIT ep=0x81 len=0 type=BULK (in, awaiting data)
[7192] +247.950304 ASYNC-IN-DONE ep=0x81 len=0 status=2 actual=0
[7193] +247.950380 ASYNC-IN-SUBMIT ep=0x81 len=0 type=BULK (in, awaiting data)
[7194] +248.048979 ASYNC-OUT ep=0x01 len=16 type=BULK 
	0000  08 00 00 18 80 10 ed 03  00 2b 00 10 db 39 00 00 |.........+...9..|
[7195] +248.049248 ASYNC-OUT-DONE ep=0x01 len=0 status=0 actual=16
[7196] +248.062549 ASYNC-IN-DONE ep=0x81 len=0 status=2 actual=0
[7197] +248.062594 ASYNC-IN-SUBMIT ep=0x81 len=0 type=BULK (in, awaiting data)
[7198] +248.167402 ASYNC-IN-DONE ep=0x81 len=0 status=2 actual=0
[7199] +248.167484 ASYNC-IN-SUBMIT ep=0x81 len=0 type=BULK (in, awaiting data)
[7200] +248.244084 ASYNC-IN-DONE ep=0x81 len=16 status=0 actual=16
	0000  08 00 00 18 ef 03 01 10  00 0a 00 10 65 02 00 00 |............e...|
[7201] +248.244213 ASYNC-IN-SUBMIT ep=0x81 len=0 type=BULK (in, awaiting data)
[7202] +248.244398 ASYNC-IN-DONE ep=0x81 len=16 status=0 actual=16
	0000  08 00 00 18 f0 03 02 10  00 14 00 10 09 02 00 00 |................|
[7203] +248.244471 ASYNC-IN-SUBMIT ep=0x81 len=0 type=BULK (in, awaiting data)
[7204] +248.354929 ASYNC-IN-DONE ep=0x81 len=0 status=2 actual=0
[7205] +248.355002 ASYNC-IN-SUBMIT ep=0x81 len=0 type=BULK (in, awaiting data)
[7206] +248.467776 ASYNC-IN-DONE ep=0x81 len=0 status=2 actual=0
[7207] +248.467854 ASYNC-IN-SUBMIT ep=0x81 len=0 type=BULK (in, awaiting data)
[7208] +248.571909 ASYNC-IN-DONE ep=0x81 len=0 status=2 actual=0
[7209] +248.571935 ASYNC-IN-SUBMIT ep=0x81 len=0 type=BULK (in, awaiting data)
[7210] +248.679940 ASYNC-IN-DONE ep=0x81 len=0 status=2 actual=0
[7211] +248.679973 ASYNC-IN-SUBMIT ep=0x81 len=0 type=BULK (in, awaiting data)
[7212] +248.721501 ASYNC-OUT ep=0x01 len=16 type=BULK 
	0000  08 00 00 18 02 10 f0 03  00 f8 00 10 5b 13 00 00 |............[...|
[7213] +248.721766 ASYNC-OUT-DONE ep=0x01 len=0 status=0 actual=16
[7214] +248.792712 ASYNC-IN-DONE ep=0x81 len=0 status=2 actual=0
[7215] +248.792734 ASYNC-IN-SUBMIT ep=0x81 len=0 type=BULK (in, awaiting data)
[7216] +248.845385 ASYNC-IN-DONE ep=0x81 len=16 status=0 actual=16
	0000  08 00 00 18 ed 03 80 10  00 36 00 10 86 03 00 00 |.........6......|
[7217] +248.845415 ASYNC-IN-SUBMIT ep=0x81 len=0 type=BULK (in, awaiting data)
[7218] +248.876624 ASYNC-OUT ep=0x01 len=16 type=BULK 
	0000  08 00 00 18 01 10 ef 03  00 02 00 10 93 1e 00 00 |................|
[7219] +248.876812 ASYNC-OUT-DONE ep=0x01 len=0 status=0 actual=16
[7220] +248.957178 ASYNC-IN-DONE ep=0x81 len=0 status=2 actual=0
[7221] +248.957200 ASYNC-IN-SUBMIT ep=0x81 len=0 type=BULK (in, awaiting data)
### MARK TAB-IRs
[7222] +249.070132 ASYNC-IN-DONE ep=0x81 len=0 status=2 actual=0
[7223] +249.070145 ASYNC-IN-SUBMIT ep=0x81 len=0 type=BULK (in, awaiting data)
[7224] +249.083897 ASYNC-OUT ep=0x01 len=16 type=BULK 
	0000  08 00 00 18 80 10 ed 03  00 2c 00 10 db 39 00 00 |.........,...9..|
[7225] +249.084160 ASYNC-OUT-DONE ep=0x01 len=0 status=0 actual=16
[7226] +249.182852 ASYNC-IN-DONE ep=0x81 len=0 status=2 actual=0
[7227] +249.182891 ASYNC-IN-SUBMIT ep=0x81 len=0 type=BULK (in, awaiting data)
[7228] +249.247288 ASYNC-IN-DONE ep=0x81 len=16 status=0 actual=16
	0000  08 00 00 18 ef 03 01 10  00 0b 00 10 65 02 00 00 |............e...|
[7229] +249.247372 ASYNC-IN-SUBMIT ep=0x81 len=0 type=BULK (in, awaiting data)
[7230] +249.247490 ASYNC-IN-DONE ep=0x81 len=16 status=0 actual=16
	0000  08 00 00 18 f0 03 02 10  00 15 00 10 09 02 00 00 |................|
[7231] +249.247523 ASYNC-IN-SUBMIT ep=0x81 len=0 type=BULK (in, awaiting data)
[7232] +249.357792 ASYNC-IN-DONE ep=0x81 len=0 status=2 actual=0
[7233] +249.357887 ASYNC-IN-SUBMIT ep=0x81 len=0 type=BULK (in, awaiting data)
[7234] +249.468214 ASYNC-IN-DONE ep=0x81 len=0 status=2 actual=0
[7235] +249.468309 ASYNC-IN-SUBMIT ep=0x81 len=0 type=BULK (in, awaiting data)
[7236] +249.573952 ASYNC-IN-DONE ep=0x81 len=0 status=2 actual=0
[7237] +249.574033 ASYNC-IN-SUBMIT ep=0x81 len=0 type=BULK (in, awaiting data)
[7238] +249.682654 ASYNC-IN-DONE ep=0x81 len=0 status=2 actual=0
[7239] +249.682747 ASYNC-IN-SUBMIT ep=0x81 len=0 type=BULK (in, awaiting data)
[7240] +249.758896 ASYNC-OUT ep=0x01 len=16 type=BULK 
	0000  08 00 00 18 02 10 f0 03  00 f9 00 10 5b 13 00 00 |............[...|
[7241] +249.759246 ASYNC-OUT-DONE ep=0x01 len=0 status=0 actual=16
[7242] +249.785492 ASYNC-IN-DONE ep=0x81 len=0 status=2 actual=0
[7243] +249.785551 ASYNC-IN-SUBMIT ep=0x81 len=0 type=BULK (in, awaiting data)
[7244] +249.849266 ASYNC-IN-DONE ep=0x81 len=16 status=0 actual=16
	0000  08 00 00 18 ed 03 80 10  00 37 00 10 86 03 00 00 |.........7......|
[7245] +249.849399 ASYNC-IN-SUBMIT ep=0x81 len=0 type=BULK (in, awaiting data)
[7246] +249.915032 ASYNC-OUT ep=0x01 len=16 type=BULK 
	0000  08 00 00 18 01 10 ef 03  00 03 00 10 93 1e 00 00 |................|
[7247] +249.915362 ASYNC-OUT-DONE ep=0x01 len=0 status=0 actual=16
[7248] +249.959625 ASYNC-IN-DONE ep=0x81 len=0 status=2 actual=0
[7249] +249.959698 ASYNC-IN-SUBMIT ep=0x81 len=0 type=BULK (in, awaiting data)
[7250] +250.072538 ASYNC-IN-DONE ep=0x81 len=0 status=2 actual=0
[7251] +250.072606 ASYNC-IN-SUBMIT ep=0x81 len=0 type=BULK (in, awaiting data)
[7252] +250.122251 ASYNC-OUT ep=0x01 len=16 type=BULK 
	0000  08 00 00 18 80 10 ed 03  00 2d 00 10 db 39 00 00 |.........-...9..|
[7253] +250.122581 ASYNC-OUT-DONE ep=0x01 len=0 status=0 actual=16
[7254] +250.182848 ASYNC-IN-DONE ep=0x81 len=0 status=2 actual=0
[7255] +250.182920 ASYNC-IN-SUBMIT ep=0x81 len=0 type=BULK (in, awaiting data)
[7256] +250.250145 ASYNC-IN-DONE ep=0x81 len=16 status=0 actual=16
	0000  08 00 00 18 ef 03 01 10  00 0c 00 10 65 02 00 00 |............e...|
[7257] +250.250276 ASYNC-IN-SUBMIT ep=0x81 len=0 type=BULK (in, awaiting data)
[7258] +250.250461 ASYNC-IN-DONE ep=0x81 len=16 status=0 actual=16
	0000  08 00 00 18 f0 03 02 10  00 16 00 10 09 02 00 00 |................|
[7259] +250.250519 ASYNC-IN-SUBMIT ep=0x81 len=0 type=BULK (in, awaiting data)
[7260] +250.362612 ASYNC-IN-DONE ep=0x81 len=0 status=2 actual=0
[7261] +250.362715 ASYNC-IN-SUBMIT ep=0x81 len=0 type=BULK (in, awaiting data)
[7262] +250.475540 ASYNC-IN-DONE ep=0x81 len=0 status=2 actual=0
[7263] +250.475631 ASYNC-IN-SUBMIT ep=0x81 len=0 type=BULK (in, awaiting data)
[7264] +250.588469 ASYNC-IN-DONE ep=0x81 len=0 status=2 actual=0
[7265] +250.588561 ASYNC-IN-SUBMIT ep=0x81 len=0 type=BULK (in, awaiting data)
[7266] +250.693447 ASYNC-IN-DONE ep=0x81 len=0 status=2 actual=0
[7267] +250.693535 ASYNC-IN-SUBMIT ep=0x81 len=0 type=BULK (in, awaiting data)
[7268] +250.797424 ASYNC-OUT ep=0x01 len=16 type=BULK 
	0000  08 00 00 18 02 10 f0 03  00 fa 00 10 5b 13 00 00 |............[...|
[7269] +250.797735 ASYNC-OUT-DONE ep=0x01 len=0 status=0 actual=16
[7270] +250.804142 ASYNC-IN-DONE ep=0x81 len=0 status=2 actual=0
[7271] +250.804195 ASYNC-IN-SUBMIT ep=0x81 len=0 type=BULK (in, awaiting data)
[7272] +250.852136 ASYNC-IN-DONE ep=0x81 len=16 status=0 actual=16
	0000  08 00 00 18 ed 03 80 10  00 38 00 10 86 03 00 00 |.........8......|
[7273] +250.852230 ASYNC-IN-SUBMIT ep=0x81 len=0 type=BULK (in, awaiting data)
[7274] +250.952463 ASYNC-OUT ep=0x01 len=16 type=BULK 
	0000  08 00 00 18 01 10 ef 03  00 04 00 10 93 1e 00 00 |................|
[7275] +250.952831 ASYNC-OUT-DONE ep=0x01 len=0 status=0 actual=16
[7276] +250.965021 ASYNC-IN-DONE ep=0x81 len=0 status=2 actual=0
[7277] +250.965109 ASYNC-IN-SUBMIT ep=0x81 len=0 type=BULK (in, awaiting data)
[7278] +251.076969 ASYNC-IN-DONE ep=0x81 len=0 status=2 actual=0
[7279] +251.077066 ASYNC-IN-SUBMIT ep=0x81 len=0 type=BULK (in, awaiting data)
[7280] +251.160654 ASYNC-OUT ep=0x01 len=16 type=BULK 
	0000  08 00 00 18 80 10 ed 03  00 2e 00 10 db 39 00 00 |.............9..|
[7281] +251.160965 ASYNC-OUT-DONE ep=0x01 len=0 status=0 actual=16
[7282] +251.188256 ASYNC-IN-DONE ep=0x81 len=0 status=2 actual=0
[7283] +251.188344 ASYNC-IN-SUBMIT ep=0x81 len=0 type=BULK (in, awaiting data)
[7284] +251.253865 ASYNC-IN-DONE ep=0x81 len=16 status=0 actual=16
	0000  08 00 00 18 ef 03 01 10  00 0d 00 10 65 02 00 00 |............e...|
[7285] +251.254018 ASYNC-IN-SUBMIT ep=0x81 len=0 type=BULK (in, awaiting data)
[7286] +251.254210 ASYNC-IN-DONE ep=0x81 len=16 status=0 actual=16
	0000  08 00 00 18 f0 03 02 10  00 17 00 10 09 02 00 00 |................|
[7287] +251.254271 ASYNC-IN-SUBMIT ep=0x81 len=0 type=BULK (in, awaiting data)
[7288] +251.362921 ASYNC-IN-DONE ep=0x81 len=0 status=2 actual=0
[7289] +251.363033 ASYNC-IN-SUBMIT ep=0x81 len=0 type=BULK (in, awaiting data)
[7290] +251.475751 ASYNC-IN-DONE ep=0x81 len=0 status=2 actual=0
[7291] +251.475855 ASYNC-IN-SUBMIT ep=0x81 len=0 type=BULK (in, awaiting data)
[7292] +251.578421 ASYNC-IN-DONE ep=0x81 len=0 status=2 actual=0
[7293] +251.578498 ASYNC-IN-SUBMIT ep=0x81 len=0 type=BULK (in, awaiting data)
[7294] +251.687420 ASYNC-IN-DONE ep=0x81 len=0 status=2 actual=0
[7295] +251.687456 ASYNC-IN-SUBMIT ep=0x81 len=0 type=BULK (in, awaiting data)
[7296] +251.800308 ASYNC-IN-DONE ep=0x81 len=0 status=2 actual=0
[7297] +251.800411 ASYNC-IN-SUBMIT ep=0x81 len=0 type=BULK (in, awaiting data)
[7298] +251.836224 ASYNC-OUT ep=0x01 len=16 type=BULK 
	0000  08 00 00 18 02 10 f0 03  00 fb 00 10 5b 13 00 00 |............[...|
[7299] +251.836499 ASYNC-OUT-DONE ep=0x01 len=0 status=0 actual=16
[7300] +251.855777 ASYNC-IN-DONE ep=0x81 len=16 status=0 actual=16
	0000  08 00 00 18 ed 03 80 10  00 39 00 10 86 03 00 00 |.........9......|
[7301] +251.855860 ASYNC-IN-SUBMIT ep=0x81 len=0 type=BULK (in, awaiting data)
[7302] +251.966141 ASYNC-IN-DONE ep=0x81 len=0 status=2 actual=0
[7303] +251.966250 ASYNC-IN-SUBMIT ep=0x81 len=0 type=BULK (in, awaiting data)
[7304] +251.992024 ASYNC-OUT ep=0x01 len=16 type=BULK 
	0000  08 00 00 18 01 10 ef 03  00 05 00 10 93 1e 00 00 |................|
[7305] +251.992377 ASYNC-OUT-DONE ep=0x01 len=0 status=0 actual=16
[7306] +252.078124 ASYNC-IN-DONE ep=0x81 len=0 status=2 actual=0
[7307] +252.078213 ASYNC-IN-SUBMIT ep=0x81 len=0 type=BULK (in, awaiting data)
[7308] +252.182019 ASYNC-IN-DONE ep=0x81 len=0 status=2 actual=0
[7309] +252.182113 ASYNC-IN-SUBMIT ep=0x81 len=0 type=BULK (in, awaiting data)
[7310] +252.199194 ASYNC-OUT ep=0x01 len=16 type=BULK 
	0000  08 00 00 18 80 10 ed 03  00 2f 00 10 db 39 00 00 |........./...9..|
[7311] +252.199434 ASYNC-OUT-DONE ep=0x01 len=0 status=0 actual=16
[7312] +252.256655 ASYNC-IN-DONE ep=0x81 len=16 status=0 actual=16
	0000  08 00 00 18 ef 03 01 10  00 0e 00 10 65 02 00 00 |............e...|
[7313] +252.256803 ASYNC-IN-SUBMIT ep=0x81 len=0 type=BULK (in, awaiting data)
[7314] +252.256982 ASYNC-IN-DONE ep=0x81 len=16 status=0 actual=16
	0000  08 00 00 18 f0 03 02 10  00 18 00 10 09 02 00 00 |................|
[7315] +252.257054 ASYNC-IN-SUBMIT ep=0x81 len=0 type=BULK (in, awaiting data)
[7316] +252.360777 ASYNC-IN-DONE ep=0x81 len=0 status=2 actual=0
[7317] +252.360849 ASYNC-IN-SUBMIT ep=0x81 len=0 type=BULK (in, awaiting data)
[7318] +252.469691 ASYNC-IN-DONE ep=0x81 len=0 status=2 actual=0
[7319] +252.469722 ASYNC-IN-SUBMIT ep=0x81 len=0 type=BULK (in, awaiting data)
[7320] +252.579053 ASYNC-IN-DONE ep=0x81 len=0 status=2 actual=0
[7321] +252.579088 ASYNC-IN-SUBMIT ep=0x81 len=0 type=BULK (in, awaiting data)
[7322] +252.686257 ASYNC-IN-DONE ep=0x81 len=0 status=2 actual=0
[7323] +252.686286 ASYNC-IN-SUBMIT ep=0x81 len=0 type=BULK (in, awaiting data)
### MARK TAB-ControllerAssign
[7324] +252.799228 ASYNC-IN-DONE ep=0x81 len=0 status=2 actual=0
[7325] +252.799242 ASYNC-IN-SUBMIT ep=0x81 len=0 type=BULK (in, awaiting data)
[7326] +252.858619 ASYNC-IN-DONE ep=0x81 len=16 status=0 actual=16
	0000  08 00 00 18 ed 03 80 10  00 3a 00 10 86 03 00 00 |.........:......|
[7327] +252.858670 ASYNC-IN-SUBMIT ep=0x81 len=0 type=BULK (in, awaiting data)
[7328] +252.874483 ASYNC-OUT ep=0x01 len=16 type=BULK 
	0000  08 00 00 18 02 10 f0 03  00 fc 00 10 5b 13 00 00 |............[...|
[7329] +252.874822 ASYNC-OUT-DONE ep=0x01 len=0 status=0 actual=16
[7330] +252.967366 ASYNC-IN-DONE ep=0x81 len=0 status=2 actual=0
[7331] +252.967411 ASYNC-IN-SUBMIT ep=0x81 len=0 type=BULK (in, awaiting data)
[7332] +253.029789 ASYNC-OUT ep=0x01 len=16 type=BULK 
	0000  08 00 00 18 01 10 ef 03  00 06 00 10 93 1e 00 00 |................|
[7333] +253.030078 ASYNC-OUT-DONE ep=0x01 len=0 status=0 actual=16
[7334] +253.080058 ASYNC-IN-DONE ep=0x81 len=0 status=2 actual=0
[7335] +253.080092 ASYNC-IN-SUBMIT ep=0x81 len=0 type=BULK (in, awaiting data)
[7336] +253.183143 ASYNC-IN-DONE ep=0x81 len=0 status=2 actual=0
[7337] +253.183250 ASYNC-IN-SUBMIT ep=0x81 len=0 type=BULK (in, awaiting data)
[7338] +253.238000 ASYNC-OUT ep=0x01 len=16 type=BULK 
	0000  08 00 00 18 80 10 ed 03  00 30 00 10 db 39 00 00 |.........0...9..|
[7339] +253.238351 ASYNC-OUT-DONE ep=0x01 len=0 status=0 actual=16
[7340] +253.260142 ASYNC-IN-DONE ep=0x81 len=16 status=0 actual=16
	0000  08 00 00 18 ef 03 01 10  00 0f 00 10 65 02 00 00 |............e...|
[7341] +253.260244 ASYNC-IN-SUBMIT ep=0x81 len=0 type=BULK (in, awaiting data)
[7342] +253.260403 ASYNC-IN-DONE ep=0x81 len=16 status=0 actual=16
	0000  08 00 00 18 f0 03 02 10  00 19 00 10 09 02 00 00 |................|
[7343] +253.260471 ASYNC-IN-SUBMIT ep=0x81 len=0 type=BULK (in, awaiting data)
[7344] +253.362593 ASYNC-IN-DONE ep=0x81 len=0 status=2 actual=0
[7345] +253.362708 ASYNC-IN-SUBMIT ep=0x81 len=0 type=BULK (in, awaiting data)
[7346] +253.468057 ASYNC-IN-DONE ep=0x81 len=0 status=2 actual=0
[7347] +253.468170 ASYNC-IN-SUBMIT ep=0x81 len=0 type=BULK (in, awaiting data)
[7348] +253.575108 ASYNC-IN-DONE ep=0x81 len=0 status=2 actual=0
[7349] +253.575162 ASYNC-IN-SUBMIT ep=0x81 len=0 type=BULK (in, awaiting data)
[7350] +253.685185 ASYNC-IN-DONE ep=0x81 len=0 status=2 actual=0
[7351] +253.685299 ASYNC-IN-SUBMIT ep=0x81 len=0 type=BULK (in, awaiting data)
[7352] +253.793823 ASYNC-IN-DONE ep=0x81 len=0 status=2 actual=0
[7353] +253.793933 ASYNC-IN-SUBMIT ep=0x81 len=0 type=BULK (in, awaiting data)
[7354] +253.862179 ASYNC-IN-DONE ep=0x81 len=16 status=0 actual=16
	0000  08 00 00 18 ed 03 80 10  00 3b 00 10 86 03 00 00 |.........;......|
[7355] +253.862272 ASYNC-IN-SUBMIT ep=0x81 len=0 type=BULK (in, awaiting data)
[7356] +253.911551 ASYNC-OUT ep=0x01 len=16 type=BULK 
	0000  08 00 00 18 02 10 f0 03  00 fd 00 10 5b 13 00 00 |............[...|
[7357] +253.911929 ASYNC-OUT-DONE ep=0x01 len=0 status=0 actual=16
[7358] +253.974551 ASYNC-IN-DONE ep=0x81 len=0 status=2 actual=0
[7359] +253.974664 ASYNC-IN-SUBMIT ep=0x81 len=0 type=BULK (in, awaiting data)
[7360] +254.067758 ASYNC-OUT ep=0x01 len=16 type=BULK 
	0000  08 00 00 18 01 10 ef 03  00 07 00 10 93 1e 00 00 |................|
[7361] +254.068112 ASYNC-OUT-DONE ep=0x01 len=0 status=0 actual=16
[7362] +254.082122 ASYNC-IN-DONE ep=0x81 len=0 status=2 actual=0
[7363] +254.082196 ASYNC-IN-SUBMIT ep=0x81 len=0 type=BULK (in, awaiting data)
[7364] +254.189054 ASYNC-IN-DONE ep=0x81 len=0 status=2 actual=0
[7365] +254.189163 ASYNC-IN-SUBMIT ep=0x81 len=0 type=BULK (in, awaiting data)
[7366] +254.263653 ASYNC-IN-DONE ep=0x81 len=16 status=0 actual=16
	0000  08 00 00 18 ef 03 01 10  00 10 00 10 65 02 00 00 |............e...|
[7367] +254.263796 ASYNC-IN-SUBMIT ep=0x81 len=0 type=BULK (in, awaiting data)
[7368] +254.263986 ASYNC-IN-DONE ep=0x81 len=16 status=0 actual=16
	0000  08 00 00 18 f0 03 02 10  00 1a 00 10 09 02 00 00 |................|
[7369] +254.264067 ASYNC-IN-SUBMIT ep=0x81 len=0 type=BULK (in, awaiting data)
[7370] +254.275596 ASYNC-OUT ep=0x01 len=16 type=BULK 
	0000  08 00 00 18 80 10 ed 03  00 31 00 10 db 39 00 00 |.........1...9..|
[7371] +254.275845 ASYNC-OUT-DONE ep=0x01 len=0 status=0 actual=16
[7372] +254.376874 ASYNC-IN-DONE ep=0x81 len=0 status=2 actual=0
[7373] +254.376969 ASYNC-IN-SUBMIT ep=0x81 len=0 type=BULK (in, awaiting data)
[7374] +254.487355 ASYNC-IN-DONE ep=0x81 len=0 status=2 actual=0
[7375] +254.487468 ASYNC-IN-SUBMIT ep=0x81 len=0 type=BULK (in, awaiting data)
[7376] +254.589771 ASYNC-IN-DONE ep=0x81 len=0 status=2 actual=0
[7377] +254.589835 ASYNC-IN-SUBMIT ep=0x81 len=0 type=BULK (in, awaiting data)
[7378] +254.694889 ASYNC-IN-DONE ep=0x81 len=0 status=2 actual=0
[7379] +254.694979 ASYNC-IN-SUBMIT ep=0x81 len=0 type=BULK (in, awaiting data)
[7380] +254.804395 ASYNC-IN-DONE ep=0x81 len=0 status=2 actual=0
[7381] +254.804498 ASYNC-IN-SUBMIT ep=0x81 len=0 type=BULK (in, awaiting data)
[7382] +254.865951 ASYNC-IN-DONE ep=0x81 len=16 status=0 actual=16
	0000  08 00 00 18 ed 03 80 10  00 3c 00 10 86 03 00 00 |.........<......|
[7383] +254.866083 ASYNC-IN-SUBMIT ep=0x81 len=0 type=BULK (in, awaiting data)
[7384] +254.952226 ASYNC-OUT ep=0x01 len=16 type=BULK 
	0000  08 00 00 18 02 10 f0 03  00 fe 00 10 5b 13 00 00 |............[...|
[7385] +254.952491 ASYNC-OUT-DONE ep=0x01 len=0 status=0 actual=16
[7386] +254.978397 ASYNC-IN-DONE ep=0x81 len=0 status=2 actual=0
[7387] +254.978465 ASYNC-IN-SUBMIT ep=0x81 len=0 type=BULK (in, awaiting data)
[7388] +255.083620 ASYNC-IN-DONE ep=0x81 len=0 status=2 actual=0
[7389] +255.083710 ASYNC-IN-SUBMIT ep=0x81 len=0 type=BULK (in, awaiting data)
[7390] +255.108393 ASYNC-OUT ep=0x01 len=16 type=BULK 
	0000  08 00 00 18 01 10 ef 03  00 08 00 10 93 1e 00 00 |................|
[7391] +255.108747 ASYNC-OUT-DONE ep=0x01 len=0 status=0 actual=16
[7392] +255.194379 ASYNC-IN-DONE ep=0x81 len=0 status=2 actual=0
[7393] +255.194554 ASYNC-IN-SUBMIT ep=0x81 len=0 type=BULK (in, awaiting data)
[7394] +255.266980 ASYNC-IN-DONE ep=0x81 len=16 status=0 actual=16
	0000  08 00 00 18 ef 03 01 10  00 11 00 10 65 02 00 00 |............e...|
[7395] +255.267120 ASYNC-IN-SUBMIT ep=0x81 len=0 type=BULK (in, awaiting data)
[7396] +255.267327 ASYNC-IN-DONE ep=0x81 len=16 status=0 actual=16
	0000  08 00 00 18 f0 03 02 10  00 1b 00 10 09 02 00 00 |................|
[7397] +255.267392 ASYNC-IN-SUBMIT ep=0x81 len=0 type=BULK (in, awaiting data)
[7398] +255.316593 ASYNC-OUT ep=0x01 len=16 type=BULK 
	0000  08 00 00 18 80 10 ed 03  00 32 00 10 db 39 00 00 |.........2...9..|
[7399] +255.316923 ASYNC-OUT-DONE ep=0x01 len=0 status=0 actual=16
[7400] +255.369319 ASYNC-IN-DONE ep=0x81 len=0 status=2 actual=0
[7401] +255.369420 ASYNC-IN-SUBMIT ep=0x81 len=0 type=BULK (in, awaiting data)
[7402] +255.478611 ASYNC-IN-DONE ep=0x81 len=0 status=2 actual=0
[7403] +255.478716 ASYNC-IN-SUBMIT ep=0x81 len=0 type=BULK (in, awaiting data)
[7404] +255.584612 ASYNC-IN-DONE ep=0x81 len=0 status=2 actual=0
[7405] +255.584666 ASYNC-IN-SUBMIT ep=0x81 len=0 type=BULK (in, awaiting data)
[7406] +255.687988 ASYNC-IN-DONE ep=0x81 len=0 status=2 actual=0
[7407] +255.688087 ASYNC-IN-SUBMIT ep=0x81 len=0 type=BULK (in, awaiting data)
[7408] +255.789393 ASYNC-IN-DONE ep=0x81 len=0 status=2 actual=0
[7409] +255.789480 ASYNC-IN-SUBMIT ep=0x81 len=0 type=BULK (in, awaiting data)
[7410] +255.868988 ASYNC-IN-DONE ep=0x81 len=16 status=0 actual=16
	0000  08 00 00 18 ed 03 80 10  00 3d 00 10 86 03 00 00 |.........=......|
[7411] +255.869128 ASYNC-IN-SUBMIT ep=0x81 len=0 type=BULK (in, awaiting data)
[7412] +255.978310 ASYNC-IN-DONE ep=0x81 len=0 status=2 actual=0
[7413] +255.978425 ASYNC-IN-SUBMIT ep=0x81 len=0 type=BULK (in, awaiting data)
[7414] +255.992221 ASYNC-OUT ep=0x01 len=16 type=BULK 
	0000  08 00 00 18 02 10 f0 03  00 ff 00 10 5b 13 00 00 |............[...|
[7415] +255.992536 ASYNC-OUT-DONE ep=0x01 len=0 status=0 actual=16
[7416] +256.084814 ASYNC-IN-DONE ep=0x81 len=0 status=2 actual=0
[7417] +256.084886 ASYNC-IN-SUBMIT ep=0x81 len=0 type=BULK (in, awaiting data)
[7418] +256.146486 ASYNC-OUT ep=0x01 len=16 type=BULK 
	0000  08 00 00 18 01 10 ef 03  00 09 00 10 93 1e 00 00 |................|
[7419] +256.146850 ASYNC-OUT-DONE ep=0x01 len=0 status=0 actual=16
[7420] +256.185264 ASYNC-IN-DONE ep=0x81 len=0 status=2 actual=0
[7421] +256.185293 ASYNC-IN-SUBMIT ep=0x81 len=0 type=BULK (in, awaiting data)
[7422] +256.270061 ASYNC-IN-DONE ep=0x81 len=16 status=0 actual=16
	0000  08 00 00 18 ef 03 01 10  00 12 00 10 65 02 00 00 |............e...|
[7423] +256.270102 ASYNC-IN-SUBMIT ep=0x81 len=0 type=BULK (in, awaiting data)
[7424] +256.270232 ASYNC-IN-DONE ep=0x81 len=16 status=0 actual=16
	0000  08 00 00 18 f0 03 02 10  00 1c 00 10 09 02 00 00 |................|
[7425] +256.270253 ASYNC-IN-SUBMIT ep=0x81 len=0 type=BULK (in, awaiting data)
[7426] +256.354292 ASYNC-OUT ep=0x01 len=16 type=BULK 
	0000  08 00 00 18 80 10 ed 03  00 33 00 10 db 39 00 00 |.........3...9..|
[7427] +256.354506 ASYNC-OUT-DONE ep=0x01 len=0 status=0 actual=16
[7428] +256.382499 ASYNC-IN-DONE ep=0x81 len=0 status=2 actual=0
[7429] +256.382523 ASYNC-IN-SUBMIT ep=0x81 len=0 type=BULK (in, awaiting data)
### MARK TAB-Presets
[7430] +256.495427 ASYNC-IN-DONE ep=0x81 len=0 status=2 actual=0
[7431] +256.495438 ASYNC-IN-SUBMIT ep=0x81 len=0 type=BULK (in, awaiting data)
[7432] +256.601953 ASYNC-IN-DONE ep=0x81 len=0 status=2 actual=0
[7433] +256.601993 ASYNC-IN-SUBMIT ep=0x81 len=0 type=BULK (in, awaiting data)
[7434] +256.704714 ASYNC-IN-DONE ep=0x81 len=0 status=2 actual=0
[7435] +256.704752 ASYNC-IN-SUBMIT ep=0x81 len=0 type=BULK (in, awaiting data)
[7436] +256.817416 ASYNC-IN-DONE ep=0x81 len=0 status=2 actual=0
[7437] +256.817464 ASYNC-IN-SUBMIT ep=0x81 len=0 type=BULK (in, awaiting data)
[7438] +256.872204 ASYNC-IN-DONE ep=0x81 len=16 status=0 actual=16
	0000  08 00 00 18 ed 03 80 10  00 3e 00 10 86 03 00 00 |.........>......|
[7439] +256.872318 ASYNC-IN-SUBMIT ep=0x81 len=0 type=BULK (in, awaiting data)
[7440] +256.982620 ASYNC-IN-DONE ep=0x81 len=0 status=2 actual=0
[7441] +256.982729 ASYNC-IN-SUBMIT ep=0x81 len=0 type=BULK (in, awaiting data)
[7442] +257.028301 ASYNC-OUT ep=0x01 len=16 type=BULK 
	0000  08 00 00 18 02 10 f0 03  00 00 00 10 5b 13 00 00 |............[...|
[7443] +257.028711 ASYNC-OUT-DONE ep=0x01 len=0 status=0 actual=16
[7444] +257.094261 ASYNC-IN-DONE ep=0x81 len=0 status=2 actual=0
[7445] +257.094361 ASYNC-IN-SUBMIT ep=0x81 len=0 type=BULK (in, awaiting data)
[7446] +257.184434 ASYNC-OUT ep=0x01 len=16 type=BULK 
	0000  08 00 00 18 01 10 ef 03  00 0a 00 10 93 1e 00 00 |................|
[7447] +257.184751 ASYNC-OUT-DONE ep=0x01 len=0 status=0 actual=16
[7448] +257.206073 ASYNC-IN-DONE ep=0x81 len=0 status=2 actual=0
[7449] +257.206118 ASYNC-IN-SUBMIT ep=0x81 len=0 type=BULK (in, awaiting data)
[7450] +257.273647 ASYNC-IN-DONE ep=0x81 len=16 status=0 actual=16
	0000  08 00 00 18 ef 03 01 10  00 13 00 10 65 02 00 00 |............e...|
[7451] +257.273760 ASYNC-IN-SUBMIT ep=0x81 len=0 type=BULK (in, awaiting data)
[7452] +257.273950 ASYNC-IN-DONE ep=0x81 len=16 status=0 actual=16
	0000  08 00 00 18 f0 03 02 10  00 1d 00 10 09 02 00 00 |................|
[7453] +257.274023 ASYNC-IN-SUBMIT ep=0x81 len=0 type=BULK (in, awaiting data)
[7454] +257.384067 ASYNC-IN-DONE ep=0x81 len=0 status=2 actual=0
[7455] +257.384167 ASYNC-IN-SUBMIT ep=0x81 len=0 type=BULK (in, awaiting data)
[7456] +257.391719 ASYNC-OUT ep=0x01 len=16 type=BULK 
	0000  08 00 00 18 80 10 ed 03  00 34 00 10 db 39 00 00 |.........4...9..|
[7457] +257.391966 ASYNC-OUT-DONE ep=0x01 len=0 status=0 actual=16
[7458] +257.497056 ASYNC-IN-DONE ep=0x81 len=0 status=2 actual=0
[7459] +257.497144 ASYNC-IN-SUBMIT ep=0x81 len=0 type=BULK (in, awaiting data)
[7460] +257.609921 ASYNC-IN-DONE ep=0x81 len=0 status=2 actual=0
[7461] +257.609992 ASYNC-IN-SUBMIT ep=0x81 len=0 type=BULK (in, awaiting data)
[7462] +257.722844 ASYNC-IN-DONE ep=0x81 len=0 status=2 actual=0
[7463] +257.722954 ASYNC-IN-SUBMIT ep=0x81 len=0 type=BULK (in, awaiting data)
[7464] +257.835737 ASYNC-IN-DONE ep=0x81 len=0 status=2 actual=0
[7465] +257.835826 ASYNC-IN-SUBMIT ep=0x81 len=0 type=BULK (in, awaiting data)
[7466] +257.875299 ASYNC-IN-DONE ep=0x81 len=16 status=0 actual=16
	0000  08 00 00 18 ed 03 80 10  00 3f 00 10 86 03 00 00 |.........?......|
[7467] +257.875440 ASYNC-IN-SUBMIT ep=0x81 len=0 type=BULK (in, awaiting data)
[7468] +257.988270 ASYNC-IN-DONE ep=0x81 len=0 status=2 actual=0
[7469] +257.988382 ASYNC-IN-SUBMIT ep=0x81 len=0 type=BULK (in, awaiting data)
[7470] +258.066589 ASYNC-OUT ep=0x01 len=16 type=BULK 
	0000  08 00 00 18 02 10 f0 03  00 01 00 10 5b 13 00 00 |............[...|
[7471] +258.066934 ASYNC-OUT-DONE ep=0x01 len=0 status=0 actual=16
[7472] +258.101159 ASYNC-IN-DONE ep=0x81 len=0 status=2 actual=0
[7473] +258.101236 ASYNC-IN-SUBMIT ep=0x81 len=0 type=BULK (in, awaiting data)
[7474] +258.212098 ASYNC-IN-DONE ep=0x81 len=0 status=2 actual=0
[7475] +258.212215 ASYNC-IN-SUBMIT ep=0x81 len=0 type=BULK (in, awaiting data)
[7476] +258.222232 ASYNC-OUT ep=0x01 len=16 type=BULK 
	0000  08 00 00 18 01 10 ef 03  00 0b 00 10 93 1e 00 00 |................|
[7477] +258.222471 ASYNC-OUT-DONE ep=0x01 len=0 status=0 actual=16
[7478] +258.276436 ASYNC-IN-DONE ep=0x81 len=16 status=0 actual=16
	0000  08 00 00 18 ef 03 01 10  00 14 00 10 65 02 00 00 |............e...|
[7479] +258.276500 ASYNC-IN-SUBMIT ep=0x81 len=0 type=BULK (in, awaiting data)
[7480] +258.276632 ASYNC-IN-DONE ep=0x81 len=16 status=0 actual=16
	0000  08 00 00 18 f0 03 02 10  00 1e 00 10 09 02 00 00 |................|
[7481] +258.276669 ASYNC-IN-SUBMIT ep=0x81 len=0 type=BULK (in, awaiting data)
[7482] +258.387107 ASYNC-IN-DONE ep=0x81 len=0 status=2 actual=0
[7483] +258.387185 ASYNC-IN-SUBMIT ep=0x81 len=0 type=BULK (in, awaiting data)
[7484] +258.430488 ASYNC-OUT ep=0x01 len=16 type=BULK 
	0000  08 00 00 18 80 10 ed 03  00 35 00 10 db 39 00 00 |.........5...9..|
[7485] +258.430741 ASYNC-OUT-DONE ep=0x01 len=0 status=0 actual=16
[7486] +258.497997 ASYNC-IN-DONE ep=0x81 len=0 status=2 actual=0
[7487] +258.498043 ASYNC-IN-SUBMIT ep=0x81 len=0 type=BULK (in, awaiting data)
[7488] +258.604528 ASYNC-IN-DONE ep=0x81 len=0 status=2 actual=0
[7489] +258.604572 ASYNC-IN-SUBMIT ep=0x81 len=0 type=BULK (in, awaiting data)
[7490] +258.716649 ASYNC-IN-DONE ep=0x81 len=0 status=2 actual=0
[7491] +258.716734 ASYNC-IN-SUBMIT ep=0x81 len=0 type=BULK (in, awaiting data)
[7492] +258.820116 ASYNC-IN-DONE ep=0x81 len=0 status=2 actual=0
[7493] +258.820204 ASYNC-IN-SUBMIT ep=0x81 len=0 type=BULK (in, awaiting data)
[7494] +258.878634 ASYNC-IN-DONE ep=0x81 len=16 status=0 actual=16
	0000  08 00 00 18 ed 03 80 10  00 40 00 10 86 03 00 00 |.........@......|
[7495] +258.878750 ASYNC-IN-SUBMIT ep=0x81 len=0 type=BULK (in, awaiting data)
[7496] +258.987774 ASYNC-IN-DONE ep=0x81 len=0 status=2 actual=0
[7497] +258.987856 ASYNC-IN-SUBMIT ep=0x81 len=0 type=BULK (in, awaiting data)
[7498] +259.090511 ASYNC-IN-DONE ep=0x81 len=0 status=2 actual=0
[7499] +259.090612 ASYNC-IN-SUBMIT ep=0x81 len=0 type=BULK (in, awaiting data)
[7500] +259.105804 ASYNC-OUT ep=0x01 len=16 type=BULK 
	0000  08 00 00 18 02 10 f0 03  00 02 00 10 5b 13 00 00 |............[...|
[7501] +259.106120 ASYNC-OUT-DONE ep=0x01 len=0 status=0 actual=16
[7502] +259.203513 ASYNC-IN-DONE ep=0x81 len=0 status=2 actual=0
[7503] +259.203600 ASYNC-IN-SUBMIT ep=0x81 len=0 type=BULK (in, awaiting data)
[7504] +259.261978 ASYNC-OUT ep=0x01 len=16 type=BULK 
	0000  08 00 00 18 01 10 ef 03  00 0c 00 10 93 1e 00 00 |................|
[7505] +259.262296 ASYNC-OUT-DONE ep=0x01 len=0 status=0 actual=16
[7506] +259.280434 ASYNC-IN-DONE ep=0x81 len=16 status=0 actual=16
	0000  08 00 00 18 ef 03 01 10  00 15 00 10 65 02 00 00 |............e...|
[7507] +259.280519 ASYNC-IN-SUBMIT ep=0x81 len=0 type=BULK (in, awaiting data)
[7508] +259.280685 ASYNC-IN-DONE ep=0x81 len=16 status=0 actual=16
	0000  08 00 00 18 f0 03 02 10  00 1f 00 10 09 02 00 00 |................|
[7509] +259.280741 ASYNC-IN-SUBMIT ep=0x81 len=0 type=BULK (in, awaiting data)
[7510] +259.392419 ASYNC-IN-DONE ep=0x81 len=0 status=2 actual=0
[7511] +259.392515 ASYNC-IN-SUBMIT ep=0x81 len=0 type=BULK (in, awaiting data)
[7512] +259.470224 ASYNC-OUT ep=0x01 len=16 type=BULK 
	0000  08 00 00 18 80 10 ed 03  00 36 00 10 db 39 00 00 |.........6...9..|
[7513] +259.470647 ASYNC-OUT-DONE ep=0x01 len=0 status=0 actual=16
[7514] +259.495381 ASYNC-IN-DONE ep=0x81 len=0 status=2 actual=0
[7515] +259.495448 ASYNC-IN-SUBMIT ep=0x81 len=0 type=BULK (in, awaiting data)
[7516] +259.600604 ASYNC-IN-DONE ep=0x81 len=0 status=2 actual=0
[7517] +259.600756 ASYNC-IN-SUBMIT ep=0x81 len=0 type=BULK (in, awaiting data)
[7518] +259.709662 ASYNC-IN-DONE ep=0x81 len=0 status=2 actual=0
[7519] +259.709750 ASYNC-IN-SUBMIT ep=0x81 len=0 type=BULK (in, awaiting data)
[7520] +259.819651 ASYNC-IN-DONE ep=0x81 len=0 status=2 actual=0
[7521] +259.819713 ASYNC-IN-SUBMIT ep=0x81 len=0 type=BULK (in, awaiting data)
[7522] +259.882174 ASYNC-IN-DONE ep=0x81 len=16 status=0 actual=16
	0000  08 00 00 18 ed 03 80 10  00 41 00 10 86 03 00 00 |.........A......|
[7523] +259.882225 ASYNC-IN-SUBMIT ep=0x81 len=0 type=BULK (in, awaiting data)
[7524] +259.995020 ASYNC-IN-DONE ep=0x81 len=0 status=2 actual=0
[7525] +259.995058 ASYNC-IN-SUBMIT ep=0x81 len=0 type=BULK (in, awaiting data)
[7526] +260.107787 ASYNC-IN-DONE ep=0x81 len=0 status=2 actual=0
[7527] +260.107817 ASYNC-IN-SUBMIT ep=0x81 len=0 type=BULK (in, awaiting data)
[7528] +260.145105 ASYNC-OUT ep=0x01 len=16 type=BULK 
	0000  08 00 00 18 02 10 f0 03  00 03 00 10 5b 13 00 00 |............[...|
[7529] +260.145434 ASYNC-OUT-DONE ep=0x01 len=0 status=0 actual=16
[7530] +260.220543 ASYNC-IN-DONE ep=0x81 len=0 status=2 actual=0
[7531] +260.220616 ASYNC-IN-SUBMIT ep=0x81 len=0 type=BULK (in, awaiting data)
[7532] +260.283408 ASYNC-IN-DONE ep=0x81 len=16 status=0 actual=16
	0000  08 00 00 18 ef 03 01 10  00 16 00 10 65 02 00 00 |............e...|
[7533] +260.283557 ASYNC-IN-SUBMIT ep=0x81 len=0 type=BULK (in, awaiting data)
[7534] +260.283786 ASYNC-IN-DONE ep=0x81 len=16 status=0 actual=16
	0000  08 00 00 18 f0 03 02 10  00 20 00 10 09 02 00 00 |......... ......|
[7535] +260.283868 ASYNC-IN-SUBMIT ep=0x81 len=0 type=BULK (in, awaiting data)
[7536] +260.301238 ASYNC-OUT ep=0x01 len=16 type=BULK 
	0000  08 00 00 18 01 10 ef 03  00 0d 00 10 93 1e 00 00 |................|
[7537] +260.301493 ASYNC-OUT-DONE ep=0x01 len=0 status=0 actual=16
[7538] +260.396519 ASYNC-IN-DONE ep=0x81 len=0 status=2 actual=0
[7539] +260.396594 ASYNC-IN-SUBMIT ep=0x81 len=0 type=BULK (in, awaiting data)
[7540] +260.509017 ASYNC-OUT ep=0x01 len=16 type=BULK 
	0000  08 00 00 18 80 10 ed 03  00 37 00 10 db 39 00 00 |.........7...9..|
[7541] +260.509158 ASYNC-IN-DONE ep=0x81 len=0 status=2 actual=0
[7542] +260.509210 ASYNC-IN-SUBMIT ep=0x81 len=0 type=BULK (in, awaiting data)
[7543] +260.509351 ASYNC-OUT-DONE ep=0x01 len=0 status=0 actual=16
[7544] +260.620494 ASYNC-IN-DONE ep=0x81 len=0 status=2 actual=0
[7545] +260.620570 ASYNC-IN-SUBMIT ep=0x81 len=0 type=BULK (in, awaiting data)
[7546] +260.733052 ASYNC-IN-DONE ep=0x81 len=0 status=2 actual=0
[7547] +260.733142 ASYNC-IN-SUBMIT ep=0x81 len=0 type=BULK (in, awaiting data)
[7548] +260.845942 ASYNC-IN-DONE ep=0x81 len=0 status=2 actual=0
[7549] +260.846036 ASYNC-IN-SUBMIT ep=0x81 len=0 type=BULK (in, awaiting data)
[7550] +260.885348 ASYNC-IN-DONE ep=0x81 len=16 status=0 actual=16
	0000  08 00 00 18 ed 03 80 10  00 42 00 10 86 03 00 00 |.........B......|
[7551] +260.885462 ASYNC-IN-SUBMIT ep=0x81 len=0 type=BULK (in, awaiting data)
[7552] +260.987665 ASYNC-IN-DONE ep=0x81 len=0 status=2 actual=0
[7553] +260.987749 ASYNC-IN-SUBMIT ep=0x81 len=0 type=BULK (in, awaiting data)
[7554] +261.096183 ASYNC-IN-DONE ep=0x81 len=0 status=2 actual=0
[7555] +261.096273 ASYNC-IN-SUBMIT ep=0x81 len=0 type=BULK (in, awaiting data)
[7556] +261.183854 ASYNC-OUT ep=0x01 len=16 type=BULK 
	0000  08 00 00 18 02 10 f0 03  00 04 00 10 5b 13 00 00 |............[...|
[7557] +261.184195 ASYNC-OUT-DONE ep=0x01 len=0 status=0 actual=16
[7558] +261.203411 ASYNC-IN-DONE ep=0x81 len=0 status=2 actual=0
[7559] +261.203470 ASYNC-IN-SUBMIT ep=0x81 len=0 type=BULK (in, awaiting data)
[7560] +261.286612 ASYNC-IN-DONE ep=0x81 len=16 status=0 actual=16
	0000  08 00 00 18 ef 03 01 10  00 17 00 10 65 02 00 00 |............e...|
[7561] +261.286767 ASYNC-IN-SUBMIT ep=0x81 len=0 type=BULK (in, awaiting data)
[7562] +261.286974 ASYNC-IN-DONE ep=0x81 len=16 status=0 actual=16
	0000  08 00 00 18 f0 03 02 10  00 21 00 10 09 02 00 00 |.........!......|
[7563] +261.287049 ASYNC-IN-SUBMIT ep=0x81 len=0 type=BULK (in, awaiting data)
[7564] +261.339997 ASYNC-OUT ep=0x01 len=16 type=BULK 
	0000  08 00 00 18 01 10 ef 03  00 0e 00 10 93 1e 00 00 |................|
[7565] +261.340277 ASYNC-OUT-DONE ep=0x01 len=0 status=0 actual=16
[7566] +261.396640 ASYNC-IN-DONE ep=0x81 len=0 status=2 actual=0
[7567] +261.396726 ASYNC-IN-SUBMIT ep=0x81 len=0 type=BULK (in, awaiting data)
[7568] +261.509532 ASYNC-IN-DONE ep=0x81 len=0 status=2 actual=0
[7569] +261.509617 ASYNC-IN-SUBMIT ep=0x81 len=0 type=BULK (in, awaiting data)
[7570] +261.546975 ASYNC-OUT ep=0x01 len=16 type=BULK 
	0000  08 00 00 18 80 10 ed 03  00 38 00 10 db 39 00 00 |.........8...9..|
[7571] +261.547298 ASYNC-OUT-DONE ep=0x01 len=0 status=0 actual=16
[7572] +261.621667 ASYNC-IN-DONE ep=0x81 len=0 status=2 actual=0
[7573] +261.621755 ASYNC-IN-SUBMIT ep=0x81 len=0 type=BULK (in, awaiting data)
[7574] +261.728033 ASYNC-IN-DONE ep=0x81 len=0 status=2 actual=0
[7575] +261.728126 ASYNC-IN-SUBMIT ep=0x81 len=0 type=BULK (in, awaiting data)
[7576] +261.840964 ASYNC-IN-DONE ep=0x81 len=0 status=2 actual=0
[7577] +261.841065 ASYNC-IN-SUBMIT ep=0x81 len=0 type=BULK (in, awaiting data)
[7578] +261.888834 ASYNC-IN-DONE ep=0x81 len=16 status=0 actual=16
	0000  08 00 00 18 ed 03 80 10  00 43 00 10 86 03 00 00 |.........C......|
[7579] +261.888965 ASYNC-IN-SUBMIT ep=0x81 len=0 type=BULK (in, awaiting data)
[7580] +261.998655 ASYNC-IN-DONE ep=0x81 len=0 status=2 actual=0
[7581] +261.998752 ASYNC-IN-SUBMIT ep=0x81 len=0 type=BULK (in, awaiting data)
[7582] +262.111618 ASYNC-IN-DONE ep=0x81 len=0 status=2 actual=0
[7583] +262.111716 ASYNC-IN-SUBMIT ep=0x81 len=0 type=BULK (in, awaiting data)
[7584] +262.213329 ASYNC-IN-DONE ep=0x81 len=0 status=2 actual=0
[7585] +262.213430 ASYNC-IN-SUBMIT ep=0x81 len=0 type=BULK (in, awaiting data)
[7586] +262.222307 ASYNC-OUT ep=0x01 len=16 type=BULK 
	0000  08 00 00 18 02 10 f0 03  00 05 00 10 5b 13 00 00 |............[...|
[7587] +262.222536 ASYNC-OUT-DONE ep=0x01 len=0 status=0 actual=16
[7588] +262.290682 ASYNC-IN-DONE ep=0x81 len=16 status=0 actual=16
	0000  08 00 00 18 ef 03 01 10  00 18 00 10 65 02 00 00 |............e...|
[7589] +262.290823 ASYNC-IN-SUBMIT ep=0x81 len=0 type=BULK (in, awaiting data)
[7590] +262.291008 ASYNC-IN-DONE ep=0x81 len=16 status=0 actual=16
	0000  08 00 00 18 f0 03 02 10  00 22 00 10 09 02 00 00 |........."......|
[7591] +262.291065 ASYNC-IN-SUBMIT ep=0x81 len=0 type=BULK (in, awaiting data)
[7592] +262.377662 ASYNC-OUT ep=0x01 len=16 type=BULK 
	0000  08 00 00 18 01 10 ef 03  00 0f 00 10 93 1e 00 00 |................|
[7593] +262.378016 ASYNC-OUT-DONE ep=0x01 len=0 status=0 actual=16
[7594] +262.403798 ASYNC-IN-DONE ep=0x81 len=0 status=2 actual=0
[7595] +262.403876 ASYNC-IN-SUBMIT ep=0x81 len=0 type=BULK (in, awaiting data)
[7596] +262.516587 ASYNC-IN-DONE ep=0x81 len=0 status=2 actual=0
[7597] +262.516664 ASYNC-IN-SUBMIT ep=0x81 len=0 type=BULK (in, awaiting data)
[7598] +262.585011 ASYNC-OUT ep=0x01 len=16 type=BULK 
	0000  08 00 00 18 80 10 ed 03  00 39 00 10 db 39 00 00 |.........9...9..|
[7599] +262.585296 ASYNC-OUT-DONE ep=0x01 len=0 status=0 actual=16
[7600] +262.620807 ASYNC-IN-DONE ep=0x81 len=0 status=2 actual=0
[7601] +262.620891 ASYNC-IN-SUBMIT ep=0x81 len=0 type=BULK (in, awaiting data)
[7602] +262.732178 ASYNC-IN-DONE ep=0x81 len=0 status=2 actual=0
[7603] +262.732253 ASYNC-IN-SUBMIT ep=0x81 len=0 type=BULK (in, awaiting data)
[7604] +262.840786 ASYNC-IN-DONE ep=0x81 len=0 status=2 actual=0
[7605] +262.840867 ASYNC-IN-SUBMIT ep=0x81 len=0 type=BULK (in, awaiting data)
[7606] +262.892388 ASYNC-IN-DONE ep=0x81 len=16 status=0 actual=16
	0000  08 00 00 18 ed 03 80 10  00 44 00 10 86 03 00 00 |.........D......|
[7607] +262.892522 ASYNC-IN-SUBMIT ep=0x81 len=0 type=BULK (in, awaiting data)
[7608] +263.002591 ASYNC-IN-DONE ep=0x81 len=0 status=2 actual=0
[7609] +263.002696 ASYNC-IN-SUBMIT ep=0x81 len=0 type=BULK (in, awaiting data)
[7610] +263.115557 ASYNC-IN-DONE ep=0x81 len=0 status=2 actual=0
[7611] +263.115643 ASYNC-IN-SUBMIT ep=0x81 len=0 type=BULK (in, awaiting data)
[7612] +263.227878 ASYNC-IN-DONE ep=0x81 len=0 status=2 actual=0
[7613] +263.227972 ASYNC-IN-SUBMIT ep=0x81 len=0 type=BULK (in, awaiting data)
[7614] +263.259086 ASYNC-OUT ep=0x01 len=16 type=BULK 
	0000  08 00 00 18 02 10 f0 03  00 06 00 10 5b 13 00 00 |............[...|
[7615] +263.259342 ASYNC-OUT-DONE ep=0x01 len=0 status=0 actual=16
[7616] +263.293776 ASYNC-IN-DONE ep=0x81 len=16 status=0 actual=16
	0000  08 00 00 18 ef 03 01 10  00 19 00 10 65 02 00 00 |............e...|
[7617] +263.293910 ASYNC-IN-SUBMIT ep=0x81 len=0 type=BULK (in, awaiting data)
[7618] +263.294098 ASYNC-IN-DONE ep=0x81 len=16 status=0 actual=16
	0000  08 00 00 18 f0 03 02 10  00 23 00 10 09 02 00 00 |.........#......|
[7619] +263.294161 ASYNC-IN-SUBMIT ep=0x81 len=0 type=BULK (in, awaiting data)
[7620] +263.398396 ASYNC-IN-DONE ep=0x81 len=0 status=2 actual=0
[7621] +263.398496 ASYNC-IN-SUBMIT ep=0x81 len=0 type=BULK (in, awaiting data)
[7622] +263.414489 ASYNC-OUT ep=0x01 len=16 type=BULK 
	0000  08 00 00 18 01 10 ef 03  00 10 00 10 93 1e 00 00 |................|
[7623] +263.414860 ASYNC-OUT-DONE ep=0x01 len=0 status=0 actual=16
[7624] +263.509652 ASYNC-IN-DONE ep=0x81 len=0 status=2 actual=0
[7625] +263.509723 ASYNC-IN-SUBMIT ep=0x81 len=0 type=BULK (in, awaiting data)
[7626] +263.622555 ASYNC-IN-DONE ep=0x81 len=0 status=2 actual=0
[7627] +263.622633 ASYNC-IN-SUBMIT ep=0x81 len=0 type=BULK (in, awaiting data)
[7628] +263.622675 ASYNC-OUT ep=0x01 len=16 type=BULK 
	0000  08 00 00 18 80 10 ed 03  00 3a 00 10 db 39 00 00 |.........:...9..|
[7629] +263.622840 ASYNC-OUT-DONE ep=0x01 len=0 status=0 actual=16
[7630] +263.735445 ASYNC-IN-DONE ep=0x81 len=0 status=2 actual=0
[7631] +263.735536 ASYNC-IN-SUBMIT ep=0x81 len=0 type=BULK (in, awaiting data)
[7632] +263.843539 ASYNC-IN-DONE ep=0x81 len=0 status=2 actual=0
[7633] +263.843624 ASYNC-IN-SUBMIT ep=0x81 len=0 type=BULK (in, awaiting data)
[7634] +263.895298 ASYNC-IN-DONE ep=0x81 len=16 status=0 actual=16
	0000  08 00 00 18 ed 03 80 10  00 45 00 10 86 03 00 00 |.........E......|
[7635] +263.895408 ASYNC-IN-SUBMIT ep=0x81 len=0 type=BULK (in, awaiting data)
[7636] +264.008167 ASYNC-IN-DONE ep=0x81 len=0 status=2 actual=0
[7637] +264.008251 ASYNC-IN-SUBMIT ep=0x81 len=0 type=BULK (in, awaiting data)
[7638] +264.117947 ASYNC-IN-DONE ep=0x81 len=0 status=2 actual=0
[7639] +264.118009 ASYNC-IN-SUBMIT ep=0x81 len=0 type=BULK (in, awaiting data)
[7640] +264.228940 ASYNC-IN-DONE ep=0x81 len=0 status=2 actual=0
[7641] +264.229031 ASYNC-IN-SUBMIT ep=0x81 len=0 type=BULK (in, awaiting data)
[7642] +264.296506 ASYNC-OUT ep=0x01 len=16 type=BULK 
	0000  08 00 00 18 02 10 f0 03  00 07 00 10 5b 13 00 00 |............[...|
[7643] +264.296626 ASYNC-IN-DONE ep=0x81 len=16 status=0 actual=16
	0000  08 00 00 18 ef 03 01 10  00 1a 00 10 65 02 00 00 |............e...|
[7644] +264.296685 ASYNC-IN-SUBMIT ep=0x81 len=0 type=BULK (in, awaiting data)
[7645] +264.296770 ASYNC-OUT-DONE ep=0x01 len=0 status=0 actual=16
[7646] +264.296845 ASYNC-IN-DONE ep=0x81 len=16 status=0 actual=16
	0000  08 00 00 18 f0 03 02 10  00 24 00 10 09 02 00 00 |.........$......|
[7647] +264.296891 ASYNC-IN-SUBMIT ep=0x81 len=0 type=BULK (in, awaiting data)
[7648] +264.409657 ASYNC-IN-DONE ep=0x81 len=0 status=2 actual=0
[7649] +264.409752 ASYNC-IN-SUBMIT ep=0x81 len=0 type=BULK (in, awaiting data)
[7650] +264.451561 ASYNC-OUT ep=0x01 len=16 type=BULK 
	0000  08 00 00 18 01 10 ef 03  00 11 00 10 93 1e 00 00 |................|
[7651] +264.451838 ASYNC-OUT-DONE ep=0x01 len=0 status=0 actual=16
[7652] +264.522675 ASYNC-IN-DONE ep=0x81 len=0 status=2 actual=0
[7653] +264.522873 ASYNC-IN-SUBMIT ep=0x81 len=0 type=BULK (in, awaiting data)
[7654] +264.633312 ASYNC-IN-DONE ep=0x81 len=0 status=2 actual=0
[7655] +264.633403 ASYNC-IN-SUBMIT ep=0x81 len=0 type=BULK (in, awaiting data)
[7656] +264.659163 ASYNC-OUT ep=0x01 len=16 type=BULK 
	0000  08 00 00 18 80 10 ed 03  00 3b 00 10 db 39 00 00 |.........;...9..|
[7657] +264.659414 ASYNC-OUT-DONE ep=0x01 len=0 status=0 actual=16
[7658] +264.746206 ASYNC-IN-DONE ep=0x81 len=0 status=2 actual=0
[7659] +264.746293 ASYNC-IN-SUBMIT ep=0x81 len=0 type=BULK (in, awaiting data)
[7660] +264.853629 ASYNC-IN-DONE ep=0x81 len=0 status=2 actual=0
[7661] +264.853717 ASYNC-IN-SUBMIT ep=0x81 len=0 type=BULK (in, awaiting data)
[7662] +264.898603 ASYNC-IN-DONE ep=0x81 len=16 status=0 actual=16
	0000  08 00 00 18 ed 03 80 10  00 46 00 10 86 03 00 00 |.........F......|
[7663] +264.898735 ASYNC-IN-SUBMIT ep=0x81 len=0 type=BULK (in, awaiting data)
[7664] +265.004170 ASYNC-IN-DONE ep=0x81 len=0 status=2 actual=0
[7665] +265.004241 ASYNC-IN-SUBMIT ep=0x81 len=0 type=BULK (in, awaiting data)
[7666] +265.104985 ASYNC-IN-DONE ep=0x81 len=0 status=2 actual=0
[7667] +265.105063 ASYNC-IN-SUBMIT ep=0x81 len=0 type=BULK (in, awaiting data)
[7668] +265.217486 ASYNC-IN-DONE ep=0x81 len=0 status=2 actual=0
[7669] +265.217566 ASYNC-IN-SUBMIT ep=0x81 len=0 type=BULK (in, awaiting data)
[7670] +265.300179 ASYNC-IN-DONE ep=0x81 len=16 status=0 actual=16
	0000  08 00 00 18 ef 03 01 10  00 1b 00 10 65 02 00 00 |............e...|
[7671] +265.300276 ASYNC-IN-SUBMIT ep=0x81 len=0 type=BULK (in, awaiting data)
[7672] +265.300409 ASYNC-IN-DONE ep=0x81 len=16 status=0 actual=16
	0000  08 00 00 18 f0 03 02 10  00 25 00 10 09 02 00 00 |.........%......|
[7673] +265.300451 ASYNC-IN-SUBMIT ep=0x81 len=0 type=BULK (in, awaiting data)
[7674] +265.334911 ASYNC-OUT ep=0x01 len=16 type=BULK 
	0000  08 00 00 18 02 10 f0 03  00 08 00 10 5b 13 00 00 |............[...|
[7675] +265.335250 ASYNC-OUT-DONE ep=0x01 len=0 status=0 actual=16
[7676] +265.412609 ASYNC-IN-DONE ep=0x81 len=0 status=2 actual=0
[7677] +265.412700 ASYNC-IN-SUBMIT ep=0x81 len=0 type=BULK (in, awaiting data)
[7678] +265.491029 ASYNC-OUT ep=0x01 len=16 type=BULK 
	0000  08 00 00 18 01 10 ef 03  00 12 00 10 93 1e 00 00 |................|
[7679] +265.491341 ASYNC-OUT-DONE ep=0x01 len=0 status=0 actual=16
[7680] +265.524883 ASYNC-IN-DONE ep=0x81 len=0 status=2 actual=0
[7681] +265.524944 ASYNC-IN-SUBMIT ep=0x81 len=0 type=BULK (in, awaiting data)
[7682] +265.637761 ASYNC-IN-DONE ep=0x81 len=0 status=2 actual=0
[7683] +265.637857 ASYNC-IN-SUBMIT ep=0x81 len=0 type=BULK (in, awaiting data)
[7684] +265.698787 ASYNC-OUT ep=0x01 len=16 type=BULK 
	0000  08 00 00 18 80 10 ed 03  00 3c 00 10 db 39 00 00 |.........<...9..|
[7685] +265.699084 ASYNC-OUT-DONE ep=0x01 len=0 status=0 actual=16
[7686] +265.750636 ASYNC-IN-DONE ep=0x81 len=0 status=2 actual=0
[7687] +265.750715 ASYNC-IN-SUBMIT ep=0x81 len=0 type=BULK (in, awaiting data)
[7688] +265.854976 ASYNC-IN-DONE ep=0x81 len=0 status=2 actual=0
[7689] +265.855068 ASYNC-IN-SUBMIT ep=0x81 len=0 type=BULK (in, awaiting data)
[7690] +265.902164 ASYNC-IN-DONE ep=0x81 len=16 status=0 actual=16
	0000  08 00 00 18 ed 03 80 10  00 47 00 10 86 03 00 00 |.........G......|
[7691] +265.902292 ASYNC-IN-SUBMIT ep=0x81 len=0 type=BULK (in, awaiting data)
[7692] +266.015130 ASYNC-IN-DONE ep=0x81 len=0 status=2 actual=0
[7693] +266.015186 ASYNC-IN-SUBMIT ep=0x81 len=0 type=BULK (in, awaiting data)
[7694] +266.119232 ASYNC-IN-DONE ep=0x81 len=0 status=2 actual=0
[7695] +266.119324 ASYNC-IN-SUBMIT ep=0x81 len=0 type=BULK (in, awaiting data)
[7696] +266.230979 ASYNC-IN-DONE ep=0x81 len=0 status=2 actual=0
[7697] +266.231081 ASYNC-IN-SUBMIT ep=0x81 len=0 type=BULK (in, awaiting data)
[7698] +266.303319 ASYNC-IN-DONE ep=0x81 len=16 status=0 actual=16
	0000  08 00 00 18 ef 03 01 10  00 1c 00 10 65 02 00 00 |............e...|
[7699] +266.303434 ASYNC-IN-SUBMIT ep=0x81 len=0 type=BULK (in, awaiting data)
[7700] +266.303607 ASYNC-IN-DONE ep=0x81 len=16 status=0 actual=16
	0000  08 00 00 18 f0 03 02 10  00 26 00 10 09 02 00 00 |.........&......|
[7701] +266.303666 ASYNC-IN-SUBMIT ep=0x81 len=0 type=BULK (in, awaiting data)
[7702] +266.374489 ASYNC-OUT ep=0x01 len=16 type=BULK 
	0000  08 00 00 18 02 10 f0 03  00 09 00 10 5b 13 00 00 |............[...|
[7703] +266.374790 ASYNC-OUT-DONE ep=0x01 len=0 status=0 actual=16
[7704] +266.413324 ASYNC-IN-DONE ep=0x81 len=0 status=2 actual=0
[7705] +266.413404 ASYNC-IN-SUBMIT ep=0x81 len=0 type=BULK (in, awaiting data)
[7706] +266.521054 ASYNC-IN-DONE ep=0x81 len=0 status=2 actual=0
[7707] +266.521115 ASYNC-IN-SUBMIT ep=0x81 len=0 type=BULK (in, awaiting data)
[7708] +266.530637 ASYNC-OUT ep=0x01 len=16 type=BULK 
	0000  08 00 00 18 01 10 ef 03  00 13 00 10 93 1e 00 00 |................|
[7709] +266.530881 ASYNC-OUT-DONE ep=0x01 len=0 status=0 actual=16
[7710] +266.623197 ASYNC-IN-DONE ep=0x81 len=0 status=2 actual=0
[7711] +266.623300 ASYNC-IN-SUBMIT ep=0x81 len=0 type=BULK (in, awaiting data)
[7712] +266.735347 ASYNC-IN-DONE ep=0x81 len=0 status=2 actual=0
[7713] +266.735452 ASYNC-IN-SUBMIT ep=0x81 len=0 type=BULK (in, awaiting data)
[7714] +266.739119 ASYNC-OUT ep=0x01 len=16 type=BULK 
	0000  08 00 00 18 80 10 ed 03  00 3d 00 10 db 39 00 00 |.........=...9..|
[7715] +266.739375 ASYNC-OUT-DONE ep=0x01 len=0 status=0 actual=16
[7716] +266.848292 ASYNC-IN-DONE ep=0x81 len=0 status=2 actual=0
[7717] +266.848387 ASYNC-IN-SUBMIT ep=0x81 len=0 type=BULK (in, awaiting data)
[7718] +266.905249 ASYNC-IN-DONE ep=0x81 len=16 status=0 actual=16
	0000  08 00 00 18 ed 03 80 10  00 48 00 10 86 03 00 00 |.........H......|
[7719] +266.905383 ASYNC-IN-SUBMIT ep=0x81 len=0 type=BULK (in, awaiting data)
[7720] +267.017472 ASYNC-IN-DONE ep=0x81 len=0 status=2 actual=0
[7721] +267.017566 ASYNC-IN-SUBMIT ep=0x81 len=0 type=BULK (in, awaiting data)
[7722] +267.130402 ASYNC-IN-DONE ep=0x81 len=0 status=2 actual=0
[7723] +267.130490 ASYNC-IN-SUBMIT ep=0x81 len=0 type=BULK (in, awaiting data)
[7724] +267.237470 ASYNC-IN-DONE ep=0x81 len=0 status=2 actual=0
[7725] +267.237568 ASYNC-IN-SUBMIT ep=0x81 len=0 type=BULK (in, awaiting data)
[7726] +267.306839 ASYNC-IN-DONE ep=0x81 len=16 status=0 actual=16
	0000  08 00 00 18 ef 03 01 10  00 1d 00 10 65 02 00 00 |............e...|
[7727] +267.306968 ASYNC-IN-SUBMIT ep=0x81 len=0 type=BULK (in, awaiting data)
[7728] +267.307173 ASYNC-IN-DONE ep=0x81 len=16 status=0 actual=16
	0000  08 00 00 18 f0 03 02 10  00 27 00 10 09 02 00 00 |.........'......|
[7729] +267.307247 ASYNC-IN-SUBMIT ep=0x81 len=0 type=BULK (in, awaiting data)
[7730] +267.414123 ASYNC-OUT ep=0x01 len=16 type=BULK 
	0000  08 00 00 18 02 10 f0 03  00 0a 00 10 5b 13 00 00 |............[...|
[7731] +267.414455 ASYNC-OUT-DONE ep=0x01 len=0 status=0 actual=16
[7732] +267.416389 ASYNC-IN-DONE ep=0x81 len=0 status=2 actual=0
[7733] +267.416426 ASYNC-IN-SUBMIT ep=0x81 len=0 type=BULK (in, awaiting data)
[7734] +267.521640 ASYNC-IN-DONE ep=0x81 len=0 status=2 actual=0
[7735] +267.521733 ASYNC-IN-SUBMIT ep=0x81 len=0 type=BULK (in, awaiting data)
[7736] +267.570266 ASYNC-OUT ep=0x01 len=16 type=BULK 
	0000  08 00 00 18 01 10 ef 03  00 14 00 10 93 1e 00 00 |................|
[7737] +267.570605 ASYNC-OUT-DONE ep=0x01 len=0 status=0 actual=16
[7738] +267.622947 ASYNC-IN-DONE ep=0x81 len=0 status=2 actual=0
[7739] +267.623021 ASYNC-IN-SUBMIT ep=0x81 len=0 type=BULK (in, awaiting data)
[7740] +267.726582 ASYNC-IN-DONE ep=0x81 len=0 status=2 actual=0
[7741] +267.726685 ASYNC-IN-SUBMIT ep=0x81 len=0 type=BULK (in, awaiting data)
[7742] +267.778484 ASYNC-OUT ep=0x01 len=16 type=BULK 
	0000  08 00 00 18 80 10 ed 03  00 3e 00 10 db 39 00 00 |.........>...9..|
[7743] +267.778817 ASYNC-OUT-DONE ep=0x01 len=0 status=0 actual=16
[7744] +267.830655 ASYNC-IN-DONE ep=0x81 len=0 status=2 actual=0
[7745] +267.830724 ASYNC-IN-SUBMIT ep=0x81 len=0 type=BULK (in, awaiting data)
[7746] +267.909173 ASYNC-IN-DONE ep=0x81 len=16 status=0 actual=16
	0000  08 00 00 18 ed 03 80 10  00 49 00 10 86 03 00 00 |.........I......|
[7747] +267.909299 ASYNC-IN-SUBMIT ep=0x81 len=0 type=BULK (in, awaiting data)
[7748] +268.015578 ASYNC-IN-DONE ep=0x81 len=0 status=2 actual=0
[7749] +268.015675 ASYNC-IN-SUBMIT ep=0x81 len=0 type=BULK (in, awaiting data)
[7750] +268.128577 ASYNC-IN-DONE ep=0x81 len=0 status=2 actual=0
[7751] +268.128674 ASYNC-IN-SUBMIT ep=0x81 len=0 type=BULK (in, awaiting data)
[7752] +268.233009 ASYNC-IN-DONE ep=0x81 len=0 status=2 actual=0
[7753] +268.233100 ASYNC-IN-SUBMIT ep=0x81 len=0 type=BULK (in, awaiting data)
[7754] +268.310041 ASYNC-IN-DONE ep=0x81 len=16 status=0 actual=16
	0000  08 00 00 18 ef 03 01 10  00 1e 00 10 65 02 00 00 |............e...|
[7755] +268.310179 ASYNC-IN-SUBMIT ep=0x81 len=0 type=BULK (in, awaiting data)
[7756] +268.310362 ASYNC-IN-DONE ep=0x81 len=16 status=0 actual=16
	0000  08 00 00 18 f0 03 02 10  00 28 00 10 09 02 00 00 |.........(......|
[7757] +268.310433 ASYNC-IN-SUBMIT ep=0x81 len=0 type=BULK (in, awaiting data)
[7758] +268.422560 ASYNC-IN-DONE ep=0x81 len=0 status=2 actual=0
[7759] +268.422659 ASYNC-IN-SUBMIT ep=0x81 len=0 type=BULK (in, awaiting data)
[7760] +268.453646 ASYNC-OUT ep=0x01 len=16 type=BULK 
	0000  08 00 00 18 02 10 f0 03  00 0b 00 10 5b 13 00 00 |............[...|
[7761] +268.453972 ASYNC-OUT-DONE ep=0x01 len=0 status=0 actual=16
[7762] +268.535465 ASYNC-IN-DONE ep=0x81 len=0 status=2 actual=0
[7763] +268.535555 ASYNC-IN-SUBMIT ep=0x81 len=0 type=BULK (in, awaiting data)
[7764] +268.608896 ASYNC-OUT ep=0x01 len=16 type=BULK 
	0000  08 00 00 18 01 10 ef 03  00 15 00 10 93 1e 00 00 |................|
[7765] +268.609218 ASYNC-OUT-DONE ep=0x01 len=0 status=0 actual=16
[7766] +268.641728 ASYNC-IN-DONE ep=0x81 len=0 status=2 actual=0
[7767] +268.641791 ASYNC-IN-SUBMIT ep=0x81 len=0 type=BULK (in, awaiting data)
[7768] +268.753390 ASYNC-IN-DONE ep=0x81 len=0 status=2 actual=0
[7769] +268.753469 ASYNC-IN-SUBMIT ep=0x81 len=0 type=BULK (in, awaiting data)
[7770] +268.817132 ASYNC-OUT ep=0x01 len=16 type=BULK 
	0000  08 00 00 18 80 10 ed 03  00 3f 00 10 db 39 00 00 |.........?...9..|
[7771] +268.817495 ASYNC-OUT-DONE ep=0x01 len=0 status=0 actual=16
[7772] +268.853817 ASYNC-IN-DONE ep=0x81 len=0 status=2 actual=0
[7773] +268.853887 ASYNC-IN-SUBMIT ep=0x81 len=0 type=BULK (in, awaiting data)
[7774] +268.912033 ASYNC-IN-DONE ep=0x81 len=16 status=0 actual=16
	0000  08 00 00 18 ed 03 80 10  00 4a 00 10 86 03 00 00 |.........J......|
[7775] +268.912136 ASYNC-IN-SUBMIT ep=0x81 len=0 type=BULK (in, awaiting data)
[7776] +269.024050 ASYNC-IN-DONE ep=0x81 len=0 status=2 actual=0
[7777] +269.024138 ASYNC-IN-SUBMIT ep=0x81 len=0 type=BULK (in, awaiting data)
[7778] +269.127856 ASYNC-IN-DONE ep=0x81 len=0 status=2 actual=0
[7779] +269.127956 ASYNC-IN-SUBMIT ep=0x81 len=0 type=BULK (in, awaiting data)
[7780] +269.234010 ASYNC-IN-DONE ep=0x81 len=0 status=2 actual=0
[7781] +269.234087 ASYNC-IN-SUBMIT ep=0x81 len=0 type=BULK (in, awaiting data)
[7782] +269.313231 ASYNC-IN-DONE ep=0x81 len=16 status=0 actual=16
	0000  08 00 00 18 ef 03 01 10  00 1f 00 10 65 02 00 00 |............e...|
[7783] +269.313370 ASYNC-IN-SUBMIT ep=0x81 len=0 type=BULK (in, awaiting data)
[7784] +269.313563 ASYNC-IN-DONE ep=0x81 len=16 status=0 actual=16
	0000  08 00 00 18 f0 03 02 10  00 29 00 10 09 02 00 00 |.........)......|
[7785] +269.313623 ASYNC-IN-SUBMIT ep=0x81 len=0 type=BULK (in, awaiting data)
[7786] +269.422631 ASYNC-IN-DONE ep=0x81 len=0 status=2 actual=0
[7787] +269.422726 ASYNC-IN-SUBMIT ep=0x81 len=0 type=BULK (in, awaiting data)
[7788] +269.491916 ASYNC-OUT ep=0x01 len=16 type=BULK 
	0000  08 00 00 18 02 10 f0 03  00 0c 00 10 5b 13 00 00 |............[...|
[7789] +269.492258 ASYNC-OUT-DONE ep=0x01 len=0 status=0 actual=16
[7790] +269.535038 ASYNC-IN-DONE ep=0x81 len=0 status=2 actual=0
[7791] +269.535084 ASYNC-IN-SUBMIT ep=0x81 len=0 type=BULK (in, awaiting data)
[7792] +269.642577 ASYNC-IN-DONE ep=0x81 len=0 status=2 actual=0
[7793] +269.642689 ASYNC-IN-SUBMIT ep=0x81 len=0 type=BULK (in, awaiting data)
[7794] +269.648027 ASYNC-OUT ep=0x01 len=16 type=BULK 
	0000  08 00 00 18 01 10 ef 03  00 16 00 10 93 1e 00 00 |................|
[7795] +269.648272 ASYNC-OUT-DONE ep=0x01 len=0 status=0 actual=16
[7796] +269.755576 ASYNC-IN-DONE ep=0x81 len=0 status=2 actual=0
[7797] +269.755666 ASYNC-IN-SUBMIT ep=0x81 len=0 type=BULK (in, awaiting data)
[7798] +269.856214 ASYNC-OUT ep=0x01 len=16 type=BULK 
	0000  08 00 00 18 80 10 ed 03  00 40 00 10 db 39 00 00 |.........@...9..|
[7799] +269.856540 ASYNC-OUT-DONE ep=0x01 len=0 status=0 actual=16
[7800] +269.868375 ASYNC-IN-DONE ep=0x81 len=0 status=2 actual=0
[7801] +269.868430 ASYNC-IN-SUBMIT ep=0x81 len=0 type=BULK (in, awaiting data)
[7802] +269.915907 ASYNC-IN-DONE ep=0x81 len=16 status=0 actual=16
	0000  08 00 00 18 ed 03 80 10  00 4b 00 10 86 03 00 00 |.........K......|
[7803] +269.916033 ASYNC-IN-SUBMIT ep=0x81 len=0 type=BULK (in, awaiting data)
[7804] +270.022060 ASYNC-IN-DONE ep=0x81 len=0 status=2 actual=0
[7805] +270.022161 ASYNC-IN-SUBMIT ep=0x81 len=0 type=BULK (in, awaiting data)
[7806] +270.132059 ASYNC-IN-DONE ep=0x81 len=0 status=2 actual=0
[7807] +270.132148 ASYNC-IN-SUBMIT ep=0x81 len=0 type=BULK (in, awaiting data)
[7808] +270.235050 ASYNC-IN-DONE ep=0x81 len=0 status=2 actual=0
[7809] +270.235153 ASYNC-IN-SUBMIT ep=0x81 len=0 type=BULK (in, awaiting data)
[7810] +270.317159 ASYNC-IN-DONE ep=0x81 len=16 status=0 actual=16
	0000  08 00 00 18 ef 03 01 10  00 20 00 10 65 02 00 00 |......... ..e...|
[7811] +270.317308 ASYNC-IN-SUBMIT ep=0x81 len=0 type=BULK (in, awaiting data)
[7812] +270.317523 ASYNC-IN-DONE ep=0x81 len=16 status=0 actual=16
	0000  08 00 00 18 f0 03 02 10  00 2a 00 10 09 02 00 00 |.........*......|
[7813] +270.317583 ASYNC-IN-SUBMIT ep=0x81 len=0 type=BULK (in, awaiting data)
[7814] +270.421408 ASYNC-IN-DONE ep=0x81 len=0 status=2 actual=0
[7815] +270.421505 ASYNC-IN-SUBMIT ep=0x81 len=0 type=BULK (in, awaiting data)
[7816] +270.529931 ASYNC-OUT ep=0x01 len=16 type=BULK 
	0000  08 00 00 18 02 10 f0 03  00 0d 00 10 5b 13 00 00 |............[...|
[7817] +270.530232 ASYNC-OUT-DONE ep=0x01 len=0 status=0 actual=16
[7818] +270.532301 ASYNC-IN-DONE ep=0x81 len=0 status=2 actual=0
[7819] +270.532353 ASYNC-IN-SUBMIT ep=0x81 len=0 type=BULK (in, awaiting data)
[7820] +270.642587 ASYNC-IN-DONE ep=0x81 len=0 status=2 actual=0
[7821] +270.642633 ASYNC-IN-SUBMIT ep=0x81 len=0 type=BULK (in, awaiting data)
[7822] +270.685508 ASYNC-OUT ep=0x01 len=16 type=BULK 
	0000  08 00 00 18 01 10 ef 03  00 17 00 10 93 1e 00 00 |................|
[7823] +270.685809 ASYNC-OUT-DONE ep=0x01 len=0 status=0 actual=16
[7824] +270.745996 ASYNC-IN-DONE ep=0x81 len=0 status=2 actual=0
[7825] +270.746035 ASYNC-IN-SUBMIT ep=0x81 len=0 type=BULK (in, awaiting data)
[7826] +270.854301 ASYNC-IN-DONE ep=0x81 len=0 status=2 actual=0
[7827] +270.854356 ASYNC-IN-SUBMIT ep=0x81 len=0 type=BULK (in, awaiting data)
[7828] +270.893309 ASYNC-OUT ep=0x01 len=16 type=BULK 
	0000  08 00 00 18 80 10 ed 03  00 41 00 10 db 39 00 00 |.........A...9..|
[7829] +270.893550 ASYNC-OUT-DONE ep=0x01 len=0 status=0 actual=16
[7830] +270.918991 ASYNC-IN-DONE ep=0x81 len=16 status=0 actual=16
	0000  08 00 00 18 ed 03 80 10  00 4c 00 10 86 03 00 00 |.........L......|
[7831] +270.919037 ASYNC-IN-SUBMIT ep=0x81 len=0 type=BULK (in, awaiting data)
[7832] +271.024348 ASYNC-IN-DONE ep=0x81 len=0 status=2 actual=0
[7833] +271.024384 ASYNC-IN-SUBMIT ep=0x81 len=0 type=BULK (in, awaiting data)
[7834] +271.127285 ASYNC-IN-DONE ep=0x81 len=0 status=2 actual=0
[7835] +271.127353 ASYNC-IN-SUBMIT ep=0x81 len=0 type=BULK (in, awaiting data)
[7836] +271.235855 ASYNC-IN-DONE ep=0x81 len=0 status=2 actual=0
[7837] +271.235973 ASYNC-IN-SUBMIT ep=0x81 len=0 type=BULK (in, awaiting data)
[7838] +271.319831 ASYNC-IN-DONE ep=0x81 len=16 status=0 actual=16
	0000  08 00 00 18 ef 03 01 10  00 21 00 10 65 02 00 00 |.........!..e...|
[7839] +271.319970 ASYNC-IN-SUBMIT ep=0x81 len=0 type=BULK (in, awaiting data)
[7840] +271.320177 ASYNC-IN-DONE ep=0x81 len=16 status=0 actual=16
	0000  08 00 00 18 f0 03 02 10  00 2b 00 10 09 02 00 00 |.........+......|
[7841] +271.320254 ASYNC-IN-SUBMIT ep=0x81 len=0 type=BULK (in, awaiting data)
[7842] +271.425557 ASYNC-IN-DONE ep=0x81 len=0 status=2 actual=0
[7843] +271.425654 ASYNC-IN-SUBMIT ep=0x81 len=0 type=BULK (in, awaiting data)
[7844] +271.526331 ASYNC-IN-DONE ep=0x81 len=0 status=2 actual=0
[7845] +271.526423 ASYNC-IN-SUBMIT ep=0x81 len=0 type=BULK (in, awaiting data)
[7846] +271.568305 ASYNC-OUT ep=0x01 len=16 type=BULK 
	0000  08 00 00 18 02 10 f0 03  00 0e 00 10 5b 13 00 00 |............[...|
[7847] +271.568650 ASYNC-OUT-DONE ep=0x01 len=0 status=0 actual=16
[7848] +271.639255 ASYNC-IN-DONE ep=0x81 len=0 status=2 actual=0
[7849] +271.639334 ASYNC-IN-SUBMIT ep=0x81 len=0 type=BULK (in, awaiting data)
[7850] +271.724421 ASYNC-OUT ep=0x01 len=16 type=BULK 
	0000  08 00 00 18 01 10 ef 03  00 18 00 10 93 1e 00 00 |................|
[7851] +271.724728 ASYNC-OUT-DONE ep=0x01 len=0 status=0 actual=16
[7852] +271.750574 ASYNC-IN-DONE ep=0x81 len=0 status=2 actual=0
[7853] +271.750636 ASYNC-IN-SUBMIT ep=0x81 len=0 type=BULK (in, awaiting data)
[7854] +271.863408 ASYNC-IN-DONE ep=0x81 len=0 status=2 actual=0
[7855] +271.863459 ASYNC-IN-SUBMIT ep=0x81 len=0 type=BULK (in, awaiting data)
[7856] +271.921717 ASYNC-IN-DONE ep=0x81 len=16 status=0 actual=16
	0000  08 00 00 18 ed 03 80 10  00 4d 00 10 86 03 00 00 |.........M......|
[7857] +271.921764 ASYNC-IN-SUBMIT ep=0x81 len=0 type=BULK (in, awaiting data)
[7858] +271.931978 ASYNC-OUT ep=0x01 len=16 type=BULK 
	0000  08 00 00 18 80 10 ed 03  00 42 00 10 db 39 00 00 |.........B...9..|
[7859] +271.932231 ASYNC-OUT-DONE ep=0x01 len=0 status=0 actual=16
[7860] +272.034559 ASYNC-IN-DONE ep=0x81 len=0 status=2 actual=0
[7861] +272.034665 ASYNC-IN-SUBMIT ep=0x81 len=0 type=BULK (in, awaiting data)
[7862] +272.139835 ASYNC-IN-DONE ep=0x81 len=0 status=2 actual=0
[7863] +272.139912 ASYNC-IN-SUBMIT ep=0x81 len=0 type=BULK (in, awaiting data)
[7864] +272.246262 ASYNC-IN-DONE ep=0x81 len=0 status=2 actual=0
[7865] +272.246343 ASYNC-IN-SUBMIT ep=0x81 len=0 type=BULK (in, awaiting data)
[7866] +272.323154 ASYNC-IN-DONE ep=0x81 len=16 status=0 actual=16
	0000  08 00 00 18 ef 03 01 10  00 22 00 10 65 02 00 00 |........."..e...|
[7867] +272.323287 ASYNC-IN-SUBMIT ep=0x81 len=0 type=BULK (in, awaiting data)
[7868] +272.323476 ASYNC-IN-DONE ep=0x81 len=16 status=0 actual=16
	0000  08 00 00 18 f0 03 02 10  00 2c 00 10 09 02 00 00 |.........,......|
[7869] +272.323553 ASYNC-IN-SUBMIT ep=0x81 len=0 type=BULK (in, awaiting data)
[7870] +272.432572 ASYNC-IN-DONE ep=0x81 len=0 status=2 actual=0
[7871] +272.432674 ASYNC-IN-SUBMIT ep=0x81 len=0 type=BULK (in, awaiting data)
[7872] +272.538134 ASYNC-IN-DONE ep=0x81 len=0 status=2 actual=0
[7873] +272.538230 ASYNC-IN-SUBMIT ep=0x81 len=0 type=BULK (in, awaiting data)
[7874] +272.607744 ASYNC-OUT ep=0x01 len=16 type=BULK 
	0000  08 00 00 18 02 10 f0 03  00 0f 00 10 5b 13 00 00 |............[...|
[7875] +272.608065 ASYNC-OUT-DONE ep=0x01 len=0 status=0 actual=16
[7876] +272.647463 ASYNC-IN-DONE ep=0x81 len=0 status=2 actual=0
[7877] +272.647526 ASYNC-IN-SUBMIT ep=0x81 len=0 type=BULK (in, awaiting data)
[7878] +272.760356 ASYNC-IN-DONE ep=0x81 len=0 status=2 actual=0
[7879] +272.760446 ASYNC-IN-SUBMIT ep=0x81 len=0 type=BULK (in, awaiting data)
[7880] +272.763871 ASYNC-OUT ep=0x01 len=16 type=BULK 
	0000  08 00 00 18 01 10 ef 03  00 19 00 10 93 1e 00 00 |................|
[7881] +272.764091 ASYNC-OUT-DONE ep=0x01 len=0 status=0 actual=16
[7882] +272.871631 ASYNC-IN-DONE ep=0x81 len=0 status=2 actual=0
[7883] +272.871702 ASYNC-IN-SUBMIT ep=0x81 len=0 type=BULK (in, awaiting data)
[7884] +272.925145 ASYNC-IN-DONE ep=0x81 len=16 status=0 actual=16
	0000  08 00 00 18 ed 03 80 10  00 4e 00 10 86 03 00 00 |.........N......|
[7885] +272.925256 ASYNC-IN-SUBMIT ep=0x81 len=0 type=BULK (in, awaiting data)
[7886] +272.972124 ASYNC-OUT ep=0x01 len=16 type=BULK 
	0000  08 00 00 18 80 10 ed 03  00 43 00 10 db 39 00 00 |.........C...9..|
[7887] +272.972461 ASYNC-OUT-DONE ep=0x01 len=0 status=0 actual=16
[7888] +273.034540 ASYNC-IN-DONE ep=0x81 len=0 status=2 actual=0
[7889] +273.034622 ASYNC-IN-SUBMIT ep=0x81 len=0 type=BULK (in, awaiting data)
[7890] +273.137641 ASYNC-IN-DONE ep=0x81 len=0 status=2 actual=0
[7891] +273.137731 ASYNC-IN-SUBMIT ep=0x81 len=0 type=BULK (in, awaiting data)
[7892] +273.245237 ASYNC-IN-DONE ep=0x81 len=0 status=2 actual=0
[7893] +273.245337 ASYNC-IN-SUBMIT ep=0x81 len=0 type=BULK (in, awaiting data)
[7894] +273.326742 ASYNC-IN-DONE ep=0x81 len=16 status=0 actual=16
	0000  08 00 00 18 ef 03 01 10  00 23 00 10 65 02 00 00 |.........#..e...|
[7895] +273.326874 ASYNC-IN-SUBMIT ep=0x81 len=0 type=BULK (in, awaiting data)
[7896] +273.327064 ASYNC-IN-DONE ep=0x81 len=16 status=0 actual=16
	0000  08 00 00 18 f0 03 02 10  00 2d 00 10 09 02 00 00 |.........-......|
[7897] +273.327145 ASYNC-IN-SUBMIT ep=0x81 len=0 type=BULK (in, awaiting data)
[7898] +273.439945 ASYNC-IN-DONE ep=0x81 len=0 status=2 actual=0
[7899] +273.440036 ASYNC-IN-SUBMIT ep=0x81 len=0 type=BULK (in, awaiting data)
[7900] +273.552317 ASYNC-IN-DONE ep=0x81 len=0 status=2 actual=0
[7901] +273.552411 ASYNC-IN-SUBMIT ep=0x81 len=0 type=BULK (in, awaiting data)
[7902] +273.647418 ASYNC-OUT ep=0x01 len=16 type=BULK 
	0000  08 00 00 18 02 10 f0 03  00 10 00 10 5b 13 00 00 |............[...|
[7903] +273.647733 ASYNC-OUT-DONE ep=0x01 len=0 status=0 actual=16
[7904] +273.665186 ASYNC-IN-DONE ep=0x81 len=0 status=2 actual=0
[7905] +273.665245 ASYNC-IN-SUBMIT ep=0x81 len=0 type=BULK (in, awaiting data)
[7906] +273.777357 ASYNC-IN-DONE ep=0x81 len=0 status=2 actual=0
[7907] +273.777438 ASYNC-IN-SUBMIT ep=0x81 len=0 type=BULK (in, awaiting data)
[7908] +273.803203 ASYNC-OUT ep=0x01 len=16 type=BULK 
	0000  08 00 00 18 01 10 ef 03  00 1a 00 10 93 1e 00 00 |................|
[7909] +273.803452 ASYNC-OUT-DONE ep=0x01 len=0 status=0 actual=16
[7910] +273.888226 ASYNC-IN-DONE ep=0x81 len=0 status=2 actual=0
[7911] +273.888296 ASYNC-IN-SUBMIT ep=0x81 len=0 type=BULK (in, awaiting data)
[7912] +273.928768 ASYNC-IN-DONE ep=0x81 len=16 status=0 actual=16
	0000  08 00 00 18 ed 03 80 10  00 4f 00 10 86 03 00 00 |.........O......|
[7913] +273.928878 ASYNC-IN-SUBMIT ep=0x81 len=0 type=BULK (in, awaiting data)
[7914] +274.010313 ASYNC-OUT ep=0x01 len=16 type=BULK 
	0000  08 00 00 18 80 10 ed 03  00 44 00 10 db 39 00 00 |.........D...9..|
[7915] +274.010667 ASYNC-OUT-DONE ep=0x01 len=0 status=0 actual=16
[7916] +274.036523 ASYNC-IN-DONE ep=0x81 len=0 status=2 actual=0
[7917] +274.036597 ASYNC-IN-SUBMIT ep=0x81 len=0 type=BULK (in, awaiting data)
[7918] +274.139509 ASYNC-IN-DONE ep=0x81 len=0 status=2 actual=0
[7919] +274.139601 ASYNC-IN-SUBMIT ep=0x81 len=0 type=BULK (in, awaiting data)
[7920] +274.247984 ASYNC-IN-DONE ep=0x81 len=0 status=2 actual=0
[7921] +274.248074 ASYNC-IN-SUBMIT ep=0x81 len=0 type=BULK (in, awaiting data)
[7922] +274.329909 ASYNC-IN-DONE ep=0x81 len=16 status=0 actual=16
	0000  08 00 00 18 ef 03 01 10  00 24 00 10 65 02 00 00 |.........$..e...|
[7923] +274.330007 ASYNC-IN-SUBMIT ep=0x81 len=0 type=BULK (in, awaiting data)
[7924] +274.330133 ASYNC-IN-DONE ep=0x81 len=16 status=0 actual=16
	0000  08 00 00 18 f0 03 02 10  00 2e 00 10 09 02 00 00 |................|
[7925] +274.330171 ASYNC-IN-SUBMIT ep=0x81 len=0 type=BULK (in, awaiting data)
[7926] +274.439928 ASYNC-IN-DONE ep=0x81 len=0 status=2 actual=0
[7927] +274.440033 ASYNC-IN-SUBMIT ep=0x81 len=0 type=BULK (in, awaiting data)
[7928] +274.541486 ASYNC-IN-DONE ep=0x81 len=0 status=2 actual=0
[7929] +274.541559 ASYNC-IN-SUBMIT ep=0x81 len=0 type=BULK (in, awaiting data)
[7930] +274.653659 ASYNC-IN-DONE ep=0x81 len=0 status=2 actual=0
[7931] +274.653740 ASYNC-IN-SUBMIT ep=0x81 len=0 type=BULK (in, awaiting data)
[7932] +274.683437 ASYNC-OUT ep=0x01 len=16 type=BULK 
	0000  08 00 00 18 02 10 f0 03  00 11 00 10 5b 13 00 00 |............[...|
[7933] +274.683735 ASYNC-OUT-DONE ep=0x01 len=0 status=0 actual=16
[7934] +274.765032 ASYNC-IN-DONE ep=0x81 len=0 status=2 actual=0
[7935] +274.765103 ASYNC-IN-SUBMIT ep=0x81 len=0 type=BULK (in, awaiting data)
[7936] +274.839570 ASYNC-OUT ep=0x01 len=16 type=BULK 
	0000  08 00 00 18 01 10 ef 03  00 1b 00 10 93 1e 00 00 |................|
[7937] +274.839860 ASYNC-OUT-DONE ep=0x01 len=0 status=0 actual=16
[7938] +274.872996 ASYNC-IN-DONE ep=0x81 len=0 status=2 actual=0
[7939] +274.873074 ASYNC-IN-SUBMIT ep=0x81 len=0 type=BULK (in, awaiting data)
[7940] +274.931883 ASYNC-IN-DONE ep=0x81 len=16 status=0 actual=16
	0000  08 00 00 18 ed 03 80 10  00 50 00 10 86 03 00 00 |.........P......|
[7941] +274.932008 ASYNC-IN-SUBMIT ep=0x81 len=0 type=BULK (in, awaiting data)
[7942] +275.044781 ASYNC-IN-DONE ep=0x81 len=0 status=2 actual=0
[7943] +275.044823 ASYNC-IN-SUBMIT ep=0x81 len=0 type=BULK (in, awaiting data)
[7944] +275.047051 ASYNC-OUT ep=0x01 len=16 type=BULK 
	0000  08 00 00 18 80 10 ed 03  00 45 00 10 db 39 00 00 |.........E...9..|
[7945] +275.047347 ASYNC-OUT-DONE ep=0x01 len=0 status=0 actual=16
[7946] +275.157610 ASYNC-IN-DONE ep=0x81 len=0 status=2 actual=0
[7947] +275.157678 ASYNC-IN-SUBMIT ep=0x81 len=0 type=BULK (in, awaiting data)
[7948] +275.261120 ASYNC-IN-DONE ep=0x81 len=0 status=2 actual=0
[7949] +275.261195 ASYNC-IN-SUBMIT ep=0x81 len=0 type=BULK (in, awaiting data)
[7950] +275.333460 ASYNC-IN-DONE ep=0x81 len=16 status=0 actual=16
	0000  08 00 00 18 ef 03 01 10  00 25 00 10 65 02 00 00 |.........%..e...|
[7951] +275.333524 ASYNC-IN-SUBMIT ep=0x81 len=0 type=BULK (in, awaiting data)
[7952] +275.333651 ASYNC-IN-DONE ep=0x81 len=16 status=0 actual=16
	0000  08 00 00 18 f0 03 02 10  00 2f 00 10 09 02 00 00 |........./......|
[7953] +275.333839 ASYNC-IN-SUBMIT ep=0x81 len=0 type=BULK (in, awaiting data)
[7954] +275.444266 ASYNC-IN-DONE ep=0x81 len=0 status=2 actual=0
[7955] +275.444320 ASYNC-IN-SUBMIT ep=0x81 len=0 type=BULK (in, awaiting data)
[7956] +275.557143 ASYNC-IN-DONE ep=0x81 len=0 status=2 actual=0
[7957] +275.557216 ASYNC-IN-SUBMIT ep=0x81 len=0 type=BULK (in, awaiting data)
[7958] +275.667821 ASYNC-IN-DONE ep=0x81 len=0 status=2 actual=0
[7959] +275.667896 ASYNC-IN-SUBMIT ep=0x81 len=0 type=BULK (in, awaiting data)
[7960] +275.723678 ASYNC-OUT ep=0x01 len=16 type=BULK 
	0000  08 00 00 18 02 10 f0 03  00 12 00 10 5b 13 00 00 |............[...|
[7961] +275.723880 ASYNC-OUT-DONE ep=0x01 len=0 status=0 actual=16
[7962] +275.771513 ASYNC-IN-DONE ep=0x81 len=0 status=2 actual=0
[7963] +275.771560 ASYNC-IN-SUBMIT ep=0x81 len=0 type=BULK (in, awaiting data)
[7964] +275.872978 ASYNC-IN-DONE ep=0x81 len=0 status=2 actual=0
[7965] +275.873166 ASYNC-IN-SUBMIT ep=0x81 len=0 type=BULK (in, awaiting data)
[7966] +275.879796 ASYNC-OUT ep=0x01 len=16 type=BULK 
	0000  08 00 00 18 01 10 ef 03  00 1c 00 10 93 1e 00 00 |................|
[7967] +275.880017 ASYNC-OUT-DONE ep=0x01 len=0 status=0 actual=16
[7968] +275.935054 ASYNC-IN-DONE ep=0x81 len=16 status=0 actual=16
	0000  08 00 00 18 ed 03 80 10  00 51 00 10 86 03 00 00 |.........Q......|
[7969] +275.935107 ASYNC-IN-SUBMIT ep=0x81 len=0 type=BULK (in, awaiting data)
[7970] +276.045034 ASYNC-IN-DONE ep=0x81 len=0 status=2 actual=0
[7971] +276.045095 ASYNC-IN-SUBMIT ep=0x81 len=0 type=BULK (in, awaiting data)
[7972] +276.087531 ASYNC-OUT ep=0x01 len=16 type=BULK 
	0000  08 00 00 18 80 10 ed 03  00 46 00 10 db 39 00 00 |.........F...9..|
[7973] +276.087789 ASYNC-OUT-DONE ep=0x01 len=0 status=0 actual=16
[7974] +276.148954 ASYNC-IN-DONE ep=0x81 len=0 status=2 actual=0
[7975] +276.149016 ASYNC-IN-SUBMIT ep=0x81 len=0 type=BULK (in, awaiting data)
[7976] +276.250529 ASYNC-IN-DONE ep=0x81 len=0 status=2 actual=0
[7977] +276.250622 ASYNC-IN-SUBMIT ep=0x81 len=0 type=BULK (in, awaiting data)
[7978] +276.336650 ASYNC-IN-DONE ep=0x81 len=16 status=0 actual=16
	0000  08 00 00 18 ef 03 01 10  00 26 00 10 65 02 00 00 |.........&..e...|
[7979] +276.336743 ASYNC-IN-SUBMIT ep=0x81 len=0 type=BULK (in, awaiting data)
[7980] +276.336920 ASYNC-IN-DONE ep=0x81 len=16 status=0 actual=16
	0000  08 00 00 18 f0 03 02 10  00 30 00 10 09 02 00 00 |.........0......|
[7981] +276.336979 ASYNC-IN-SUBMIT ep=0x81 len=0 type=BULK (in, awaiting data)
[7982] +276.437925 ASYNC-IN-DONE ep=0x81 len=0 status=2 actual=0
[7983] +276.438034 ASYNC-IN-SUBMIT ep=0x81 len=0 type=BULK (in, awaiting data)
[7984] +276.550908 ASYNC-IN-DONE ep=0x81 len=0 status=2 actual=0
[7985] +276.551007 ASYNC-IN-SUBMIT ep=0x81 len=0 type=BULK (in, awaiting data)
[7986] +276.662281 ASYNC-IN-DONE ep=0x81 len=0 status=2 actual=0
[7987] +276.662358 ASYNC-IN-SUBMIT ep=0x81 len=0 type=BULK (in, awaiting data)
[7988] +276.761167 ASYNC-OUT ep=0x01 len=16 type=BULK 
	0000  08 00 00 18 02 10 f0 03  00 13 00 10 5b 13 00 00 |............[...|
[7989] +276.761537 ASYNC-OUT-DONE ep=0x01 len=0 status=0 actual=16
[7990] +276.771165 ASYNC-IN-DONE ep=0x81 len=0 status=2 actual=0
[7991] +276.771273 ASYNC-IN-SUBMIT ep=0x81 len=0 type=BULK (in, awaiting data)
[7992] +276.884211 ASYNC-IN-DONE ep=0x81 len=0 status=2 actual=0
[7993] +276.884318 ASYNC-IN-SUBMIT ep=0x81 len=0 type=BULK (in, awaiting data)
[7994] +276.917303 ASYNC-OUT ep=0x01 len=16 type=BULK 
	0000  08 00 00 18 01 10 ef 03  00 1d 00 10 93 1e 00 00 |................|
[7995] +276.917642 ASYNC-OUT-DONE ep=0x01 len=0 status=0 actual=16
[7996] +276.938589 ASYNC-IN-DONE ep=0x81 len=16 status=0 actual=16
	0000  08 00 00 18 ed 03 80 10  00 52 00 10 86 03 00 00 |.........R......|
[7997] +276.938727 ASYNC-IN-SUBMIT ep=0x81 len=0 type=BULK (in, awaiting data)
[7998] +277.050813 ASYNC-IN-DONE ep=0x81 len=0 status=2 actual=0
[7999] +277.050920 ASYNC-IN-SUBMIT ep=0x81 len=0 type=BULK (in, awaiting data)
[8000] +277.125607 ASYNC-OUT ep=0x01 len=16 type=BULK 
	0000  08 00 00 18 80 10 ed 03  00 47 00 10 db 39 00 00 |.........G...9..|
[8001] +277.126007 ASYNC-OUT-DONE ep=0x01 len=0 status=0 actual=16
[8002] +277.155159 ASYNC-IN-DONE ep=0x81 len=0 status=2 actual=0
[8003] +277.155233 ASYNC-IN-SUBMIT ep=0x81 len=0 type=BULK (in, awaiting data)
[8004] +277.268050 ASYNC-IN-DONE ep=0x81 len=0 status=2 actual=0
[8005] +277.268143 ASYNC-IN-SUBMIT ep=0x81 len=0 type=BULK (in, awaiting data)
[8006] +277.340638 ASYNC-IN-DONE ep=0x81 len=16 status=0 actual=16
	0000  08 00 00 18 ef 03 01 10  00 27 00 10 65 02 00 00 |.........'..e...|
[8007] +277.340764 ASYNC-IN-SUBMIT ep=0x81 len=0 type=BULK (in, awaiting data)
[8008] +277.340949 ASYNC-IN-DONE ep=0x81 len=16 status=0 actual=16
	0000  08 00 00 18 f0 03 02 10  00 31 00 10 09 02 00 00 |.........1......|
[8009] +277.341006 ASYNC-IN-SUBMIT ep=0x81 len=0 type=BULK (in, awaiting data)
[8010] +277.448020 ASYNC-IN-DONE ep=0x81 len=0 status=2 actual=0
[8011] +277.448132 ASYNC-IN-SUBMIT ep=0x81 len=0 type=BULK (in, awaiting data)
[8012] +277.559096 ASYNC-IN-DONE ep=0x81 len=0 status=2 actual=0
[8013] +277.559176 ASYNC-IN-SUBMIT ep=0x81 len=0 type=BULK (in, awaiting data)
[8014] +277.661452 ASYNC-IN-DONE ep=0x81 len=0 status=2 actual=0
[8015] +277.661543 ASYNC-IN-SUBMIT ep=0x81 len=0 type=BULK (in, awaiting data)
[8016] +277.771687 ASYNC-IN-DONE ep=0x81 len=0 status=2 actual=0
[8017] +277.771777 ASYNC-IN-SUBMIT ep=0x81 len=0 type=BULK (in, awaiting data)
[8018] +277.799859 ASYNC-OUT ep=0x01 len=16 type=BULK 
	0000  08 00 00 18 02 10 f0 03  00 14 00 10 5b 13 00 00 |............[...|
[8019] +277.800119 ASYNC-OUT-DONE ep=0x01 len=0 status=0 actual=16
[8020] +277.884639 ASYNC-IN-DONE ep=0x81 len=0 status=2 actual=0
[8021] +277.884722 ASYNC-IN-SUBMIT ep=0x81 len=0 type=BULK (in, awaiting data)
[8022] +277.942534 ASYNC-IN-DONE ep=0x81 len=16 status=0 actual=16
	0000  08 00 00 18 ed 03 80 10  00 53 00 10 86 03 00 00 |.........S......|
[8023] +277.942670 ASYNC-IN-SUBMIT ep=0x81 len=0 type=BULK (in, awaiting data)
[8024] +277.956024 ASYNC-OUT ep=0x01 len=16 type=BULK 
	0000  08 00 00 18 01 10 ef 03  00 1e 00 10 93 1e 00 00 |................|
[8025] +277.956293 ASYNC-OUT-DONE ep=0x01 len=0 status=0 actual=16
[8026] +278.055524 ASYNC-IN-DONE ep=0x81 len=0 status=2 actual=0
[8027] +278.055603 ASYNC-IN-SUBMIT ep=0x81 len=0 type=BULK (in, awaiting data)
[8028] +278.163672 ASYNC-OUT ep=0x01 len=16 type=BULK 
	0000  08 00 00 18 80 10 ed 03  00 48 00 10 db 39 00 00 |.........H...9..|
[8029] +278.164009 ASYNC-OUT-DONE ep=0x01 len=0 status=0 actual=16
[8030] +278.168374 ASYNC-IN-DONE ep=0x81 len=0 status=2 actual=0
[8031] +278.168425 ASYNC-IN-SUBMIT ep=0x81 len=0 type=BULK (in, awaiting data)
[8032] +278.271707 ASYNC-IN-DONE ep=0x81 len=0 status=2 actual=0
[8033] +278.271808 ASYNC-IN-SUBMIT ep=0x81 len=0 type=BULK (in, awaiting data)
[8034] +278.343744 ASYNC-IN-DONE ep=0x81 len=16 status=0 actual=16
	0000  08 00 00 18 ef 03 01 10  00 28 00 10 65 02 00 00 |.........(..e...|
[8035] +278.343880 ASYNC-IN-SUBMIT ep=0x81 len=0 type=BULK (in, awaiting data)
[8036] +278.344065 ASYNC-IN-DONE ep=0x81 len=16 status=0 actual=16
	0000  08 00 00 18 f0 03 02 10  00 32 00 10 09 02 00 00 |.........2......|
[8037] +278.344122 ASYNC-IN-SUBMIT ep=0x81 len=0 type=BULK (in, awaiting data)
[8038] +278.450080 ASYNC-IN-DONE ep=0x81 len=0 status=2 actual=0
[8039] +278.450150 ASYNC-IN-SUBMIT ep=0x81 len=0 type=BULK (in, awaiting data)
[8040] +278.562218 ASYNC-IN-DONE ep=0x81 len=0 status=2 actual=0
[8041] +278.562303 ASYNC-IN-SUBMIT ep=0x81 len=0 type=BULK (in, awaiting data)
[8042] +278.674177 ASYNC-IN-DONE ep=0x81 len=0 status=2 actual=0
[8043] +278.674267 ASYNC-IN-SUBMIT ep=0x81 len=0 type=BULK (in, awaiting data)
[8044] +278.787159 ASYNC-IN-DONE ep=0x81 len=0 status=2 actual=0
[8045] +278.787245 ASYNC-IN-SUBMIT ep=0x81 len=0 type=BULK (in, awaiting data)
[8046] +278.838085 ASYNC-OUT ep=0x01 len=16 type=BULK 
	0000  08 00 00 18 02 10 f0 03  00 15 00 10 5b 13 00 00 |............[...|
[8047] +278.838358 ASYNC-OUT-DONE ep=0x01 len=0 status=0 actual=16
[8048] +278.890041 ASYNC-IN-DONE ep=0x81 len=0 status=2 actual=0
[8049] +278.890117 ASYNC-IN-SUBMIT ep=0x81 len=0 type=BULK (in, awaiting data)
[8050] +278.945636 ASYNC-IN-DONE ep=0x81 len=16 status=0 actual=16
	0000  08 00 00 18 ed 03 80 10  00 54 00 10 86 03 00 00 |.........T......|
[8051] +278.945745 ASYNC-IN-SUBMIT ep=0x81 len=0 type=BULK (in, awaiting data)
[8052] +278.993429 ASYNC-OUT ep=0x01 len=16 type=BULK 
	0000  08 00 00 18 01 10 ef 03  00 1f 00 10 93 1e 00 00 |................|
[8053] +278.993765 ASYNC-OUT-DONE ep=0x01 len=0 status=0 actual=16
[8054] +279.058566 ASYNC-IN-DONE ep=0x81 len=0 status=2 actual=0
[8055] +279.058656 ASYNC-IN-SUBMIT ep=0x81 len=0 type=BULK (in, awaiting data)
[8056] +279.168927 ASYNC-IN-DONE ep=0x81 len=0 status=2 actual=0
[8057] +279.169001 ASYNC-IN-SUBMIT ep=0x81 len=0 type=BULK (in, awaiting data)
[8058] +279.200608 ASYNC-OUT ep=0x01 len=16 type=BULK 
	0000  08 00 00 18 80 10 ed 03  00 49 00 10 db 39 00 00 |.........I...9..|
[8059] +279.200865 ASYNC-OUT-DONE ep=0x01 len=0 status=0 actual=16
[8060] +279.278803 ASYNC-IN-DONE ep=0x81 len=0 status=2 actual=0
[8061] +279.278870 ASYNC-IN-SUBMIT ep=0x81 len=0 type=BULK (in, awaiting data)
[8062] +279.346527 ASYNC-IN-DONE ep=0x81 len=16 status=0 actual=16
	0000  08 00 00 18 ef 03 01 10  00 29 00 10 65 02 00 00 |.........)..e...|
[8063] +279.346656 ASYNC-IN-SUBMIT ep=0x81 len=0 type=BULK (in, awaiting data)
[8064] +279.346843 ASYNC-IN-DONE ep=0x81 len=16 status=0 actual=16
	0000  08 00 00 18 f0 03 02 10  00 33 00 10 09 02 00 00 |.........3......|
[8065] +279.346924 ASYNC-IN-SUBMIT ep=0x81 len=0 type=BULK (in, awaiting data)
[8066] +279.459702 ASYNC-IN-DONE ep=0x81 len=0 status=2 actual=0
[8067] +279.459784 ASYNC-IN-SUBMIT ep=0x81 len=0 type=BULK (in, awaiting data)
[8068] +279.572608 ASYNC-IN-DONE ep=0x81 len=0 status=2 actual=0
[8069] +279.572689 ASYNC-IN-SUBMIT ep=0x81 len=0 type=BULK (in, awaiting data)
[8070] +279.685347 ASYNC-IN-DONE ep=0x81 len=0 status=2 actual=0
[8071] +279.685438 ASYNC-IN-SUBMIT ep=0x81 len=0 type=BULK (in, awaiting data)
[8072] +279.794318 ASYNC-IN-DONE ep=0x81 len=0 status=2 actual=0
[8073] +279.794391 ASYNC-IN-SUBMIT ep=0x81 len=0 type=BULK (in, awaiting data)
[8074] +279.876007 ASYNC-OUT ep=0x01 len=16 type=BULK 
	0000  08 00 00 18 02 10 f0 03  00 16 00 10 5b 13 00 00 |............[...|
[8075] +279.876341 ASYNC-OUT-DONE ep=0x01 len=0 status=0 actual=16
[8076] +279.907174 ASYNC-IN-DONE ep=0x81 len=0 status=2 actual=0
[8077] +279.907234 ASYNC-IN-SUBMIT ep=0x81 len=0 type=BULK (in, awaiting data)
[8078] +279.948538 ASYNC-IN-DONE ep=0x81 len=16 status=0 actual=16
	0000  08 00 00 18 ed 03 80 10  00 55 00 10 86 03 00 00 |.........U......|
[8079] +279.948633 ASYNC-IN-SUBMIT ep=0x81 len=0 type=BULK (in, awaiting data)
[8080] +280.030646 ASYNC-OUT ep=0x01 len=16 type=BULK 
	0000  08 00 00 18 01 10 ef 03  00 20 00 10 93 1e 00 00 |......... ......|
[8081] +280.030992 ASYNC-OUT-DONE ep=0x01 len=0 status=0 actual=16
[8082] +280.058862 ASYNC-IN-DONE ep=0x81 len=0 status=2 actual=0
[8083] +280.058916 ASYNC-IN-SUBMIT ep=0x81 len=0 type=BULK (in, awaiting data)
[8084] +280.166586 ASYNC-IN-DONE ep=0x81 len=0 status=2 actual=0
[8085] +280.166686 ASYNC-IN-SUBMIT ep=0x81 len=0 type=BULK (in, awaiting data)
[8086] +280.238150 ASYNC-OUT ep=0x01 len=16 type=BULK 
	0000  08 00 00 18 80 10 ed 03  00 4a 00 10 db 39 00 00 |.........J...9..|
[8087] +280.238480 ASYNC-OUT-DONE ep=0x01 len=0 status=0 actual=16
[8088] +280.271571 ASYNC-IN-DONE ep=0x81 len=0 status=2 actual=0
[8089] +280.271640 ASYNC-IN-SUBMIT ep=0x81 len=0 type=BULK (in, awaiting data)
[8090] +280.349868 ASYNC-IN-DONE ep=0x81 len=16 status=0 actual=16
	0000  08 00 00 18 ef 03 01 10  00 2a 00 10 65 02 00 00 |.........*..e...|
[8091] +280.349970 ASYNC-IN-SUBMIT ep=0x81 len=0 type=BULK (in, awaiting data)
[8092] +280.350111 ASYNC-IN-DONE ep=0x81 len=16 status=0 actual=16
	0000  08 00 00 18 f0 03 02 10  00 34 00 10 09 02 00 00 |.........4......|
[8093] +280.350151 ASYNC-IN-SUBMIT ep=0x81 len=0 type=BULK (in, awaiting data)
[8094] +280.458071 ASYNC-IN-DONE ep=0x81 len=0 status=2 actual=0
[8095] +280.458156 ASYNC-IN-SUBMIT ep=0x81 len=0 type=BULK (in, awaiting data)
[8096] +280.570953 ASYNC-IN-DONE ep=0x81 len=0 status=2 actual=0
[8097] +280.571001 ASYNC-IN-SUBMIT ep=0x81 len=0 type=BULK (in, awaiting data)
[8098] +280.682564 ASYNC-IN-DONE ep=0x81 len=0 status=2 actual=0
[8099] +280.682677 ASYNC-IN-SUBMIT ep=0x81 len=0 type=BULK (in, awaiting data)
[8100] +280.795259 ASYNC-IN-DONE ep=0x81 len=0 status=2 actual=0
[8101] +280.795366 ASYNC-IN-SUBMIT ep=0x81 len=0 type=BULK (in, awaiting data)
[8102] +280.896089 ASYNC-IN-DONE ep=0x81 len=0 status=2 actual=0
[8103] +280.896205 ASYNC-IN-SUBMIT ep=0x81 len=0 type=BULK (in, awaiting data)
[8104] +280.913153 ASYNC-OUT ep=0x01 len=16 type=BULK 
	0000  08 00 00 18 02 10 f0 03  00 17 00 10 5b 13 00 00 |............[...|
[8105] +280.913497 ASYNC-OUT-DONE ep=0x01 len=0 status=0 actual=16
[8106] +280.952382 ASYNC-IN-DONE ep=0x81 len=16 status=0 actual=16
	0000  08 00 00 18 ed 03 80 10  00 56 00 10 86 03 00 00 |.........V......|
[8107] +280.952533 ASYNC-IN-SUBMIT ep=0x81 len=0 type=BULK (in, awaiting data)
[8108] +281.065391 ASYNC-IN-DONE ep=0x81 len=0 status=2 actual=0
[8109] +281.065504 ASYNC-IN-SUBMIT ep=0x81 len=0 type=BULK (in, awaiting data)
[8110] +281.068325 ASYNC-OUT ep=0x01 len=16 type=BULK 
	0000  08 00 00 18 01 10 ef 03  00 21 00 10 93 1e 00 00 |.........!......|
[8111] +281.068547 ASYNC-OUT-DONE ep=0x01 len=0 status=0 actual=16
[8112] +281.173493 ASYNC-IN-DONE ep=0x81 len=0 status=2 actual=0
[8113] +281.173586 ASYNC-IN-SUBMIT ep=0x81 len=0 type=BULK (in, awaiting data)
[8114] +281.276572 ASYNC-OUT ep=0x01 len=16 type=BULK 
	0000  08 00 00 18 80 10 ed 03  00 4b 00 10 db 39 00 00 |.........K...9..|
[8115] +281.276910 ASYNC-OUT-DONE ep=0x01 len=0 status=0 actual=16
[8116] +281.282484 ASYNC-IN-DONE ep=0x81 len=0 status=2 actual=0
[8117] +281.282528 ASYNC-IN-SUBMIT ep=0x81 len=0 type=BULK (in, awaiting data)
[8118] +281.353087 ASYNC-IN-DONE ep=0x81 len=16 status=0 actual=16
	0000  08 00 00 18 ef 03 01 10  00 2b 00 10 65 02 00 00 |.........+..e...|
[8119] +281.353220 ASYNC-IN-SUBMIT ep=0x81 len=0 type=BULK (in, awaiting data)
[8120] +281.353398 ASYNC-IN-DONE ep=0x81 len=16 status=0 actual=16
	0000  08 00 00 18 f0 03 02 10  00 35 00 10 09 02 00 00 |.........5......|
[8121] +281.353458 ASYNC-IN-SUBMIT ep=0x81 len=0 type=BULK (in, awaiting data)
[8122] +281.462597 ASYNC-IN-DONE ep=0x81 len=0 status=2 actual=0
[8123] +281.462705 ASYNC-IN-SUBMIT ep=0x81 len=0 type=BULK (in, awaiting data)
[8124] +281.574282 ASYNC-IN-DONE ep=0x81 len=0 status=2 actual=0
[8125] +281.574337 ASYNC-IN-SUBMIT ep=0x81 len=0 type=BULK (in, awaiting data)
[8126] +281.682598 ASYNC-IN-DONE ep=0x81 len=0 status=2 actual=0
[8127] +281.682684 ASYNC-IN-SUBMIT ep=0x81 len=0 type=BULK (in, awaiting data)
[8128] +281.795522 ASYNC-IN-DONE ep=0x81 len=0 status=2 actual=0
[8129] +281.795590 ASYNC-IN-SUBMIT ep=0x81 len=0 type=BULK (in, awaiting data)
[8130] +281.907556 ASYNC-IN-DONE ep=0x81 len=0 status=2 actual=0
[8131] +281.907619 ASYNC-IN-SUBMIT ep=0x81 len=0 type=BULK (in, awaiting data)
[8132] +281.953154 ASYNC-OUT ep=0x01 len=16 type=BULK 
	0000  08 00 00 18 02 10 f0 03  00 18 00 10 5b 13 00 00 |............[...|
[8133] +281.953480 ASYNC-OUT-DONE ep=0x01 len=0 status=0 actual=16
[8134] +281.955188 ASYNC-IN-DONE ep=0x81 len=16 status=0 actual=16
	0000  08 00 00 18 ed 03 80 10  00 57 00 10 86 03 00 00 |.........W......|
[8135] +281.955313 ASYNC-IN-SUBMIT ep=0x81 len=0 type=BULK (in, awaiting data)
[8136] +282.061998 ASYNC-IN-DONE ep=0x81 len=0 status=2 actual=0
[8137] +282.062132 ASYNC-IN-SUBMIT ep=0x81 len=0 type=BULK (in, awaiting data)
[8138] +282.107786 ASYNC-OUT ep=0x01 len=16 type=BULK 
	0000  08 00 00 18 01 10 ef 03  00 22 00 10 93 1e 00 00 |........."......|
[8139] +282.108119 ASYNC-OUT-DONE ep=0x01 len=0 status=0 actual=16
[8140] +282.175005 ASYNC-IN-DONE ep=0x81 len=0 status=2 actual=0
[8141] +282.175066 ASYNC-IN-SUBMIT ep=0x81 len=0 type=BULK (in, awaiting data)
[8142] +282.276774 ASYNC-IN-DONE ep=0x81 len=0 status=2 actual=0
[8143] +282.276871 ASYNC-IN-SUBMIT ep=0x81 len=0 type=BULK (in, awaiting data)
[8144] +282.314509 ASYNC-OUT ep=0x01 len=16 type=BULK 
	0000  08 00 00 18 80 10 ed 03  00 4c 00 10 db 39 00 00 |.........L...9..|
[8145] +282.314755 ASYNC-OUT-DONE ep=0x01 len=0 status=0 actual=16
[8146] +282.356661 ASYNC-IN-DONE ep=0x81 len=16 status=0 actual=16
	0000  08 00 00 18 ef 03 01 10  00 2c 00 10 65 02 00 00 |.........,..e...|
[8147] +282.356771 ASYNC-IN-SUBMIT ep=0x81 len=0 type=BULK (in, awaiting data)
[8148] +282.356892 ASYNC-IN-DONE ep=0x81 len=16 status=0 actual=16
	0000  08 00 00 18 f0 03 02 10  00 36 00 10 09 02 00 00 |.........6......|
[8149] +282.356927 ASYNC-IN-SUBMIT ep=0x81 len=0 type=BULK (in, awaiting data)
[8150] +282.467452 ASYNC-IN-DONE ep=0x81 len=0 status=2 actual=0
[8151] +282.467560 ASYNC-IN-SUBMIT ep=0x81 len=0 type=BULK (in, awaiting data)
[8152] +282.580440 ASYNC-IN-DONE ep=0x81 len=0 status=2 actual=0
[8153] +282.580543 ASYNC-IN-SUBMIT ep=0x81 len=0 type=BULK (in, awaiting data)
[8154] +282.689004 ASYNC-IN-DONE ep=0x81 len=0 status=2 actual=0
[8155] +282.689120 ASYNC-IN-SUBMIT ep=0x81 len=0 type=BULK (in, awaiting data)
[8156] +282.800820 ASYNC-IN-DONE ep=0x81 len=0 status=2 actual=0
[8157] +282.800920 ASYNC-IN-SUBMIT ep=0x81 len=0 type=BULK (in, awaiting data)
[8158] +282.913287 ASYNC-IN-DONE ep=0x81 len=0 status=2 actual=0
[8159] +282.913391 ASYNC-IN-SUBMIT ep=0x81 len=0 type=BULK (in, awaiting data)
[8160] +282.958659 ASYNC-IN-DONE ep=0x81 len=16 status=0 actual=16
	0000  08 00 00 18 ed 03 80 10  00 58 00 10 86 03 00 00 |.........X......|
[8161] +282.958805 ASYNC-IN-SUBMIT ep=0x81 len=0 type=BULK (in, awaiting data)
[8162] +282.988410 ASYNC-OUT ep=0x01 len=16 type=BULK 
	0000  08 00 00 18 02 10 f0 03  00 19 00 10 5b 13 00 00 |............[...|
[8163] +282.988715 ASYNC-OUT-DONE ep=0x01 len=0 status=0 actual=16
[8164] +283.071569 ASYNC-IN-DONE ep=0x81 len=0 status=2 actual=0
[8165] +283.071667 ASYNC-IN-SUBMIT ep=0x81 len=0 type=BULK (in, awaiting data)
[8166] +283.144639 ASYNC-OUT ep=0x01 len=16 type=BULK 
	0000  08 00 00 18 01 10 ef 03  00 23 00 10 93 1e 00 00 |.........#......|
[8167] +283.144991 ASYNC-OUT-DONE ep=0x01 len=0 status=0 actual=16
[8168] +283.184492 ASYNC-IN-DONE ep=0x81 len=0 status=2 actual=0
[8169] +283.184576 ASYNC-IN-SUBMIT ep=0x81 len=0 type=BULK (in, awaiting data)
[8170] +283.297437 ASYNC-IN-DONE ep=0x81 len=0 status=2 actual=0
[8171] +283.297526 ASYNC-IN-SUBMIT ep=0x81 len=0 type=BULK (in, awaiting data)
[8172] +283.352290 ASYNC-OUT ep=0x01 len=16 type=BULK 
	0000  08 00 00 18 80 10 ed 03  00 4d 00 10 db 39 00 00 |.........M...9..|
[8173] +283.352616 ASYNC-OUT-DONE ep=0x01 len=0 status=0 actual=16
[8174] +283.359889 ASYNC-IN-DONE ep=0x81 len=16 status=0 actual=16
	0000  08 00 00 18 ef 03 01 10  00 2d 00 10 65 02 00 00 |.........-..e...|
[8175] +283.359963 ASYNC-IN-SUBMIT ep=0x81 len=0 type=BULK (in, awaiting data)
[8176] +283.360403 ASYNC-IN-DONE ep=0x81 len=16 status=0 actual=16
	0000  08 00 00 18 f0 03 02 10  00 37 00 10 09 02 00 00 |.........7......|
[8177] +283.360488 ASYNC-IN-SUBMIT ep=0x81 len=0 type=BULK (in, awaiting data)
[8178] +283.462149 ASYNC-IN-DONE ep=0x81 len=0 status=2 actual=0
[8179] +283.462227 ASYNC-IN-SUBMIT ep=0x81 len=0 type=BULK (in, awaiting data)
[8180] +283.571071 ASYNC-IN-DONE ep=0x81 len=0 status=2 actual=0
[8181] +283.571148 ASYNC-IN-SUBMIT ep=0x81 len=0 type=BULK (in, awaiting data)
[8182] +283.682537 ASYNC-IN-DONE ep=0x81 len=0 status=2 actual=0
[8183] +283.682634 ASYNC-IN-SUBMIT ep=0x81 len=0 type=BULK (in, awaiting data)
[8184] +283.793741 ASYNC-IN-DONE ep=0x81 len=0 status=2 actual=0
[8185] +283.793820 ASYNC-IN-SUBMIT ep=0x81 len=0 type=BULK (in, awaiting data)
[8186] +283.895143 ASYNC-IN-DONE ep=0x81 len=0 status=2 actual=0
[8187] +283.895248 ASYNC-IN-SUBMIT ep=0x81 len=0 type=BULK (in, awaiting data)
[8188] +283.962383 ASYNC-IN-DONE ep=0x81 len=16 status=0 actual=16
	0000  08 00 00 18 ed 03 80 10  00 59 00 10 86 03 00 00 |.........Y......|
[8189] +283.962518 ASYNC-IN-SUBMIT ep=0x81 len=0 type=BULK (in, awaiting data)
[8190] +284.027079 ASYNC-OUT ep=0x01 len=16 type=BULK 
	0000  08 00 00 18 02 10 f0 03  00 1a 00 10 5b 13 00 00 |............[...|
[8191] +284.027427 ASYNC-OUT-DONE ep=0x01 len=0 status=0 actual=16
[8192] +284.063008 ASYNC-IN-DONE ep=0x81 len=0 status=2 actual=0
[8193] +284.063103 ASYNC-IN-SUBMIT ep=0x81 len=0 type=BULK (in, awaiting data)
[8194] +284.171037 ASYNC-IN-DONE ep=0x81 len=0 status=2 actual=0
[8195] +284.171136 ASYNC-IN-SUBMIT ep=0x81 len=0 type=BULK (in, awaiting data)
[8196] +284.182550 ASYNC-OUT ep=0x01 len=16 type=BULK 
	0000  08 00 00 18 01 10 ef 03  00 24 00 10 93 1e 00 00 |.........$......|
[8197] +284.182863 ASYNC-OUT-DONE ep=0x01 len=0 status=0 actual=16
[8198] +284.282550 ASYNC-IN-DONE ep=0x81 len=0 status=2 actual=0
[8199] +284.282666 ASYNC-IN-SUBMIT ep=0x81 len=0 type=BULK (in, awaiting data)
[8200] +284.363187 ASYNC-IN-DONE ep=0x81 len=16 status=0 actual=16
	0000  08 00 00 18 ef 03 01 10  00 2e 00 10 65 02 00 00 |............e...|
[8201] +284.363308 ASYNC-IN-SUBMIT ep=0x81 len=0 type=BULK (in, awaiting data)
[8202] +284.363447 ASYNC-IN-DONE ep=0x81 len=16 status=0 actual=16
	0000  08 00 00 18 f0 03 02 10  00 38 00 10 09 02 00 00 |.........8......|
[8203] +284.363487 ASYNC-IN-SUBMIT ep=0x81 len=0 type=BULK (in, awaiting data)
[8204] +284.390732 ASYNC-OUT ep=0x01 len=16 type=BULK 
	0000  08 00 00 18 80 10 ed 03  00 4e 00 10 db 39 00 00 |.........N...9..|
[8205] +284.391041 ASYNC-OUT-DONE ep=0x01 len=0 status=0 actual=16
[8206] +284.475788 ASYNC-IN-DONE ep=0x81 len=0 status=2 actual=0
[8207] +284.475894 ASYNC-IN-SUBMIT ep=0x81 len=0 type=BULK (in, awaiting data)
[8208] +284.588632 ASYNC-IN-DONE ep=0x81 len=0 status=2 actual=0
[8209] +284.588741 ASYNC-IN-SUBMIT ep=0x81 len=0 type=BULK (in, awaiting data)
[8210] +284.695987 ASYNC-IN-DONE ep=0x81 len=0 status=2 actual=0
[8211] +284.696119 ASYNC-IN-SUBMIT ep=0x81 len=0 type=BULK (in, awaiting data)
[8212] +284.806574 ASYNC-IN-DONE ep=0x81 len=0 status=2 actual=0
[8213] +284.806661 ASYNC-IN-SUBMIT ep=0x81 len=0 type=BULK (in, awaiting data)
[8214] +284.911312 ASYNC-IN-DONE ep=0x81 len=0 status=2 actual=0
[8215] +284.911396 ASYNC-IN-SUBMIT ep=0x81 len=0 type=BULK (in, awaiting data)
[8216] +284.965546 ASYNC-IN-DONE ep=0x81 len=16 status=0 actual=16
	0000  08 00 00 18 ed 03 80 10  00 5a 00 10 86 03 00 00 |.........Z......|
[8217] +284.965665 ASYNC-IN-SUBMIT ep=0x81 len=0 type=BULK (in, awaiting data)
[8218] +285.065110 ASYNC-OUT ep=0x01 len=16 type=BULK 
	0000  08 00 00 18 02 10 f0 03  00 1b 00 10 5b 13 00 00 |............[...|
[8219] +285.065463 ASYNC-OUT-DONE ep=0x01 len=0 status=0 actual=16
[8220] +285.078433 ASYNC-IN-DONE ep=0x81 len=0 status=2 actual=0
[8221] +285.078481 ASYNC-IN-SUBMIT ep=0x81 len=0 type=BULK (in, awaiting data)
[8222] +285.184382 ASYNC-IN-DONE ep=0x81 len=0 status=2 actual=0
[8223] +285.184508 ASYNC-IN-SUBMIT ep=0x81 len=0 type=BULK (in, awaiting data)
[8224] +285.221246 ASYNC-OUT ep=0x01 len=16 type=BULK 
	0000  08 00 00 18 01 10 ef 03  00 25 00 10 93 1e 00 00 |.........%......|
[8225] +285.221572 ASYNC-OUT-DONE ep=0x01 len=0 status=0 actual=16
[8226] +285.287186 ASYNC-IN-DONE ep=0x81 len=0 status=2 actual=0
[8227] +285.287313 ASYNC-IN-SUBMIT ep=0x81 len=0 type=BULK (in, awaiting data)
[8228] +285.367153 ASYNC-IN-DONE ep=0x81 len=16 status=0 actual=16
	0000  08 00 00 18 ef 03 01 10  00 2f 00 10 65 02 00 00 |........./..e...|
[8229] +285.367311 ASYNC-IN-SUBMIT ep=0x81 len=0 type=BULK (in, awaiting data)
[8230] +285.367504 ASYNC-IN-DONE ep=0x81 len=16 status=0 actual=16
	0000  08 00 00 18 f0 03 02 10  00 39 00 10 09 02 00 00 |.........9......|
[8231] +285.367565 ASYNC-IN-SUBMIT ep=0x81 len=0 type=BULK (in, awaiting data)
[8232] +285.428707 ASYNC-OUT ep=0x01 len=16 type=BULK 
	0000  08 00 00 18 80 10 ed 03  00 4f 00 10 db 39 00 00 |.........O...9..|
[8233] +285.428988 ASYNC-OUT-DONE ep=0x01 len=0 status=0 actual=16
[8234] +285.473218 ASYNC-IN-DONE ep=0x81 len=0 status=2 actual=0
[8235] +285.473301 ASYNC-IN-SUBMIT ep=0x81 len=0 type=BULK (in, awaiting data)
[8236] +285.584596 ASYNC-IN-DONE ep=0x81 len=0 status=2 actual=0
[8237] +285.584636 ASYNC-IN-SUBMIT ep=0x81 len=0 type=BULK (in, awaiting data)
[8238] +285.697301 ASYNC-IN-DONE ep=0x81 len=0 status=2 actual=0
[8239] +285.697327 ASYNC-IN-SUBMIT ep=0x81 len=0 type=BULK (in, awaiting data)
