# hxsniff attached pid=53432
[0] +0.403032 OPEN 0e41:4246 rc=0
[1] +0.403148 CLAIM interface=0 rc=0 (LIBUSB_SUCCESS / LIBUSB_TRANSFER_COMPLETED)
[2] +0.403156 RELEASE interface=0
[3] +0.403268 OPEN 0e41:4246 rc=0
[4] +0.403401 CLAIM interface=0 rc=0 (LIBUSB_SUCCESS / LIBUSB_TRANSFER_COMPLETED)
[5] +0.625980 ASYNC-IN-SUBMIT ep=0x81 len=0 type=BULK (in, awaiting data)
[6] +0.729780 ASYNC-IN-DONE ep=0x81 len=0 status=2 actual=0
[7] +0.729880 ASYNC-IN-SUBMIT ep=0x81 len=0 type=BULK (in, awaiting data)
[8] +0.836569 ASYNC-IN-DONE ep=0x81 len=0 status=2 actual=0
[9] +0.836712 ASYNC-IN-SUBMIT ep=0x81 len=0 type=BULK (in, awaiting data)
[10] +0.949602 ASYNC-IN-DONE ep=0x81 len=0 status=2 actual=0
[11] +0.949705 ASYNC-IN-SUBMIT ep=0x81 len=0 type=BULK (in, awaiting data)
[12] +1.058211 ASYNC-IN-DONE ep=0x81 len=0 status=2 actual=0
[13] +1.058265 ASYNC-IN-SUBMIT ep=0x81 len=0 type=BULK (in, awaiting data)
[14] +1.170134 ASYNC-IN-DONE ep=0x81 len=0 status=2 actual=0
[15] +1.170175 ASYNC-IN-SUBMIT ep=0x81 len=0 type=BULK (in, awaiting data)
[16] +1.277252 ASYNC-IN-DONE ep=0x81 len=0 status=2 actual=0
[17] +1.277373 ASYNC-IN-SUBMIT ep=0x81 len=0 type=BULK (in, awaiting data)
[18] +1.386130 ASYNC-IN-DONE ep=0x81 len=0 status=2 actual=0
[19] +1.386237 ASYNC-IN-SUBMIT ep=0x81 len=0 type=BULK (in, awaiting data)
[20] +1.491909 ASYNC-IN-DONE ep=0x81 len=0 status=2 actual=0
[21] +1.491986 ASYNC-IN-SUBMIT ep=0x81 len=0 type=BULK (in, awaiting data)
[22] +1.599721 ASYNC-IN-DONE ep=0x81 len=0 status=2 actual=0
[23] +1.599812 ASYNC-IN-SUBMIT ep=0x81 len=0 type=BULK (in, awaiting data)
[24] +1.665941 ASYNC-OUT ep=0x01 len=20 type=BULK 
	0000  0c 00 00 28 01 10 ef 03  00 00 00 02 00 01 00 21 |...(...........!|
	0010  00 10 00 00                                      |....|
[25] +1.666320 ASYNC-OUT-DONE ep=0x01 len=0 status=0 actual=20
[26] +1.666709 ASYNC-IN-DONE ep=0x81 len=20 status=0 actual=20
	0000  0c 00 00 28 ef 03 01 10  00 00 00 02 00 01 00 01 |...(............|
	0010  00 02 00 00                                      |....|
[27] +1.666819 ASYNC-IN-SUBMIT ep=0x81 len=0 type=BULK (in, awaiting data)
[28] +1.692861 ASYNC-OUT ep=0x01 len=28 type=BULK 
	0000  11 00 00 18 01 10 ef 03  00 02 00 04 00 10 00 00 |................|
	0010  01 00 05 00 01 00 00 00  05 00 00 00             |............|
[29] +1.693201 ASYNC-OUT-DONE ep=0x01 len=0 status=0 actual=28
[30] +1.693786 ASYNC-IN-DONE ep=0x81 len=48 status=0 actual=48
	0000  28 00 00 18 ef 03 01 10  00 02 00 04 09 02 00 00 |(...............|
	0010  00 00 02 00 18 00 00 00  05 50 33 33 4d 61 69 6e |.........P33Main|
	0020  00 00 00 00 d3 c7 30 00  00 00 80 03 11 66 39 10 |......0......f9.|
[31] +1.693937 ASYNC-IN-SUBMIT ep=0x81 len=0 type=BULK (in, awaiting data)
[32] +1.744547 ASYNC-OUT ep=0x01 len=16 type=BULK 
	0000  08 00 00 18 01 10 ef 03  00 03 00 08 20 10 00 00 |............ ...|
[33] +1.744835 ASYNC-OUT-DONE ep=0x01 len=0 status=0 actual=16
[34] +1.806735 ASYNC-IN-DONE ep=0x81 len=0 status=2 actual=0
[35] +1.806802 ASYNC-IN-SUBMIT ep=0x81 len=0 type=BULK (in, awaiting data)
[36] +1.842663 ASYNC-IN-DONE ep=0x81 len=16 status=0 actual=16
	0000  08 00 00 18 ef 03 01 10  00 03 00 08 09 02 00 00 |................|
[37] +1.842782 ASYNC-IN-SUBMIT ep=0x81 len=0 type=BULK (in, awaiting data)
[38] +1.952123 ASYNC-IN-DONE ep=0x81 len=0 status=2 actual=0
[39] +1.952226 ASYNC-IN-SUBMIT ep=0x81 len=0 type=BULK (in, awaiting data)
[40] +2.065046 ASYNC-IN-DONE ep=0x81 len=0 status=2 actual=0
[41] +2.065129 ASYNC-IN-SUBMIT ep=0x81 len=0 type=BULK (in, awaiting data)
[42] +2.177988 ASYNC-IN-DONE ep=0x81 len=0 status=2 actual=0
[43] +2.178085 ASYNC-IN-SUBMIT ep=0x81 len=0 type=BULK (in, awaiting data)
[44] +2.282734 ASYNC-IN-DONE ep=0x81 len=0 status=2 actual=0
[45] +2.282876 ASYNC-IN-SUBMIT ep=0x81 len=0 type=BULK (in, awaiting data)
[46] +2.395685 ASYNC-IN-DONE ep=0x81 len=0 status=2 actual=0
[47] +2.395753 ASYNC-IN-SUBMIT ep=0x81 len=0 type=BULK (in, awaiting data)
[48] +2.508161 ASYNC-IN-DONE ep=0x81 len=0 status=2 actual=0
[49] +2.508237 ASYNC-IN-SUBMIT ep=0x81 len=0 type=BULK (in, awaiting data)
[50] +2.613044 ASYNC-IN-DONE ep=0x81 len=0 status=2 actual=0
[51] +2.613153 ASYNC-IN-SUBMIT ep=0x81 len=0 type=BULK (in, awaiting data)
[52] +2.699095 ASYNC-OUT ep=0x01 len=16 type=BULK 
	0000  08 00 00 18 01 10 ef 03  00 04 00 02 20 10 00 00 |............ ...|
[53] +2.699374 ASYNC-OUT-DONE ep=0x01 len=0 status=0 actual=16
[54] +2.699744 ASYNC-IN-DONE ep=0x81 len=16 status=0 actual=16
	0000  08 00 00 18 ef 03 01 10  00 04 00 02 09 02 00 00 |................|
[55] +2.699785 ASYNC-IN-SUBMIT ep=0x81 len=0 type=BULK (in, awaiting data)
[56] +2.803654 ASYNC-IN-DONE ep=0x81 len=0 status=2 actual=0
[57] +2.803738 ASYNC-IN-SUBMIT ep=0x81 len=0 type=BULK (in, awaiting data)
[58] +2.894748 ASYNC-IN-DONE ep=0x81 len=0 status=3 actual=0
[59] +4.152037 RELEASE interface=0
[60] +4.156004 OPEN 0e41:4246 rc=0
[61] +4.156530 CLAIM interface=0 rc=0 (LIBUSB_SUCCESS / LIBUSB_TRANSFER_COMPLETED)
[62] +4.156568 RELEASE interface=0
[63] +4.156897 OPEN 0e41:4246 rc=0
[64] +4.157208 CLAIM interface=0 rc=0 (LIBUSB_SUCCESS / LIBUSB_TRANSFER_COMPLETED)
[65] +4.377513 ASYNC-IN-SUBMIT ep=0x81 len=0 type=BULK (in, awaiting data)
[66] +4.484575 ASYNC-IN-DONE ep=0x81 len=0 status=2 actual=0
[67] +4.484661 ASYNC-IN-SUBMIT ep=0x81 len=0 type=BULK (in, awaiting data)
[68] +4.595088 ASYNC-IN-DONE ep=0x81 len=0 status=2 actual=0
[69] +4.595116 ASYNC-IN-SUBMIT ep=0x81 len=0 type=BULK (in, awaiting data)
[70] +4.705939 ASYNC-IN-DONE ep=0x81 len=0 status=2 actual=0
[71] +4.705968 ASYNC-IN-SUBMIT ep=0x81 len=0 type=BULK (in, awaiting data)
[72] +4.813770 ASYNC-IN-DONE ep=0x81 len=0 status=2 actual=0
[73] +4.813838 ASYNC-IN-SUBMIT ep=0x81 len=0 type=BULK (in, awaiting data)
[74] +4.926073 ASYNC-IN-DONE ep=0x81 len=0 status=2 actual=0
[75] +4.926211 ASYNC-IN-SUBMIT ep=0x81 len=0 type=BULK (in, awaiting data)
[76] +5.032001 ASYNC-IN-DONE ep=0x81 len=0 status=2 actual=0
[77] +5.032055 ASYNC-IN-SUBMIT ep=0x81 len=0 type=BULK (in, awaiting data)
[78] +5.135865 ASYNC-IN-DONE ep=0x81 len=0 status=2 actual=0
[79] +5.135934 ASYNC-IN-SUBMIT ep=0x81 len=0 type=BULK (in, awaiting data)
[80] +5.248734 ASYNC-IN-DONE ep=0x81 len=0 status=2 actual=0
[81] +5.248823 ASYNC-IN-SUBMIT ep=0x81 len=0 type=BULK (in, awaiting data)
[82] +5.361634 ASYNC-IN-DONE ep=0x81 len=0 status=2 actual=0
[83] +5.361692 ASYNC-IN-SUBMIT ep=0x81 len=0 type=BULK (in, awaiting data)
[84] +5.422685 ASYNC-OUT ep=0x01 len=20 type=BULK 
	0000  0c 00 00 28 80 10 ed 03  00 00 00 02 00 01 00 21 |...(...........!|
	0010  00 10 00 00                                      |....|
[85] +5.422954 ASYNC-OUT-DONE ep=0x01 len=0 status=0 actual=20
[86] +5.423342 ASYNC-IN-DONE ep=0x81 len=20 status=0 actual=20
	0000  0c 00 00 28 ed 03 80 10  00 00 00 02 00 01 00 01 |...(............|
	0010  00 02 00 00                                      |....|
[87] +5.423398 ASYNC-IN-SUBMIT ep=0x81 len=0 type=BULK (in, awaiting data)
[88] +5.431367 ASYNC-OUT ep=0x01 len=28 type=BULK 
	0000  11 00 00 18 80 10 ed 03  00 02 00 04 00 10 00 00 |................|
	0010  01 00 06 00 01 00 00 00  06 00 00 00             |............|
[89] +5.431619 ASYNC-OUT-DONE ep=0x01 len=0 status=0 actual=28
[90] +5.432152 ASYNC-IN-DONE ep=0x81 len=28 status=0 actual=28
	0000  11 00 00 18 ed 03 80 10  00 02 00 04 09 02 00 00 |................|
	0010  00 00 06 00 01 00 00 00  06 50 33 33             |.........P33|
[91] +5.432194 ASYNC-IN-SUBMIT ep=0x81 len=0 type=BULK (in, awaiting data)
[92] +5.432236 ASYNC-OUT ep=0x01 len=20 type=BULK 
	0000  0c 00 00 28 02 10 f0 03  00 00 00 02 00 01 00 21 |...(...........!|
	0010  00 10 00 00                                      |....|
[93] +5.432348 ASYNC-OUT-DONE ep=0x01 len=0 status=0 actual=20
[94] +5.432806 ASYNC-IN-DONE ep=0x81 len=20 status=0 actual=20
	0000  0c 00 00 28 f0 03 02 10  00 00 00 02 00 01 00 01 |...(............|
	0010  00 02 00 00                                      |....|
[95] +5.432838 ASYNC-IN-SUBMIT ep=0x81 len=0 type=BULK (in, awaiting data)
[96] +5.454368 ASYNC-IN-DONE ep=0x81 len=16 status=0 actual=16
	0000  08 00 00 18 ed 03 80 10  00 03 00 08 09 02 00 00 |................|
[97] +5.454451 ASYNC-IN-SUBMIT ep=0x81 len=0 type=BULK (in, awaiting data)
[98] +5.483360 ASYNC-OUT ep=0x01 len=16 type=BULK 
	0000  08 00 00 18 80 10 ed 03  00 03 00 08 09 10 00 00 |................|
[99] +5.483518 ASYNC-OUT ep=0x01 len=28 type=BULK 
	0000  11 00 00 18 02 10 f0 03  00 02 00 04 00 10 00 00 |................|
	0010  01 00 04 00 01 00 00 00  04 00 00 00             |............|
[100] +5.483623 ASYNC-OUT-DONE ep=0x01 len=0 status=0 actual=16
[101] +5.483720 ASYNC-OUT-DONE ep=0x01 len=0 status=0 actual=28
[102] +5.484373 ASYNC-IN-DONE ep=0x81 len=28 status=0 actual=28
	0000  11 00 00 18 f0 03 02 10  00 02 00 04 09 02 00 00 |................|
	0010  00 00 04 00 01 00 00 00  04 50 33 33             |.........P33|
[103] +5.484456 ASYNC-IN-SUBMIT ep=0x81 len=0 type=BULK (in, awaiting data)
[104] +5.484535 ASYNC-OUT ep=0x01 len=20 type=BULK 
	0000  0c 00 00 28 01 10 ef 03  00 00 00 02 00 01 00 21 |...(...........!|
	0010  00 10 00 00                                      |....|
[105] +5.484734 ASYNC-OUT-DONE ep=0x01 len=0 status=0 actual=20
[106] +5.485147 ASYNC-IN-DONE ep=0x81 len=20 status=0 actual=20
	0000  0c 00 00 28 ef 03 01 10  00 00 00 02 00 01 00 01 |...(............|
	0010  00 02 00 00                                      |....|
[107] +5.485217 ASYNC-IN-SUBMIT ep=0x81 len=0 type=BULK (in, awaiting data)
[108] +5.535453 ASYNC-OUT ep=0x01 len=16 type=BULK 
	0000  08 00 00 18 02 10 f0 03  00 03 00 08 09 10 00 00 |................|
[109] +5.535640 ASYNC-OUT ep=0x01 len=28 type=BULK 
	0000  11 00 00 18 01 10 ef 03  00 02 00 04 00 10 00 00 |................|
	0010  01 00 02 00 01 00 00 00  02 00 00 00             |............|
[110] +5.535730 ASYNC-OUT-DONE ep=0x01 len=0 status=0 actual=16
[111] +5.535793 ASYNC-OUT-DONE ep=0x01 len=0 status=0 actual=28
[112] +5.537313 ASYNC-IN-DONE ep=0x81 len=28 status=0 actual=28
	0000  11 00 00 18 ef 03 01 10  00 02 00 04 09 02 00 00 |................|
	0010  00 00 05 00 01 00 00 00  02 50 33 33             |.........P33|
[113] +5.537364 ASYNC-IN-SUBMIT ep=0x81 len=0 type=BULK (in, awaiting data)
[114] +5.587409 ASYNC-OUT ep=0x01 len=36 type=BULK 
	0000  19 00 00 18 80 10 ed 03  00 04 00 04 09 10 00 00 |................|
	0010  01 00 06 00 09 00 00 00  83 66 cd 03 e8 64 4c 65 |.........f...dLe|
	0020  80 00 00 00                                      |....|
[115] +5.587664 ASYNC-OUT ep=0x01 len=16 type=BULK 
	0000  08 00 00 18 01 10 ef 03  00 03 00 08 09 10 00 00 |................|
[116] +5.587751 ASYNC-OUT-DONE ep=0x01 len=0 status=0 actual=36
[117] +5.587790 ASYNC-OUT-DONE ep=0x01 len=0 status=0 actual=16
[118] +5.588911 ASYNC-IN-DONE ep=0x81 len=92 status=0 actual=92
	0000  54 00 00 18 ed 03 80 10  00 04 00 04 1a 02 00 00 |T...............|
	0010  00 00 06 00 44 00 00 00  83 66 cd 03 e8 67 00 68 |....D....f...g.h|
	0020  82 3f c3 37 9b ca 42 dc  00 00 ca 3f 34 fd f4 ca |.?.7..B....?4...|
	0030  00 00 00 00 ca 44 fa 00  00 ca 3f 34 fd f4 ca 00 |.....D....?4....|
	0040  00 00 00 ca 45 fa 00 00  ca 3f 34 fd f4 ca 00 00 |....E....?4.....|
	0050  00 00 ca 41 9f 33 33 ca  46 9d 08 00             |...A.33.F...|
[119] +5.588953 ASYNC-IN-SUBMIT ep=0x81 len=0 type=BULK (in, awaiting data)
[120] +5.639440 ASYNC-OUT ep=0x01 len=36 type=BULK 
	0000  1c 00 00 18 80 10 ed 03  00 05 00 0c 55 10 00 00 |............U...|
	0010  01 00 06 00 0c 00 00 00  83 66 cd 03 e9 64 18 65 |.........f...d.e|
	0020  81 76 cc 80                                      |.v..|
[121] +5.639813 ASYNC-OUT-DONE ep=0x01 len=0 status=0 actual=36
[122] +5.640612 ASYNC-IN-DONE ep=0x81 len=40 status=0 actual=40
	0000  1f 00 00 18 ed 03 80 10  00 05 00 04 2e 02 00 00 |................|
	0010  00 00 06 00 0f 00 00 00  83 66 cd 03 e9 67 00 68 |.........f...g.h|
	0020  82 76 cd 00 80 77 00 dc                          |.v...w..|
[123] +5.640645 ASYNC-IN-SUBMIT ep=0x81 len=0 type=BULK (in, awaiting data)
[124] +5.655161 ASYNC-IN-DONE ep=0x81 len=16 status=0 actual=16
	0000  08 00 00 18 ef 03 01 10  00 03 00 08 09 02 00 00 |................|
[125] +5.655207 ASYNC-IN-SUBMIT ep=0x81 len=0 type=BULK (in, awaiting data)
[126] +5.655325 ASYNC-IN-DONE ep=0x81 len=16 status=0 actual=16
	0000  08 00 00 18 ed 03 80 10  00 06 00 08 2e 02 00 00 |................|
[127] +5.655359 ASYNC-IN-SUBMIT ep=0x81 len=0 type=BULK (in, awaiting data)
[128] +5.655541 ASYNC-IN-DONE ep=0x81 len=16 status=0 actual=16
	0000  08 00 00 18 f0 03 02 10  00 03 00 08 09 02 00 00 |................|
[129] +5.655560 ASYNC-IN-SUBMIT ep=0x81 len=0 type=BULK (in, awaiting data)
[130] +5.690820 ASYNC-OUT ep=0x01 len=36 type=BULK 
	0000  19 00 00 18 80 10 ed 03  00 06 00 0c 6c 10 00 00 |............l...|
	0010  01 00 06 00 09 00 00 00  83 66 cd 03 ea 64 17 65 |.........f...d.e|
	0020  c0 00 00 00                                      |....|
[131] +5.691137 ASYNC-OUT-DONE ep=0x01 len=0 status=0 actual=36
[132] +5.691967 ASYNC-IN-DONE ep=0x81 len=60 status=0 actual=60
	0000  34 00 00 18 ed 03 80 10  00 07 00 04 3f 02 00 00 |4...........?...|
	0010  00 00 06 00 24 00 00 00  83 66 cd 03 ea 67 00 68 |....$....f...g.h|
	0020  86 6b cd 00 00 6c cd 00  07 6d a7 43 54 2d 53 61 |.k...l...m.CT-Sa|
	0030  64 00 75 c3 53 92 cd 19  e4 00 5c 00             |d.u.S.....\.|
[133] +5.692024 ASYNC-IN-SUBMIT ep=0x81 len=0 type=BULK (in, awaiting data)
[134] +5.742879 ASYNC-OUT ep=0x01 len=36 type=BULK 
	0000  19 00 00 18 80 10 ed 03  00 07 00 0c 98 10 00 00 |................|
	0010  01 00 06 00 09 00 00 00  83 66 cd 03 eb 64 16 65 |.........f...d.e|
	0020  c0 00 00 00                                      |....|
[135] +5.743250 ASYNC-OUT-DONE ep=0x01 len=0 status=0 actual=36
[136] +5.759033 ASYNC-IN-DONE ep=0x81 len=272 status=0 actual=272
	0000  08 01 00 18 ed 03 80 10  00 08 00 04 50 02 00 00 |............P...|
	0010  00 00 e3 00 ee 09 00 00  83 66 cd 03 eb 67 00 68 |.........f...g.h|
	0020  da 09 e3 a9 6c 36 2d 68  65 6c 69 78 00 da 00 30 |....l6-helix...0|
	0030  3d 00 00 00 60 00 00 00  f8 02 00 00 fa 02 00 00 |=...`...........|
	0040  05 03 00 00 11 03 00 00  01 04 00 00 2e 04 00 00 |................|
	0050  3e 00 00 00 34 04 00 00  e3 09 00 00 e3 09 00 00 |>...4...........|
	0060  89 07 83 24 a4 50 33 33  00 23 ce 03 80 00 00 25 |...$.P33.#.....%|
	0070  b2 76 33 2e 37 31 2d 33  32 2d 67 31 30 33 39 36 |.v3.71-32-g10396|
	0080  36 31 00 00 82 15 00 16  dc 00 14 82 13 00 14 82 |61..............|
	0090  05 01 07 83 02 03 03 03  04 93 c2 ca c2 40 00 00 |.............@..|
	00a0  ca 3f 00 00 00 82 13 06  14 85 18 83 17 c2 19 65 |.?.............e|
	00b0  1a ff 09 01 0a c3 0b 83  02 03 03 03 04 93 ca 3c |...............<|
	00c0  23 d7 00 ca 3e 42 8f 63  ca 3f 7a e1 48 0c 83 02 |#...>B.c.?z.H...|
	00d0  00 03 00 04 90 82 13 06  14 85 18 83 17 c2 19 cd |................|
	00e0  01 43 1a ff 09 01 0a c3  0b 83 02 06 03 06 04 96 |.C..............|
	00f0  ca c1 23 33 33 ca c0 d3  33 33 ca 00 00 00 00 ca |..#33...33......|
	0100  00 00 00 00 ca 00 00 00  00 ca 40 6c cc d1 0c 83 |..........@l....|
[137] +5.759302 ASYNC-IN-SUBMIT ep=0x81 len=0 type=BULK (in, awaiting data)
[138] +5.759353 ASYNC-OUT ep=0x01 len=16 type=BULK 
	0000  08 00 00 18 80 10 ed 03  00 08 00 08 98 11 00 00 |................|
[139] +5.759448 ASYNC-IN-DONE ep=0x81 len=272 status=0 actual=272
	0000  08 01 00 18 ed 03 80 10  00 09 00 04 50 02 00 00 |............P...|
	0010  02 00 03 00 04 90 82 13  06 14 85 18 83 17 c3 19 |................|
	0020  12 1a 3e 09 12 0a c3 0b  83 02 0c 03 0c 04 9c ca |..>.............|
	0030  3f 6b 85 20 ca 3e a3 d7  07 ca 3f 23 d7 0a ca 3f |?k. .>....?#...?|
	0040  38 51 ec ca 3f 1e b8 52  ca 3f 63 d7 0a ca 3e 38 |8Q..?..R.?c...>8|
	0050  51 f2 ca 3e 4c cc cd ca  3e 8a 3d 71 ca 3f 00 00 |Q..>L...>.=q.?..|
	0060  00 ca 3f 19 99 9a ca 3f  19 99 9a 0c 83 02 06 03 |..?....?........|
	0070  05 04 96 ca 41 00 00 00  ca 41 9f 33 33 ca 46 1f |....A....A.33.F.|
	0080  60 00 ca 3e 75 c2 8f ca  00 00 00 00 05 82 13 06 |`..>u...........|
	0090  14 85 18 83 17 c2 19 cd  01 43 1a ff 09 01 0a c3 |.........C......|
	00a0  0b 83 02 06 03 06 04 96  ca 3f ff ff f8 ca 40 39 |.........?....@9|
	00b0  99 95 ca c0 86 66 68 ca  40 40 00 00 ca 3e cc cc |.....fh.@@...>..|
	00c0  bf ca 00 00 00 00 0c 83  02 00 03 00 04 90 82 13 |................|
	00d0  06 14 85 18 83 17 c2 19  cc 81 1a ff 09 01 0a c3 |................|
	00e0  0b 83 02 0b 03 0b 04 9b  ca c0 b9 99 9a ca c0 06 |................|
	00f0  66 62 ca 40 60 00 00 ca  c0 e0 00 00 ca c0 a3 33 |fb.@`..........3|
	0100  31 ca bf 66 66 60 ca c0  00 00 00 ca 3f b3 33 33 |1..ff`......?.33|
[140] +5.759648 ASYNC-IN-SUBMIT ep=0x81 len=0 type=BULK (in, awaiting data)
[141] +5.759672 ASYNC-OUT ep=0x01 len=16 type=BULK 
	0000  08 00 00 18 80 10 ed 03  00 09 00 08 98 12 00 00 |................|
[142] +5.759723 ASYNC-OUT-DONE ep=0x01 len=0 status=0 actual=16
[143] +5.759739 ASYNC-IN-DONE ep=0x81 len=272 status=0 actual=272
	0000  08 01 00 18 ed 03 80 10  00 0a 00 04 50 02 00 00 |............P...|
	0010  ca c1 26 66 66 ca c1 70  00 00 ca 00 00 00 00 0c |..&ff..p........|
	0020  83 02 00 03 00 04 90 82  13 06 14 85 18 83 17 c2 |................|
	0030  19 78 1a ff 09 01 0a c3  0b 83 02 06 03 06 04 96 |.x..............|
	0040  ca 3e a8 f5 c3 ca 3f 11  eb 83 c2 ca 3d b8 51 f0 |.>....?.....=.Q.|
	0050  ca 3f 80 00 00 ca 00 00  00 00 0c 83 02 00 03 00 |.?..............|
	0060  04 90 82 13 08 14 c0 82  13 08 14 c0 82 13 01 14 |................|
	0070  82 06 01 07 83 02 02 03  02 04 92 ca 3f 00 00 00 |............?...|
	0080  ca 00 00 00 00 82 13 02  14 83 0e 82 05 00 07 83 |................|
	0090  02 00 03 00 04 90 0f 84  08 cd 01 01 0d 00 0a c3 |................|
	00a0  07 83 02 03 03 03 04 93  ca 3f 00 00 00 ca 3f 00 |.........?....?.|
	00b0  00 00 c2 12 c2 82 13 08  14 c0 82 13 08 14 c0 82 |................|
	00c0  13 08 14 c0 82 13 08 14  c0 82 13 08 14 c0 82 13 |................|
	00d0  08 14 c0 82 13 08 14 c0  82 13 08 14 c0 82 13 03 |................|
	00e0  14 83 10 82 06 00 07 83  02 00 03 00 04 90 11 84 |................|
	00f0  08 cc 97 0d 00 0a c3 07  83 02 06 03 06 04 96 ca |................|
	0100  00 00 00 00 ca 3f 00 00  00 ca 00 00 00 00 ca 3f |.....?.........?|
[144] +5.759900 ASYNC-IN-SUBMIT ep=0x81 len=0 type=BULK (in, awaiting data)
[145] +5.759920 ASYNC-OUT ep=0x01 len=16 type=BULK 
	0000  08 00 00 18 80 10 ed 03  00 0a 00 08 98 13 00 00 |................|
[146] +5.759961 ASYNC-OUT-DONE ep=0x01 len=0 status=0 actual=16
[147] +5.760030 ASYNC-OUT-DONE ep=0x01 len=0 status=0 actual=16
[148] +5.760640 ASYNC-IN-DONE ep=0x81 len=272 status=0 actual=272
	0000  08 01 00 18 ed 03 80 10  00 0b 00 04 50 02 00 00 |............P...|
	0010  00 00 00 c2 ca 00 00 00  00 12 c2 01 c0 03 82 07 |................|
	0020  01 08 95 c0 c0 c0 c0 c0  04 9a c0 c0 c0 c0 c0 c0 |................|
	0030  c0 c0 c0 c0 02 82 00 9d  d1 00 00 d1 00 00 d1 00 |................|
	0040  00 d1 00 00 d1 00 00 d1  00 00 d1 00 00 d1 00 00 |................|
	0050  d1 00 00 d1 00 00 d1 00  00 d1 00 00 d1 00 00 01 |................|
	0060  9d 97 cc 00 cc 00 cc 00  cc 00 cc 00 cc 00 cc 00 |................|
	0070  97 cc 00 cc 00 cc 00 cc  00 cc 00 cc 00 cc 00 97 |................|
	0080  cc 00 cc 00 cc 00 cc 00  cc 00 cc 00 cc 00 97 cc |................|
	0090  00 cc 00 cc 00 cc 00 cc  00 cc 00 cc 00 97 cc 00 |................|
	00a0  cc 00 cc 00 cc 00 cc 00  cc 00 cc 00 97 cc 00 cc |................|
	00b0  00 cc 00 cc 00 cc 00 cc  00 cc 00 97 cc 00 cc 00 |................|
	00c0  cc 00 cc 00 cc 00 cc 00  cc 00 97 cc 00 cc 00 cc |................|
	00d0  00 cc 00 cc 00 cc 00 cc  00 97 cc 00 cc 00 cc 00 |................|
	00e0  cc 00 cc 00 cc 00 cc 00  97 cc 00 cc 00 cc 00 cc |................|
	00f0  00 cc 00 cc 00 cc 00 97  cc 00 cc 00 cc 00 cc 00 |................|
	0100  cc 00 cc 00 cc 00 97 cc  00 cc 00 cc 00 cc 00 cc |................|
[149] +5.760852 ASYNC-IN-SUBMIT ep=0x81 len=0 type=BULK (in, awaiting data)
[150] +5.760888 ASYNC-OUT ep=0x01 len=16 type=BULK 
	0000  08 00 00 18 80 10 ed 03  00 0b 00 08 98 14 00 00 |................|
[151] +5.760980 ASYNC-IN-DONE ep=0x81 len=272 status=0 actual=272
	0000  08 01 00 18 ed 03 80 10  00 0c 00 04 50 02 00 00 |............P...|
	0010  00 cc 00 cc 00 97 cc 00  cc 00 cc 00 cc 00 cc 00 |................|
	0020  cc 00 cc 00 05 8f 10 ca  42 f0 00 00 2d 00 2e ca |........B...-...|
	0030  bd cc cc d0 2f ca bd cc  cc d0 30 00 31 c3 32 00 |..../.....0.1.2.|
	0040  33 00 34 00 35 00 36 00  37 00 38 c3 1e 00 cc 86 |3.4.5.6.7.8.....|
	0050  00 06 82 62 03 1a 00 0a  86 06 00 07 00 08 00 09 |...b............|
	0060  14 0a 93 88 00 c3 01 9b  93 0d c2 97 00 00 00 00 |................|
	0070  00 00 00 93 0d c2 97 00  00 00 00 00 00 00 93 0d |................|
	0080  c2 97 00 00 00 00 00 00  00 93 0d c2 97 00 00 00 |................|
	0090  00 00 00 00 93 0d c2 97  00 00 00 00 00 00 00 93 |................|
	00a0  0d c2 97 00 00 00 00 00  00 00 93 0d c2 97 00 00 |................|
	00b0  00 00 00 00 00 93 0d c2  97 00 00 00 00 00 00 00 |................|
	00c0  93 0d c2 97 00 00 00 00  00 00 00 93 0d c2 97 00 |................|
	00d0  00 00 00 00 00 00 93 0d  c2 97 00 00 00 00 00 00 |................|
	00e0  00 02 dc 00 40 93 c2 40  c0 93 c2 40 c0 93 c2 40 |....@..@...@...@|
	00f0  c0 93 c2 40 c0 93 c2 40  c0 93 c2 40 c0 93 c2 40 |...@...@...@...@|
	0100  c0 93 c2 40 c0 93 c2 40  c0 93 c2 40 c0 93 c2 40 |...@...@...@...@|
[152] +5.761188 ASYNC-IN-SUBMIT ep=0x81 len=0 type=BULK (in, awaiting data)
[153] +5.761225 ASYNC-OUT ep=0x01 len=16 type=BULK 
	0000  08 00 00 18 80 10 ed 03  00 0c 00 08 98 15 00 00 |................|
[154] +5.761274 ASYNC-OUT-DONE ep=0x01 len=0 status=0 actual=16
[155] +5.761350 ASYNC-OUT-DONE ep=0x01 len=0 status=0 actual=16
[156] +5.761652 ASYNC-IN-DONE ep=0x81 len=272 status=0 actual=272
	0000  08 01 00 18 ed 03 80 10  00 0d 00 04 50 02 00 00 |............P...|
	0010  c0 93 c2 40 c0 93 c2 40  c0 93 c2 40 c0 93 c2 40 |...@...@...@...@|
	0020  c0 93 c2 40 c0 93 c2 40  c0 93 c2 40 c0 93 c2 40 |...@...@...@...@|
	0030  c0 93 c2 40 c0 93 c2 40  c0 93 c2 40 c0 93 c2 40 |...@...@...@...@|
	0040  c0 93 c2 40 c0 93 c2 40  c0 93 c2 40 c0 93 c2 40 |...@...@...@...@|
	0050  c0 93 c2 40 c0 93 c2 40  c0 93 c2 40 c0 93 c2 40 |...@...@...@...@|
	0060  c0 93 c2 40 c0 93 c2 40  c0 93 c2 40 c0 93 c2 40 |...@...@...@...@|
	0070  c0 93 c2 40 c0 93 c2 40  c0 93 c2 40 c0 93 c2 40 |...@...@...@...@|
	0080  c0 93 c2 40 c0 93 c2 40  c0 93 c2 40 c0 93 c2 40 |...@...@...@...@|
	0090  c0 93 c2 40 c0 93 c2 40  c0 93 c2 40 c0 93 c2 40 |...@...@...@...@|
	00a0  c0 93 c2 40 c0 93 c2 40  c0 93 c2 40 c0 93 c2 40 |...@...@...@...@|
	00b0  c0 93 c2 40 c0 93 c2 40  c0 93 c2 40 c0 93 c2 40 |...@...@...@...@|
	00c0  c0 93 c2 40 c0 93 c2 40  c0 93 c2 40 c0 93 c2 40 |...@...@...@...@|
	00d0  c0 93 c2 40 c0 93 c2 40  c0 93 c2 40 c0 93 c2 40 |...@...@...@...@|
	00e0  c0 93 c2 40 c0 03 dc 00  14 92 c2 c2 92 c2 c3 92 |...@............|
	00f0  c2 c3 92 c2 c3 92 c2 c3  92 c2 c3 92 c2 c3 92 c2 |................|
	0100  c3 92 c2 c3 92 c2 c2 92  c2 c3 92 c2 c3 92 c2 c3 |................|
[157] +5.761869 ASYNC-IN-SUBMIT ep=0x81 len=0 type=BULK (in, awaiting data)
[158] +5.761900 ASYNC-OUT ep=0x01 len=16 type=BULK 
	0000  08 00 00 18 80 10 ed 03  00 0d 00 08 98 16 00 00 |................|
[159] +5.762021 ASYNC-OUT-DONE ep=0x01 len=0 status=0 actual=16
[160] +5.762211 ASYNC-IN-DONE ep=0x81 len=272 status=0 actual=272
	0000  08 01 00 18 ed 03 80 10  00 0e 00 04 50 02 00 00 |............P...|
	0010  92 c2 c3 92 c2 c3 92 c2  c3 92 c2 c3 92 c2 c3 92 |................|
	0020  c2 c3 92 c2 c2 04 ab 53  4e 41 50 53 48 4f 54 20 |.......SNAPSHOT |
	0030  31 00 0e c2 05 ca 42 f0  00 00 0c 00 88 00 c3 01 |1.....B.........|
	0040  9b 93 0d c2 97 00 00 00  00 00 00 00 93 0d c2 97 |................|
	0050  00 00 00 00 00 00 00 93  0d c2 97 00 00 00 00 00 |................|
	0060  00 00 93 0d c2 97 00 00  00 00 00 00 00 93 0d c2 |................|
	0070  97 00 00 00 00 00 00 00  93 0d c2 97 00 00 00 00 |................|
	0080  00 00 00 93 0d c2 97 00  00 00 00 00 00 00 93 0d |................|
	0090  c2 97 00 00 00 00 00 00  00 93 0d c2 97 00 00 00 |................|
	00a0  00 00 00 00 93 0d c2 97  00 00 00 00 00 00 00 93 |................|
	00b0  0d c2 97 00 00 00 00 00  00 00 02 dc 00 40 93 c2 |.............@..|
	00c0  40 c0 93 c2 40 c0 93 c2  40 c0 93 c2 40 c0 93 c2 |@...@...@...@...|
	00d0  40 c0 93 c2 40 c0 93 c2  40 c0 93 c2 40 c0 93 c2 |@...@...@...@...|
	00e0  40 c0 93 c2 40 c0 93 c2  40 c0 93 c2 40 c0 93 c2 |@...@...@...@...|
	00f0  40 c0 93 c2 40 c0 93 c2  40 c0 93 c2 40 c0 93 c2 |@...@...@...@...|
	0100  40 c0 93 c2 40 c0 93 c2  40 c0 93 c2 40 c0 93 c2 |@...@...@...@...|
[161] +5.762412 ASYNC-IN-SUBMIT ep=0x81 len=0 type=BULK (in, awaiting data)
[162] +5.762433 ASYNC-OUT ep=0x01 len=16 type=BULK 
	0000  08 00 00 18 80 10 ed 03  00 0e 00 08 98 17 00 00 |................|
[163] +5.762539 ASYNC-OUT-DONE ep=0x01 len=0 status=0 actual=16
[164] +5.763303 ASYNC-IN-DONE ep=0x81 len=272 status=0 actual=272
	0000  08 01 00 18 ed 03 80 10  00 0f 00 04 50 02 00 00 |............P...|
	0010  40 c0 93 c2 40 c0 93 c2  40 c0 93 c2 40 c0 93 c2 |@...@...@...@...|
	0020  40 c0 93 c2 40 c0 93 c2  40 c0 93 c2 40 c0 93 c2 |@...@...@...@...|
	0030  40 c0 93 c2 40 c0 93 c2  40 c0 93 c2 40 c0 93 c2 |@...@...@...@...|
	0040  40 c0 93 c2 40 c0 93 c2  40 c0 93 c2 40 c0 93 c2 |@...@...@...@...|
	0050  40 c0 93 c2 40 c0 93 c2  40 c0 93 c2 40 c0 93 c2 |@...@...@...@...|
	0060  40 c0 93 c2 40 c0 93 c2  40 c0 93 c2 40 c0 93 c2 |@...@...@...@...|
	0070  40 c0 93 c2 40 c0 93 c2  40 c0 93 c2 40 c0 93 c2 |@...@...@...@...|
	0080  40 c0 93 c2 40 c0 93 c2  40 c0 93 c2 40 c0 93 c2 |@...@...@...@...|
	0090  40 c0 93 c2 40 c0 93 c2  40 c0 93 c2 40 c0 93 c2 |@...@...@...@...|
	00a0  40 c0 93 c2 40 c0 93 c2  40 c0 93 c2 40 c0 93 c2 |@...@...@...@...|
	00b0  40 c0 93 c2 40 c0 93 c2  40 c0 93 c2 40 c0 03 dc |@...@...@...@...|
	00c0  00 14 92 c2 c2 92 c2 c3  92 c2 c3 92 c2 c3 92 c2 |................|
	00d0  c3 92 c2 c3 92 c2 c3 92  c2 c3 92 c2 c3 92 c2 c2 |................|
	00e0  92 c2 c3 92 c2 c3 92 c2  c3 92 c2 c3 92 c2 c3 92 |................|
	00f0  c2 c3 92 c2 c3 92 c2 c3  92 c2 c3 92 c2 c2 04 ab |................|
	0100  53 4e 41 50 53 48 4f 54  20 32 00 0e c2 05 ca 42 |SNAPSHOT 2.....B|
[165] +5.763523 ASYNC-IN-SUBMIT ep=0x81 len=0 type=BULK (in, awaiting data)
[166] +5.763547 ASYNC-OUT ep=0x01 len=16 type=BULK 
	0000  08 00 00 18 80 10 ed 03  00 0f 00 08 98 18 00 00 |................|
[167] +5.763665 ASYNC-IN-DONE ep=0x81 len=272 status=0 actual=272
	0000  08 01 00 18 ed 03 80 10  00 10 00 04 50 02 00 00 |............P...|
	0010  f0 00 00 0c 00 88 00 c3  01 9b 93 0d c2 97 00 00 |................|
	0020  00 00 00 00 00 93 0d c2  97 00 00 00 00 00 00 00 |................|
	0030  93 0d c2 97 00 00 00 00  00 00 00 93 0d c2 97 00 |................|
	0040  00 00 00 00 00 00 93 0d  c2 97 00 00 00 00 00 00 |................|
	0050  00 93 0d c2 97 00 00 00  00 00 00 00 93 0d c2 97 |................|
	0060  00 00 00 00 00 00 00 93  0d c2 97 00 00 00 00 00 |................|
	0070  00 00 93 0d c2 97 00 00  00 00 00 00 00 93 0d c2 |................|
	0080  97 00 00 00 00 00 00 00  93 0d c2 97 00 00 00 00 |................|
	0090  00 00 00 02 dc 00 40 93  c2 40 c0 93 c2 40 c0 93 |......@..@...@..|
	00a0  c2 40 c0 93 c2 40 c0 93  c2 40 c0 93 c2 40 c0 93 |.@...@...@...@..|
	00b0  c2 40 c0 93 c2 40 c0 93  c2 40 c0 93 c2 40 c0 93 |.@...@...@...@..|
	00c0  c2 40 c0 93 c2 40 c0 93  c2 40 c0 93 c2 40 c0 93 |.@...@...@...@..|
	00d0  c2 40 c0 93 c2 40 c0 93  c2 40 c0 93 c2 40 c0 93 |.@...@...@...@..|
	00e0  c2 40 c0 93 c2 40 c0 93  c2 40 c0 93 c2 40 c0 93 |.@...@...@...@..|
	00f0  c2 40 c0 93 c2 40 c0 93  c2 40 c0 93 c2 40 c0 93 |.@...@...@...@..|
	0100  c2 40 c0 93 c2 40 c0 93  c2 40 c0 93 c2 40 c0 93 |.@...@...@...@..|
[168] +5.763877 ASYNC-IN-SUBMIT ep=0x81 len=0 type=BULK (in, awaiting data)
[169] +5.763910 ASYNC-OUT ep=0x01 len=16 type=BULK 
	0000  08 00 00 18 80 10 ed 03  00 10 00 08 98 19 00 00 |................|
[170] +5.763967 ASYNC-OUT-DONE ep=0x01 len=0 status=0 actual=16
[171] +5.764053 ASYNC-OUT-DONE ep=0x01 len=0 status=0 actual=16
[172] +5.764302 ASYNC-IN-DONE ep=0x81 len=264 status=0 actual=264
	0000  fe 00 00 18 ed 03 80 10  00 11 00 04 50 02 00 00 |............P...|
	0010  c2 40 c0 93 c2 40 c0 93  c2 40 c0 93 c2 40 c0 93 |.@...@...@...@..|
	0020  c2 40 c0 93 c2 40 c0 93  c2 40 c0 93 c2 40 c0 93 |.@...@...@...@..|
	0030  c2 40 c0 93 c2 40 c0 93  c2 40 c0 93 c2 40 c0 93 |.@...@...@...@..|
	0040  c2 40 c0 93 c2 40 c0 93  c2 40 c0 93 c2 40 c0 93 |.@...@...@...@..|
	0050  c2 40 c0 93 c2 40 c0 93  c2 40 c0 93 c2 40 c0 93 |.@...@...@...@..|
	0060  c2 40 c0 93 c2 40 c0 93  c2 40 c0 93 c2 40 c0 93 |.@...@...@...@..|
	0070  c2 40 c0 93 c2 40 c0 93  c2 40 c0 93 c2 40 c0 93 |.@...@...@...@..|
	0080  c2 40 c0 93 c2 40 c0 93  c2 40 c0 93 c2 40 c0 93 |.@...@...@...@..|
	0090  c2 40 c0 93 c2 40 c0 03  dc 00 14 92 c2 c2 92 c2 |.@...@..........|
	00a0  c3 92 c2 c3 92 c2 c3 92  c2 c3 92 c2 c3 92 c2 c3 |................|
	00b0  92 c2 c3 92 c2 c3 92 c2  c2 92 c2 c3 92 c2 c3 92 |................|
	00c0  c2 c3 92 c2 c3 92 c2 c3  92 c2 c3 92 c2 c3 92 c2 |................|
	00d0  c3 92 c2 c3 92 c2 c2 04  ab 53 4e 41 50 53 48 4f |.........SNAPSHO|
	00e0  54 20 33 00 0e c2 05 ca  42 f0 00 00 0c 00 0d dc |T 3.....B.......|
	00f0  00 14 c3 c3 c3 c3 c3 c3  c3 c3 c3 c3 c3 c3 c3 c3 |................|
	0100  c3 c3 c3 c3 c3 c3 c0 93                          |........|
[173] +5.764505 ASYNC-IN-SUBMIT ep=0x81 len=0 type=BULK (in, awaiting data)
[174] +5.794930 ASYNC-OUT ep=0x01 len=36 type=BULK 
	0000  1b 00 00 18 80 10 ed 03  00 11 00 0c 8e 1a 00 00 |................|
	0010  01 00 06 00 0b 00 00 00  83 66 cd 03 ec 64 18 65 |.........f...d.e|
	0020  81 76 0e 00                                      |.v..|
[175] +5.795283 ASYNC-OUT-DONE ep=0x01 len=0 status=0 actual=36
[176] +5.796118 ASYNC-IN-DONE ep=0x81 len=40 status=0 actual=40
	0000  1f 00 00 18 ed 03 80 10  00 12 00 04 63 02 00 00 |............c...|
	0010  00 00 06 00 0f 00 00 00  83 66 cd 03 ec 67 00 68 |.........f...g.h|
	0020  82 76 cd 00 0e 77 01 93                          |.v...w..|
[177] +5.796208 ASYNC-IN-SUBMIT ep=0x81 len=0 type=BULK (in, awaiting data)
[178] +5.847006 ASYNC-OUT ep=0x01 len=36 type=BULK 
	0000  1b 00 00 18 80 10 ed 03  00 12 00 0c a5 1a 00 00 |................|
	0010  01 00 06 00 0b 00 00 00  83 66 cd 03 ed 64 18 65 |.........f...d.e|
	0020  81 76 49 00                                      |.vI.|
[179] +5.847351 ASYNC-OUT-DONE ep=0x01 len=0 status=0 actual=36
[180] +5.848202 ASYNC-IN-DONE ep=0x81 len=40 status=0 actual=40
	0000  1f 00 00 18 ed 03 80 10  00 13 00 04 76 02 00 00 |............v...|
	0010  00 00 06 00 0f 00 00 00  83 66 cd 03 ed 67 00 68 |.........f...g.h|
	0020  82 76 cd 00 49 77 00 93                          |.v..Iw..|
[181] +5.848293 ASYNC-IN-SUBMIT ep=0x81 len=0 type=BULK (in, awaiting data)
[182] +5.856256 ASYNC-IN-DONE ep=0x81 len=16 status=0 actual=16
	0000  08 00 00 18 ed 03 80 10  00 14 00 08 76 02 00 00 |............v...|
[183] +5.856312 ASYNC-IN-SUBMIT ep=0x81 len=0 type=BULK (in, awaiting data)
[184] +5.899058 ASYNC-OUT ep=0x01 len=36 type=BULK 
	0000  1c 00 00 18 80 10 ed 03  00 13 00 0c bc 1a 00 00 |................|
	0010  01 00 06 00 0c 00 00 00  83 66 cd 03 ee 64 18 65 |.........f...d.e|
	0020  81 76 cc 88                                      |.v..|
[185] +5.899451 ASYNC-OUT-DONE ep=0x01 len=0 status=0 actual=36
[186] +5.900227 ASYNC-IN-DONE ep=0x81 len=40 status=0 actual=40
	0000  1f 00 00 18 ed 03 80 10  00 15 00 04 8a 02 00 00 |................|
	0010  00 00 06 00 0f 00 00 00  83 66 cd 03 ee 67 00 68 |.........f...g.h|
	0020  82 76 cd 00 88 77 00 93                          |.v...w..|
[187] +5.900288 ASYNC-IN-SUBMIT ep=0x81 len=0 type=BULK (in, awaiting data)
[188] +5.950220 ASYNC-OUT ep=0x01 len=16 type=BULK 
	0000  08 00 00 18 80 10 ed 03  00 14 00 08 d3 1a 00 00 |................|
[189] +5.950375 ASYNC-OUT ep=0x01 len=36 type=BULK 
	0000  1a 00 00 18 01 10 ef 03  00 04 00 04 09 10 00 00 |................|
	0010  01 00 02 00 0a 00 00 00  83 66 cd 03 e8 64 cc fe |.........f...d..|
	0020  65 80 00 00                                      |e...|
[190] +5.950540 ASYNC-OUT-DONE ep=0x01 len=0 status=0 actual=16
[191] +5.950691 ASYNC-OUT-DONE ep=0x01 len=0 status=0 actual=36
[192] +5.952656 ASYNC-IN-DONE ep=0x81 len=36 status=0 actual=36
	0000  19 00 00 18 ef 03 01 10  00 04 00 04 1b 02 00 00 |................|
	0010  00 00 02 00 09 00 00 00  83 66 cd 03 e8 67 00 68 |.........f...g.h|
	0020  c0 76 cd 00                                      |.v..|
[193] +5.952774 ASYNC-IN-SUBMIT ep=0x81 len=0 type=BULK (in, awaiting data)
[194] +6.002272 ASYNC-OUT ep=0x01 len=16 type=BULK 
	0000  08 00 00 18 01 10 ef 03  00 05 00 08 1a 10 00 00 |................|
[195] +6.002566 ASYNC-OUT-DONE ep=0x01 len=0 status=0 actual=16
[196] +6.053300 ASYNC-OUT ep=0x01 len=36 type=BULK 
	0000  1b 00 00 18 80 10 ed 03  00 15 00 04 d3 1a 00 00 |................|
	0010  01 00 06 00 0b 00 00 00  83 66 cd 03 ef 64 18 65 |.........f...d.e|
	0020  81 76 1b 00                                      |.v..|
[197] +6.053526 ASYNC-IN-DONE ep=0x81 len=0 status=2 actual=0
[198] +6.053540 ASYNC-IN-SUBMIT ep=0x81 len=0 type=BULK (in, awaiting data)
[199] +6.053605 ASYNC-OUT-DONE ep=0x01 len=0 status=0 actual=36
[200] +6.054413 ASYNC-IN-DONE ep=0x81 len=40 status=0 actual=40
	0000  1f 00 00 18 ed 03 80 10  00 16 00 04 9d 02 00 00 |................|
	0010  00 00 06 00 0f 00 00 00  83 66 cd 03 ef 67 00 68 |.........f...g.h|
	0020  82 76 cd 00 1b 77 c2 93                          |.v...w..|
[201] +6.054458 ASYNC-IN-SUBMIT ep=0x81 len=0 type=BULK (in, awaiting data)
[202] +6.056543 ASYNC-IN-DONE ep=0x81 len=16 status=0 actual=16
	0000  08 00 00 18 ef 03 01 10  00 05 00 08 1b 02 00 00 |................|
[203] +6.056558 ASYNC-IN-SUBMIT ep=0x81 len=0 type=BULK (in, awaiting data)
[204] +6.056786 ASYNC-IN-DONE ep=0x81 len=16 status=0 actual=16
	0000  08 00 00 18 ed 03 80 10  00 17 00 08 9d 02 00 00 |................|
[205] +6.056801 ASYNC-IN-SUBMIT ep=0x81 len=0 type=BULK (in, awaiting data)
[206] +6.105365 ASYNC-OUT ep=0x01 len=36 type=BULK 
	0000  19 00 00 18 80 10 ed 03  00 16 00 0c ea 1a 00 00 |................|
	0010  01 00 06 00 09 00 00 00  83 66 cd 03 f0 64 63 65 |.........f...dce|
	0020  80 00 00 00                                      |....|
[207] +6.105512 ASYNC-OUT ep=0x01 len=36 type=BULK 
	0000  19 00 00 18 01 10 ef 03  00 06 00 04 1a 10 00 00 |................|
	0010  01 00 02 00 09 00 00 00  83 66 cd 03 e9 64 00 65 |.........f...d.e|
	0020  c0 00 00 00                                      |....|
[208] +6.105589 ASYNC-OUT-DONE ep=0x01 len=0 status=0 actual=36
[209] +6.105646 ASYNC-OUT-DONE ep=0x01 len=0 status=0 actual=36
[210] +6.106702 ASYNC-IN-DONE ep=0x81 len=36 status=0 actual=36
	0000  1b 00 00 18 ed 03 80 10  00 18 00 04 ae 02 00 00 |................|
	0010  00 00 06 00 0b 00 00 00  83 66 cd 03 f0 67 00 68 |.........f...g.h|
	0020  81 3f c2 00                                      |.?..|
[211] +6.106742 ASYNC-IN-SUBMIT ep=0x81 len=0 type=BULK (in, awaiting data)
[212] +6.108949 ASYNC-IN-DONE ep=0x81 len=48 status=0 actual=48
	0000  26 00 00 18 ef 03 01 10  00 06 00 04 2c 02 00 00 |&...........,...|
	0010  00 00 00 21 16 00 00 00  83 66 cd 03 e9 67 00 68 |...!.....f...g.h|
	0020  91 81 cd 00 00 a8 50 52  45 53 45 54 53 00 c0 93 |......PRESETS...|
[213] +6.108977 ASYNC-IN-SUBMIT ep=0x81 len=0 type=BULK (in, awaiting data)
[214] +6.157381 ASYNC-OUT ep=0x01 len=16 type=BULK 
	0000  08 00 00 18 80 10 ed 03  00 17 00 08 fd 1a 00 00 |................|
[215] +6.157530 ASYNC-OUT ep=0x01 len=40 type=BULK 
	0000  1d 00 00 18 01 10 ef 03  00 07 00 0c 38 10 00 00 |............8...|
	0010  01 00 02 00 0d 00 00 00  83 66 cd 03 ea 64 01 65 |.........f...d.e|
	0020  82 6b 00 65 02 00 00 00                          |.k.e....|
[216] +6.157645 ASYNC-OUT-DONE ep=0x01 len=0 status=0 actual=16
[217] +6.157756 ASYNC-OUT-DONE ep=0x01 len=0 status=0 actual=40
[218] +6.221160 ASYNC-IN-DONE ep=0x81 len=0 status=2 actual=0
[219] +6.221185 ASYNC-IN-SUBMIT ep=0x81 len=0 type=BULK (in, awaiting data)
[220] +6.257229 ASYNC-IN-DONE ep=0x81 len=16 status=0 actual=16
	0000  08 00 00 18 ef 03 01 10  00 07 00 08 41 02 00 00 |............A...|
[221] +6.257268 ASYNC-IN-SUBMIT ep=0x81 len=0 type=BULK (in, awaiting data)
[222] +6.257389 ASYNC-IN-DONE ep=0x81 len=16 status=0 actual=16
	0000  08 00 00 18 ed 03 80 10  00 19 00 08 ae 02 00 00 |................|
[223] +6.257401 ASYNC-IN-SUBMIT ep=0x81 len=0 type=BULK (in, awaiting data)
[224] +6.289884 ASYNC-IN-DONE ep=0x81 len=272 status=0 actual=272
	0000  08 01 00 18 ef 03 01 10  00 08 00 04 41 02 00 00 |............A...|
	0010  00 00 02 00 31 0e 00 00  83 66 cd 03 ea 67 00 68 |....1....f...g.h|
	0020  dc 00 7e 81 cd 00 00 84  cd 00 6d ac 43 54 2d 42 |..~.......m.CT-B|
	0030  6c 61 63 6b 65 6e 64 00  7b c2 7c c2 7d 00 81 cd |lackend.{.|.}...|
	0040  00 01 84 cd 00 6d ab 43  54 2d 44 61 79 20 43 4c |.....m.CT-Day CL|
	0050  4e 00 7b c2 7c c2 7d 00  81 cd 00 02 84 cd 00 6d |N.{.|.}........m|
	0060  ab 43 54 2d 44 61 79 20  52 68 79 00 7b c2 7c c2 |.CT-Day Rhy.{.|.|
	0070  7d 00 81 cd 00 03 84 cd  00 6d ad 43 54 2d 45 6e |}........m.CT-En|
	0080  74 65 72 20 52 68 79 00  7b c2 7c c2 7d 00 81 cd |ter Rhy.{.|.}...|
	0090  00 04 84 cd 00 6d ae 43  54 2d 4d 61 73 74 65 72 |.....m.CT-Master|
	00a0  20 43 4c 4e 00 7b c2 7c  c2 7d 00 81 cd 00 05 84 | CLN.{.|.}......|
	00b0  cd 00 6d af 43 54 2d 4d  61 73 74 65 72 20 4c 65 |..m.CT-Master Le|
	00c0  61 64 00 7b c2 7c c2 7d  00 81 cd 00 06 84 cd 00 |ad.{.|.}........|
	00d0  6d ae 43 54 2d 4d 61 73  74 65 72 20 52 68 79 00 |m.CT-Master Rhy.|
	00e0  7b c2 7c c2 7d 00 81 cd  00 07 84 cd 00 6d a7 43 |{.|.}........m.C|
	00f0  54 2d 53 61 64 00 7b c2  7c c2 7d 00 81 cd 00 08 |T-Sad.{.|.}.....|
	0100  84 cd 00 6d ad 43 54 2d  55 6e 66 6f 20 4c 65 61 |...m.CT-Unfo Lea|
[225] +6.289996 ASYNC-IN-SUBMIT ep=0x81 len=0 type=BULK (in, awaiting data)
[226] +6.290079 ASYNC-OUT ep=0x01 len=16 type=BULK 
	0000  08 00 00 18 01 10 ef 03  00 08 00 08 38 11 00 00 |............8...|
[227] +6.290211 ASYNC-IN-DONE ep=0x81 len=272 status=0 actual=272
	0000  08 01 00 18 ef 03 01 10  00 09 00 04 41 02 00 00 |............A...|
	0010  64 00 7b c2 7c c2 7d 00  81 cd 00 09 84 cd 00 6d |d.{.|.}........m|
	0020  ac 43 54 2d 55 6e 66 6f  20 52 68 79 00 7b c2 7c |.CT-Unfo Rhy.{.||
	0030  c2 7d 00 81 cd 00 0a 84  cd 00 6d af 46 58 3a 53 |.}........m.FX:S|
	0040  6f 66 74 20 46 69 6c 74  65 72 00 7b c2 7c c2 7d |oft Filter.{.|.}|
	0050  00 81 cd 00 0b 84 cd 00  6d ac 46 58 3a 53 6f 6c |........m.FX:Sol|
	0060  69 74 75 64 65 00 7b c2  7c c2 7d 00 81 cd 00 0c |itude.{.|.}.....|
	0070  84 cd 00 6d b0 46 58 3a  35 74 68 20 54 68 65 6e |...m.FX:5th Then|
	0080  20 37 74 68 00 7b c2 7c  c2 7d 00 81 cd 00 0d 84 | 7th.{.|.}......|
	0090  cd 00 6d aa 46 58 3a 53  79 6e 65 72 47 00 7b c2 |..m.FX:SynerG.{.|
	00a0  7c c2 7d 00 81 cd 00 0e  84 cd 00 6d ac 46 58 3a ||.}........m.FX:|
	00b0  54 77 69 6c 69 67 68 74  00 7b c2 7c c2 7d 00 81 |Twilight.{.|.}..|
	00c0  cd 00 0f 84 cd 00 6d ae  46 58 3a 57 61 79 20 53 |......m.FX:Way S|
	00d0  74 6f 6b 65 64 00 7b c2  7c c2 7d 00 81 cd 00 10 |toked.{.|.}.....|
	00e0  84 cd 00 6d ae 46 58 3a  42 65 61 63 68 20 46 75 |...m.FX:Beach Fu|
	00f0  7a 7a 00 7b c2 7c c2 7d  00 81 cd 00 11 84 cd 00 |zz.{.|.}........|
	0100  6d ae 46 58 3a 53 6c 75  64 67 65 67 61 7a 65 00 |m.FX:Sludgegaze.|
[228] +6.290305 ASYNC-IN-SUBMIT ep=0x81 len=0 type=BULK (in, awaiting data)
[229] +6.290330 ASYNC-OUT-DONE ep=0x01 len=0 status=0 actual=16
[230] +6.290349 ASYNC-OUT ep=0x01 len=16 type=BULK 
	0000  08 00 00 18 01 10 ef 03  00 09 00 08 38 12 00 00 |............8...|
[231] +6.290512 ASYNC-OUT-DONE ep=0x01 len=0 status=0 actual=16
[232] +6.290629 ASYNC-IN-DONE ep=0x81 len=272 status=0 actual=272
	0000  08 01 00 18 ef 03 01 10  00 0a 00 04 41 02 00 00 |............A...|
	0010  7b c2 7c c2 7d 00 81 cd  00 12 84 cd 00 6d ae 46 |{.|.}........m.F|
	0020  58 3a 54 72 65 6d 65 6e  74 69 6e 65 00 7b c2 7c |X:Trementine.{.||
	0030  c2 7d 00 81 cd 00 13 84  cd 00 6d b0 46 58 3a 48 |.}........m.FX:H|
	0040  6f 72 72 6f 72 20 53 63  6f 72 65 00 7b c2 7c c2 |orror Score.{.|.|
	0050  7d 00 81 cd 00 14 84 cd  00 6d af 46 58 3a 53 65 |}........m.FX:Se|
	0060  74 20 74 6f 20 53 74 75  6e 00 7b c2 7c c2 7d 00 |t to Stun.{.|.}.|
	0070  81 cd 00 15 84 cd 00 6d  b0 44 49 52 3a 55 53 44 |.......m.DIR:USD|
	0080  6f 75 62 6c 65 4e 72 6d  00 7b c2 7c c2 7d 00 81 |oubleNrm.{.|.}..|
	0090  cd 00 16 84 cd 00 6d ae  44 49 52 3a 45 73 73 65 |......m.DIR:Esse|
	00a0  78 20 41 33 30 00 7b c2  7c c2 7d 00 81 cd 00 17 |x A30.{.|.}.....|
	00b0  84 cd 00 6d b1 44 49 52  3a 43 61 6c 69 52 65 63 |...m.DIR:CaliRec|
	00c0  74 69 66 72 65 00 7b c2  7c c2 7d 00 81 cd 00 18 |tifre.{.|.}.....|
	00d0  84 cd 00 6d b1 44 49 52  3a 4a 61 7a 7a 52 69 76 |...m.DIR:JazzRiv|
	00e0  65 74 31 32 30 00 7b c2  7c c2 7d 00 81 cd 00 19 |et120.{.|.}.....|
	00f0  84 cd 00 6d af 44 49 52  3a 4d 61 74 63 68 73 74 |...m.DIR:Matchst|
	0100  69 63 6b 00 7b c2 7c c2  7d 00 81 cd 00 1a 84 cd |ick.{.|.}.......|
[233] +6.290731 ASYNC-IN-SUBMIT ep=0x81 len=0 type=BULK (in, awaiting data)
[234] +6.290779 ASYNC-OUT ep=0x01 len=16 type=BULK 
	0000  08 00 00 18 01 10 ef 03  00 0a 00 08 38 13 00 00 |............8...|
[235] +6.290933 ASYNC-OUT-DONE ep=0x01 len=0 status=0 actual=16
[236] +6.291527 ASYNC-IN-DONE ep=0x81 len=272 status=0 actual=272
	0000  08 01 00 18 ef 03 01 10  00 0b 00 04 41 02 00 00 |............A...|
	0010  00 6d b1 44 49 52 3a 43  61 72 74 6f 67 72 61 70 |.m.DIR:Cartograp|
	0020  68 65 72 00 7b c2 7c c2  7d 00 81 cd 00 1b 84 cd |her.{.|.}.......|
	0030  00 6d ae 44 49 52 3a 4c  69 74 69 67 61 74 6f 72 |.m.DIR:Litigator|
	0040  00 7b c2 7c c2 7d 00 81  cd 00 1c 84 cd 00 6d ad |.{.|.}........m.|
	0050  44 49 52 3a 44 65 72 61  69 6c 65 64 00 7b c2 7c |DIR:Derailed.{.||
	0060  c2 7d 00 81 cd 00 1d 84  cd 00 6d ad 44 49 52 3a |.}........m.DIR:|
	0070  4d 61 68 61 64 65 76 61  00 7b c2 7c c2 7d 00 81 |Mahadeva.{.|.}..|
	0080  cd 00 1e 84 cd 00 6d b0  44 49 52 3a 50 6c 61 63 |......m.DIR:Plac|
	0090  61 74 65 72 43 6c 6e 00  7b c2 7c c2 7d 00 81 cd |aterCln.{.|.}...|
	00a0  00 1f 84 cd 00 6d b0 44  49 52 3a 50 6c 61 63 61 |.....m.DIR:Placa|
	00b0  74 65 72 44 72 74 00 7b  c2 7c c2 7d 00 81 cd 00 |terDrt.{.|.}....|
	00c0  20 84 cd 00 6d b0 44 49  52 3a 41 4e 47 4c 20 4d | ...m.DIR:ANGL M|
	00d0  65 74 65 6f 72 00 7b c2  7c c2 7d 00 81 cd 00 21 |eteor.{.|.}....!|
	00e0  84 cd 00 6d b1 44 49 52  3a 41 72 63 68 65 74 79 |...m.DIR:Archety|
	00f0  70 65 43 6c 6e 00 7b c2  7c c2 7d 00 81 cd 00 22 |peCln.{.|.}...."|
	0100  84 cd 00 6d b1 44 49 52  3a 43 61 6c 69 54 65 78 |...m.DIR:CaliTex|
[237] +6.291609 ASYNC-IN-SUBMIT ep=0x81 len=0 type=BULK (in, awaiting data)
[238] +6.291657 ASYNC-OUT ep=0x01 len=16 type=BULK 
	0000  08 00 00 18 01 10 ef 03  00 0b 00 08 38 14 00 00 |............8...|
[239] +6.291808 ASYNC-OUT-DONE ep=0x01 len=0 status=0 actual=16
[240] +6.291934 ASYNC-IN-DONE ep=0x81 len=272 status=0 actual=272
	0000  08 01 00 18 ef 03 01 10  00 0c 00 04 41 02 00 00 |............A...|
	0010  61 73 43 68 32 00 7b c2  7c c2 7d 00 81 cd 00 23 |asCh2.{.|.}....#|
	0020  84 cd 00 6d b1 44 49 52  3a 41 72 63 68 65 74 79 |...m.DIR:Archety|
	0030  70 65 4c 65 64 00 7b c2  7c c2 7d 00 81 cd 00 24 |peLed.{.|.}....$|
	0040  84 cd 00 6d b0 44 49 52  3a 57 68 6f 57 61 74 74 |...m.DIR:WhoWatt|
	0050  20 31 30 30 00 7b c2 7c  c2 7d 00 81 cd 00 25 84 | 100.{.|.}....%.|
	0060  cd 00 6d b1 44 49 52 3a  56 6f 6c 74 61 67 65 51 |..m.DIR:VoltageQ|
	0070  75 65 65 6e 00 7b c2 7c  c2 7d 00 81 cd 00 26 84 |ueen.{.|.}....&.|
	0080  cd 00 6d b0 44 49 52 3a  4d 61 6e 64 61 72 69 6e |..m.DIR:Mandarin|
	0090  20 38 30 00 7b c2 7c c2  7d 00 81 cd 00 27 84 cd | 80.{.|.}....'..|
	00a0  00 6d af 44 49 52 3a 48  74 6c 20 43 61 6c 69 4a |.m.DIR:Htl CaliJ|
	00b0  53 00 7b c2 7c c2 7d 00  81 cd 00 28 84 cd 00 6d |S.{.|.}....(...m|
	00c0  b1 44 49 52 3a 41 6c 77  79 73 53 61 74 63 68 4a |.DIR:AlwysSatchJ|
	00d0  53 00 7b c2 7c c2 7d 00  81 cd 00 29 84 cd 00 6d |S.{.|.}....)...m|
	00e0  af 44 49 52 3a 45 4a 20  44 6f 76 65 72 4a 53 00 |.DIR:EJ DoverJS.|
	00f0  7b c2 7c c2 7d 00 81 cd  00 2a 84 cd 00 6d b1 44 |{.|.}....*...m.D|
	0100  49 52 3a 53 65 61 72 65  64 20 47 75 79 4a 53 00 |IR:Seared GuyJS.|
[241] +6.292011 ASYNC-IN-SUBMIT ep=0x81 len=0 type=BULK (in, awaiting data)
[242] +6.292055 ASYNC-OUT ep=0x01 len=16 type=BULK 
	0000  08 00 00 18 01 10 ef 03  00 0c 00 08 38 15 00 00 |............8...|
[243] +6.292205 ASYNC-OUT-DONE ep=0x01 len=0 status=0 actual=16
[244] +6.292975 ASYNC-IN-DONE ep=0x81 len=272 status=0 actual=272
	0000  08 01 00 18 ef 03 01 10  00 0d 00 04 41 02 00 00 |............A...|
	0010  7b c2 7c c2 7d 00 81 cd  00 2b 84 cd 00 6d b1 44 |{.|.}....+...m.D|
	0020  49 52 3a 4a 42 65 63 6b  4c 76 65 72 73 4a 53 00 |IR:JBeckLversJS.|
	0030  7b c2 7c c2 7d 00 81 cd  00 2c 84 cd 00 6d b1 44 |{.|.}....,...m.D|
	0040  49 52 3a 50 74 72 63 69  47 4d 6f 6f 6e 4a 53 00 |IR:PtrciGMoonJS.|
	0050  7b c2 7c c2 7d 00 81 cd  00 2d 84 cd 00 6d ac 44 |{.|.}....-...m.D|
	0060  49 52 3a 54 65 78 61 73  4a 53 00 7b c2 7c c2 7d |IR:TexasJS.{.|.}|
	0070  00 81 cd 00 2e 84 cd 00  6d b1 44 49 52 3a 53 74 |........m.DIR:St|
	0080  65 65 6c 79 20 4b 69 64  4a 53 00 7b c2 7c c2 7d |eely KidJS.{.|.}|
	0090  00 81 cd 00 2f 84 cd 00  6d ae 44 49 52 3a 56 48 |..../...m.DIR:VH|
	00a0  20 4a 75 6d 70 4a 53 00  7b c2 7c c2 7d 00 81 cd | JumpJS.{.|.}...|
	00b0  00 30 84 cd 00 6d ae 44  49 52 3a 57 68 6f 57 61 |.0...m.DIR:WhoWa|
	00c0  74 74 4a 53 00 7b c2 7c  c2 7d 00 81 cd 00 31 84 |ttJS.{.|.}....1.|
	00d0  cd 00 6d b1 44 49 52 3a  52 65 6c 61 74 69 76 69 |..m.DIR:Relativi|
	00e0  74 79 47 44 00 7b c2 7c  c2 7d 00 81 cd 00 32 84 |tyGD.{.|.}....2.|
	00f0  cd 00 6d ac 44 49 52 3a  42 72 6f 77 6e 47 44 00 |..m.DIR:BrownGD.|
	0100  7b c2 7c c2 7d 00 81 cd  00 33 84 cd 00 6d ab 44 |{.|.}....3...m.D|
[245] +6.293053 ASYNC-IN-SUBMIT ep=0x81 len=0 type=BULK (in, awaiting data)
[246] +6.293098 ASYNC-OUT ep=0x01 len=16 type=BULK 
	0000  08 00 00 18 01 10 ef 03  00 0d 00 08 38 16 00 00 |............8...|
[247] +6.293250 ASYNC-OUT-DONE ep=0x01 len=0 status=0 actual=16
[248] +6.293400 ASYNC-IN-DONE ep=0x81 len=272 status=0 actual=272
	0000  08 01 00 18 ef 03 01 10  00 0e 00 04 41 02 00 00 |............A...|
	0010  49 52 3a 53 69 6c 6b 47  44 00 7b c2 7c c2 7d 00 |IR:SilkGD.{.|.}.|
	0020  81 cd 00 34 84 cd 00 6d  b1 44 49 52 3a 54 68 65 |...4...m.DIR:The|
	0030  20 44 6f 63 74 65 72 47  44 00 7b c2 7c c2 7d 00 | DocterGD.{.|.}.|
	0040  81 cd 00 35 84 cd 00 6d  ae 44 49 52 3a 56 69 6e |...5...m.DIR:Vin|
	0050  74 61 67 65 47 44 00 7b  c2 7c c2 7d 00 81 cd 00 |tageGD.{.|.}....|
	0060  36 84 cd 00 6d b0 44 49  52 3a 45 6d 69 6e 20 47 |6...m.DIR:Emin G|
	0070  61 6c 6c 6f 70 00 7b c2  7c c2 7d 00 81 cd 00 37 |allop.{.|.}....7|
	0080  84 cd 00 6d b0 44 49 52  3a 42 72 6f 77 6e 20 53 |...m.DIR:Brown S|
	0090  75 67 61 72 00 7b c2 7c  c2 7d 00 81 cd 00 38 84 |ugar.{.|.}....8.|
	00a0  cd 00 6d b1 44 49 52 3a  20 46 69 6c 74 72 64 20 |..m.DIR: Filtrd |
	00b0  46 75 7a 7a 00 7b c2 7c  c2 7d 00 81 cd 00 39 84 |Fuzz.{.|.}....9.|
	00c0  cd 00 6d b1 44 49 52 3a  45 76 65 72 79 20 42 72 |..m.DIR:Every Br|
	00d0  65 61 74 68 00 7b c2 7c  c2 7d 00 81 cd 00 3a 84 |eath.{.|.}....:.|
	00e0  cd 00 6d b1 44 49 52 3a  4e 6f 20 4e 61 6d 65 20 |..m.DIR:No Name |
	00f0  4c 61 6e 65 00 7b c2 7c  c2 7d 00 81 cd 00 3b 84 |Lane.{.|.}....;.|
	0100  cd 00 6d af 44 49 52 3a  24 20 46 6f 72 20 4e 61 |..m.DIR:$ For Na|
[249] +6.293477 ASYNC-IN-SUBMIT ep=0x81 len=0 type=BULK (in, awaiting data)
[250] +6.293524 ASYNC-OUT ep=0x01 len=16 type=BULK 
	0000  08 00 00 18 01 10 ef 03  00 0e 00 08 38 17 00 00 |............8...|
[251] +6.293672 ASYNC-OUT-DONE ep=0x01 len=0 status=0 actual=16
[252] +6.293986 ASYNC-IN-DONE ep=0x81 len=272 status=0 actual=272
	0000  08 01 00 18 ef 03 01 10  00 0f 00 04 41 02 00 00 |............A...|
	0010  64 61 00 7b c2 7c c2 7d  00 81 cd 00 3c 84 cd 00 |da.{.|.}....<...|
	0020  6d ac 44 49 52 3a 53 75  6c 74 61 6e 73 00 7b c2 |m.DIR:Sultans.{.|
	0030  7c c2 7d 00 81 cd 00 3d  84 cd 00 6d b1 44 49 52 ||.}....=...m.DIR|
	0040  3a 48 65 61 72 74 62 72  65 61 6b 65 72 00 7b c2 |:Heartbreaker.{.|
	0050  7c c2 7d 00 81 cd 00 3e  84 cd 00 6d ae 44 49 52 ||.}....>...m.DIR|
	0060  3a 48 61 6e 67 61 72 20  31 39 00 7b c2 7c c2 7d |:Hangar 19.{.|.}|
	0070  00 81 cd 00 3f 84 cd 00  6d ad 44 49 52 3a 47 6c |....?...m.DIR:Gl|
	0080  6f 73 73 61 72 79 00 7b  c2 7c c2 7d 00 81 cd 00 |ossary.{.|.}....|
	0090  40 84 cd 00 6d b0 44 49  52 3a 50 6f 70 20 4d 79 |@...m.DIR:Pop My|
	00a0  20 50 75 6e 6b 00 7b c2  7c c2 7d 00 81 cd 00 41 | Punk.{.|.}....A|
	00b0  84 cd 00 6d b0 44 49 52  3a 42 61 64 6f 6e 6b 75 |...m.DIR:Badonku|
	00c0  6c 6f 75 73 00 7b c2 7c  c2 7d 00 81 cd 00 42 84 |lous.{.|.}....B.|
	00d0  cd 00 6d ab 44 49 52 3a  52 65 6c 69 65 66 00 7b |..m.DIR:Relief.{|
	00e0  c2 7c c2 7d 00 81 cd 00  43 84 cd 00 6d af 44 49 |.|.}....C...m.DI|
	00f0  52 3a 44 6a 65 6e 74 6c  65 6d 61 6e 00 7b c2 7c |R:Djentleman.{.||
	0100  c2 7d 00 81 cd 00 44 84  cd 00 6d b1 44 49 52 3a |.}....D...m.DIR:|
[253] +6.294068 ASYNC-IN-SUBMIT ep=0x81 len=0 type=BULK (in, awaiting data)
[254] +6.294113 ASYNC-OUT ep=0x01 len=16 type=BULK 
	0000  08 00 00 18 01 10 ef 03  00 0f 00 08 38 18 00 00 |............8...|
[255] +6.294262 ASYNC-OUT-DONE ep=0x01 len=0 status=0 actual=16
[256] +6.294528 ASYNC-IN-DONE ep=0x81 len=272 status=0 actual=272
	0000  08 01 00 18 ef 03 01 10  00 10 00 04 41 02 00 00 |............A...|
	0010  53 6e 75 66 66 6c 75 70  61 67 75 73 00 7b c2 7c |Snufflupagus.{.||
	0020  c2 7d 00 81 cd 00 45 84  cd 00 6d b1 44 49 52 3a |.}....E...m.DIR:|
	0030  47 6f 74 68 20 6f 72 20  4d 6f 64 3f 00 7b c2 7c |Goth or Mod?.{.||
	0040  c2 7d 00 81 cd 00 46 84  cd 00 6d af 44 49 52 3a |.}....F...m.DIR:|
	0050  32 2f 33 20 42 65 61 72  64 73 00 7b c2 7c c2 7d |2/3 Beards.{.|.}|
	0060  00 81 cd 00 47 84 cd 00  6d b1 44 49 52 3a 54 65 |....G...m.DIR:Te|
	0070  68 20 42 72 30 30 74 61  6c 7a 00 7b c2 7c c2 7d |h Br00talz.{.|.}|
	0080  00 81 cd 00 48 84 cd 00  6d b0 34 43 4d 3a 43 6c |....H...m.4CM:Cl|
	0090  65 61 6e 20 53 74 61 72  74 00 7b c2 7c c2 7d 00 |ean Start.{.|.}.|
	00a0  81 cd 00 49 84 cd 00 6d  b0 34 43 4d 3a 44 6f 74 |...I...m.4CM:Dot|
	00b0  20 38 20 44 65 6c 61 79  00 7b c2 7c c2 7d 00 81 | 8 Delay.{.|.}..|
	00c0  cd 00 4a 84 cd 00 6d b0  34 43 4d 3a 50 72 65 61 |..J...m.4CM:Prea|
	00d0  6d 70 20 53 77 61 70 00  7b c2 7c c2 7d 00 81 cd |mp Swap.{.|.}...|
	00e0  00 4b 84 cd 00 6d b0 34  43 4d 3a 4e 61 73 68 76 |.K...m.4CM:Nashv|
	00f0  6c 20 53 6f 6c 6f 00 7b  c2 7c c2 7d 00 81 cd 00 |l Solo.{.|.}....|
	0100  4c 84 cd 00 6d ae 34 43  4d 3a 45 70 69 63 20 4c |L...m.4CM:Epic L|
[257] +6.294600 ASYNC-IN-SUBMIT ep=0x81 len=0 type=BULK (in, awaiting data)
[258] +6.294655 ASYNC-OUT ep=0x01 len=16 type=BULK 
	0000  08 00 00 18 01 10 ef 03  00 10 00 08 38 19 00 00 |............8...|
[259] +6.294801 ASYNC-OUT-DONE ep=0x01 len=0 status=0 actual=16
[260] +6.295092 ASYNC-IN-DONE ep=0x81 len=272 status=0 actual=272
	0000  08 01 00 18 ef 03 01 10  00 11 00 04 41 02 00 00 |............A...|
	0010  65 61 64 00 7b c2 7c c2  7d 00 81 cd 00 4d 84 cd |ead.{.|.}....M..|
	0020  00 6d ac 34 43 4d 3a 43  72 75 6e 63 68 79 00 7b |.m.4CM:Crunchy.{|
	0030  c2 7c c2 7d 00 81 cd 00  4e 84 cd 00 6d ac 42 41 |.|.}....N...m.BA|
	0040  53 3a 41 71 75 61 20 35  31 00 7b c2 7c c2 7d 00 |S:Aqua 51.{.|.}.|
	0050  81 cd 00 4f 84 cd 00 6d  ac 42 41 53 3a 53 56 54 |...O...m.BAS:SVT|
	0060  20 4e 72 6d 00 7b c2 7c  c2 7d 00 81 cd 00 50 84 | Nrm.{.|.}....P.|
	0070  cd 00 6d ae 42 41 53 3a  53 56 54 2d 34 20 50 72 |..m.BAS:SVT-4 Pr|
	0080  6f 00 7b c2 7c c2 7d 00  81 cd 00 51 84 cd 00 6d |o.{.|.}....Q...m|
	0090  af 42 41 53 3a 57 6f 6f  64 79 20 42 6c 75 65 00 |.BAS:Woody Blue.|
	00a0  7b c2 7c c2 7d 00 81 cd  00 52 84 cd 00 6d af 42 |{.|.}....R...m.B|
	00b0  41 53 3a 54 75 63 6b 20  6e 27 20 47 6f 00 7b c2 |AS:Tuck n' Go.{.|
	00c0  7c c2 7d 00 81 cd 00 53  84 cd 00 6d b0 42 41 53 ||.}....S...m.BAS|
	00d0  3a 44 65 6c 20 53 6f 6c  20 33 30 30 00 7b c2 7c |:Del Sol 300.{.||
	00e0  c2 7d 00 81 cd 00 54 84  cd 00 6d b1 42 41 53 3a |.}....T...m.BAS:|
	00f0  43 61 6c 69 20 34 30 30  20 43 68 31 00 7b c2 7c |Cali 400 Ch1.{.||
	0100  c2 7d 00 81 cd 00 55 84  cd 00 6d b1 42 41 53 3a |.}....U...m.BAS:|
[261] +6.295165 ASYNC-IN-SUBMIT ep=0x81 len=0 type=BULK (in, awaiting data)
[262] +6.295248 ASYNC-OUT ep=0x01 len=16 type=BULK 
	0000  08 00 00 18 01 10 ef 03  00 11 00 08 38 1a 00 00 |............8...|
[263] +6.295344 ASYNC-OUT-DONE ep=0x01 len=0 status=0 actual=16
[264] +6.295658 ASYNC-IN-DONE ep=0x81 len=272 status=0 actual=272
	0000  08 01 00 18 ef 03 01 10  00 12 00 04 41 02 00 00 |............A...|
	0010  42 75 73 79 20 4f 6e 65  20 43 68 31 00 7b c2 7c |Busy One Ch1.{.||
	0020  c2 7d 00 81 cd 00 56 84  cd 00 6d ae 42 41 53 3a |.}....V...m.BAS:|
	0030  54 79 4b 30 20 4c 69 6b  65 00 7b c2 7c c2 7d 00 |TyK0 Like.{.|.}.|
	0040  81 cd 00 57 84 cd 00 6d  ad 42 41 53 3a 50 6f 6e |...W...m.BAS:Pon|
	0050  79 20 31 55 70 00 7b c2  7c c2 7d 00 81 cd 00 58 |y 1Up.{.|.}....X|
	0060  84 cd 00 6d ac 42 41 53  3a 53 75 62 20 44 75 62 |...m.BAS:Sub Dub|
	0070  00 7b c2 7c c2 7d 00 81  cd 00 59 84 cd 00 6d ad |.{.|.}....Y...m.|
	0080  42 41 53 3a 50 68 61 74  20 52 61 74 00 7b c2 7c |BAS:Phat Rat.{.||
	0090  c2 7d 00 81 cd 00 5a 84  cd 00 6d ae 42 41 53 3a |.}....Z...m.BAS:|
	00a0  53 79 6e 74 68 65 74 69  6b 00 7b c2 7c c2 7d 00 |Synthetik.{.|.}.|
	00b0  81 cd 00 5b 84 cd 00 6d  ab 41 43 4f 3a 53 74 75 |...[...m.ACO:Stu|
	00c0  64 69 6f 00 7b c2 7c c2  7d 00 81 cd 00 5c 84 cd |dio.{.|.}....\..|
	00d0  00 6d af 41 43 4f 3a 53  6f 6e 67 77 72 69 74 65 |.m.ACO:Songwrite|
	00e0  72 00 7b c2 7c c2 7d 00  81 cd 00 5d 84 cd 00 6d |r.{.|.}....]...m|
	00f0  ae 41 43 4f 3a 4f 75 74  20 54 68 65 72 65 00 7b |.ACO:Out There.{|
	0100  c2 7c c2 7d 00 81 cd 00  5e 84 cd 00 6d aa 4b 45 |.|.}....^...m.KE|
[265] +6.295734 ASYNC-IN-SUBMIT ep=0x81 len=0 type=BULK (in, awaiting data)
[266] +6.295763 ASYNC-OUT ep=0x01 len=16 type=BULK 
	0000  08 00 00 18 01 10 ef 03  00 12 00 08 38 1b 00 00 |............8...|
[267] +6.295849 ASYNC-OUT-DONE ep=0x01 len=0 status=0 actual=16
[268] +6.296384 ASYNC-IN-DONE ep=0x81 len=272 status=0 actual=272
	0000  08 01 00 18 ef 03 01 10  00 13 00 04 41 02 00 00 |............A...|
	0010  59 3a 47 72 69 74 7a 00  7b c2 7c c2 7d 00 81 cd |Y:Gritz.{.|.}...|
	0020  00 5f 84 cd 00 6d af 4b  45 59 3a 41 74 6d 6f 73 |._...m.KEY:Atmos|
	0030  70 68 65 72 65 00 7b c2  7c c2 7d 00 81 cd 00 60 |phere.{.|.}....`|
	0040  84 cd 00 6d ac 4b 45 59  3a 45 63 68 6f 65 7a 7a |...m.KEY:Echoezz|
	0050  00 7b c2 7c c2 7d 00 81  cd 00 61 84 cd 00 6d ab |.{.|.}....a...m.|
	0060  4e 65 77 20 50 72 65 73  65 74 00 7b c2 7c c2 7d |New Preset.{.|.}|
	0070  00 81 cd 00 62 84 cd 00  6d ab 4e 65 77 20 50 72 |....b...m.New Pr|
	0080  65 73 65 74 00 7b c2 7c  c2 7d 00 81 cd 00 63 84 |eset.{.|.}....c.|
	0090  cd 00 6d ab 4e 65 77 20  50 72 65 73 65 74 00 7b |..m.New Preset.{|
	00a0  c2 7c c2 7d 00 81 cd 00  64 84 cd 00 6d ab 4e 65 |.|.}....d...m.Ne|
	00b0  77 20 50 72 65 73 65 74  00 7b c2 7c c2 7d 00 81 |w Preset.{.|.}..|
	00c0  cd 00 65 84 cd 00 6d ab  4e 65 77 20 50 72 65 73 |..e...m.New Pres|
	00d0  65 74 00 7b c2 7c c2 7d  00 81 cd 00 66 84 cd 00 |et.{.|.}....f...|
	00e0  6d ab 4e 65 77 20 50 72  65 73 65 74 00 7b c2 7c |m.New Preset.{.||
	00f0  c2 7d 00 81 cd 00 67 84  cd 00 6d ab 4e 65 77 20 |.}....g...m.New |
	0100  50 72 65 73 65 74 00 7b  c2 7c c2 7d 00 81 cd 00 |Preset.{.|.}....|
[269] +6.296457 ASYNC-IN-SUBMIT ep=0x81 len=0 type=BULK (in, awaiting data)
[270] +6.296501 ASYNC-OUT ep=0x01 len=16 type=BULK 
	0000  08 00 00 18 01 10 ef 03  00 13 00 08 38 1c 00 00 |............8...|
[271] +6.296646 ASYNC-OUT-DONE ep=0x01 len=0 status=0 actual=16
[272] +6.296792 ASYNC-IN-DONE ep=0x81 len=272 status=0 actual=272
	0000  08 01 00 18 ef 03 01 10  00 14 00 04 41 02 00 00 |............A...|
	0010  68 84 cd 00 6d ab 4e 65  77 20 50 72 65 73 65 74 |h...m.New Preset|
	0020  00 7b c2 7c c2 7d 00 81  cd 00 69 84 cd 00 6d ab |.{.|.}....i...m.|
	0030  4e 65 77 20 50 72 65 73  65 74 00 7b c2 7c c2 7d |New Preset.{.|.}|
	0040  00 81 cd 00 6a 84 cd 00  6d ab 4e 65 77 20 50 72 |....j...m.New Pr|
	0050  65 73 65 74 00 7b c2 7c  c2 7d 00 81 cd 00 6b 84 |eset.{.|.}....k.|
	0060  cd 00 6d ab 4e 65 77 20  50 72 65 73 65 74 00 7b |..m.New Preset.{|
	0070  c2 7c c2 7d 00 81 cd 00  6c 84 cd 00 6d ab 4e 65 |.|.}....l...m.Ne|
	0080  77 20 50 72 65 73 65 74  00 7b c2 7c c2 7d 00 81 |w Preset.{.|.}..|
	0090  cd 00 6d 84 cd 00 6d ab  4e 65 77 20 50 72 65 73 |..m...m.New Pres|
	00a0  65 74 00 7b c2 7c c2 7d  00 81 cd 00 6e 84 cd 00 |et.{.|.}....n...|
	00b0  6d ab 4e 65 77 20 50 72  65 73 65 74 00 7b c2 7c |m.New Preset.{.||
	00c0  c2 7d 00 81 cd 00 6f 84  cd 00 6d ab 4e 65 77 20 |.}....o...m.New |
	00d0  50 72 65 73 65 74 00 7b  c2 7c c2 7d 00 81 cd 00 |Preset.{.|.}....|
	00e0  70 84 cd 00 6d ab 4e 65  77 20 50 72 65 73 65 74 |p...m.New Preset|
	00f0  00 7b c2 7c c2 7d 00 81  cd 00 71 84 cd 00 6d ab |.{.|.}....q...m.|
	0100  4e 65 77 20 50 72 65 73  65 74 00 7b c2 7c c2 7d |New Preset.{.|.}|
[273] +6.296862 ASYNC-IN-SUBMIT ep=0x81 len=0 type=BULK (in, awaiting data)
[274] +6.296903 ASYNC-OUT ep=0x01 len=16 type=BULK 
	0000  08 00 00 18 01 10 ef 03  00 14 00 08 38 1d 00 00 |............8...|
[275] +6.297042 ASYNC-OUT-DONE ep=0x01 len=0 status=0 actual=16
[276] +6.297351 ASYNC-IN-DONE ep=0x81 len=272 status=0 actual=272
	0000  08 01 00 18 ef 03 01 10  00 15 00 04 41 02 00 00 |............A...|
	0010  00 81 cd 00 72 84 cd 00  6d ab 4e 65 77 20 50 72 |....r...m.New Pr|
	0020  65 73 65 74 00 7b c2 7c  c2 7d 00 81 cd 00 73 84 |eset.{.|.}....s.|
	0030  cd 00 6d ab 4e 65 77 20  50 72 65 73 65 74 00 7b |..m.New Preset.{|
	0040  c2 7c c2 7d 00 81 cd 00  74 84 cd 00 6d ab 4e 65 |.|.}....t...m.Ne|
	0050  77 20 50 72 65 73 65 74  00 7b c2 7c c2 7d 00 81 |w Preset.{.|.}..|
	0060  cd 00 75 84 cd 00 6d ab  4e 65 77 20 50 72 65 73 |..u...m.New Pres|
	0070  65 74 00 7b c2 7c c2 7d  00 81 cd 00 76 84 cd 00 |et.{.|.}....v...|
	0080  6d ab 4e 65 77 20 50 72  65 73 65 74 00 7b c2 7c |m.New Preset.{.||
	0090  c2 7d 00 81 cd 00 77 84  cd 00 6d ab 4e 65 77 20 |.}....w...m.New |
	00a0  50 72 65 73 65 74 00 7b  c2 7c c2 7d 00 81 cd 00 |Preset.{.|.}....|
	00b0  78 84 cd 00 6d ab 4e 65  77 20 50 72 65 73 65 74 |x...m.New Preset|
	00c0  00 7b c2 7c c2 7d 00 81  cd 00 79 84 cd 00 6d ab |.{.|.}....y...m.|
	00d0  4e 65 77 20 50 72 65 73  65 74 00 7b c2 7c c2 7d |New Preset.{.|.}|
	00e0  00 81 cd 00 7a 84 cd 00  6d ab 4e 65 77 20 50 72 |....z...m.New Pr|
	00f0  65 73 65 74 00 7b c2 7c  c2 7d 00 81 cd 00 7b 84 |eset.{.|.}....{.|
	0100  cd 00 6d ab 4e 65 77 20  50 72 65 73 65 74 00 7b |..m.New Preset.{|
[277] +6.297419 ASYNC-IN-SUBMIT ep=0x81 len=0 type=BULK (in, awaiting data)
[278] +6.297460 ASYNC-OUT ep=0x01 len=16 type=BULK 
	0000  08 00 00 18 01 10 ef 03  00 15 00 08 38 1e 00 00 |............8...|
[279] +6.297599 ASYNC-OUT-DONE ep=0x01 len=0 status=0 actual=16
[280] +6.297840 ASYNC-IN-DONE ep=0x81 len=76 status=0 actual=76
	0000  41 00 00 18 ef 03 01 10  00 16 00 04 41 02 00 00 |A...........A...|
	0010  c2 7c c2 7d 00 81 cd 00  7c 84 cd 00 6d ab 4e 65 |.|.}....|...m.Ne|
	0020  77 20 50 72 65 73 65 74  00 7b c2 7c c2 7d 00 81 |w Preset.{.|.}..|
	0030  cd 00 7d 84 cd 00 6d ab  4e 65 77 20 50 72 65 73 |..}...m.New Pres|
	0040  65 74 00 7b c2 7c c2 7d  00 84 cd 00             |et.{.|.}....|
[281] +6.297866 ASYNC-IN-SUBMIT ep=0x81 len=0 type=BULK (in, awaiting data)
[282] +6.313554 ASYNC-OUT ep=0x01 len=36 type=BULK 
	0000  19 00 00 18 01 10 ef 03  00 16 00 0c 71 1e 00 00 |............q...|
	0010  01 00 02 00 09 00 00 00  83 66 cd 03 eb 64 70 65 |.........f...dpe|
	0020  c0 00 00 00                                      |....|
[283] +6.313877 ASYNC-OUT-DONE ep=0x01 len=0 status=0 actual=36
[284] +6.314558 ASYNC-IN-DONE ep=0x81 len=36 status=0 actual=36
	0000  19 00 00 18 ef 03 01 10  00 17 00 04 52 02 00 00 |............R...|
	0010  00 00 02 00 09 00 00 00  83 66 cd 03 eb 67 00 68 |.........f...g.h|
	0020  c0 20 50 72                                      |. Pr|
[285] +6.314579 ASYNC-IN-SUBMIT ep=0x81 len=0 type=BULK (in, awaiting data)
[286] +6.365609 ASYNC-OUT ep=0x01 len=36 type=BULK 
	0000  1b 00 00 18 01 10 ef 03  00 17 00 0c 82 1e 00 00 |................|
	0010  01 00 02 00 0b 00 00 00  83 66 cd 03 ec 64 0d 65 |.........f...d.e|
	0020  81 65 02 00                                      |.e..|
[287] +6.365942 ASYNC-OUT-DONE ep=0x01 len=0 status=0 actual=36
[288] +6.366846 ASYNC-IN-DONE ep=0x81 len=36 status=0 actual=36
	0000  19 00 00 18 ef 03 01 10  00 18 00 04 65 02 00 00 |............e...|
	0010  00 00 02 00 09 00 00 00  83 66 cd 03 ec 67 00 68 |.........f...g.h|
	0020  c0 20 50 72                                      |. Pr|
[289] +6.366902 ASYNC-IN-SUBMIT ep=0x81 len=0 type=BULK (in, awaiting data)
[290] +6.417665 ASYNC-OUT ep=0x01 len=16 type=BULK 
	0000  08 00 00 18 01 10 ef 03  00 18 00 08 93 1e 00 00 |................|
[291] +6.417995 ASYNC-OUT-DONE ep=0x01 len=0 status=0 actual=16
[292] +6.457887 ASYNC-IN-DONE ep=0x81 len=16 status=0 actual=16
	0000  08 00 00 18 ef 03 01 10  00 19 00 08 65 02 00 00 |............e...|
[293] +6.457943 ASYNC-IN-SUBMIT ep=0x81 len=0 type=BULK (in, awaiting data)
[294] +6.570715 ASYNC-IN-DONE ep=0x81 len=0 status=2 actual=0
[295] +6.570785 ASYNC-IN-SUBMIT ep=0x81 len=0 type=BULK (in, awaiting data)
[296] +6.573174 ASYNC-OUT ep=0x01 len=16 type=BULK 
	0000  08 00 00 18 02 10 f0 03  00 04 00 10 09 10 00 00 |................|
[297] +6.573377 ASYNC-OUT-DONE ep=0x01 len=0 status=0 actual=16
[298] +6.658708 ASYNC-IN-DONE ep=0x81 len=16 status=0 actual=16
	0000  08 00 00 18 f0 03 02 10  00 04 00 10 09 02 00 00 |................|
[299] +6.658805 ASYNC-IN-SUBMIT ep=0x81 len=0 type=BULK (in, awaiting data)
[300] +6.771614 ASYNC-IN-DONE ep=0x81 len=0 status=2 actual=0
[301] +6.771703 ASYNC-IN-SUBMIT ep=0x81 len=0 type=BULK (in, awaiting data)
[302] +6.884563 ASYNC-IN-DONE ep=0x81 len=0 status=2 actual=0
[303] +6.884643 ASYNC-IN-SUBMIT ep=0x81 len=0 type=BULK (in, awaiting data)
[304] +6.992626 ASYNC-IN-DONE ep=0x81 len=0 status=2 actual=0
[305] +6.992700 ASYNC-IN-SUBMIT ep=0x81 len=0 type=BULK (in, awaiting data)
[306] +7.096217 ASYNC-IN-DONE ep=0x81 len=0 status=2 actual=0
[307] +7.096312 ASYNC-IN-SUBMIT ep=0x81 len=0 type=BULK (in, awaiting data)
[308] +7.195296 ASYNC-OUT ep=0x01 len=16 type=BULK 
	0000  08 00 00 18 80 10 ed 03  00 18 00 10 fd 1a 00 00 |................|
[309] +7.195641 ASYNC-OUT-DONE ep=0x01 len=0 status=0 actual=16
[310] +7.205273 ASYNC-IN-DONE ep=0x81 len=0 status=2 actual=0
[311] +7.205345 ASYNC-IN-SUBMIT ep=0x81 len=0 type=BULK (in, awaiting data)
[312] +7.260666 ASYNC-IN-DONE ep=0x81 len=16 status=0 actual=16
	0000  08 00 00 18 ed 03 80 10  00 1a 00 10 ae 02 00 00 |................|
[313] +7.260784 ASYNC-IN-SUBMIT ep=0x81 len=0 type=BULK (in, awaiting data)
[314] +7.373601 ASYNC-IN-DONE ep=0x81 len=0 status=2 actual=0
[315] +7.373659 ASYNC-IN-SUBMIT ep=0x81 len=0 type=BULK (in, awaiting data)
[316] +7.455130 ASYNC-OUT ep=0x01 len=16 type=BULK 
	0000  08 00 00 18 01 10 ef 03  00 19 00 10 93 1e 00 00 |................|
[317] +7.455491 ASYNC-OUT-DONE ep=0x01 len=0 status=0 actual=16
[318] +7.461940 ASYNC-IN-DONE ep=0x81 len=16 status=0 actual=16
	0000  08 00 00 18 ef 03 01 10  00 1a 00 10 65 02 00 00 |............e...|
[319] +7.462002 ASYNC-IN-SUBMIT ep=0x81 len=0 type=BULK (in, awaiting data)
[320] +7.570720 ASYNC-IN-DONE ep=0x81 len=0 status=2 actual=0
[321] +7.570799 ASYNC-IN-SUBMIT ep=0x81 len=0 type=BULK (in, awaiting data)
[322] +7.611323 ASYNC-OUT ep=0x01 len=16 type=BULK 
	0000  08 00 00 18 02 10 f0 03  00 05 00 10 09 10 00 00 |................|
[323] +7.611619 ASYNC-OUT-DONE ep=0x01 len=0 status=0 actual=16
[324] +7.662745 ASYNC-IN-DONE ep=0x81 len=16 status=0 actual=16
	0000  08 00 00 18 f0 03 02 10  00 05 00 10 09 02 00 00 |................|
[325] +7.662834 ASYNC-IN-SUBMIT ep=0x81 len=0 type=BULK (in, awaiting data)
[326] +7.769359 ASYNC-IN-DONE ep=0x81 len=0 status=2 actual=0
[327] +7.769380 ASYNC-IN-SUBMIT ep=0x81 len=0 type=BULK (in, awaiting data)
[328] +7.872314 ASYNC-IN-DONE ep=0x81 len=0 status=2 actual=0
[329] +7.872342 ASYNC-IN-SUBMIT ep=0x81 len=0 type=BULK (in, awaiting data)
[330] +7.983092 ASYNC-IN-DONE ep=0x81 len=0 status=2 actual=0
[331] +7.983116 ASYNC-IN-SUBMIT ep=0x81 len=0 type=BULK (in, awaiting data)
[332] +8.095047 ASYNC-IN-DONE ep=0x81 len=0 status=2 actual=0
[333] +8.095067 ASYNC-IN-SUBMIT ep=0x81 len=0 type=BULK (in, awaiting data)
[334] +8.206747 ASYNC-IN-DONE ep=0x81 len=0 status=2 actual=0
[335] +8.206767 ASYNC-IN-SUBMIT ep=0x81 len=0 type=BULK (in, awaiting data)
[336] +8.234499 ASYNC-OUT ep=0x01 len=16 type=BULK 
	0000  08 00 00 18 80 10 ed 03  00 19 00 10 fd 1a 00 00 |................|
[337] +8.234709 ASYNC-OUT-DONE ep=0x01 len=0 status=0 actual=16
[338] +8.264039 ASYNC-IN-DONE ep=0x81 len=16 status=0 actual=16
	0000  08 00 00 18 ed 03 80 10  00 1b 00 10 ae 02 00 00 |................|
[339] +8.264072 ASYNC-IN-SUBMIT ep=0x81 len=0 type=BULK (in, awaiting data)
[340] +8.365981 ASYNC-IN-DONE ep=0x81 len=0 status=2 actual=0
[341] +8.366009 ASYNC-IN-SUBMIT ep=0x81 len=0 type=BULK (in, awaiting data)
[342] +8.465255 ASYNC-IN-DONE ep=0x81 len=16 status=0 actual=16
	0000  08 00 00 18 ef 03 01 10  00 1b 00 10 65 02 00 00 |............e...|
[343] +8.465319 ASYNC-IN-SUBMIT ep=0x81 len=0 type=BULK (in, awaiting data)
[344] +8.494752 ASYNC-OUT ep=0x01 len=16 type=BULK 
	0000  08 00 00 18 01 10 ef 03  00 1a 00 10 93 1e 00 00 |................|
[345] +8.494987 ASYNC-OUT-DONE ep=0x01 len=0 status=0 actual=16
[346] +8.578094 ASYNC-IN-DONE ep=0x81 len=0 status=2 actual=0
[347] +8.578130 ASYNC-IN-SUBMIT ep=0x81 len=0 type=BULK (in, awaiting data)
[348] +8.650411 ASYNC-OUT ep=0x01 len=16 type=BULK 
	0000  08 00 00 18 02 10 f0 03  00 06 00 10 09 10 00 00 |................|
[349] +8.650655 ASYNC-OUT-DONE ep=0x01 len=0 status=0 actual=16
[350] +8.665611 ASYNC-IN-DONE ep=0x81 len=16 status=0 actual=16
	0000  08 00 00 18 f0 03 02 10  00 06 00 10 09 02 00 00 |................|
[351] +8.665667 ASYNC-IN-SUBMIT ep=0x81 len=0 type=BULK (in, awaiting data)
[352] +8.775819 ASYNC-IN-DONE ep=0x81 len=0 status=2 actual=0
[353] +8.775900 ASYNC-IN-SUBMIT ep=0x81 len=0 type=BULK (in, awaiting data)
[354] +8.877824 ASYNC-IN-DONE ep=0x81 len=0 status=2 actual=0
[355] +8.877972 ASYNC-IN-SUBMIT ep=0x81 len=0 type=BULK (in, awaiting data)
[356] +8.986050 ASYNC-IN-DONE ep=0x81 len=0 status=2 actual=0
[357] +8.986144 ASYNC-IN-SUBMIT ep=0x81 len=0 type=BULK (in, awaiting data)
[358] +9.096134 ASYNC-IN-DONE ep=0x81 len=0 status=2 actual=0
[359] +9.096222 ASYNC-IN-SUBMIT ep=0x81 len=0 type=BULK (in, awaiting data)
[360] +9.208895 ASYNC-IN-DONE ep=0x81 len=0 status=2 actual=0
[361] +9.208967 ASYNC-IN-SUBMIT ep=0x81 len=0 type=BULK (in, awaiting data)
[362] +9.266947 ASYNC-IN-DONE ep=0x81 len=16 status=0 actual=16
	0000  08 00 00 18 ed 03 80 10  00 1c 00 10 ae 02 00 00 |................|
[363] +9.267092 ASYNC-IN-SUBMIT ep=0x81 len=0 type=BULK (in, awaiting data)
[364] +9.273306 ASYNC-OUT ep=0x01 len=16 type=BULK 
	0000  08 00 00 18 80 10 ed 03  00 1a 00 10 fd 1a 00 00 |................|
[365] +9.273585 ASYNC-OUT-DONE ep=0x01 len=0 status=0 actual=16
[366] +9.378473 ASYNC-IN-DONE ep=0x81 len=0 status=2 actual=0
[367] +9.378553 ASYNC-IN-SUBMIT ep=0x81 len=0 type=BULK (in, awaiting data)
[368] +9.468068 ASYNC-IN-DONE ep=0x81 len=16 status=0 actual=16
	0000  08 00 00 18 ef 03 01 10  00 1c 00 10 65 02 00 00 |............e...|
[369] +9.468179 ASYNC-IN-SUBMIT ep=0x81 len=0 type=BULK (in, awaiting data)
[370] +9.533133 ASYNC-OUT ep=0x01 len=16 type=BULK 
	0000  08 00 00 18 01 10 ef 03  00 1b 00 10 93 1e 00 00 |................|
[371] +9.533460 ASYNC-OUT-DONE ep=0x01 len=0 status=0 actual=16
[372] +9.571917 ASYNC-IN-DONE ep=0x81 len=0 status=2 actual=0
[373] +9.572016 ASYNC-IN-SUBMIT ep=0x81 len=0 type=BULK (in, awaiting data)
[374] +9.668532 ASYNC-IN-DONE ep=0x81 len=16 status=0 actual=16
	0000  08 00 00 18 f0 03 02 10  00 07 00 10 09 02 00 00 |................|
[375] +9.668641 ASYNC-IN-SUBMIT ep=0x81 len=0 type=BULK (in, awaiting data)
[376] +9.688822 ASYNC-OUT ep=0x01 len=16 type=BULK 
	0000  08 00 00 18 02 10 f0 03  00 07 00 10 09 10 00 00 |................|
[377] +9.689162 ASYNC-OUT-DONE ep=0x01 len=0 status=0 actual=16
[378] +9.771338 ASYNC-IN-DONE ep=0x81 len=0 status=2 actual=0
[379] +9.771440 ASYNC-IN-SUBMIT ep=0x81 len=0 type=BULK (in, awaiting data)
[380] +9.883540 ASYNC-IN-DONE ep=0x81 len=0 status=2 actual=0
[381] +9.883619 ASYNC-IN-SUBMIT ep=0x81 len=0 type=BULK (in, awaiting data)
[382] +9.986057 ASYNC-IN-DONE ep=0x81 len=0 status=2 actual=0
[383] +9.986155 ASYNC-IN-SUBMIT ep=0x81 len=0 type=BULK (in, awaiting data)
[384] +10.097036 ASYNC-IN-DONE ep=0x81 len=0 status=2 actual=0
[385] +10.097134 ASYNC-IN-SUBMIT ep=0x81 len=0 type=BULK (in, awaiting data)
[386] +10.206054 ASYNC-IN-DONE ep=0x81 len=0 status=2 actual=0
[387] +10.206149 ASYNC-IN-SUBMIT ep=0x81 len=0 type=BULK (in, awaiting data)
[388] +10.270524 ASYNC-IN-DONE ep=0x81 len=16 status=0 actual=16
	0000  08 00 00 18 ed 03 80 10  00 1d 00 10 ae 02 00 00 |................|
[389] +10.270659 ASYNC-IN-SUBMIT ep=0x81 len=0 type=BULK (in, awaiting data)
[390] +10.311499 ASYNC-OUT ep=0x01 len=16 type=BULK 
	0000  08 00 00 18 80 10 ed 03  00 1b 00 10 fd 1a 00 00 |................|
[391] +10.311822 ASYNC-OUT-DONE ep=0x01 len=0 status=0 actual=16
[392] +10.382585 ASYNC-IN-DONE ep=0x81 len=0 status=2 actual=0
[393] +10.382677 ASYNC-IN-SUBMIT ep=0x81 len=0 type=BULK (in, awaiting data)
[394] +10.471315 ASYNC-IN-DONE ep=0x81 len=16 status=0 actual=16
	0000  08 00 00 18 ef 03 01 10  00 1d 00 10 65 02 00 00 |............e...|
[395] +10.471458 ASYNC-IN-SUBMIT ep=0x81 len=0 type=BULK (in, awaiting data)
[396] +10.571262 ASYNC-OUT ep=0x01 len=16 type=BULK 
	0000  08 00 00 18 01 10 ef 03  00 1c 00 10 93 1e 00 00 |................|
[397] +10.571622 ASYNC-OUT-DONE ep=0x01 len=0 status=0 actual=16
[398] +10.582640 ASYNC-IN-DONE ep=0x81 len=0 status=2 actual=0
[399] +10.582727 ASYNC-IN-SUBMIT ep=0x81 len=0 type=BULK (in, awaiting data)
[400] +10.672047 ASYNC-IN-DONE ep=0x81 len=16 status=0 actual=16
	0000  08 00 00 18 f0 03 02 10  00 08 00 10 09 02 00 00 |................|
[401] +10.672180 ASYNC-IN-SUBMIT ep=0x81 len=0 type=BULK (in, awaiting data)
[402] +10.726370 ASYNC-OUT ep=0x01 len=16 type=BULK 
	0000  08 00 00 18 02 10 f0 03  00 08 00 10 09 10 00 00 |................|
[403] +10.726653 ASYNC-OUT-DONE ep=0x01 len=0 status=0 actual=16
[404] +10.785046 ASYNC-IN-DONE ep=0x81 len=0 status=2 actual=0
[405] +10.785129 ASYNC-IN-SUBMIT ep=0x81 len=0 type=BULK (in, awaiting data)
[406] +10.897844 ASYNC-IN-DONE ep=0x81 len=0 status=2 actual=0
[407] +10.897944 ASYNC-IN-SUBMIT ep=0x81 len=0 type=BULK (in, awaiting data)
[408] +11.002771 ASYNC-IN-DONE ep=0x81 len=0 status=2 actual=0
[409] +11.002866 ASYNC-IN-SUBMIT ep=0x81 len=0 type=BULK (in, awaiting data)
[410] +11.113618 ASYNC-IN-DONE ep=0x81 len=0 status=2 actual=0
[411] +11.113704 ASYNC-IN-SUBMIT ep=0x81 len=0 type=BULK (in, awaiting data)
[412] +11.219398 ASYNC-IN-DONE ep=0x81 len=0 status=2 actual=0
[413] +11.219499 ASYNC-IN-SUBMIT ep=0x81 len=0 type=BULK (in, awaiting data)
[414] +11.273685 ASYNC-IN-DONE ep=0x81 len=16 status=0 actual=16
	0000  08 00 00 18 ed 03 80 10  00 1e 00 10 ae 02 00 00 |................|
[415] +11.273814 ASYNC-IN-SUBMIT ep=0x81 len=0 type=BULK (in, awaiting data)
[416] +11.350035 ASYNC-OUT ep=0x01 len=16 type=BULK 
	0000  08 00 00 18 80 10 ed 03  00 1c 00 10 fd 1a 00 00 |................|
[417] +11.350344 ASYNC-OUT-DONE ep=0x01 len=0 status=0 actual=16
[418] +11.376220 ASYNC-IN-DONE ep=0x81 len=0 status=2 actual=0
[419] +11.376302 ASYNC-IN-SUBMIT ep=0x81 len=0 type=BULK (in, awaiting data)
[420] +11.474822 ASYNC-IN-DONE ep=0x81 len=16 status=0 actual=16
	0000  08 00 00 18 ef 03 01 10  00 1e 00 10 65 02 00 00 |............e...|
[421] +11.474942 ASYNC-IN-SUBMIT ep=0x81 len=0 type=BULK (in, awaiting data)
[422] +11.586116 ASYNC-IN-DONE ep=0x81 len=0 status=2 actual=0
[423] +11.586226 ASYNC-IN-SUBMIT ep=0x81 len=0 type=BULK (in, awaiting data)
[424] +11.610302 ASYNC-OUT ep=0x01 len=16 type=BULK 
	0000  08 00 00 18 01 10 ef 03  00 1d 00 10 93 1e 00 00 |................|
[425] +11.610604 ASYNC-OUT-DONE ep=0x01 len=0 status=0 actual=16
[426] +11.675266 ASYNC-IN-DONE ep=0x81 len=16 status=0 actual=16
	0000  08 00 00 18 f0 03 02 10  00 09 00 10 09 02 00 00 |................|
[427] +11.675411 ASYNC-IN-SUBMIT ep=0x81 len=0 type=BULK (in, awaiting data)
[428] +11.765312 ASYNC-OUT ep=0x01 len=16 type=BULK 
	0000  08 00 00 18 02 10 f0 03  00 09 00 10 09 10 00 00 |................|
[429] +11.765633 ASYNC-OUT-DONE ep=0x01 len=0 status=0 actual=16
[430] +11.787139 ASYNC-IN-DONE ep=0x81 len=0 status=2 actual=0
[431] +11.787223 ASYNC-IN-SUBMIT ep=0x81 len=0 type=BULK (in, awaiting data)
[432] +11.900061 ASYNC-IN-DONE ep=0x81 len=0 status=2 actual=0
[433] +11.900146 ASYNC-IN-SUBMIT ep=0x81 len=0 type=BULK (in, awaiting data)
[434] +12.010888 ASYNC-IN-DONE ep=0x81 len=0 status=2 actual=0
[435] +12.011047 ASYNC-IN-SUBMIT ep=0x81 len=0 type=BULK (in, awaiting data)
[436] +12.122069 ASYNC-IN-DONE ep=0x81 len=0 status=2 actual=0
[437] +12.122161 ASYNC-IN-SUBMIT ep=0x81 len=0 type=BULK (in, awaiting data)
[438] +12.226278 ASYNC-IN-DONE ep=0x81 len=0 status=2 actual=0
[439] +12.226358 ASYNC-IN-SUBMIT ep=0x81 len=0 type=BULK (in, awaiting data)
[440] +12.276861 ASYNC-IN-DONE ep=0x81 len=16 status=0 actual=16
	0000  08 00 00 18 ed 03 80 10  00 1f 00 10 ae 02 00 00 |................|
[441] +12.276962 ASYNC-IN-SUBMIT ep=0x81 len=0 type=BULK (in, awaiting data)
[442] +12.381931 ASYNC-IN-DONE ep=0x81 len=0 status=2 actual=0
[443] +12.382014 ASYNC-IN-SUBMIT ep=0x81 len=0 type=BULK (in, awaiting data)
[444] +12.389846 ASYNC-OUT ep=0x01 len=16 type=BULK 
	0000  08 00 00 18 80 10 ed 03  00 1d 00 10 fd 1a 00 00 |................|
[445] +12.390161 ASYNC-OUT-DONE ep=0x01 len=0 status=0 actual=16
[446] +12.477679 ASYNC-IN-DONE ep=0x81 len=16 status=0 actual=16
	0000  08 00 00 18 ef 03 01 10  00 1f 00 10 65 02 00 00 |............e...|
[447] +12.477776 ASYNC-IN-SUBMIT ep=0x81 len=0 type=BULK (in, awaiting data)
[448] +12.590565 ASYNC-IN-DONE ep=0x81 len=0 status=2 actual=0
[449] +12.590652 ASYNC-IN-SUBMIT ep=0x81 len=0 type=BULK (in, awaiting data)
[450] +12.649171 ASYNC-OUT ep=0x01 len=16 type=BULK 
	0000  08 00 00 18 01 10 ef 03  00 1e 00 10 93 1e 00 00 |................|
[451] +12.649506 ASYNC-OUT-DONE ep=0x01 len=0 status=0 actual=16
[452] +12.678867 ASYNC-IN-DONE ep=0x81 len=16 status=0 actual=16
	0000  08 00 00 18 f0 03 02 10  00 0a 00 10 09 02 00 00 |................|
[453] +12.678960 ASYNC-IN-SUBMIT ep=0x81 len=0 type=BULK (in, awaiting data)
[454] +12.785065 ASYNC-IN-DONE ep=0x81 len=0 status=2 actual=0
[455] +12.785166 ASYNC-IN-SUBMIT ep=0x81 len=0 type=BULK (in, awaiting data)
[456] +12.805080 ASYNC-OUT ep=0x01 len=16 type=BULK 
	0000  08 00 00 18 02 10 f0 03  00 0a 00 10 09 10 00 00 |................|
[457] +12.805347 ASYNC-OUT-DONE ep=0x01 len=0 status=0 actual=16
[458] +12.897108 ASYNC-IN-DONE ep=0x81 len=0 status=2 actual=0
[459] +12.897190 ASYNC-IN-SUBMIT ep=0x81 len=0 type=BULK (in, awaiting data)
[460] +12.998563 ASYNC-IN-DONE ep=0x81 len=0 status=2 actual=0
[461] +12.998665 ASYNC-IN-SUBMIT ep=0x81 len=0 type=BULK (in, awaiting data)
[462] +13.106062 ASYNC-IN-DONE ep=0x81 len=0 status=2 actual=0
[463] +13.106162 ASYNC-IN-SUBMIT ep=0x81 len=0 type=BULK (in, awaiting data)
[464] +13.217740 ASYNC-IN-DONE ep=0x81 len=0 status=2 actual=0
[465] +13.217836 ASYNC-IN-SUBMIT ep=0x81 len=0 type=BULK (in, awaiting data)
[466] +13.280879 ASYNC-IN-DONE ep=0x81 len=16 status=0 actual=16
	0000  08 00 00 18 ed 03 80 10  00 20 00 10 ae 02 00 00 |......... ......|
[467] +13.280980 ASYNC-IN-SUBMIT ep=0x81 len=0 type=BULK (in, awaiting data)
[468] +13.391997 ASYNC-IN-DONE ep=0x81 len=0 status=2 actual=0
[469] +13.392093 ASYNC-IN-SUBMIT ep=0x81 len=0 type=BULK (in, awaiting data)
[470] +13.429542 ASYNC-OUT ep=0x01 len=16 type=BULK 
	0000  08 00 00 18 80 10 ed 03  00 1e 00 10 fd 1a 00 00 |................|
[471] +13.429892 ASYNC-OUT-DONE ep=0x01 len=0 status=0 actual=16
[472] +13.481224 ASYNC-IN-DONE ep=0x81 len=16 status=0 actual=16
	0000  08 00 00 18 ef 03 01 10  00 20 00 10 65 02 00 00 |......... ..e...|
[473] +13.481371 ASYNC-IN-SUBMIT ep=0x81 len=0 type=BULK (in, awaiting data)
[474] +13.590971 ASYNC-IN-DONE ep=0x81 len=0 status=2 actual=0
[475] +13.591061 ASYNC-IN-SUBMIT ep=0x81 len=0 type=BULK (in, awaiting data)
[476] +13.681688 ASYNC-IN-DONE ep=0x81 len=16 status=0 actual=16
	0000  08 00 00 18 f0 03 02 10  00 0b 00 10 09 02 00 00 |................|
[477] +13.681780 ASYNC-IN-SUBMIT ep=0x81 len=0 type=BULK (in, awaiting data)
[478] +13.689147 ASYNC-OUT ep=0x01 len=16 type=BULK 
	0000  08 00 00 18 01 10 ef 03  00 1f 00 10 93 1e 00 00 |................|
[479] +13.689350 ASYNC-OUT-DONE ep=0x01 len=0 status=0 actual=16
[480] +13.785917 ASYNC-IN-DONE ep=0x81 len=0 status=2 actual=0
[481] +13.786080 ASYNC-IN-SUBMIT ep=0x81 len=0 type=BULK (in, awaiting data)
[482] +13.845296 ASYNC-OUT ep=0x01 len=16 type=BULK 
	0000  08 00 00 18 02 10 f0 03  00 0b 00 10 09 10 00 00 |................|
[483] +13.845524 ASYNC-OUT-DONE ep=0x01 len=0 status=0 actual=16
[484] +13.896960 ASYNC-IN-DONE ep=0x81 len=0 status=2 actual=0
[485] +13.897051 ASYNC-IN-SUBMIT ep=0x81 len=0 type=BULK (in, awaiting data)
[486] +14.000227 ASYNC-IN-DONE ep=0x81 len=0 status=2 actual=0
[487] +14.000316 ASYNC-IN-SUBMIT ep=0x81 len=0 type=BULK (in, awaiting data)
[488] +14.111865 ASYNC-IN-DONE ep=0x81 len=0 status=2 actual=0
[489] +14.111952 ASYNC-IN-SUBMIT ep=0x81 len=0 type=BULK (in, awaiting data)
[490] +14.218957 ASYNC-IN-DONE ep=0x81 len=0 status=2 actual=0
[491] +14.219056 ASYNC-IN-SUBMIT ep=0x81 len=0 type=BULK (in, awaiting data)
[492] +14.283651 ASYNC-IN-DONE ep=0x81 len=16 status=0 actual=16
	0000  08 00 00 18 ed 03 80 10  00 21 00 10 ae 02 00 00 |.........!......|
[493] +14.283780 ASYNC-IN-SUBMIT ep=0x81 len=0 type=BULK (in, awaiting data)
[494] +14.385907 ASYNC-IN-DONE ep=0x81 len=0 status=2 actual=0
[495] +14.386068 ASYNC-IN-SUBMIT ep=0x81 len=0 type=BULK (in, awaiting data)
[496] +14.465978 ASYNC-OUT ep=0x01 len=16 type=BULK 
	0000  08 00 00 18 80 10 ed 03  00 1f 00 10 fd 1a 00 00 |................|
[497] +14.466304 ASYNC-OUT-DONE ep=0x01 len=0 status=0 actual=16
[498] +14.484757 ASYNC-IN-DONE ep=0x81 len=16 status=0 actual=16
	0000  08 00 00 18 ef 03 01 10  00 21 00 10 65 02 00 00 |.........!..e...|
[499] +14.484828 ASYNC-IN-SUBMIT ep=0x81 len=0 type=BULK (in, awaiting data)
[500] +14.595196 ASYNC-IN-DONE ep=0x81 len=0 status=2 actual=0
[501] +14.595240 ASYNC-IN-SUBMIT ep=0x81 len=0 type=BULK (in, awaiting data)
[502] +14.685275 ASYNC-IN-DONE ep=0x81 len=16 status=0 actual=16
	0000  08 00 00 18 f0 03 02 10  00 0c 00 10 09 02 00 00 |................|
[503] +14.685414 ASYNC-IN-SUBMIT ep=0x81 len=0 type=BULK (in, awaiting data)
[504] +14.725876 ASYNC-OUT ep=0x01 len=16 type=BULK 
	0000  08 00 00 18 01 10 ef 03  00 20 00 10 93 1e 00 00 |......... ......|
[505] +14.726271 ASYNC-OUT-DONE ep=0x01 len=0 status=0 actual=16
[506] +14.798237 ASYNC-IN-DONE ep=0x81 len=0 status=2 actual=0
[507] +14.798332 ASYNC-IN-SUBMIT ep=0x81 len=0 type=BULK (in, awaiting data)
[508] +14.882070 ASYNC-OUT ep=0x01 len=16 type=BULK 
	0000  08 00 00 18 02 10 f0 03  00 0c 00 10 09 10 00 00 |................|
[509] +14.882393 ASYNC-OUT-DONE ep=0x01 len=0 status=0 actual=16
[510] +14.908199 ASYNC-IN-DONE ep=0x81 len=0 status=2 actual=0
[511] +14.908290 ASYNC-IN-SUBMIT ep=0x81 len=0 type=BULK (in, awaiting data)
[512] +15.012216 ASYNC-IN-DONE ep=0x81 len=0 status=2 actual=0
[513] +15.012298 ASYNC-IN-SUBMIT ep=0x81 len=0 type=BULK (in, awaiting data)
[514] +15.124785 ASYNC-IN-DONE ep=0x81 len=0 status=2 actual=0
[515] +15.124873 ASYNC-IN-SUBMIT ep=0x81 len=0 type=BULK (in, awaiting data)
[516] +15.235902 ASYNC-IN-DONE ep=0x81 len=0 status=2 actual=0
[517] +15.236042 ASYNC-IN-SUBMIT ep=0x81 len=0 type=BULK (in, awaiting data)
[518] +15.287913 ASYNC-IN-DONE ep=0x81 len=16 status=0 actual=16
	0000  08 00 00 18 ed 03 80 10  00 22 00 10 ae 02 00 00 |........."......|
[519] +15.288018 ASYNC-IN-SUBMIT ep=0x81 len=0 type=BULK (in, awaiting data)
[520] +15.393672 ASYNC-IN-DONE ep=0x81 len=0 status=2 actual=0
[521] +15.393732 ASYNC-IN-SUBMIT ep=0x81 len=0 type=BULK (in, awaiting data)
[522] +15.488243 ASYNC-IN-DONE ep=0x81 len=16 status=0 actual=16
	0000  08 00 00 18 ef 03 01 10  00 22 00 10 65 02 00 00 |........."..e...|
[523] +15.488368 ASYNC-IN-SUBMIT ep=0x81 len=0 type=BULK (in, awaiting data)
[524] +15.505778 ASYNC-OUT ep=0x01 len=16 type=BULK 
	0000  08 00 00 18 80 10 ed 03  00 20 00 10 fd 1a 00 00 |......... ......|
[525] +15.506050 ASYNC-OUT-DONE ep=0x01 len=0 status=0 actual=16
[526] +15.597084 ASYNC-IN-DONE ep=0x81 len=0 status=2 actual=0
[527] +15.597196 ASYNC-IN-SUBMIT ep=0x81 len=0 type=BULK (in, awaiting data)
[528] +15.688855 ASYNC-IN-DONE ep=0x81 len=16 status=0 actual=16
	0000  08 00 00 18 f0 03 02 10  00 0d 00 10 09 02 00 00 |................|
[529] +15.688992 ASYNC-IN-SUBMIT ep=0x81 len=0 type=BULK (in, awaiting data)
[530] +15.766057 ASYNC-OUT ep=0x01 len=16 type=BULK 
	0000  08 00 00 18 01 10 ef 03  00 21 00 10 93 1e 00 00 |.........!......|
[531] +15.766383 ASYNC-OUT-DONE ep=0x01 len=0 status=0 actual=16
[532] +15.799828 ASYNC-IN-DONE ep=0x81 len=0 status=2 actual=0
[533] +15.799884 ASYNC-IN-SUBMIT ep=0x81 len=0 type=BULK (in, awaiting data)
[534] +15.906083 ASYNC-IN-DONE ep=0x81 len=0 status=2 actual=0
[535] +15.906169 ASYNC-IN-SUBMIT ep=0x81 len=0 type=BULK (in, awaiting data)
[536] +15.921058 ASYNC-OUT ep=0x01 len=16 type=BULK 
	0000  08 00 00 18 02 10 f0 03  00 0d 00 10 09 10 00 00 |................|
[537] +15.921298 ASYNC-OUT-DONE ep=0x01 len=0 status=0 actual=16
[538] +16.018690 ASYNC-IN-DONE ep=0x81 len=0 status=2 actual=0
[539] +16.018787 ASYNC-IN-SUBMIT ep=0x81 len=0 type=BULK (in, awaiting data)
[540] +16.126017 ASYNC-IN-DONE ep=0x81 len=0 status=2 actual=0
[541] +16.126095 ASYNC-IN-SUBMIT ep=0x81 len=0 type=BULK (in, awaiting data)
[542] +16.233636 ASYNC-IN-DONE ep=0x81 len=0 status=2 actual=0
[543] +16.233724 ASYNC-IN-SUBMIT ep=0x81 len=0 type=BULK (in, awaiting data)
[544] +16.290753 ASYNC-IN-DONE ep=0x81 len=16 status=0 actual=16
	0000  08 00 00 18 ed 03 80 10  00 23 00 10 ae 02 00 00 |.........#......|
[545] +16.290847 ASYNC-IN-SUBMIT ep=0x81 len=0 type=BULK (in, awaiting data)
[546] +16.403644 ASYNC-IN-DONE ep=0x81 len=0 status=2 actual=0
[547] +16.403736 ASYNC-IN-SUBMIT ep=0x81 len=0 type=BULK (in, awaiting data)
[548] +16.491323 ASYNC-IN-DONE ep=0x81 len=16 status=0 actual=16
	0000  08 00 00 18 ef 03 01 10  00 23 00 10 65 02 00 00 |.........#..e...|
[549] +16.491469 ASYNC-IN-SUBMIT ep=0x81 len=0 type=BULK (in, awaiting data)
[550] +16.544986 ASYNC-OUT ep=0x01 len=16 type=BULK 
	0000  08 00 00 18 80 10 ed 03  00 21 00 10 fd 1a 00 00 |.........!......|
[551] +16.545313 ASYNC-OUT-DONE ep=0x01 len=0 status=0 actual=16
[552] +16.598878 ASYNC-IN-DONE ep=0x81 len=0 status=2 actual=0
[553] +16.598953 ASYNC-IN-SUBMIT ep=0x81 len=0 type=BULK (in, awaiting data)
[554] +16.691700 ASYNC-IN-DONE ep=0x81 len=16 status=0 actual=16
	0000  08 00 00 18 f0 03 02 10  00 0e 00 10 09 02 00 00 |................|
[555] +16.691833 ASYNC-IN-SUBMIT ep=0x81 len=0 type=BULK (in, awaiting data)
[556] +16.803535 ASYNC-IN-DONE ep=0x81 len=0 status=2 actual=0
[557] +16.803617 ASYNC-IN-SUBMIT ep=0x81 len=0 type=BULK (in, awaiting data)
[558] +16.804376 ASYNC-OUT ep=0x01 len=16 type=BULK 
	0000  08 00 00 18 01 10 ef 03  00 22 00 10 93 1e 00 00 |........."......|
[559] +16.804567 ASYNC-OUT-DONE ep=0x01 len=0 status=0 actual=16
[560] +16.912047 ASYNC-IN-DONE ep=0x81 len=0 status=2 actual=0
[561] +16.912132 ASYNC-IN-SUBMIT ep=0x81 len=0 type=BULK (in, awaiting data)
[562] +16.960244 ASYNC-OUT ep=0x01 len=16 type=BULK 
	0000  08 00 00 18 02 10 f0 03  00 0e 00 10 09 10 00 00 |................|
[563] +16.960641 ASYNC-OUT-DONE ep=0x01 len=0 status=0 actual=16
[564] +17.024350 ASYNC-IN-DONE ep=0x81 len=0 status=2 actual=0
[565] +17.024449 ASYNC-IN-SUBMIT ep=0x81 len=0 type=BULK (in, awaiting data)
[566] +17.135713 ASYNC-IN-DONE ep=0x81 len=0 status=2 actual=0
[567] +17.135792 ASYNC-IN-SUBMIT ep=0x81 len=0 type=BULK (in, awaiting data)
[568] +17.244337 ASYNC-IN-DONE ep=0x81 len=0 status=2 actual=0
[569] +17.244410 ASYNC-IN-SUBMIT ep=0x81 len=0 type=BULK (in, awaiting data)
[570] +17.293543 ASYNC-IN-DONE ep=0x81 len=16 status=0 actual=16
	0000  08 00 00 18 ed 03 80 10  00 24 00 10 ae 02 00 00 |.........$......|
[571] +17.293659 ASYNC-IN-SUBMIT ep=0x81 len=0 type=BULK (in, awaiting data)
[572] +17.403501 ASYNC-IN-DONE ep=0x81 len=0 status=2 actual=0
[573] +17.403564 ASYNC-IN-SUBMIT ep=0x81 len=0 type=BULK (in, awaiting data)
[574] +17.494754 ASYNC-IN-DONE ep=0x81 len=16 status=0 actual=16
	0000  08 00 00 18 ef 03 01 10  00 24 00 10 65 02 00 00 |.........$..e...|
[575] +17.494815 ASYNC-IN-SUBMIT ep=0x81 len=0 type=BULK (in, awaiting data)
[576] +17.583353 ASYNC-OUT ep=0x01 len=16 type=BULK 
	0000  08 00 00 18 80 10 ed 03  00 22 00 10 fd 1a 00 00 |........."......|
[577] +17.583682 ASYNC-OUT-DONE ep=0x01 len=0 status=0 actual=16
[578] +17.606017 ASYNC-IN-DONE ep=0x81 len=0 status=2 actual=0
[579] +17.606079 ASYNC-IN-SUBMIT ep=0x81 len=0 type=BULK (in, awaiting data)
[580] +17.695336 ASYNC-IN-DONE ep=0x81 len=16 status=0 actual=16
	0000  08 00 00 18 f0 03 02 10  00 0f 00 10 09 02 00 00 |................|
[581] +17.695434 ASYNC-IN-SUBMIT ep=0x81 len=0 type=BULK (in, awaiting data)
[582] +17.807029 ASYNC-IN-DONE ep=0x81 len=0 status=2 actual=0
[583] +17.807130 ASYNC-IN-SUBMIT ep=0x81 len=0 type=BULK (in, awaiting data)
[584] +17.843207 ASYNC-OUT ep=0x01 len=16 type=BULK 
	0000  08 00 00 18 01 10 ef 03  00 23 00 10 93 1e 00 00 |.........#......|
[585] +17.843563 ASYNC-OUT-DONE ep=0x01 len=0 status=0 actual=16
[586] +17.919365 ASYNC-IN-DONE ep=0x81 len=0 status=2 actual=0
[587] +17.919443 ASYNC-IN-SUBMIT ep=0x81 len=0 type=BULK (in, awaiting data)
[588] +17.999285 ASYNC-OUT ep=0x01 len=16 type=BULK 
	0000  08 00 00 18 02 10 f0 03  00 0f 00 10 09 10 00 00 |................|
[589] +17.999685 ASYNC-OUT-DONE ep=0x01 len=0 status=0 actual=16
[590] +18.020124 ASYNC-IN-DONE ep=0x81 len=0 status=2 actual=0
[591] +18.020201 ASYNC-IN-SUBMIT ep=0x81 len=0 type=BULK (in, awaiting data)
[592] +18.126065 ASYNC-IN-DONE ep=0x81 len=0 status=2 actual=0
[593] +18.126165 ASYNC-IN-SUBMIT ep=0x81 len=0 type=BULK (in, awaiting data)
[594] +18.235172 ASYNC-IN-DONE ep=0x81 len=0 status=2 actual=0
[595] +18.235284 ASYNC-IN-SUBMIT ep=0x81 len=0 type=BULK (in, awaiting data)
[596] +18.297189 ASYNC-IN-DONE ep=0x81 len=16 status=0 actual=16
	0000  08 00 00 18 ed 03 80 10  00 25 00 10 ae 02 00 00 |.........%......|
[597] +18.297351 ASYNC-IN-SUBMIT ep=0x81 len=0 type=BULK (in, awaiting data)
[598] +18.407689 ASYNC-IN-DONE ep=0x81 len=0 status=2 actual=0
[599] +18.407786 ASYNC-IN-SUBMIT ep=0x81 len=0 type=BULK (in, awaiting data)
[600] +18.497855 ASYNC-IN-DONE ep=0x81 len=16 status=0 actual=16
	0000  08 00 00 18 ef 03 01 10  00 25 00 10 65 02 00 00 |.........%..e...|
[601] +18.498004 ASYNC-IN-SUBMIT ep=0x81 len=0 type=BULK (in, awaiting data)
[602] +18.610882 ASYNC-IN-DONE ep=0x81 len=0 status=2 actual=0
[603] +18.610986 ASYNC-IN-SUBMIT ep=0x81 len=0 type=BULK (in, awaiting data)
[604] +18.622007 ASYNC-OUT ep=0x01 len=16 type=BULK 
	0000  08 00 00 18 80 10 ed 03  00 23 00 10 fd 1a 00 00 |.........#......|
[605] +18.622276 ASYNC-OUT-DONE ep=0x01 len=0 status=0 actual=16
[606] +18.698289 ASYNC-IN-DONE ep=0x81 len=16 status=0 actual=16
	0000  08 00 00 18 f0 03 02 10  00 10 00 10 09 02 00 00 |................|
[607] +18.698431 ASYNC-IN-SUBMIT ep=0x81 len=0 type=BULK (in, awaiting data)
[608] +18.800357 ASYNC-IN-DONE ep=0x81 len=0 status=2 actual=0
[609] +18.800450 ASYNC-IN-SUBMIT ep=0x81 len=0 type=BULK (in, awaiting data)
[610] +18.881396 ASYNC-OUT ep=0x01 len=16 type=BULK 
	0000  08 00 00 18 01 10 ef 03  00 24 00 10 93 1e 00 00 |.........$......|
[611] +18.881681 ASYNC-OUT-DONE ep=0x01 len=0 status=0 actual=16
[612] +18.907561 ASYNC-IN-DONE ep=0x81 len=0 status=2 actual=0
[613] +18.907668 ASYNC-IN-SUBMIT ep=0x81 len=0 type=BULK (in, awaiting data)
[614] +19.020490 ASYNC-IN-DONE ep=0x81 len=0 status=2 actual=0
[615] +19.020600 ASYNC-IN-SUBMIT ep=0x81 len=0 type=BULK (in, awaiting data)
[616] +19.037411 ASYNC-OUT ep=0x01 len=16 type=BULK 
	0000  08 00 00 18 02 10 f0 03  00 10 00 10 09 10 00 00 |................|
[617] +19.037672 ASYNC-OUT-DONE ep=0x01 len=0 status=0 actual=16
[618] +19.127726 ASYNC-IN-DONE ep=0x81 len=0 status=2 actual=0
[619] +19.127831 ASYNC-IN-SUBMIT ep=0x81 len=0 type=BULK (in, awaiting data)
[620] +19.228608 ASYNC-IN-DONE ep=0x81 len=0 status=2 actual=0
[621] +19.228692 ASYNC-IN-SUBMIT ep=0x81 len=0 type=BULK (in, awaiting data)
[622] +19.300326 ASYNC-IN-DONE ep=0x81 len=16 status=0 actual=16
	0000  08 00 00 18 ed 03 80 10  00 26 00 10 ae 02 00 00 |.........&......|
[623] +19.300497 ASYNC-IN-SUBMIT ep=0x81 len=0 type=BULK (in, awaiting data)
[624] +19.408736 ASYNC-IN-DONE ep=0x81 len=0 status=2 actual=0
[625] +19.408818 ASYNC-IN-SUBMIT ep=0x81 len=0 type=BULK (in, awaiting data)
[626] +19.501437 ASYNC-IN-DONE ep=0x81 len=16 status=0 actual=16
	0000  08 00 00 18 ef 03 01 10  00 26 00 10 65 02 00 00 |.........&..e...|
[627] +19.501565 ASYNC-IN-SUBMIT ep=0x81 len=0 type=BULK (in, awaiting data)
[628] +19.606690 ASYNC-IN-DONE ep=0x81 len=0 status=2 actual=0
[629] +19.606803 ASYNC-IN-SUBMIT ep=0x81 len=0 type=BULK (in, awaiting data)
[630] +19.658546 ASYNC-OUT ep=0x01 len=16 type=BULK 
	0000  08 00 00 18 80 10 ed 03  00 24 00 10 fd 1a 00 00 |.........$......|
[631] +19.658858 ASYNC-OUT-DONE ep=0x01 len=0 status=0 actual=16
[632] +19.701889 ASYNC-IN-DONE ep=0x81 len=16 status=0 actual=16
	0000  08 00 00 18 f0 03 02 10  00 11 00 10 09 02 00 00 |................|
[633] +19.702040 ASYNC-IN-SUBMIT ep=0x81 len=0 type=BULK (in, awaiting data)
[634] +19.814858 ASYNC-IN-DONE ep=0x81 len=0 status=2 actual=0
[635] +19.814961 ASYNC-IN-SUBMIT ep=0x81 len=0 type=BULK (in, awaiting data)
[636] +19.918891 ASYNC-OUT ep=0x01 len=16 type=BULK 
	0000  08 00 00 18 01 10 ef 03  00 25 00 10 93 1e 00 00 |.........%......|
[637] +19.919050 ASYNC-IN-DONE ep=0x81 len=0 status=2 actual=0
[638] +19.919106 ASYNC-IN-SUBMIT ep=0x81 len=0 type=BULK (in, awaiting data)
[639] +19.919251 ASYNC-OUT-DONE ep=0x01 len=0 status=0 actual=16
[640] +20.028521 ASYNC-IN-DONE ep=0x81 len=0 status=2 actual=0
[641] +20.028628 ASYNC-IN-SUBMIT ep=0x81 len=0 type=BULK (in, awaiting data)
[642] +20.074037 ASYNC-OUT ep=0x01 len=16 type=BULK 
	0000  08 00 00 18 02 10 f0 03  00 11 00 10 09 10 00 00 |................|
[643] +20.074306 ASYNC-OUT-DONE ep=0x01 len=0 status=0 actual=16
[644] +20.129471 ASYNC-IN-DONE ep=0x81 len=0 status=2 actual=0
[645] +20.129551 ASYNC-IN-SUBMIT ep=0x81 len=0 type=BULK (in, awaiting data)
[646] +20.230756 ASYNC-IN-DONE ep=0x81 len=0 status=2 actual=0
[647] +20.230840 ASYNC-IN-SUBMIT ep=0x81 len=0 type=BULK (in, awaiting data)
[648] +20.303808 ASYNC-IN-DONE ep=0x81 len=16 status=0 actual=16
	0000  08 00 00 18 ed 03 80 10  00 27 00 10 ae 02 00 00 |.........'......|
[649] +20.303924 ASYNC-IN-SUBMIT ep=0x81 len=0 type=BULK (in, awaiting data)
[650] +20.410772 ASYNC-IN-DONE ep=0x81 len=0 status=2 actual=0
[651] +20.410855 ASYNC-IN-SUBMIT ep=0x81 len=0 type=BULK (in, awaiting data)
[652] +20.504331 ASYNC-IN-DONE ep=0x81 len=16 status=0 actual=16
	0000  08 00 00 18 ef 03 01 10  00 27 00 10 65 02 00 00 |.........'..e...|
[653] +20.504474 ASYNC-IN-SUBMIT ep=0x81 len=0 type=BULK (in, awaiting data)
[654] +20.610663 ASYNC-IN-DONE ep=0x81 len=0 status=2 actual=0
[655] +20.610713 ASYNC-IN-SUBMIT ep=0x81 len=0 type=BULK (in, awaiting data)
[656] +20.695383 ASYNC-OUT ep=0x01 len=16 type=BULK 
	0000  08 00 00 18 80 10 ed 03  00 25 00 10 fd 1a 00 00 |.........%......|
[657] +20.695732 ASYNC-OUT-DONE ep=0x01 len=0 status=0 actual=16
[658] +20.705486 ASYNC-IN-DONE ep=0x81 len=16 status=0 actual=16
	0000  08 00 00 18 f0 03 02 10  00 12 00 10 09 02 00 00 |................|
[659] +20.705601 ASYNC-IN-SUBMIT ep=0x81 len=0 type=BULK (in, awaiting data)
[660] +20.816022 ASYNC-IN-DONE ep=0x81 len=0 status=2 actual=0
[661] +20.816127 ASYNC-IN-SUBMIT ep=0x81 len=0 type=BULK (in, awaiting data)
[662] +20.919532 ASYNC-IN-DONE ep=0x81 len=0 status=2 actual=0
[663] +20.919615 ASYNC-IN-SUBMIT ep=0x81 len=0 type=BULK (in, awaiting data)
[664] +20.954352 ASYNC-OUT ep=0x01 len=16 type=BULK 
	0000  08 00 00 18 01 10 ef 03  00 26 00 10 93 1e 00 00 |.........&......|
[665] +20.954703 ASYNC-OUT-DONE ep=0x01 len=0 status=0 actual=16
[666] +21.029013 ASYNC-IN-DONE ep=0x81 len=0 status=2 actual=0
[667] +21.029128 ASYNC-IN-SUBMIT ep=0x81 len=0 type=BULK (in, awaiting data)
[668] +21.109992 ASYNC-OUT ep=0x01 len=16 type=BULK 
	0000  08 00 00 18 02 10 f0 03  00 12 00 10 09 10 00 00 |................|
[669] +21.110374 ASYNC-OUT-DONE ep=0x01 len=0 status=0 actual=16
[670] +21.140980 ASYNC-IN-DONE ep=0x81 len=0 status=2 actual=0
[671] +21.141063 ASYNC-IN-SUBMIT ep=0x81 len=0 type=BULK (in, awaiting data)
[672] +21.253877 ASYNC-IN-DONE ep=0x81 len=0 status=2 actual=0
[673] +21.253963 ASYNC-IN-SUBMIT ep=0x81 len=0 type=BULK (in, awaiting data)
[674] +21.307095 ASYNC-IN-DONE ep=0x81 len=16 status=0 actual=16
	0000  08 00 00 18 ed 03 80 10  00 28 00 10 ae 02 00 00 |.........(......|
[675] +21.307250 ASYNC-IN-SUBMIT ep=0x81 len=0 type=BULK (in, awaiting data)
[676] +21.408588 ASYNC-IN-DONE ep=0x81 len=0 status=2 actual=0
[677] +21.408680 ASYNC-IN-SUBMIT ep=0x81 len=0 type=BULK (in, awaiting data)
[678] +21.507808 ASYNC-IN-DONE ep=0x81 len=16 status=0 actual=16
	0000  08 00 00 18 ef 03 01 10  00 28 00 10 65 02 00 00 |.........(..e...|
[679] +21.507969 ASYNC-IN-SUBMIT ep=0x81 len=0 type=BULK (in, awaiting data)
[680] +21.610833 ASYNC-IN-DONE ep=0x81 len=0 status=2 actual=0
[681] +21.610938 ASYNC-IN-SUBMIT ep=0x81 len=0 type=BULK (in, awaiting data)
[682] +21.708275 ASYNC-IN-DONE ep=0x81 len=16 status=0 actual=16
	0000  08 00 00 18 f0 03 02 10  00 13 00 10 09 02 00 00 |................|
[683] +21.708436 ASYNC-IN-SUBMIT ep=0x81 len=0 type=BULK (in, awaiting data)
[684] +21.733934 ASYNC-OUT ep=0x01 len=16 type=BULK 
	0000  08 00 00 18 80 10 ed 03  00 26 00 10 fd 1a 00 00 |.........&......|
[685] +21.734264 ASYNC-OUT-DONE ep=0x01 len=0 status=0 actual=16
[686] +21.819387 ASYNC-IN-DONE ep=0x81 len=0 status=2 actual=0
[687] +21.819487 ASYNC-IN-SUBMIT ep=0x81 len=0 type=BULK (in, awaiting data)
[688] +21.932358 ASYNC-IN-DONE ep=0x81 len=0 status=2 actual=0
[689] +21.932413 ASYNC-IN-SUBMIT ep=0x81 len=0 type=BULK (in, awaiting data)
[690] +21.993465 ASYNC-OUT ep=0x01 len=16 type=BULK 
	0000  08 00 00 18 01 10 ef 03  00 27 00 10 93 1e 00 00 |.........'......|
[691] +21.993905 ASYNC-OUT-DONE ep=0x01 len=0 status=0 actual=16
[692] +22.045166 ASYNC-IN-DONE ep=0x81 len=0 status=2 actual=0
[693] +22.045207 ASYNC-IN-SUBMIT ep=0x81 len=0 type=BULK (in, awaiting data)
[694] +22.148883 ASYNC-OUT ep=0x01 len=16 type=BULK 
	0000  08 00 00 18 02 10 f0 03  00 13 00 10 09 10 00 00 |................|
[695] +22.149158 ASYNC-OUT-DONE ep=0x01 len=0 status=0 actual=16
[696] +22.157661 ASYNC-IN-DONE ep=0x81 len=0 status=2 actual=0
[697] +22.157703 ASYNC-IN-SUBMIT ep=0x81 len=0 type=BULK (in, awaiting data)
[698] +22.270217 ASYNC-IN-DONE ep=0x81 len=0 status=2 actual=0
[699] +22.270314 ASYNC-IN-SUBMIT ep=0x81 len=0 type=BULK (in, awaiting data)
[700] +22.310253 ASYNC-IN-DONE ep=0x81 len=16 status=0 actual=16
	0000  08 00 00 18 ed 03 80 10  00 29 00 10 ae 02 00 00 |.........)......|
[701] +22.310369 ASYNC-IN-SUBMIT ep=0x81 len=0 type=BULK (in, awaiting data)
[702] +22.415829 ASYNC-IN-DONE ep=0x81 len=0 status=2 actual=0
[703] +22.415943 ASYNC-IN-SUBMIT ep=0x81 len=0 type=BULK (in, awaiting data)
[704] +22.511439 ASYNC-IN-DONE ep=0x81 len=16 status=0 actual=16
	0000  08 00 00 18 ef 03 01 10  00 29 00 10 65 02 00 00 |.........)..e...|
[705] +22.511555 ASYNC-IN-SUBMIT ep=0x81 len=0 type=BULK (in, awaiting data)
[706] +22.624357 ASYNC-IN-DONE ep=0x81 len=0 status=2 actual=0
[707] +22.624449 ASYNC-IN-SUBMIT ep=0x81 len=0 type=BULK (in, awaiting data)
[708] +22.712417 ASYNC-IN-DONE ep=0x81 len=16 status=0 actual=16
	0000  08 00 00 18 f0 03 02 10  00 14 00 10 09 02 00 00 |................|
[709] +22.712553 ASYNC-IN-SUBMIT ep=0x81 len=0 type=BULK (in, awaiting data)
[710] +22.770688 ASYNC-OUT ep=0x01 len=16 type=BULK 
	0000  08 00 00 18 80 10 ed 03  00 27 00 10 fd 1a 00 00 |.........'......|
[711] +22.771000 ASYNC-OUT-DONE ep=0x01 len=0 status=0 actual=16
[712] +22.814806 ASYNC-IN-DONE ep=0x81 len=0 status=2 actual=0
[713] +22.814893 ASYNC-IN-SUBMIT ep=0x81 len=0 type=BULK (in, awaiting data)
[714] +22.919219 ASYNC-IN-DONE ep=0x81 len=0 status=2 actual=0
[715] +22.919278 ASYNC-IN-SUBMIT ep=0x81 len=0 type=BULK (in, awaiting data)
[716] +23.030881 ASYNC-OUT ep=0x01 len=16 type=BULK 
	0000  08 00 00 18 01 10 ef 03  00 28 00 10 93 1e 00 00 |.........(......|
[717] +23.031287 ASYNC-OUT-DONE ep=0x01 len=0 status=0 actual=16
[718] +23.032049 ASYNC-IN-DONE ep=0x81 len=0 status=2 actual=0
[719] +23.032110 ASYNC-IN-SUBMIT ep=0x81 len=0 type=BULK (in, awaiting data)
[720] +23.144942 ASYNC-IN-DONE ep=0x81 len=0 status=2 actual=0
[721] +23.145044 ASYNC-IN-SUBMIT ep=0x81 len=0 type=BULK (in, awaiting data)
[722] +23.186984 ASYNC-OUT ep=0x01 len=16 type=BULK 
	0000  08 00 00 18 02 10 f0 03  00 14 00 10 09 10 00 00 |................|
[723] +23.187252 ASYNC-OUT-DONE ep=0x01 len=0 status=0 actual=16
[724] +23.257699 ASYNC-IN-DONE ep=0x81 len=0 status=2 actual=0
[725] +23.257822 ASYNC-IN-SUBMIT ep=0x81 len=0 type=BULK (in, awaiting data)
[726] +23.314666 ASYNC-IN-DONE ep=0x81 len=16 status=0 actual=16
	0000  08 00 00 18 ed 03 80 10  00 2a 00 10 ae 02 00 00 |.........*......|
[727] +23.314795 ASYNC-IN-SUBMIT ep=0x81 len=0 type=BULK (in, awaiting data)
[728] +23.427157 ASYNC-IN-DONE ep=0x81 len=0 status=2 actual=0
[729] +23.427262 ASYNC-IN-SUBMIT ep=0x81 len=0 type=BULK (in, awaiting data)
[730] +23.515031 ASYNC-IN-DONE ep=0x81 len=16 status=0 actual=16
	0000  08 00 00 18 ef 03 01 10  00 2a 00 10 65 02 00 00 |.........*..e...|
[731] +23.515138 ASYNC-IN-SUBMIT ep=0x81 len=0 type=BULK (in, awaiting data)
[732] +23.619232 ASYNC-IN-DONE ep=0x81 len=0 status=2 actual=0
[733] +23.619351 ASYNC-IN-SUBMIT ep=0x81 len=0 type=BULK (in, awaiting data)
[734] +23.715436 ASYNC-IN-DONE ep=0x81 len=16 status=0 actual=16
	0000  08 00 00 18 f0 03 02 10  00 15 00 10 09 02 00 00 |................|
[735] +23.715601 ASYNC-IN-SUBMIT ep=0x81 len=0 type=BULK (in, awaiting data)
[736] +23.811379 ASYNC-OUT ep=0x01 len=16 type=BULK 
	0000  08 00 00 18 80 10 ed 03  00 28 00 10 fd 1a 00 00 |.........(......|
[737] +23.811743 ASYNC-OUT-DONE ep=0x01 len=0 status=0 actual=16
[738] +23.824099 ASYNC-IN-DONE ep=0x81 len=0 status=2 actual=0
[739] +23.824167 ASYNC-IN-SUBMIT ep=0x81 len=0 type=BULK (in, awaiting data)
[740] +23.928808 ASYNC-IN-DONE ep=0x81 len=0 status=2 actual=0
[741] +23.928910 ASYNC-IN-SUBMIT ep=0x81 len=0 type=BULK (in, awaiting data)
[742] +24.041738 ASYNC-IN-DONE ep=0x81 len=0 status=2 actual=0
[743] +24.041847 ASYNC-IN-SUBMIT ep=0x81 len=0 type=BULK (in, awaiting data)
[744] +24.071611 ASYNC-OUT ep=0x01 len=16 type=BULK 
	0000  08 00 00 18 01 10 ef 03  00 29 00 10 93 1e 00 00 |.........)......|
[745] +24.071959 ASYNC-OUT-DONE ep=0x01 len=0 status=0 actual=16
[746] +24.147631 ASYNC-IN-DONE ep=0x81 len=0 status=2 actual=0
[747] +24.147720 ASYNC-IN-SUBMIT ep=0x81 len=0 type=BULK (in, awaiting data)
[748] +24.227786 ASYNC-OUT ep=0x01 len=16 type=BULK 
	0000  08 00 00 18 02 10 f0 03  00 15 00 10 09 10 00 00 |................|
[749] +24.228096 ASYNC-OUT-DONE ep=0x01 len=0 status=0 actual=16
[750] +24.253888 ASYNC-IN-DONE ep=0x81 len=0 status=2 actual=0
[751] +24.253973 ASYNC-IN-SUBMIT ep=0x81 len=0 type=BULK (in, awaiting data)
[752] +24.317097 ASYNC-IN-DONE ep=0x81 len=16 status=0 actual=16
	0000  08 00 00 18 ed 03 80 10  00 2b 00 10 ae 02 00 00 |.........+......|
[753] +24.317207 ASYNC-IN-SUBMIT ep=0x81 len=0 type=BULK (in, awaiting data)
[754] +24.426063 ASYNC-IN-DONE ep=0x81 len=0 status=2 actual=0
[755] +24.426177 ASYNC-IN-SUBMIT ep=0x81 len=0 type=BULK (in, awaiting data)
[756] +24.517867 ASYNC-IN-DONE ep=0x81 len=16 status=0 actual=16
	0000  08 00 00 18 ef 03 01 10  00 2b 00 10 65 02 00 00 |.........+..e...|
[757] +24.517973 ASYNC-IN-SUBMIT ep=0x81 len=0 type=BULK (in, awaiting data)
[758] +24.620109 ASYNC-IN-DONE ep=0x81 len=0 status=2 actual=0
[759] +24.620218 ASYNC-IN-SUBMIT ep=0x81 len=0 type=BULK (in, awaiting data)
[760] +24.718246 ASYNC-IN-DONE ep=0x81 len=16 status=0 actual=16
	0000  08 00 00 18 f0 03 02 10  00 16 00 10 09 02 00 00 |................|
[761] +24.718320 ASYNC-IN-SUBMIT ep=0x81 len=0 type=BULK (in, awaiting data)
[762] +24.825235 ASYNC-IN-DONE ep=0x81 len=0 status=2 actual=0
[763] +24.825351 ASYNC-IN-SUBMIT ep=0x81 len=0 type=BULK (in, awaiting data)
[764] +24.851117 ASYNC-OUT ep=0x01 len=16 type=BULK 
	0000  08 00 00 18 80 10 ed 03  00 29 00 10 fd 1a 00 00 |.........)......|
[765] +24.851469 ASYNC-OUT-DONE ep=0x01 len=0 status=0 actual=16
[766] +24.934783 ASYNC-IN-DONE ep=0x81 len=0 status=2 actual=0
[767] +24.934889 ASYNC-IN-SUBMIT ep=0x81 len=0 type=BULK (in, awaiting data)
[768] +25.047377 ASYNC-IN-DONE ep=0x81 len=0 status=2 actual=0
[769] +25.047486 ASYNC-IN-SUBMIT ep=0x81 len=0 type=BULK (in, awaiting data)
[770] +25.111158 ASYNC-OUT ep=0x01 len=16 type=BULK 
	0000  08 00 00 18 01 10 ef 03  00 2a 00 10 93 1e 00 00 |.........*......|
[771] +25.111463 ASYNC-OUT-DONE ep=0x01 len=0 status=0 actual=16
[772] +25.160330 ASYNC-IN-DONE ep=0x81 len=0 status=2 actual=0
[773] +25.160425 ASYNC-IN-SUBMIT ep=0x81 len=0 type=BULK (in, awaiting data)
[774] +25.265547 ASYNC-OUT ep=0x01 len=16 type=BULK 
	0000  08 00 00 18 02 10 f0 03  00 16 00 10 09 10 00 00 |................|
[775] +25.265894 ASYNC-OUT-DONE ep=0x01 len=0 status=0 actual=16
[776] +25.272346 ASYNC-IN-DONE ep=0x81 len=0 status=2 actual=0
[777] +25.272397 ASYNC-IN-SUBMIT ep=0x81 len=0 type=BULK (in, awaiting data)
[778] +25.320192 ASYNC-IN-DONE ep=0x81 len=16 status=0 actual=16
	0000  08 00 00 18 ed 03 80 10  00 2c 00 10 ae 02 00 00 |.........,......|
[779] +25.320299 ASYNC-IN-SUBMIT ep=0x81 len=0 type=BULK (in, awaiting data)
[780] +25.433095 ASYNC-IN-DONE ep=0x81 len=0 status=2 actual=0
[781] +25.433195 ASYNC-IN-SUBMIT ep=0x81 len=0 type=BULK (in, awaiting data)
[782] +25.521493 ASYNC-IN-DONE ep=0x81 len=16 status=0 actual=16
	0000  08 00 00 18 ef 03 01 10  00 2c 00 10 65 02 00 00 |.........,..e...|
[783] +25.521609 ASYNC-IN-SUBMIT ep=0x81 len=0 type=BULK (in, awaiting data)
[784] +25.627293 ASYNC-IN-DONE ep=0x81 len=0 status=2 actual=0
[785] +25.627382 ASYNC-IN-SUBMIT ep=0x81 len=0 type=BULK (in, awaiting data)
[786] +25.721875 ASYNC-IN-DONE ep=0x81 len=16 status=0 actual=16
	0000  08 00 00 18 f0 03 02 10  00 17 00 10 09 02 00 00 |................|
[787] +25.721988 ASYNC-IN-SUBMIT ep=0x81 len=0 type=BULK (in, awaiting data)
[788] +25.833880 ASYNC-IN-DONE ep=0x81 len=0 status=2 actual=0
[789] +25.833984 ASYNC-IN-SUBMIT ep=0x81 len=0 type=BULK (in, awaiting data)
[790] +25.886564 ASYNC-OUT ep=0x01 len=16 type=BULK 
	0000  08 00 00 18 80 10 ed 03  00 2a 00 10 fd 1a 00 00 |.........*......|
[791] +25.886879 ASYNC-OUT-DONE ep=0x01 len=0 status=0 actual=16
[792] +25.945171 ASYNC-IN-DONE ep=0x81 len=0 status=2 actual=0
[793] +25.945274 ASYNC-IN-SUBMIT ep=0x81 len=0 type=BULK (in, awaiting data)
[794] +26.054433 ASYNC-IN-DONE ep=0x81 len=0 status=2 actual=0
[795] +26.054533 ASYNC-IN-SUBMIT ep=0x81 len=0 type=BULK (in, awaiting data)
[796] +26.146795 ASYNC-OUT ep=0x01 len=16 type=BULK 
	0000  08 00 00 18 01 10 ef 03  00 2b 00 10 93 1e 00 00 |.........+......|
[797] +26.147157 ASYNC-OUT-DONE ep=0x01 len=0 status=0 actual=16
[798] +26.165935 ASYNC-IN-DONE ep=0x81 len=0 status=2 actual=0
[799] +26.166010 ASYNC-IN-SUBMIT ep=0x81 len=0 type=BULK (in, awaiting data)
[800] +26.277064 ASYNC-IN-DONE ep=0x81 len=0 status=2 actual=0
[801] +26.277162 ASYNC-IN-SUBMIT ep=0x81 len=0 type=BULK (in, awaiting data)
[802] +26.302949 ASYNC-OUT ep=0x01 len=16 type=BULK 
	0000  08 00 00 18 02 10 f0 03  00 17 00 10 09 10 00 00 |................|
[803] +26.303281 ASYNC-OUT-DONE ep=0x01 len=0 status=0 actual=16
[804] +26.323861 ASYNC-IN-DONE ep=0x81 len=16 status=0 actual=16
	0000  08 00 00 18 ed 03 80 10  00 2d 00 10 ae 02 00 00 |.........-......|
[805] +26.323978 ASYNC-IN-SUBMIT ep=0x81 len=0 type=BULK (in, awaiting data)
[806] +26.424834 ASYNC-IN-DONE ep=0x81 len=0 status=2 actual=0
[807] +26.424926 ASYNC-IN-SUBMIT ep=0x81 len=0 type=BULK (in, awaiting data)
[808] +26.524332 ASYNC-IN-DONE ep=0x81 len=16 status=0 actual=16
	0000  08 00 00 18 ef 03 01 10  00 2d 00 10 65 02 00 00 |.........-..e...|
[809] +26.524478 ASYNC-IN-SUBMIT ep=0x81 len=0 type=BULK (in, awaiting data)
[810] +26.637311 ASYNC-IN-DONE ep=0x81 len=0 status=2 actual=0
[811] +26.637420 ASYNC-IN-SUBMIT ep=0x81 len=0 type=BULK (in, awaiting data)
[812] +26.725120 ASYNC-IN-DONE ep=0x81 len=16 status=0 actual=16
	0000  08 00 00 18 f0 03 02 10  00 18 00 10 09 02 00 00 |................|
[813] +26.725281 ASYNC-IN-SUBMIT ep=0x81 len=0 type=BULK (in, awaiting data)
[814] +26.826610 ASYNC-IN-DONE ep=0x81 len=0 status=2 actual=0
[815] +26.826689 ASYNC-IN-SUBMIT ep=0x81 len=0 type=BULK (in, awaiting data)
[816] +26.925345 ASYNC-OUT ep=0x01 len=16 type=BULK 
	0000  08 00 00 18 80 10 ed 03  00 2b 00 10 fd 1a 00 00 |.........+......|
[817] +26.925626 ASYNC-OUT-DONE ep=0x01 len=0 status=0 actual=16
[818] +26.935588 ASYNC-IN-DONE ep=0x81 len=0 status=2 actual=0
[819] +26.935621 ASYNC-IN-SUBMIT ep=0x81 len=0 type=BULK (in, awaiting data)
[820] +27.048326 ASYNC-IN-DONE ep=0x81 len=0 status=2 actual=0
[821] +27.048352 ASYNC-IN-SUBMIT ep=0x81 len=0 type=BULK (in, awaiting data)
[822] +27.152006 ASYNC-IN-DONE ep=0x81 len=0 status=2 actual=0
[823] +27.152032 ASYNC-IN-SUBMIT ep=0x81 len=0 type=BULK (in, awaiting data)
[824] +27.185436 ASYNC-OUT ep=0x01 len=16 type=BULK 
	0000  08 00 00 18 01 10 ef 03  00 2c 00 10 93 1e 00 00 |.........,......|
[825] +27.185673 ASYNC-OUT-DONE ep=0x01 len=0 status=0 actual=16
### MARK SELECT-block-dist
[826] +27.263171 ASYNC-IN-DONE ep=0x81 len=0 status=2 actual=0
[827] +27.263183 ASYNC-IN-SUBMIT ep=0x81 len=0 type=BULK (in, awaiting data)
[828] +27.326971 ASYNC-IN-DONE ep=0x81 len=16 status=0 actual=16
	0000  08 00 00 18 ed 03 80 10  00 2e 00 10 ae 02 00 00 |................|
[829] +27.327008 ASYNC-IN-SUBMIT ep=0x81 len=0 type=BULK (in, awaiting data)
[830] +27.340902 ASYNC-OUT ep=0x01 len=16 type=BULK 
	0000  08 00 00 18 02 10 f0 03  00 18 00 10 09 10 00 00 |................|
[831] +27.341221 ASYNC-OUT-DONE ep=0x01 len=0 status=0 actual=16
[832] +27.393020 ASYNC-OUT ep=0x01 len=40 type=BULK 
	0000  1d 00 00 18 80 10 ed 03  00 2c 00 04 fd 1a 00 00 |.........,......|
	0010  01 00 06 00 0d 00 00 00  83 66 cd 03 f1 64 4e 65 |.........f...dNe|
	0020  82 62 01 1a 00 00 00 00                          |.b......|
[833] +27.393527 ASYNC-OUT-DONE ep=0x01 len=0 status=0 actual=40
[834] +27.434951 ASYNC-IN-DONE ep=0x81 len=0 status=2 actual=0
[835] +27.434972 ASYNC-IN-SUBMIT ep=0x81 len=0 type=BULK (in, awaiting data)
[836] +27.459842 ASYNC-IN-DONE ep=0x81 len=36 status=0 actual=36
	0000  19 00 00 18 ed 03 80 10  00 2f 00 04 c3 02 00 00 |........./......|
	0010  00 00 06 00 09 00 00 00  83 66 cd 03 f1 67 00 68 |.........f...g.h|
	0020  c0 20 50 72                                      |. Pr|
[837] +27.459969 ASYNC-IN-SUBMIT ep=0x81 len=0 type=BULK (in, awaiting data)
[838] +27.460085 ASYNC-IN-DONE ep=0x81 len=44 status=0 actual=44
	0000  21 00 00 18 f0 03 02 10  00 19 00 04 09 02 00 00 |!...............|
	0010  00 00 04 00 11 00 00 00  82 69 27 6a 84 52 01 44 |.........i'j.R.D|
	0020  03 79 13 6a 82 62 01 1a  00 7b c2 7c             |.y.j.b...{.||
[839] +27.460143 ASYNC-IN-SUBMIT ep=0x81 len=0 type=BULK (in, awaiting data)
[840] +27.496580 ASYNC-OUT ep=0x01 len=16 type=BULK 
	0000  08 00 00 18 80 10 ed 03  00 2d 00 08 0e 1b 00 00 |.........-......|
[841] +27.496698 ASYNC-OUT ep=0x01 len=16 type=BULK 
	0000  08 00 00 18 02 10 f0 03  00 19 00 08 22 10 00 00 |............"...|
[842] +27.496828 ASYNC-OUT-DONE ep=0x01 len=0 status=0 actual=16
[843] +27.496853 ASYNC-OUT-DONE ep=0x01 len=0 status=0 actual=16
[844] +27.527705 ASYNC-IN-DONE ep=0x81 len=16 status=0 actual=16
	0000  08 00 00 18 ef 03 01 10  00 2e 00 10 65 02 00 00 |............e...|
[845] +27.527737 ASYNC-IN-SUBMIT ep=0x81 len=0 type=BULK (in, awaiting data)
[846] +27.527896 ASYNC-IN-DONE ep=0x81 len=16 status=0 actual=16
	0000  08 00 00 18 ed 03 80 10  00 30 00 08 c3 02 00 00 |.........0......|
[847] +27.527918 ASYNC-IN-SUBMIT ep=0x81 len=0 type=BULK (in, awaiting data)
[848] +27.635422 ASYNC-IN-DONE ep=0x81 len=0 status=2 actual=0
[849] +27.635464 ASYNC-IN-SUBMIT ep=0x81 len=0 type=BULK (in, awaiting data)
[850] +27.743986 ASYNC-IN-DONE ep=0x81 len=0 status=2 actual=0
[851] +27.744030 ASYNC-IN-SUBMIT ep=0x81 len=0 type=BULK (in, awaiting data)
[852] +27.855452 ASYNC-IN-DONE ep=0x81 len=0 status=2 actual=0
[853] +27.855540 ASYNC-IN-SUBMIT ep=0x81 len=0 type=BULK (in, awaiting data)
[854] +27.965019 ASYNC-IN-DONE ep=0x81 len=0 status=2 actual=0
[855] +27.965117 ASYNC-IN-SUBMIT ep=0x81 len=0 type=BULK (in, awaiting data)
[856] +28.071962 ASYNC-IN-DONE ep=0x81 len=0 status=2 actual=0
[857] +28.072073 ASYNC-IN-SUBMIT ep=0x81 len=0 type=BULK (in, awaiting data)
[858] +28.173108 ASYNC-IN-DONE ep=0x81 len=0 status=2 actual=0
[859] +28.173211 ASYNC-IN-SUBMIT ep=0x81 len=0 type=BULK (in, awaiting data)
[860] +28.224423 ASYNC-OUT ep=0x01 len=16 type=BULK 
	0000  08 00 00 18 01 10 ef 03  00 2d 00 10 93 1e 00 00 |.........-......|
[861] +28.224730 ASYNC-OUT-DONE ep=0x01 len=0 status=0 actual=16
[862] +28.286004 ASYNC-IN-DONE ep=0x81 len=0 status=2 actual=0
[863] +28.286082 ASYNC-IN-SUBMIT ep=0x81 len=0 type=BULK (in, awaiting data)
[864] +28.330256 ASYNC-IN-DONE ep=0x81 len=16 status=0 actual=16
	0000  08 00 00 18 f0 03 02 10  00 1a 00 10 09 02 00 00 |................|
[865] +28.330364 ASYNC-IN-SUBMIT ep=0x81 len=0 type=BULK (in, awaiting data)
[866] +28.441933 ASYNC-IN-DONE ep=0x81 len=0 status=2 actual=0
[867] +28.442026 ASYNC-IN-SUBMIT ep=0x81 len=0 type=BULK (in, awaiting data)
[868] +28.530918 ASYNC-IN-DONE ep=0x81 len=16 status=0 actual=16
	0000  08 00 00 18 ef 03 01 10  00 2f 00 10 65 02 00 00 |........./..e...|
[869] +28.531069 ASYNC-IN-SUBMIT ep=0x81 len=0 type=BULK (in, awaiting data)
[870] +28.531266 ASYNC-IN-DONE ep=0x81 len=16 status=0 actual=16
	0000  08 00 00 18 ed 03 80 10  00 31 00 10 c3 02 00 00 |.........1......|
[871] +28.531354 ASYNC-IN-SUBMIT ep=0x81 len=0 type=BULK (in, awaiting data)
[872] +28.536672 ASYNC-OUT ep=0x01 len=16 type=BULK 
	0000  08 00 00 18 80 10 ed 03  00 2e 00 10 0e 1b 00 00 |................|
[873] +28.536773 ASYNC-OUT ep=0x01 len=16 type=BULK 
	0000  08 00 00 18 02 10 f0 03  00 1a 00 10 22 10 00 00 |............"...|
[874] +28.536871 ASYNC-OUT-DONE ep=0x01 len=0 status=0 actual=16
[875] +28.536940 ASYNC-OUT-DONE ep=0x01 len=0 status=0 actual=16
[876] +28.643720 ASYNC-IN-DONE ep=0x81 len=0 status=2 actual=0
[877] +28.643816 ASYNC-IN-SUBMIT ep=0x81 len=0 type=BULK (in, awaiting data)
### MARK MENU-CopyBlock
[878] +28.745263 ASYNC-IN-DONE ep=0x81 len=0 status=2 actual=0
[879] +28.745300 ASYNC-IN-SUBMIT ep=0x81 len=0 type=BULK (in, awaiting data)
[880] +28.849606 ASYNC-IN-DONE ep=0x81 len=0 status=2 actual=0
[881] +28.849637 ASYNC-IN-SUBMIT ep=0x81 len=0 type=BULK (in, awaiting data)
[882] +28.962268 ASYNC-IN-DONE ep=0x81 len=0 status=2 actual=0
[883] +28.962299 ASYNC-IN-SUBMIT ep=0x81 len=0 type=BULK (in, awaiting data)
[884] +29.074329 ASYNC-IN-DONE ep=0x81 len=0 status=2 actual=0
[885] +29.074369 ASYNC-IN-SUBMIT ep=0x81 len=0 type=BULK (in, awaiting data)
[886] +29.186860 ASYNC-IN-DONE ep=0x81 len=0 status=2 actual=0
[887] +29.186948 ASYNC-IN-SUBMIT ep=0x81 len=0 type=BULK (in, awaiting data)
[888] +29.263652 ASYNC-OUT ep=0x01 len=16 type=BULK 
	0000  08 00 00 18 01 10 ef 03  00 2e 00 10 93 1e 00 00 |................|
[889] +29.263999 ASYNC-OUT-DONE ep=0x01 len=0 status=0 actual=16
[890] +29.299340 ASYNC-IN-DONE ep=0x81 len=0 status=2 actual=0
[891] +29.299440 ASYNC-IN-SUBMIT ep=0x81 len=0 type=BULK (in, awaiting data)
[892] +29.334143 ASYNC-IN-DONE ep=0x81 len=16 status=0 actual=16
	0000  08 00 00 18 f0 03 02 10  00 1b 00 10 09 02 00 00 |................|
[893] +29.334287 ASYNC-IN-SUBMIT ep=0x81 len=0 type=BULK (in, awaiting data)
[894] +29.436226 ASYNC-IN-DONE ep=0x81 len=0 status=2 actual=0
[895] +29.436337 ASYNC-IN-SUBMIT ep=0x81 len=0 type=BULK (in, awaiting data)
[896] +29.534523 ASYNC-IN-DONE ep=0x81 len=16 status=0 actual=16
	0000  08 00 00 18 ef 03 01 10  00 30 00 10 65 02 00 00 |.........0..e...|
[897] +29.534666 ASYNC-IN-SUBMIT ep=0x81 len=0 type=BULK (in, awaiting data)
[898] +29.534855 ASYNC-IN-DONE ep=0x81 len=16 status=0 actual=16
	0000  08 00 00 18 ed 03 80 10  00 32 00 10 c3 02 00 00 |.........2......|
[899] +29.534918 ASYNC-IN-SUBMIT ep=0x81 len=0 type=BULK (in, awaiting data)
[900] +29.575911 ASYNC-OUT ep=0x01 len=16 type=BULK 
	0000  08 00 00 18 80 10 ed 03  00 2f 00 10 0e 1b 00 00 |........./......|
[901] +29.576114 ASYNC-OUT ep=0x01 len=16 type=BULK 
	0000  08 00 00 18 02 10 f0 03  00 1b 00 10 22 10 00 00 |............"...|
[902] +29.576227 ASYNC-OUT-DONE ep=0x01 len=0 status=0 actual=16
[903] +29.576311 ASYNC-OUT-DONE ep=0x01 len=0 status=0 actual=16
[904] +29.644818 ASYNC-IN-DONE ep=0x81 len=0 status=2 actual=0
[905] +29.644910 ASYNC-IN-SUBMIT ep=0x81 len=0 type=BULK (in, awaiting data)
[906] +29.757739 ASYNC-IN-DONE ep=0x81 len=0 status=2 actual=0
[907] +29.757849 ASYNC-IN-SUBMIT ep=0x81 len=0 type=BULK (in, awaiting data)
[908] +29.870676 ASYNC-IN-DONE ep=0x81 len=0 status=2 actual=0
[909] +29.870727 ASYNC-IN-SUBMIT ep=0x81 len=0 type=BULK (in, awaiting data)
[910] +29.983582 ASYNC-IN-DONE ep=0x81 len=0 status=2 actual=0
[911] +29.983661 ASYNC-IN-SUBMIT ep=0x81 len=0 type=BULK (in, awaiting data)
[912] +30.095145 ASYNC-IN-DONE ep=0x81 len=0 status=2 actual=0
[913] +30.095222 ASYNC-IN-SUBMIT ep=0x81 len=0 type=BULK (in, awaiting data)
[914] +30.208072 ASYNC-IN-DONE ep=0x81 len=0 status=2 actual=0
[915] +30.208167 ASYNC-IN-SUBMIT ep=0x81 len=0 type=BULK (in, awaiting data)
[916] +30.302018 ASYNC-OUT ep=0x01 len=16 type=BULK 
	0000  08 00 00 18 01 10 ef 03  00 2f 00 10 93 1e 00 00 |........./......|
[917] +30.302343 ASYNC-OUT-DONE ep=0x01 len=0 status=0 actual=16
[918] +30.320200 ASYNC-IN-DONE ep=0x81 len=0 status=2 actual=0
[919] +30.320313 ASYNC-IN-SUBMIT ep=0x81 len=0 type=BULK (in, awaiting data)
[920] +30.337126 ASYNC-IN-DONE ep=0x81 len=16 status=0 actual=16
	0000  08 00 00 18 f0 03 02 10  00 1c 00 10 09 02 00 00 |................|
[921] +30.337235 ASYNC-IN-SUBMIT ep=0x81 len=0 type=BULK (in, awaiting data)
[922] +30.450093 ASYNC-IN-DONE ep=0x81 len=0 status=2 actual=0
[923] +30.450144 ASYNC-IN-SUBMIT ep=0x81 len=0 type=BULK (in, awaiting data)
[924] +30.538113 ASYNC-IN-DONE ep=0x81 len=16 status=0 actual=16
	0000  08 00 00 18 ef 03 01 10  00 31 00 10 65 02 00 00 |.........1..e...|
[925] +30.538223 ASYNC-IN-SUBMIT ep=0x81 len=0 type=BULK (in, awaiting data)
[926] +30.538343 ASYNC-IN-DONE ep=0x81 len=16 status=0 actual=16
	0000  08 00 00 18 ed 03 80 10  00 33 00 10 c3 02 00 00 |.........3......|
[927] +30.538373 ASYNC-IN-SUBMIT ep=0x81 len=0 type=BULK (in, awaiting data)
[928] +30.613288 ASYNC-OUT ep=0x01 len=16 type=BULK 
	0000  08 00 00 18 80 10 ed 03  00 30 00 10 0e 1b 00 00 |.........0......|
[929] +30.613534 ASYNC-OUT ep=0x01 len=16 type=BULK 
	0000  08 00 00 18 02 10 f0 03  00 1c 00 10 22 10 00 00 |............"...|
[930] +30.613641 ASYNC-OUT-DONE ep=0x01 len=0 status=0 actual=16
[931] +30.613730 ASYNC-OUT-DONE ep=0x01 len=0 status=0 actual=16
[932] +30.646259 ASYNC-IN-DONE ep=0x81 len=0 status=2 actual=0
[933] +30.646354 ASYNC-IN-SUBMIT ep=0x81 len=0 type=BULK (in, awaiting data)
[934] +30.752186 ASYNC-IN-DONE ep=0x81 len=0 status=2 actual=0
[935] +30.752310 ASYNC-IN-SUBMIT ep=0x81 len=0 type=BULK (in, awaiting data)
[936] +30.865071 ASYNC-IN-DONE ep=0x81 len=0 status=2 actual=0
[937] +30.865117 ASYNC-IN-SUBMIT ep=0x81 len=0 type=BULK (in, awaiting data)
[938] +30.971115 ASYNC-IN-DONE ep=0x81 len=0 status=2 actual=0
[939] +30.971210 ASYNC-IN-SUBMIT ep=0x81 len=0 type=BULK (in, awaiting data)
[940] +31.081697 ASYNC-IN-DONE ep=0x81 len=0 status=2 actual=0
[941] +31.081776 ASYNC-IN-SUBMIT ep=0x81 len=0 type=BULK (in, awaiting data)
[942] +31.186682 ASYNC-IN-DONE ep=0x81 len=0 status=2 actual=0
[943] +31.186765 ASYNC-IN-SUBMIT ep=0x81 len=0 type=BULK (in, awaiting data)
[944] +31.296968 ASYNC-IN-DONE ep=0x81 len=0 status=2 actual=0
[945] +31.297054 ASYNC-IN-SUBMIT ep=0x81 len=0 type=BULK (in, awaiting data)
[946] +31.340103 ASYNC-OUT ep=0x01 len=16 type=BULK 
	0000  08 00 00 18 01 10 ef 03  00 30 00 10 93 1e 00 00 |.........0......|
[947] +31.340391 ASYNC-OUT-DONE ep=0x01 len=0 status=0 actual=16
[948] +31.341007 ASYNC-IN-DONE ep=0x81 len=16 status=0 actual=16
	0000  08 00 00 18 f0 03 02 10  00 1d 00 10 09 02 00 00 |................|
[949] +31.341051 ASYNC-IN-SUBMIT ep=0x81 len=0 type=BULK (in, awaiting data)
[950] +31.451162 ASYNC-IN-DONE ep=0x81 len=0 status=2 actual=0
[951] +31.451293 ASYNC-IN-SUBMIT ep=0x81 len=0 type=BULK (in, awaiting data)
### MARK MENU-PasteAfter
[952] +31.541486 ASYNC-IN-DONE ep=0x81 len=16 status=0 actual=16
	0000  08 00 00 18 ef 03 01 10  00 32 00 10 65 02 00 00 |.........2..e...|
[953] +31.541511 ASYNC-IN-SUBMIT ep=0x81 len=0 type=BULK (in, awaiting data)
[954] +31.541626 ASYNC-IN-DONE ep=0x81 len=16 status=0 actual=16
	0000  08 00 00 18 ed 03 80 10  00 34 00 10 c3 02 00 00 |.........4......|
[955] +31.541643 ASYNC-IN-SUBMIT ep=0x81 len=0 type=BULK (in, awaiting data)
[956] +31.647032 ASYNC-IN-DONE ep=0x81 len=0 status=2 actual=0
[957] +31.647067 ASYNC-IN-SUBMIT ep=0x81 len=0 type=BULK (in, awaiting data)
[958] +31.652195 ASYNC-OUT ep=0x01 len=512 type=BULK 
	0000  f8 01 00 18 80 10 ed 03  00 31 00 14 0e 1b 00 00 |.........1......|
	0010  01 00 06 00 91 0a 00 00  83 66 cd 03 f2 64 15 65 |.........f...d.e|
	0020  81 6e da 0a 84 a9 6c 36  2d 68 65 6c 69 78 00 da |.n....l6-helix..|
	0030  00 30 3d 00 00 00 60 00  00 00 23 03 00 00 25 03 |.0=...`...#...%.|
	0040  00 00 30 03 00 00 3c 03  00 00 2c 04 00 00 8d 04 |..0...<...,.....|
	0050  00 00 3e 00 00 00 93 04  00 00 84 0a 00 00 84 0a |..>.............|
	0060  00 00 89 07 83 24 a4 50  33 33 00 23 ce 03 80 00 |.....$.P33.#....|
	0070  00 25 b2 76 33 2e 37 31  2d 33 32 2d 67 31 30 33 |.%.v3.71-32-g103|
	0080  39 36 36 31 00 00 82 15  00 16 dc 00 14 82 13 00 |9661............|
	0090  14 82 05 01 07 83 02 03  03 03 04 93 c2 ca c2 40 |...............@|
	00a0  00 00 ca 3f 00 00 00 82  13 06 14 85 18 83 17 c2 |...?............|
	00b0  19 65 1a ff 09 01 0a c3  0b 83 02 03 03 03 04 93 |.e..............|
	00c0  ca 3c 23 d7 00 ca 3e 42  8f 60 ca 3f 7a e1 48 0c |.<#...>B.`.?z.H.|
	00d0  83 02 00 03 00 04 90 82  13 06 14 85 18 83 17 c2 |................|
	00e0  19 65 1a ff 09 01 0a c3  0b 83 02 03 03 03 04 93 |.e..............|
	00f0  ca 3c 23 d7 00 ca 3e 42  8f 60 ca 3f 7a e1 48 0c |.<#...>B.`.?z.H.|
	0100  83 02 00 03 00 04 90 82  13 06 14 85 18 83 17 c2 |................|
	0110  19 cd 01 43 1a ff 09 01  0a c3 0b 83 02 06 03 06 |...C............|
	0120  04 96 ca c1 23 33 33 ca  c0 d3 33 33 ca 00 00 00 |....#33...33....|
	0130  00 ca 00 00 00 00 ca 00  00 00 00 ca 40 6c cc d0 |............@l..|
	0140  0c 83 02 00 03 00 04 90  82 13 06 14 85 18 83 17 |................|
	0150  c3 19 12 1a 3e 09 12 0a  c3 0b 83 02 0c 03 0c 04 |....>...........|
	0160  9c ca 3f 6b 85 20 ca 3e  a3 d7 08 ca 3f 23 d7 0a |..?k. .>....?#..|
	0170  ca 3f 38 51 ec ca 3f 1e  b8 52 ca 3f 63 d7 0a ca |.?8Q..?..R.?c...|
	0180  3e 38 51 f0 ca 3e 4c cc  d0 ca 3e 8a 3d 70 ca 3f |>8Q..>L...>.=p.?|
	0190  00 00 00 ca 3f 19 99 9a  ca 3f 19 99 9a 0c 83 02 |....?....?......|
	01a0  06 03 05 04 96 ca 41 00  00 00 ca 41 9f 33 33 ca |......A....A.33.|
	01b0  46 1f 60 00 ca 3e 75 c2  90 ca 00 00 00 00 05 82 |F.`..>u.........|
	01c0  13 06 14 85 18 83 17 c2  19 cd 01 43 1a ff 09 01 |...........C....|
	01d0  0a c3 0b 83 02 06 03 06  04 96 ca 3f ff ff f8 ca |...........?....|
	01e0  40 39 99 95 ca c0 86 66  68 ca 40 40 00 00 ca 3e |@9.....fh.@@...>|
	01f0  cc cc c0 ca 00 00 00 00  0c 83 02 00 03 00 04 90 |................|
[959] +31.653104 ASYNC-OUT ep=0x01 len=32 type=BULK 
	0000  18 00 00 18 80 10 ed 03  00 32 00 04 0e 1b 00 00 |.........2......|
	0010  82 13 06 14 85 18 83 17  c2 19 cc 81 1a ff 09 01 |................|
[960] +31.653262 ASYNC-OUT ep=0x01 len=16 type=BULK 
	0000  08 00 00 18 02 10 f0 03  00 1d 00 10 22 10 00 00 |............"...|
[961] +31.653289 ASYNC-OUT-DONE ep=0x01 len=0 status=0 actual=512
[962] +31.656101 ASYNC-OUT-DONE ep=0x01 len=0 status=0 actual=32
[963] +31.656444 ASYNC-OUT-DONE ep=0x01 len=0 status=0 actual=16
[964] +31.657227 ASYNC-IN-DONE ep=0x81 len=16 status=0 actual=16
	0000  08 00 00 18 ed 03 80 10  00 35 00 08 c3 04 00 00 |.........5......|
[965] +31.657276 ASYNC-IN-SUBMIT ep=0x81 len=0 type=BULK (in, awaiting data)
[966] +31.657307 ASYNC-OUT ep=0x01 len=512 type=BULK 
	0000  f8 01 00 18 80 10 ed 03  00 33 00 04 0e 1b 00 00 |.........3......|
	0010  0a c3 0b 83 02 0b 03 0b  04 9b ca c0 b9 99 9a ca |................|
	0020  c0 06 66 62 ca 40 60 00  00 ca c0 e0 00 00 ca c0 |..fb.@`.........|
	0030  a3 33 31 ca bf 66 66 60  ca c0 00 00 00 ca 3f b3 |.31..ff`......?.|
	0040  33 34 ca c1 26 66 66 ca  c1 70 00 00 ca 00 00 00 |34..&ff..p......|
	0050  00 0c 83 02 00 03 00 04  90 82 13 06 14 85 18 83 |................|
	0060  17 c2 19 78 1a ff 09 01  0a c3 0b 83 02 06 03 06 |...x............|
	0070  04 96 ca 3e a8 f5 c4 ca  3f 11 eb 84 c2 ca 3d b8 |...>....?.....=.|
	0080  51 f0 ca 3f 80 00 00 ca  00 00 00 00 0c 83 02 00 |Q..?............|
	0090  03 00 04 90 82 13 08 14  c0 82 13 01 14 82 06 01 |................|
	00a0  07 83 02 02 03 02 04 92  ca 3f 00 00 00 ca 00 00 |.........?......|
	00b0  00 00 82 13 02 14 83 0e  82 05 00 07 83 02 00 03 |................|
	00c0  00 04 90 0f 84 08 cd 01  01 0d 01 0a c3 07 83 02 |................|
	00d0  03 03 03 04 93 ca 3f 00  00 00 ca 3f 00 00 00 c2 |......?....?....|
	00e0  12 c2 82 13 08 14 c0 82  13 08 14 c0 82 13 08 14 |................|
	00f0  c0 82 13 08 14 c0 82 13  08 14 c0 82 13 08 14 c0 |................|
	0100  82 13 08 14 c0 82 13 08  14 c0 82 13 03 14 83 10 |................|
	0110  82 06 00 07 83 02 00 03  00 04 90 11 84 08 cc 97 |................|
	0120  0d 09 0a c3 07 83 02 06  03 06 04 96 ca 00 00 00 |................|
	0130  00 ca 3f 00 00 00 ca 00  00 00 00 ca 3f 00 00 00 |..?.........?...|
	0140  c2 ca 00 00 00 00 12 c2  01 c0 03 82 07 01 08 95 |................|
	0150  c0 c0 c0 c0 c0 04 9a c0  c0 c0 c0 c0 c0 c0 c0 c0 |................|
	0160  c0 02 82 00 9d d1 00 00  d1 00 00 d1 00 00 d1 00 |................|
	0170  00 d1 00 00 d1 00 00 d1  00 00 d1 00 00 d1 00 00 |................|
	0180  d1 00 00 d1 00 00 d1 00  00 d1 00 00 01 9d 97 cc |................|
	0190  00 cc 00 cc 00 cc 00 cc  00 cc 00 cc 00 97 cc 00 |................|
	01a0  cc 00 cc 00 cc 00 cc 00  cc 00 cc 00 97 cc 00 cc |................|
	01b0  00 cc 00 cc 00 cc 00 cc  00 cc 00 97 cc 00 cc 00 |................|
	01c0  cc 00 cc 00 cc 00 cc 00  cc 00 97 cc 00 cc 00 cc |................|
	01d0  00 cc 00 cc 00 cc 00 cc  00 97 cc 00 cc 00 cc 00 |................|
	01e0  cc 00 cc 00 cc 00 cc 00  97 cc 00 cc 00 cc 00 cc |................|
	01f0  00 cc 00 cc 00 cc 00 97  cc 00 cc 00 cc 00 cc 00 |................|
[967] +31.658091 ASYNC-OUT ep=0x01 len=32 type=BULK 
	0000  18 00 00 18 80 10 ed 03  00 34 00 04 0e 1b 00 00 |.........4......|
	0010  cc 00 cc 00 cc 00 97 cc  00 cc 00 cc 00 cc 00 cc |................|
[968] +31.658194 ASYNC-OUT-DONE ep=0x01 len=0 status=0 actual=512
[969] +31.661121 ASYNC-OUT-DONE ep=0x01 len=0 status=0 actual=32
[970] +31.661838 ASYNC-IN-DONE ep=0x81 len=16 status=0 actual=16
	0000  08 00 00 18 ed 03 80 10  00 36 00 08 c3 06 00 00 |.........6......|
[971] +31.661887 ASYNC-IN-SUBMIT ep=0x81 len=0 type=BULK (in, awaiting data)
[972] +31.661905 ASYNC-OUT ep=0x01 len=512 type=BULK 
	0000  f8 01 00 18 80 10 ed 03  00 35 00 04 0e 1b 00 00 |.........5......|
	0010  00 cc 00 cc 00 97 cc 00  cc 00 cc 00 cc 00 cc 00 |................|
	0020  cc 00 cc 00 97 cc 00 cc  00 cc 00 cc 00 cc 00 cc |................|
	0030  00 cc 00 97 cc 00 cc 00  cc 00 cc 00 cc 00 cc 00 |................|
	0040  cc 00 97 cc 00 cc 00 cc  00 cc 00 cc 00 cc 00 cc |................|
	0050  00 05 de 00 19 10 ca 42  f0 00 00 2d 00 2e ca bd |.......B...-....|
	0060  cc cc d0 2f ca bd cc cc  d0 30 00 31 c3 32 00 33 |.../.....0.1.2.3|
	0070  00 34 00 35 00 36 00 37  00 38 c3 1e 00 6f ca 3f |.4.5.6.7.8...o.?|
	0080  80 00 00 70 ca 3f 80 00  00 71 ca 3f 80 00 00 72 |...p.?...q.?...r|
	0090  ca 3f 80 00 00 73 ca 3f  80 00 00 74 ca 3f 80 00 |.?...s.?...t.?..|
	00a0  00 cd 01 7c 02 cd 01 7d  02 cc fc 00 cc fd 00 cc |...|...}........|
	00b0  86 00 06 82 62 01 1a 00  0a 86 06 00 07 00 08 00 |....b...........|
	00c0  09 14 0a 93 88 00 c3 01  9d 93 0d c2 97 00 00 00 |................|
	00d0  00 00 00 00 93 0d c2 97  00 00 00 00 00 00 00 93 |................|
	00e0  0d c2 97 00 00 00 00 00  00 00 93 0d c2 97 00 00 |................|
	00f0  00 00 00 00 00 93 0d c2  97 00 00 00 00 00 00 00 |................|
	0100  93 0d c2 97 00 00 00 00  00 00 00 93 0d c2 97 00 |................|
	0110  00 00 00 00 00 00 93 0d  c2 97 00 00 00 00 00 00 |................|
	0120  00 93 0d c2 97 00 00 00  00 00 00 00 93 0d c2 97 |................|
	0130  00 00 00 00 00 00 00 93  0d c2 97 00 00 00 00 00 |................|
	0140  00 00 93 0d c2 97 00 00  00 00 00 00 00 93 0d c2 |................|
	0150  97 00 00 00 00 00 00 00  02 dc 00 40 93 c2 40 c0 |...........@..@.|
	0160  93 c2 40 c0 93 c2 40 c0  93 c2 40 c0 93 c2 40 c0 |..@...@...@...@.|
	0170  93 c2 40 c0 93 c2 40 c0  93 c2 40 c0 93 c2 40 c0 |..@...@...@...@.|
	0180  93 c2 40 c0 93 c2 40 c0  93 c2 40 c0 93 c2 40 c0 |..@...@...@...@.|
	0190  93 c2 40 c0 93 c2 40 c0  93 c2 40 c0 93 c2 40 c0 |..@...@...@...@.|
	01a0  93 c2 40 c0 93 c2 40 c0  93 c2 40 c0 93 c2 40 c0 |..@...@...@...@.|
	01b0  93 c2 40 c0 93 c2 40 c0  93 c2 40 c0 93 c2 40 c0 |..@...@...@...@.|
	01c0  93 c2 40 c0 93 c2 40 c0  93 c2 40 c0 93 c2 40 c0 |..@...@...@...@.|
	01d0  93 c2 40 c0 93 c2 40 c0  93 c2 40 c0 93 c2 40 c0 |..@...@...@...@.|
	01e0  93 c2 40 c0 93 c2 40 c0  93 c2 40 c0 93 c2 40 c0 |..@...@...@...@.|
	01f0  93 c2 40 c0 93 c2 40 c0  93 c2 40 c0 93 c2 40 c0 |..@...@...@...@.|
[973] +31.662637 ASYNC-OUT ep=0x01 len=32 type=BULK 
	0000  18 00 00 18 80 10 ed 03  00 36 00 04 0e 1b 00 00 |.........6......|
	0010  93 c2 40 c0 93 c2 40 c0  93 c2 40 c0 93 c2 40 c0 |..@...@...@...@.|
[974] +31.662770 ASYNC-OUT-DONE ep=0x01 len=0 status=0 actual=512
[975] +31.665747 ASYNC-OUT-DONE ep=0x01 len=0 status=0 actual=32
[976] +31.666738 ASYNC-IN-DONE ep=0x81 len=36 status=0 actual=36
	0000  19 00 00 18 ed 03 80 10  00 37 00 04 cb 06 00 00 |.........7......|
	0010  00 00 06 00 09 00 00 00  83 66 cd 03 f2 67 01 68 |.........f...g.h|
	0020  c0 79 13 6a                                      |.y.j|
[977] +31.666791 ASYNC-IN-SUBMIT ep=0x81 len=0 type=BULK (in, awaiting data)
[978] +31.666828 ASYNC-OUT ep=0x01 len=24 type=BULK 
	0000  10 00 00 18 80 10 ed 03  00 37 00 04 0e 1b 00 00 |.........7......|
	0010  93 c2 40 c0 93 c2 40 c0                          |..@...@.|
[979] +31.666970 ASYNC-IN-DONE ep=0x81 len=16 status=0 actual=16
	0000  08 00 00 18 ed 03 80 10  00 38 00 08 c3 08 00 00 |.........8......|
[980] +31.666989 ASYNC-IN-SUBMIT ep=0x81 len=0 type=BULK (in, awaiting data)
[981] +31.667015 ASYNC-OUT ep=0x01 len=512 type=BULK 
	0000  f8 01 00 18 80 10 ed 03  00 38 00 04 1f 1b 00 00 |.........8......|
	0010  93 c2 40 c0 93 c2 40 c0  93 c2 40 c0 93 c2 40 c0 |..@...@...@...@.|
	0020  93 c2 40 c0 93 c2 40 c0  93 c2 40 c0 93 c2 40 c0 |..@...@...@...@.|
	0030  93 c2 40 c0 93 c2 40 c0  93 c2 40 c0 93 c2 40 c0 |..@...@...@...@.|
	0040  93 c2 40 c0 93 c2 40 c0  93 c2 40 c0 93 c2 40 c0 |..@...@...@...@.|
	0050  93 c2 40 c0 03 dc 00 14  92 c0 c2 92 c0 c3 92 c0 |..@.............|
	0060  c3 92 c0 c3 92 c0 c3 92  c0 c3 92 c0 c3 92 c0 c3 |................|
	0070  92 c0 c3 92 c0 c2 92 c0  c3 92 c0 c3 92 c0 c3 92 |................|
	0080  c0 c3 92 c0 c3 92 c0 c3  92 c0 c3 92 c0 c3 92 c0 |................|
	0090  c3 92 c0 c2 04 ab 53 4e  41 50 53 48 4f 54 20 31 |......SNAPSHOT 1|
	00a0  00 05 ca 42 f0 00 00 0c  00 0e c2 88 00 c3 01 9d |...B............|
	00b0  93 0d c2 97 00 00 00 00  00 00 00 93 0d c2 97 00 |................|
	00c0  00 00 00 00 00 00 93 0d  c2 97 00 00 00 00 00 00 |................|
	00d0  00 93 0d c2 97 00 00 00  00 00 00 00 93 0d c2 97 |................|
	00e0  00 00 00 00 00 00 00 93  0d c2 97 00 00 00 00 00 |................|
	00f0  00 00 93 0d c2 97 00 00  00 00 00 00 00 93 0d c2 |................|
	0100  97 00 00 00 00 00 00 00  93 0d c2 97 00 00 00 00 |................|
	0110  00 00 00 93 0d c2 97 00  00 00 00 00 00 00 93 0d |................|
	0120  c2 97 00 00 00 00 00 00  00 93 0d c2 97 00 00 00 |................|
	0130  00 00 00 00 93 0d c2 97  00 00 00 00 00 00 00 02 |................|
	0140  dc 00 40 93 c2 40 c0 93  c2 40 c0 93 c2 40 c0 93 |..@..@...@...@..|
	0150  c2 40 c0 93 c2 40 c0 93  c2 40 c0 93 c2 40 c0 93 |.@...@...@...@..|
	0160  c2 40 c0 93 c2 40 c0 93  c2 40 c0 93 c2 40 c0 93 |.@...@...@...@..|
	0170  c2 40 c0 93 c2 40 c0 93  c2 40 c0 93 c2 40 c0 93 |.@...@...@...@..|
	0180  c2 40 c0 93 c2 40 c0 93  c2 40 c0 93 c2 40 c0 93 |.@...@...@...@..|
	0190  c2 40 c0 93 c2 40 c0 93  c2 40 c0 93 c2 40 c0 93 |.@...@...@...@..|
	01a0  c2 40 c0 93 c2 40 c0 93  c2 40 c0 93 c2 40 c0 93 |.@...@...@...@..|
	01b0  c2 40 c0 93 c2 40 c0 93  c2 40 c0 93 c2 40 c0 93 |.@...@...@...@..|
	01c0  c2 40 c0 93 c2 40 c0 93  c2 40 c0 93 c2 40 c0 93 |.@...@...@...@..|
	01d0  c2 40 c0 93 c2 40 c0 93  c2 40 c0 93 c2 40 c0 93 |.@...@...@...@..|
	01e0  c2 40 c0 93 c2 40 c0 93  c2 40 c0 93 c2 40 c0 93 |.@...@...@...@..|
	01f0  c2 40 c0 93 c2 40 c0 93  c2 40 c0 93 c2 40 c0 93 |.@...@...@...@..|
[982] +31.667221 ASYNC-OUT-DONE ep=0x01 len=0 status=0 actual=24
[983] +31.667270 ASYNC-OUT ep=0x01 len=24 type=BULK 
	0000  10 00 00 18 80 10 ed 03  00 39 00 04 1f 1b 00 00 |.........9......|
	0010  c2 40 c0 93 c2 40 c0 93                          |.@...@..|
[984] +31.667324 ASYNC-OUT-DONE ep=0x01 len=0 status=0 actual=512
[985] +31.667493 ASYNC-IN-DONE ep=0x81 len=16 status=0 actual=16
	0000  08 00 00 18 ed 03 80 10  00 39 00 08 cb 08 00 00 |.........9......|
[986] +31.667506 ASYNC-IN-SUBMIT ep=0x81 len=0 type=BULK (in, awaiting data)
[987] +31.667517 ASYNC-OUT ep=0x01 len=24 type=BULK 
	0000  10 00 00 18 80 10 ed 03  00 3a 00 04 1f 1b 00 00 |.........:......|
	0010  c2 40 c0 93 c2 40 c0 93                          |.@...@..|
[988] +31.670664 ASYNC-OUT-DONE ep=0x01 len=0 status=0 actual=24
[989] +31.671025 ASYNC-OUT-DONE ep=0x01 len=0 status=0 actual=24
[990] +31.704225 ASYNC-OUT ep=0x01 len=16 type=BULK 
	0000  08 00 00 18 80 10 ed 03  00 3b 00 08 1f 1b 00 00 |.........;......|
[991] +31.704492 ASYNC-OUT-DONE ep=0x01 len=0 status=0 actual=16
[992] +31.742089 ASYNC-IN-DONE ep=0x81 len=16 status=0 actual=16
	0000  08 00 00 18 ed 03 80 10  00 3a 00 08 cb 0a 00 00 |.........:......|
[993] +31.742119 ASYNC-IN-SUBMIT ep=0x81 len=0 type=BULK (in, awaiting data)
[994] +31.742166 ASYNC-OUT ep=0x01 len=512 type=BULK 
	0000  f8 01 00 18 80 10 ed 03  00 3c 00 04 1f 1b 00 00 |.........<......|
	0010  c2 40 c0 93 c2 40 c0 93  c2 40 c0 93 c2 40 c0 93 |.@...@...@...@..|
	0020  c2 40 c0 93 c2 40 c0 93  c2 40 c0 93 c2 40 c0 93 |.@...@...@...@..|
	0030  c2 40 c0 93 c2 40 c0 93  c2 40 c0 93 c2 40 c0 93 |.@...@...@...@..|
	0040  c2 40 c0 03 dc 00 14 92  c0 c2 92 c0 c3 92 c0 c3 |.@..............|
	0050  92 c0 c3 92 c0 c3 92 c0  c3 92 c0 c3 92 c0 c3 92 |................|
	0060  c0 c3 92 c0 c2 92 c0 c3  92 c0 c3 92 c0 c3 92 c0 |................|
	0070  c3 92 c0 c3 92 c0 c3 92  c0 c3 92 c0 c3 92 c0 c3 |................|
	0080  92 c0 c2 04 ab 53 4e 41  50 53 48 4f 54 20 32 00 |.....SNAPSHOT 2.|
	0090  05 ca 42 f0 00 00 0c 00  0e c2 88 00 c3 01 9d 93 |..B.............|
	00a0  0d c2 97 00 00 00 00 00  00 00 93 0d c2 97 00 00 |................|
	00b0  00 00 00 00 00 93 0d c2  97 00 00 00 00 00 00 00 |................|
	00c0  93 0d c2 97 00 00 00 00  00 00 00 93 0d c2 97 00 |................|
	00d0  00 00 00 00 00 00 93 0d  c2 97 00 00 00 00 00 00 |................|
	00e0  00 93 0d c2 97 00 00 00  00 00 00 00 93 0d c2 97 |................|
	00f0  00 00 00 00 00 00 00 93  0d c2 97 00 00 00 00 00 |................|
	0100  00 00 93 0d c2 97 00 00  00 00 00 00 00 93 0d c2 |................|
	0110  97 00 00 00 00 00 00 00  93 0d c2 97 00 00 00 00 |................|
	0120  00 00 00 93 0d c2 97 00  00 00 00 00 00 00 02 dc |................|
	0130  00 40 93 c2 40 c0 93 c2  40 c0 93 c2 40 c0 93 c2 |.@..@...@...@...|
	0140  40 c0 93 c2 40 c0 93 c2  40 c0 93 c2 40 c0 93 c2 |@...@...@...@...|
	0150  40 c0 93 c2 40 c0 93 c2  40 c0 93 c2 40 c0 93 c2 |@...@...@...@...|
	0160  40 c0 93 c2 40 c0 93 c2  40 c0 93 c2 40 c0 93 c2 |@...@...@...@...|
	0170  40 c0 93 c2 40 c0 93 c2  40 c0 93 c2 40 c0 93 c2 |@...@...@...@...|
	0180  40 c0 93 c2 40 c0 93 c2  40 c0 93 c2 40 c0 93 c2 |@...@...@...@...|
	0190  40 c0 93 c2 40 c0 93 c2  40 c0 93 c2 40 c0 93 c2 |@...@...@...@...|
	01a0  40 c0 93 c2 40 c0 93 c2  40 c0 93 c2 40 c0 93 c2 |@...@...@...@...|
	01b0  40 c0 93 c2 40 c0 93 c2  40 c0 93 c2 40 c0 93 c2 |@...@...@...@...|
	01c0  40 c0 93 c2 40 c0 93 c2  40 c0 93 c2 40 c0 93 c2 |@...@...@...@...|
	01d0  40 c0 93 c2 40 c0 93 c2  40 c0 93 c2 40 c0 93 c2 |@...@...@...@...|
	01e0  40 c0 93 c2 40 c0 93 c2  40 c0 93 c2 40 c0 93 c2 |@...@...@...@...|
	01f0  40 c0 93 c2 40 c0 93 c2  40 c0 93 c2 40 c0 93 c2 |@...@...@...@...|
[995] +31.742992 ASYNC-OUT ep=0x01 len=32 type=BULK 
	0000  18 00 00 18 80 10 ed 03  00 3d 00 04 1f 1b 00 00 |.........=......|
	0010  40 c0 93 c2 40 c0 93 c2  40 c0 93 c2 40 c0 93 c2 |@...@...@...@...|
[996] +31.743090 ASYNC-OUT-DONE ep=0x01 len=0 status=0 actual=512
[997] +31.746043 ASYNC-OUT-DONE ep=0x01 len=0 status=0 actual=32
[998] +31.746792 ASYNC-IN-DONE ep=0x81 len=16 status=0 actual=16
	0000  08 00 00 18 ed 03 80 10  00 3b 00 08 cb 0c 00 00 |.........;......|
[999] +31.746824 ASYNC-IN-SUBMIT ep=0x81 len=0 type=BULK (in, awaiting data)
[1000] +31.746864 ASYNC-OUT ep=0x01 len=164 type=BULK 
	0000  99 00 00 18 80 10 ed 03  00 3e 00 04 1f 1b 00 00 |.........>......|
	0010  40 c0 93 c2 40 c0 93 c2  40 c0 93 c2 40 c0 93 c2 |@...@...@...@...|
	0020  40 c0 93 c2 40 c0 93 c2  40 c0 93 c2 40 c0 93 c2 |@...@...@...@...|
	0030  40 c0 03 dc 00 14 92 c0  c2 92 c0 c3 92 c0 c3 92 |@...............|
	0040  c0 c3 92 c0 c3 92 c0 c3  92 c0 c3 92 c0 c3 92 c0 |................|
	0050  c3 92 c0 c2 92 c0 c3 92  c0 c3 92 c0 c3 92 c0 c3 |................|
	0060  92 c0 c3 92 c0 c3 92 c0  c3 92 c0 c3 92 c0 c3 92 |................|
	0070  c0 c2 04 ab 53 4e 41 50  53 48 4f 54 20 33 00 05 |....SNAPSHOT 3..|
	0080  ca 42 f0 00 00 0c 00 0e  c2 0d dc 00 14 c3 c3 c3 |.B..............|
	0090  c3 c3 c3 c3 c3 c3 c3 c3  c3 c3 c3 c3 c3 c3 c3 c3 |................|
	00a0  c3 00 00 00                                      |....|
[1001] +31.747332 ASYNC-OUT-DONE ep=0x01 len=0 status=0 actual=164
[1002] +31.848199 ASYNC-IN-DONE ep=0x81 len=0 status=2 actual=0
[1003] +31.848242 ASYNC-IN-SUBMIT ep=0x81 len=0 type=BULK (in, awaiting data)
[1004] +31.942610 ASYNC-IN-DONE ep=0x81 len=16 status=0 actual=16
	0000  08 00 00 18 ed 03 80 10  00 3c 00 08 5c 0d 00 00 |.........<..\...|
[1005] +31.942692 ASYNC-IN-SUBMIT ep=0x81 len=0 type=BULK (in, awaiting data)
[1006] +31.981398 ASYNC-IN-DONE ep=0x81 len=44 status=0 actual=44
	0000  21 00 00 18 f0 03 02 10  00 1e 00 04 09 02 00 00 |!...............|
	0010  00 00 04 00 11 00 00 00  82 69 27 6a 84 52 01 44 |.........i'j.R.D|
	0020  03 79 13 6a 82 62 01 1a  00 7b c2 7c             |.y.j.b...{.||
[1007] +31.981574 ASYNC-IN-SUBMIT ep=0x81 len=0 type=BULK (in, awaiting data)
[1008] +31.984309 ASYNC-IN-DONE ep=0x81 len=40 status=0 actual=40
	0000  1d 00 00 18 f0 03 02 10  00 1f 00 04 09 02 00 00 |................|
	0010  00 00 04 00 0d 00 00 00  82 69 16 6a 84 52 00 44 |.........i.j.R.D|
	0020  0a 79 1b 6a c0 62 01 1a                          |.y.j.b..|
[1009] +31.984404 ASYNC-IN-SUBMIT ep=0x81 len=0 type=BULK (in, awaiting data)
[1010] +32.015922 ASYNC-OUT ep=0x01 len=16 type=BULK 
	0000  08 00 00 18 02 10 f0 03  00 1e 00 08 50 10 00 00 |............P...|
[1011] +32.016161 ASYNC-OUT-DONE ep=0x01 len=0 status=0 actual=16
[1012] +32.051635 ASYNC-IN-DONE ep=0x81 len=40 status=0 actual=40
	0000  1d 00 00 18 f0 03 02 10  00 20 00 04 09 02 00 00 |......... ......|
	0010  00 00 04 00 0d 00 00 00  82 69 14 6a 83 66 cd 03 |.........i.j.f..|
	0020  f2 67 00 68 c0 62 01 1a                          |.g.h.b..|
[1013] +32.051742 ASYNC-IN-SUBMIT ep=0x81 len=0 type=BULK (in, awaiting data)
[1014] +32.053566 ASYNC-IN-DONE ep=0x81 len=32 status=0 actual=32
	0000  15 00 00 18 f0 03 02 10  00 21 00 04 09 02 00 00 |.........!......|
	0010  00 00 04 00 05 00 00 00  82 69 15 6a c0 66 cd 03 |.........i.j.f..|
[1015] +32.053617 ASYNC-IN-SUBMIT ep=0x81 len=0 type=BULK (in, awaiting data)
[1016] +32.067936 ASYNC-OUT ep=0x01 len=40 type=BULK 
	0000  1d 00 00 18 80 10 ed 03  00 3f 00 04 1f 1b 00 00 |.........?......|
	0010  01 00 06 00 0d 00 00 00  83 66 cd 03 f3 64 4e 65 |.........f...dNe|
	0020  82 62 02 1a 00 00 00 00                          |.b......|
[1017] +32.068145 ASYNC-OUT ep=0x01 len=16 type=BULK 
	0000  08 00 00 18 02 10 f0 03  00 1f 00 08 72 10 00 00 |............r...|
[1018] +32.068272 ASYNC-OUT-DONE ep=0x01 len=0 status=0 actual=40
[1019] +32.068327 ASYNC-OUT-DONE ep=0x01 len=0 status=0 actual=16
[1020] +32.135958 ASYNC-IN-DONE ep=0x81 len=36 status=0 actual=36
	0000  19 00 00 18 ed 03 80 10  00 3d 00 04 71 0d 00 00 |.........=..q...|
	0010  00 00 06 00 09 00 00 00  83 66 cd 03 f3 67 00 68 |.........f...g.h|
	0020  c0 67 00 68                                      |.g.h|
[1021] +32.136073 ASYNC-IN-SUBMIT ep=0x81 len=0 type=BULK (in, awaiting data)
[1022] +32.136193 ASYNC-IN-DONE ep=0x81 len=44 status=0 actual=44
	0000  21 00 00 18 f0 03 02 10  00 22 00 04 09 02 00 00 |!........"......|
	0010  00 00 04 00 11 00 00 00  82 69 27 6a 84 52 01 44 |.........i'j.R.D|
	0020  03 79 13 6a 82 62 02 1a  00 7b c2 7c             |.y.j.b...{.||
[1023] +32.136250 ASYNC-IN-SUBMIT ep=0x81 len=0 type=BULK (in, awaiting data)
[1024] +32.143154 ASYNC-IN-DONE ep=0x81 len=16 status=0 actual=16
	0000  08 00 00 18 ed 03 80 10  00 3e 00 08 71 0d 00 00 |.........>..q...|
[1025] +32.143203 ASYNC-IN-SUBMIT ep=0x81 len=0 type=BULK (in, awaiting data)
[1026] +32.151346 ASYNC-IN-DONE ep=0x81 len=40 status=0 actual=40
	0000  1d 00 00 18 f0 03 02 10  00 23 00 04 09 02 00 00 |.........#......|
	0010  00 00 04 00 0d 00 00 00  82 69 16 6a 84 52 00 44 |.........i.j.R.D|
	0020  0a 79 1b 6a c0 62 02 1a                          |.y.j.b..|
[1027] +32.151418 ASYNC-IN-SUBMIT ep=0x81 len=0 type=BULK (in, awaiting data)
[1028] +32.171452 ASYNC-OUT ep=0x01 len=16 type=BULK 
	0000  08 00 00 18 80 10 ed 03  00 40 00 08 30 1b 00 00 |.........@..0...|
[1029] +32.171578 ASYNC-OUT ep=0x01 len=16 type=BULK 
	0000  08 00 00 18 02 10 f0 03  00 20 00 08 a0 10 00 00 |......... ......|
[1030] +32.171649 ASYNC-OUT-DONE ep=0x01 len=0 status=0 actual=16
[1031] +32.171731 ASYNC-OUT-DONE ep=0x01 len=0 status=0 actual=16
[1032] +32.255777 ASYNC-IN-DONE ep=0x81 len=0 status=2 actual=0
[1033] +32.255804 ASYNC-IN-SUBMIT ep=0x81 len=0 type=BULK (in, awaiting data)
[1034] +32.368563 ASYNC-IN-DONE ep=0x81 len=0 status=2 actual=0
[1035] +32.368590 ASYNC-IN-SUBMIT ep=0x81 len=0 type=BULK (in, awaiting data)
[1036] +32.379065 ASYNC-OUT ep=0x01 len=16 type=BULK 
	0000  08 00 00 18 01 10 ef 03  00 31 00 10 93 1e 00 00 |.........1......|
[1037] +32.379363 ASYNC-OUT-DONE ep=0x01 len=0 status=0 actual=16
[1038] +32.471115 ASYNC-IN-DONE ep=0x81 len=0 status=2 actual=0
[1039] +32.471224 ASYNC-IN-SUBMIT ep=0x81 len=0 type=BULK (in, awaiting data)
[1040] +32.544186 ASYNC-IN-DONE ep=0x81 len=16 status=0 actual=16
	0000  08 00 00 18 ef 03 01 10  00 33 00 10 65 02 00 00 |.........3..e...|
[1041] +32.544334 ASYNC-IN-SUBMIT ep=0x81 len=0 type=BULK (in, awaiting data)
[1042] +32.648136 ASYNC-IN-DONE ep=0x81 len=0 status=2 actual=0
[1043] +32.648219 ASYNC-IN-SUBMIT ep=0x81 len=0 type=BULK (in, awaiting data)
[1044] +32.749682 ASYNC-IN-DONE ep=0x81 len=0 status=2 actual=0
[1045] +32.749788 ASYNC-IN-SUBMIT ep=0x81 len=0 type=BULK (in, awaiting data)
[1046] +32.850182 ASYNC-IN-DONE ep=0x81 len=0 status=2 actual=0
[1047] +32.850239 ASYNC-IN-SUBMIT ep=0x81 len=0 type=BULK (in, awaiting data)
[1048] +32.953480 ASYNC-IN-DONE ep=0x81 len=0 status=2 actual=0
[1049] +32.953564 ASYNC-IN-SUBMIT ep=0x81 len=0 type=BULK (in, awaiting data)
[1050] +33.066001 ASYNC-IN-DONE ep=0x81 len=0 status=2 actual=0
[1051] +33.066081 ASYNC-IN-SUBMIT ep=0x81 len=0 type=BULK (in, awaiting data)
[1052] +33.144946 ASYNC-IN-DONE ep=0x81 len=16 status=0 actual=16
	0000  08 00 00 18 ed 03 80 10  00 3f 00 10 71 0d 00 00 |.........?..q...|
[1053] +33.145072 ASYNC-IN-SUBMIT ep=0x81 len=0 type=BULK (in, awaiting data)
[1054] +33.145227 ASYNC-IN-DONE ep=0x81 len=16 status=0 actual=16
	0000  08 00 00 18 f0 03 02 10  00 24 00 10 09 02 00 00 |.........$......|
[1055] +33.145291 ASYNC-IN-SUBMIT ep=0x81 len=0 type=BULK (in, awaiting data)
[1056] +33.207118 ASYNC-OUT ep=0x01 len=16 type=BULK 
	0000  08 00 00 18 80 10 ed 03  00 41 00 10 30 1b 00 00 |.........A..0...|
[1057] +33.207330 ASYNC-OUT ep=0x01 len=16 type=BULK 
	0000  08 00 00 18 02 10 f0 03  00 21 00 10 a0 10 00 00 |.........!......|
[1058] +33.207456 ASYNC-OUT-DONE ep=0x01 len=0 status=0 actual=16
[1059] +33.207503 ASYNC-OUT-DONE ep=0x01 len=0 status=0 actual=16
[1060] +33.257501 ASYNC-IN-DONE ep=0x81 len=0 status=2 actual=0
[1061] +33.257586 ASYNC-IN-SUBMIT ep=0x81 len=0 type=BULK (in, awaiting data)
[1062] +33.365991 ASYNC-IN-DONE ep=0x81 len=0 status=2 actual=0
[1063] +33.366075 ASYNC-IN-SUBMIT ep=0x81 len=0 type=BULK (in, awaiting data)
[1064] +33.415309 ASYNC-OUT ep=0x01 len=16 type=BULK 
	0000  08 00 00 18 01 10 ef 03  00 32 00 10 93 1e 00 00 |.........2......|
[1065] +33.415575 ASYNC-OUT-DONE ep=0x01 len=0 status=0 actual=16
[1066] +33.473046 ASYNC-IN-DONE ep=0x81 len=0 status=2 actual=0
[1067] +33.473120 ASYNC-IN-SUBMIT ep=0x81 len=0 type=BULK (in, awaiting data)
[1068] +33.545674 ASYNC-IN-DONE ep=0x81 len=16 status=0 actual=16
	0000  08 00 00 18 ef 03 01 10  00 34 00 10 65 02 00 00 |.........4..e...|
[1069] +33.545786 ASYNC-IN-SUBMIT ep=0x81 len=0 type=BULK (in, awaiting data)
[1070] +33.649233 ASYNC-IN-DONE ep=0x81 len=0 status=2 actual=0
[1071] +33.649320 ASYNC-IN-SUBMIT ep=0x81 len=0 type=BULK (in, awaiting data)
[1072] +33.756285 ASYNC-IN-DONE ep=0x81 len=0 status=2 actual=0
[1073] +33.756355 ASYNC-IN-SUBMIT ep=0x81 len=0 type=BULK (in, awaiting data)
[1074] +33.865984 ASYNC-IN-DONE ep=0x81 len=0 status=2 actual=0
[1075] +33.866021 ASYNC-IN-SUBMIT ep=0x81 len=0 type=BULK (in, awaiting data)
[1076] +33.973908 ASYNC-IN-DONE ep=0x81 len=0 status=2 actual=0
[1077] +33.974011 ASYNC-IN-SUBMIT ep=0x81 len=0 type=BULK (in, awaiting data)
[1078] +34.086820 ASYNC-IN-DONE ep=0x81 len=0 status=2 actual=0
[1079] +34.086904 ASYNC-IN-SUBMIT ep=0x81 len=0 type=BULK (in, awaiting data)
### MARK MENU-ClearBlock
[1080] +34.146795 ASYNC-IN-DONE ep=0x81 len=16 status=0 actual=16
	0000  08 00 00 18 ed 03 80 10  00 40 00 10 71 0d 00 00 |.........@..q...|
[1081] +34.146828 ASYNC-IN-SUBMIT ep=0x81 len=0 type=BULK (in, awaiting data)
[1082] +34.146951 ASYNC-IN-DONE ep=0x81 len=16 status=0 actual=16
	0000  08 00 00 18 f0 03 02 10  00 25 00 10 09 02 00 00 |.........%......|
[1083] +34.146972 ASYNC-IN-SUBMIT ep=0x81 len=0 type=BULK (in, awaiting data)
[1084] +34.245083 ASYNC-OUT ep=0x01 len=36 type=BULK 
	0000  1b 00 00 18 80 10 ed 03  00 42 00 14 30 1b 00 00 |.........B..0...|
	0010  01 00 06 00 0b 00 00 00  83 66 cd 03 f4 64 1c 65 |.........f...d.e|
	0020  81 62 02 00                                      |.b..|
[1085] +34.245326 ASYNC-OUT ep=0x01 len=16 type=BULK 
	0000  08 00 00 18 02 10 f0 03  00 22 00 10 a0 10 00 00 |........."......|
[1086] +34.245465 ASYNC-OUT-DONE ep=0x01 len=0 status=0 actual=36
[1087] +34.245487 ASYNC-OUT-DONE ep=0x01 len=0 status=0 actual=16
[1088] +34.259618 ASYNC-IN-DONE ep=0x81 len=0 status=2 actual=0
[1089] +34.259654 ASYNC-IN-SUBMIT ep=0x81 len=0 type=BULK (in, awaiting data)
[1090] +34.265883 ASYNC-IN-DONE ep=0x81 len=36 status=0 actual=36
	0000  19 00 00 18 ed 03 80 10  00 41 00 04 84 0d 00 00 |.........A......|
	0010  00 00 06 00 09 00 00 00  83 66 cd 03 f4 67 00 68 |.........f...g.h|
	0020  c0 79 1b 6a                                      |.y.j|
[1091] +34.265940 ASYNC-IN-SUBMIT ep=0x81 len=0 type=BULK (in, awaiting data)
[1092] +34.269205 ASYNC-IN-DONE ep=0x81 len=40 status=0 actual=40
	0000  1f 00 00 18 f0 03 02 10  00 26 00 04 09 02 00 00 |.........&......|
	0010  00 00 04 00 0f 00 00 00  82 69 31 6a 84 52 00 44 |.........i1j.R.D|
	0020  05 79 0e 6a 81 62 02 1a                          |.y.j.b..|
[1093] +34.269255 ASYNC-IN-SUBMIT ep=0x81 len=0 type=BULK (in, awaiting data)
[1094] +34.297099 ASYNC-OUT ep=0x01 len=16 type=BULK 
	0000  08 00 00 18 80 10 ed 03  00 43 00 08 41 1b 00 00 |.........C..A...|
[1095] +34.297304 ASYNC-OUT ep=0x01 len=16 type=BULK 
	0000  08 00 00 18 02 10 f0 03  00 23 00 08 b7 10 00 00 |.........#......|
[1096] +34.297434 ASYNC-OUT-DONE ep=0x01 len=0 status=0 actual=16
[1097] +34.297471 ASYNC-OUT-DONE ep=0x01 len=0 status=0 actual=16
[1098] +34.348140 ASYNC-IN-DONE ep=0x81 len=16 status=0 actual=16
	0000  08 00 00 18 ed 03 80 10  00 42 00 08 84 0d 00 00 |.........B......|
[1099] +34.348186 ASYNC-IN-SUBMIT ep=0x81 len=0 type=BULK (in, awaiting data)
[1100] +34.453244 ASYNC-OUT ep=0x01 len=16 type=BULK 
	0000  08 00 00 18 01 10 ef 03  00 33 00 10 93 1e 00 00 |.........3......|
[1101] +34.453578 ASYNC-OUT-DONE ep=0x01 len=0 status=0 actual=16
[1102] +34.457362 ASYNC-IN-DONE ep=0x81 len=0 status=2 actual=0
[1103] +34.457385 ASYNC-IN-SUBMIT ep=0x81 len=0 type=BULK (in, awaiting data)
[1104] +34.548563 ASYNC-IN-DONE ep=0x81 len=16 status=0 actual=16
	0000  08 00 00 18 ef 03 01 10  00 35 00 10 65 02 00 00 |.........5..e...|
[1105] +34.548700 ASYNC-IN-SUBMIT ep=0x81 len=0 type=BULK (in, awaiting data)
[1106] +34.650334 ASYNC-IN-DONE ep=0x81 len=0 status=2 actual=0
[1107] +34.650404 ASYNC-IN-SUBMIT ep=0x81 len=0 type=BULK (in, awaiting data)
[1108] +34.755131 ASYNC-IN-DONE ep=0x81 len=0 status=2 actual=0
[1109] +34.755246 ASYNC-IN-SUBMIT ep=0x81 len=0 type=BULK (in, awaiting data)
[1110] +34.855992 ASYNC-IN-DONE ep=0x81 len=0 status=2 actual=0
[1111] +34.856032 ASYNC-IN-SUBMIT ep=0x81 len=0 type=BULK (in, awaiting data)
[1112] +34.968874 ASYNC-IN-DONE ep=0x81 len=0 status=2 actual=0
[1113] +34.968963 ASYNC-IN-SUBMIT ep=0x81 len=0 type=BULK (in, awaiting data)
[1114] +35.075299 ASYNC-IN-DONE ep=0x81 len=0 status=2 actual=0
[1115] +35.075409 ASYNC-IN-SUBMIT ep=0x81 len=0 type=BULK (in, awaiting data)
[1116] +35.149273 ASYNC-IN-DONE ep=0x81 len=16 status=0 actual=16
	0000  08 00 00 18 f0 03 02 10  00 27 00 10 09 02 00 00 |.........'......|
[1117] +35.149396 ASYNC-IN-SUBMIT ep=0x81 len=0 type=BULK (in, awaiting data)
[1118] +35.261835 ASYNC-IN-DONE ep=0x81 len=0 status=2 actual=0
[1119] +35.261920 ASYNC-IN-SUBMIT ep=0x81 len=0 type=BULK (in, awaiting data)
[1120] +35.334968 ASYNC-OUT ep=0x01 len=16 type=BULK 
	0000  08 00 00 18 80 10 ed 03  00 44 00 10 41 1b 00 00 |.........D..A...|
[1121] +35.335177 ASYNC-OUT ep=0x01 len=16 type=BULK 
	0000  08 00 00 18 02 10 f0 03  00 24 00 10 b7 10 00 00 |.........$......|
[1122] +35.335322 ASYNC-OUT-DONE ep=0x01 len=0 status=0 actual=16
[1123] +35.335369 ASYNC-OUT-DONE ep=0x01 len=0 status=0 actual=16
[1124] +35.349541 ASYNC-IN-DONE ep=0x81 len=16 status=0 actual=16
	0000  08 00 00 18 ed 03 80 10  00 43 00 10 84 0d 00 00 |.........C......|
[1125] +35.349605 ASYNC-IN-SUBMIT ep=0x81 len=0 type=BULK (in, awaiting data)
[1126] +35.451214 ASYNC-IN-DONE ep=0x81 len=0 status=2 actual=0
[1127] +35.451293 ASYNC-IN-SUBMIT ep=0x81 len=0 type=BULK (in, awaiting data)
[1128] +35.490871 ASYNC-OUT ep=0x01 len=16 type=BULK 
	0000  08 00 00 18 01 10 ef 03  00 34 00 10 93 1e 00 00 |.........4......|
[1129] +35.491161 ASYNC-OUT-DONE ep=0x01 len=0 status=0 actual=16
[1130] +35.551723 ASYNC-IN-DONE ep=0x81 len=16 status=0 actual=16
	0000  08 00 00 18 ef 03 01 10  00 36 00 10 65 02 00 00 |.........6..e...|
[1131] +35.551839 ASYNC-IN-SUBMIT ep=0x81 len=0 type=BULK (in, awaiting data)
[1132] +35.663857 ASYNC-IN-DONE ep=0x81 len=0 status=2 actual=0
[1133] +35.663926 ASYNC-IN-SUBMIT ep=0x81 len=0 type=BULK (in, awaiting data)
[1134] +35.775089 ASYNC-IN-DONE ep=0x81 len=0 status=2 actual=0
[1135] +35.775162 ASYNC-IN-SUBMIT ep=0x81 len=0 type=BULK (in, awaiting data)
[1136] +35.888057 ASYNC-IN-DONE ep=0x81 len=0 status=2 actual=0
[1137] +35.888130 ASYNC-IN-SUBMIT ep=0x81 len=0 type=BULK (in, awaiting data)
[1138] +35.998545 ASYNC-IN-DONE ep=0x81 len=0 status=2 actual=0
[1139] +35.998651 ASYNC-IN-SUBMIT ep=0x81 len=0 type=BULK (in, awaiting data)
[1140] +36.106043 ASYNC-IN-DONE ep=0x81 len=0 status=2 actual=0
[1141] +36.106148 ASYNC-IN-SUBMIT ep=0x81 len=0 type=BULK (in, awaiting data)
[1142] +36.152429 ASYNC-IN-DONE ep=0x81 len=16 status=0 actual=16
	0000  08 00 00 18 f0 03 02 10  00 28 00 10 09 02 00 00 |.........(......|
[1143] +36.152564 ASYNC-IN-SUBMIT ep=0x81 len=0 type=BULK (in, awaiting data)
[1144] +36.264006 ASYNC-IN-DONE ep=0x81 len=0 status=2 actual=0
[1145] +36.264086 ASYNC-IN-SUBMIT ep=0x81 len=0 type=BULK (in, awaiting data)
[1146] +36.352773 ASYNC-IN-DONE ep=0x81 len=16 status=0 actual=16
	0000  08 00 00 18 ed 03 80 10  00 44 00 10 84 0d 00 00 |.........D......|
[1147] +36.352904 ASYNC-IN-SUBMIT ep=0x81 len=0 type=BULK (in, awaiting data)
[1148] +36.371940 ASYNC-OUT ep=0x01 len=16 type=BULK 
	0000  08 00 00 18 80 10 ed 03  00 45 00 10 41 1b 00 00 |.........E..A...|
[1149] +36.372081 ASYNC-OUT ep=0x01 len=16 type=BULK 
	0000  08 00 00 18 02 10 f0 03  00 25 00 10 b7 10 00 00 |.........%......|
[1150] +36.372198 ASYNC-OUT-DONE ep=0x01 len=0 status=0 actual=16
[1151] +36.372242 ASYNC-OUT-DONE ep=0x01 len=0 status=0 actual=16
[1152] +36.460911 ASYNC-IN-DONE ep=0x81 len=0 status=2 actual=0
[1153] +36.461067 ASYNC-IN-SUBMIT ep=0x81 len=0 type=BULK (in, awaiting data)
[1154] +36.528090 ASYNC-OUT ep=0x01 len=16 type=BULK 
	0000  08 00 00 18 01 10 ef 03  00 35 00 10 93 1e 00 00 |.........5......|
[1155] +36.528415 ASYNC-OUT-DONE ep=0x01 len=0 status=0 actual=16
[1156] +36.553035 ASYNC-IN-DONE ep=0x81 len=16 status=0 actual=16
	0000  08 00 00 18 ef 03 01 10  00 37 00 10 65 02 00 00 |.........7..e...|
[1157] +36.553127 ASYNC-IN-SUBMIT ep=0x81 len=0 type=BULK (in, awaiting data)
[1158] +36.661841 ASYNC-IN-DONE ep=0x81 len=0 status=2 actual=0
[1159] +36.661943 ASYNC-IN-SUBMIT ep=0x81 len=0 type=BULK (in, awaiting data)
### MARK MENU-GlobalEQ
[1160] +36.774356 ASYNC-IN-DONE ep=0x81 len=0 status=2 actual=0
[1161] +36.774371 ASYNC-IN-SUBMIT ep=0x81 len=0 type=BULK (in, awaiting data)
[1162] +36.879348 ASYNC-IN-DONE ep=0x81 len=0 status=2 actual=0
[1163] +36.879375 ASYNC-IN-SUBMIT ep=0x81 len=0 type=BULK (in, awaiting data)
[1164] +36.891454 ASYNC-OUT ep=0x01 len=36 type=BULK 
	0000  1c 00 00 18 80 10 ed 03  00 46 00 04 41 1b 00 00 |.........F..A...|
	0010  01 00 06 00 0c 00 00 00  83 66 cd 03 f5 64 18 65 |.........f...d.e|
	0020  81 76 cc ca                                      |.v..|
[1165] +36.891772 ASYNC-OUT-DONE ep=0x01 len=0 status=0 actual=36
[1166] +36.892635 ASYNC-IN-DONE ep=0x81 len=40 status=0 actual=40
	0000  1f 00 00 18 ed 03 80 10  00 45 00 04 98 0d 00 00 |.........E......|
	0010  00 00 06 00 0f 00 00 00  83 66 cd 03 f5 67 00 68 |.........f...g.h|
	0020  82 76 cd 00 ca 77 01 1a                          |.v...w..|
[1167] +36.892686 ASYNC-IN-SUBMIT ep=0x81 len=0 type=BULK (in, awaiting data)
[1168] +36.943487 ASYNC-OUT ep=0x01 len=36 type=BULK 
	0000  1c 00 00 18 80 10 ed 03  00 47 00 0c 58 1b 00 00 |.........G..X...|
	0010  01 00 06 00 0c 00 00 00  83 66 cd 03 f6 64 18 65 |.........f...d.e|
	0020  81 76 cc c9                                      |.v..|
[1169] +36.943865 ASYNC-OUT-DONE ep=0x01 len=0 status=0 actual=36
[1170] +36.944728 ASYNC-IN-DONE ep=0x81 len=40 status=0 actual=40
	0000  1f 00 00 18 ed 03 80 10  00 46 00 04 ac 0d 00 00 |.........F......|
	0010  00 00 06 00 0f 00 00 00  83 66 cd 03 f6 67 00 68 |.........f...g.h|
	0020  82 76 cd 00 c9 77 c0 1a                          |.v...w..|
[1171] +36.944786 ASYNC-IN-SUBMIT ep=0x81 len=0 type=BULK (in, awaiting data)
[1172] +36.956613 ASYNC-IN-DONE ep=0x81 len=16 status=0 actual=16
	0000  08 00 00 18 ed 03 80 10  00 47 00 08 ac 0d 00 00 |.........G......|
[1173] +36.956651 ASYNC-IN-SUBMIT ep=0x81 len=0 type=BULK (in, awaiting data)
[1174] +36.994798 ASYNC-OUT ep=0x01 len=16 type=BULK 
	0000  08 00 00 18 80 10 ed 03  00 48 00 08 6f 1b 00 00 |.........H..o...|
[1175] +36.995134 ASYNC-OUT-DONE ep=0x01 len=0 status=0 actual=16
[1176] +37.069443 ASYNC-IN-DONE ep=0x81 len=0 status=2 actual=0
[1177] +37.069487 ASYNC-IN-SUBMIT ep=0x81 len=0 type=BULK (in, awaiting data)
[1178] +37.157086 ASYNC-IN-DONE ep=0x81 len=16 status=0 actual=16
	0000  08 00 00 18 f0 03 02 10  00 29 00 10 09 02 00 00 |.........)......|
[1179] +37.157186 ASYNC-IN-SUBMIT ep=0x81 len=0 type=BULK (in, awaiting data)
[1180] +37.268457 ASYNC-IN-DONE ep=0x81 len=0 status=2 actual=0
[1181] +37.268548 ASYNC-IN-SUBMIT ep=0x81 len=0 type=BULK (in, awaiting data)
[1182] +37.377117 ASYNC-IN-DONE ep=0x81 len=0 status=2 actual=0
[1183] +37.377182 ASYNC-IN-SUBMIT ep=0x81 len=0 type=BULK (in, awaiting data)
[1184] +37.409958 ASYNC-OUT ep=0x01 len=16 type=BULK 
	0000  08 00 00 18 02 10 f0 03  00 26 00 10 b7 10 00 00 |.........&......|
[1185] +37.410213 ASYNC-OUT-DONE ep=0x01 len=0 status=0 actual=16
[1186] +37.489264 ASYNC-IN-DONE ep=0x81 len=0 status=2 actual=0
[1187] +37.489355 ASYNC-IN-SUBMIT ep=0x81 len=0 type=BULK (in, awaiting data)
[1188] +37.557626 ASYNC-IN-DONE ep=0x81 len=16 status=0 actual=16
	0000  08 00 00 18 ef 03 01 10  00 38 00 10 65 02 00 00 |.........8..e...|
[1189] +37.557743 ASYNC-IN-SUBMIT ep=0x81 len=0 type=BULK (in, awaiting data)
[1190] +37.566091 ASYNC-OUT ep=0x01 len=16 type=BULK 
	0000  08 00 00 18 01 10 ef 03  00 36 00 10 93 1e 00 00 |.........6......|
[1191] +37.566314 ASYNC-OUT-DONE ep=0x01 len=0 status=0 actual=16
[1192] +37.659152 ASYNC-IN-DONE ep=0x81 len=0 status=2 actual=0
[1193] +37.659253 ASYNC-IN-SUBMIT ep=0x81 len=0 type=BULK (in, awaiting data)
[1194] +37.769332 ASYNC-IN-DONE ep=0x81 len=0 status=2 actual=0
[1195] +37.769425 ASYNC-IN-SUBMIT ep=0x81 len=0 type=BULK (in, awaiting data)
[1196] +37.882207 ASYNC-IN-DONE ep=0x81 len=0 status=2 actual=0
[1197] +37.882283 ASYNC-IN-SUBMIT ep=0x81 len=0 type=BULK (in, awaiting data)
[1198] +37.958209 ASYNC-IN-DONE ep=0x81 len=16 status=0 actual=16
	0000  08 00 00 18 ed 03 80 10  00 48 00 10 ac 0d 00 00 |.........H......|
[1199] +37.958335 ASYNC-IN-SUBMIT ep=0x81 len=0 type=BULK (in, awaiting data)
[1200] +38.032330 ASYNC-OUT ep=0x01 len=16 type=BULK 
	0000  08 00 00 18 80 10 ed 03  00 49 00 10 6f 1b 00 00 |.........I..o...|
[1201] +38.032664 ASYNC-OUT-DONE ep=0x01 len=0 status=0 actual=16
[1202] +38.069715 ASYNC-IN-DONE ep=0x81 len=0 status=2 actual=0
[1203] +38.069784 ASYNC-IN-SUBMIT ep=0x81 len=0 type=BULK (in, awaiting data)
[1204] +38.161469 ASYNC-IN-DONE ep=0x81 len=16 status=0 actual=16
	0000  08 00 00 18 f0 03 02 10  00 2a 00 10 09 02 00 00 |.........*......|
[1205] +38.161601 ASYNC-IN-SUBMIT ep=0x81 len=0 type=BULK (in, awaiting data)
[1206] +38.268333 ASYNC-IN-DONE ep=0x81 len=0 status=2 actual=0
[1207] +38.268411 ASYNC-IN-SUBMIT ep=0x81 len=0 type=BULK (in, awaiting data)
[1208] +38.381224 ASYNC-IN-DONE ep=0x81 len=0 status=2 actual=0
[1209] +38.381315 ASYNC-IN-SUBMIT ep=0x81 len=0 type=BULK (in, awaiting data)
[1210] +38.448106 ASYNC-OUT ep=0x01 len=16 type=BULK 
	0000  08 00 00 18 02 10 f0 03  00 27 00 10 b7 10 00 00 |.........'......|
[1211] +38.448443 ASYNC-OUT-DONE ep=0x01 len=0 status=0 actual=16
[1212] +38.486013 ASYNC-IN-DONE ep=0x81 len=0 status=2 actual=0
[1213] +38.486087 ASYNC-IN-SUBMIT ep=0x81 len=0 type=BULK (in, awaiting data)
[1214] +38.564229 ASYNC-IN-DONE ep=0x81 len=16 status=0 actual=16
	0000  08 00 00 18 ef 03 01 10  00 39 00 10 65 02 00 00 |.........9..e...|
[1215] +38.564483 ASYNC-IN-SUBMIT ep=0x81 len=0 type=BULK (in, awaiting data)
[1216] +38.604258 ASYNC-OUT ep=0x01 len=16 type=BULK 
	0000  08 00 00 18 01 10 ef 03  00 37 00 10 93 1e 00 00 |.........7......|
[1217] +38.604603 ASYNC-OUT-DONE ep=0x01 len=0 status=0 actual=16
[1218] +38.669247 ASYNC-IN-DONE ep=0x81 len=0 status=2 actual=0
[1219] +38.669294 ASYNC-IN-SUBMIT ep=0x81 len=0 type=BULK (in, awaiting data)
[1220] +38.770310 ASYNC-IN-DONE ep=0x81 len=0 status=2 actual=0
[1221] +38.770403 ASYNC-IN-SUBMIT ep=0x81 len=0 type=BULK (in, awaiting data)
[1222] +38.879557 ASYNC-IN-DONE ep=0x81 len=0 status=2 actual=0
[1223] +38.879639 ASYNC-IN-SUBMIT ep=0x81 len=0 type=BULK (in, awaiting data)
[1224] +38.966213 ASYNC-IN-DONE ep=0x81 len=16 status=0 actual=16
	0000  08 00 00 18 ed 03 80 10  00 49 00 10 ac 0d 00 00 |.........I......|
[1225] +38.966313 ASYNC-IN-SUBMIT ep=0x81 len=0 type=BULK (in, awaiting data)
[1226] +39.071891 ASYNC-OUT ep=0x01 len=16 type=BULK 
	0000  08 00 00 18 80 10 ed 03  00 4a 00 10 6f 1b 00 00 |.........J..o...|
[1227] +39.072232 ASYNC-OUT-DONE ep=0x01 len=0 status=0 actual=16
[1228] +39.078495 ASYNC-IN-DONE ep=0x81 len=0 status=2 actual=0
[1229] +39.078586 ASYNC-IN-SUBMIT ep=0x81 len=0 type=BULK (in, awaiting data)
[1230] +39.166599 ASYNC-IN-DONE ep=0x81 len=16 status=0 actual=16
	0000  08 00 00 18 f0 03 02 10  00 2b 00 10 09 02 00 00 |.........+......|
[1231] +39.166738 ASYNC-IN-SUBMIT ep=0x81 len=0 type=BULK (in, awaiting data)
[1232] +39.270459 ASYNC-IN-DONE ep=0x81 len=0 status=2 actual=0
[1233] +39.270553 ASYNC-IN-SUBMIT ep=0x81 len=0 type=BULK (in, awaiting data)
### MARK MENU-CommandCtr
[1234] +39.374252 ASYNC-IN-DONE ep=0x81 len=0 status=2 actual=0
[1235] +39.374275 ASYNC-IN-SUBMIT ep=0x81 len=0 type=BULK (in, awaiting data)
[1236] +39.478410 ASYNC-IN-DONE ep=0x81 len=0 status=2 actual=0
[1237] +39.478444 ASYNC-IN-SUBMIT ep=0x81 len=0 type=BULK (in, awaiting data)
[1238] +39.487696 ASYNC-OUT ep=0x01 len=16 type=BULK 
	0000  08 00 00 18 02 10 f0 03  00 28 00 10 b7 10 00 00 |.........(......|
[1239] +39.487985 ASYNC-OUT-DONE ep=0x01 len=0 status=0 actual=16
[1240] +39.567682 ASYNC-IN-DONE ep=0x81 len=16 status=0 actual=16
	0000  08 00 00 18 ef 03 01 10  00 3a 00 10 65 02 00 00 |.........:..e...|
[1241] +39.567728 ASYNC-IN-SUBMIT ep=0x81 len=0 type=BULK (in, awaiting data)
[1242] +39.643910 ASYNC-OUT ep=0x01 len=16 type=BULK 
	0000  08 00 00 18 01 10 ef 03  00 38 00 10 93 1e 00 00 |.........8......|
[1243] +39.644228 ASYNC-OUT-DONE ep=0x01 len=0 status=0 actual=16
[1244] +39.670030 ASYNC-IN-DONE ep=0x81 len=0 status=2 actual=0
[1245] +39.670051 ASYNC-IN-SUBMIT ep=0x81 len=0 type=BULK (in, awaiting data)
[1246] +39.774662 ASYNC-IN-DONE ep=0x81 len=0 status=2 actual=0
[1247] +39.774772 ASYNC-IN-SUBMIT ep=0x81 len=0 type=BULK (in, awaiting data)
[1248] +39.875870 ASYNC-IN-DONE ep=0x81 len=0 status=2 actual=0
[1249] +39.875914 ASYNC-IN-SUBMIT ep=0x81 len=0 type=BULK (in, awaiting data)
[1250] +39.969388 ASYNC-IN-DONE ep=0x81 len=16 status=0 actual=16
	0000  08 00 00 18 ed 03 80 10  00 4a 00 10 ac 0d 00 00 |.........J......|
[1251] +39.969528 ASYNC-IN-SUBMIT ep=0x81 len=0 type=BULK (in, awaiting data)
[1252] +40.076800 ASYNC-IN-DONE ep=0x81 len=0 status=2 actual=0
[1253] +40.076977 ASYNC-IN-SUBMIT ep=0x81 len=0 type=BULK (in, awaiting data)
[1254] +40.112196 ASYNC-OUT ep=0x01 len=16 type=BULK 
	0000  08 00 00 18 80 10 ed 03  00 4b 00 10 6f 1b 00 00 |.........K..o...|
[1255] +40.112446 ASYNC-OUT-DONE ep=0x01 len=0 status=0 actual=16
[1256] +40.169751 ASYNC-IN-DONE ep=0x81 len=16 status=0 actual=16
	0000  08 00 00 18 f0 03 02 10  00 2c 00 10 09 02 00 00 |.........,......|
[1257] +40.169858 ASYNC-IN-SUBMIT ep=0x81 len=0 type=BULK (in, awaiting data)
[1258] +40.272608 ASYNC-IN-DONE ep=0x81 len=0 status=2 actual=0
[1259] +40.272701 ASYNC-IN-SUBMIT ep=0x81 len=0 type=BULK (in, awaiting data)
[1260] +40.385544 ASYNC-IN-DONE ep=0x81 len=0 status=2 actual=0
[1261] +40.385628 ASYNC-IN-SUBMIT ep=0x81 len=0 type=BULK (in, awaiting data)
[1262] +40.489945 ASYNC-IN-DONE ep=0x81 len=0 status=2 actual=0
[1263] +40.490045 ASYNC-IN-SUBMIT ep=0x81 len=0 type=BULK (in, awaiting data)
[1264] +40.527594 ASYNC-OUT ep=0x01 len=16 type=BULK 
	0000  08 00 00 18 02 10 f0 03  00 29 00 10 b7 10 00 00 |.........)......|
[1265] +40.527933 ASYNC-OUT-DONE ep=0x01 len=0 status=0 actual=16
[1266] +40.570996 ASYNC-IN-DONE ep=0x81 len=16 status=0 actual=16
	0000  08 00 00 18 ef 03 01 10  00 3b 00 10 65 02 00 00 |.........;..e...|
[1267] +40.571106 ASYNC-IN-SUBMIT ep=0x81 len=0 type=BULK (in, awaiting data)
[1268] +40.683474 ASYNC-OUT ep=0x01 len=16 type=BULK 
	0000  08 00 00 18 01 10 ef 03  00 39 00 10 93 1e 00 00 |.........9......|
[1269] +40.683812 ASYNC-OUT-DONE ep=0x01 len=0 status=0 actual=16
[1270] +40.683871 ASYNC-IN-DONE ep=0x81 len=0 status=2 actual=0
[1271] +40.683905 ASYNC-IN-SUBMIT ep=0x81 len=0 type=BULK (in, awaiting data)
[1272] +40.784327 ASYNC-IN-DONE ep=0x81 len=0 status=2 actual=0
[1273] +40.784401 ASYNC-IN-SUBMIT ep=0x81 len=0 type=BULK (in, awaiting data)
[1274] +40.894403 ASYNC-IN-DONE ep=0x81 len=0 status=2 actual=0
[1275] +40.894489 ASYNC-IN-SUBMIT ep=0x81 len=0 type=BULK (in, awaiting data)
[1276] +40.972150 ASYNC-IN-DONE ep=0x81 len=16 status=0 actual=16
	0000  08 00 00 18 ed 03 80 10  00 4b 00 10 ac 0d 00 00 |.........K......|
[1277] +40.972285 ASYNC-IN-SUBMIT ep=0x81 len=0 type=BULK (in, awaiting data)
[1278] +41.082664 ASYNC-IN-DONE ep=0x81 len=0 status=2 actual=0
[1279] +41.082753 ASYNC-IN-SUBMIT ep=0x81 len=0 type=BULK (in, awaiting data)
[1280] +41.150415 ASYNC-OUT ep=0x01 len=16 type=BULK 
	0000  08 00 00 18 80 10 ed 03  00 4c 00 10 6f 1b 00 00 |.........L..o...|
[1281] +41.150701 ASYNC-OUT-DONE ep=0x01 len=0 status=0 actual=16
[1282] +41.173249 ASYNC-IN-DONE ep=0x81 len=16 status=0 actual=16
	0000  08 00 00 18 f0 03 02 10  00 2d 00 10 09 02 00 00 |.........-......|
[1283] +41.173380 ASYNC-IN-SUBMIT ep=0x81 len=0 type=BULK (in, awaiting data)
[1284] +41.274790 ASYNC-IN-DONE ep=0x81 len=0 status=2 actual=0
[1285] +41.274884 ASYNC-IN-SUBMIT ep=0x81 len=0 type=BULK (in, awaiting data)
[1286] +41.384719 ASYNC-IN-DONE ep=0x81 len=0 status=2 actual=0
[1287] +41.384820 ASYNC-IN-SUBMIT ep=0x81 len=0 type=BULK (in, awaiting data)
[1288] +41.495171 ASYNC-IN-DONE ep=0x81 len=0 status=2 actual=0
[1289] +41.495287 ASYNC-IN-SUBMIT ep=0x81 len=0 type=BULK (in, awaiting data)
[1290] +41.565882 ASYNC-OUT ep=0x01 len=16 type=BULK 
	0000  08 00 00 18 02 10 f0 03  00 2a 00 10 b7 10 00 00 |.........*......|
[1291] +41.566257 ASYNC-OUT-DONE ep=0x01 len=0 status=0 actual=16
[1292] +41.574031 ASYNC-IN-DONE ep=0x81 len=16 status=0 actual=16
	0000  08 00 00 18 ef 03 01 10  00 3c 00 10 65 02 00 00 |.........<..e...|
[1293] +41.574136 ASYNC-IN-SUBMIT ep=0x81 len=0 type=BULK (in, awaiting data)
[1294] +41.684443 ASYNC-IN-DONE ep=0x81 len=0 status=2 actual=0
[1295] +41.684526 ASYNC-IN-SUBMIT ep=0x81 len=0 type=BULK (in, awaiting data)
[1296] +41.722018 ASYNC-OUT ep=0x01 len=16 type=BULK 
	0000  08 00 00 18 01 10 ef 03  00 3a 00 10 93 1e 00 00 |.........:......|
[1297] +41.722367 ASYNC-OUT-DONE ep=0x01 len=0 status=0 actual=16
[1298] +41.794144 ASYNC-IN-DONE ep=0x81 len=0 status=2 actual=0
[1299] +41.794235 ASYNC-IN-SUBMIT ep=0x81 len=0 type=BULK (in, awaiting data)
[1300] +41.896697 ASYNC-IN-DONE ep=0x81 len=0 status=2 actual=0
[1301] +41.896766 ASYNC-IN-SUBMIT ep=0x81 len=0 type=BULK (in, awaiting data)
[1302] +41.975659 ASYNC-IN-DONE ep=0x81 len=16 status=0 actual=16
	0000  08 00 00 18 ed 03 80 10  00 4c 00 10 ac 0d 00 00 |.........L......|
[1303] +41.975766 ASYNC-IN-SUBMIT ep=0x81 len=0 type=BULK (in, awaiting data)
[1304] +42.088490 ASYNC-IN-DONE ep=0x81 len=0 status=2 actual=0
[1305] +42.088521 ASYNC-IN-SUBMIT ep=0x81 len=0 type=BULK (in, awaiting data)
[1306] +42.176025 ASYNC-IN-DONE ep=0x81 len=16 status=0 actual=16
	0000  08 00 00 18 f0 03 02 10  00 2e 00 10 09 02 00 00 |................|
[1307] +42.176087 ASYNC-IN-SUBMIT ep=0x81 len=0 type=BULK (in, awaiting data)
[1308] +42.189117 ASYNC-OUT ep=0x01 len=16 type=BULK 
	0000  08 00 00 18 80 10 ed 03  00 4d 00 10 6f 1b 00 00 |.........M..o...|
[1309] +42.189433 ASYNC-OUT-DONE ep=0x01 len=0 status=0 actual=16
[1310] +42.276877 ASYNC-IN-DONE ep=0x81 len=0 status=2 actual=0
[1311] +42.276900 ASYNC-IN-SUBMIT ep=0x81 len=0 type=BULK (in, awaiting data)
[1312] +42.388346 ASYNC-IN-DONE ep=0x81 len=0 status=2 actual=0
[1313] +42.388380 ASYNC-IN-SUBMIT ep=0x81 len=0 type=BULK (in, awaiting data)
[1314] +42.497187 ASYNC-IN-DONE ep=0x81 len=0 status=2 actual=0
[1315] +42.497262 ASYNC-IN-SUBMIT ep=0x81 len=0 type=BULK (in, awaiting data)
[1316] +42.577641 ASYNC-IN-DONE ep=0x81 len=16 status=0 actual=16
	0000  08 00 00 18 ef 03 01 10  00 3d 00 10 65 02 00 00 |.........=..e...|
[1317] +42.577734 ASYNC-IN-SUBMIT ep=0x81 len=0 type=BULK (in, awaiting data)
[1318] +42.603836 ASYNC-OUT ep=0x01 len=16 type=BULK 
	0000  08 00 00 18 02 10 f0 03  00 2b 00 10 b7 10 00 00 |.........+......|
[1319] +42.604054 ASYNC-OUT-DONE ep=0x01 len=0 status=0 actual=16
[1320] +42.690543 ASYNC-IN-DONE ep=0x81 len=0 status=2 actual=0
[1321] +42.690655 ASYNC-IN-SUBMIT ep=0x81 len=0 type=BULK (in, awaiting data)
[1322] +42.759436 ASYNC-OUT ep=0x01 len=16 type=BULK 
	0000  08 00 00 18 01 10 ef 03  00 3b 00 10 93 1e 00 00 |.........;......|
[1323] +42.759790 ASYNC-OUT-DONE ep=0x01 len=0 status=0 actual=16
[1324] +42.797921 ASYNC-IN-DONE ep=0x81 len=0 status=2 actual=0
[1325] +42.798000 ASYNC-IN-SUBMIT ep=0x81 len=0 type=BULK (in, awaiting data)
[1326] +42.910622 ASYNC-IN-DONE ep=0x81 len=0 status=2 actual=0
[1327] +42.910710 ASYNC-IN-SUBMIT ep=0x81 len=0 type=BULK (in, awaiting data)
[1328] +42.978903 ASYNC-IN-DONE ep=0x81 len=16 status=0 actual=16
	0000  08 00 00 18 ed 03 80 10  00 4d 00 10 ac 0d 00 00 |.........M......|
[1329] +42.979062 ASYNC-IN-SUBMIT ep=0x81 len=0 type=BULK (in, awaiting data)
[1330] +43.082732 ASYNC-IN-DONE ep=0x81 len=0 status=2 actual=0
[1331] +43.082807 ASYNC-IN-SUBMIT ep=0x81 len=0 type=BULK (in, awaiting data)
[1332] +43.179680 ASYNC-IN-DONE ep=0x81 len=16 status=0 actual=16
	0000  08 00 00 18 f0 03 02 10  00 2f 00 10 09 02 00 00 |........./......|
[1333] +43.179792 ASYNC-IN-SUBMIT ep=0x81 len=0 type=BULK (in, awaiting data)
[1334] +43.227472 ASYNC-OUT ep=0x01 len=16 type=BULK 
	0000  08 00 00 18 80 10 ed 03  00 4e 00 10 6f 1b 00 00 |.........N..o...|
[1335] +43.227829 ASYNC-OUT-DONE ep=0x01 len=0 status=0 actual=16
[1336] +43.285424 ASYNC-IN-DONE ep=0x81 len=0 status=2 actual=0
[1337] +43.285514 ASYNC-IN-SUBMIT ep=0x81 len=0 type=BULK (in, awaiting data)
[1338] +43.387361 ASYNC-IN-DONE ep=0x81 len=0 status=2 actual=0
[1339] +43.387448 ASYNC-IN-SUBMIT ep=0x81 len=0 type=BULK (in, awaiting data)
[1340] +43.490798 ASYNC-IN-DONE ep=0x81 len=0 status=2 actual=0
[1341] +43.490859 ASYNC-IN-SUBMIT ep=0x81 len=0 type=BULK (in, awaiting data)
[1342] +43.581239 ASYNC-IN-DONE ep=0x81 len=16 status=0 actual=16
	0000  08 00 00 18 ef 03 01 10  00 3e 00 10 65 02 00 00 |.........>..e...|
[1343] +43.581363 ASYNC-IN-SUBMIT ep=0x81 len=0 type=BULK (in, awaiting data)
[1344] +43.642638 ASYNC-OUT ep=0x01 len=16 type=BULK 
	0000  08 00 00 18 02 10 f0 03  00 2c 00 10 b7 10 00 00 |.........,......|
[1345] +43.643004 ASYNC-OUT-DONE ep=0x01 len=0 status=0 actual=16
[1346] +43.693915 ASYNC-IN-DONE ep=0x81 len=0 status=2 actual=0
[1347] +43.693989 ASYNC-IN-SUBMIT ep=0x81 len=0 type=BULK (in, awaiting data)
[1348] +43.797922 ASYNC-OUT ep=0x01 len=16 type=BULK 
	0000  08 00 00 18 01 10 ef 03  00 3c 00 10 93 1e 00 00 |.........<......|
[1349] +43.798282 ASYNC-OUT-DONE ep=0x01 len=0 status=0 actual=16
[1350] +43.806089 ASYNC-IN-DONE ep=0x81 len=0 status=2 actual=0
[1351] +43.806234 ASYNC-IN-SUBMIT ep=0x81 len=0 type=BULK (in, awaiting data)
[1352] +43.919107 ASYNC-IN-DONE ep=0x81 len=0 status=2 actual=0
[1353] +43.919197 ASYNC-IN-SUBMIT ep=0x81 len=0 type=BULK (in, awaiting data)
[1354] +43.982126 ASYNC-IN-DONE ep=0x81 len=16 status=0 actual=16
	0000  08 00 00 18 ed 03 80 10  00 4e 00 10 ac 0d 00 00 |.........N......|
[1355] +43.982256 ASYNC-IN-SUBMIT ep=0x81 len=0 type=BULK (in, awaiting data)
[1356] +44.084014 ASYNC-IN-DONE ep=0x81 len=0 status=2 actual=0
[1357] +44.084091 ASYNC-IN-SUBMIT ep=0x81 len=0 type=BULK (in, awaiting data)
[1358] +44.183291 ASYNC-IN-DONE ep=0x81 len=16 status=0 actual=16
	0000  08 00 00 18 f0 03 02 10  00 30 00 10 09 02 00 00 |.........0......|
[1359] +44.183417 ASYNC-IN-SUBMIT ep=0x81 len=0 type=BULK (in, awaiting data)
[1360] +44.265572 ASYNC-OUT ep=0x01 len=16 type=BULK 
	0000  08 00 00 18 80 10 ed 03  00 4f 00 10 6f 1b 00 00 |.........O..o...|
[1361] +44.265954 ASYNC-OUT-DONE ep=0x01 len=0 status=0 actual=16
[1362] +44.286402 ASYNC-IN-DONE ep=0x81 len=0 status=2 actual=0
[1363] +44.286473 ASYNC-IN-SUBMIT ep=0x81 len=0 type=BULK (in, awaiting data)
[1364] +44.391038 ASYNC-IN-DONE ep=0x81 len=0 status=2 actual=0
[1365] +44.391106 ASYNC-IN-SUBMIT ep=0x81 len=0 type=BULK (in, awaiting data)
[1366] +44.502555 ASYNC-IN-DONE ep=0x81 len=0 status=2 actual=0
[1367] +44.502649 ASYNC-IN-SUBMIT ep=0x81 len=0 type=BULK (in, awaiting data)
[1368] +44.584139 ASYNC-IN-DONE ep=0x81 len=16 status=0 actual=16
	0000  08 00 00 18 ef 03 01 10  00 3f 00 10 65 02 00 00 |.........?..e...|
[1369] +44.584277 ASYNC-IN-SUBMIT ep=0x81 len=0 type=BULK (in, awaiting data)
[1370] +44.680576 ASYNC-OUT ep=0x01 len=16 type=BULK 
	0000  08 00 00 18 02 10 f0 03  00 2d 00 10 b7 10 00 00 |.........-......|
[1371] +44.680907 ASYNC-OUT-DONE ep=0x01 len=0 status=0 actual=16
[1372] +44.697052 ASYNC-IN-DONE ep=0x81 len=0 status=2 actual=0
[1373] +44.697110 ASYNC-IN-SUBMIT ep=0x81 len=0 type=BULK (in, awaiting data)
[1374] +44.808244 ASYNC-IN-DONE ep=0x81 len=0 status=2 actual=0
[1375] +44.808337 ASYNC-IN-SUBMIT ep=0x81 len=0 type=BULK (in, awaiting data)
[1376] +44.836422 ASYNC-OUT ep=0x01 len=16 type=BULK 
	0000  08 00 00 18 01 10 ef 03  00 3d 00 10 93 1e 00 00 |.........=......|
[1377] +44.836727 ASYNC-OUT-DONE ep=0x01 len=0 status=0 actual=16
[1378] +44.909990 ASYNC-IN-DONE ep=0x81 len=0 status=2 actual=0
[1379] +44.910060 ASYNC-IN-SUBMIT ep=0x81 len=0 type=BULK (in, awaiting data)
[1380] +44.986479 ASYNC-IN-DONE ep=0x81 len=16 status=0 actual=16
	0000  08 00 00 18 ed 03 80 10  00 4f 00 10 ac 0d 00 00 |.........O......|
[1381] +44.986617 ASYNC-IN-SUBMIT ep=0x81 len=0 type=BULK (in, awaiting data)
[1382] +45.096113 ASYNC-IN-DONE ep=0x81 len=0 status=2 actual=0
[1383] +45.096196 ASYNC-IN-SUBMIT ep=0x81 len=0 type=BULK (in, awaiting data)
[1384] +45.186861 ASYNC-IN-DONE ep=0x81 len=16 status=0 actual=16
	0000  08 00 00 18 f0 03 02 10  00 31 00 10 09 02 00 00 |.........1......|
[1385] +45.186993 ASYNC-IN-SUBMIT ep=0x81 len=0 type=BULK (in, awaiting data)
[1386] +45.291974 ASYNC-IN-DONE ep=0x81 len=0 status=2 actual=0
[1387] +45.292049 ASYNC-IN-SUBMIT ep=0x81 len=0 type=BULK (in, awaiting data)
[1388] +45.303883 ASYNC-OUT ep=0x01 len=16 type=BULK 
	0000  08 00 00 18 80 10 ed 03  00 50 00 10 6f 1b 00 00 |.........P..o...|
[1389] +45.304217 ASYNC-OUT-DONE ep=0x01 len=0 status=0 actual=16
[1390] +45.403481 ASYNC-IN-DONE ep=0x81 len=0 status=2 actual=0
[1391] +45.403540 ASYNC-IN-SUBMIT ep=0x81 len=0 type=BULK (in, awaiting data)
[1392] +45.511070 ASYNC-IN-DONE ep=0x81 len=0 status=2 actual=0
[1393] +45.511168 ASYNC-IN-SUBMIT ep=0x81 len=0 type=BULK (in, awaiting data)
[1394] +45.588185 ASYNC-IN-DONE ep=0x81 len=16 status=0 actual=16
	0000  08 00 00 18 ef 03 01 10  00 40 00 10 65 02 00 00 |.........@..e...|
[1395] +45.588322 ASYNC-IN-SUBMIT ep=0x81 len=0 type=BULK (in, awaiting data)
[1396] +45.700204 ASYNC-IN-DONE ep=0x81 len=0 status=2 actual=0
[1397] +45.700289 ASYNC-IN-SUBMIT ep=0x81 len=0 type=BULK (in, awaiting data)
[1398] +45.719999 ASYNC-OUT ep=0x01 len=16 type=BULK 
	0000  08 00 00 18 02 10 f0 03  00 2e 00 10 b7 10 00 00 |................|
[1399] +45.720316 ASYNC-OUT-DONE ep=0x01 len=0 status=0 actual=16
[1400] +45.803459 ASYNC-IN-DONE ep=0x81 len=0 status=2 actual=0
[1401] +45.803549 ASYNC-IN-SUBMIT ep=0x81 len=0 type=BULK (in, awaiting data)
[1402] +45.876109 ASYNC-OUT ep=0x01 len=16 type=BULK 
	0000  08 00 00 18 01 10 ef 03  00 3e 00 10 93 1e 00 00 |.........>......|
[1403] +45.876440 ASYNC-OUT-DONE ep=0x01 len=0 status=0 actual=16
[1404] +45.911072 ASYNC-IN-DONE ep=0x81 len=0 status=2 actual=0
[1405] +45.911140 ASYNC-IN-SUBMIT ep=0x81 len=0 type=BULK (in, awaiting data)
[1406] +45.989302 ASYNC-IN-DONE ep=0x81 len=16 status=0 actual=16
	0000  08 00 00 18 ed 03 80 10  00 50 00 10 ac 0d 00 00 |.........P......|
[1407] +45.989434 ASYNC-IN-SUBMIT ep=0x81 len=0 type=BULK (in, awaiting data)
[1408] +46.099340 ASYNC-IN-DONE ep=0x81 len=0 status=2 actual=0
[1409] +46.099440 ASYNC-IN-SUBMIT ep=0x81 len=0 type=BULK (in, awaiting data)
[1410] +46.190193 ASYNC-IN-DONE ep=0x81 len=16 status=0 actual=16
	0000  08 00 00 18 f0 03 02 10  00 32 00 10 09 02 00 00 |.........2......|
[1411] +46.190318 ASYNC-IN-SUBMIT ep=0x81 len=0 type=BULK (in, awaiting data)
[1412] +46.302789 ASYNC-IN-DONE ep=0x81 len=0 status=2 actual=0
[1413] +46.302872 ASYNC-IN-SUBMIT ep=0x81 len=0 type=BULK (in, awaiting data)
[1414] +46.343077 ASYNC-OUT ep=0x01 len=16 type=BULK 
	0000  08 00 00 18 80 10 ed 03  00 51 00 10 6f 1b 00 00 |.........Q..o...|
[1415] +46.343421 ASYNC-OUT-DONE ep=0x01 len=0 status=0 actual=16
[1416] +46.408354 ASYNC-IN-DONE ep=0x81 len=0 status=2 actual=0
[1417] +46.408436 ASYNC-IN-SUBMIT ep=0x81 len=0 type=BULK (in, awaiting data)
[1418] +46.517252 ASYNC-IN-DONE ep=0x81 len=0 status=2 actual=0
[1419] +46.517348 ASYNC-IN-SUBMIT ep=0x81 len=0 type=BULK (in, awaiting data)
[1420] +46.591341 ASYNC-IN-DONE ep=0x81 len=16 status=0 actual=16
	0000  08 00 00 18 ef 03 01 10  00 41 00 10 65 02 00 00 |.........A..e...|
[1421] +46.591475 ASYNC-IN-SUBMIT ep=0x81 len=0 type=BULK (in, awaiting data)
[1422] +46.702070 ASYNC-IN-DONE ep=0x81 len=0 status=2 actual=0
[1423] +46.702167 ASYNC-IN-SUBMIT ep=0x81 len=0 type=BULK (in, awaiting data)
[1424] +46.757511 ASYNC-OUT ep=0x01 len=16 type=BULK 
	0000  08 00 00 18 02 10 f0 03  00 2f 00 10 b7 10 00 00 |........./......|
[1425] +46.757865 ASYNC-OUT-DONE ep=0x01 len=0 status=0 actual=16
[1426] +46.802463 ASYNC-IN-DONE ep=0x81 len=0 status=2 actual=0
[1427] +46.802535 ASYNC-IN-SUBMIT ep=0x81 len=0 type=BULK (in, awaiting data)
[1428] +46.910646 ASYNC-IN-DONE ep=0x81 len=0 status=2 actual=0
[1429] +46.910733 ASYNC-IN-SUBMIT ep=0x81 len=0 type=BULK (in, awaiting data)
[1430] +46.911858 ASYNC-OUT ep=0x01 len=16 type=BULK 
	0000  08 00 00 18 01 10 ef 03  00 3f 00 10 93 1e 00 00 |.........?......|
[1431] +46.912089 ASYNC-OUT-DONE ep=0x01 len=0 status=0 actual=16
[1432] +46.992143 ASYNC-IN-DONE ep=0x81 len=16 status=0 actual=16
	0000  08 00 00 18 ed 03 80 10  00 51 00 10 ac 0d 00 00 |.........Q......|
[1433] +46.992215 ASYNC-IN-SUBMIT ep=0x81 len=0 type=BULK (in, awaiting data)
[1434] +47.097491 ASYNC-IN-DONE ep=0x81 len=0 status=2 actual=0
[1435] +47.097574 ASYNC-IN-SUBMIT ep=0x81 len=0 type=BULK (in, awaiting data)
[1436] +47.193378 ASYNC-IN-DONE ep=0x81 len=16 status=0 actual=16
	0000  08 00 00 18 f0 03 02 10  00 33 00 10 09 02 00 00 |.........3......|
[1437] +47.193507 ASYNC-IN-SUBMIT ep=0x81 len=0 type=BULK (in, awaiting data)
[1438] +47.306349 ASYNC-IN-DONE ep=0x81 len=0 status=2 actual=0
[1439] +47.306440 ASYNC-IN-SUBMIT ep=0x81 len=0 type=BULK (in, awaiting data)
[1440] +47.377613 ASYNC-OUT ep=0x01 len=16 type=BULK 
	0000  08 00 00 18 80 10 ed 03  00 52 00 10 6f 1b 00 00 |.........R..o...|
[1441] +47.378085 ASYNC-OUT-DONE ep=0x01 len=0 status=0 actual=16
[1442] +47.416032 ASYNC-IN-DONE ep=0x81 len=0 status=2 actual=0
[1443] +47.416113 ASYNC-IN-SUBMIT ep=0x81 len=0 type=BULK (in, awaiting data)
[1444] +47.518400 ASYNC-IN-DONE ep=0x81 len=0 status=2 actual=0
[1445] +47.518507 ASYNC-IN-SUBMIT ep=0x81 len=0 type=BULK (in, awaiting data)
[1446] +47.594080 ASYNC-IN-DONE ep=0x81 len=16 status=0 actual=16
	0000  08 00 00 18 ef 03 01 10  00 42 00 10 65 02 00 00 |.........B..e...|
[1447] +47.594210 ASYNC-IN-SUBMIT ep=0x81 len=0 type=BULK (in, awaiting data)
[1448] +47.705423 ASYNC-IN-DONE ep=0x81 len=0 status=2 actual=0
[1449] +47.705505 ASYNC-IN-SUBMIT ep=0x81 len=0 type=BULK (in, awaiting data)
[1450] +47.793169 ASYNC-OUT ep=0x01 len=16 type=BULK 
	0000  08 00 00 18 02 10 f0 03  00 30 00 10 b7 10 00 00 |.........0......|
[1451] +47.793492 ASYNC-OUT-DONE ep=0x01 len=0 status=0 actual=16
[1452] +47.813156 ASYNC-IN-DONE ep=0x81 len=0 status=2 actual=0
[1453] +47.813213 ASYNC-IN-SUBMIT ep=0x81 len=0 type=BULK (in, awaiting data)
[1454] +47.916589 ASYNC-IN-DONE ep=0x81 len=0 status=2 actual=0
[1455] +47.916663 ASYNC-IN-SUBMIT ep=0x81 len=0 type=BULK (in, awaiting data)
[1456] +47.949302 ASYNC-OUT ep=0x01 len=16 type=BULK 
	0000  08 00 00 18 01 10 ef 03  00 40 00 10 93 1e 00 00 |.........@......|
[1457] +47.949606 ASYNC-OUT-DONE ep=0x01 len=0 status=0 actual=16
[1458] +47.995655 ASYNC-IN-DONE ep=0x81 len=16 status=0 actual=16
	0000  08 00 00 18 ed 03 80 10  00 52 00 10 ac 0d 00 00 |.........R......|
[1459] +47.995758 ASYNC-IN-SUBMIT ep=0x81 len=0 type=BULK (in, awaiting data)
[1460] +48.097879 ASYNC-IN-DONE ep=0x81 len=0 status=2 actual=0
[1461] +48.097962 ASYNC-IN-SUBMIT ep=0x81 len=0 type=BULK (in, awaiting data)
[1462] +48.196035 ASYNC-IN-DONE ep=0x81 len=16 status=0 actual=16
	0000  08 00 00 18 f0 03 02 10  00 34 00 10 09 02 00 00 |.........4......|
[1463] +48.196156 ASYNC-IN-SUBMIT ep=0x81 len=0 type=BULK (in, awaiting data)
[1464] +48.306052 ASYNC-IN-DONE ep=0x81 len=0 status=2 actual=0
[1465] +48.306158 ASYNC-IN-SUBMIT ep=0x81 len=0 type=BULK (in, awaiting data)
[1466] +48.410837 ASYNC-IN-DONE ep=0x81 len=0 status=2 actual=0
[1467] +48.410901 ASYNC-IN-SUBMIT ep=0x81 len=0 type=BULK (in, awaiting data)
[1468] +48.417503 ASYNC-OUT ep=0x01 len=16 type=BULK 
	0000  08 00 00 18 80 10 ed 03  00 53 00 10 6f 1b 00 00 |.........S..o...|
[1469] +48.417769 ASYNC-OUT-DONE ep=0x01 len=0 status=0 actual=16
[1470] +48.520359 ASYNC-IN-DONE ep=0x81 len=0 status=2 actual=0
[1471] +48.520463 ASYNC-IN-SUBMIT ep=0x81 len=0 type=BULK (in, awaiting data)
[1472] +48.597354 ASYNC-IN-DONE ep=0x81 len=16 status=0 actual=16
	0000  08 00 00 18 ef 03 01 10  00 43 00 10 65 02 00 00 |.........C..e...|
[1473] +48.597481 ASYNC-IN-SUBMIT ep=0x81 len=0 type=BULK (in, awaiting data)
[1474] +48.707763 ASYNC-IN-DONE ep=0x81 len=0 status=2 actual=0
[1475] +48.707873 ASYNC-IN-SUBMIT ep=0x81 len=0 type=BULK (in, awaiting data)
[1476] +48.808378 ASYNC-IN-DONE ep=0x81 len=0 status=2 actual=0
[1477] +48.808474 ASYNC-IN-SUBMIT ep=0x81 len=0 type=BULK (in, awaiting data)
[1478] +48.831857 ASYNC-OUT ep=0x01 len=16 type=BULK 
	0000  08 00 00 18 02 10 f0 03  00 31 00 10 b7 10 00 00 |.........1......|
[1479] +48.832206 ASYNC-OUT-DONE ep=0x01 len=0 status=0 actual=16
[1480] +48.921362 ASYNC-IN-DONE ep=0x81 len=0 status=2 actual=0
[1481] +48.921452 ASYNC-IN-SUBMIT ep=0x81 len=0 type=BULK (in, awaiting data)
[1482] +48.987039 ASYNC-OUT ep=0x01 len=16 type=BULK 
	0000  08 00 00 18 01 10 ef 03  00 41 00 10 93 1e 00 00 |.........A......|
[1483] +48.987416 ASYNC-OUT-DONE ep=0x01 len=0 status=0 actual=16
[1484] +48.998909 ASYNC-IN-DONE ep=0x81 len=16 status=0 actual=16
	0000  08 00 00 18 ed 03 80 10  00 53 00 10 ac 0d 00 00 |.........S......|
[1485] +48.999056 ASYNC-IN-SUBMIT ep=0x81 len=0 type=BULK (in, awaiting data)
[1486] +49.111908 ASYNC-IN-DONE ep=0x81 len=0 status=2 actual=0
[1487] +49.111990 ASYNC-IN-SUBMIT ep=0x81 len=0 type=BULK (in, awaiting data)
[1488] +49.199943 ASYNC-IN-DONE ep=0x81 len=16 status=0 actual=16
	0000  08 00 00 18 f0 03 02 10  00 35 00 10 09 02 00 00 |.........5......|
[1489] +49.200026 ASYNC-IN-SUBMIT ep=0x81 len=0 type=BULK (in, awaiting data)
[1490] +49.312903 ASYNC-IN-DONE ep=0x81 len=0 status=2 actual=0
[1491] +49.313003 ASYNC-IN-SUBMIT ep=0x81 len=0 type=BULK (in, awaiting data)
[1492] +49.421635 ASYNC-IN-DONE ep=0x81 len=0 status=2 actual=0
[1493] +49.421734 ASYNC-IN-SUBMIT ep=0x81 len=0 type=BULK (in, awaiting data)
[1494] +49.455383 ASYNC-OUT ep=0x01 len=16 type=BULK 
	0000  08 00 00 18 80 10 ed 03  00 54 00 10 6f 1b 00 00 |.........T..o...|
[1495] +49.455716 ASYNC-OUT-DONE ep=0x01 len=0 status=0 actual=16
[1496] +49.534168 ASYNC-IN-DONE ep=0x81 len=0 status=2 actual=0
[1497] +49.534250 ASYNC-IN-SUBMIT ep=0x81 len=0 type=BULK (in, awaiting data)
[1498] +49.600834 ASYNC-IN-DONE ep=0x81 len=16 status=0 actual=16
	0000  08 00 00 18 ef 03 01 10  00 44 00 10 65 02 00 00 |.........D..e...|
[1499] +49.600970 ASYNC-IN-SUBMIT ep=0x81 len=0 type=BULK (in, awaiting data)
[1500] +49.710235 ASYNC-IN-DONE ep=0x81 len=0 status=2 actual=0
[1501] +49.710323 ASYNC-IN-SUBMIT ep=0x81 len=0 type=BULK (in, awaiting data)
[1502] +49.819554 ASYNC-IN-DONE ep=0x81 len=0 status=2 actual=0
[1503] +49.819645 ASYNC-IN-SUBMIT ep=0x81 len=0 type=BULK (in, awaiting data)
[1504] +49.871759 ASYNC-OUT ep=0x01 len=16 type=BULK 
	0000  08 00 00 18 02 10 f0 03  00 32 00 10 b7 10 00 00 |.........2......|
[1505] +49.872120 ASYNC-OUT-DONE ep=0x01 len=0 status=0 actual=16
[1506] +49.927371 ASYNC-IN-DONE ep=0x81 len=0 status=2 actual=0
[1507] +49.927460 ASYNC-IN-SUBMIT ep=0x81 len=0 type=BULK (in, awaiting data)
[1508] +50.002056 ASYNC-IN-DONE ep=0x81 len=16 status=0 actual=16
	0000  08 00 00 18 ed 03 80 10  00 54 00 10 ac 0d 00 00 |.........T......|
[1509] +50.002198 ASYNC-IN-SUBMIT ep=0x81 len=0 type=BULK (in, awaiting data)
[1510] +50.027858 ASYNC-OUT ep=0x01 len=16 type=BULK 
	0000  08 00 00 18 01 10 ef 03  00 42 00 10 93 1e 00 00 |.........B......|
[1511] +50.028122 ASYNC-OUT-DONE ep=0x01 len=0 status=0 actual=16
[1512] +50.106094 ASYNC-IN-DONE ep=0x81 len=0 status=2 actual=0
[1513] +50.106182 ASYNC-IN-SUBMIT ep=0x81 len=0 type=BULK (in, awaiting data)
[1514] +50.202894 ASYNC-IN-DONE ep=0x81 len=16 status=0 actual=16
	0000  08 00 00 18 f0 03 02 10  00 36 00 10 09 02 00 00 |.........6......|
[1515] +50.203024 ASYNC-IN-SUBMIT ep=0x81 len=0 type=BULK (in, awaiting data)
[1516] +50.310568 ASYNC-IN-DONE ep=0x81 len=0 status=2 actual=0
[1517] +50.310619 ASYNC-IN-SUBMIT ep=0x81 len=0 type=BULK (in, awaiting data)
[1518] +50.410838 ASYNC-IN-DONE ep=0x81 len=0 status=2 actual=0
[1519] +50.410871 ASYNC-IN-SUBMIT ep=0x81 len=0 type=BULK (in, awaiting data)
[1520] +50.495972 ASYNC-OUT ep=0x01 len=16 type=BULK 
	0000  08 00 00 18 80 10 ed 03  00 55 00 10 6f 1b 00 00 |.........U..o...|
[1521] +50.496228 ASYNC-OUT-DONE ep=0x01 len=0 status=0 actual=16
[1522] +50.519318 ASYNC-IN-DONE ep=0x81 len=0 status=2 actual=0
[1523] +50.519369 ASYNC-IN-SUBMIT ep=0x81 len=0 type=BULK (in, awaiting data)
[1524] +50.603991 ASYNC-IN-DONE ep=0x81 len=16 status=0 actual=16
	0000  08 00 00 18 ef 03 01 10  00 45 00 10 65 02 00 00 |.........E..e...|
[1525] +50.604048 ASYNC-IN-SUBMIT ep=0x81 len=0 type=BULK (in, awaiting data)
[1526] +50.716813 ASYNC-IN-DONE ep=0x81 len=0 status=2 actual=0
[1527] +50.716850 ASYNC-IN-SUBMIT ep=0x81 len=0 type=BULK (in, awaiting data)
[1528] +50.829643 ASYNC-IN-DONE ep=0x81 len=0 status=2 actual=0
[1529] +50.829756 ASYNC-IN-SUBMIT ep=0x81 len=0 type=BULK (in, awaiting data)
[1530] +50.912317 ASYNC-OUT ep=0x01 len=16 type=BULK 
	0000  08 00 00 18 02 10 f0 03  00 33 00 10 b7 10 00 00 |.........3......|
[1531] +50.912613 ASYNC-OUT-DONE ep=0x01 len=0 status=0 actual=16
[1532] +50.933317 ASYNC-IN-DONE ep=0x81 len=0 status=2 actual=0
[1533] +50.933407 ASYNC-IN-SUBMIT ep=0x81 len=0 type=BULK (in, awaiting data)
[1534] +51.005890 ASYNC-IN-DONE ep=0x81 len=16 status=0 actual=16
	0000  08 00 00 18 ed 03 80 10  00 55 00 10 ac 0d 00 00 |.........U......|
[1535] +51.005990 ASYNC-IN-SUBMIT ep=0x81 len=0 type=BULK (in, awaiting data)
[1536] +51.068407 ASYNC-OUT ep=0x01 len=16 type=BULK 
	0000  08 00 00 18 01 10 ef 03  00 43 00 10 93 1e 00 00 |.........C......|
[1537] +51.068721 ASYNC-OUT-DONE ep=0x01 len=0 status=0 actual=16
[1538] +51.106988 ASYNC-IN-DONE ep=0x81 len=0 status=2 actual=0
[1539] +51.107067 ASYNC-IN-SUBMIT ep=0x81 len=0 type=BULK (in, awaiting data)
[1540] +51.206368 ASYNC-IN-DONE ep=0x81 len=16 status=0 actual=16
	0000  08 00 00 18 f0 03 02 10  00 37 00 10 09 02 00 00 |.........7......|
[1541] +51.206488 ASYNC-IN-SUBMIT ep=0x81 len=0 type=BULK (in, awaiting data)
[1542] +51.310047 ASYNC-IN-DONE ep=0x81 len=0 status=2 actual=0
[1543] +51.310114 ASYNC-IN-SUBMIT ep=0x81 len=0 type=BULK (in, awaiting data)
[1544] +51.412557 ASYNC-IN-DONE ep=0x81 len=0 status=2 actual=0
[1545] +51.412667 ASYNC-IN-SUBMIT ep=0x81 len=0 type=BULK (in, awaiting data)
[1546] +51.524383 ASYNC-IN-DONE ep=0x81 len=0 status=2 actual=0
[1547] +51.524501 ASYNC-IN-SUBMIT ep=0x81 len=0 type=BULK (in, awaiting data)
[1548] +51.535932 ASYNC-OUT ep=0x01 len=16 type=BULK 
	0000  08 00 00 18 80 10 ed 03  00 56 00 10 6f 1b 00 00 |.........V..o...|
[1549] +51.536169 ASYNC-OUT-DONE ep=0x01 len=0 status=0 actual=16
[1550] +51.607935 ASYNC-IN-DONE ep=0x81 len=16 status=0 actual=16
	0000  08 00 00 18 ef 03 01 10  00 46 00 10 65 02 00 00 |.........F..e...|
[1551] +51.608087 ASYNC-IN-SUBMIT ep=0x81 len=0 type=BULK (in, awaiting data)
[1552] +51.712612 ASYNC-IN-DONE ep=0x81 len=0 status=2 actual=0
[1553] +51.712669 ASYNC-IN-SUBMIT ep=0x81 len=0 type=BULK (in, awaiting data)
[1554] +51.814064 ASYNC-IN-DONE ep=0x81 len=0 status=2 actual=0
[1555] +51.814177 ASYNC-IN-SUBMIT ep=0x81 len=0 type=BULK (in, awaiting data)
[1556] +51.927031 ASYNC-IN-DONE ep=0x81 len=0 status=2 actual=0
[1557] +51.927099 ASYNC-IN-SUBMIT ep=0x81 len=0 type=BULK (in, awaiting data)
[1558] +51.951582 ASYNC-OUT ep=0x01 len=16 type=BULK 
	0000  08 00 00 18 02 10 f0 03  00 34 00 10 b7 10 00 00 |.........4......|
[1559] +51.951990 ASYNC-OUT-DONE ep=0x01 len=0 status=0 actual=16
[1560] +52.008822 ASYNC-IN-DONE ep=0x81 len=16 status=0 actual=16
	0000  08 00 00 18 ed 03 80 10  00 56 00 10 ac 0d 00 00 |.........V......|
[1561] +52.008964 ASYNC-IN-SUBMIT ep=0x81 len=0 type=BULK (in, awaiting data)
[1562] +52.107729 ASYNC-OUT ep=0x01 len=16 type=BULK 
	0000  08 00 00 18 01 10 ef 03  00 44 00 10 93 1e 00 00 |.........D......|
[1563] +52.108030 ASYNC-OUT-DONE ep=0x01 len=0 status=0 actual=16
[1564] +52.121581 ASYNC-IN-DONE ep=0x81 len=0 status=2 actual=0
[1565] +52.121624 ASYNC-IN-SUBMIT ep=0x81 len=0 type=BULK (in, awaiting data)
[1566] +52.209948 ASYNC-IN-DONE ep=0x81 len=16 status=0 actual=16
	0000  08 00 00 18 f0 03 02 10  00 38 00 10 09 02 00 00 |.........8......|
[1567] +52.210098 ASYNC-IN-SUBMIT ep=0x81 len=0 type=BULK (in, awaiting data)
[1568] +52.320212 ASYNC-IN-DONE ep=0x81 len=0 status=2 actual=0
[1569] +52.320304 ASYNC-IN-SUBMIT ep=0x81 len=0 type=BULK (in, awaiting data)
[1570] +52.433122 ASYNC-IN-DONE ep=0x81 len=0 status=2 actual=0
[1571] +52.433234 ASYNC-IN-SUBMIT ep=0x81 len=0 type=BULK (in, awaiting data)
[1572] +52.545987 ASYNC-IN-DONE ep=0x81 len=0 status=2 actual=0
[1573] +52.546097 ASYNC-IN-SUBMIT ep=0x81 len=0 type=BULK (in, awaiting data)
[1574] +52.575061 ASYNC-OUT ep=0x01 len=16 type=BULK 
	0000  08 00 00 18 80 10 ed 03  00 57 00 10 6f 1b 00 00 |.........W..o...|
[1575] +52.575427 ASYNC-OUT-DONE ep=0x01 len=0 status=0 actual=16
[1576] +52.610865 ASYNC-IN-DONE ep=0x81 len=16 status=0 actual=16
	0000  08 00 00 18 ef 03 01 10  00 47 00 10 65 02 00 00 |.........G..e...|
[1577] +52.610999 ASYNC-IN-SUBMIT ep=0x81 len=0 type=BULK (in, awaiting data)
[1578] +52.718080 ASYNC-IN-DONE ep=0x81 len=0 status=2 actual=0
[1579] +52.718195 ASYNC-IN-SUBMIT ep=0x81 len=0 type=BULK (in, awaiting data)
[1580] +52.830594 ASYNC-IN-DONE ep=0x81 len=0 status=2 actual=0
[1581] +52.830698 ASYNC-IN-SUBMIT ep=0x81 len=0 type=BULK (in, awaiting data)
[1582] +52.941067 ASYNC-IN-DONE ep=0x81 len=0 status=2 actual=0
[1583] +52.941164 ASYNC-IN-SUBMIT ep=0x81 len=0 type=BULK (in, awaiting data)
[1584] +52.990905 ASYNC-OUT ep=0x01 len=16 type=BULK 
	0000  08 00 00 18 02 10 f0 03  00 35 00 10 b7 10 00 00 |.........5......|
[1585] +52.991229 ASYNC-OUT-DONE ep=0x01 len=0 status=0 actual=16
[1586] +53.012779 ASYNC-IN-DONE ep=0x81 len=16 status=0 actual=16
	0000  08 00 00 18 ed 03 80 10  00 57 00 10 ac 0d 00 00 |.........W......|
[1587] +53.012910 ASYNC-IN-SUBMIT ep=0x81 len=0 type=BULK (in, awaiting data)
[1588] +53.121654 ASYNC-IN-DONE ep=0x81 len=0 status=2 actual=0
[1589] +53.121733 ASYNC-IN-SUBMIT ep=0x81 len=0 type=BULK (in, awaiting data)
[1590] +53.147075 ASYNC-OUT ep=0x01 len=16 type=BULK 
	0000  08 00 00 18 01 10 ef 03  00 45 00 10 93 1e 00 00 |.........E......|
[1591] +53.147452 ASYNC-OUT-DONE ep=0x01 len=0 status=0 actual=16
[1592] +53.213133 ASYNC-IN-DONE ep=0x81 len=16 status=0 actual=16
	0000  08 00 00 18 f0 03 02 10  00 39 00 10 09 02 00 00 |.........9......|
[1593] +53.213279 ASYNC-IN-SUBMIT ep=0x81 len=0 type=BULK (in, awaiting data)
[1594] +53.326005 ASYNC-IN-DONE ep=0x81 len=0 status=2 actual=0
[1595] +53.326114 ASYNC-IN-SUBMIT ep=0x81 len=0 type=BULK (in, awaiting data)
[1596] +53.434569 ASYNC-IN-DONE ep=0x81 len=0 status=2 actual=0
[1597] +53.434676 ASYNC-IN-SUBMIT ep=0x81 len=0 type=BULK (in, awaiting data)
[1598] +53.539204 ASYNC-IN-DONE ep=0x81 len=0 status=2 actual=0
[1599] +53.539316 ASYNC-IN-SUBMIT ep=0x81 len=0 type=BULK (in, awaiting data)
[1600] +53.613820 ASYNC-OUT ep=0x01 len=16 type=BULK 
	0000  08 00 00 18 80 10 ed 03  00 58 00 10 6f 1b 00 00 |.........X..o...|
[1601] +53.614156 ASYNC-OUT-DONE ep=0x01 len=0 status=0 actual=16
[1602] +53.614880 ASYNC-IN-DONE ep=0x81 len=16 status=0 actual=16
	0000  08 00 00 18 ef 03 01 10  00 48 00 10 65 02 00 00 |.........H..e...|
[1603] +53.614925 ASYNC-IN-SUBMIT ep=0x81 len=0 type=BULK (in, awaiting data)
[1604] +53.727700 ASYNC-IN-DONE ep=0x81 len=0 status=2 actual=0
[1605] +53.727783 ASYNC-IN-SUBMIT ep=0x81 len=0 type=BULK (in, awaiting data)
[1606] +53.838351 ASYNC-IN-DONE ep=0x81 len=0 status=2 actual=0
[1607] +53.838456 ASYNC-IN-SUBMIT ep=0x81 len=0 type=BULK (in, awaiting data)
[1608] +53.950978 ASYNC-IN-DONE ep=0x81 len=0 status=2 actual=0
[1609] +53.951064 ASYNC-IN-SUBMIT ep=0x81 len=0 type=BULK (in, awaiting data)
[1610] +54.016021 ASYNC-IN-DONE ep=0x81 len=16 status=0 actual=16
	0000  08 00 00 18 ed 03 80 10  00 58 00 10 ac 0d 00 00 |.........X......|
[1611] +54.016156 ASYNC-IN-SUBMIT ep=0x81 len=0 type=BULK (in, awaiting data)
[1612] +54.028450 ASYNC-OUT ep=0x01 len=16 type=BULK 
	0000  08 00 00 18 02 10 f0 03  00 36 00 10 b7 10 00 00 |.........6......|
[1613] +54.028890 ASYNC-OUT-DONE ep=0x01 len=0 status=0 actual=16
[1614] +54.128987 ASYNC-IN-DONE ep=0x81 len=0 status=2 actual=0
[1615] +54.129093 ASYNC-IN-SUBMIT ep=0x81 len=0 type=BULK (in, awaiting data)
[1616] +54.183902 ASYNC-OUT ep=0x01 len=16 type=BULK 
	0000  08 00 00 18 01 10 ef 03  00 46 00 10 93 1e 00 00 |.........F......|
[1617] +54.184242 ASYNC-OUT-DONE ep=0x01 len=0 status=0 actual=16
[1618] +54.216306 ASYNC-IN-DONE ep=0x81 len=16 status=0 actual=16
	0000  08 00 00 18 f0 03 02 10  00 3a 00 10 09 02 00 00 |.........:......|
[1619] +54.216434 ASYNC-IN-SUBMIT ep=0x81 len=0 type=BULK (in, awaiting data)
[1620] +54.329268 ASYNC-IN-DONE ep=0x81 len=0 status=2 actual=0
[1621] +54.329370 ASYNC-IN-SUBMIT ep=0x81 len=0 type=BULK (in, awaiting data)
[1622] +54.441704 ASYNC-IN-DONE ep=0x81 len=0 status=2 actual=0
[1623] +54.441808 ASYNC-IN-SUBMIT ep=0x81 len=0 type=BULK (in, awaiting data)
[1624] +54.543978 ASYNC-IN-DONE ep=0x81 len=0 status=2 actual=0
[1625] +54.544095 ASYNC-IN-SUBMIT ep=0x81 len=0 type=BULK (in, awaiting data)
[1626] +54.617930 ASYNC-IN-DONE ep=0x81 len=16 status=0 actual=16
	0000  08 00 00 18 ef 03 01 10  00 49 00 10 65 02 00 00 |.........I..e...|
[1627] +54.618070 ASYNC-IN-SUBMIT ep=0x81 len=0 type=BULK (in, awaiting data)
[1628] +54.651411 ASYNC-OUT ep=0x01 len=16 type=BULK 
	0000  08 00 00 18 80 10 ed 03  00 59 00 10 6f 1b 00 00 |.........Y..o...|
[1629] +54.651770 ASYNC-OUT-DONE ep=0x01 len=0 status=0 actual=16
[1630] +54.729623 ASYNC-IN-DONE ep=0x81 len=0 status=2 actual=0
[1631] +54.729673 ASYNC-IN-SUBMIT ep=0x81 len=0 type=BULK (in, awaiting data)
[1632] +54.840460 ASYNC-IN-DONE ep=0x81 len=0 status=2 actual=0
[1633] +54.840566 ASYNC-IN-SUBMIT ep=0x81 len=0 type=BULK (in, awaiting data)
[1634] +54.949374 ASYNC-IN-DONE ep=0x81 len=0 status=2 actual=0
[1635] +54.949459 ASYNC-IN-SUBMIT ep=0x81 len=0 type=BULK (in, awaiting data)
[1636] +55.018696 ASYNC-IN-DONE ep=0x81 len=16 status=0 actual=16
	0000  08 00 00 18 ed 03 80 10  00 59 00 10 ac 0d 00 00 |.........Y......|
[1637] +55.018900 ASYNC-IN-SUBMIT ep=0x81 len=0 type=BULK (in, awaiting data)
[1638] +55.066845 ASYNC-OUT ep=0x01 len=16 type=BULK 
	0000  08 00 00 18 02 10 f0 03  00 37 00 10 b7 10 00 00 |.........7......|
[1639] +55.067182 ASYNC-OUT-DONE ep=0x01 len=0 status=0 actual=16
[1640] +55.131708 ASYNC-IN-DONE ep=0x81 len=0 status=2 actual=0
[1641] +55.131799 ASYNC-IN-SUBMIT ep=0x81 len=0 type=BULK (in, awaiting data)
[1642] +55.219871 ASYNC-IN-DONE ep=0x81 len=16 status=0 actual=16
	0000  08 00 00 18 f0 03 02 10  00 3b 00 10 09 02 00 00 |.........;......|
[1643] +55.220014 ASYNC-IN-SUBMIT ep=0x81 len=0 type=BULK (in, awaiting data)
[1644] +55.222933 ASYNC-OUT ep=0x01 len=16 type=BULK 
	0000  08 00 00 18 01 10 ef 03  00 47 00 10 93 1e 00 00 |.........G......|
[1645] +55.223168 ASYNC-OUT-DONE ep=0x01 len=0 status=0 actual=16
[1646] +55.327270 ASYNC-IN-DONE ep=0x81 len=0 status=2 actual=0
[1647] +55.327370 ASYNC-IN-SUBMIT ep=0x81 len=0 type=BULK (in, awaiting data)
[1648] +55.431343 ASYNC-IN-DONE ep=0x81 len=0 status=2 actual=0
[1649] +55.431424 ASYNC-IN-SUBMIT ep=0x81 len=0 type=BULK (in, awaiting data)
[1650] +55.539875 ASYNC-IN-DONE ep=0x81 len=0 status=2 actual=0
[1651] +55.539980 ASYNC-IN-SUBMIT ep=0x81 len=0 type=BULK (in, awaiting data)
[1652] +55.620624 ASYNC-IN-DONE ep=0x81 len=16 status=0 actual=16
	0000  08 00 00 18 ef 03 01 10  00 4a 00 10 65 02 00 00 |.........J..e...|
[1653] +55.620764 ASYNC-IN-SUBMIT ep=0x81 len=0 type=BULK (in, awaiting data)
[1654] +55.689802 ASYNC-OUT ep=0x01 len=16 type=BULK 
	0000  08 00 00 18 80 10 ed 03  00 5a 00 10 6f 1b 00 00 |.........Z..o...|
[1655] +55.690149 ASYNC-OUT-DONE ep=0x01 len=0 status=0 actual=16
[1656] +55.733539 ASYNC-IN-DONE ep=0x81 len=0 status=2 actual=0
[1657] +55.733580 ASYNC-IN-SUBMIT ep=0x81 len=0 type=BULK (in, awaiting data)
[1658] +55.846383 ASYNC-IN-DONE ep=0x81 len=0 status=2 actual=0
[1659] +55.846482 ASYNC-IN-SUBMIT ep=0x81 len=0 type=BULK (in, awaiting data)
[1660] +55.957655 ASYNC-IN-DONE ep=0x81 len=0 status=2 actual=0
[1661] +55.957807 ASYNC-IN-SUBMIT ep=0x81 len=0 type=BULK (in, awaiting data)
[1662] +56.022060 ASYNC-IN-DONE ep=0x81 len=16 status=0 actual=16
	0000  08 00 00 18 ed 03 80 10  00 5a 00 10 ac 0d 00 00 |.........Z......|
[1663] +56.022182 ASYNC-IN-SUBMIT ep=0x81 len=0 type=BULK (in, awaiting data)
[1664] +56.104433 ASYNC-OUT ep=0x01 len=16 type=BULK 
	0000  08 00 00 18 02 10 f0 03  00 38 00 10 b7 10 00 00 |.........8......|
[1665] +56.104803 ASYNC-OUT-DONE ep=0x01 len=0 status=0 actual=16
[1666] +56.132662 ASYNC-IN-DONE ep=0x81 len=0 status=2 actual=0
[1667] +56.132735 ASYNC-IN-SUBMIT ep=0x81 len=0 type=BULK (in, awaiting data)
[1668] +56.222682 ASYNC-IN-DONE ep=0x81 len=16 status=0 actual=16
	0000  08 00 00 18 f0 03 02 10  00 3c 00 10 09 02 00 00 |.........<......|
[1669] +56.222830 ASYNC-IN-SUBMIT ep=0x81 len=0 type=BULK (in, awaiting data)
[1670] +56.260556 ASYNC-OUT ep=0x01 len=16 type=BULK 
	0000  08 00 00 18 01 10 ef 03  00 48 00 10 93 1e 00 00 |.........H......|
[1671] +56.260791 ASYNC-OUT-DONE ep=0x01 len=0 status=0 actual=16
[1672] +56.328519 ASYNC-IN-DONE ep=0x81 len=0 status=2 actual=0
[1673] +56.328614 ASYNC-IN-SUBMIT ep=0x81 len=0 type=BULK (in, awaiting data)
[1674] +56.438432 ASYNC-IN-DONE ep=0x81 len=0 status=2 actual=0
[1675] +56.438544 ASYNC-IN-SUBMIT ep=0x81 len=0 type=BULK (in, awaiting data)
[1676] +56.551374 ASYNC-IN-DONE ep=0x81 len=0 status=2 actual=0
[1677] +56.551495 ASYNC-IN-SUBMIT ep=0x81 len=0 type=BULK (in, awaiting data)
[1678] +56.624253 ASYNC-IN-DONE ep=0x81 len=16 status=0 actual=16
	0000  08 00 00 18 ef 03 01 10  00 4b 00 10 65 02 00 00 |.........K..e...|
[1679] +56.624397 ASYNC-IN-SUBMIT ep=0x81 len=0 type=BULK (in, awaiting data)
[1680] +56.727382 ASYNC-OUT ep=0x01 len=16 type=BULK 
	0000  08 00 00 18 80 10 ed 03  00 5b 00 10 6f 1b 00 00 |.........[..o...|
[1681] +56.727897 ASYNC-OUT-DONE ep=0x01 len=0 status=0 actual=16
[1682] +56.728386 ASYNC-IN-DONE ep=0x81 len=0 status=2 actual=0
[1683] +56.728413 ASYNC-IN-SUBMIT ep=0x81 len=0 type=BULK (in, awaiting data)
[1684] +56.837129 ASYNC-IN-DONE ep=0x81 len=0 status=2 actual=0
[1685] +56.837274 ASYNC-IN-SUBMIT ep=0x81 len=0 type=BULK (in, awaiting data)
[1686] +56.949454 ASYNC-IN-DONE ep=0x81 len=0 status=2 actual=0
[1687] +56.949558 ASYNC-IN-SUBMIT ep=0x81 len=0 type=BULK (in, awaiting data)
[1688] +57.025470 ASYNC-IN-DONE ep=0x81 len=16 status=0 actual=16
	0000  08 00 00 18 ed 03 80 10  00 5b 00 10 ac 0d 00 00 |.........[......|
[1689] +57.025617 ASYNC-IN-SUBMIT ep=0x81 len=0 type=BULK (in, awaiting data)
[1690] +57.135941 ASYNC-IN-DONE ep=0x81 len=0 status=2 actual=0
[1691] +57.136028 ASYNC-IN-SUBMIT ep=0x81 len=0 type=BULK (in, awaiting data)
[1692] +57.141892 ASYNC-OUT ep=0x01 len=16 type=BULK 
	0000  08 00 00 18 02 10 f0 03  00 39 00 10 b7 10 00 00 |.........9......|
[1693] +57.142148 ASYNC-OUT-DONE ep=0x01 len=0 status=0 actual=16
[1694] +57.225971 ASYNC-IN-DONE ep=0x81 len=16 status=0 actual=16
	0000  08 00 00 18 f0 03 02 10  00 3d 00 10 09 02 00 00 |.........=......|
[1695] +57.226121 ASYNC-IN-SUBMIT ep=0x81 len=0 type=BULK (in, awaiting data)
[1696] +57.298122 ASYNC-OUT ep=0x01 len=16 type=BULK 
	0000  08 00 00 18 01 10 ef 03  00 49 00 10 93 1e 00 00 |.........I......|
[1697] +57.298453 ASYNC-OUT-DONE ep=0x01 len=0 status=0 actual=16
[1698] +57.328244 ASYNC-IN-DONE ep=0x81 len=0 status=2 actual=0
[1699] +57.328315 ASYNC-IN-SUBMIT ep=0x81 len=0 type=BULK (in, awaiting data)
[1700] +57.441047 ASYNC-IN-DONE ep=0x81 len=0 status=2 actual=0
[1701] +57.441158 ASYNC-IN-SUBMIT ep=0x81 len=0 type=BULK (in, awaiting data)
[1702] +57.543008 ASYNC-IN-DONE ep=0x81 len=0 status=2 actual=0
[1703] +57.543104 ASYNC-IN-SUBMIT ep=0x81 len=0 type=BULK (in, awaiting data)
[1704] +57.627600 ASYNC-IN-DONE ep=0x81 len=16 status=0 actual=16
	0000  08 00 00 18 ef 03 01 10  00 4c 00 10 65 02 00 00 |.........L..e...|
[1705] +57.627748 ASYNC-IN-SUBMIT ep=0x81 len=0 type=BULK (in, awaiting data)
[1706] +57.740506 ASYNC-IN-DONE ep=0x81 len=0 status=2 actual=0
[1707] +57.740600 ASYNC-IN-SUBMIT ep=0x81 len=0 type=BULK (in, awaiting data)
[1708] +57.763196 ASYNC-OUT ep=0x01 len=16 type=BULK 
	0000  08 00 00 18 80 10 ed 03  00 5c 00 10 6f 1b 00 00 |.........\..o...|
[1709] +57.763526 ASYNC-OUT-DONE ep=0x01 len=0 status=0 actual=16
[1710] +57.843565 ASYNC-IN-DONE ep=0x81 len=0 status=2 actual=0
[1711] +57.843655 ASYNC-IN-SUBMIT ep=0x81 len=0 type=BULK (in, awaiting data)
[1712] +57.948355 ASYNC-IN-DONE ep=0x81 len=0 status=2 actual=0
[1713] +57.948435 ASYNC-IN-SUBMIT ep=0x81 len=0 type=BULK (in, awaiting data)
[1714] +58.028694 ASYNC-IN-DONE ep=0x81 len=16 status=0 actual=16
	0000  08 00 00 18 ed 03 80 10  00 5c 00 10 ac 0d 00 00 |.........\......|
[1715] +58.028845 ASYNC-IN-SUBMIT ep=0x81 len=0 type=BULK (in, awaiting data)
[1716] +58.137115 ASYNC-IN-DONE ep=0x81 len=0 status=2 actual=0
[1717] +58.137223 ASYNC-IN-SUBMIT ep=0x81 len=0 type=BULK (in, awaiting data)
[1718] +58.178651 ASYNC-OUT ep=0x01 len=16 type=BULK 
	0000  08 00 00 18 02 10 f0 03  00 3a 00 10 b7 10 00 00 |.........:......|
[1719] +58.179029 ASYNC-OUT-DONE ep=0x01 len=0 status=0 actual=16
[1720] +58.229591 ASYNC-IN-DONE ep=0x81 len=16 status=0 actual=16
	0000  08 00 00 18 f0 03 02 10  00 3e 00 10 09 02 00 00 |.........>......|
[1721] +58.229733 ASYNC-IN-SUBMIT ep=0x81 len=0 type=BULK (in, awaiting data)
[1722] +58.334231 ASYNC-OUT ep=0x01 len=16 type=BULK 
	0000  08 00 00 18 01 10 ef 03  00 4a 00 10 93 1e 00 00 |.........J......|
[1723] +58.334578 ASYNC-OUT-DONE ep=0x01 len=0 status=0 actual=16
[1724] +58.335991 ASYNC-IN-DONE ep=0x81 len=0 status=2 actual=0
[1725] +58.336036 ASYNC-IN-SUBMIT ep=0x81 len=0 type=BULK (in, awaiting data)
[1726] +58.436851 ASYNC-IN-DONE ep=0x81 len=0 status=2 actual=0
[1727] +58.436953 ASYNC-IN-SUBMIT ep=0x81 len=0 type=BULK (in, awaiting data)
[1728] +58.549354 ASYNC-IN-DONE ep=0x81 len=0 status=2 actual=0
[1729] +58.549450 ASYNC-IN-SUBMIT ep=0x81 len=0 type=BULK (in, awaiting data)
[1730] +58.630647 ASYNC-IN-DONE ep=0x81 len=16 status=0 actual=16
	0000  08 00 00 18 ef 03 01 10  00 4d 00 10 65 02 00 00 |.........M..e...|
[1731] +58.630757 ASYNC-IN-SUBMIT ep=0x81 len=0 type=BULK (in, awaiting data)
[1732] +58.731667 ASYNC-IN-DONE ep=0x81 len=0 status=2 actual=0
[1733] +58.731744 ASYNC-IN-SUBMIT ep=0x81 len=0 type=BULK (in, awaiting data)
[1734] +58.802669 ASYNC-OUT ep=0x01 len=16 type=BULK 
	0000  08 00 00 18 80 10 ed 03  00 5d 00 10 6f 1b 00 00 |.........]..o...|
[1735] +58.803043 ASYNC-OUT-DONE ep=0x01 len=0 status=0 actual=16
[1736] +58.838660 ASYNC-IN-DONE ep=0x81 len=0 status=2 actual=0
[1737] +58.838790 ASYNC-IN-SUBMIT ep=0x81 len=0 type=BULK (in, awaiting data)
[1738] +58.949379 ASYNC-IN-DONE ep=0x81 len=0 status=2 actual=0
[1739] +58.949459 ASYNC-IN-SUBMIT ep=0x81 len=0 type=BULK (in, awaiting data)
[1740] +59.031931 ASYNC-IN-DONE ep=0x81 len=16 status=0 actual=16
	0000  08 00 00 18 ed 03 80 10  00 5d 00 10 ac 0d 00 00 |.........]......|
[1741] +59.032065 ASYNC-IN-SUBMIT ep=0x81 len=0 type=BULK (in, awaiting data)
[1742] +59.141549 ASYNC-IN-DONE ep=0x81 len=0 status=2 actual=0
[1743] +59.141645 ASYNC-IN-SUBMIT ep=0x81 len=0 type=BULK (in, awaiting data)
[1744] +59.217541 ASYNC-OUT ep=0x01 len=16 type=BULK 
	0000  08 00 00 18 02 10 f0 03  00 3b 00 10 b7 10 00 00 |.........;......|
[1745] +59.217901 ASYNC-OUT-DONE ep=0x01 len=0 status=0 actual=16
[1746] +59.232633 ASYNC-IN-DONE ep=0x81 len=16 status=0 actual=16
	0000  08 00 00 18 f0 03 02 10  00 3f 00 10 09 02 00 00 |.........?......|
[1747] +59.232733 ASYNC-IN-SUBMIT ep=0x81 len=0 type=BULK (in, awaiting data)
[1748] +59.344422 ASYNC-IN-DONE ep=0x81 len=0 status=2 actual=0
[1749] +59.344515 ASYNC-IN-SUBMIT ep=0x81 len=0 type=BULK (in, awaiting data)
[1750] +59.373670 ASYNC-OUT ep=0x01 len=16 type=BULK 
	0000  08 00 00 18 01 10 ef 03  00 4b 00 10 93 1e 00 00 |.........K......|
[1751] +59.373933 ASYNC-OUT-DONE ep=0x01 len=0 status=0 actual=16
[1752] +59.453533 ASYNC-IN-DONE ep=0x81 len=0 status=2 actual=0
[1753] +59.453652 ASYNC-IN-SUBMIT ep=0x81 len=0 type=BULK (in, awaiting data)
[1754] +59.566482 ASYNC-IN-DONE ep=0x81 len=0 status=2 actual=0
[1755] +59.566578 ASYNC-IN-SUBMIT ep=0x81 len=0 type=BULK (in, awaiting data)
[1756] +59.634245 ASYNC-IN-DONE ep=0x81 len=16 status=0 actual=16
	0000  08 00 00 18 ef 03 01 10  00 4e 00 10 65 02 00 00 |.........N..e...|
[1757] +59.634352 ASYNC-IN-SUBMIT ep=0x81 len=0 type=BULK (in, awaiting data)
[1758] +59.742091 ASYNC-IN-DONE ep=0x81 len=0 status=2 actual=0
[1759] +59.742178 ASYNC-IN-SUBMIT ep=0x81 len=0 type=BULK (in, awaiting data)
[1760] +59.841370 ASYNC-OUT ep=0x01 len=16 type=BULK 
	0000  08 00 00 18 80 10 ed 03  00 5e 00 10 6f 1b 00 00 |.........^..o...|
[1761] +59.841694 ASYNC-OUT-DONE ep=0x01 len=0 status=0 actual=16
[1762] +59.854980 ASYNC-IN-DONE ep=0x81 len=0 status=2 actual=0
[1763] +59.855057 ASYNC-IN-SUBMIT ep=0x81 len=0 type=BULK (in, awaiting data)
[1764] +59.960794 ASYNC-IN-DONE ep=0x81 len=0 status=2 actual=0
[1765] +59.960887 ASYNC-IN-SUBMIT ep=0x81 len=0 type=BULK (in, awaiting data)
[1766] +60.035453 ASYNC-IN-DONE ep=0x81 len=16 status=0 actual=16
	0000  08 00 00 18 ed 03 80 10  00 5e 00 10 ac 0d 00 00 |.........^......|
[1767] +60.035580 ASYNC-IN-SUBMIT ep=0x81 len=0 type=BULK (in, awaiting data)
[1768] +60.145205 ASYNC-IN-DONE ep=0x81 len=0 status=2 actual=0
[1769] +60.145306 ASYNC-IN-SUBMIT ep=0x81 len=0 type=BULK (in, awaiting data)
[1770] +60.236006 ASYNC-IN-DONE ep=0x81 len=16 status=0 actual=16
	0000  08 00 00 18 f0 03 02 10  00 40 00 10 09 02 00 00 |.........@......|
[1771] +60.236139 ASYNC-IN-SUBMIT ep=0x81 len=0 type=BULK (in, awaiting data)
[1772] +60.257643 ASYNC-OUT ep=0x01 len=16 type=BULK 
	0000  08 00 00 18 02 10 f0 03  00 3c 00 10 b7 10 00 00 |.........<......|
[1773] +60.257944 ASYNC-OUT-DONE ep=0x01 len=0 status=0 actual=16
[1774] +60.345543 ASYNC-IN-DONE ep=0x81 len=0 status=2 actual=0
[1775] +60.345573 ASYNC-IN-SUBMIT ep=0x81 len=0 type=BULK (in, awaiting data)
[1776] +60.413769 ASYNC-OUT ep=0x01 len=16 type=BULK 
	0000  08 00 00 18 01 10 ef 03  00 4c 00 10 93 1e 00 00 |.........L......|
[1777] +60.414035 ASYNC-OUT-DONE ep=0x01 len=0 status=0 actual=16
[1778] +60.455663 ASYNC-IN-DONE ep=0x81 len=0 status=2 actual=0
[1779] +60.455747 ASYNC-IN-SUBMIT ep=0x81 len=0 type=BULK (in, awaiting data)
[1780] +60.565973 ASYNC-IN-DONE ep=0x81 len=0 status=2 actual=0
[1781] +60.566001 ASYNC-IN-SUBMIT ep=0x81 len=0 type=BULK (in, awaiting data)
[1782] +60.637608 ASYNC-IN-DONE ep=0x81 len=16 status=0 actual=16
	0000  08 00 00 18 ef 03 01 10  00 4f 00 10 65 02 00 00 |.........O..e...|
[1783] +60.637720 ASYNC-IN-SUBMIT ep=0x81 len=0 type=BULK (in, awaiting data)
[1784] +60.750566 ASYNC-IN-DONE ep=0x81 len=0 status=2 actual=0
[1785] +60.750637 ASYNC-IN-SUBMIT ep=0x81 len=0 type=BULK (in, awaiting data)
[1786] +60.861414 ASYNC-IN-DONE ep=0x81 len=0 status=2 actual=0
[1787] +60.861512 ASYNC-IN-SUBMIT ep=0x81 len=0 type=BULK (in, awaiting data)
[1788] +60.882011 ASYNC-OUT ep=0x01 len=16 type=BULK 
	0000  08 00 00 18 80 10 ed 03  00 5f 00 10 6f 1b 00 00 |........._..o...|
[1789] +60.882462 ASYNC-OUT-DONE ep=0x01 len=0 status=0 actual=16
[1790] +60.965982 ASYNC-IN-DONE ep=0x81 len=0 status=2 actual=0
[1791] +60.966052 ASYNC-IN-SUBMIT ep=0x81 len=0 type=BULK (in, awaiting data)
[1792] +61.039556 ASYNC-IN-DONE ep=0x81 len=16 status=0 actual=16
	0000  08 00 00 18 ed 03 80 10  00 5f 00 10 ac 0d 00 00 |........._......|
[1793] +61.039690 ASYNC-IN-SUBMIT ep=0x81 len=0 type=BULK (in, awaiting data)
[1794] +61.144083 ASYNC-IN-DONE ep=0x81 len=0 status=2 actual=0
[1795] +61.144178 ASYNC-IN-SUBMIT ep=0x81 len=0 type=BULK (in, awaiting data)
[1796] +61.239958 ASYNC-IN-DONE ep=0x81 len=16 status=0 actual=16
	0000  08 00 00 18 f0 03 02 10  00 41 00 10 09 02 00 00 |.........A......|
[1797] +61.240094 ASYNC-IN-SUBMIT ep=0x81 len=0 type=BULK (in, awaiting data)
[1798] +61.296468 ASYNC-OUT ep=0x01 len=16 type=BULK 
	0000  08 00 00 18 02 10 f0 03  00 3d 00 10 b7 10 00 00 |.........=......|
[1799] +61.296794 ASYNC-OUT-DONE ep=0x01 len=0 status=0 actual=16
[1800] +61.344496 ASYNC-IN-DONE ep=0x81 len=0 status=2 actual=0
[1801] +61.344589 ASYNC-IN-SUBMIT ep=0x81 len=0 type=BULK (in, awaiting data)
[1802] +61.449350 ASYNC-IN-DONE ep=0x81 len=0 status=2 actual=0
[1803] +61.449448 ASYNC-IN-SUBMIT ep=0x81 len=0 type=BULK (in, awaiting data)
[1804] +61.452432 ASYNC-OUT ep=0x01 len=16 type=BULK 
	0000  08 00 00 18 01 10 ef 03  00 4d 00 10 93 1e 00 00 |.........M......|
[1805] +61.452654 ASYNC-OUT-DONE ep=0x01 len=0 status=0 actual=16
[1806] +61.561863 ASYNC-IN-DONE ep=0x81 len=0 status=2 actual=0
[1807] +61.561955 ASYNC-IN-SUBMIT ep=0x81 len=0 type=BULK (in, awaiting data)
[1808] +61.640783 ASYNC-IN-DONE ep=0x81 len=16 status=0 actual=16
	0000  08 00 00 18 ef 03 01 10  00 50 00 10 65 02 00 00 |.........P..e...|
[1809] +61.640924 ASYNC-IN-SUBMIT ep=0x81 len=0 type=BULK (in, awaiting data)
[1810] +61.753523 ASYNC-IN-DONE ep=0x81 len=0 status=2 actual=0
[1811] +61.753607 ASYNC-IN-SUBMIT ep=0x81 len=0 type=BULK (in, awaiting data)
[1812] +61.865821 ASYNC-IN-DONE ep=0x81 len=0 status=2 actual=0
[1813] +61.865881 ASYNC-IN-SUBMIT ep=0x81 len=0 type=BULK (in, awaiting data)
[1814] +61.918482 ASYNC-OUT ep=0x01 len=16 type=BULK 
	0000  08 00 00 18 80 10 ed 03  00 60 00 10 6f 1b 00 00 |.........`..o...|
[1815] +61.918868 ASYNC-OUT-DONE ep=0x01 len=0 status=0 actual=16
[1816] +61.978530 ASYNC-IN-DONE ep=0x81 len=0 status=2 actual=0
[1817] +61.978609 ASYNC-IN-SUBMIT ep=0x81 len=0 type=BULK (in, awaiting data)
[1818] +62.042604 ASYNC-IN-DONE ep=0x81 len=16 status=0 actual=16
	0000  08 00 00 18 ed 03 80 10  00 60 00 10 ac 0d 00 00 |.........`......|
[1819] +62.042738 ASYNC-IN-SUBMIT ep=0x81 len=0 type=BULK (in, awaiting data)
[1820] +62.152037 ASYNC-IN-DONE ep=0x81 len=0 status=2 actual=0
[1821] +62.152134 ASYNC-IN-SUBMIT ep=0x81 len=0 type=BULK (in, awaiting data)
[1822] +62.242999 ASYNC-IN-DONE ep=0x81 len=16 status=0 actual=16
	0000  08 00 00 18 f0 03 02 10  00 42 00 10 09 02 00 00 |.........B......|
[1823] +62.243143 ASYNC-IN-SUBMIT ep=0x81 len=0 type=BULK (in, awaiting data)
[1824] +62.333057 ASYNC-OUT ep=0x01 len=16 type=BULK 
	0000  08 00 00 18 02 10 f0 03  00 3e 00 10 b7 10 00 00 |.........>......|
[1825] +62.333407 ASYNC-OUT-DONE ep=0x01 len=0 status=0 actual=16
[1826] +62.355503 ASYNC-IN-DONE ep=0x81 len=0 status=2 actual=0
[1827] +62.355600 ASYNC-IN-SUBMIT ep=0x81 len=0 type=BULK (in, awaiting data)
[1828] +62.467729 ASYNC-IN-DONE ep=0x81 len=0 status=2 actual=0
[1829] +62.467826 ASYNC-IN-SUBMIT ep=0x81 len=0 type=BULK (in, awaiting data)
[1830] +62.488198 ASYNC-OUT ep=0x01 len=16 type=BULK 
	0000  08 00 00 18 01 10 ef 03  00 4e 00 10 93 1e 00 00 |.........N......|
[1831] +62.488484 ASYNC-OUT-DONE ep=0x01 len=0 status=0 actual=16
[1832] +62.578498 ASYNC-IN-DONE ep=0x81 len=0 status=2 actual=0
[1833] +62.578574 ASYNC-IN-SUBMIT ep=0x81 len=0 type=BULK (in, awaiting data)
[1834] +62.644575 ASYNC-IN-DONE ep=0x81 len=16 status=0 actual=16
	0000  08 00 00 18 ef 03 01 10  00 51 00 10 65 02 00 00 |.........Q..e...|
[1835] +62.644720 ASYNC-IN-SUBMIT ep=0x81 len=0 type=BULK (in, awaiting data)
[1836] +62.747304 ASYNC-IN-DONE ep=0x81 len=0 status=2 actual=0
[1837] +62.747397 ASYNC-IN-SUBMIT ep=0x81 len=0 type=BULK (in, awaiting data)
[1838] +62.850482 ASYNC-IN-DONE ep=0x81 len=0 status=2 actual=0
[1839] +62.850583 ASYNC-IN-SUBMIT ep=0x81 len=0 type=BULK (in, awaiting data)
[1840] +62.954159 ASYNC-OUT ep=0x01 len=16 type=BULK 
	0000  08 00 00 18 80 10 ed 03  00 61 00 10 6f 1b 00 00 |.........a..o...|
[1841] +62.954293 ASYNC-IN-DONE ep=0x81 len=0 status=2 actual=0
[1842] +62.954345 ASYNC-IN-SUBMIT ep=0x81 len=0 type=BULK (in, awaiting data)
[1843] +62.954458 ASYNC-OUT-DONE ep=0x01 len=0 status=0 actual=16
[1844] +63.045426 ASYNC-IN-DONE ep=0x81 len=16 status=0 actual=16
	0000  08 00 00 18 ed 03 80 10  00 61 00 10 ac 0d 00 00 |.........a......|
[1845] +63.045562 ASYNC-IN-SUBMIT ep=0x81 len=0 type=BULK (in, awaiting data)
[1846] +63.152659 ASYNC-IN-DONE ep=0x81 len=0 status=2 actual=0
[1847] +63.152746 ASYNC-IN-SUBMIT ep=0x81 len=0 type=BULK (in, awaiting data)
[1848] +63.246232 ASYNC-IN-DONE ep=0x81 len=16 status=0 actual=16
	0000  08 00 00 18 f0 03 02 10  00 43 00 10 09 02 00 00 |.........C......|
[1849] +63.246340 ASYNC-IN-SUBMIT ep=0x81 len=0 type=BULK (in, awaiting data)
[1850] +63.357764 ASYNC-IN-DONE ep=0x81 len=0 status=2 actual=0
[1851] +63.357854 ASYNC-IN-SUBMIT ep=0x81 len=0 type=BULK (in, awaiting data)
[1852] +63.368295 ASYNC-OUT ep=0x01 len=16 type=BULK 
	0000  08 00 00 18 02 10 f0 03  00 3f 00 10 b7 10 00 00 |.........?......|
[1853] +63.368532 ASYNC-OUT-DONE ep=0x01 len=0 status=0 actual=16
[1854] +63.464663 ASYNC-IN-DONE ep=0x81 len=0 status=2 actual=0
[1855] +63.464761 ASYNC-IN-SUBMIT ep=0x81 len=0 type=BULK (in, awaiting data)
[1856] +63.524233 ASYNC-OUT ep=0x01 len=16 type=BULK 
	0000  08 00 00 18 01 10 ef 03  00 4f 00 10 93 1e 00 00 |.........O......|
[1857] +63.524613 ASYNC-OUT-DONE ep=0x01 len=0 status=0 actual=16
[1858] +63.577497 ASYNC-IN-DONE ep=0x81 len=0 status=2 actual=0
[1859] +63.577538 ASYNC-IN-SUBMIT ep=0x81 len=0 type=BULK (in, awaiting data)
[1860] +63.647411 ASYNC-IN-DONE ep=0x81 len=16 status=0 actual=16
	0000  08 00 00 18 ef 03 01 10  00 52 00 10 65 02 00 00 |.........R..e...|
[1861] +63.647467 ASYNC-IN-SUBMIT ep=0x81 len=0 type=BULK (in, awaiting data)
[1862] +63.758869 ASYNC-IN-DONE ep=0x81 len=0 status=2 actual=0
[1863] +63.758948 ASYNC-IN-SUBMIT ep=0x81 len=0 type=BULK (in, awaiting data)
[1864] +63.862224 ASYNC-IN-DONE ep=0x81 len=0 status=2 actual=0
[1865] +63.862320 ASYNC-IN-SUBMIT ep=0x81 len=0 type=BULK (in, awaiting data)
[1866] +63.968392 ASYNC-IN-DONE ep=0x81 len=0 status=2 actual=0
[1867] +63.968490 ASYNC-IN-SUBMIT ep=0x81 len=0 type=BULK (in, awaiting data)
[1868] +63.992151 ASYNC-OUT ep=0x01 len=16 type=BULK 
	0000  08 00 00 18 80 10 ed 03  00 62 00 10 6f 1b 00 00 |.........b..o...|
[1869] +63.992467 ASYNC-OUT-DONE ep=0x01 len=0 status=0 actual=16
[1870] +64.048970 ASYNC-IN-DONE ep=0x81 len=16 status=0 actual=16
	0000  08 00 00 18 ed 03 80 10  00 62 00 10 ac 0d 00 00 |.........b......|
[1871] +64.049074 ASYNC-IN-SUBMIT ep=0x81 len=0 type=BULK (in, awaiting data)
[1872] +64.159840 ASYNC-IN-DONE ep=0x81 len=0 status=2 actual=0
[1873] +64.159932 ASYNC-IN-SUBMIT ep=0x81 len=0 type=BULK (in, awaiting data)
[1874] +64.249415 ASYNC-IN-DONE ep=0x81 len=16 status=0 actual=16
	0000  08 00 00 18 f0 03 02 10  00 44 00 10 09 02 00 00 |.........D......|
[1875] +64.249556 ASYNC-IN-SUBMIT ep=0x81 len=0 type=BULK (in, awaiting data)
[1876] +64.362402 ASYNC-IN-DONE ep=0x81 len=0 status=2 actual=0
[1877] +64.362485 ASYNC-IN-SUBMIT ep=0x81 len=0 type=BULK (in, awaiting data)
[1878] +64.407160 ASYNC-OUT ep=0x01 len=16 type=BULK 
	0000  08 00 00 18 02 10 f0 03  00 40 00 10 b7 10 00 00 |.........@......|
[1879] +64.407495 ASYNC-OUT-DONE ep=0x01 len=0 status=0 actual=16
[1880] +64.474290 ASYNC-IN-DONE ep=0x81 len=0 status=2 actual=0
[1881] +64.474359 ASYNC-IN-SUBMIT ep=0x81 len=0 type=BULK (in, awaiting data)
[1882] +64.563404 ASYNC-OUT ep=0x01 len=16 type=BULK 
	0000  08 00 00 18 01 10 ef 03  00 50 00 10 93 1e 00 00 |.........P......|
[1883] +64.563761 ASYNC-OUT-DONE ep=0x01 len=0 status=0 actual=16
[1884] +64.587174 ASYNC-IN-DONE ep=0x81 len=0 status=2 actual=0
[1885] +64.587254 ASYNC-IN-SUBMIT ep=0x81 len=0 type=BULK (in, awaiting data)
[1886] +64.651144 ASYNC-IN-DONE ep=0x81 len=16 status=0 actual=16
	0000  08 00 00 18 ef 03 01 10  00 53 00 10 65 02 00 00 |.........S..e...|
[1887] +64.651276 ASYNC-IN-SUBMIT ep=0x81 len=0 type=BULK (in, awaiting data)
[1888] +64.757609 ASYNC-IN-DONE ep=0x81 len=0 status=2 actual=0
[1889] +64.757714 ASYNC-IN-SUBMIT ep=0x81 len=0 type=BULK (in, awaiting data)
[1890] +64.870200 ASYNC-IN-DONE ep=0x81 len=0 status=2 actual=0
[1891] +64.870298 ASYNC-IN-SUBMIT ep=0x81 len=0 type=BULK (in, awaiting data)
[1892] +64.980541 ASYNC-IN-DONE ep=0x81 len=0 status=2 actual=0
[1893] +64.980623 ASYNC-IN-SUBMIT ep=0x81 len=0 type=BULK (in, awaiting data)
[1894] +65.030275 ASYNC-OUT ep=0x01 len=16 type=BULK 
	0000  08 00 00 18 80 10 ed 03  00 63 00 10 6f 1b 00 00 |.........c..o...|
[1895] +65.030583 ASYNC-OUT-DONE ep=0x01 len=0 status=0 actual=16
[1896] +65.051894 ASYNC-IN-DONE ep=0x81 len=16 status=0 actual=16
	0000  08 00 00 18 ed 03 80 10  00 63 00 10 ac 0d 00 00 |.........c......|
[1897] +65.051984 ASYNC-IN-SUBMIT ep=0x81 len=0 type=BULK (in, awaiting data)
[1898] +65.160947 ASYNC-IN-DONE ep=0x81 len=0 status=2 actual=0
[1899] +65.161031 ASYNC-IN-SUBMIT ep=0x81 len=0 type=BULK (in, awaiting data)
[1900] +65.253098 ASYNC-IN-DONE ep=0x81 len=16 status=0 actual=16
	0000  08 00 00 18 f0 03 02 10  00 45 00 10 09 02 00 00 |.........E......|
[1901] +65.253204 ASYNC-IN-SUBMIT ep=0x81 len=0 type=BULK (in, awaiting data)
[1902] +65.360816 ASYNC-IN-DONE ep=0x81 len=0 status=2 actual=0
[1903] +65.360902 ASYNC-IN-SUBMIT ep=0x81 len=0 type=BULK (in, awaiting data)
[1904] +65.445076 ASYNC-OUT ep=0x01 len=16 type=BULK 
	0000  08 00 00 18 02 10 f0 03  00 41 00 10 b7 10 00 00 |.........A......|
[1905] +65.445433 ASYNC-OUT-DONE ep=0x01 len=0 status=0 actual=16
[1906] +65.472108 ASYNC-IN-DONE ep=0x81 len=0 status=2 actual=0
[1907] +65.472189 ASYNC-IN-SUBMIT ep=0x81 len=0 type=BULK (in, awaiting data)
[1908] +65.574439 ASYNC-IN-DONE ep=0x81 len=0 status=2 actual=0
[1909] +65.574519 ASYNC-IN-SUBMIT ep=0x81 len=0 type=BULK (in, awaiting data)
[1910] +65.600361 ASYNC-OUT ep=0x01 len=16 type=BULK 
	0000  08 00 00 18 01 10 ef 03  00 51 00 10 93 1e 00 00 |.........Q......|
[1911] +65.600643 ASYNC-OUT-DONE ep=0x01 len=0 status=0 actual=16
[1912] +65.653900 ASYNC-IN-DONE ep=0x81 len=16 status=0 actual=16
	0000  08 00 00 18 ef 03 01 10  00 54 00 10 65 02 00 00 |.........T..e...|
[1913] +65.654016 ASYNC-IN-SUBMIT ep=0x81 len=0 type=BULK (in, awaiting data)
[1914] +65.759986 ASYNC-IN-DONE ep=0x81 len=0 status=2 actual=0
[1915] +65.760090 ASYNC-IN-SUBMIT ep=0x81 len=0 type=BULK (in, awaiting data)
[1916] +65.870588 ASYNC-IN-DONE ep=0x81 len=0 status=2 actual=0
[1917] +65.870681 ASYNC-IN-SUBMIT ep=0x81 len=0 type=BULK (in, awaiting data)
[1918] +65.981383 ASYNC-IN-DONE ep=0x81 len=0 status=2 actual=0
[1919] +65.981476 ASYNC-IN-SUBMIT ep=0x81 len=0 type=BULK (in, awaiting data)
[1920] +66.055406 ASYNC-IN-DONE ep=0x81 len=16 status=0 actual=16
	0000  08 00 00 18 ed 03 80 10  00 64 00 10 ac 0d 00 00 |.........d......|
[1921] +66.055541 ASYNC-IN-SUBMIT ep=0x81 len=0 type=BULK (in, awaiting data)
[1922] +66.068221 ASYNC-OUT ep=0x01 len=16 type=BULK 
	0000  08 00 00 18 80 10 ed 03  00 64 00 10 6f 1b 00 00 |.........d..o...|
[1923] +66.068502 ASYNC-OUT-DONE ep=0x01 len=0 status=0 actual=16
[1924] +66.156153 ASYNC-IN-DONE ep=0x81 len=0 status=2 actual=0
[1925] +66.156241 ASYNC-IN-SUBMIT ep=0x81 len=0 type=BULK (in, awaiting data)
[1926] +66.255918 ASYNC-IN-DONE ep=0x81 len=16 status=0 actual=16
	0000  08 00 00 18 f0 03 02 10  00 46 00 10 09 02 00 00 |.........F......|
[1927] +66.256004 ASYNC-IN-SUBMIT ep=0x81 len=0 type=BULK (in, awaiting data)
[1928] +66.360355 ASYNC-IN-DONE ep=0x81 len=0 status=2 actual=0
[1929] +66.360432 ASYNC-IN-SUBMIT ep=0x81 len=0 type=BULK (in, awaiting data)
[1930] +66.470489 ASYNC-IN-DONE ep=0x81 len=0 status=2 actual=0
[1931] +66.470543 ASYNC-IN-SUBMIT ep=0x81 len=0 type=BULK (in, awaiting data)
[1932] +66.484405 ASYNC-OUT ep=0x01 len=16 type=BULK 
	0000  08 00 00 18 02 10 f0 03  00 42 00 10 b7 10 00 00 |.........B......|
[1933] +66.484686 ASYNC-OUT-DONE ep=0x01 len=0 status=0 actual=16
[1934] +66.580280 ASYNC-IN-DONE ep=0x81 len=0 status=2 actual=0
[1935] +66.580375 ASYNC-IN-SUBMIT ep=0x81 len=0 type=BULK (in, awaiting data)
[1936] +66.640533 ASYNC-OUT ep=0x01 len=16 type=BULK 
	0000  08 00 00 18 01 10 ef 03  00 52 00 10 93 1e 00 00 |.........R......|
[1937] +66.640840 ASYNC-OUT-DONE ep=0x01 len=0 status=0 actual=16
[1938] +66.657287 ASYNC-IN-DONE ep=0x81 len=16 status=0 actual=16
	0000  08 00 00 18 ef 03 01 10  00 55 00 10 65 02 00 00 |.........U..e...|
[1939] +66.657351 ASYNC-IN-SUBMIT ep=0x81 len=0 type=BULK (in, awaiting data)
[1940] +66.768372 ASYNC-IN-DONE ep=0x81 len=0 status=2 actual=0
[1941] +66.768475 ASYNC-IN-SUBMIT ep=0x81 len=0 type=BULK (in, awaiting data)
[1942] +66.870555 ASYNC-IN-DONE ep=0x81 len=0 status=2 actual=0
[1943] +66.870643 ASYNC-IN-SUBMIT ep=0x81 len=0 type=BULK (in, awaiting data)
[1944] +66.978538 ASYNC-IN-DONE ep=0x81 len=0 status=2 actual=0
[1945] +66.978624 ASYNC-IN-SUBMIT ep=0x81 len=0 type=BULK (in, awaiting data)
[1946] +67.058889 ASYNC-IN-DONE ep=0x81 len=16 status=0 actual=16
	0000  08 00 00 18 ed 03 80 10  00 65 00 10 ac 0d 00 00 |.........e......|
[1947] +67.059017 ASYNC-IN-SUBMIT ep=0x81 len=0 type=BULK (in, awaiting data)
[1948] +67.107397 ASYNC-OUT ep=0x01 len=16 type=BULK 
	0000  08 00 00 18 80 10 ed 03  00 65 00 10 6f 1b 00 00 |.........e..o...|
[1949] +67.107694 ASYNC-OUT-DONE ep=0x01 len=0 status=0 actual=16
[1950] +67.170563 ASYNC-IN-DONE ep=0x81 len=0 status=2 actual=0
[1951] +67.170664 ASYNC-IN-SUBMIT ep=0x81 len=0 type=BULK (in, awaiting data)
[1952] +67.259347 ASYNC-IN-DONE ep=0x81 len=16 status=0 actual=16
	0000  08 00 00 18 f0 03 02 10  00 47 00 10 09 02 00 00 |.........G......|
[1953] +67.259490 ASYNC-IN-SUBMIT ep=0x81 len=0 type=BULK (in, awaiting data)
[1954] +67.364951 ASYNC-IN-DONE ep=0x81 len=0 status=2 actual=0
[1955] +67.365003 ASYNC-IN-SUBMIT ep=0x81 len=0 type=BULK (in, awaiting data)
[1956] +67.470521 ASYNC-IN-DONE ep=0x81 len=0 status=2 actual=0
[1957] +67.470593 ASYNC-IN-SUBMIT ep=0x81 len=0 type=BULK (in, awaiting data)
[1958] +67.521447 ASYNC-OUT ep=0x01 len=16 type=BULK 
	0000  08 00 00 18 02 10 f0 03  00 43 00 10 b7 10 00 00 |.........C......|
[1959] +67.521781 ASYNC-OUT-DONE ep=0x01 len=0 status=0 actual=16
[1960] +67.576715 ASYNC-IN-DONE ep=0x81 len=0 status=2 actual=0
[1961] +67.576806 ASYNC-IN-SUBMIT ep=0x81 len=0 type=BULK (in, awaiting data)
[1962] +67.661256 ASYNC-IN-DONE ep=0x81 len=16 status=0 actual=16
	0000  08 00 00 18 ef 03 01 10  00 56 00 10 65 02 00 00 |.........V..e...|
[1963] +67.661401 ASYNC-IN-SUBMIT ep=0x81 len=0 type=BULK (in, awaiting data)
[1964] +67.675228 ASYNC-OUT ep=0x01 len=16 type=BULK 
	0000  08 00 00 18 01 10 ef 03  00 53 00 10 93 1e 00 00 |.........S......|
[1965] +67.675587 ASYNC-OUT-DONE ep=0x01 len=0 status=0 actual=16
[1966] +67.774176 ASYNC-IN-DONE ep=0x81 len=0 status=2 actual=0
[1967] +67.774260 ASYNC-IN-SUBMIT ep=0x81 len=0 type=BULK (in, awaiting data)
[1968] +67.875454 ASYNC-IN-DONE ep=0x81 len=0 status=2 actual=0
[1969] +67.875537 ASYNC-IN-SUBMIT ep=0x81 len=0 type=BULK (in, awaiting data)
[1970] +67.983947 ASYNC-IN-DONE ep=0x81 len=0 status=2 actual=0
[1971] +67.984046 ASYNC-IN-SUBMIT ep=0x81 len=0 type=BULK (in, awaiting data)
[1972] +68.062393 ASYNC-IN-DONE ep=0x81 len=16 status=0 actual=16
	0000  08 00 00 18 ed 03 80 10  00 66 00 10 ac 0d 00 00 |.........f......|
[1973] +68.062525 ASYNC-IN-SUBMIT ep=0x81 len=0 type=BULK (in, awaiting data)
[1974] +68.140287 ASYNC-OUT ep=0x01 len=16 type=BULK 
	0000  08 00 00 18 80 10 ed 03  00 66 00 10 6f 1b 00 00 |.........f..o...|
[1975] +68.140656 ASYNC-OUT-DONE ep=0x01 len=0 status=0 actual=16
[1976] +68.175294 ASYNC-IN-DONE ep=0x81 len=0 status=2 actual=0
[1977] +68.175381 ASYNC-IN-SUBMIT ep=0x81 len=0 type=BULK (in, awaiting data)
[1978] +68.262974 ASYNC-IN-DONE ep=0x81 len=16 status=0 actual=16
	0000  08 00 00 18 f0 03 02 10  00 48 00 10 09 02 00 00 |.........H......|
[1979] +68.263064 ASYNC-IN-SUBMIT ep=0x81 len=0 type=BULK (in, awaiting data)
[1980] +68.374900 ASYNC-IN-DONE ep=0x81 len=0 status=2 actual=0
[1981] +68.374983 ASYNC-IN-SUBMIT ep=0x81 len=0 type=BULK (in, awaiting data)
[1982] +68.486891 ASYNC-IN-DONE ep=0x81 len=0 status=2 actual=0
[1983] +68.486982 ASYNC-IN-SUBMIT ep=0x81 len=0 type=BULK (in, awaiting data)
[1984] +68.554389 ASYNC-OUT ep=0x01 len=16 type=BULK 
	0000  08 00 00 18 02 10 f0 03  00 44 00 10 b7 10 00 00 |.........D......|
[1985] +68.554686 ASYNC-OUT-DONE ep=0x01 len=0 status=0 actual=16
[1986] +68.594205 ASYNC-IN-DONE ep=0x81 len=0 status=2 actual=0
[1987] +68.594378 ASYNC-IN-SUBMIT ep=0x81 len=0 type=BULK (in, awaiting data)
[1988] +68.664202 ASYNC-IN-DONE ep=0x81 len=16 status=0 actual=16
	0000  08 00 00 18 ef 03 01 10  00 57 00 10 65 02 00 00 |.........W..e...|
[1989] +68.664322 ASYNC-IN-SUBMIT ep=0x81 len=0 type=BULK (in, awaiting data)
[1990] +68.709792 ASYNC-OUT ep=0x01 len=16 type=BULK 
	0000  08 00 00 18 01 10 ef 03  00 54 00 10 93 1e 00 00 |.........T......|
[1991] +68.710091 ASYNC-OUT-DONE ep=0x01 len=0 status=0 actual=16
[1992] +68.774343 ASYNC-IN-DONE ep=0x81 len=0 status=2 actual=0
[1993] +68.774423 ASYNC-IN-SUBMIT ep=0x81 len=0 type=BULK (in, awaiting data)
[1994] +68.885974 ASYNC-IN-DONE ep=0x81 len=0 status=2 actual=0
[1995] +68.886067 ASYNC-IN-SUBMIT ep=0x81 len=0 type=BULK (in, awaiting data)
[1996] +68.996432 ASYNC-IN-DONE ep=0x81 len=0 status=2 actual=0
[1997] +68.996522 ASYNC-IN-SUBMIT ep=0x81 len=0 type=BULK (in, awaiting data)
[1998] +69.065685 ASYNC-IN-DONE ep=0x81 len=16 status=0 actual=16
	0000  08 00 00 18 ed 03 80 10  00 67 00 10 ac 0d 00 00 |.........g......|
[1999] +69.065819 ASYNC-IN-SUBMIT ep=0x81 len=0 type=BULK (in, awaiting data)
[2000] +69.177892 ASYNC-OUT ep=0x01 len=16 type=BULK 
	0000  08 00 00 18 80 10 ed 03  00 67 00 10 6f 1b 00 00 |.........g..o...|
[2001] +69.178023 ASYNC-IN-DONE ep=0x81 len=0 status=2 actual=0
[2002] +69.178056 ASYNC-IN-SUBMIT ep=0x81 len=0 type=BULK (in, awaiting data)
[2003] +69.178192 ASYNC-OUT-DONE ep=0x01 len=0 status=0 actual=16
[2004] +69.266136 ASYNC-IN-DONE ep=0x81 len=16 status=0 actual=16
	0000  08 00 00 18 f0 03 02 10  00 49 00 10 09 02 00 00 |.........I......|
[2005] +69.266277 ASYNC-IN-SUBMIT ep=0x81 len=0 type=BULK (in, awaiting data)
[2006] +69.369556 ASYNC-IN-DONE ep=0x81 len=0 status=2 actual=0
[2007] +69.369660 ASYNC-IN-SUBMIT ep=0x81 len=0 type=BULK (in, awaiting data)
[2008] +69.482518 ASYNC-IN-DONE ep=0x81 len=0 status=2 actual=0
[2009] +69.482586 ASYNC-IN-SUBMIT ep=0x81 len=0 type=BULK (in, awaiting data)
[2010] +69.589722 ASYNC-IN-DONE ep=0x81 len=0 status=2 actual=0
[2011] +69.589814 ASYNC-IN-SUBMIT ep=0x81 len=0 type=BULK (in, awaiting data)
[2012] +69.591835 ASYNC-OUT ep=0x01 len=16 type=BULK 
	0000  08 00 00 18 02 10 f0 03  00 45 00 10 b7 10 00 00 |.........E......|
[2013] +69.592113 ASYNC-OUT-DONE ep=0x01 len=0 status=0 actual=16
[2014] +69.667424 ASYNC-IN-DONE ep=0x81 len=16 status=0 actual=16
	0000  08 00 00 18 ef 03 01 10  00 58 00 10 65 02 00 00 |.........X..e...|
[2015] +69.667532 ASYNC-IN-SUBMIT ep=0x81 len=0 type=BULK (in, awaiting data)
[2016] +69.748009 ASYNC-OUT ep=0x01 len=16 type=BULK 
	0000  08 00 00 18 01 10 ef 03  00 55 00 10 93 1e 00 00 |.........U......|
[2017] +69.748268 ASYNC-OUT-DONE ep=0x01 len=0 status=0 actual=16
[2018] +69.777894 ASYNC-IN-DONE ep=0x81 len=0 status=2 actual=0
[2019] +69.777953 ASYNC-IN-SUBMIT ep=0x81 len=0 type=BULK (in, awaiting data)
[2020] +69.878503 ASYNC-IN-DONE ep=0x81 len=0 status=2 actual=0
[2021] +69.878587 ASYNC-IN-SUBMIT ep=0x81 len=0 type=BULK (in, awaiting data)
[2022] +69.991047 ASYNC-IN-DONE ep=0x81 len=0 status=2 actual=0
[2023] +69.991139 ASYNC-IN-SUBMIT ep=0x81 len=0 type=BULK (in, awaiting data)
[2024] +70.068939 ASYNC-IN-DONE ep=0x81 len=16 status=0 actual=16
	0000  08 00 00 18 ed 03 80 10  00 68 00 10 ac 0d 00 00 |.........h......|
[2025] +70.069083 ASYNC-IN-SUBMIT ep=0x81 len=0 type=BULK (in, awaiting data)
[2026] +70.178477 ASYNC-IN-DONE ep=0x81 len=0 status=2 actual=0
[2027] +70.178520 ASYNC-IN-SUBMIT ep=0x81 len=0 type=BULK (in, awaiting data)
[2028] +70.215851 ASYNC-OUT ep=0x01 len=16 type=BULK 
	0000  08 00 00 18 80 10 ed 03  00 68 00 10 6f 1b 00 00 |.........h..o...|
[2029] +70.216119 ASYNC-OUT-DONE ep=0x01 len=0 status=0 actual=16
[2030] +70.269434 ASYNC-IN-DONE ep=0x81 len=16 status=0 actual=16
	0000  08 00 00 18 f0 03 02 10  00 4a 00 10 09 02 00 00 |.........J......|
[2031] +70.269573 ASYNC-IN-SUBMIT ep=0x81 len=0 type=BULK (in, awaiting data)
[2032] +70.378593 ASYNC-IN-DONE ep=0x81 len=0 status=2 actual=0
[2033] +70.378684 ASYNC-IN-SUBMIT ep=0x81 len=0 type=BULK (in, awaiting data)
[2034] +70.487258 ASYNC-IN-DONE ep=0x81 len=0 status=2 actual=0
[2035] +70.487353 ASYNC-IN-SUBMIT ep=0x81 len=0 type=BULK (in, awaiting data)
[2036] +70.596460 ASYNC-IN-DONE ep=0x81 len=0 status=2 actual=0
[2037] +70.596548 ASYNC-IN-SUBMIT ep=0x81 len=0 type=BULK (in, awaiting data)
[2038] +70.630794 ASYNC-OUT ep=0x01 len=16 type=BULK 
	0000  08 00 00 18 02 10 f0 03  00 46 00 10 b7 10 00 00 |.........F......|
[2039] +70.631084 ASYNC-OUT-DONE ep=0x01 len=0 status=0 actual=16
[2040] +70.670841 ASYNC-IN-DONE ep=0x81 len=16 status=0 actual=16
	0000  08 00 00 18 ef 03 01 10  00 59 00 10 65 02 00 00 |.........Y..e...|
[2041] +70.670958 ASYNC-IN-SUBMIT ep=0x81 len=0 type=BULK (in, awaiting data)
[2042] +70.783424 ASYNC-IN-DONE ep=0x81 len=0 status=2 actual=0
[2043] +70.783504 ASYNC-IN-SUBMIT ep=0x81 len=0 type=BULK (in, awaiting data)
[2044] +70.786251 ASYNC-OUT ep=0x01 len=16 type=BULK 
	0000  08 00 00 18 01 10 ef 03  00 56 00 10 93 1e 00 00 |.........V......|
[2045] +70.786487 ASYNC-OUT-DONE ep=0x01 len=0 status=0 actual=16
[2046] +70.896306 ASYNC-IN-DONE ep=0x81 len=0 status=2 actual=0
[2047] +70.896394 ASYNC-IN-SUBMIT ep=0x81 len=0 type=BULK (in, awaiting data)
[2048] +71.009195 ASYNC-IN-DONE ep=0x81 len=0 status=2 actual=0
[2049] +71.009276 ASYNC-IN-SUBMIT ep=0x81 len=0 type=BULK (in, awaiting data)
[2050] +71.072134 ASYNC-IN-DONE ep=0x81 len=16 status=0 actual=16
	0000  08 00 00 18 ed 03 80 10  00 69 00 10 ac 0d 00 00 |.........i......|
[2051] +71.072236 ASYNC-IN-SUBMIT ep=0x81 len=0 type=BULK (in, awaiting data)
[2052] +71.185029 ASYNC-IN-DONE ep=0x81 len=0 status=2 actual=0
[2053] +71.185129 ASYNC-IN-SUBMIT ep=0x81 len=0 type=BULK (in, awaiting data)
[2054] +71.253225 ASYNC-OUT ep=0x01 len=16 type=BULK 
	0000  08 00 00 18 80 10 ed 03  00 69 00 10 6f 1b 00 00 |.........i..o...|
[2055] +71.253579 ASYNC-OUT-DONE ep=0x01 len=0 status=0 actual=16
[2056] +71.272526 ASYNC-IN-DONE ep=0x81 len=16 status=0 actual=16
	0000  08 00 00 18 f0 03 02 10  00 4b 00 10 09 02 00 00 |.........K......|
[2057] +71.272607 ASYNC-IN-SUBMIT ep=0x81 len=0 type=BULK (in, awaiting data)
[2058] +71.373234 ASYNC-IN-DONE ep=0x81 len=0 status=2 actual=0
[2059] +71.373307 ASYNC-IN-SUBMIT ep=0x81 len=0 type=BULK (in, awaiting data)
[2060] +71.485570 ASYNC-IN-DONE ep=0x81 len=0 status=2 actual=0
[2061] +71.485657 ASYNC-IN-SUBMIT ep=0x81 len=0 type=BULK (in, awaiting data)
[2062] +71.588301 ASYNC-IN-DONE ep=0x81 len=0 status=2 actual=0
[2063] +71.588387 ASYNC-IN-SUBMIT ep=0x81 len=0 type=BULK (in, awaiting data)
[2064] +71.669577 ASYNC-OUT ep=0x01 len=16 type=BULK 
	0000  08 00 00 18 02 10 f0 03  00 47 00 10 b7 10 00 00 |.........G......|
[2065] +71.669921 ASYNC-OUT-DONE ep=0x01 len=0 status=0 actual=16
[2066] +71.673868 ASYNC-IN-DONE ep=0x81 len=16 status=0 actual=16
	0000  08 00 00 18 ef 03 01 10  00 5a 00 10 65 02 00 00 |.........Z..e...|
[2067] +71.673958 ASYNC-IN-SUBMIT ep=0x81 len=0 type=BULK (in, awaiting data)
[2068] +71.785362 ASYNC-IN-DONE ep=0x81 len=0 status=2 actual=0
[2069] +71.785449 ASYNC-IN-SUBMIT ep=0x81 len=0 type=BULK (in, awaiting data)
[2070] +71.825312 ASYNC-OUT ep=0x01 len=16 type=BULK 
	0000  08 00 00 18 01 10 ef 03  00 57 00 10 93 1e 00 00 |.........W......|
[2071] +71.825561 ASYNC-OUT-DONE ep=0x01 len=0 status=0 actual=16
[2072] +71.894266 ASYNC-IN-DONE ep=0x81 len=0 status=2 actual=0
[2073] +71.894364 ASYNC-IN-SUBMIT ep=0x81 len=0 type=BULK (in, awaiting data)
[2074] +72.007252 ASYNC-IN-DONE ep=0x81 len=0 status=2 actual=0
[2075] +72.007345 ASYNC-IN-SUBMIT ep=0x81 len=0 type=BULK (in, awaiting data)
[2076] +72.075746 ASYNC-IN-DONE ep=0x81 len=16 status=0 actual=16
	0000  08 00 00 18 ed 03 80 10  00 6a 00 10 ac 0d 00 00 |.........j......|
[2077] +72.075893 ASYNC-IN-SUBMIT ep=0x81 len=0 type=BULK (in, awaiting data)
[2078] +72.180000 ASYNC-IN-DONE ep=0x81 len=0 status=2 actual=0
[2079] +72.180091 ASYNC-IN-SUBMIT ep=0x81 len=0 type=BULK (in, awaiting data)
[2080] +72.276175 ASYNC-IN-DONE ep=0x81 len=16 status=0 actual=16
	0000  08 00 00 18 f0 03 02 10  00 4c 00 10 09 02 00 00 |.........L......|
[2081] +72.276240 ASYNC-IN-SUBMIT ep=0x81 len=0 type=BULK (in, awaiting data)
[2082] +72.292865 ASYNC-OUT ep=0x01 len=16 type=BULK 
	0000  08 00 00 18 80 10 ed 03  00 6a 00 10 6f 1b 00 00 |.........j..o...|
[2083] +72.293222 ASYNC-OUT-DONE ep=0x01 len=0 status=0 actual=16
[2084] +72.385940 ASYNC-IN-DONE ep=0x81 len=0 status=2 actual=0
[2085] +72.386010 ASYNC-IN-SUBMIT ep=0x81 len=0 type=BULK (in, awaiting data)
[2086] +72.489409 ASYNC-IN-DONE ep=0x81 len=0 status=2 actual=0
[2087] +72.489492 ASYNC-IN-SUBMIT ep=0x81 len=0 type=BULK (in, awaiting data)
[2088] +72.591021 ASYNC-IN-DONE ep=0x81 len=0 status=2 actual=0
[2089] +72.591123 ASYNC-IN-SUBMIT ep=0x81 len=0 type=BULK (in, awaiting data)
[2090] +72.677495 ASYNC-IN-DONE ep=0x81 len=16 status=0 actual=16
	0000  08 00 00 18 ef 03 01 10  00 5b 00 10 65 02 00 00 |.........[..e...|
[2091] +72.677620 ASYNC-IN-SUBMIT ep=0x81 len=0 type=BULK (in, awaiting data)
[2092] +72.707957 ASYNC-OUT ep=0x01 len=16 type=BULK 
	0000  08 00 00 18 02 10 f0 03  00 48 00 10 b7 10 00 00 |.........H......|
[2093] +72.708221 ASYNC-OUT-DONE ep=0x01 len=0 status=0 actual=16
[2094] +72.785923 ASYNC-IN-DONE ep=0x81 len=0 status=2 actual=0
[2095] +72.786013 ASYNC-IN-SUBMIT ep=0x81 len=0 type=BULK (in, awaiting data)
[2096] +72.864136 ASYNC-OUT ep=0x01 len=16 type=BULK 
	0000  08 00 00 18 01 10 ef 03  00 58 00 10 93 1e 00 00 |.........X......|
[2097] +72.864473 ASYNC-OUT-DONE ep=0x01 len=0 status=0 actual=16
[2098] +72.894423 ASYNC-IN-DONE ep=0x81 len=0 status=2 actual=0
[2099] +72.894481 ASYNC-IN-SUBMIT ep=0x81 len=0 type=BULK (in, awaiting data)
[2100] +73.007025 ASYNC-IN-DONE ep=0x81 len=0 status=2 actual=0
[2101] +73.007098 ASYNC-IN-SUBMIT ep=0x81 len=0 type=BULK (in, awaiting data)
[2102] +73.078696 ASYNC-IN-DONE ep=0x81 len=16 status=0 actual=16
	0000  08 00 00 18 ed 03 80 10  00 6b 00 10 ac 0d 00 00 |.........k......|
[2103] +73.078788 ASYNC-IN-SUBMIT ep=0x81 len=0 type=BULK (in, awaiting data)
[2104] +73.179283 ASYNC-IN-DONE ep=0x81 len=0 status=2 actual=0
[2105] +73.179369 ASYNC-IN-SUBMIT ep=0x81 len=0 type=BULK (in, awaiting data)
[2106] +73.279886 ASYNC-IN-DONE ep=0x81 len=16 status=0 actual=16
	0000  08 00 00 18 f0 03 02 10  00 4d 00 10 09 02 00 00 |.........M......|
[2107] +73.279996 ASYNC-IN-SUBMIT ep=0x81 len=0 type=BULK (in, awaiting data)
[2108] +73.332448 ASYNC-OUT ep=0x01 len=16 type=BULK 
	0000  08 00 00 18 80 10 ed 03  00 6b 00 10 6f 1b 00 00 |.........k..o...|
[2109] +73.332743 ASYNC-OUT-DONE ep=0x01 len=0 status=0 actual=16
[2110] +73.392718 ASYNC-IN-DONE ep=0x81 len=0 status=2 actual=0
[2111] +73.392814 ASYNC-IN-SUBMIT ep=0x81 len=0 type=BULK (in, awaiting data)
[2112] +73.505640 ASYNC-IN-DONE ep=0x81 len=0 status=2 actual=0
[2113] +73.505750 ASYNC-IN-SUBMIT ep=0x81 len=0 type=BULK (in, awaiting data)
[2114] +73.611820 ASYNC-IN-DONE ep=0x81 len=0 status=2 actual=0
[2115] +73.611906 ASYNC-IN-SUBMIT ep=0x81 len=0 type=BULK (in, awaiting data)
[2116] +73.680670 ASYNC-IN-DONE ep=0x81 len=16 status=0 actual=16
	0000  08 00 00 18 ef 03 01 10  00 5c 00 10 65 02 00 00 |.........\..e...|
[2117] +73.680809 ASYNC-IN-SUBMIT ep=0x81 len=0 type=BULK (in, awaiting data)
[2118] +73.747496 ASYNC-OUT ep=0x01 len=16 type=BULK 
	0000  08 00 00 18 02 10 f0 03  00 49 00 10 b7 10 00 00 |.........I......|
[2119] +73.747837 ASYNC-OUT-DONE ep=0x01 len=0 status=0 actual=16
[2120] +73.792035 ASYNC-IN-DONE ep=0x81 len=0 status=2 actual=0
[2121] +73.792114 ASYNC-IN-SUBMIT ep=0x81 len=0 type=BULK (in, awaiting data)
[2122] +73.902896 ASYNC-IN-DONE ep=0x81 len=0 status=2 actual=0
[2123] +73.902988 ASYNC-IN-SUBMIT ep=0x81 len=0 type=BULK (in, awaiting data)
[2124] +73.903641 ASYNC-OUT ep=0x01 len=16 type=BULK 
	0000  08 00 00 18 01 10 ef 03  00 59 00 10 93 1e 00 00 |.........Y......|
[2125] +73.903872 ASYNC-OUT-DONE ep=0x01 len=0 status=0 actual=16
[2126] +74.015860 ASYNC-IN-DONE ep=0x81 len=0 status=2 actual=0
[2127] +74.015952 ASYNC-IN-SUBMIT ep=0x81 len=0 type=BULK (in, awaiting data)
[2128] +74.081888 ASYNC-IN-DONE ep=0x81 len=16 status=0 actual=16
	0000  08 00 00 18 ed 03 80 10  00 6c 00 10 ac 0d 00 00 |.........l......|
[2129] +74.082020 ASYNC-IN-SUBMIT ep=0x81 len=0 type=BULK (in, awaiting data)
[2130] +74.186849 ASYNC-IN-DONE ep=0x81 len=0 status=2 actual=0
[2131] +74.187064 ASYNC-IN-SUBMIT ep=0x81 len=0 type=BULK (in, awaiting data)
[2132] +74.282765 ASYNC-IN-DONE ep=0x81 len=16 status=0 actual=16
	0000  08 00 00 18 f0 03 02 10  00 4e 00 10 09 02 00 00 |.........N......|
[2133] +74.282861 ASYNC-IN-SUBMIT ep=0x81 len=0 type=BULK (in, awaiting data)
[2134] +74.370420 ASYNC-OUT ep=0x01 len=16 type=BULK 
	0000  08 00 00 18 80 10 ed 03  00 6c 00 10 6f 1b 00 00 |.........l..o...|
[2135] +74.370675 ASYNC-OUT-DONE ep=0x01 len=0 status=0 actual=16
[2136] +74.388288 ASYNC-IN-DONE ep=0x81 len=0 status=2 actual=0
[2137] +74.388355 ASYNC-IN-SUBMIT ep=0x81 len=0 type=BULK (in, awaiting data)
[2138] +74.501174 ASYNC-IN-DONE ep=0x81 len=0 status=2 actual=0
[2139] +74.501277 ASYNC-IN-SUBMIT ep=0x81 len=0 type=BULK (in, awaiting data)
[2140] +74.608337 ASYNC-IN-DONE ep=0x81 len=0 status=2 actual=0
[2141] +74.608417 ASYNC-IN-SUBMIT ep=0x81 len=0 type=BULK (in, awaiting data)
[2142] +74.683992 ASYNC-IN-DONE ep=0x81 len=16 status=0 actual=16
	0000  08 00 00 18 ef 03 01 10  00 5d 00 10 65 02 00 00 |.........]..e...|
[2143] +74.684124 ASYNC-IN-SUBMIT ep=0x81 len=0 type=BULK (in, awaiting data)
[2144] +74.785673 ASYNC-OUT ep=0x01 len=16 type=BULK 
	0000  08 00 00 18 02 10 f0 03  00 4a 00 10 b7 10 00 00 |.........J......|
[2145] +74.786022 ASYNC-OUT-DONE ep=0x01 len=0 status=0 actual=16
[2146] +74.792283 ASYNC-IN-DONE ep=0x81 len=0 status=2 actual=0
[2147] +74.792344 ASYNC-IN-SUBMIT ep=0x81 len=0 type=BULK (in, awaiting data)
[2148] +74.903090 ASYNC-IN-DONE ep=0x81 len=0 status=2 actual=0
[2149] +74.903164 ASYNC-IN-SUBMIT ep=0x81 len=0 type=BULK (in, awaiting data)
[2150] +74.941528 ASYNC-OUT ep=0x01 len=16 type=BULK 
	0000  08 00 00 18 01 10 ef 03  00 5a 00 10 93 1e 00 00 |.........Z......|
[2151] +74.941848 ASYNC-OUT-DONE ep=0x01 len=0 status=0 actual=16
[2152] +75.015697 ASYNC-IN-DONE ep=0x81 len=0 status=2 actual=0
[2153] +75.015783 ASYNC-IN-SUBMIT ep=0x81 len=0 type=BULK (in, awaiting data)
[2154] +75.085756 ASYNC-IN-DONE ep=0x81 len=16 status=0 actual=16
	0000  08 00 00 18 ed 03 80 10  00 6d 00 10 ac 0d 00 00 |.........m......|
[2155] +75.085844 ASYNC-IN-SUBMIT ep=0x81 len=0 type=BULK (in, awaiting data)
[2156] +75.195749 ASYNC-IN-DONE ep=0x81 len=0 status=2 actual=0
[2157] +75.195820 ASYNC-IN-SUBMIT ep=0x81 len=0 type=BULK (in, awaiting data)
[2158] +75.286801 ASYNC-IN-DONE ep=0x81 len=16 status=0 actual=16
	0000  08 00 00 18 f0 03 02 10  00 4f 00 10 09 02 00 00 |.........O......|
[2159] +75.286944 ASYNC-IN-SUBMIT ep=0x81 len=0 type=BULK (in, awaiting data)
[2160] +75.398772 ASYNC-IN-DONE ep=0x81 len=0 status=2 actual=0
[2161] +75.398863 ASYNC-IN-SUBMIT ep=0x81 len=0 type=BULK (in, awaiting data)
[2162] +75.408872 ASYNC-OUT ep=0x01 len=16 type=BULK 
	0000  08 00 00 18 80 10 ed 03  00 6d 00 10 6f 1b 00 00 |.........m..o...|
[2163] +75.409128 ASYNC-OUT-DONE ep=0x01 len=0 status=0 actual=16
[2164] +75.511695 ASYNC-IN-DONE ep=0x81 len=0 status=2 actual=0
[2165] +75.511785 ASYNC-IN-SUBMIT ep=0x81 len=0 type=BULK (in, awaiting data)
[2166] +75.624618 ASYNC-IN-DONE ep=0x81 len=0 status=2 actual=0
[2167] +75.624718 ASYNC-IN-SUBMIT ep=0x81 len=0 type=BULK (in, awaiting data)
[2168] +75.687844 ASYNC-IN-DONE ep=0x81 len=16 status=0 actual=16
	0000  08 00 00 18 ef 03 01 10  00 5e 00 10 65 02 00 00 |.........^..e...|
[2169] +75.687956 ASYNC-IN-SUBMIT ep=0x81 len=0 type=BULK (in, awaiting data)
[2170] +75.792673 ASYNC-IN-DONE ep=0x81 len=0 status=2 actual=0
[2171] +75.792748 ASYNC-IN-SUBMIT ep=0x81 len=0 type=BULK (in, awaiting data)
[2172] +75.824540 ASYNC-OUT ep=0x01 len=16 type=BULK 
	0000  08 00 00 18 02 10 f0 03  00 4b 00 10 b7 10 00 00 |.........K......|
[2173] +75.824895 ASYNC-OUT-DONE ep=0x01 len=0 status=0 actual=16
[2174] +75.905581 ASYNC-IN-DONE ep=0x81 len=0 status=2 actual=0
[2175] +75.905678 ASYNC-IN-SUBMIT ep=0x81 len=0 type=BULK (in, awaiting data)
[2176] +75.980596 ASYNC-OUT ep=0x01 len=16 type=BULK 
	0000  08 00 00 18 01 10 ef 03  00 5b 00 10 93 1e 00 00 |.........[......|
[2177] +75.980885 ASYNC-OUT-DONE ep=0x01 len=0 status=0 actual=16
[2178] +76.016682 ASYNC-IN-DONE ep=0x81 len=0 status=2 actual=0
[2179] +76.016745 ASYNC-IN-SUBMIT ep=0x81 len=0 type=BULK (in, awaiting data)
[2180] +76.088702 ASYNC-IN-DONE ep=0x81 len=16 status=0 actual=16
	0000  08 00 00 18 ed 03 80 10  00 6e 00 10 ac 0d 00 00 |.........n......|
[2181] +76.088806 ASYNC-IN-SUBMIT ep=0x81 len=0 type=BULK (in, awaiting data)
[2182] +76.191958 ASYNC-IN-DONE ep=0x81 len=0 status=2 actual=0
[2183] +76.192046 ASYNC-IN-SUBMIT ep=0x81 len=0 type=BULK (in, awaiting data)
[2184] +76.289896 ASYNC-IN-DONE ep=0x81 len=16 status=0 actual=16
	0000  08 00 00 18 f0 03 02 10  00 50 00 10 09 02 00 00 |.........P......|
[2185] +76.290009 ASYNC-IN-SUBMIT ep=0x81 len=0 type=BULK (in, awaiting data)
[2186] +76.397202 ASYNC-IN-DONE ep=0x81 len=0 status=2 actual=0
[2187] +76.397283 ASYNC-IN-SUBMIT ep=0x81 len=0 type=BULK (in, awaiting data)
[2188] +76.447938 ASYNC-OUT ep=0x01 len=16 type=BULK 
	0000  08 00 00 18 80 10 ed 03  00 6e 00 10 6f 1b 00 00 |.........n..o...|
[2189] +76.448244 ASYNC-OUT-DONE ep=0x01 len=0 status=0 actual=16
[2190] +76.503688 ASYNC-IN-DONE ep=0x81 len=0 status=2 actual=0
[2191] +76.503736 ASYNC-IN-SUBMIT ep=0x81 len=0 type=BULK (in, awaiting data)
[2192] +76.611381 ASYNC-IN-DONE ep=0x81 len=0 status=2 actual=0
[2193] +76.611465 ASYNC-IN-SUBMIT ep=0x81 len=0 type=BULK (in, awaiting data)
[2194] +76.690724 ASYNC-IN-DONE ep=0x81 len=16 status=0 actual=16
	0000  08 00 00 18 ef 03 01 10  00 5f 00 10 65 02 00 00 |........._..e...|
[2195] +76.690876 ASYNC-IN-SUBMIT ep=0x81 len=0 type=BULK (in, awaiting data)
[2196] +76.796971 ASYNC-IN-DONE ep=0x81 len=0 status=2 actual=0
[2197] +76.797057 ASYNC-IN-SUBMIT ep=0x81 len=0 type=BULK (in, awaiting data)
[2198] +76.863442 ASYNC-OUT ep=0x01 len=16 type=BULK 
	0000  08 00 00 18 02 10 f0 03  00 4c 00 10 b7 10 00 00 |.........L......|
[2199] +76.863763 ASYNC-OUT-DONE ep=0x01 len=0 status=0 actual=16
[2200] +76.909860 ASYNC-IN-DONE ep=0x81 len=0 status=2 actual=0
[2201] +76.909960 ASYNC-IN-SUBMIT ep=0x81 len=0 type=BULK (in, awaiting data)
[2202] +77.016530 ASYNC-IN-DONE ep=0x81 len=0 status=2 actual=0
[2203] +77.016591 ASYNC-IN-SUBMIT ep=0x81 len=0 type=BULK (in, awaiting data)
[2204] +77.017572 ASYNC-OUT ep=0x01 len=16 type=BULK 
	0000  08 00 00 18 01 10 ef 03  00 5c 00 10 93 1e 00 00 |.........\......|
[2205] +77.017822 ASYNC-OUT-DONE ep=0x01 len=0 status=0 actual=16
[2206] +77.091954 ASYNC-IN-DONE ep=0x81 len=16 status=0 actual=16
	0000  08 00 00 18 ed 03 80 10  00 6f 00 10 ac 0d 00 00 |.........o......|
[2207] +77.092070 ASYNC-IN-SUBMIT ep=0x81 len=0 type=BULK (in, awaiting data)
[2208] +77.204895 ASYNC-IN-DONE ep=0x81 len=0 status=2 actual=0
[2209] +77.204994 ASYNC-IN-SUBMIT ep=0x81 len=0 type=BULK (in, awaiting data)
[2210] +77.292645 ASYNC-IN-DONE ep=0x81 len=16 status=0 actual=16
	0000  08 00 00 18 f0 03 02 10  00 51 00 10 09 02 00 00 |.........Q......|
[2211] +77.292746 ASYNC-IN-SUBMIT ep=0x81 len=0 type=BULK (in, awaiting data)
[2212] +77.396970 ASYNC-IN-DONE ep=0x81 len=0 status=2 actual=0
[2213] +77.397049 ASYNC-IN-SUBMIT ep=0x81 len=0 type=BULK (in, awaiting data)
[2214] +77.484930 ASYNC-OUT ep=0x01 len=16 type=BULK 
	0000  08 00 00 18 80 10 ed 03  00 6f 00 10 6f 1b 00 00 |.........o..o...|
[2215] +77.485250 ASYNC-OUT-DONE ep=0x01 len=0 status=0 actual=16
[2216] +77.505292 ASYNC-IN-DONE ep=0x81 len=0 status=2 actual=0
[2217] +77.505330 ASYNC-IN-SUBMIT ep=0x81 len=0 type=BULK (in, awaiting data)
[2218] +77.618134 ASYNC-IN-DONE ep=0x81 len=0 status=2 actual=0
[2219] +77.618204 ASYNC-IN-SUBMIT ep=0x81 len=0 type=BULK (in, awaiting data)
[2220] +77.693982 ASYNC-IN-DONE ep=0x81 len=16 status=0 actual=16
	0000  08 00 00 18 ef 03 01 10  00 60 00 10 65 02 00 00 |.........`..e...|
[2221] +77.694118 ASYNC-IN-SUBMIT ep=0x81 len=0 type=BULK (in, awaiting data)
[2222] +77.805225 ASYNC-IN-DONE ep=0x81 len=0 status=2 actual=0
[2223] +77.805340 ASYNC-IN-SUBMIT ep=0x81 len=0 type=BULK (in, awaiting data)
[2224] +77.900238 ASYNC-OUT ep=0x01 len=16 type=BULK 
	0000  08 00 00 18 02 10 f0 03  00 4d 00 10 b7 10 00 00 |.........M......|
[2225] +77.900585 ASYNC-OUT-DONE ep=0x01 len=0 status=0 actual=16
[2226] +77.911787 ASYNC-IN-DONE ep=0x81 len=0 status=2 actual=0
[2227] +77.911829 ASYNC-IN-SUBMIT ep=0x81 len=0 type=BULK (in, awaiting data)
[2228] +78.016504 ASYNC-IN-DONE ep=0x81 len=0 status=2 actual=0
[2229] +78.016597 ASYNC-IN-SUBMIT ep=0x81 len=0 type=BULK (in, awaiting data)
[2230] +78.056206 ASYNC-OUT ep=0x01 len=16 type=BULK 
	0000  08 00 00 18 01 10 ef 03  00 5d 00 10 93 1e 00 00 |.........]......|
[2231] +78.056498 ASYNC-OUT-DONE ep=0x01 len=0 status=0 actual=16
[2232] +78.095703 ASYNC-IN-DONE ep=0x81 len=16 status=0 actual=16
	0000  08 00 00 18 ed 03 80 10  00 70 00 10 ac 0d 00 00 |.........p......|
[2233] +78.095777 ASYNC-IN-SUBMIT ep=0x81 len=0 type=BULK (in, awaiting data)
[2234] +78.201853 ASYNC-IN-DONE ep=0x81 len=0 status=2 actual=0
[2235] +78.201930 ASYNC-IN-SUBMIT ep=0x81 len=0 type=BULK (in, awaiting data)
[2236] +78.296125 ASYNC-IN-DONE ep=0x81 len=16 status=0 actual=16
	0000  08 00 00 18 f0 03 02 10  00 52 00 10 09 02 00 00 |.........R......|
[2237] +78.296282 ASYNC-IN-SUBMIT ep=0x81 len=0 type=BULK (in, awaiting data)
[2238] +78.408221 ASYNC-IN-DONE ep=0x81 len=0 status=2 actual=0
[2239] +78.408337 ASYNC-IN-SUBMIT ep=0x81 len=0 type=BULK (in, awaiting data)
[2240] +78.510576 ASYNC-IN-DONE ep=0x81 len=0 status=2 actual=0
[2241] +78.510677 ASYNC-IN-SUBMIT ep=0x81 len=0 type=BULK (in, awaiting data)
[2242] +78.523253 ASYNC-OUT ep=0x01 len=16 type=BULK 
	0000  08 00 00 18 80 10 ed 03  00 70 00 10 6f 1b 00 00 |.........p..o...|
[2243] +78.523496 ASYNC-OUT-DONE ep=0x01 len=0 status=0 actual=16
[2244] +78.620235 ASYNC-IN-DONE ep=0x81 len=0 status=2 actual=0
[2245] +78.620332 ASYNC-IN-SUBMIT ep=0x81 len=0 type=BULK (in, awaiting data)
[2246] +78.697394 ASYNC-IN-DONE ep=0x81 len=16 status=0 actual=16
	0000  08 00 00 18 ef 03 01 10  00 61 00 10 65 02 00 00 |.........a..e...|
[2247] +78.697510 ASYNC-IN-SUBMIT ep=0x81 len=0 type=BULK (in, awaiting data)
[2248] +78.809679 ASYNC-IN-DONE ep=0x81 len=0 status=2 actual=0
[2249] +78.809774 ASYNC-IN-SUBMIT ep=0x81 len=0 type=BULK (in, awaiting data)
[2250] +78.922529 ASYNC-IN-DONE ep=0x81 len=0 status=2 actual=0
[2251] +78.922639 ASYNC-IN-SUBMIT ep=0x81 len=0 type=BULK (in, awaiting data)
[2252] +78.939283 ASYNC-OUT ep=0x01 len=16 type=BULK 
	0000  08 00 00 18 02 10 f0 03  00 4e 00 10 b7 10 00 00 |.........N......|
[2253] +78.939644 ASYNC-OUT-DONE ep=0x01 len=0 status=0 actual=16
[2254] +79.032779 ASYNC-IN-DONE ep=0x81 len=0 status=2 actual=0
[2255] +79.032877 ASYNC-IN-SUBMIT ep=0x81 len=0 type=BULK (in, awaiting data)
[2256] +79.094857 ASYNC-OUT ep=0x01 len=16 type=BULK 
	0000  08 00 00 18 01 10 ef 03  00 5e 00 10 93 1e 00 00 |.........^......|
[2257] +79.095295 ASYNC-OUT-DONE ep=0x01 len=0 status=0 actual=16
[2258] +79.098644 ASYNC-IN-DONE ep=0x81 len=16 status=0 actual=16
	0000  08 00 00 18 ed 03 80 10  00 71 00 10 ac 0d 00 00 |.........q......|
[2259] +79.098740 ASYNC-IN-SUBMIT ep=0x81 len=0 type=BULK (in, awaiting data)
[2260] +79.211588 ASYNC-IN-DONE ep=0x81 len=0 status=2 actual=0
[2261] +79.211688 ASYNC-IN-SUBMIT ep=0x81 len=0 type=BULK (in, awaiting data)
[2262] +79.299566 ASYNC-IN-DONE ep=0x81 len=16 status=0 actual=16
	0000  08 00 00 18 f0 03 02 10  00 53 00 10 09 02 00 00 |.........S......|
[2263] +79.299718 ASYNC-IN-SUBMIT ep=0x81 len=0 type=BULK (in, awaiting data)
[2264] +79.409457 ASYNC-IN-DONE ep=0x81 len=0 status=2 actual=0
[2265] +79.409542 ASYNC-IN-SUBMIT ep=0x81 len=0 type=BULK (in, awaiting data)
[2266] +79.519504 ASYNC-IN-DONE ep=0x81 len=0 status=2 actual=0
[2267] +79.519613 ASYNC-IN-SUBMIT ep=0x81 len=0 type=BULK (in, awaiting data)
[2268] +79.560646 ASYNC-OUT ep=0x01 len=16 type=BULK 
	0000  08 00 00 18 80 10 ed 03  00 71 00 10 6f 1b 00 00 |.........q..o...|
[2269] +79.560958 ASYNC-OUT-DONE ep=0x01 len=0 status=0 actual=16
[2270] +79.632473 ASYNC-IN-DONE ep=0x81 len=0 status=2 actual=0
[2271] +79.632562 ASYNC-IN-SUBMIT ep=0x81 len=0 type=BULK (in, awaiting data)
[2272] +79.700638 ASYNC-IN-DONE ep=0x81 len=16 status=0 actual=16
	0000  08 00 00 18 ef 03 01 10  00 62 00 10 65 02 00 00 |.........b..e...|
[2273] +79.700752 ASYNC-IN-SUBMIT ep=0x81 len=0 type=BULK (in, awaiting data)
[2274] +79.802953 ASYNC-IN-DONE ep=0x81 len=0 status=2 actual=0
[2275] +79.803056 ASYNC-IN-SUBMIT ep=0x81 len=0 type=BULK (in, awaiting data)
[2276] +79.907886 ASYNC-IN-DONE ep=0x81 len=0 status=2 actual=0
[2277] +79.907969 ASYNC-IN-SUBMIT ep=0x81 len=0 type=BULK (in, awaiting data)
[2278] +79.976170 ASYNC-OUT ep=0x01 len=16 type=BULK 
	0000  08 00 00 18 02 10 f0 03  00 4f 00 10 b7 10 00 00 |.........O......|
[2279] +79.976483 ASYNC-OUT-DONE ep=0x01 len=0 status=0 actual=16
[2280] +80.020180 ASYNC-IN-DONE ep=0x81 len=0 status=2 actual=0
[2281] +80.020274 ASYNC-IN-SUBMIT ep=0x81 len=0 type=BULK (in, awaiting data)
[2282] +80.101858 ASYNC-IN-DONE ep=0x81 len=16 status=0 actual=16
	0000  08 00 00 18 ed 03 80 10  00 72 00 10 ac 0d 00 00 |.........r......|
[2283] +80.102014 ASYNC-IN-SUBMIT ep=0x81 len=0 type=BULK (in, awaiting data)
[2284] +80.131399 ASYNC-OUT ep=0x01 len=16 type=BULK 
	0000  08 00 00 18 01 10 ef 03  00 5f 00 10 93 1e 00 00 |........._......|
[2285] +80.131723 ASYNC-OUT-DONE ep=0x01 len=0 status=0 actual=16
[2286] +80.212304 ASYNC-IN-DONE ep=0x81 len=0 status=2 actual=0
[2287] +80.212339 ASYNC-IN-SUBMIT ep=0x81 len=0 type=BULK (in, awaiting data)
[2288] +80.302561 ASYNC-IN-DONE ep=0x81 len=16 status=0 actual=16
	0000  08 00 00 18 f0 03 02 10  00 54 00 10 09 02 00 00 |.........T......|
[2289] +80.302597 ASYNC-IN-SUBMIT ep=0x81 len=0 type=BULK (in, awaiting data)
[2290] +80.409907 ASYNC-IN-DONE ep=0x81 len=0 status=2 actual=0
[2291] +80.409942 ASYNC-IN-SUBMIT ep=0x81 len=0 type=BULK (in, awaiting data)
[2292] +80.516282 ASYNC-IN-DONE ep=0x81 len=0 status=2 actual=0
[2293] +80.516313 ASYNC-IN-SUBMIT ep=0x81 len=0 type=BULK (in, awaiting data)
[2294] +80.625539 ASYNC-OUT ep=0x01 len=16 type=BULK 
	0000  08 00 00 18 80 10 ed 03  00 72 00 10 6f 1b 00 00 |.........r..o...|
[2295] +80.625766 ASYNC-OUT-DONE ep=0x01 len=0 status=0 actual=16
[2296] +80.629006 ASYNC-IN-DONE ep=0x81 len=0 status=2 actual=0
[2297] +80.629054 ASYNC-IN-SUBMIT ep=0x81 len=0 type=BULK (in, awaiting data)
[2298] +80.703881 ASYNC-IN-DONE ep=0x81 len=16 status=0 actual=16
	0000  08 00 00 18 ef 03 01 10  00 63 00 10 65 02 00 00 |.........c..e...|
[2299] +80.703947 ASYNC-IN-SUBMIT ep=0x81 len=0 type=BULK (in, awaiting data)
[2300] +80.805951 ASYNC-IN-DONE ep=0x81 len=0 status=2 actual=0
[2301] +80.805967 ASYNC-IN-SUBMIT ep=0x81 len=0 type=BULK (in, awaiting data)
[2302] +80.908670 ASYNC-IN-DONE ep=0x81 len=0 status=2 actual=0
[2303] +80.908691 ASYNC-IN-SUBMIT ep=0x81 len=0 type=BULK (in, awaiting data)
[2304] +80.986687 ASYNC-OUT ep=0x01 len=16 type=BULK 
	0000  08 00 00 18 02 10 f0 03  00 50 00 10 b7 10 00 00 |.........P......|
[2305] +80.986929 ASYNC-OUT-DONE ep=0x01 len=0 status=0 actual=16
[2306] +81.013588 ASYNC-IN-DONE ep=0x81 len=0 status=2 actual=0
[2307] +81.013621 ASYNC-IN-SUBMIT ep=0x81 len=0 type=BULK (in, awaiting data)
[2308] +81.105333 ASYNC-IN-DONE ep=0x81 len=16 status=0 actual=16
	0000  08 00 00 18 ed 03 80 10  00 73 00 10 ac 0d 00 00 |.........s......|
[2309] +81.105376 ASYNC-IN-SUBMIT ep=0x81 len=0 type=BULK (in, awaiting data)
[2310] +81.166336 ASYNC-OUT ep=0x01 len=16 type=BULK 
	0000  08 00 00 18 01 10 ef 03  00 60 00 10 93 1e 00 00 |.........`......|
[2311] +81.171951 ASYNC-OUT-DONE ep=0x01 len=0 status=0 actual=16
[2312] +81.210353 ASYNC-IN-DONE ep=0x81 len=0 status=2 actual=0
[2313] +81.210418 ASYNC-IN-SUBMIT ep=0x81 len=0 type=BULK (in, awaiting data)
[2314] +81.305923 ASYNC-IN-DONE ep=0x81 len=16 status=0 actual=16
	0000  08 00 00 18 f0 03 02 10  00 55 00 10 09 02 00 00 |.........U......|
[2315] +81.306001 ASYNC-IN-SUBMIT ep=0x81 len=0 type=BULK (in, awaiting data)
[2316] +81.409664 ASYNC-IN-DONE ep=0x81 len=0 status=2 actual=0
[2317] +81.409718 ASYNC-IN-SUBMIT ep=0x81 len=0 type=BULK (in, awaiting data)
[2318] +81.524774 ASYNC-IN-DONE ep=0x81 len=0 status=2 actual=0
[2319] +81.524816 ASYNC-IN-SUBMIT ep=0x81 len=0 type=BULK (in, awaiting data)
[2320] +81.637578 ASYNC-IN-DONE ep=0x81 len=0 status=2 actual=0
[2321] +81.637600 ASYNC-IN-SUBMIT ep=0x81 len=0 type=BULK (in, awaiting data)
[2322] +81.674225 ASYNC-OUT ep=0x01 len=16 type=BULK 
	0000  08 00 00 18 80 10 ed 03  00 73 00 10 6f 1b 00 00 |.........s..o...|
[2323] +81.674406 ASYNC-OUT-DONE ep=0x01 len=0 status=0 actual=16
[2324] +81.707326 ASYNC-IN-DONE ep=0x81 len=16 status=0 actual=16
	0000  08 00 00 18 ef 03 01 10  00 64 00 10 65 02 00 00 |.........d..e...|
[2325] +81.707365 ASYNC-IN-SUBMIT ep=0x81 len=0 type=BULK (in, awaiting data)
[2326] +81.816017 ASYNC-IN-DONE ep=0x81 len=0 status=2 actual=0
[2327] +81.816065 ASYNC-IN-SUBMIT ep=0x81 len=0 type=BULK (in, awaiting data)
[2328] +81.923968 ASYNC-IN-DONE ep=0x81 len=0 status=2 actual=0
[2329] +81.924017 ASYNC-IN-SUBMIT ep=0x81 len=0 type=BULK (in, awaiting data)
[2330] +82.034643 ASYNC-IN-DONE ep=0x81 len=0 status=2 actual=0
[2331] +82.034661 ASYNC-IN-SUBMIT ep=0x81 len=0 type=BULK (in, awaiting data)
[2332] +82.037410 ASYNC-OUT ep=0x01 len=16 type=BULK 
	0000  08 00 00 18 02 10 f0 03  00 51 00 10 b7 10 00 00 |.........Q......|
[2333] +82.037736 ASYNC-OUT-DONE ep=0x01 len=0 status=0 actual=16
[2334] +82.112917 ASYNC-IN-DONE ep=0x81 len=16 status=0 actual=16
	0000  08 00 00 18 ed 03 80 10  00 74 00 10 ac 0d 00 00 |.........t......|
[2335] +82.112958 ASYNC-IN-SUBMIT ep=0x81 len=0 type=BULK (in, awaiting data)
[2336] +82.194211 ASYNC-OUT ep=0x01 len=16 type=BULK 
	0000  08 00 00 18 01 10 ef 03  00 61 00 10 93 1e 00 00 |.........a......|
[2337] +82.194461 ASYNC-OUT-DONE ep=0x01 len=0 status=0 actual=16
[2338] +82.220396 ASYNC-IN-DONE ep=0x81 len=0 status=2 actual=0
[2339] +82.220420 ASYNC-IN-SUBMIT ep=0x81 len=0 type=BULK (in, awaiting data)
[2340] +82.309417 ASYNC-IN-DONE ep=0x81 len=16 status=0 actual=16
	0000  08 00 00 18 f0 03 02 10  00 56 00 10 09 02 00 00 |.........V......|
[2341] +82.309450 ASYNC-IN-SUBMIT ep=0x81 len=0 type=BULK (in, awaiting data)
[2342] +82.410969 ASYNC-IN-DONE ep=0x81 len=0 status=2 actual=0
[2343] +82.410995 ASYNC-IN-SUBMIT ep=0x81 len=0 type=BULK (in, awaiting data)
[2344] +82.523711 ASYNC-IN-DONE ep=0x81 len=0 status=2 actual=0
[2345] +82.523734 ASYNC-IN-SUBMIT ep=0x81 len=0 type=BULK (in, awaiting data)
[2346] +82.626913 ASYNC-IN-DONE ep=0x81 len=0 status=2 actual=0
[2347] +82.626957 ASYNC-IN-SUBMIT ep=0x81 len=0 type=BULK (in, awaiting data)
[2348] +82.711528 ASYNC-IN-DONE ep=0x81 len=16 status=0 actual=16
	0000  08 00 00 18 ef 03 01 10  00 65 00 10 65 02 00 00 |.........e..e...|
[2349] +82.711601 ASYNC-IN-SUBMIT ep=0x81 len=0 type=BULK (in, awaiting data)
[2350] +82.717823 ASYNC-OUT ep=0x01 len=16 type=BULK 
	0000  08 00 00 18 80 10 ed 03  00 74 00 10 6f 1b 00 00 |.........t..o...|
[2351] +82.718072 ASYNC-OUT-DONE ep=0x01 len=0 status=0 actual=16
[2352] +82.823601 ASYNC-IN-DONE ep=0x81 len=0 status=2 actual=0
[2353] +82.823652 ASYNC-IN-SUBMIT ep=0x81 len=0 type=BULK (in, awaiting data)
[2354] +82.933656 ASYNC-IN-DONE ep=0x81 len=0 status=2 actual=0
[2355] +82.933712 ASYNC-IN-SUBMIT ep=0x81 len=0 type=BULK (in, awaiting data)
[2356] +83.040883 ASYNC-IN-DONE ep=0x81 len=0 status=2 actual=0
[2357] +83.040911 ASYNC-IN-SUBMIT ep=0x81 len=0 type=BULK (in, awaiting data)
[2358] +83.089830 ASYNC-OUT ep=0x01 len=16 type=BULK 
	0000  08 00 00 18 02 10 f0 03  00 52 00 10 b7 10 00 00 |.........R......|
[2359] +83.089961 ASYNC-OUT-DONE ep=0x01 len=0 status=0 actual=16
[2360] +83.112174 ASYNC-IN-DONE ep=0x81 len=16 status=0 actual=16
	0000  08 00 00 18 ed 03 80 10  00 75 00 10 ac 0d 00 00 |.........u......|
[2361] +83.112208 ASYNC-IN-SUBMIT ep=0x81 len=0 type=BULK (in, awaiting data)
[2362] +83.220918 ASYNC-IN-DONE ep=0x81 len=0 status=2 actual=0
[2363] +83.220941 ASYNC-IN-SUBMIT ep=0x81 len=0 type=BULK (in, awaiting data)
[2364] +83.245889 ASYNC-OUT ep=0x01 len=16 type=BULK 
	0000  08 00 00 18 01 10 ef 03  00 62 00 10 93 1e 00 00 |.........b......|
[2365] +83.246017 ASYNC-OUT-DONE ep=0x01 len=0 status=0 actual=16
[2366] +83.313472 ASYNC-IN-DONE ep=0x81 len=16 status=0 actual=16
	0000  08 00 00 18 f0 03 02 10  00 57 00 10 09 02 00 00 |.........W......|
[2367] +83.313497 ASYNC-IN-SUBMIT ep=0x81 len=0 type=BULK (in, awaiting data)
[2368] +83.417602 ASYNC-IN-DONE ep=0x81 len=0 status=2 actual=0
[2369] +83.417629 ASYNC-IN-SUBMIT ep=0x81 len=0 type=BULK (in, awaiting data)
[2370] +83.528073 ASYNC-IN-DONE ep=0x81 len=0 status=2 actual=0
[2371] +83.528117 ASYNC-IN-SUBMIT ep=0x81 len=0 type=BULK (in, awaiting data)
[2372] +83.639179 ASYNC-IN-DONE ep=0x81 len=0 status=2 actual=0
[2373] +83.639237 ASYNC-IN-SUBMIT ep=0x81 len=0 type=BULK (in, awaiting data)
[2374] +83.713987 ASYNC-IN-DONE ep=0x81 len=16 status=0 actual=16
	0000  08 00 00 18 ef 03 01 10  00 66 00 10 65 02 00 00 |.........f..e...|
[2375] +83.714014 ASYNC-IN-SUBMIT ep=0x81 len=0 type=BULK (in, awaiting data)
[2376] +83.765853 ASYNC-OUT ep=0x01 len=16 type=BULK 
	0000  08 00 00 18 80 10 ed 03  00 75 00 10 6f 1b 00 00 |.........u..o...|
[2377] +83.766050 ASYNC-OUT-DONE ep=0x01 len=0 status=0 actual=16
[2378] +83.824318 ASYNC-IN-DONE ep=0x81 len=0 status=2 actual=0
[2379] +83.824350 ASYNC-IN-SUBMIT ep=0x81 len=0 type=BULK (in, awaiting data)
[2380] +83.927079 ASYNC-IN-DONE ep=0x81 len=0 status=2 actual=0
[2381] +83.927147 ASYNC-IN-SUBMIT ep=0x81 len=0 type=BULK (in, awaiting data)
[2382] +84.036687 ASYNC-IN-DONE ep=0x81 len=0 status=2 actual=0
[2383] +84.036782 ASYNC-IN-SUBMIT ep=0x81 len=0 type=BULK (in, awaiting data)
[2384] +84.115460 ASYNC-IN-DONE ep=0x81 len=16 status=0 actual=16
	0000  08 00 00 18 ed 03 80 10  00 76 00 10 ac 0d 00 00 |.........v......|
[2385] +84.115599 ASYNC-IN-SUBMIT ep=0x81 len=0 type=BULK (in, awaiting data)
[2386] +84.129437 ASYNC-OUT ep=0x01 len=16 type=BULK 
	0000  08 00 00 18 02 10 f0 03  00 53 00 10 b7 10 00 00 |.........S......|
[2387] +84.129711 ASYNC-OUT-DONE ep=0x01 len=0 status=0 actual=16
[2388] +84.228343 ASYNC-IN-DONE ep=0x81 len=0 status=2 actual=0
[2389] +84.228382 ASYNC-IN-SUBMIT ep=0x81 len=0 type=BULK (in, awaiting data)
[2390] +84.285300 ASYNC-OUT ep=0x01 len=16 type=BULK 
	0000  08 00 00 18 01 10 ef 03  00 63 00 10 93 1e 00 00 |.........c......|
[2391] +84.285537 ASYNC-OUT-DONE ep=0x01 len=0 status=0 actual=16
[2392] +84.316024 ASYNC-IN-DONE ep=0x81 len=16 status=0 actual=16
	0000  08 00 00 18 f0 03 02 10  00 58 00 10 09 02 00 00 |.........X......|
[2393] +84.316087 ASYNC-IN-SUBMIT ep=0x81 len=0 type=BULK (in, awaiting data)
[2394] +84.428794 ASYNC-IN-DONE ep=0x81 len=0 status=2 actual=0
[2395] +84.428821 ASYNC-IN-SUBMIT ep=0x81 len=0 type=BULK (in, awaiting data)
[2396] +84.535136 ASYNC-IN-DONE ep=0x81 len=0 status=2 actual=0
[2397] +84.535152 ASYNC-IN-SUBMIT ep=0x81 len=0 type=BULK (in, awaiting data)
[2398] +84.637598 ASYNC-IN-DONE ep=0x81 len=0 status=2 actual=0
[2399] +84.637623 ASYNC-IN-SUBMIT ep=0x81 len=0 type=BULK (in, awaiting data)
[2400] +84.717418 ASYNC-IN-DONE ep=0x81 len=16 status=0 actual=16
	0000  08 00 00 18 ef 03 01 10  00 67 00 10 65 02 00 00 |.........g..e...|
[2401] +84.717454 ASYNC-IN-SUBMIT ep=0x81 len=0 type=BULK (in, awaiting data)
[2402] +84.804816 ASYNC-OUT ep=0x01 len=16 type=BULK 
	0000  08 00 00 18 80 10 ed 03  00 76 00 10 6f 1b 00 00 |.........v..o...|
[2403] +84.805026 ASYNC-OUT-DONE ep=0x01 len=0 status=0 actual=16
[2404] +84.825309 ASYNC-IN-DONE ep=0x81 len=0 status=2 actual=0
[2405] +84.825326 ASYNC-IN-SUBMIT ep=0x81 len=0 type=BULK (in, awaiting data)
[2406] +84.935632 ASYNC-IN-DONE ep=0x81 len=0 status=2 actual=0
[2407] +84.935666 ASYNC-IN-SUBMIT ep=0x81 len=0 type=BULK (in, awaiting data)
[2408] +85.039136 ASYNC-IN-DONE ep=0x81 len=0 status=2 actual=0
[2409] +85.039188 ASYNC-IN-SUBMIT ep=0x81 len=0 type=BULK (in, awaiting data)
[2410] +85.118479 ASYNC-IN-DONE ep=0x81 len=16 status=0 actual=16
	0000  08 00 00 18 ed 03 80 10  00 77 00 10 ac 0d 00 00 |.........w......|
[2411] +85.118525 ASYNC-IN-SUBMIT ep=0x81 len=0 type=BULK (in, awaiting data)
[2412] +85.169117 ASYNC-OUT ep=0x01 len=16 type=BULK 
	0000  08 00 00 18 02 10 f0 03  00 54 00 10 b7 10 00 00 |.........T......|
[2413] +85.169431 ASYNC-OUT-DONE ep=0x01 len=0 status=0 actual=16
[2414] +85.220188 ASYNC-IN-DONE ep=0x81 len=0 status=2 actual=0
[2415] +85.220272 ASYNC-IN-SUBMIT ep=0x81 len=0 type=BULK (in, awaiting data)
[2416] +85.319550 ASYNC-IN-DONE ep=0x81 len=16 status=0 actual=16
	0000  08 00 00 18 f0 03 02 10  00 59 00 10 09 02 00 00 |.........Y......|
[2417] +85.319712 ASYNC-IN-SUBMIT ep=0x81 len=0 type=BULK (in, awaiting data)
[2418] +85.325223 ASYNC-OUT ep=0x01 len=16 type=BULK 
	0000  08 00 00 18 01 10 ef 03  00 64 00 10 93 1e 00 00 |.........d......|
[2419] +85.325496 ASYNC-OUT-DONE ep=0x01 len=0 status=0 actual=16
[2420] +85.432548 ASYNC-IN-DONE ep=0x81 len=0 status=2 actual=0
[2421] +85.432661 ASYNC-IN-SUBMIT ep=0x81 len=0 type=BULK (in, awaiting data)
[2422] +85.545283 ASYNC-IN-DONE ep=0x81 len=0 status=2 actual=0
[2423] +85.545388 ASYNC-IN-SUBMIT ep=0x81 len=0 type=BULK (in, awaiting data)
[2424] +85.646584 ASYNC-IN-DONE ep=0x81 len=0 status=2 actual=0
[2425] +85.646702 ASYNC-IN-SUBMIT ep=0x81 len=0 type=BULK (in, awaiting data)
[2426] +85.720465 ASYNC-IN-DONE ep=0x81 len=16 status=0 actual=16
	0000  08 00 00 18 ef 03 01 10  00 68 00 10 65 02 00 00 |.........h..e...|
[2427] +85.720608 ASYNC-IN-SUBMIT ep=0x81 len=0 type=BULK (in, awaiting data)
[2428] +85.826451 ASYNC-IN-DONE ep=0x81 len=0 status=2 actual=0
[2429] +85.826540 ASYNC-IN-SUBMIT ep=0x81 len=0 type=BULK (in, awaiting data)
[2430] +85.842357 ASYNC-OUT ep=0x01 len=16 type=BULK 
	0000  08 00 00 18 80 10 ed 03  00 77 00 10 6f 1b 00 00 |.........w..o...|
[2431] +85.842634 ASYNC-OUT-DONE ep=0x01 len=0 status=0 actual=16
[2432] +85.928093 ASYNC-IN-DONE ep=0x81 len=0 status=2 actual=0
[2433] +85.928192 ASYNC-IN-SUBMIT ep=0x81 len=0 type=BULK (in, awaiting data)
[2434] +86.038760 ASYNC-IN-DONE ep=0x81 len=0 status=2 actual=0
[2435] +86.038864 ASYNC-IN-SUBMIT ep=0x81 len=0 type=BULK (in, awaiting data)
[2436] +86.122111 ASYNC-IN-DONE ep=0x81 len=16 status=0 actual=16
	0000  08 00 00 18 ed 03 80 10  00 78 00 10 ac 0d 00 00 |.........x......|
[2437] +86.122262 ASYNC-IN-SUBMIT ep=0x81 len=0 type=BULK (in, awaiting data)
[2438] +86.206778 ASYNC-OUT ep=0x01 len=16 type=BULK 
	0000  08 00 00 18 02 10 f0 03  00 55 00 10 b7 10 00 00 |.........U......|
[2439] +86.207109 ASYNC-OUT-DONE ep=0x01 len=0 status=0 actual=16
[2440] +86.235042 ASYNC-IN-DONE ep=0x81 len=0 status=2 actual=0
[2441] +86.235107 ASYNC-IN-SUBMIT ep=0x81 len=0 type=BULK (in, awaiting data)
[2442] +86.322481 ASYNC-IN-DONE ep=0x81 len=16 status=0 actual=16
	0000  08 00 00 18 f0 03 02 10  00 5a 00 10 09 02 00 00 |.........Z......|
[2443] +86.322632 ASYNC-IN-SUBMIT ep=0x81 len=0 type=BULK (in, awaiting data)
[2444] +86.361289 ASYNC-OUT ep=0x01 len=16 type=BULK 
	0000  08 00 00 18 01 10 ef 03  00 65 00 10 93 1e 00 00 |.........e......|
[2445] +86.361524 ASYNC-OUT-DONE ep=0x01 len=0 status=0 actual=16
[2446] +86.434350 ASYNC-IN-DONE ep=0x81 len=0 status=2 actual=0
[2447] +86.434430 ASYNC-IN-SUBMIT ep=0x81 len=0 type=BULK (in, awaiting data)
[2448] +86.546227 ASYNC-IN-DONE ep=0x81 len=0 status=2 actual=0
[2449] +86.546331 ASYNC-IN-SUBMIT ep=0x81 len=0 type=BULK (in, awaiting data)
[2450] +86.657465 ASYNC-IN-DONE ep=0x81 len=0 status=2 actual=0
[2451] +86.657562 ASYNC-IN-SUBMIT ep=0x81 len=0 type=BULK (in, awaiting data)
[2452] +86.724055 ASYNC-IN-DONE ep=0x81 len=16 status=0 actual=16
	0000  08 00 00 18 ef 03 01 10  00 69 00 10 65 02 00 00 |.........i..e...|
[2453] +86.724171 ASYNC-IN-SUBMIT ep=0x81 len=0 type=BULK (in, awaiting data)
[2454] +86.827455 ASYNC-IN-DONE ep=0x81 len=0 status=2 actual=0
[2455] +86.827561 ASYNC-IN-SUBMIT ep=0x81 len=0 type=BULK (in, awaiting data)
[2456] +86.880379 ASYNC-OUT ep=0x01 len=16 type=BULK 
	0000  08 00 00 18 80 10 ed 03  00 78 00 10 6f 1b 00 00 |.........x..o...|
[2457] +86.880757 ASYNC-OUT-DONE ep=0x01 len=0 status=0 actual=16
[2458] +86.936877 ASYNC-IN-DONE ep=0x81 len=0 status=2 actual=0
[2459] +86.936981 ASYNC-IN-SUBMIT ep=0x81 len=0 type=BULK (in, awaiting data)
[2460] +87.041135 ASYNC-IN-DONE ep=0x81 len=0 status=2 actual=0
[2461] +87.041239 ASYNC-IN-SUBMIT ep=0x81 len=0 type=BULK (in, awaiting data)
[2462] +87.125454 ASYNC-IN-DONE ep=0x81 len=16 status=0 actual=16
	0000  08 00 00 18 ed 03 80 10  00 79 00 10 ac 0d 00 00 |.........y......|
[2463] +87.125606 ASYNC-IN-SUBMIT ep=0x81 len=0 type=BULK (in, awaiting data)
[2464] +87.235885 ASYNC-IN-DONE ep=0x81 len=0 status=2 actual=0
[2465] +87.235994 ASYNC-IN-SUBMIT ep=0x81 len=0 type=BULK (in, awaiting data)
[2466] +87.243772 ASYNC-OUT ep=0x01 len=16 type=BULK 
	0000  08 00 00 18 02 10 f0 03  00 56 00 10 b7 10 00 00 |.........V......|
[2467] +87.243994 ASYNC-OUT-DONE ep=0x01 len=0 status=0 actual=16
[2468] +87.325847 ASYNC-IN-DONE ep=0x81 len=16 status=0 actual=16
	0000  08 00 00 18 f0 03 02 10  00 5b 00 10 09 02 00 00 |.........[......|
[2469] +87.325993 ASYNC-IN-SUBMIT ep=0x81 len=0 type=BULK (in, awaiting data)
[2470] +87.399149 ASYNC-OUT ep=0x01 len=16 type=BULK 
	0000  08 00 00 18 01 10 ef 03  00 66 00 10 93 1e 00 00 |.........f......|
[2471] +87.399440 ASYNC-OUT-DONE ep=0x01 len=0 status=0 actual=16
[2472] +87.438817 ASYNC-IN-DONE ep=0x81 len=0 status=2 actual=0
[2473] +87.438930 ASYNC-IN-SUBMIT ep=0x81 len=0 type=BULK (in, awaiting data)
[2474] +87.551769 ASYNC-IN-DONE ep=0x81 len=0 status=2 actual=0
[2475] +87.551882 ASYNC-IN-SUBMIT ep=0x81 len=0 type=BULK (in, awaiting data)
[2476] +87.661895 ASYNC-IN-DONE ep=0x81 len=0 status=2 actual=0
[2477] +87.662004 ASYNC-IN-SUBMIT ep=0x81 len=0 type=BULK (in, awaiting data)
[2478] +87.727507 ASYNC-IN-DONE ep=0x81 len=16 status=0 actual=16
	0000  08 00 00 18 ef 03 01 10  00 6a 00 10 65 02 00 00 |.........j..e...|
[2479] +87.727653 ASYNC-IN-SUBMIT ep=0x81 len=0 type=BULK (in, awaiting data)
[2480] +87.828483 ASYNC-IN-DONE ep=0x81 len=0 status=2 actual=0
[2481] +87.828598 ASYNC-IN-SUBMIT ep=0x81 len=0 type=BULK (in, awaiting data)
[2482] +87.917976 ASYNC-OUT ep=0x01 len=16 type=BULK 
	0000  08 00 00 18 80 10 ed 03  00 79 00 10 6f 1b 00 00 |.........y..o...|
[2483] +87.918327 ASYNC-OUT-DONE ep=0x01 len=0 status=0 actual=16
[2484] +87.933302 ASYNC-IN-DONE ep=0x81 len=0 status=2 actual=0
[2485] +87.933401 ASYNC-IN-SUBMIT ep=0x81 len=0 type=BULK (in, awaiting data)
[2486] +88.042292 ASYNC-IN-DONE ep=0x81 len=0 status=2 actual=0
[2487] +88.042390 ASYNC-IN-SUBMIT ep=0x81 len=0 type=BULK (in, awaiting data)
[2488] +88.128599 ASYNC-IN-DONE ep=0x81 len=16 status=0 actual=16
	0000  08 00 00 18 ed 03 80 10  00 7a 00 10 ac 0d 00 00 |.........z......|
[2489] +88.128727 ASYNC-IN-SUBMIT ep=0x81 len=0 type=BULK (in, awaiting data)
[2490] +88.236015 ASYNC-IN-DONE ep=0x81 len=0 status=2 actual=0
[2491] +88.236110 ASYNC-IN-SUBMIT ep=0x81 len=0 type=BULK (in, awaiting data)
[2492] +88.279401 ASYNC-OUT ep=0x01 len=16 type=BULK 
	0000  08 00 00 18 02 10 f0 03  00 57 00 10 b7 10 00 00 |.........W......|
[2493] +88.279665 ASYNC-OUT-DONE ep=0x01 len=0 status=0 actual=16
[2494] +88.329632 ASYNC-IN-DONE ep=0x81 len=16 status=0 actual=16
	0000  08 00 00 18 f0 03 02 10  00 5c 00 10 09 02 00 00 |.........\......|
[2495] +88.329754 ASYNC-IN-SUBMIT ep=0x81 len=0 type=BULK (in, awaiting data)
[2496] +88.430745 ASYNC-IN-DONE ep=0x81 len=0 status=2 actual=0
[2497] +88.430823 ASYNC-IN-SUBMIT ep=0x81 len=0 type=BULK (in, awaiting data)
[2498] +88.434603 ASYNC-OUT ep=0x01 len=16 type=BULK 
	0000  08 00 00 18 01 10 ef 03  00 67 00 10 93 1e 00 00 |.........g......|
[2499] +88.434739 ASYNC-OUT-DONE ep=0x01 len=0 status=0 actual=16
[2500] +88.543631 ASYNC-IN-DONE ep=0x81 len=0 status=2 actual=0
[2501] +88.543732 ASYNC-IN-SUBMIT ep=0x81 len=0 type=BULK (in, awaiting data)
[2502] +88.651309 ASYNC-IN-DONE ep=0x81 len=0 status=2 actual=0
[2503] +88.651405 ASYNC-IN-SUBMIT ep=0x81 len=0 type=BULK (in, awaiting data)
[2504] +88.730419 ASYNC-IN-DONE ep=0x81 len=16 status=0 actual=16
	0000  08 00 00 18 ef 03 01 10  00 6b 00 10 65 02 00 00 |.........k..e...|
[2505] +88.730530 ASYNC-IN-SUBMIT ep=0x81 len=0 type=BULK (in, awaiting data)
[2506] +88.843360 ASYNC-IN-DONE ep=0x81 len=0 status=2 actual=0
[2507] +88.843439 ASYNC-IN-SUBMIT ep=0x81 len=0 type=BULK (in, awaiting data)
[2508] +88.954149 ASYNC-OUT ep=0x01 len=16 type=BULK 
	0000  08 00 00 18 80 10 ed 03  00 7a 00 10 6f 1b 00 00 |.........z..o...|
[2509] +88.954469 ASYNC-IN-DONE ep=0x81 len=0 status=2 actual=0
[2510] +88.954518 ASYNC-IN-SUBMIT ep=0x81 len=0 type=BULK (in, awaiting data)
[2511] +88.954645 ASYNC-OUT-DONE ep=0x01 len=0 status=0 actual=16
[2512] +89.057814 ASYNC-IN-DONE ep=0x81 len=0 status=2 actual=0
[2513] +89.057902 ASYNC-IN-SUBMIT ep=0x81 len=0 type=BULK (in, awaiting data)
[2514] +89.132040 ASYNC-IN-DONE ep=0x81 len=16 status=0 actual=16
	0000  08 00 00 18 ed 03 80 10  00 7b 00 10 ac 0d 00 00 |.........{......|
[2515] +89.132175 ASYNC-IN-SUBMIT ep=0x81 len=0 type=BULK (in, awaiting data)
[2516] +89.244985 ASYNC-IN-DONE ep=0x81 len=0 status=2 actual=0
[2517] +89.245059 ASYNC-IN-SUBMIT ep=0x81 len=0 type=BULK (in, awaiting data)
[2518] +89.315677 ASYNC-OUT ep=0x01 len=16 type=BULK 
	0000  08 00 00 18 02 10 f0 03  00 58 00 10 b7 10 00 00 |.........X......|
[2519] +89.315986 ASYNC-OUT-DONE ep=0x01 len=0 status=0 actual=16
[2520] +89.332375 ASYNC-IN-DONE ep=0x81 len=16 status=0 actual=16
	0000  08 00 00 18 f0 03 02 10  00 5d 00 10 09 02 00 00 |.........]......|
[2521] +89.332450 ASYNC-IN-SUBMIT ep=0x81 len=0 type=BULK (in, awaiting data)
[2522] +89.445254 ASYNC-IN-DONE ep=0x81 len=0 status=2 actual=0
[2523] +89.445348 ASYNC-IN-SUBMIT ep=0x81 len=0 type=BULK (in, awaiting data)
[2524] +89.471076 ASYNC-OUT ep=0x01 len=16 type=BULK 
	0000  08 00 00 18 01 10 ef 03  00 68 00 10 93 1e 00 00 |.........h......|
[2525] +89.471342 ASYNC-OUT-DONE ep=0x01 len=0 status=0 actual=16
[2526] +89.557717 ASYNC-IN-DONE ep=0x81 len=0 status=2 actual=0
[2527] +89.557817 ASYNC-IN-SUBMIT ep=0x81 len=0 type=BULK (in, awaiting data)
[2528] +89.670241 ASYNC-IN-DONE ep=0x81 len=0 status=2 actual=0
[2529] +89.670325 ASYNC-IN-SUBMIT ep=0x81 len=0 type=BULK (in, awaiting data)
[2530] +89.733922 ASYNC-IN-DONE ep=0x81 len=16 status=0 actual=16
	0000  08 00 00 18 ef 03 01 10  00 6c 00 10 65 02 00 00 |.........l..e...|
[2531] +89.734041 ASYNC-IN-SUBMIT ep=0x81 len=0 type=BULK (in, awaiting data)
[2532] +89.844652 ASYNC-IN-DONE ep=0x81 len=0 status=2 actual=0
[2533] +89.844766 ASYNC-IN-SUBMIT ep=0x81 len=0 type=BULK (in, awaiting data)
[2534] +89.956415 ASYNC-IN-DONE ep=0x81 len=0 status=2 actual=0
[2535] +89.956484 ASYNC-IN-SUBMIT ep=0x81 len=0 type=BULK (in, awaiting data)
[2536] +89.989674 ASYNC-OUT ep=0x01 len=16 type=BULK 
	0000  08 00 00 18 80 10 ed 03  00 7b 00 10 6f 1b 00 00 |.........{..o...|
[2537] +89.989942 ASYNC-OUT-DONE ep=0x01 len=0 status=0 actual=16
[2538] +90.060599 ASYNC-IN-DONE ep=0x81 len=0 status=2 actual=0
[2539] +90.060658 ASYNC-IN-SUBMIT ep=0x81 len=0 type=BULK (in, awaiting data)
[2540] +90.136400 ASYNC-IN-DONE ep=0x81 len=16 status=0 actual=16
	0000  08 00 00 18 ed 03 80 10  00 7c 00 10 ac 0d 00 00 |.........|......|
[2541] +90.136517 ASYNC-IN-SUBMIT ep=0x81 len=0 type=BULK (in, awaiting data)
[2542] +90.249346 ASYNC-IN-DONE ep=0x81 len=0 status=2 actual=0
[2543] +90.249454 ASYNC-IN-SUBMIT ep=0x81 len=0 type=BULK (in, awaiting data)
[2544] +90.336816 ASYNC-IN-DONE ep=0x81 len=16 status=0 actual=16
	0000  08 00 00 18 f0 03 02 10  00 5e 00 10 09 02 00 00 |.........^......|
[2545] +90.336920 ASYNC-IN-SUBMIT ep=0x81 len=0 type=BULK (in, awaiting data)
[2546] +90.351926 ASYNC-OUT ep=0x01 len=16 type=BULK 
	0000  08 00 00 18 02 10 f0 03  00 59 00 10 b7 10 00 00 |.........Y......|
[2547] +90.352190 ASYNC-OUT-DONE ep=0x01 len=0 status=0 actual=16
[2548] +90.442987 ASYNC-IN-DONE ep=0x81 len=0 status=2 actual=0
[2549] +90.443061 ASYNC-IN-SUBMIT ep=0x81 len=0 type=BULK (in, awaiting data)
[2550] +90.507588 ASYNC-OUT ep=0x01 len=16 type=BULK 
	0000  08 00 00 18 01 10 ef 03  00 69 00 10 93 1e 00 00 |.........i......|
[2551] +90.507927 ASYNC-OUT-DONE ep=0x01 len=0 status=0 actual=16
[2552] +90.549946 ASYNC-IN-DONE ep=0x81 len=0 status=2 actual=0
[2553] +90.550015 ASYNC-IN-SUBMIT ep=0x81 len=0 type=BULK (in, awaiting data)
[2554] +90.657611 ASYNC-IN-DONE ep=0x81 len=0 status=2 actual=0
[2555] +90.657724 ASYNC-IN-SUBMIT ep=0x81 len=0 type=BULK (in, awaiting data)
[2556] +90.737906 ASYNC-IN-DONE ep=0x81 len=16 status=0 actual=16
	0000  08 00 00 18 ef 03 01 10  00 6d 00 10 65 02 00 00 |.........m..e...|
[2557] +90.738017 ASYNC-IN-SUBMIT ep=0x81 len=0 type=BULK (in, awaiting data)
[2558] +90.845374 ASYNC-IN-DONE ep=0x81 len=0 status=2 actual=0
[2559] +90.845453 ASYNC-IN-SUBMIT ep=0x81 len=0 type=BULK (in, awaiting data)
[2560] +90.949319 ASYNC-IN-DONE ep=0x81 len=0 status=2 actual=0
[2561] +90.949420 ASYNC-IN-SUBMIT ep=0x81 len=0 type=BULK (in, awaiting data)
[2562] +91.027266 ASYNC-OUT ep=0x01 len=16 type=BULK 
	0000  08 00 00 18 80 10 ed 03  00 7c 00 10 6f 1b 00 00 |.........|..o...|
[2563] +91.027577 ASYNC-OUT-DONE ep=0x01 len=0 status=0 actual=16
[2564] +91.061887 ASYNC-IN-DONE ep=0x81 len=0 status=2 actual=0
[2565] +91.061971 ASYNC-IN-SUBMIT ep=0x81 len=0 type=BULK (in, awaiting data)
[2566] +91.138452 ASYNC-IN-DONE ep=0x81 len=16 status=0 actual=16
	0000  08 00 00 18 ed 03 80 10  00 7d 00 10 ac 0d 00 00 |.........}......|
[2567] +91.138575 ASYNC-IN-SUBMIT ep=0x81 len=0 type=BULK (in, awaiting data)
[2568] +91.249997 ASYNC-IN-DONE ep=0x81 len=0 status=2 actual=0
[2569] +91.250075 ASYNC-IN-SUBMIT ep=0x81 len=0 type=BULK (in, awaiting data)
[2570] +91.339911 ASYNC-IN-DONE ep=0x81 len=16 status=0 actual=16
	0000  08 00 00 18 f0 03 02 10  00 5f 00 10 09 02 00 00 |........._......|
[2571] +91.340039 ASYNC-IN-SUBMIT ep=0x81 len=0 type=BULK (in, awaiting data)
[2572] +91.390835 ASYNC-OUT ep=0x01 len=16 type=BULK 
	0000  08 00 00 18 02 10 f0 03  00 5a 00 10 b7 10 00 00 |.........Z......|
[2573] +91.391128 ASYNC-OUT-DONE ep=0x01 len=0 status=0 actual=16
[2574] +91.452069 ASYNC-IN-DONE ep=0x81 len=0 status=2 actual=0
[2575] +91.452111 ASYNC-IN-SUBMIT ep=0x81 len=0 type=BULK (in, awaiting data)
[2576] +91.547115 ASYNC-OUT ep=0x01 len=16 type=BULK 
	0000  08 00 00 18 01 10 ef 03  00 6a 00 10 93 1e 00 00 |.........j......|
[2577] +91.547450 ASYNC-OUT-DONE ep=0x01 len=0 status=0 actual=16
[2578] +91.561025 ASYNC-IN-DONE ep=0x81 len=0 status=2 actual=0
[2579] +91.561174 ASYNC-IN-SUBMIT ep=0x81 len=0 type=BULK (in, awaiting data)
[2580] +91.665860 ASYNC-IN-DONE ep=0x81 len=0 status=2 actual=0
[2581] +91.665939 ASYNC-IN-SUBMIT ep=0x81 len=0 type=BULK (in, awaiting data)
[2582] +91.740426 ASYNC-IN-DONE ep=0x81 len=16 status=0 actual=16
	0000  08 00 00 18 ef 03 01 10  00 6e 00 10 65 02 00 00 |.........n..e...|
[2583] +91.740572 ASYNC-IN-SUBMIT ep=0x81 len=0 type=BULK (in, awaiting data)
[2584] +91.844308 ASYNC-IN-DONE ep=0x81 len=0 status=2 actual=0
[2585] +91.844446 ASYNC-IN-SUBMIT ep=0x81 len=0 type=BULK (in, awaiting data)
[2586] +91.953532 ASYNC-IN-DONE ep=0x81 len=0 status=2 actual=0
[2587] +91.953633 ASYNC-IN-SUBMIT ep=0x81 len=0 type=BULK (in, awaiting data)
[2588] +92.065421 ASYNC-OUT ep=0x01 len=16 type=BULK 
	0000  08 00 00 18 80 10 ed 03  00 7d 00 10 6f 1b 00 00 |.........}..o...|
[2589] +92.065638 ASYNC-OUT-DONE ep=0x01 len=0 status=0 actual=16
[2590] +92.065962 ASYNC-IN-DONE ep=0x81 len=0 status=2 actual=0
[2591] +92.065975 ASYNC-IN-SUBMIT ep=0x81 len=0 type=BULK (in, awaiting data)
[2592] +92.142188 ASYNC-IN-DONE ep=0x81 len=16 status=0 actual=16
	0000  08 00 00 18 ed 03 80 10  00 7e 00 10 ac 0d 00 00 |.........~......|
[2593] +92.142252 ASYNC-IN-SUBMIT ep=0x81 len=0 type=BULK (in, awaiting data)
[2594] +92.247778 ASYNC-IN-DONE ep=0x81 len=0 status=2 actual=0
[2595] +92.247874 ASYNC-IN-SUBMIT ep=0x81 len=0 type=BULK (in, awaiting data)
[2596] +92.342642 ASYNC-IN-DONE ep=0x81 len=16 status=0 actual=16
	0000  08 00 00 18 f0 03 02 10  00 60 00 10 09 02 00 00 |.........`......|
[2597] +92.342765 ASYNC-IN-SUBMIT ep=0x81 len=0 type=BULK (in, awaiting data)
[2598] +92.428422 ASYNC-OUT ep=0x01 len=16 type=BULK 
	0000  08 00 00 18 02 10 f0 03  00 5b 00 10 b7 10 00 00 |.........[......|
[2599] +92.428762 ASYNC-OUT-DONE ep=0x01 len=0 status=0 actual=16
[2600] +92.444330 ASYNC-IN-DONE ep=0x81 len=0 status=2 actual=0
[2601] +92.444510 ASYNC-IN-SUBMIT ep=0x81 len=0 type=BULK (in, awaiting data)
[2602] +92.551977 ASYNC-IN-DONE ep=0x81 len=0 status=2 actual=0
[2603] +92.552047 ASYNC-IN-SUBMIT ep=0x81 len=0 type=BULK (in, awaiting data)
[2604] +92.584583 ASYNC-OUT ep=0x01 len=16 type=BULK 
	0000  08 00 00 18 01 10 ef 03  00 6b 00 10 93 1e 00 00 |.........k......|
[2605] +92.584915 ASYNC-OUT-DONE ep=0x01 len=0 status=0 actual=16
[2606] +92.653787 ASYNC-IN-DONE ep=0x81 len=0 status=2 actual=0
[2607] +92.653880 ASYNC-IN-SUBMIT ep=0x81 len=0 type=BULK (in, awaiting data)
[2608] +92.744156 ASYNC-IN-DONE ep=0x81 len=16 status=0 actual=16
	0000  08 00 00 18 ef 03 01 10  00 6f 00 10 65 02 00 00 |.........o..e...|
[2609] +92.744286 ASYNC-IN-SUBMIT ep=0x81 len=0 type=BULK (in, awaiting data)
[2610] +92.852175 ASYNC-IN-DONE ep=0x81 len=0 status=2 actual=0
[2611] +92.852275 ASYNC-IN-SUBMIT ep=0x81 len=0 type=BULK (in, awaiting data)
[2612] +92.962512 ASYNC-IN-DONE ep=0x81 len=0 status=2 actual=0
[2613] +92.962597 ASYNC-IN-SUBMIT ep=0x81 len=0 type=BULK (in, awaiting data)
[2614] +93.066412 ASYNC-IN-DONE ep=0x81 len=0 status=2 actual=0
[2615] +93.066464 ASYNC-IN-SUBMIT ep=0x81 len=0 type=BULK (in, awaiting data)
[2616] +93.102963 ASYNC-OUT ep=0x01 len=16 type=BULK 
	0000  08 00 00 18 80 10 ed 03  00 7e 00 10 6f 1b 00 00 |.........~..o...|
[2617] +93.103187 ASYNC-OUT-DONE ep=0x01 len=0 status=0 actual=16
[2618] +93.145011 ASYNC-IN-DONE ep=0x81 len=16 status=0 actual=16
	0000  08 00 00 18 ed 03 80 10  00 7f 00 10 ac 0d 00 00 |................|
[2619] +93.145049 ASYNC-IN-SUBMIT ep=0x81 len=0 type=BULK (in, awaiting data)
[2620] +93.257842 ASYNC-IN-DONE ep=0x81 len=0 status=2 actual=0
[2621] +93.257945 ASYNC-IN-SUBMIT ep=0x81 len=0 type=BULK (in, awaiting data)
[2622] +93.346203 ASYNC-IN-DONE ep=0x81 len=16 status=0 actual=16
	0000  08 00 00 18 f0 03 02 10  00 61 00 10 09 02 00 00 |.........a......|
[2623] +93.346346 ASYNC-IN-SUBMIT ep=0x81 len=0 type=BULK (in, awaiting data)
[2624] +93.459125 ASYNC-IN-DONE ep=0x81 len=0 status=2 actual=0
[2625] +93.459177 ASYNC-IN-SUBMIT ep=0x81 len=0 type=BULK (in, awaiting data)
[2626] +93.467095 ASYNC-OUT ep=0x01 len=16 type=BULK 
	0000  08 00 00 18 02 10 f0 03  00 5c 00 10 b7 10 00 00 |.........\......|
[2627] +93.467253 ASYNC-OUT-DONE ep=0x01 len=0 status=0 actual=16
[2628] +93.567703 ASYNC-IN-DONE ep=0x81 len=0 status=2 actual=0
[2629] +93.567850 ASYNC-IN-SUBMIT ep=0x81 len=0 type=BULK (in, awaiting data)
[2630] +93.623322 ASYNC-OUT ep=0x01 len=16 type=BULK 
	0000  08 00 00 18 01 10 ef 03  00 6c 00 10 93 1e 00 00 |.........l......|
[2631] +93.623580 ASYNC-OUT-DONE ep=0x01 len=0 status=0 actual=16
[2632] +93.680722 ASYNC-IN-DONE ep=0x81 len=0 status=2 actual=0
[2633] +93.680792 ASYNC-IN-SUBMIT ep=0x81 len=0 type=BULK (in, awaiting data)
[2634] +93.747201 ASYNC-IN-DONE ep=0x81 len=16 status=0 actual=16
	0000  08 00 00 18 ef 03 01 10  00 70 00 10 65 02 00 00 |.........p..e...|
[2635] +93.747361 ASYNC-IN-SUBMIT ep=0x81 len=0 type=BULK (in, awaiting data)
[2636] +93.857721 ASYNC-IN-DONE ep=0x81 len=0 status=2 actual=0
[2637] +93.857807 ASYNC-IN-SUBMIT ep=0x81 len=0 type=BULK (in, awaiting data)
[2638] +93.964591 ASYNC-IN-DONE ep=0x81 len=0 status=2 actual=0
[2639] +93.964687 ASYNC-IN-SUBMIT ep=0x81 len=0 type=BULK (in, awaiting data)
[2640] +94.075409 ASYNC-IN-DONE ep=0x81 len=0 status=2 actual=0
[2641] +94.075482 ASYNC-IN-SUBMIT ep=0x81 len=0 type=BULK (in, awaiting data)
[2642] +94.142982 ASYNC-OUT ep=0x01 len=16 type=BULK 
	0000  08 00 00 18 80 10 ed 03  00 7f 00 10 6f 1b 00 00 |............o...|
[2643] +94.143341 ASYNC-OUT-DONE ep=0x01 len=0 status=0 actual=16
[2644] +94.148312 ASYNC-IN-DONE ep=0x81 len=16 status=0 actual=16
	0000  08 00 00 18 ed 03 80 10  00 80 00 10 ac 0d 00 00 |................|
[2645] +94.148373 ASYNC-IN-SUBMIT ep=0x81 len=0 type=BULK (in, awaiting data)
[2646] +94.261164 ASYNC-IN-DONE ep=0x81 len=0 status=2 actual=0
[2647] +94.261264 ASYNC-IN-SUBMIT ep=0x81 len=0 type=BULK (in, awaiting data)
[2648] +94.349171 ASYNC-IN-DONE ep=0x81 len=16 status=0 actual=16
	0000  08 00 00 18 f0 03 02 10  00 62 00 10 09 02 00 00 |.........b......|
[2649] +94.349279 ASYNC-IN-SUBMIT ep=0x81 len=0 type=BULK (in, awaiting data)
[2650] +94.455098 ASYNC-IN-DONE ep=0x81 len=0 status=2 actual=0
[2651] +94.455197 ASYNC-IN-SUBMIT ep=0x81 len=0 type=BULK (in, awaiting data)
[2652] +94.506991 ASYNC-OUT ep=0x01 len=16 type=BULK 
	0000  08 00 00 18 02 10 f0 03  00 5d 00 10 b7 10 00 00 |.........]......|
[2653] +94.507321 ASYNC-OUT-DONE ep=0x01 len=0 status=0 actual=16
[2654] +94.563473 ASYNC-IN-DONE ep=0x81 len=0 status=2 actual=0
[2655] +94.563542 ASYNC-IN-SUBMIT ep=0x81 len=0 type=BULK (in, awaiting data)
[2656] +94.663150 ASYNC-OUT ep=0x01 len=16 type=BULK 
	0000  08 00 00 18 01 10 ef 03  00 6d 00 10 93 1e 00 00 |.........m......|
[2657] +94.663490 ASYNC-OUT-DONE ep=0x01 len=0 status=0 actual=16
[2658] +94.665662 ASYNC-IN-DONE ep=0x81 len=0 status=2 actual=0
[2659] +94.665699 ASYNC-IN-SUBMIT ep=0x81 len=0 type=BULK (in, awaiting data)
[2660] +94.750621 ASYNC-IN-DONE ep=0x81 len=16 status=0 actual=16
	0000  08 00 00 18 ef 03 01 10  00 71 00 10 65 02 00 00 |.........q..e...|
[2661] +94.750714 ASYNC-IN-SUBMIT ep=0x81 len=0 type=BULK (in, awaiting data)
[2662] +94.861879 ASYNC-IN-DONE ep=0x81 len=0 status=2 actual=0
[2663] +94.861957 ASYNC-IN-SUBMIT ep=0x81 len=0 type=BULK (in, awaiting data)
[2664] +94.966613 ASYNC-IN-DONE ep=0x81 len=0 status=2 actual=0
[2665] +94.966706 ASYNC-IN-SUBMIT ep=0x81 len=0 type=BULK (in, awaiting data)
[2666] +95.069449 ASYNC-IN-DONE ep=0x81 len=0 status=2 actual=0
[2667] +95.069548 ASYNC-IN-SUBMIT ep=0x81 len=0 type=BULK (in, awaiting data)
[2668] +95.151991 ASYNC-IN-DONE ep=0x81 len=16 status=0 actual=16
	0000  08 00 00 18 ed 03 80 10  00 81 00 10 ac 0d 00 00 |................|
[2669] +95.152109 ASYNC-IN-SUBMIT ep=0x81 len=0 type=BULK (in, awaiting data)
[2670] +95.183313 ASYNC-OUT ep=0x01 len=16 type=BULK 
	0000  08 00 00 18 80 10 ed 03  00 80 00 10 6f 1b 00 00 |............o...|
[2671] +95.183539 ASYNC-OUT-DONE ep=0x01 len=0 status=0 actual=16
[2672] +95.264867 ASYNC-IN-DONE ep=0x81 len=0 status=2 actual=0
[2673] +95.264937 ASYNC-IN-SUBMIT ep=0x81 len=0 type=BULK (in, awaiting data)
[2674] +95.352787 ASYNC-IN-DONE ep=0x81 len=16 status=0 actual=16
	0000  08 00 00 18 f0 03 02 10  00 63 00 10 09 02 00 00 |.........c......|
[2675] +95.352870 ASYNC-IN-SUBMIT ep=0x81 len=0 type=BULK (in, awaiting data)
[2676] +95.461889 ASYNC-IN-DONE ep=0x81 len=0 status=2 actual=0
[2677] +95.461969 ASYNC-IN-SUBMIT ep=0x81 len=0 type=BULK (in, awaiting data)
[2678] +95.546100 ASYNC-OUT ep=0x01 len=16 type=BULK 
	0000  08 00 00 18 02 10 f0 03  00 5e 00 10 b7 10 00 00 |.........^......|
[2679] +95.546438 ASYNC-OUT-DONE ep=0x01 len=0 status=0 actual=16
[2680] +95.563787 ASYNC-IN-DONE ep=0x81 len=0 status=2 actual=0
[2681] +95.563843 ASYNC-IN-SUBMIT ep=0x81 len=0 type=BULK (in, awaiting data)
[2682] +95.675471 ASYNC-IN-DONE ep=0x81 len=0 status=2 actual=0
[2683] +95.675543 ASYNC-IN-SUBMIT ep=0x81 len=0 type=BULK (in, awaiting data)
[2684] +95.701446 ASYNC-OUT ep=0x01 len=16 type=BULK 
	0000  08 00 00 18 01 10 ef 03  00 6e 00 10 93 1e 00 00 |.........n......|
[2685] +95.701712 ASYNC-OUT-DONE ep=0x01 len=0 status=0 actual=16
[2686] +95.753893 ASYNC-IN-DONE ep=0x81 len=16 status=0 actual=16
	0000  08 00 00 18 ef 03 01 10  00 72 00 10 65 02 00 00 |.........r..e...|
[2687] +95.753988 ASYNC-IN-SUBMIT ep=0x81 len=0 type=BULK (in, awaiting data)
[2688] +95.866779 ASYNC-IN-DONE ep=0x81 len=0 status=2 actual=0
[2689] +95.866874 ASYNC-IN-SUBMIT ep=0x81 len=0 type=BULK (in, awaiting data)
[2690] +95.968616 ASYNC-IN-DONE ep=0x81 len=0 status=2 actual=0
[2691] +95.968702 ASYNC-IN-SUBMIT ep=0x81 len=0 type=BULK (in, awaiting data)
[2692] +96.077188 ASYNC-IN-DONE ep=0x81 len=0 status=2 actual=0
[2693] +96.077276 ASYNC-IN-SUBMIT ep=0x81 len=0 type=BULK (in, awaiting data)
[2694] +96.155269 ASYNC-IN-DONE ep=0x81 len=16 status=0 actual=16
	0000  08 00 00 18 ed 03 80 10  00 82 00 10 ac 0d 00 00 |................|
[2695] +96.155410 ASYNC-IN-SUBMIT ep=0x81 len=0 type=BULK (in, awaiting data)
[2696] +96.220943 ASYNC-OUT ep=0x01 len=16 type=BULK 
	0000  08 00 00 18 80 10 ed 03  00 81 00 10 6f 1b 00 00 |............o...|
[2697] +96.221196 ASYNC-OUT-DONE ep=0x01 len=0 status=0 actual=16
[2698] +96.268255 ASYNC-IN-DONE ep=0x81 len=0 status=2 actual=0
[2699] +96.268298 ASYNC-IN-SUBMIT ep=0x81 len=0 type=BULK (in, awaiting data)
[2700] +96.355692 ASYNC-IN-DONE ep=0x81 len=16 status=0 actual=16
	0000  08 00 00 18 f0 03 02 10  00 64 00 10 09 02 00 00 |.........d......|
[2701] +96.355814 ASYNC-IN-SUBMIT ep=0x81 len=0 type=BULK (in, awaiting data)
[2702] +96.460891 ASYNC-IN-DONE ep=0x81 len=0 status=2 actual=0
[2703] +96.461036 ASYNC-IN-SUBMIT ep=0x81 len=0 type=BULK (in, awaiting data)
[2704] +96.571537 ASYNC-IN-DONE ep=0x81 len=0 status=2 actual=0
[2705] +96.571636 ASYNC-IN-SUBMIT ep=0x81 len=0 type=BULK (in, awaiting data)
[2706] +96.585423 ASYNC-OUT ep=0x01 len=16 type=BULK 
	0000  08 00 00 18 02 10 f0 03  00 5f 00 10 b7 10 00 00 |........._......|
[2707] +96.585714 ASYNC-OUT-DONE ep=0x01 len=0 status=0 actual=16
[2708] +96.683042 ASYNC-IN-DONE ep=0x81 len=0 status=2 actual=0
[2709] +96.683140 ASYNC-IN-SUBMIT ep=0x81 len=0 type=BULK (in, awaiting data)
[2710] +96.741239 ASYNC-OUT ep=0x01 len=16 type=BULK 
	0000  08 00 00 18 01 10 ef 03  00 6f 00 10 93 1e 00 00 |.........o......|
[2711] +96.741479 ASYNC-OUT-DONE ep=0x01 len=0 status=0 actual=16
[2712] +96.757245 ASYNC-IN-DONE ep=0x81 len=16 status=0 actual=16
	0000  08 00 00 18 ef 03 01 10  00 73 00 10 65 02 00 00 |.........s..e...|
[2713] +96.757350 ASYNC-IN-SUBMIT ep=0x81 len=0 type=BULK (in, awaiting data)
[2714] +96.860817 ASYNC-IN-DONE ep=0x81 len=0 status=2 actual=0
[2715] +96.860985 ASYNC-IN-SUBMIT ep=0x81 len=0 type=BULK (in, awaiting data)
[2716] +96.970646 ASYNC-IN-DONE ep=0x81 len=0 status=2 actual=0
[2717] +96.970722 ASYNC-IN-SUBMIT ep=0x81 len=0 type=BULK (in, awaiting data)
[2718] +97.077793 ASYNC-IN-DONE ep=0x81 len=0 status=2 actual=0
[2719] +97.077867 ASYNC-IN-SUBMIT ep=0x81 len=0 type=BULK (in, awaiting data)
[2720] +97.158761 ASYNC-IN-DONE ep=0x81 len=16 status=0 actual=16
	0000  08 00 00 18 ed 03 80 10  00 83 00 10 ac 0d 00 00 |................|
[2721] +97.158861 ASYNC-IN-SUBMIT ep=0x81 len=0 type=BULK (in, awaiting data)
[2722] +97.259691 ASYNC-OUT ep=0x01 len=16 type=BULK 
	0000  08 00 00 18 80 10 ed 03  00 82 00 10 6f 1b 00 00 |............o...|
[2723] +97.260057 ASYNC-OUT-DONE ep=0x01 len=0 status=0 actual=16
[2724] +97.271625 ASYNC-IN-DONE ep=0x81 len=0 status=2 actual=0
[2725] +97.271687 ASYNC-IN-SUBMIT ep=0x81 len=0 type=BULK (in, awaiting data)
[2726] +97.359283 ASYNC-IN-DONE ep=0x81 len=16 status=0 actual=16
	0000  08 00 00 18 f0 03 02 10  00 65 00 10 09 02 00 00 |.........e......|
[2727] +97.359430 ASYNC-IN-SUBMIT ep=0x81 len=0 type=BULK (in, awaiting data)
[2728] +97.471730 ASYNC-IN-DONE ep=0x81 len=0 status=2 actual=0
[2729] +97.471817 ASYNC-IN-SUBMIT ep=0x81 len=0 type=BULK (in, awaiting data)
[2730] +97.579577 ASYNC-IN-DONE ep=0x81 len=0 status=2 actual=0
[2731] +97.579673 ASYNC-IN-SUBMIT ep=0x81 len=0 type=BULK (in, awaiting data)
[2732] +97.623109 ASYNC-OUT ep=0x01 len=16 type=BULK 
	0000  08 00 00 18 02 10 f0 03  00 60 00 10 b7 10 00 00 |.........`......|
[2733] +97.623403 ASYNC-OUT-DONE ep=0x01 len=0 status=0 actual=16
[2734] +97.685929 ASYNC-IN-DONE ep=0x81 len=0 status=2 actual=0
[2735] +97.686004 ASYNC-IN-SUBMIT ep=0x81 len=0 type=BULK (in, awaiting data)
[2736] +97.760767 ASYNC-IN-DONE ep=0x81 len=16 status=0 actual=16
	0000  08 00 00 18 ef 03 01 10  00 74 00 10 65 02 00 00 |.........t..e...|
[2737] +97.760909 ASYNC-IN-SUBMIT ep=0x81 len=0 type=BULK (in, awaiting data)
[2738] +97.778699 ASYNC-OUT ep=0x01 len=16 type=BULK 
	0000  08 00 00 18 01 10 ef 03  00 70 00 10 93 1e 00 00 |.........p......|
[2739] +97.779014 ASYNC-OUT-DONE ep=0x01 len=0 status=0 actual=16
[2740] +97.869666 ASYNC-IN-DONE ep=0x81 len=0 status=2 actual=0
[2741] +97.869754 ASYNC-IN-SUBMIT ep=0x81 len=0 type=BULK (in, awaiting data)
[2742] +97.971905 ASYNC-IN-DONE ep=0x81 len=0 status=2 actual=0
[2743] +97.971955 ASYNC-IN-SUBMIT ep=0x81 len=0 type=BULK (in, awaiting data)
### MARK CC-open
[2744] +98.078843 ASYNC-IN-DONE ep=0x81 len=0 status=2 actual=0
[2745] +98.078858 ASYNC-IN-SUBMIT ep=0x81 len=0 type=BULK (in, awaiting data)
[2746] +98.162388 ASYNC-IN-DONE ep=0x81 len=16 status=0 actual=16
	0000  08 00 00 18 ed 03 80 10  00 84 00 10 ac 0d 00 00 |................|
[2747] +98.162424 ASYNC-IN-SUBMIT ep=0x81 len=0 type=BULK (in, awaiting data)
[2748] +98.265823 ASYNC-IN-DONE ep=0x81 len=0 status=2 actual=0
[2749] +98.265848 ASYNC-IN-SUBMIT ep=0x81 len=0 type=BULK (in, awaiting data)
[2750] +98.299187 ASYNC-OUT ep=0x01 len=16 type=BULK 
	0000  08 00 00 18 80 10 ed 03  00 83 00 10 6f 1b 00 00 |............o...|
[2751] +98.299389 ASYNC-OUT-DONE ep=0x01 len=0 status=0 actual=16
[2752] +98.363066 ASYNC-IN-DONE ep=0x81 len=16 status=0 actual=16
	0000  08 00 00 18 f0 03 02 10  00 66 00 10 09 02 00 00 |.........f......|
[2753] +98.363159 ASYNC-IN-SUBMIT ep=0x81 len=0 type=BULK (in, awaiting data)
[2754] +98.472761 ASYNC-IN-DONE ep=0x81 len=0 status=2 actual=0
[2755] +98.472846 ASYNC-IN-SUBMIT ep=0x81 len=0 type=BULK (in, awaiting data)
[2756] +98.585685 ASYNC-IN-DONE ep=0x81 len=0 status=2 actual=0
[2757] +98.585789 ASYNC-IN-SUBMIT ep=0x81 len=0 type=BULK (in, awaiting data)
[2758] +98.662662 ASYNC-OUT ep=0x01 len=16 type=BULK 
	0000  08 00 00 18 02 10 f0 03  00 61 00 10 b7 10 00 00 |.........a......|
[2759] +98.662998 ASYNC-OUT-DONE ep=0x01 len=0 status=0 actual=16
[2760] +98.692624 ASYNC-IN-DONE ep=0x81 len=0 status=2 actual=0
[2761] +98.692691 ASYNC-IN-SUBMIT ep=0x81 len=0 type=BULK (in, awaiting data)
[2762] +98.764376 ASYNC-IN-DONE ep=0x81 len=16 status=0 actual=16
	0000  08 00 00 18 ef 03 01 10  00 75 00 10 65 02 00 00 |.........u..e...|
[2763] +98.764522 ASYNC-IN-SUBMIT ep=0x81 len=0 type=BULK (in, awaiting data)
[2764] +98.818807 ASYNC-OUT ep=0x01 len=16 type=BULK 
	0000  08 00 00 18 01 10 ef 03  00 71 00 10 93 1e 00 00 |.........q......|
[2765] +98.819133 ASYNC-OUT-DONE ep=0x01 len=0 status=0 actual=16
[2766] +98.873550 ASYNC-IN-DONE ep=0x81 len=0 status=2 actual=0
[2767] +98.873651 ASYNC-IN-SUBMIT ep=0x81 len=0 type=BULK (in, awaiting data)
[2768] +98.975096 ASYNC-IN-DONE ep=0x81 len=0 status=2 actual=0
[2769] +98.975196 ASYNC-IN-SUBMIT ep=0x81 len=0 type=BULK (in, awaiting data)
[2770] +99.088046 ASYNC-IN-DONE ep=0x81 len=0 status=2 actual=0
[2771] +99.088134 ASYNC-IN-SUBMIT ep=0x81 len=0 type=BULK (in, awaiting data)
[2772] +99.165263 ASYNC-IN-DONE ep=0x81 len=16 status=0 actual=16
	0000  08 00 00 18 ed 03 80 10  00 85 00 10 ac 0d 00 00 |................|
[2773] +99.165335 ASYNC-IN-SUBMIT ep=0x81 len=0 type=BULK (in, awaiting data)
[2774] +99.265873 ASYNC-IN-DONE ep=0x81 len=0 status=2 actual=0
[2775] +99.265948 ASYNC-IN-SUBMIT ep=0x81 len=0 type=BULK (in, awaiting data)
[2776] +99.339334 ASYNC-OUT ep=0x01 len=16 type=BULK 
	0000  08 00 00 18 80 10 ed 03  00 84 00 10 6f 1b 00 00 |............o...|
[2777] +99.339680 ASYNC-OUT-DONE ep=0x01 len=0 status=0 actual=16
[2778] +99.365744 ASYNC-IN-DONE ep=0x81 len=16 status=0 actual=16
	0000  08 00 00 18 f0 03 02 10  00 67 00 10 09 02 00 00 |.........g......|
[2779] +99.365872 ASYNC-IN-SUBMIT ep=0x81 len=0 type=BULK (in, awaiting data)
[2780] +99.474528 ASYNC-IN-DONE ep=0x81 len=0 status=2 actual=0
[2781] +99.474608 ASYNC-IN-SUBMIT ep=0x81 len=0 type=BULK (in, awaiting data)
[2782] +99.586867 ASYNC-IN-DONE ep=0x81 len=0 status=2 actual=0
[2783] +99.586957 ASYNC-IN-SUBMIT ep=0x81 len=0 type=BULK (in, awaiting data)
[2784] +99.696490 ASYNC-IN-DONE ep=0x81 len=0 status=2 actual=0
[2785] +99.696593 ASYNC-IN-SUBMIT ep=0x81 len=0 type=BULK (in, awaiting data)
[2786] +99.703311 ASYNC-OUT ep=0x01 len=16 type=BULK 
	0000  08 00 00 18 02 10 f0 03  00 62 00 10 b7 10 00 00 |.........b......|
[2787] +99.703548 ASYNC-OUT-DONE ep=0x01 len=0 status=0 actual=16
[2788] +99.767417 ASYNC-IN-DONE ep=0x81 len=16 status=0 actual=16
	0000  08 00 00 18 ef 03 01 10  00 76 00 10 65 02 00 00 |.........v..e...|
[2789] +99.767620 ASYNC-IN-SUBMIT ep=0x81 len=0 type=BULK (in, awaiting data)
[2790] +99.859423 ASYNC-OUT ep=0x01 len=16 type=BULK 
	0000  08 00 00 18 01 10 ef 03  00 72 00 10 93 1e 00 00 |.........r......|
[2791] +99.859754 ASYNC-OUT-DONE ep=0x01 len=0 status=0 actual=16
[2792] +99.878472 ASYNC-IN-DONE ep=0x81 len=0 status=2 actual=0
[2793] +99.878516 ASYNC-IN-SUBMIT ep=0x81 len=0 type=BULK (in, awaiting data)
[2794] +99.991044 ASYNC-IN-DONE ep=0x81 len=0 status=2 actual=0
[2795] +99.991146 ASYNC-IN-SUBMIT ep=0x81 len=0 type=BULK (in, awaiting data)
[2796] +100.103548 ASYNC-IN-DONE ep=0x81 len=0 status=2 actual=0
[2797] +100.103631 ASYNC-IN-SUBMIT ep=0x81 len=0 type=BULK (in, awaiting data)
[2798] +100.168759 ASYNC-IN-DONE ep=0x81 len=16 status=0 actual=16
	0000  08 00 00 18 ed 03 80 10  00 86 00 10 ac 0d 00 00 |................|
[2799] +100.168850 ASYNC-IN-SUBMIT ep=0x81 len=0 type=BULK (in, awaiting data)
[2800] +100.277283 ASYNC-IN-DONE ep=0x81 len=0 status=2 actual=0
[2801] +100.277385 ASYNC-IN-SUBMIT ep=0x81 len=0 type=BULK (in, awaiting data)
[2802] +100.369141 ASYNC-IN-DONE ep=0x81 len=16 status=0 actual=16
	0000  08 00 00 18 f0 03 02 10  00 68 00 10 09 02 00 00 |.........h......|
[2803] +100.369247 ASYNC-IN-SUBMIT ep=0x81 len=0 type=BULK (in, awaiting data)
[2804] +100.378366 ASYNC-OUT ep=0x01 len=16 type=BULK 
	0000  08 00 00 18 80 10 ed 03  00 85 00 10 6f 1b 00 00 |............o...|
[2805] +100.378532 ASYNC-OUT-DONE ep=0x01 len=0 status=0 actual=16
[2806] +100.476555 ASYNC-IN-DONE ep=0x81 len=0 status=2 actual=0
[2807] +100.476641 ASYNC-IN-SUBMIT ep=0x81 len=0 type=BULK (in, awaiting data)
[2808] +100.589353 ASYNC-IN-DONE ep=0x81 len=0 status=2 actual=0
[2809] +100.589395 ASYNC-IN-SUBMIT ep=0x81 len=0 type=BULK (in, awaiting data)
[2810] +100.702280 ASYNC-IN-DONE ep=0x81 len=0 status=2 actual=0
[2811] +100.702367 ASYNC-IN-SUBMIT ep=0x81 len=0 type=BULK (in, awaiting data)
[2812] +100.742801 ASYNC-OUT ep=0x01 len=16 type=BULK 
	0000  08 00 00 18 02 10 f0 03  00 63 00 10 b7 10 00 00 |.........c......|
[2813] +100.743167 ASYNC-OUT-DONE ep=0x01 len=0 status=0 actual=16
[2814] +100.770426 ASYNC-IN-DONE ep=0x81 len=16 status=0 actual=16
	0000  08 00 00 18 ef 03 01 10  00 77 00 10 65 02 00 00 |.........w..e...|
[2815] +100.770565 ASYNC-IN-SUBMIT ep=0x81 len=0 type=BULK (in, awaiting data)
[2816] +100.872296 ASYNC-IN-DONE ep=0x81 len=0 status=2 actual=0
[2817] +100.872382 ASYNC-IN-SUBMIT ep=0x81 len=0 type=BULK (in, awaiting data)
[2818] +100.898146 ASYNC-OUT ep=0x01 len=16 type=BULK 
	0000  08 00 00 18 01 10 ef 03  00 73 00 10 93 1e 00 00 |.........s......|
[2819] +100.898474 ASYNC-OUT-DONE ep=0x01 len=0 status=0 actual=16
[2820] +100.977561 ASYNC-IN-DONE ep=0x81 len=0 status=2 actual=0
[2821] +100.977624 ASYNC-IN-SUBMIT ep=0x81 len=0 type=BULK (in, awaiting data)
[2822] +101.080491 ASYNC-IN-DONE ep=0x81 len=0 status=2 actual=0
[2823] +101.080537 ASYNC-IN-SUBMIT ep=0x81 len=0 type=BULK (in, awaiting data)
[2824] +101.171790 ASYNC-IN-DONE ep=0x81 len=16 status=0 actual=16
	0000  08 00 00 18 ed 03 80 10  00 87 00 10 ac 0d 00 00 |................|
[2825] +101.171905 ASYNC-IN-SUBMIT ep=0x81 len=0 type=BULK (in, awaiting data)
[2826] +101.284614 ASYNC-IN-DONE ep=0x81 len=0 status=2 actual=0
[2827] +101.284637 ASYNC-IN-SUBMIT ep=0x81 len=0 type=BULK (in, awaiting data)
[2828] +101.372372 ASYNC-IN-DONE ep=0x81 len=16 status=0 actual=16
	0000  08 00 00 18 f0 03 02 10  00 69 00 10 09 02 00 00 |.........i......|
[2829] +101.372412 ASYNC-IN-SUBMIT ep=0x81 len=0 type=BULK (in, awaiting data)
[2830] +101.417787 ASYNC-OUT ep=0x01 len=16 type=BULK 
	0000  08 00 00 18 80 10 ed 03  00 86 00 10 6f 1b 00 00 |............o...|
[2831] +101.417962 ASYNC-OUT-DONE ep=0x01 len=0 status=0 actual=16
[2832] +101.477575 ASYNC-IN-DONE ep=0x81 len=0 status=2 actual=0
[2833] +101.477595 ASYNC-IN-SUBMIT ep=0x81 len=0 type=BULK (in, awaiting data)
[2834] +101.585857 ASYNC-IN-DONE ep=0x81 len=0 status=2 actual=0
[2835] +101.585887 ASYNC-IN-SUBMIT ep=0x81 len=0 type=BULK (in, awaiting data)
[2836] +101.698666 ASYNC-IN-DONE ep=0x81 len=0 status=2 actual=0
[2837] +101.698683 ASYNC-IN-SUBMIT ep=0x81 len=0 type=BULK (in, awaiting data)
[2838] +101.773625 ASYNC-IN-DONE ep=0x81 len=16 status=0 actual=16
	0000  08 00 00 18 ef 03 01 10  00 78 00 10 65 02 00 00 |.........x..e...|
[2839] +101.773687 ASYNC-IN-SUBMIT ep=0x81 len=0 type=BULK (in, awaiting data)
[2840] +101.781891 ASYNC-OUT ep=0x01 len=16 type=BULK 
	0000  08 00 00 18 02 10 f0 03  00 64 00 10 b7 10 00 00 |.........d......|
[2841] +101.782204 ASYNC-OUT-DONE ep=0x01 len=0 status=0 actual=16
[2842] +101.874841 ASYNC-IN-DONE ep=0x81 len=0 status=2 actual=0
[2843] +101.874931 ASYNC-IN-SUBMIT ep=0x81 len=0 type=BULK (in, awaiting data)
[2844] +101.935354 ASYNC-OUT ep=0x01 len=16 type=BULK 
	0000  08 00 00 18 01 10 ef 03  00 74 00 10 93 1e 00 00 |.........t......|
[2845] +101.935856 ASYNC-OUT-DONE ep=0x01 len=0 status=0 actual=16
[2846] +101.978536 ASYNC-IN-DONE ep=0x81 len=0 status=2 actual=0
[2847] +101.978621 ASYNC-IN-SUBMIT ep=0x81 len=0 type=BULK (in, awaiting data)
[2848] +102.091147 ASYNC-IN-DONE ep=0x81 len=0 status=2 actual=0
[2849] +102.091224 ASYNC-IN-SUBMIT ep=0x81 len=0 type=BULK (in, awaiting data)
[2850] +102.175379 ASYNC-IN-DONE ep=0x81 len=16 status=0 actual=16
	0000  08 00 00 18 ed 03 80 10  00 88 00 10 ac 0d 00 00 |................|
[2851] +102.175630 ASYNC-IN-SUBMIT ep=0x81 len=0 type=BULK (in, awaiting data)
[2852] +102.288186 ASYNC-IN-DONE ep=0x81 len=0 status=2 actual=0
[2853] +102.288283 ASYNC-IN-SUBMIT ep=0x81 len=0 type=BULK (in, awaiting data)
[2854] +102.375762 ASYNC-IN-DONE ep=0x81 len=16 status=0 actual=16
	0000  08 00 00 18 f0 03 02 10  00 6a 00 10 09 02 00 00 |.........j......|
[2855] +102.375917 ASYNC-IN-SUBMIT ep=0x81 len=0 type=BULK (in, awaiting data)
[2856] +102.453677 ASYNC-OUT ep=0x01 len=16 type=BULK 
	0000  08 00 00 18 80 10 ed 03  00 87 00 10 6f 1b 00 00 |............o...|
[2857] +102.453968 ASYNC-OUT-DONE ep=0x01 len=0 status=0 actual=16
[2858] +102.479490 ASYNC-IN-DONE ep=0x81 len=0 status=2 actual=0
[2859] +102.479562 ASYNC-IN-SUBMIT ep=0x81 len=0 type=BULK (in, awaiting data)
[2860] +102.583706 ASYNC-IN-DONE ep=0x81 len=0 status=2 actual=0
[2861] +102.583796 ASYNC-IN-SUBMIT ep=0x81 len=0 type=BULK (in, awaiting data)
[2862] +102.691002 ASYNC-IN-DONE ep=0x81 len=0 status=2 actual=0
[2863] +102.691090 ASYNC-IN-SUBMIT ep=0x81 len=0 type=BULK (in, awaiting data)
[2864] +102.776985 ASYNC-IN-DONE ep=0x81 len=16 status=0 actual=16
	0000  08 00 00 18 ef 03 01 10  00 79 00 10 65 02 00 00 |.........y..e...|
[2865] +102.777075 ASYNC-IN-SUBMIT ep=0x81 len=0 type=BULK (in, awaiting data)
[2866] +102.817729 ASYNC-OUT ep=0x01 len=16 type=BULK 
	0000  08 00 00 18 02 10 f0 03  00 65 00 10 b7 10 00 00 |.........e......|
[2867] +102.818075 ASYNC-OUT-DONE ep=0x01 len=0 status=0 actual=16
[2868] +102.885893 ASYNC-IN-DONE ep=0x81 len=0 status=2 actual=0
[2869] +102.886050 ASYNC-IN-SUBMIT ep=0x81 len=0 type=BULK (in, awaiting data)
[2870] +102.973904 ASYNC-OUT ep=0x01 len=16 type=BULK 
	0000  08 00 00 18 01 10 ef 03  00 75 00 10 93 1e 00 00 |.........u......|
[2871] +102.974511 ASYNC-OUT-DONE ep=0x01 len=0 status=0 actual=16
[2872] +102.998899 ASYNC-IN-DONE ep=0x81 len=0 status=2 actual=0
[2873] +102.998989 ASYNC-IN-SUBMIT ep=0x81 len=0 type=BULK (in, awaiting data)
[2874] +103.102596 ASYNC-IN-DONE ep=0x81 len=0 status=2 actual=0
[2875] +103.102752 ASYNC-IN-SUBMIT ep=0x81 len=0 type=BULK (in, awaiting data)
[2876] +103.178773 ASYNC-IN-DONE ep=0x81 len=16 status=0 actual=16
	0000  08 00 00 18 ed 03 80 10  00 89 00 10 ac 0d 00 00 |................|
[2877] +103.178912 ASYNC-IN-SUBMIT ep=0x81 len=0 type=BULK (in, awaiting data)
[2878] +103.286240 ASYNC-IN-DONE ep=0x81 len=0 status=2 actual=0
[2879] +103.286339 ASYNC-IN-SUBMIT ep=0x81 len=0 type=BULK (in, awaiting data)
[2880] +103.379185 ASYNC-IN-DONE ep=0x81 len=16 status=0 actual=16
	0000  08 00 00 18 f0 03 02 10  00 6b 00 10 09 02 00 00 |.........k......|
[2881] +103.379331 ASYNC-IN-SUBMIT ep=0x81 len=0 type=BULK (in, awaiting data)
[2882] +103.481041 ASYNC-IN-DONE ep=0x81 len=0 status=2 actual=0
[2883] +103.481146 ASYNC-IN-SUBMIT ep=0x81 len=0 type=BULK (in, awaiting data)
[2884] +103.493854 ASYNC-OUT ep=0x01 len=16 type=BULK 
	0000  08 00 00 18 80 10 ed 03  00 88 00 10 6f 1b 00 00 |............o...|
[2885] +103.494130 ASYNC-OUT-DONE ep=0x01 len=0 status=0 actual=16
[2886] +103.591028 ASYNC-IN-DONE ep=0x81 len=0 status=2 actual=0
[2887] +103.591127 ASYNC-IN-SUBMIT ep=0x81 len=0 type=BULK (in, awaiting data)
[2888] +103.694569 ASYNC-IN-DONE ep=0x81 len=0 status=2 actual=0
[2889] +103.694664 ASYNC-IN-SUBMIT ep=0x81 len=0 type=BULK (in, awaiting data)
[2890] +103.780474 ASYNC-IN-DONE ep=0x81 len=16 status=0 actual=16
	0000  08 00 00 18 ef 03 01 10  00 7a 00 10 65 02 00 00 |.........z..e...|
[2891] +103.780612 ASYNC-IN-SUBMIT ep=0x81 len=0 type=BULK (in, awaiting data)
[2892] +103.857834 ASYNC-OUT ep=0x01 len=16 type=BULK 
	0000  08 00 00 18 02 10 f0 03  00 66 00 10 b7 10 00 00 |.........f......|
[2893] +103.858162 ASYNC-OUT-DONE ep=0x01 len=0 status=0 actual=16
[2894] +103.893449 ASYNC-IN-DONE ep=0x81 len=0 status=2 actual=0
[2895] +103.893545 ASYNC-IN-SUBMIT ep=0x81 len=0 type=BULK (in, awaiting data)
[2896] +104.003675 ASYNC-IN-DONE ep=0x81 len=0 status=2 actual=0
[2897] +104.003760 ASYNC-IN-SUBMIT ep=0x81 len=0 type=BULK (in, awaiting data)
[2898] +104.013971 ASYNC-OUT ep=0x01 len=16 type=BULK 
	0000  08 00 00 18 01 10 ef 03  00 76 00 10 93 1e 00 00 |.........v......|
[2899] +104.014219 ASYNC-OUT-DONE ep=0x01 len=0 status=0 actual=16
[2900] +104.109508 ASYNC-IN-DONE ep=0x81 len=0 status=2 actual=0
[2901] +104.109597 ASYNC-IN-SUBMIT ep=0x81 len=0 type=BULK (in, awaiting data)
[2902] +104.181670 ASYNC-IN-DONE ep=0x81 len=16 status=0 actual=16
	0000  08 00 00 18 ed 03 80 10  00 8a 00 10 ac 0d 00 00 |................|
[2903] +104.181769 ASYNC-IN-SUBMIT ep=0x81 len=0 type=BULK (in, awaiting data)
[2904] +104.290513 ASYNC-IN-DONE ep=0x81 len=0 status=2 actual=0
[2905] +104.290608 ASYNC-IN-SUBMIT ep=0x81 len=0 type=BULK (in, awaiting data)
[2906] +104.382755 ASYNC-IN-DONE ep=0x81 len=16 status=0 actual=16
	0000  08 00 00 18 f0 03 02 10  00 6c 00 10 09 02 00 00 |.........l......|
[2907] +104.382890 ASYNC-IN-SUBMIT ep=0x81 len=0 type=BULK (in, awaiting data)
[2908] +104.495211 ASYNC-IN-DONE ep=0x81 len=0 status=2 actual=0
[2909] +104.495329 ASYNC-IN-SUBMIT ep=0x81 len=0 type=BULK (in, awaiting data)
[2910] +104.532452 ASYNC-OUT ep=0x01 len=16 type=BULK 
	0000  08 00 00 18 80 10 ed 03  00 89 00 10 6f 1b 00 00 |............o...|
[2911] +104.532762 ASYNC-OUT-DONE ep=0x01 len=0 status=0 actual=16
[2912] +104.608046 ASYNC-IN-DONE ep=0x81 len=0 status=2 actual=0
[2913] +104.608139 ASYNC-IN-SUBMIT ep=0x81 len=0 type=BULK (in, awaiting data)
[2914] +104.708601 ASYNC-IN-DONE ep=0x81 len=0 status=2 actual=0
[2915] +104.708675 ASYNC-IN-SUBMIT ep=0x81 len=0 type=BULK (in, awaiting data)
[2916] +104.783762 ASYNC-IN-DONE ep=0x81 len=16 status=0 actual=16
	0000  08 00 00 18 ef 03 01 10  00 7b 00 10 65 02 00 00 |.........{..e...|
[2917] +104.783898 ASYNC-IN-SUBMIT ep=0x81 len=0 type=BULK (in, awaiting data)
[2918] +104.884489 ASYNC-IN-DONE ep=0x81 len=0 status=2 actual=0
[2919] +104.884577 ASYNC-IN-SUBMIT ep=0x81 len=0 type=BULK (in, awaiting data)
[2920] +104.895018 ASYNC-OUT ep=0x01 len=16 type=BULK 
	0000  08 00 00 18 02 10 f0 03  00 67 00 10 b7 10 00 00 |.........g......|
[2921] +104.895441 ASYNC-OUT-DONE ep=0x01 len=0 status=0 actual=16
[2922] +104.985237 ASYNC-IN-DONE ep=0x81 len=0 status=2 actual=0
[2923] +104.985321 ASYNC-IN-SUBMIT ep=0x81 len=0 type=BULK (in, awaiting data)
[2924] +105.051254 ASYNC-OUT ep=0x01 len=16 type=BULK 
	0000  08 00 00 18 01 10 ef 03  00 77 00 10 93 1e 00 00 |.........w......|
[2925] +105.051669 ASYNC-OUT-DONE ep=0x01 len=0 status=0 actual=16
[2926] +105.096053 ASYNC-IN-DONE ep=0x81 len=0 status=2 actual=0
[2927] +105.096169 ASYNC-IN-SUBMIT ep=0x81 len=0 type=BULK (in, awaiting data)
[2928] +105.185369 ASYNC-IN-DONE ep=0x81 len=16 status=0 actual=16
	0000  08 00 00 18 ed 03 80 10  00 8b 00 10 ac 0d 00 00 |................|
[2929] +105.185590 ASYNC-IN-SUBMIT ep=0x81 len=0 type=BULK (in, awaiting data)
[2930] +105.286767 ASYNC-IN-DONE ep=0x81 len=0 status=2 actual=0
[2931] +105.286851 ASYNC-IN-SUBMIT ep=0x81 len=0 type=BULK (in, awaiting data)
[2932] +105.385834 ASYNC-IN-DONE ep=0x81 len=16 status=0 actual=16
	0000  08 00 00 18 f0 03 02 10  00 6d 00 10 09 02 00 00 |.........m......|
[2933] +105.385962 ASYNC-IN-SUBMIT ep=0x81 len=0 type=BULK (in, awaiting data)
[2934] +105.498793 ASYNC-IN-DONE ep=0x81 len=0 status=2 actual=0
[2935] +105.498882 ASYNC-IN-SUBMIT ep=0x81 len=0 type=BULK (in, awaiting data)
[2936] +105.569900 ASYNC-OUT ep=0x01 len=16 type=BULK 
	0000  08 00 00 18 80 10 ed 03  00 8a 00 10 6f 1b 00 00 |............o...|
[2937] +105.570218 ASYNC-OUT-DONE ep=0x01 len=0 status=0 actual=16
[2938] +105.610500 ASYNC-IN-DONE ep=0x81 len=0 status=2 actual=0
[2939] +105.610584 ASYNC-IN-SUBMIT ep=0x81 len=0 type=BULK (in, awaiting data)
[2940] +105.721379 ASYNC-IN-DONE ep=0x81 len=0 status=2 actual=0
[2941] +105.721428 ASYNC-IN-SUBMIT ep=0x81 len=0 type=BULK (in, awaiting data)
[2942] +105.787831 ASYNC-IN-DONE ep=0x81 len=16 status=0 actual=16
	0000  08 00 00 18 ef 03 01 10  00 7c 00 10 65 02 00 00 |.........|..e...|
[2943] +105.787923 ASYNC-IN-SUBMIT ep=0x81 len=0 type=BULK (in, awaiting data)
[2944] +105.893448 ASYNC-IN-DONE ep=0x81 len=0 status=2 actual=0
[2945] +105.893483 ASYNC-IN-SUBMIT ep=0x81 len=0 type=BULK (in, awaiting data)
[2946] +105.932481 ASYNC-OUT ep=0x01 len=16 type=BULK 
	0000  08 00 00 18 02 10 f0 03  00 68 00 10 b7 10 00 00 |.........h......|
[2947] +105.932849 ASYNC-OUT-DONE ep=0x01 len=0 status=0 actual=16
[2948] +105.993744 ASYNC-IN-DONE ep=0x81 len=0 status=2 actual=0
[2949] +105.993767 ASYNC-IN-SUBMIT ep=0x81 len=0 type=BULK (in, awaiting data)
[2950] +106.086335 ASYNC-OUT ep=0x01 len=16 type=BULK 
	0000  08 00 00 18 01 10 ef 03  00 78 00 10 93 1e 00 00 |.........x......|
[2951] +106.086656 ASYNC-OUT-DONE ep=0x01 len=0 status=0 actual=16
[2952] +106.097990 ASYNC-IN-DONE ep=0x81 len=0 status=2 actual=0
[2953] +106.098037 ASYNC-IN-SUBMIT ep=0x81 len=0 type=BULK (in, awaiting data)
[2954] +106.189647 ASYNC-IN-DONE ep=0x81 len=16 status=0 actual=16
	0000  08 00 00 18 ed 03 80 10  00 8c 00 10 ac 0d 00 00 |................|
[2955] +106.189755 ASYNC-IN-SUBMIT ep=0x81 len=0 type=BULK (in, awaiting data)
[2956] +106.302478 ASYNC-IN-DONE ep=0x81 len=0 status=2 actual=0
[2957] +106.302580 ASYNC-IN-SUBMIT ep=0x81 len=0 type=BULK (in, awaiting data)
[2958] +106.390045 ASYNC-IN-DONE ep=0x81 len=16 status=0 actual=16
	0000  08 00 00 18 f0 03 02 10  00 6e 00 10 09 02 00 00 |.........n......|
[2959] +106.390180 ASYNC-IN-SUBMIT ep=0x81 len=0 type=BULK (in, awaiting data)
[2960] +106.494044 ASYNC-IN-DONE ep=0x81 len=0 status=2 actual=0
[2961] +106.494148 ASYNC-IN-SUBMIT ep=0x81 len=0 type=BULK (in, awaiting data)
[2962] +106.602274 ASYNC-IN-DONE ep=0x81 len=0 status=2 actual=0
[2963] +106.602347 ASYNC-IN-SUBMIT ep=0x81 len=0 type=BULK (in, awaiting data)
[2964] +106.604093 ASYNC-OUT ep=0x01 len=16 type=BULK 
	0000  08 00 00 18 80 10 ed 03  00 8b 00 10 6f 1b 00 00 |............o...|
[2965] +106.604275 ASYNC-OUT-DONE ep=0x01 len=0 status=0 actual=16
[2966] +106.709582 ASYNC-IN-DONE ep=0x81 len=0 status=2 actual=0
[2967] +106.709669 ASYNC-IN-SUBMIT ep=0x81 len=0 type=BULK (in, awaiting data)
[2968] +106.790558 ASYNC-IN-DONE ep=0x81 len=16 status=0 actual=16
	0000  08 00 00 18 ef 03 01 10  00 7d 00 10 65 02 00 00 |.........}..e...|
[2969] +106.790663 ASYNC-IN-SUBMIT ep=0x81 len=0 type=BULK (in, awaiting data)
[2970] +106.895781 ASYNC-IN-DONE ep=0x81 len=0 status=2 actual=0
[2971] +106.895864 ASYNC-IN-SUBMIT ep=0x81 len=0 type=BULK (in, awaiting data)
[2972] +106.966926 ASYNC-OUT ep=0x01 len=16 type=BULK 
	0000  08 00 00 18 02 10 f0 03  00 69 00 10 b7 10 00 00 |.........i......|
[2973] +106.967251 ASYNC-OUT-DONE ep=0x01 len=0 status=0 actual=16
[2974] +107.008614 ASYNC-IN-DONE ep=0x81 len=0 status=2 actual=0
[2975] +107.008695 ASYNC-IN-SUBMIT ep=0x81 len=0 type=BULK (in, awaiting data)
[2976] +107.120899 ASYNC-IN-DONE ep=0x81 len=0 status=2 actual=0
[2977] +107.120965 ASYNC-IN-SUBMIT ep=0x81 len=0 type=BULK (in, awaiting data)
[2978] +107.122391 ASYNC-OUT ep=0x01 len=16 type=BULK 
	0000  08 00 00 18 01 10 ef 03  00 79 00 10 93 1e 00 00 |.........y......|
[2979] +107.122544 ASYNC-OUT-DONE ep=0x01 len=0 status=0 actual=16
[2980] +107.191958 ASYNC-IN-DONE ep=0x81 len=16 status=0 actual=16
	0000  08 00 00 18 ed 03 80 10  00 8d 00 10 ac 0d 00 00 |................|
[2981] +107.192092 ASYNC-IN-SUBMIT ep=0x81 len=0 type=BULK (in, awaiting data)
[2982] +107.303532 ASYNC-IN-DONE ep=0x81 len=0 status=2 actual=0
[2983] +107.303630 ASYNC-IN-SUBMIT ep=0x81 len=0 type=BULK (in, awaiting data)
[2984] +107.392632 ASYNC-IN-DONE ep=0x81 len=16 status=0 actual=16
	0000  08 00 00 18 f0 03 02 10  00 6f 00 10 09 02 00 00 |.........o......|
[2985] +107.392749 ASYNC-IN-SUBMIT ep=0x81 len=0 type=BULK (in, awaiting data)
[2986] +107.505557 ASYNC-IN-DONE ep=0x81 len=0 status=2 actual=0
[2987] +107.505654 ASYNC-IN-SUBMIT ep=0x81 len=0 type=BULK (in, awaiting data)
[2988] +107.616022 ASYNC-IN-DONE ep=0x81 len=0 status=2 actual=0
[2989] +107.616120 ASYNC-IN-SUBMIT ep=0x81 len=0 type=BULK (in, awaiting data)
[2990] +107.641811 ASYNC-OUT ep=0x01 len=16 type=BULK 
	0000  08 00 00 18 80 10 ed 03  00 8c 00 10 6f 1b 00 00 |............o...|
[2991] +107.642085 ASYNC-OUT-DONE ep=0x01 len=0 status=0 actual=16
[2992] +107.719439 ASYNC-IN-DONE ep=0x81 len=0 status=2 actual=0
[2993] +107.719534 ASYNC-IN-SUBMIT ep=0x81 len=0 type=BULK (in, awaiting data)
[2994] +107.793833 ASYNC-IN-DONE ep=0x81 len=16 status=0 actual=16
	0000  08 00 00 18 ef 03 01 10  00 7e 00 10 65 02 00 00 |.........~..e...|
[2995] +107.793936 ASYNC-IN-SUBMIT ep=0x81 len=0 type=BULK (in, awaiting data)
[2996] +107.905250 ASYNC-IN-DONE ep=0x81 len=0 status=2 actual=0
[2997] +107.905320 ASYNC-IN-SUBMIT ep=0x81 len=0 type=BULK (in, awaiting data)
[2998] +108.004566 ASYNC-OUT ep=0x01 len=16 type=BULK 
	0000  08 00 00 18 02 10 f0 03  00 6a 00 10 b7 10 00 00 |.........j......|
[2999] +108.004922 ASYNC-OUT-DONE ep=0x01 len=0 status=0 actual=16
[3000] +108.008239 ASYNC-IN-DONE ep=0x81 len=0 status=2 actual=0
[3001] +108.008302 ASYNC-IN-SUBMIT ep=0x81 len=0 type=BULK (in, awaiting data)
[3002] +108.120231 ASYNC-IN-DONE ep=0x81 len=0 status=2 actual=0
[3003] +108.120303 ASYNC-IN-SUBMIT ep=0x81 len=0 type=BULK (in, awaiting data)
[3004] +108.160665 ASYNC-OUT ep=0x01 len=16 type=BULK 
	0000  08 00 00 18 01 10 ef 03  00 7a 00 10 93 1e 00 00 |.........z......|
[3005] +108.161001 ASYNC-OUT-DONE ep=0x01 len=0 status=0 actual=16
[3006] +108.194918 ASYNC-IN-DONE ep=0x81 len=16 status=0 actual=16
	0000  08 00 00 18 ed 03 80 10  00 8e 00 10 ac 0d 00 00 |................|
[3007] +108.195061 ASYNC-IN-SUBMIT ep=0x81 len=0 type=BULK (in, awaiting data)
[3008] +108.307682 ASYNC-IN-DONE ep=0x81 len=0 status=2 actual=0
[3009] +108.307787 ASYNC-IN-SUBMIT ep=0x81 len=0 type=BULK (in, awaiting data)
[3010] +108.395770 ASYNC-IN-DONE ep=0x81 len=16 status=0 actual=16
	0000  08 00 00 18 f0 03 02 10  00 70 00 10 09 02 00 00 |.........p......|
[3011] +108.395927 ASYNC-IN-SUBMIT ep=0x81 len=0 type=BULK (in, awaiting data)
[3012] +108.504750 ASYNC-IN-DONE ep=0x81 len=0 status=2 actual=0
[3013] +108.504828 ASYNC-IN-SUBMIT ep=0x81 len=0 type=BULK (in, awaiting data)
[3014] +108.616603 ASYNC-IN-DONE ep=0x81 len=0 status=2 actual=0
[3015] +108.616710 ASYNC-IN-SUBMIT ep=0x81 len=0 type=BULK (in, awaiting data)
[3016] +108.680198 ASYNC-OUT ep=0x01 len=16 type=BULK 
	0000  08 00 00 18 80 10 ed 03  00 8d 00 10 6f 1b 00 00 |............o...|
[3017] +108.680513 ASYNC-OUT-DONE ep=0x01 len=0 status=0 actual=16
[3018] +108.729507 ASYNC-IN-DONE ep=0x81 len=0 status=2 actual=0
[3019] +108.729596 ASYNC-IN-SUBMIT ep=0x81 len=0 type=BULK (in, awaiting data)
[3020] +108.796977 ASYNC-IN-DONE ep=0x81 len=16 status=0 actual=16
	0000  08 00 00 18 ef 03 01 10  00 7f 00 10 65 02 00 00 |............e...|
[3021] +108.797127 ASYNC-IN-SUBMIT ep=0x81 len=0 type=BULK (in, awaiting data)
[3022] +108.899632 ASYNC-IN-DONE ep=0x81 len=0 status=2 actual=0
[3023] +108.899665 ASYNC-IN-SUBMIT ep=0x81 len=0 type=BULK (in, awaiting data)
[3024] +109.012456 ASYNC-IN-DONE ep=0x81 len=0 status=2 actual=0
[3025] +109.012540 ASYNC-IN-SUBMIT ep=0x81 len=0 type=BULK (in, awaiting data)
[3026] +109.044066 ASYNC-OUT ep=0x01 len=16 type=BULK 
	0000  08 00 00 18 02 10 f0 03  00 6b 00 10 b7 10 00 00 |.........k......|
[3027] +109.044419 ASYNC-OUT-DONE ep=0x01 len=0 status=0 actual=16
[3028] +109.125346 ASYNC-IN-DONE ep=0x81 len=0 status=2 actual=0
[3029] +109.125439 ASYNC-IN-SUBMIT ep=0x81 len=0 type=BULK (in, awaiting data)
[3030] +109.198925 ASYNC-IN-DONE ep=0x81 len=16 status=0 actual=16
	0000  08 00 00 18 ed 03 80 10  00 8f 00 10 ac 0d 00 00 |................|
[3031] +109.199037 ASYNC-IN-SUBMIT ep=0x81 len=0 type=BULK (in, awaiting data)
[3032] +109.200129 ASYNC-OUT ep=0x01 len=16 type=BULK 
	0000  08 00 00 18 01 10 ef 03  00 7b 00 10 93 1e 00 00 |.........{......|
[3033] +109.200363 ASYNC-OUT-DONE ep=0x01 len=0 status=0 actual=16
[3034] +109.302788 ASYNC-IN-DONE ep=0x81 len=0 status=2 actual=0
[3035] +109.302881 ASYNC-IN-SUBMIT ep=0x81 len=0 type=BULK (in, awaiting data)
[3036] +109.399292 ASYNC-IN-DONE ep=0x81 len=16 status=0 actual=16
	0000  08 00 00 18 f0 03 02 10  00 71 00 10 09 02 00 00 |.........q......|
[3037] +109.399412 ASYNC-IN-SUBMIT ep=0x81 len=0 type=BULK (in, awaiting data)
[3038] +109.503898 ASYNC-IN-DONE ep=0x81 len=0 status=2 actual=0
[3039] +109.503970 ASYNC-IN-SUBMIT ep=0x81 len=0 type=BULK (in, awaiting data)
[3040] +109.609379 ASYNC-IN-DONE ep=0x81 len=0 status=2 actual=0
[3041] +109.609476 ASYNC-IN-SUBMIT ep=0x81 len=0 type=BULK (in, awaiting data)
[3042] +109.719298 ASYNC-OUT ep=0x01 len=16 type=BULK 
	0000  08 00 00 18 80 10 ed 03  00 8e 00 10 6f 1b 00 00 |............o...|
[3043] +109.719450 ASYNC-IN-DONE ep=0x81 len=0 status=2 actual=0
[3044] +109.719483 ASYNC-IN-SUBMIT ep=0x81 len=0 type=BULK (in, awaiting data)
[3045] +109.719587 ASYNC-OUT-DONE ep=0x01 len=0 status=0 actual=16
[3046] +109.800935 ASYNC-IN-DONE ep=0x81 len=16 status=0 actual=16
	0000  08 00 00 18 ef 03 01 10  00 80 00 10 65 02 00 00 |............e...|
[3047] +109.801068 ASYNC-IN-SUBMIT ep=0x81 len=0 type=BULK (in, awaiting data)
[3048] +109.905918 ASYNC-IN-DONE ep=0x81 len=0 status=2 actual=0
[3049] +109.906030 ASYNC-IN-SUBMIT ep=0x81 len=0 type=BULK (in, awaiting data)
[3050] +110.011017 ASYNC-IN-DONE ep=0x81 len=0 status=2 actual=0
[3051] +110.011110 ASYNC-IN-SUBMIT ep=0x81 len=0 type=BULK (in, awaiting data)
[3052] +110.082899 ASYNC-OUT ep=0x01 len=16 type=BULK 
	0000  08 00 00 18 02 10 f0 03  00 6c 00 10 b7 10 00 00 |.........l......|
[3053] +110.083274 ASYNC-OUT-DONE ep=0x01 len=0 status=0 actual=16
[3054] +110.118511 ASYNC-IN-DONE ep=0x81 len=0 status=2 actual=0
[3055] +110.118600 ASYNC-IN-SUBMIT ep=0x81 len=0 type=BULK (in, awaiting data)
[3056] +110.201724 ASYNC-IN-DONE ep=0x81 len=16 status=0 actual=16
	0000  08 00 00 18 ed 03 80 10  00 90 00 10 ac 0d 00 00 |................|
[3057] +110.201843 ASYNC-IN-SUBMIT ep=0x81 len=0 type=BULK (in, awaiting data)
[3058] +110.238977 ASYNC-OUT ep=0x01 len=16 type=BULK 
	0000  08 00 00 18 01 10 ef 03  00 7c 00 10 93 1e 00 00 |.........|......|
[3059] +110.239305 ASYNC-OUT-DONE ep=0x01 len=0 status=0 actual=16
[3060] +110.302401 ASYNC-IN-DONE ep=0x81 len=0 status=2 actual=0
[3061] +110.302490 ASYNC-IN-SUBMIT ep=0x81 len=0 type=BULK (in, awaiting data)
[3062] +110.402869 ASYNC-IN-DONE ep=0x81 len=16 status=0 actual=16
	0000  08 00 00 18 f0 03 02 10  00 72 00 10 09 02 00 00 |.........r......|
[3063] +110.402978 ASYNC-IN-SUBMIT ep=0x81 len=0 type=BULK (in, awaiting data)
[3064] +110.511901 ASYNC-IN-DONE ep=0x81 len=0 status=2 actual=0
[3065] +110.512011 ASYNC-IN-SUBMIT ep=0x81 len=0 type=BULK (in, awaiting data)
[3066] +110.624412 ASYNC-IN-DONE ep=0x81 len=0 status=2 actual=0
[3067] +110.624514 ASYNC-IN-SUBMIT ep=0x81 len=0 type=BULK (in, awaiting data)
[3068] +110.736915 ASYNC-IN-DONE ep=0x81 len=0 status=2 actual=0
[3069] +110.737026 ASYNC-IN-SUBMIT ep=0x81 len=0 type=BULK (in, awaiting data)
[3070] +110.758172 ASYNC-OUT ep=0x01 len=16 type=BULK 
	0000  08 00 00 18 80 10 ed 03  00 8f 00 10 6f 1b 00 00 |............o...|
[3071] +110.758436 ASYNC-OUT-DONE ep=0x01 len=0 status=0 actual=16
[3072] +110.803681 ASYNC-IN-DONE ep=0x81 len=16 status=0 actual=16
	0000  08 00 00 18 ef 03 01 10  00 81 00 10 65 02 00 00 |............e...|
[3073] +110.803783 ASYNC-IN-SUBMIT ep=0x81 len=0 type=BULK (in, awaiting data)
[3074] +110.905922 ASYNC-IN-DONE ep=0x81 len=0 status=2 actual=0
[3075] +110.906034 ASYNC-IN-SUBMIT ep=0x81 len=0 type=BULK (in, awaiting data)
[3076] +111.016617 ASYNC-IN-DONE ep=0x81 len=0 status=2 actual=0
[3077] +111.016729 ASYNC-IN-SUBMIT ep=0x81 len=0 type=BULK (in, awaiting data)
[3078] +111.122188 ASYNC-OUT ep=0x01 len=16 type=BULK 
	0000  08 00 00 18 02 10 f0 03  00 6d 00 10 b7 10 00 00 |.........m......|
[3079] +111.122527 ASYNC-OUT-DONE ep=0x01 len=0 status=0 actual=16
[3080] +111.124046 ASYNC-IN-DONE ep=0x81 len=0 status=2 actual=0
[3081] +111.124086 ASYNC-IN-SUBMIT ep=0x81 len=0 type=BULK (in, awaiting data)
[3082] +111.204944 ASYNC-IN-DONE ep=0x81 len=16 status=0 actual=16
	0000  08 00 00 18 ed 03 80 10  00 91 00 10 ac 0d 00 00 |................|
[3083] +111.205089 ASYNC-IN-SUBMIT ep=0x81 len=0 type=BULK (in, awaiting data)
[3084] +111.277464 ASYNC-OUT ep=0x01 len=16 type=BULK 
	0000  08 00 00 18 01 10 ef 03  00 7d 00 10 93 1e 00 00 |.........}......|
[3085] +111.277806 ASYNC-OUT-DONE ep=0x01 len=0 status=0 actual=16
[3086] +111.311899 ASYNC-IN-DONE ep=0x81 len=0 status=2 actual=0
[3087] +111.312003 ASYNC-IN-SUBMIT ep=0x81 len=0 type=BULK (in, awaiting data)
[3088] +111.405718 ASYNC-IN-DONE ep=0x81 len=16 status=0 actual=16
	0000  08 00 00 18 f0 03 02 10  00 73 00 10 09 02 00 00 |.........s......|
[3089] +111.405868 ASYNC-IN-SUBMIT ep=0x81 len=0 type=BULK (in, awaiting data)
[3090] +111.511696 ASYNC-IN-DONE ep=0x81 len=0 status=2 actual=0
[3091] +111.511805 ASYNC-IN-SUBMIT ep=0x81 len=0 type=BULK (in, awaiting data)
[3092] +111.612679 ASYNC-IN-DONE ep=0x81 len=0 status=2 actual=0
[3093] +111.612731 ASYNC-IN-SUBMIT ep=0x81 len=0 type=BULK (in, awaiting data)
[3094] +111.724937 ASYNC-IN-DONE ep=0x81 len=0 status=2 actual=0
[3095] +111.725031 ASYNC-IN-SUBMIT ep=0x81 len=0 type=BULK (in, awaiting data)
[3096] +111.796726 ASYNC-OUT ep=0x01 len=16 type=BULK 
	0000  08 00 00 18 80 10 ed 03  00 90 00 10 6f 1b 00 00 |............o...|
[3097] +111.797085 ASYNC-OUT-DONE ep=0x01 len=0 status=0 actual=16
[3098] +111.807182 ASYNC-IN-DONE ep=0x81 len=16 status=0 actual=16
	0000  08 00 00 18 ef 03 01 10  00 82 00 10 65 02 00 00 |............e...|
[3099] +111.807308 ASYNC-IN-SUBMIT ep=0x81 len=0 type=BULK (in, awaiting data)
[3100] +111.914320 ASYNC-IN-DONE ep=0x81 len=0 status=2 actual=0
[3101] +111.914403 ASYNC-IN-SUBMIT ep=0x81 len=0 type=BULK (in, awaiting data)
[3102] +112.025902 ASYNC-IN-DONE ep=0x81 len=0 status=2 actual=0
[3103] +112.026004 ASYNC-IN-SUBMIT ep=0x81 len=0 type=BULK (in, awaiting data)
[3104] +112.135777 ASYNC-IN-DONE ep=0x81 len=0 status=2 actual=0
[3105] +112.135879 ASYNC-IN-SUBMIT ep=0x81 len=0 type=BULK (in, awaiting data)
[3106] +112.159324 ASYNC-OUT ep=0x01 len=16 type=BULK 
	0000  08 00 00 18 02 10 f0 03  00 6e 00 10 b7 10 00 00 |.........n......|
[3107] +112.159594 ASYNC-OUT-DONE ep=0x01 len=0 status=0 actual=16
[3108] +112.208731 ASYNC-IN-DONE ep=0x81 len=16 status=0 actual=16
	0000  08 00 00 18 ed 03 80 10  00 92 00 10 ac 0d 00 00 |................|
[3109] +112.208870 ASYNC-IN-SUBMIT ep=0x81 len=0 type=BULK (in, awaiting data)
[3110] +112.315527 ASYNC-OUT ep=0x01 len=16 type=BULK 
	0000  08 00 00 18 01 10 ef 03  00 7e 00 10 93 1e 00 00 |.........~......|
[3111] +112.315852 ASYNC-OUT-DONE ep=0x01 len=0 status=0 actual=16
[3112] +112.320188 ASYNC-IN-DONE ep=0x81 len=0 status=2 actual=0
[3113] +112.320242 ASYNC-IN-SUBMIT ep=0x81 len=0 type=BULK (in, awaiting data)
[3114] +112.409159 ASYNC-IN-DONE ep=0x81 len=16 status=0 actual=16
	0000  08 00 00 18 f0 03 02 10  00 74 00 10 09 02 00 00 |.........t......|
[3115] +112.409297 ASYNC-IN-SUBMIT ep=0x81 len=0 type=BULK (in, awaiting data)
[3116] +112.513372 ASYNC-IN-DONE ep=0x81 len=0 status=2 actual=0
[3117] +112.513462 ASYNC-IN-SUBMIT ep=0x81 len=0 type=BULK (in, awaiting data)
[3118] +112.614921 ASYNC-IN-DONE ep=0x81 len=0 status=2 actual=0
[3119] +112.615010 ASYNC-IN-SUBMIT ep=0x81 len=0 type=BULK (in, awaiting data)
[3120] +112.719619 ASYNC-IN-DONE ep=0x81 len=0 status=2 actual=0
[3121] +112.719729 ASYNC-IN-SUBMIT ep=0x81 len=0 type=BULK (in, awaiting data)
[3122] +112.810721 ASYNC-IN-DONE ep=0x81 len=16 status=0 actual=16
	0000  08 00 00 18 ef 03 01 10  00 83 00 10 65 02 00 00 |............e...|
[3123] +112.810871 ASYNC-IN-SUBMIT ep=0x81 len=0 type=BULK (in, awaiting data)
[3124] +112.834647 ASYNC-OUT ep=0x01 len=16 type=BULK 
	0000  08 00 00 18 80 10 ed 03  00 91 00 10 6f 1b 00 00 |............o...|
[3125] +112.834930 ASYNC-OUT-DONE ep=0x01 len=0 status=0 actual=16
[3126] +112.918579 ASYNC-IN-DONE ep=0x81 len=0 status=2 actual=0
[3127] +112.918662 ASYNC-IN-SUBMIT ep=0x81 len=0 type=BULK (in, awaiting data)
[3128] +113.025574 ASYNC-IN-DONE ep=0x81 len=0 status=2 actual=0
[3129] +113.025679 ASYNC-IN-SUBMIT ep=0x81 len=0 type=BULK (in, awaiting data)
[3130] +113.126139 ASYNC-IN-DONE ep=0x81 len=0 status=2 actual=0
[3131] +113.126216 ASYNC-IN-SUBMIT ep=0x81 len=0 type=BULK (in, awaiting data)
[3132] +113.196446 ASYNC-OUT ep=0x01 len=16 type=BULK 
	0000  08 00 00 18 02 10 f0 03  00 6f 00 10 b7 10 00 00 |.........o......|
[3133] +113.196803 ASYNC-OUT-DONE ep=0x01 len=0 status=0 actual=16
[3134] +113.212114 ASYNC-IN-DONE ep=0x81 len=16 status=0 actual=16
	0000  08 00 00 18 ed 03 80 10  00 93 00 10 ac 0d 00 00 |................|
[3135] +113.212189 ASYNC-IN-SUBMIT ep=0x81 len=0 type=BULK (in, awaiting data)
[3136] +113.324990 ASYNC-IN-DONE ep=0x81 len=0 status=2 actual=0
[3137] +113.325104 ASYNC-IN-SUBMIT ep=0x81 len=0 type=BULK (in, awaiting data)
[3138] +113.352597 ASYNC-OUT ep=0x01 len=16 type=BULK 
	0000  08 00 00 18 01 10 ef 03  00 7f 00 10 93 1e 00 00 |................|
[3139] +113.352906 ASYNC-OUT-DONE ep=0x01 len=0 status=0 actual=16
[3140] +113.412665 ASYNC-IN-DONE ep=0x81 len=16 status=0 actual=16
	0000  08 00 00 18 f0 03 02 10  00 75 00 10 09 02 00 00 |.........u......|
[3141] +113.412813 ASYNC-IN-SUBMIT ep=0x81 len=0 type=BULK (in, awaiting data)
[3142] +113.524403 ASYNC-IN-DONE ep=0x81 len=0 status=2 actual=0
[3143] +113.524506 ASYNC-IN-SUBMIT ep=0x81 len=0 type=BULK (in, awaiting data)
[3144] +113.636948 ASYNC-IN-DONE ep=0x81 len=0 status=2 actual=0
[3145] +113.637046 ASYNC-IN-SUBMIT ep=0x81 len=0 type=BULK (in, awaiting data)
[3146] +113.743657 ASYNC-IN-DONE ep=0x81 len=0 status=2 actual=0
[3147] +113.743763 ASYNC-IN-SUBMIT ep=0x81 len=0 type=BULK (in, awaiting data)
[3148] +113.813951 ASYNC-IN-DONE ep=0x81 len=16 status=0 actual=16
	0000  08 00 00 18 ef 03 01 10  00 84 00 10 65 02 00 00 |............e...|
[3149] +113.814046 ASYNC-IN-SUBMIT ep=0x81 len=0 type=BULK (in, awaiting data)
[3150] +113.871032 ASYNC-OUT ep=0x01 len=16 type=BULK 
	0000  08 00 00 18 80 10 ed 03  00 92 00 10 6f 1b 00 00 |............o...|
[3151] +113.871382 ASYNC-OUT-DONE ep=0x01 len=0 status=0 actual=16
[3152] +113.923237 ASYNC-IN-DONE ep=0x81 len=0 status=2 actual=0
[3153] +113.923352 ASYNC-IN-SUBMIT ep=0x81 len=0 type=BULK (in, awaiting data)
[3154] +114.027528 ASYNC-IN-DONE ep=0x81 len=0 status=2 actual=0
[3155] +114.027637 ASYNC-IN-SUBMIT ep=0x81 len=0 type=BULK (in, awaiting data)
[3156] +114.128235 ASYNC-IN-DONE ep=0x81 len=0 status=2 actual=0
[3157] +114.128346 ASYNC-IN-SUBMIT ep=0x81 len=0 type=BULK (in, awaiting data)
[3158] +114.215462 ASYNC-IN-DONE ep=0x81 len=16 status=0 actual=16
	0000  08 00 00 18 ed 03 80 10  00 94 00 10 ac 0d 00 00 |................|
[3159] +114.215602 ASYNC-IN-SUBMIT ep=0x81 len=0 type=BULK (in, awaiting data)
[3160] +114.234418 ASYNC-OUT ep=0x01 len=16 type=BULK 
	0000  08 00 00 18 02 10 f0 03  00 70 00 10 b7 10 00 00 |.........p......|
[3161] +114.234693 ASYNC-OUT-DONE ep=0x01 len=0 status=0 actual=16
[3162] +114.328417 ASYNC-IN-DONE ep=0x81 len=0 status=2 actual=0
[3163] +114.328514 ASYNC-IN-SUBMIT ep=0x81 len=0 type=BULK (in, awaiting data)
[3164] +114.390584 ASYNC-OUT ep=0x01 len=16 type=BULK 
	0000  08 00 00 18 01 10 ef 03  00 80 00 10 93 1e 00 00 |................|
[3165] +114.390963 ASYNC-OUT-DONE ep=0x01 len=0 status=0 actual=16
[3166] +114.415887 ASYNC-IN-DONE ep=0x81 len=16 status=0 actual=16
	0000  08 00 00 18 f0 03 02 10  00 76 00 10 09 02 00 00 |.........v......|
[3167] +114.416032 ASYNC-IN-SUBMIT ep=0x81 len=0 type=BULK (in, awaiting data)
[3168] +114.519173 ASYNC-IN-DONE ep=0x81 len=0 status=2 actual=0
[3169] +114.519263 ASYNC-IN-SUBMIT ep=0x81 len=0 type=BULK (in, awaiting data)
[3170] +114.631193 ASYNC-IN-DONE ep=0x81 len=0 status=2 actual=0
[3171] +114.631277 ASYNC-IN-SUBMIT ep=0x81 len=0 type=BULK (in, awaiting data)
[3172] +114.735801 ASYNC-IN-DONE ep=0x81 len=0 status=2 actual=0
[3173] +114.735886 ASYNC-IN-SUBMIT ep=0x81 len=0 type=BULK (in, awaiting data)
[3174] +114.817017 ASYNC-IN-DONE ep=0x81 len=16 status=0 actual=16
	0000  08 00 00 18 ef 03 01 10  00 85 00 10 65 02 00 00 |............e...|
[3175] +114.817166 ASYNC-IN-SUBMIT ep=0x81 len=0 type=BULK (in, awaiting data)
[3176] +114.910348 ASYNC-OUT ep=0x01 len=16 type=BULK 
	0000  08 00 00 18 80 10 ed 03  00 93 00 10 6f 1b 00 00 |............o...|
[3177] +114.910704 ASYNC-OUT-DONE ep=0x01 len=0 status=0 actual=16
[3178] +114.920190 ASYNC-IN-DONE ep=0x81 len=0 status=2 actual=0
[3179] +114.920236 ASYNC-IN-SUBMIT ep=0x81 len=0 type=BULK (in, awaiting data)
[3180] +115.030607 ASYNC-IN-DONE ep=0x81 len=0 status=2 actual=0
[3181] +115.030717 ASYNC-IN-SUBMIT ep=0x81 len=0 type=BULK (in, awaiting data)
[3182] +115.141829 ASYNC-IN-DONE ep=0x81 len=0 status=2 actual=0
[3183] +115.141927 ASYNC-IN-SUBMIT ep=0x81 len=0 type=BULK (in, awaiting data)
[3184] +115.218861 ASYNC-IN-DONE ep=0x81 len=16 status=0 actual=16
	0000  08 00 00 18 ed 03 80 10  00 95 00 10 ac 0d 00 00 |................|
[3185] +115.219010 ASYNC-IN-SUBMIT ep=0x81 len=0 type=BULK (in, awaiting data)
[3186] +115.273902 ASYNC-OUT ep=0x01 len=16 type=BULK 
	0000  08 00 00 18 02 10 f0 03  00 71 00 10 b7 10 00 00 |.........q......|
[3187] +115.274191 ASYNC-OUT-DONE ep=0x01 len=0 status=0 actual=16
[3188] +115.330412 ASYNC-IN-DONE ep=0x81 len=0 status=2 actual=0
[3189] +115.330477 ASYNC-IN-SUBMIT ep=0x81 len=0 type=BULK (in, awaiting data)
[3190] +115.419308 ASYNC-IN-DONE ep=0x81 len=16 status=0 actual=16
	0000  08 00 00 18 f0 03 02 10  00 77 00 10 09 02 00 00 |.........w......|
[3191] +115.419426 ASYNC-IN-SUBMIT ep=0x81 len=0 type=BULK (in, awaiting data)
[3192] +115.430007 ASYNC-OUT ep=0x01 len=16 type=BULK 
	0000  08 00 00 18 01 10 ef 03  00 81 00 10 93 1e 00 00 |................|
[3193] +115.430252 ASYNC-OUT-DONE ep=0x01 len=0 status=0 actual=16
[3194] +115.528079 ASYNC-IN-DONE ep=0x81 len=0 status=2 actual=0
[3195] +115.528139 ASYNC-IN-SUBMIT ep=0x81 len=0 type=BULK (in, awaiting data)
[3196] +115.636934 ASYNC-IN-DONE ep=0x81 len=0 status=2 actual=0
[3197] +115.637050 ASYNC-IN-SUBMIT ep=0x81 len=0 type=BULK (in, awaiting data)
[3198] +115.745163 ASYNC-IN-DONE ep=0x81 len=0 status=2 actual=0
[3199] +115.745251 ASYNC-IN-SUBMIT ep=0x81 len=0 type=BULK (in, awaiting data)
[3200] +115.820595 ASYNC-IN-DONE ep=0x81 len=16 status=0 actual=16
	0000  08 00 00 18 ef 03 01 10  00 86 00 10 65 02 00 00 |............e...|
[3201] +115.820731 ASYNC-IN-SUBMIT ep=0x81 len=0 type=BULK (in, awaiting data)
[3202] +115.928277 ASYNC-IN-DONE ep=0x81 len=0 status=2 actual=0
[3203] +115.928390 ASYNC-IN-SUBMIT ep=0x81 len=0 type=BULK (in, awaiting data)
[3204] +115.949175 ASYNC-OUT ep=0x01 len=16 type=BULK 
	0000  08 00 00 18 80 10 ed 03  00 94 00 10 6f 1b 00 00 |............o...|
[3205] +115.949451 ASYNC-OUT-DONE ep=0x01 len=0 status=0 actual=16
[3206] +116.029432 ASYNC-IN-DONE ep=0x81 len=0 status=2 actual=0
[3207] +116.029528 ASYNC-IN-SUBMIT ep=0x81 len=0 type=BULK (in, awaiting data)
[3208] +116.135989 ASYNC-IN-DONE ep=0x81 len=0 status=2 actual=0
[3209] +116.136085 ASYNC-IN-SUBMIT ep=0x81 len=0 type=BULK (in, awaiting data)
[3210] +116.221777 ASYNC-IN-DONE ep=0x81 len=16 status=0 actual=16
	0000  08 00 00 18 ed 03 80 10  00 96 00 10 ac 0d 00 00 |................|
[3211] +116.221910 ASYNC-IN-SUBMIT ep=0x81 len=0 type=BULK (in, awaiting data)
[3212] +116.312692 ASYNC-OUT ep=0x01 len=16 type=BULK 
	0000  08 00 00 18 02 10 f0 03  00 72 00 10 b7 10 00 00 |.........r......|
[3213] +116.313001 ASYNC-OUT-DONE ep=0x01 len=0 status=0 actual=16
[3214] +116.325856 ASYNC-IN-DONE ep=0x81 len=0 status=2 actual=0
[3215] +116.325904 ASYNC-IN-SUBMIT ep=0x81 len=0 type=BULK (in, awaiting data)
[3216] +116.422215 ASYNC-IN-DONE ep=0x81 len=16 status=0 actual=16
	0000  08 00 00 18 f0 03 02 10  00 78 00 10 09 02 00 00 |.........x......|
[3217] +116.422319 ASYNC-IN-SUBMIT ep=0x81 len=0 type=BULK (in, awaiting data)
[3218] +116.468843 ASYNC-OUT ep=0x01 len=16 type=BULK 
	0000  08 00 00 18 01 10 ef 03  00 82 00 10 93 1e 00 00 |................|
[3219] +116.469184 ASYNC-OUT-DONE ep=0x01 len=0 status=0 actual=16
[3220] +116.532805 ASYNC-IN-DONE ep=0x81 len=0 status=2 actual=0
[3221] +116.532909 ASYNC-IN-SUBMIT ep=0x81 len=0 type=BULK (in, awaiting data)
[3222] +116.645711 ASYNC-IN-DONE ep=0x81 len=0 status=2 actual=0
[3223] +116.645788 ASYNC-IN-SUBMIT ep=0x81 len=0 type=BULK (in, awaiting data)
[3224] +116.750108 ASYNC-IN-DONE ep=0x81 len=0 status=2 actual=0
[3225] +116.750203 ASYNC-IN-SUBMIT ep=0x81 len=0 type=BULK (in, awaiting data)
[3226] +116.823712 ASYNC-IN-DONE ep=0x81 len=16 status=0 actual=16
	0000  08 00 00 18 ef 03 01 10  00 87 00 10 65 02 00 00 |............e...|
[3227] +116.823864 ASYNC-IN-SUBMIT ep=0x81 len=0 type=BULK (in, awaiting data)
[3228] +116.927774 ASYNC-IN-DONE ep=0x81 len=0 status=2 actual=0
[3229] +116.927883 ASYNC-IN-SUBMIT ep=0x81 len=0 type=BULK (in, awaiting data)
[3230] +116.987705 ASYNC-OUT ep=0x01 len=16 type=BULK 
	0000  08 00 00 18 80 10 ed 03  00 95 00 10 6f 1b 00 00 |............o...|
[3231] +116.988047 ASYNC-OUT-DONE ep=0x01 len=0 status=0 actual=16
[3232] +117.039900 ASYNC-IN-DONE ep=0x81 len=0 status=2 actual=0
[3233] +117.040003 ASYNC-IN-SUBMIT ep=0x81 len=0 type=BULK (in, awaiting data)
[3234] +117.144187 ASYNC-IN-DONE ep=0x81 len=0 status=2 actual=0
[3235] +117.144228 ASYNC-IN-SUBMIT ep=0x81 len=0 type=BULK (in, awaiting data)
[3236] +117.225355 ASYNC-IN-DONE ep=0x81 len=16 status=0 actual=16
	0000  08 00 00 18 ed 03 80 10  00 97 00 10 ac 0d 00 00 |................|
[3237] +117.225506 ASYNC-IN-SUBMIT ep=0x81 len=0 type=BULK (in, awaiting data)
[3238] +117.333984 ASYNC-IN-DONE ep=0x81 len=0 status=2 actual=0
[3239] +117.334082 ASYNC-IN-SUBMIT ep=0x81 len=0 type=BULK (in, awaiting data)
[3240] +117.350813 ASYNC-OUT ep=0x01 len=16 type=BULK 
	0000  08 00 00 18 02 10 f0 03  00 73 00 10 b7 10 00 00 |.........s......|
[3241] +117.351159 ASYNC-OUT-DONE ep=0x01 len=0 status=0 actual=16
[3242] +117.425745 ASYNC-IN-DONE ep=0x81 len=16 status=0 actual=16
	0000  08 00 00 18 f0 03 02 10  00 79 00 10 09 02 00 00 |.........y......|
[3243] +117.425867 ASYNC-IN-SUBMIT ep=0x81 len=0 type=BULK (in, awaiting data)
[3244] +117.506970 ASYNC-OUT ep=0x01 len=16 type=BULK 
	0000  08 00 00 18 01 10 ef 03  00 83 00 10 93 1e 00 00 |................|
[3245] +117.507311 ASYNC-OUT-DONE ep=0x01 len=0 status=0 actual=16
[3246] +117.537873 ASYNC-IN-DONE ep=0x81 len=0 status=2 actual=0
[3247] +117.537914 ASYNC-IN-SUBMIT ep=0x81 len=0 type=BULK (in, awaiting data)
[3248] +117.645172 ASYNC-IN-DONE ep=0x81 len=0 status=2 actual=0
[3249] +117.645228 ASYNC-IN-SUBMIT ep=0x81 len=0 type=BULK (in, awaiting data)
[3250] +117.747145 ASYNC-IN-DONE ep=0x81 len=0 status=2 actual=0
[3251] +117.747240 ASYNC-IN-SUBMIT ep=0x81 len=0 type=BULK (in, awaiting data)
[3252] +117.827298 ASYNC-IN-DONE ep=0x81 len=16 status=0 actual=16
	0000  08 00 00 18 ef 03 01 10  00 88 00 10 65 02 00 00 |............e...|
[3253] +117.827400 ASYNC-IN-SUBMIT ep=0x81 len=0 type=BULK (in, awaiting data)
[3254] +117.930446 ASYNC-IN-DONE ep=0x81 len=0 status=2 actual=0
[3255] +117.930526 ASYNC-IN-SUBMIT ep=0x81 len=0 type=BULK (in, awaiting data)
[3256] +118.027479 ASYNC-OUT ep=0x01 len=16 type=BULK 
	0000  08 00 00 18 80 10 ed 03  00 96 00 10 6f 1b 00 00 |............o...|
[3257] +118.027777 ASYNC-OUT-DONE ep=0x01 len=0 status=0 actual=16
[3258] +118.043320 ASYNC-IN-DONE ep=0x81 len=0 status=2 actual=0
[3259] +118.043390 ASYNC-IN-SUBMIT ep=0x81 len=0 type=BULK (in, awaiting data)
[3260] +118.153737 ASYNC-IN-DONE ep=0x81 len=0 status=2 actual=0
[3261] +118.153782 ASYNC-IN-SUBMIT ep=0x81 len=0 type=BULK (in, awaiting data)
[3262] +118.228524 ASYNC-IN-DONE ep=0x81 len=16 status=0 actual=16
	0000  08 00 00 18 ed 03 80 10  00 98 00 10 ac 0d 00 00 |................|
[3263] +118.228630 ASYNC-IN-SUBMIT ep=0x81 len=0 type=BULK (in, awaiting data)
[3264] +118.336399 ASYNC-IN-DONE ep=0x81 len=0 status=2 actual=0
[3265] +118.336491 ASYNC-IN-SUBMIT ep=0x81 len=0 type=BULK (in, awaiting data)
[3266] +118.390329 ASYNC-OUT ep=0x01 len=16 type=BULK 
	0000  08 00 00 18 02 10 f0 03  00 74 00 10 b7 10 00 00 |.........t......|
[3267] +118.390593 ASYNC-OUT-DONE ep=0x01 len=0 status=0 actual=16
[3268] +118.429351 ASYNC-IN-DONE ep=0x81 len=16 status=0 actual=16
	0000  08 00 00 18 f0 03 02 10  00 7a 00 10 09 02 00 00 |.........z......|
[3269] +118.429468 ASYNC-IN-SUBMIT ep=0x81 len=0 type=BULK (in, awaiting data)
[3270] +118.542329 ASYNC-IN-DONE ep=0x81 len=0 status=2 actual=0
[3271] +118.542367 ASYNC-IN-SUBMIT ep=0x81 len=0 type=BULK (in, awaiting data)
[3272] +118.546533 ASYNC-OUT ep=0x01 len=16 type=BULK 
	0000  08 00 00 18 01 10 ef 03  00 84 00 10 93 1e 00 00 |................|
[3273] +118.546874 ASYNC-OUT-DONE ep=0x01 len=0 status=0 actual=16
[3274] +118.644117 ASYNC-IN-DONE ep=0x81 len=0 status=2 actual=0
[3275] +118.644198 ASYNC-IN-SUBMIT ep=0x81 len=0 type=BULK (in, awaiting data)
[3276] +118.748421 ASYNC-IN-DONE ep=0x81 len=0 status=2 actual=0
[3277] +118.748494 ASYNC-IN-SUBMIT ep=0x81 len=0 type=BULK (in, awaiting data)
[3278] +118.830431 ASYNC-IN-DONE ep=0x81 len=16 status=0 actual=16
	0000  08 00 00 18 ef 03 01 10  00 89 00 10 65 02 00 00 |............e...|
[3279] +118.830500 ASYNC-IN-SUBMIT ep=0x81 len=0 type=BULK (in, awaiting data)
[3280] +118.936990 ASYNC-IN-DONE ep=0x81 len=0 status=2 actual=0
[3281] +118.937064 ASYNC-IN-SUBMIT ep=0x81 len=0 type=BULK (in, awaiting data)
[3282] +119.049845 ASYNC-IN-DONE ep=0x81 len=0 status=2 actual=0
[3283] +119.049898 ASYNC-IN-SUBMIT ep=0x81 len=0 type=BULK (in, awaiting data)
[3284] +119.066949 ASYNC-OUT ep=0x01 len=16 type=BULK 
	0000  08 00 00 18 80 10 ed 03  00 97 00 10 6f 1b 00 00 |............o...|
[3285] +119.067172 ASYNC-OUT-DONE ep=0x01 len=0 status=0 actual=16
[3286] +119.161499 ASYNC-IN-DONE ep=0x81 len=0 status=2 actual=0
[3287] +119.161576 ASYNC-IN-SUBMIT ep=0x81 len=0 type=BULK (in, awaiting data)
[3288] +119.231523 ASYNC-IN-DONE ep=0x81 len=16 status=0 actual=16
	0000  08 00 00 18 ed 03 80 10  00 99 00 10 ac 0d 00 00 |................|
[3289] +119.231620 ASYNC-IN-SUBMIT ep=0x81 len=0 type=BULK (in, awaiting data)
[3290] +119.332877 ASYNC-IN-DONE ep=0x81 len=0 status=2 actual=0
[3291] +119.332952 ASYNC-IN-SUBMIT ep=0x81 len=0 type=BULK (in, awaiting data)
[3292] +119.431182 ASYNC-OUT ep=0x01 len=16 type=BULK 
	0000  08 00 00 18 02 10 f0 03  00 75 00 10 b7 10 00 00 |.........u......|
[3293] +119.431512 ASYNC-OUT-DONE ep=0x01 len=0 status=0 actual=16
[3294] +119.432464 ASYNC-IN-DONE ep=0x81 len=16 status=0 actual=16
	0000  08 00 00 18 f0 03 02 10  00 7b 00 10 09 02 00 00 |.........{......|
[3295] +119.432506 ASYNC-IN-SUBMIT ep=0x81 len=0 type=BULK (in, awaiting data)
[3296] +119.533420 ASYNC-IN-DONE ep=0x81 len=0 status=2 actual=0
[3297] +119.533480 ASYNC-IN-SUBMIT ep=0x81 len=0 type=BULK (in, awaiting data)
[3298] +119.586594 ASYNC-OUT ep=0x01 len=16 type=BULK 
	0000  08 00 00 18 01 10 ef 03  00 85 00 10 93 1e 00 00 |................|
[3299] +119.586959 ASYNC-OUT-DONE ep=0x01 len=0 status=0 actual=16
[3300] +119.645507 ASYNC-IN-DONE ep=0x81 len=0 status=2 actual=0
[3301] +119.645614 ASYNC-IN-SUBMIT ep=0x81 len=0 type=BULK (in, awaiting data)
[3302] +119.749690 ASYNC-IN-DONE ep=0x81 len=0 status=2 actual=0
[3303] +119.749769 ASYNC-IN-SUBMIT ep=0x81 len=0 type=BULK (in, awaiting data)
[3304] +119.833530 ASYNC-IN-DONE ep=0x81 len=16 status=0 actual=16
	0000  08 00 00 18 ef 03 01 10  00 8a 00 10 65 02 00 00 |............e...|
[3305] +119.833627 ASYNC-IN-SUBMIT ep=0x81 len=0 type=BULK (in, awaiting data)
[3306] +119.946452 ASYNC-IN-DONE ep=0x81 len=0 status=2 actual=0
[3307] +119.946551 ASYNC-IN-SUBMIT ep=0x81 len=0 type=BULK (in, awaiting data)
[3308] +120.054568 ASYNC-IN-DONE ep=0x81 len=0 status=2 actual=0
[3309] +120.054655 ASYNC-IN-SUBMIT ep=0x81 len=0 type=BULK (in, awaiting data)
[3310] +120.104600 ASYNC-OUT ep=0x01 len=16 type=BULK 
	0000  08 00 00 18 80 10 ed 03  00 98 00 10 6f 1b 00 00 |............o...|
[3311] +120.104918 ASYNC-OUT-DONE ep=0x01 len=0 status=0 actual=16
[3312] +120.163351 ASYNC-IN-DONE ep=0x81 len=0 status=2 actual=0
[3313] +120.163452 ASYNC-IN-SUBMIT ep=0x81 len=0 type=BULK (in, awaiting data)
[3314] +120.235421 ASYNC-IN-DONE ep=0x81 len=16 status=0 actual=16
	0000  08 00 00 18 ed 03 80 10  00 9a 00 10 ac 0d 00 00 |................|
[3315] +120.235521 ASYNC-IN-SUBMIT ep=0x81 len=0 type=BULK (in, awaiting data)
[3316] +120.338847 ASYNC-IN-DONE ep=0x81 len=0 status=2 actual=0
[3317] +120.338904 ASYNC-IN-SUBMIT ep=0x81 len=0 type=BULK (in, awaiting data)
[3318] +120.436749 ASYNC-IN-DONE ep=0x81 len=16 status=0 actual=16
	0000  08 00 00 18 f0 03 02 10  00 7c 00 10 09 02 00 00 |.........|......|
[3319] +120.436850 ASYNC-IN-SUBMIT ep=0x81 len=0 type=BULK (in, awaiting data)
[3320] +120.466957 ASYNC-OUT ep=0x01 len=16 type=BULK 
	0000  08 00 00 18 02 10 f0 03  00 76 00 10 b7 10 00 00 |.........v......|
[3321] +120.467316 ASYNC-OUT-DONE ep=0x01 len=0 status=0 actual=16
[3322] +120.544410 ASYNC-IN-DONE ep=0x81 len=0 status=2 actual=0
[3323] +120.544497 ASYNC-IN-SUBMIT ep=0x81 len=0 type=BULK (in, awaiting data)
[3324] +120.622733 ASYNC-OUT ep=0x01 len=16 type=BULK 
	0000  08 00 00 18 01 10 ef 03  00 86 00 10 93 1e 00 00 |................|
[3325] +120.623058 ASYNC-OUT-DONE ep=0x01 len=0 status=0 actual=16
[3326] +120.648888 ASYNC-IN-DONE ep=0x81 len=0 status=2 actual=0
[3327] +120.648961 ASYNC-IN-SUBMIT ep=0x81 len=0 type=BULK (in, awaiting data)
[3328] +120.750892 ASYNC-IN-DONE ep=0x81 len=0 status=2 actual=0
[3329] +120.750980 ASYNC-IN-SUBMIT ep=0x81 len=0 type=BULK (in, awaiting data)
[3330] +120.837402 ASYNC-IN-DONE ep=0x81 len=16 status=0 actual=16
	0000  08 00 00 18 ef 03 01 10  00 8b 00 10 65 02 00 00 |............e...|
[3331] +120.837519 ASYNC-IN-SUBMIT ep=0x81 len=0 type=BULK (in, awaiting data)
[3332] +120.950331 ASYNC-IN-DONE ep=0x81 len=0 status=2 actual=0
[3333] +120.950388 ASYNC-IN-SUBMIT ep=0x81 len=0 type=BULK (in, awaiting data)
[3334] +121.057839 ASYNC-IN-DONE ep=0x81 len=0 status=2 actual=0
[3335] +121.057927 ASYNC-IN-SUBMIT ep=0x81 len=0 type=BULK (in, awaiting data)
[3336] +121.140971 ASYNC-OUT ep=0x01 len=16 type=BULK 
	0000  08 00 00 18 80 10 ed 03  00 99 00 10 6f 1b 00 00 |............o...|
[3337] +121.141298 ASYNC-OUT-DONE ep=0x01 len=0 status=0 actual=16
[3338] +121.160980 ASYNC-IN-DONE ep=0x81 len=0 status=2 actual=0
[3339] +121.161065 ASYNC-IN-SUBMIT ep=0x81 len=0 type=BULK (in, awaiting data)
[3340] +121.238404 ASYNC-IN-DONE ep=0x81 len=16 status=0 actual=16
	0000  08 00 00 18 ed 03 80 10  00 9b 00 10 ac 0d 00 00 |................|
[3341] +121.238519 ASYNC-IN-SUBMIT ep=0x81 len=0 type=BULK (in, awaiting data)
[3342] +121.344771 ASYNC-IN-DONE ep=0x81 len=0 status=2 actual=0
[3343] +121.344843 ASYNC-IN-SUBMIT ep=0x81 len=0 type=BULK (in, awaiting data)
[3344] +121.439403 ASYNC-IN-DONE ep=0x81 len=16 status=0 actual=16
	0000  08 00 00 18 f0 03 02 10  00 7d 00 10 09 02 00 00 |.........}......|
[3345] +121.439537 ASYNC-IN-SUBMIT ep=0x81 len=0 type=BULK (in, awaiting data)
[3346] +121.503420 ASYNC-OUT ep=0x01 len=16 type=BULK 
	0000  08 00 00 18 02 10 f0 03  00 77 00 10 b7 10 00 00 |.........w......|
[3347] +121.503738 ASYNC-OUT-DONE ep=0x01 len=0 status=0 actual=16
[3348] +121.552340 ASYNC-IN-DONE ep=0x81 len=0 status=2 actual=0
[3349] +121.552422 ASYNC-IN-SUBMIT ep=0x81 len=0 type=BULK (in, awaiting data)
[3350] +121.658736 ASYNC-OUT ep=0x01 len=16 type=BULK 
	0000  08 00 00 18 01 10 ef 03  00 87 00 10 93 1e 00 00 |................|
[3351] +121.658977 ASYNC-OUT-DONE ep=0x01 len=0 status=0 actual=16
[3352] +121.665133 ASYNC-IN-DONE ep=0x81 len=0 status=2 actual=0
[3353] +121.665174 ASYNC-IN-SUBMIT ep=0x81 len=0 type=BULK (in, awaiting data)
[3354] +121.767535 ASYNC-IN-DONE ep=0x81 len=0 status=2 actual=0
[3355] +121.767590 ASYNC-IN-SUBMIT ep=0x81 len=0 type=BULK (in, awaiting data)
[3356] +121.840353 ASYNC-IN-DONE ep=0x81 len=16 status=0 actual=16
	0000  08 00 00 18 ef 03 01 10  00 8c 00 10 65 02 00 00 |............e...|
[3357] +121.840459 ASYNC-IN-SUBMIT ep=0x81 len=0 type=BULK (in, awaiting data)
[3358] +121.952772 ASYNC-IN-DONE ep=0x81 len=0 status=2 actual=0
[3359] +121.952844 ASYNC-IN-SUBMIT ep=0x81 len=0 type=BULK (in, awaiting data)
[3360] +122.058894 ASYNC-IN-DONE ep=0x81 len=0 status=2 actual=0
[3361] +122.058976 ASYNC-IN-SUBMIT ep=0x81 len=0 type=BULK (in, awaiting data)
[3362] +122.165455 ASYNC-OUT ep=0x01 len=16 type=BULK 
	0000  08 00 00 18 80 10 ed 03  00 9a 00 10 6f 1b 00 00 |............o...|
[3363] +122.165690 ASYNC-OUT-DONE ep=0x01 len=0 status=0 actual=16
[3364] +122.171710 ASYNC-IN-DONE ep=0x81 len=0 status=2 actual=0
[3365] +122.171741 ASYNC-IN-SUBMIT ep=0x81 len=0 type=BULK (in, awaiting data)
[3366] +122.241835 ASYNC-IN-DONE ep=0x81 len=16 status=0 actual=16
	0000  08 00 00 18 ed 03 80 10  00 9c 00 10 ac 0d 00 00 |................|
[3367] +122.241880 ASYNC-IN-SUBMIT ep=0x81 len=0 type=BULK (in, awaiting data)
[3368] +122.350605 ASYNC-IN-DONE ep=0x81 len=0 status=2 actual=0
[3369] +122.350671 ASYNC-IN-SUBMIT ep=0x81 len=0 type=BULK (in, awaiting data)
[3370] +122.442261 ASYNC-IN-DONE ep=0x81 len=16 status=0 actual=16
	0000  08 00 00 18 f0 03 02 10  00 7e 00 10 09 02 00 00 |.........~......|
[3371] +122.442410 ASYNC-IN-SUBMIT ep=0x81 len=0 type=BULK (in, awaiting data)
[3372] +122.529757 ASYNC-OUT ep=0x01 len=16 type=BULK 
	0000  08 00 00 18 02 10 f0 03  00 78 00 10 b7 10 00 00 |.........x......|
[3373] +122.530118 ASYNC-OUT-DONE ep=0x01 len=0 status=0 actual=16
[3374] +122.553596 ASYNC-IN-DONE ep=0x81 len=0 status=2 actual=0
[3375] +122.553676 ASYNC-IN-SUBMIT ep=0x81 len=0 type=BULK (in, awaiting data)
[3376] +122.662916 ASYNC-IN-DONE ep=0x81 len=0 status=2 actual=0
[3377] +122.663014 ASYNC-IN-SUBMIT ep=0x81 len=0 type=BULK (in, awaiting data)
[3378] +122.685666 ASYNC-OUT ep=0x01 len=16 type=BULK 
	0000  08 00 00 18 01 10 ef 03  00 88 00 10 93 1e 00 00 |................|
[3379] +122.685926 ASYNC-OUT-DONE ep=0x01 len=0 status=0 actual=16
[3380] +122.770487 ASYNC-IN-DONE ep=0x81 len=0 status=2 actual=0
[3381] +122.770599 ASYNC-IN-SUBMIT ep=0x81 len=0 type=BULK (in, awaiting data)
[3382] +122.843751 ASYNC-IN-DONE ep=0x81 len=16 status=0 actual=16
	0000  08 00 00 18 ef 03 01 10  00 8d 00 10 65 02 00 00 |............e...|
[3383] +122.843859 ASYNC-IN-SUBMIT ep=0x81 len=0 type=BULK (in, awaiting data)
[3384] +122.949396 ASYNC-IN-DONE ep=0x81 len=0 status=2 actual=0
[3385] +122.949493 ASYNC-IN-SUBMIT ep=0x81 len=0 type=BULK (in, awaiting data)
[3386] +123.062313 ASYNC-IN-DONE ep=0x81 len=0 status=2 actual=0
[3387] +123.062404 ASYNC-IN-SUBMIT ep=0x81 len=0 type=BULK (in, awaiting data)
[3388] +123.165164 ASYNC-IN-DONE ep=0x81 len=0 status=2 actual=0
[3389] +123.165258 ASYNC-IN-SUBMIT ep=0x81 len=0 type=BULK (in, awaiting data)
[3390] +123.204541 ASYNC-OUT ep=0x01 len=16 type=BULK 
	0000  08 00 00 18 80 10 ed 03  00 9b 00 10 6f 1b 00 00 |............o...|
[3391] +123.204818 ASYNC-OUT-DONE ep=0x01 len=0 status=0 actual=16
[3392] +123.245472 ASYNC-IN-DONE ep=0x81 len=16 status=0 actual=16
	0000  08 00 00 18 ed 03 80 10  00 9d 00 10 ac 0d 00 00 |................|
[3393] +123.245590 ASYNC-IN-SUBMIT ep=0x81 len=0 type=BULK (in, awaiting data)
[3394] +123.356456 ASYNC-IN-DONE ep=0x81 len=0 status=2 actual=0
[3395] +123.356516 ASYNC-IN-SUBMIT ep=0x81 len=0 type=BULK (in, awaiting data)
[3396] +123.445815 ASYNC-IN-DONE ep=0x81 len=16 status=0 actual=16
	0000  08 00 00 18 f0 03 02 10  00 7f 00 10 09 02 00 00 |................|
[3397] +123.445943 ASYNC-IN-SUBMIT ep=0x81 len=0 type=BULK (in, awaiting data)
[3398] +123.556090 ASYNC-IN-DONE ep=0x81 len=0 status=2 actual=0
[3399] +123.556188 ASYNC-IN-SUBMIT ep=0x81 len=0 type=BULK (in, awaiting data)
[3400] +123.568879 ASYNC-OUT ep=0x01 len=16 type=BULK 
	0000  08 00 00 18 02 10 f0 03  00 79 00 10 b7 10 00 00 |.........y......|
[3401] +123.569106 ASYNC-OUT-DONE ep=0x01 len=0 status=0 actual=16
[3402] +123.669023 ASYNC-IN-DONE ep=0x81 len=0 status=2 actual=0
[3403] +123.669120 ASYNC-IN-SUBMIT ep=0x81 len=0 type=BULK (in, awaiting data)
[3404] +123.724202 ASYNC-OUT ep=0x01 len=16 type=BULK 
	0000  08 00 00 18 01 10 ef 03  00 89 00 10 93 1e 00 00 |................|
[3405] +123.724549 ASYNC-OUT-DONE ep=0x01 len=0 status=0 actual=16
[3406] +123.770434 ASYNC-IN-DONE ep=0x81 len=0 status=2 actual=0
[3407] +123.770494 ASYNC-IN-SUBMIT ep=0x81 len=0 type=BULK (in, awaiting data)
[3408] +123.847075 ASYNC-IN-DONE ep=0x81 len=16 status=0 actual=16
	0000  08 00 00 18 ef 03 01 10  00 8e 00 10 65 02 00 00 |............e...|
[3409] +123.847179 ASYNC-IN-SUBMIT ep=0x81 len=0 type=BULK (in, awaiting data)
[3410] +123.957736 ASYNC-IN-DONE ep=0x81 len=0 status=2 actual=0
[3411] +123.957833 ASYNC-IN-SUBMIT ep=0x81 len=0 type=BULK (in, awaiting data)
[3412] +124.063994 ASYNC-IN-DONE ep=0x81 len=0 status=2 actual=0
[3413] +124.064068 ASYNC-IN-SUBMIT ep=0x81 len=0 type=BULK (in, awaiting data)
[3414] +124.176901 ASYNC-IN-DONE ep=0x81 len=0 status=2 actual=0
[3415] +124.176994 ASYNC-IN-SUBMIT ep=0x81 len=0 type=BULK (in, awaiting data)
[3416] +124.242340 ASYNC-OUT ep=0x01 len=16 type=BULK 
	0000  08 00 00 18 80 10 ed 03  00 9c 00 10 6f 1b 00 00 |............o...|
[3417] +124.242823 ASYNC-OUT-DONE ep=0x01 len=0 status=0 actual=16
[3418] +124.248120 ASYNC-IN-DONE ep=0x81 len=16 status=0 actual=16
	0000  08 00 00 18 ed 03 80 10  00 9e 00 10 ac 0d 00 00 |................|
[3419] +124.248213 ASYNC-IN-SUBMIT ep=0x81 len=0 type=BULK (in, awaiting data)
[3420] +124.349162 ASYNC-IN-DONE ep=0x81 len=0 status=2 actual=0
[3421] +124.349185 ASYNC-IN-SUBMIT ep=0x81 len=0 type=BULK (in, awaiting data)
[3422] +124.448982 ASYNC-IN-DONE ep=0x81 len=16 status=0 actual=16
	0000  08 00 00 18 f0 03 02 10  00 80 00 10 09 02 00 00 |................|
[3423] +124.449019 ASYNC-IN-SUBMIT ep=0x81 len=0 type=BULK (in, awaiting data)
[3424] +124.551652 ASYNC-IN-DONE ep=0x81 len=0 status=2 actual=0
[3425] +124.551680 ASYNC-IN-SUBMIT ep=0x81 len=0 type=BULK (in, awaiting data)
[3426] +124.605471 ASYNC-OUT ep=0x01 len=16 type=BULK 
	0000  08 00 00 18 02 10 f0 03  00 7a 00 10 b7 10 00 00 |.........z......|
[3427] +124.605654 ASYNC-OUT-DONE ep=0x01 len=0 status=0 actual=16
[3428] +124.654443 ASYNC-IN-DONE ep=0x81 len=0 status=2 actual=0
[3429] +124.654473 ASYNC-IN-SUBMIT ep=0x81 len=0 type=BULK (in, awaiting data)
[3430] +124.755084 ASYNC-IN-DONE ep=0x81 len=0 status=2 actual=0
[3431] +124.755131 ASYNC-IN-SUBMIT ep=0x81 len=0 type=BULK (in, awaiting data)
[3432] +124.761263 ASYNC-OUT ep=0x01 len=16 type=BULK 
	0000  08 00 00 18 01 10 ef 03  00 8a 00 10 93 1e 00 00 |................|
[3433] +124.761517 ASYNC-OUT-DONE ep=0x01 len=0 status=0 actual=16
[3434] +124.850191 ASYNC-IN-DONE ep=0x81 len=16 status=0 actual=16
	0000  08 00 00 18 ef 03 01 10  00 8f 00 10 65 02 00 00 |............e...|
[3435] +124.850242 ASYNC-IN-SUBMIT ep=0x81 len=0 type=BULK (in, awaiting data)
[3436] +124.963009 ASYNC-IN-DONE ep=0x81 len=0 status=2 actual=0
[3437] +124.963125 ASYNC-IN-SUBMIT ep=0x81 len=0 type=BULK (in, awaiting data)
[3438] +125.075980 ASYNC-IN-DONE ep=0x81 len=0 status=2 actual=0
[3439] +125.076059 ASYNC-IN-SUBMIT ep=0x81 len=0 type=BULK (in, awaiting data)
[3440] +125.188244 ASYNC-IN-DONE ep=0x81 len=0 status=2 actual=0
[3441] +125.188331 ASYNC-IN-SUBMIT ep=0x81 len=0 type=BULK (in, awaiting data)
[3442] +125.251815 ASYNC-IN-DONE ep=0x81 len=16 status=0 actual=16
	0000  08 00 00 18 ed 03 80 10  00 9f 00 10 ac 0d 00 00 |................|
[3443] +125.251923 ASYNC-IN-SUBMIT ep=0x81 len=0 type=BULK (in, awaiting data)
[3444] +125.345237 ASYNC-OUT ep=0x01 len=16 type=BULK 
	0000  08 00 00 18 80 10 ed 03  00 9d 00 10 6f 1b 00 00 |............o...|
[3445] +125.346105 ASYNC-OUT-DONE ep=0x01 len=0 status=0 actual=16
[3446] +125.361570 ASYNC-IN-DONE ep=0x81 len=0 status=2 actual=0
[3447] +125.361666 ASYNC-IN-SUBMIT ep=0x81 len=0 type=BULK (in, awaiting data)
[3448] +125.452197 ASYNC-IN-DONE ep=0x81 len=16 status=0 actual=16
	0000  08 00 00 18 f0 03 02 10  00 81 00 10 09 02 00 00 |................|
[3449] +125.452303 ASYNC-IN-SUBMIT ep=0x81 len=0 type=BULK (in, awaiting data)
[3450] +125.555310 ASYNC-IN-DONE ep=0x81 len=0 status=2 actual=0
[3451] +125.555386 ASYNC-IN-SUBMIT ep=0x81 len=0 type=BULK (in, awaiting data)
[3452] +125.656910 ASYNC-OUT ep=0x01 len=16 type=BULK 
	0000  08 00 00 18 02 10 f0 03  00 7b 00 10 b7 10 00 00 |.........{......|
[3453] +125.657009 ASYNC-IN-DONE ep=0x81 len=0 status=2 actual=0
[3454] +125.657036 ASYNC-IN-SUBMIT ep=0x81 len=0 type=BULK (in, awaiting data)
[3455] +125.657774 ASYNC-OUT-DONE ep=0x01 len=0 status=0 actual=16
[3456] +125.761666 ASYNC-IN-DONE ep=0x81 len=0 status=2 actual=0
[3457] +125.761751 ASYNC-IN-SUBMIT ep=0x81 len=0 type=BULK (in, awaiting data)
[3458] +125.813669 ASYNC-OUT ep=0x01 len=16 type=BULK 
	0000  08 00 00 18 01 10 ef 03  00 8b 00 10 93 1e 00 00 |................|
[3459] +125.814235 ASYNC-OUT-DONE ep=0x01 len=0 status=0 actual=16
[3460] +125.853443 ASYNC-IN-DONE ep=0x81 len=16 status=0 actual=16
	0000  08 00 00 18 ef 03 01 10  00 90 00 10 65 02 00 00 |............e...|
[3461] +125.853552 ASYNC-IN-SUBMIT ep=0x81 len=0 type=BULK (in, awaiting data)
[3462] +125.966056 ASYNC-IN-DONE ep=0x81 len=0 status=2 actual=0
[3463] +125.966126 ASYNC-IN-SUBMIT ep=0x81 len=0 type=BULK (in, awaiting data)
[3464] +126.068747 ASYNC-IN-DONE ep=0x81 len=0 status=2 actual=0
[3465] +126.068825 ASYNC-IN-SUBMIT ep=0x81 len=0 type=BULK (in, awaiting data)
[3466] +126.176438 ASYNC-IN-DONE ep=0x81 len=0 status=2 actual=0
[3467] +126.176574 ASYNC-IN-SUBMIT ep=0x81 len=0 type=BULK (in, awaiting data)
[3468] +126.254999 ASYNC-IN-DONE ep=0x81 len=16 status=0 actual=16
	0000  08 00 00 18 ed 03 80 10  00 a0 00 10 ac 0d 00 00 |................|
[3469] +126.255088 ASYNC-IN-SUBMIT ep=0x81 len=0 type=BULK (in, awaiting data)
[3470] +126.332723 ASYNC-OUT ep=0x01 len=16 type=BULK 
	0000  08 00 00 18 80 10 ed 03  00 9e 00 10 6f 1b 00 00 |............o...|
[3471] +126.332904 ASYNC-OUT-DONE ep=0x01 len=0 status=0 actual=16
[3472] +126.356091 ASYNC-IN-DONE ep=0x81 len=0 status=2 actual=0
[3473] +126.356163 ASYNC-IN-SUBMIT ep=0x81 len=0 type=BULK (in, awaiting data)
[3474] +126.455830 ASYNC-IN-DONE ep=0x81 len=16 status=0 actual=16
	0000  08 00 00 18 f0 03 02 10  00 82 00 10 09 02 00 00 |................|
[3475] +126.455951 ASYNC-IN-SUBMIT ep=0x81 len=0 type=BULK (in, awaiting data)
[3476] +126.568742 ASYNC-IN-DONE ep=0x81 len=0 status=2 actual=0
[3477] +126.568834 ASYNC-IN-SUBMIT ep=0x81 len=0 type=BULK (in, awaiting data)
[3478] +126.681677 ASYNC-IN-DONE ep=0x81 len=0 status=2 actual=0
[3479] +126.681740 ASYNC-IN-SUBMIT ep=0x81 len=0 type=BULK (in, awaiting data)
[3480] +126.695863 ASYNC-OUT ep=0x01 len=16 type=BULK 
	0000  08 00 00 18 02 10 f0 03  00 7c 00 10 b7 10 00 00 |.........|......|
[3481] +126.696038 ASYNC-OUT-DONE ep=0x01 len=0 status=0 actual=16
[3482] +126.794538 ASYNC-IN-DONE ep=0x81 len=0 status=2 actual=0
[3483] +126.794613 ASYNC-IN-SUBMIT ep=0x81 len=0 type=BULK (in, awaiting data)
[3484] +126.852031 ASYNC-OUT ep=0x01 len=16 type=BULK 
	0000  08 00 00 18 01 10 ef 03  00 8c 00 10 93 1e 00 00 |................|
[3485] +126.852377 ASYNC-OUT-DONE ep=0x01 len=0 status=0 actual=16
[3486] +126.856969 ASYNC-IN-DONE ep=0x81 len=16 status=0 actual=16
	0000  08 00 00 18 ef 03 01 10  00 91 00 10 65 02 00 00 |............e...|
[3487] +126.857004 ASYNC-IN-SUBMIT ep=0x81 len=0 type=BULK (in, awaiting data)
[3488] +126.969791 ASYNC-IN-DONE ep=0x81 len=0 status=2 actual=0
[3489] +126.969884 ASYNC-IN-SUBMIT ep=0x81 len=0 type=BULK (in, awaiting data)
[3490] +127.073713 ASYNC-IN-DONE ep=0x81 len=0 status=2 actual=0
[3491] +127.073814 ASYNC-IN-SUBMIT ep=0x81 len=0 type=BULK (in, awaiting data)
[3492] +127.183717 ASYNC-IN-DONE ep=0x81 len=0 status=2 actual=0
[3493] +127.183809 ASYNC-IN-SUBMIT ep=0x81 len=0 type=BULK (in, awaiting data)
[3494] +127.258302 ASYNC-IN-DONE ep=0x81 len=16 status=0 actual=16
	0000  08 00 00 18 ed 03 80 10  00 a1 00 10 ac 0d 00 00 |................|
[3495] +127.258417 ASYNC-IN-SUBMIT ep=0x81 len=0 type=BULK (in, awaiting data)
[3496] +127.365897 ASYNC-IN-DONE ep=0x81 len=0 status=2 actual=0
[3497] +127.365996 ASYNC-IN-SUBMIT ep=0x81 len=0 type=BULK (in, awaiting data)
[3498] +127.370311 ASYNC-OUT ep=0x01 len=16 type=BULK 
	0000  08 00 00 18 80 10 ed 03  00 9f 00 10 6f 1b 00 00 |............o...|
[3499] +127.370539 ASYNC-OUT-DONE ep=0x01 len=0 status=0 actual=16
[3500] +127.459135 ASYNC-IN-DONE ep=0x81 len=16 status=0 actual=16
	0000  08 00 00 18 f0 03 02 10  00 83 00 10 09 02 00 00 |................|
[3501] +127.459274 ASYNC-IN-SUBMIT ep=0x81 len=0 type=BULK (in, awaiting data)
[3502] +127.570518 ASYNC-IN-DONE ep=0x81 len=0 status=2 actual=0
[3503] +127.570627 ASYNC-IN-SUBMIT ep=0x81 len=0 type=BULK (in, awaiting data)
[3504] +127.682906 ASYNC-IN-DONE ep=0x81 len=0 status=2 actual=0
[3505] +127.682992 ASYNC-IN-SUBMIT ep=0x81 len=0 type=BULK (in, awaiting data)
[3506] +127.734702 ASYNC-OUT ep=0x01 len=16 type=BULK 
	0000  08 00 00 18 02 10 f0 03  00 7d 00 10 b7 10 00 00 |.........}......|
[3507] +127.735101 ASYNC-OUT-DONE ep=0x01 len=0 status=0 actual=16
[3508] +127.791949 ASYNC-IN-DONE ep=0x81 len=0 status=2 actual=0
[3509] +127.792049 ASYNC-IN-SUBMIT ep=0x81 len=0 type=BULK (in, awaiting data)
[3510] +127.861161 ASYNC-IN-DONE ep=0x81 len=16 status=0 actual=16
	0000  08 00 00 18 ef 03 01 10  00 92 00 10 65 02 00 00 |............e...|
[3511] +127.861347 ASYNC-IN-SUBMIT ep=0x81 len=0 type=BULK (in, awaiting data)
[3512] +127.890874 ASYNC-OUT ep=0x01 len=16 type=BULK 
	0000  08 00 00 18 01 10 ef 03  00 8d 00 10 93 1e 00 00 |................|
[3513] +127.891264 ASYNC-OUT-DONE ep=0x01 len=0 status=0 actual=16
[3514] +127.970976 ASYNC-IN-DONE ep=0x81 len=0 status=2 actual=0
[3515] +127.971059 ASYNC-IN-SUBMIT ep=0x81 len=0 type=BULK (in, awaiting data)
[3516] +128.075480 ASYNC-IN-DONE ep=0x81 len=0 status=2 actual=0
[3517] +128.075561 ASYNC-IN-SUBMIT ep=0x81 len=0 type=BULK (in, awaiting data)
[3518] +128.185596 ASYNC-IN-DONE ep=0x81 len=0 status=2 actual=0
[3519] +128.185749 ASYNC-IN-SUBMIT ep=0x81 len=0 type=BULK (in, awaiting data)
[3520] +128.261707 ASYNC-IN-DONE ep=0x81 len=16 status=0 actual=16
	0000  08 00 00 18 ed 03 80 10  00 a2 00 10 ac 0d 00 00 |................|
[3521] +128.261857 ASYNC-IN-SUBMIT ep=0x81 len=0 type=BULK (in, awaiting data)
[3522] +128.369147 ASYNC-IN-DONE ep=0x81 len=0 status=2 actual=0
[3523] +128.369239 ASYNC-IN-SUBMIT ep=0x81 len=0 type=BULK (in, awaiting data)
[3524] +128.410870 ASYNC-OUT ep=0x01 len=16 type=BULK 
	0000  08 00 00 18 80 10 ed 03  00 a0 00 10 6f 1b 00 00 |............o...|
[3525] +128.411194 ASYNC-OUT-DONE ep=0x01 len=0 status=0 actual=16
[3526] +128.462956 ASYNC-IN-DONE ep=0x81 len=16 status=0 actual=16
	0000  08 00 00 18 f0 03 02 10  00 84 00 10 09 02 00 00 |................|
[3527] +128.463082 ASYNC-IN-SUBMIT ep=0x81 len=0 type=BULK (in, awaiting data)
[3528] +128.568262 ASYNC-IN-DONE ep=0x81 len=0 status=2 actual=0
[3529] +128.568355 ASYNC-IN-SUBMIT ep=0x81 len=0 type=BULK (in, awaiting data)
[3530] +128.678502 ASYNC-IN-DONE ep=0x81 len=0 status=2 actual=0
[3531] +128.678576 ASYNC-IN-SUBMIT ep=0x81 len=0 type=BULK (in, awaiting data)
[3532] +128.774227 ASYNC-OUT ep=0x01 len=16 type=BULK 
	0000  08 00 00 18 02 10 f0 03  00 7e 00 10 b7 10 00 00 |.........~......|
[3533] +128.774572 ASYNC-OUT-DONE ep=0x01 len=0 status=0 actual=16
[3534] +128.791015 ASYNC-IN-DONE ep=0x81 len=0 status=2 actual=0
[3535] +128.791085 ASYNC-IN-SUBMIT ep=0x81 len=0 type=BULK (in, awaiting data)
[3536] +128.863777 ASYNC-IN-DONE ep=0x81 len=16 status=0 actual=16
	0000  08 00 00 18 ef 03 01 10  00 93 00 10 65 02 00 00 |............e...|
[3537] +128.863908 ASYNC-IN-SUBMIT ep=0x81 len=0 type=BULK (in, awaiting data)
[3538] +128.929430 ASYNC-OUT ep=0x01 len=16 type=BULK 
	0000  08 00 00 18 01 10 ef 03  00 8e 00 10 93 1e 00 00 |................|
[3539] +128.929783 ASYNC-OUT-DONE ep=0x01 len=0 status=0 actual=16
[3540] +128.968684 ASYNC-IN-DONE ep=0x81 len=0 status=2 actual=0
[3541] +128.968822 ASYNC-IN-SUBMIT ep=0x81 len=0 type=BULK (in, awaiting data)
[3542] +129.078504 ASYNC-IN-DONE ep=0x81 len=0 status=2 actual=0
[3543] +129.078558 ASYNC-IN-SUBMIT ep=0x81 len=0 type=BULK (in, awaiting data)
[3544] +129.187843 ASYNC-IN-DONE ep=0x81 len=0 status=2 actual=0
[3545] +129.187928 ASYNC-IN-SUBMIT ep=0x81 len=0 type=BULK (in, awaiting data)
[3546] +129.265125 ASYNC-IN-DONE ep=0x81 len=16 status=0 actual=16
	0000  08 00 00 18 ed 03 80 10  00 a3 00 10 ac 0d 00 00 |................|
[3547] +129.265271 ASYNC-IN-SUBMIT ep=0x81 len=0 type=BULK (in, awaiting data)
[3548] +129.378097 ASYNC-IN-DONE ep=0x81 len=0 status=2 actual=0
[3549] +129.378200 ASYNC-IN-SUBMIT ep=0x81 len=0 type=BULK (in, awaiting data)
[3550] +129.449252 ASYNC-OUT ep=0x01 len=16 type=BULK 
	0000  08 00 00 18 80 10 ed 03  00 a1 00 10 6f 1b 00 00 |............o...|
[3551] +129.449585 ASYNC-OUT-DONE ep=0x01 len=0 status=0 actual=16
[3552] +129.465803 ASYNC-IN-DONE ep=0x81 len=16 status=0 actual=16
	0000  08 00 00 18 f0 03 02 10  00 85 00 10 09 02 00 00 |................|
[3553] +129.465886 ASYNC-IN-SUBMIT ep=0x81 len=0 type=BULK (in, awaiting data)
[3554] +129.566180 ASYNC-IN-DONE ep=0x81 len=0 status=2 actual=0
[3555] +129.566279 ASYNC-IN-SUBMIT ep=0x81 len=0 type=BULK (in, awaiting data)
[3556] +129.669303 ASYNC-IN-DONE ep=0x81 len=0 status=2 actual=0
[3557] +129.669393 ASYNC-IN-SUBMIT ep=0x81 len=0 type=BULK (in, awaiting data)
[3558] +129.782208 ASYNC-IN-DONE ep=0x81 len=0 status=2 actual=0
[3559] +129.782304 ASYNC-IN-SUBMIT ep=0x81 len=0 type=BULK (in, awaiting data)
[3560] +129.813686 ASYNC-OUT ep=0x01 len=16 type=BULK 
	0000  08 00 00 18 02 10 f0 03  00 7f 00 10 b7 10 00 00 |................|
[3561] +129.814022 ASYNC-OUT-DONE ep=0x01 len=0 status=0 actual=16
[3562] +129.866973 ASYNC-IN-DONE ep=0x81 len=16 status=0 actual=16
	0000  08 00 00 18 ef 03 01 10  00 94 00 10 65 02 00 00 |............e...|
[3563] +129.867078 ASYNC-IN-SUBMIT ep=0x81 len=0 type=BULK (in, awaiting data)
[3564] +129.969803 ASYNC-OUT ep=0x01 len=16 type=BULK 
	0000  08 00 00 18 01 10 ef 03  00 8f 00 10 93 1e 00 00 |................|
[3565] +129.969962 ASYNC-IN-DONE ep=0x81 len=0 status=2 actual=0
[3566] +129.970014 ASYNC-IN-SUBMIT ep=0x81 len=0 type=BULK (in, awaiting data)
[3567] +129.970149 ASYNC-OUT-DONE ep=0x01 len=0 status=0 actual=16
[3568] +130.080073 ASYNC-IN-DONE ep=0x81 len=0 status=2 actual=0
[3569] +130.080163 ASYNC-IN-SUBMIT ep=0x81 len=0 type=BULK (in, awaiting data)
[3570] +130.191085 ASYNC-IN-DONE ep=0x81 len=0 status=2 actual=0
[3571] +130.191172 ASYNC-IN-SUBMIT ep=0x81 len=0 type=BULK (in, awaiting data)
[3572] +130.268313 ASYNC-IN-DONE ep=0x81 len=16 status=0 actual=16
	0000  08 00 00 18 ed 03 80 10  00 a4 00 10 ac 0d 00 00 |................|
[3573] +130.268434 ASYNC-IN-SUBMIT ep=0x81 len=0 type=BULK (in, awaiting data)
[3574] +130.381242 ASYNC-IN-DONE ep=0x81 len=0 status=2 actual=0
[3575] +130.381345 ASYNC-IN-SUBMIT ep=0x81 len=0 type=BULK (in, awaiting data)
[3576] +130.468705 ASYNC-IN-DONE ep=0x81 len=16 status=0 actual=16
	0000  08 00 00 18 f0 03 02 10  00 86 00 10 09 02 00 00 |................|
[3577] +130.468834 ASYNC-IN-SUBMIT ep=0x81 len=0 type=BULK (in, awaiting data)
[3578] +130.488990 ASYNC-OUT ep=0x01 len=16 type=BULK 
	0000  08 00 00 18 80 10 ed 03  00 a2 00 10 6f 1b 00 00 |............o...|
[3579] +130.489247 ASYNC-OUT-DONE ep=0x01 len=0 status=0 actual=16
[3580] +130.581653 ASYNC-IN-DONE ep=0x81 len=0 status=2 actual=0
[3581] +130.581744 ASYNC-IN-SUBMIT ep=0x81 len=0 type=BULK (in, awaiting data)
[3582] +130.694389 ASYNC-IN-DONE ep=0x81 len=0 status=2 actual=0
[3583] +130.694482 ASYNC-IN-SUBMIT ep=0x81 len=0 type=BULK (in, awaiting data)
[3584] +130.796734 ASYNC-IN-DONE ep=0x81 len=0 status=2 actual=0
[3585] +130.796798 ASYNC-IN-SUBMIT ep=0x81 len=0 type=BULK (in, awaiting data)
[3586] +130.852108 ASYNC-OUT ep=0x01 len=16 type=BULK 
	0000  08 00 00 18 02 10 f0 03  00 80 00 10 b7 10 00 00 |................|
[3587] +130.852574 ASYNC-OUT-DONE ep=0x01 len=0 status=0 actual=16
[3588] +130.870248 ASYNC-IN-DONE ep=0x81 len=16 status=0 actual=16
	0000  08 00 00 18 ef 03 01 10  00 95 00 10 65 02 00 00 |............e...|
[3589] +130.870300 ASYNC-IN-SUBMIT ep=0x81 len=0 type=BULK (in, awaiting data)
[3590] +130.979224 ASYNC-IN-DONE ep=0x81 len=0 status=2 actual=0
[3591] +130.979255 ASYNC-IN-SUBMIT ep=0x81 len=0 type=BULK (in, awaiting data)
[3592] +131.008221 ASYNC-OUT ep=0x01 len=16 type=BULK 
	0000  08 00 00 18 01 10 ef 03  00 90 00 10 93 1e 00 00 |................|
[3593] +131.008475 ASYNC-OUT-DONE ep=0x01 len=0 status=0 actual=16
[3594] +131.091973 ASYNC-IN-DONE ep=0x81 len=0 status=2 actual=0
[3595] +131.092000 ASYNC-IN-SUBMIT ep=0x81 len=0 type=BULK (in, awaiting data)
[3596] +131.203221 ASYNC-IN-DONE ep=0x81 len=0 status=2 actual=0
[3597] +131.203301 ASYNC-IN-SUBMIT ep=0x81 len=0 type=BULK (in, awaiting data)
[3598] +131.271559 ASYNC-IN-DONE ep=0x81 len=16 status=0 actual=16
	0000  08 00 00 18 ed 03 80 10  00 a5 00 10 ac 0d 00 00 |................|
[3599] +131.271686 ASYNC-IN-SUBMIT ep=0x81 len=0 type=BULK (in, awaiting data)
[3600] +131.373429 ASYNC-IN-DONE ep=0x81 len=0 status=2 actual=0
[3601] +131.373517 ASYNC-IN-SUBMIT ep=0x81 len=0 type=BULK (in, awaiting data)
[3602] +131.472267 ASYNC-IN-DONE ep=0x81 len=16 status=0 actual=16
	0000  08 00 00 18 f0 03 02 10  00 87 00 10 09 02 00 00 |................|
[3603] +131.472440 ASYNC-IN-SUBMIT ep=0x81 len=0 type=BULK (in, awaiting data)
[3604] +131.528806 ASYNC-OUT ep=0x01 len=16 type=BULK 
	0000  08 00 00 18 80 10 ed 03  00 a3 00 10 6f 1b 00 00 |............o...|
[3605] +131.529314 ASYNC-OUT-DONE ep=0x01 len=0 status=0 actual=16
[3606] +131.577456 ASYNC-IN-DONE ep=0x81 len=0 status=2 actual=0
[3607] +131.577542 ASYNC-IN-SUBMIT ep=0x81 len=0 type=BULK (in, awaiting data)
[3608] +131.688766 ASYNC-IN-DONE ep=0x81 len=0 status=2 actual=0
[3609] +131.688863 ASYNC-IN-SUBMIT ep=0x81 len=0 type=BULK (in, awaiting data)
[3610] +131.794204 ASYNC-IN-DONE ep=0x81 len=0 status=2 actual=0
[3611] +131.794307 ASYNC-IN-SUBMIT ep=0x81 len=0 type=BULK (in, awaiting data)
[3612] +131.873454 ASYNC-IN-DONE ep=0x81 len=16 status=0 actual=16
	0000  08 00 00 18 ef 03 01 10  00 96 00 10 65 02 00 00 |............e...|
[3613] +131.873564 ASYNC-IN-SUBMIT ep=0x81 len=0 type=BULK (in, awaiting data)
[3614] +131.893032 ASYNC-OUT ep=0x01 len=16 type=BULK 
	0000  08 00 00 18 02 10 f0 03  00 81 00 10 b7 10 00 00 |................|
[3615] +131.893333 ASYNC-OUT-DONE ep=0x01 len=0 status=0 actual=16
[3616] +131.985933 ASYNC-IN-DONE ep=0x81 len=0 status=2 actual=0
[3617] +131.986005 ASYNC-IN-SUBMIT ep=0x81 len=0 type=BULK (in, awaiting data)
[3618] +132.048901 ASYNC-OUT ep=0x01 len=16 type=BULK 
	0000  08 00 00 18 01 10 ef 03  00 91 00 10 93 1e 00 00 |................|
[3619] +132.049241 ASYNC-OUT-DONE ep=0x01 len=0 status=0 actual=16
[3620] +132.095910 ASYNC-IN-DONE ep=0x81 len=0 status=2 actual=0
[3621] +132.095983 ASYNC-IN-SUBMIT ep=0x81 len=0 type=BULK (in, awaiting data)
[3622] +132.208227 ASYNC-IN-DONE ep=0x81 len=0 status=2 actual=0
[3623] +132.208307 ASYNC-IN-SUBMIT ep=0x81 len=0 type=BULK (in, awaiting data)
[3624] +132.274999 ASYNC-IN-DONE ep=0x81 len=16 status=0 actual=16
	0000  08 00 00 18 ed 03 80 10  00 a6 00 10 ac 0d 00 00 |................|
[3625] +132.275150 ASYNC-IN-SUBMIT ep=0x81 len=0 type=BULK (in, awaiting data)
[3626] +132.388042 ASYNC-IN-DONE ep=0x81 len=0 status=2 actual=0
[3627] +132.388143 ASYNC-IN-SUBMIT ep=0x81 len=0 type=BULK (in, awaiting data)
[3628] +132.475521 ASYNC-IN-DONE ep=0x81 len=16 status=0 actual=16
	0000  08 00 00 18 f0 03 02 10  00 88 00 10 09 02 00 00 |................|
[3629] +132.475654 ASYNC-IN-SUBMIT ep=0x81 len=0 type=BULK (in, awaiting data)
[3630] +132.566186 ASYNC-OUT ep=0x01 len=16 type=BULK 
	0000  08 00 00 18 80 10 ed 03  00 a4 00 10 6f 1b 00 00 |............o...|
[3631] +132.566523 ASYNC-OUT-DONE ep=0x01 len=0 status=0 actual=16
[3632] +132.588203 ASYNC-IN-DONE ep=0x81 len=0 status=2 actual=0
[3633] +132.588275 ASYNC-IN-SUBMIT ep=0x81 len=0 type=BULK (in, awaiting data)
[3634] +132.691038 ASYNC-IN-DONE ep=0x81 len=0 status=2 actual=0
[3635] +132.691137 ASYNC-IN-SUBMIT ep=0x81 len=0 type=BULK (in, awaiting data)
[3636] +132.799165 ASYNC-IN-DONE ep=0x81 len=0 status=2 actual=0
[3637] +132.799271 ASYNC-IN-SUBMIT ep=0x81 len=0 type=BULK (in, awaiting data)
[3638] +132.877047 ASYNC-IN-DONE ep=0x81 len=16 status=0 actual=16
	0000  08 00 00 18 ef 03 01 10  00 97 00 10 65 02 00 00 |............e...|
[3639] +132.877171 ASYNC-IN-SUBMIT ep=0x81 len=0 type=BULK (in, awaiting data)
[3640] +132.929315 ASYNC-OUT ep=0x01 len=16 type=BULK 
	0000  08 00 00 18 02 10 f0 03  00 82 00 10 b7 10 00 00 |................|
[3641] +132.929610 ASYNC-OUT-DONE ep=0x01 len=0 status=0 actual=16
[3642] +132.983759 ASYNC-IN-DONE ep=0x81 len=0 status=2 actual=0
[3643] +132.983843 ASYNC-IN-SUBMIT ep=0x81 len=0 type=BULK (in, awaiting data)
[3644] +133.085489 ASYNC-OUT ep=0x01 len=16 type=BULK 
	0000  08 00 00 18 01 10 ef 03  00 92 00 10 93 1e 00 00 |................|
[3645] +133.085833 ASYNC-OUT-DONE ep=0x01 len=0 status=0 actual=16
[3646] +133.090999 ASYNC-IN-DONE ep=0x81 len=0 status=2 actual=0
[3647] +133.091039 ASYNC-IN-SUBMIT ep=0x81 len=0 type=BULK (in, awaiting data)
[3648] +133.203843 ASYNC-IN-DONE ep=0x81 len=0 status=2 actual=0
[3649] +133.203939 ASYNC-IN-SUBMIT ep=0x81 len=0 type=BULK (in, awaiting data)
[3650] +133.278292 ASYNC-IN-DONE ep=0x81 len=16 status=0 actual=16
	0000  08 00 00 18 ed 03 80 10  00 a7 00 10 ac 0d 00 00 |................|
[3651] +133.278387 ASYNC-IN-SUBMIT ep=0x81 len=0 type=BULK (in, awaiting data)
[3652] +133.388267 ASYNC-IN-DONE ep=0x81 len=0 status=2 actual=0
[3653] +133.388362 ASYNC-IN-SUBMIT ep=0x81 len=0 type=BULK (in, awaiting data)
[3654] +133.478979 ASYNC-IN-DONE ep=0x81 len=16 status=0 actual=16
	0000  08 00 00 18 f0 03 02 10  00 89 00 10 09 02 00 00 |................|
[3655] +133.479100 ASYNC-IN-SUBMIT ep=0x81 len=0 type=BULK (in, awaiting data)
[3656] +133.591037 ASYNC-IN-DONE ep=0x81 len=0 status=2 actual=0
[3657] +133.591134 ASYNC-IN-SUBMIT ep=0x81 len=0 type=BULK (in, awaiting data)
[3658] +133.603775 ASYNC-OUT ep=0x01 len=16 type=BULK 
	0000  08 00 00 18 80 10 ed 03  00 a5 00 10 6f 1b 00 00 |............o...|
[3659] +133.604055 ASYNC-OUT-DONE ep=0x01 len=0 status=0 actual=16
[3660] +133.696263 ASYNC-IN-DONE ep=0x81 len=0 status=2 actual=0
[3661] +133.696366 ASYNC-IN-SUBMIT ep=0x81 len=0 type=BULK (in, awaiting data)
[3662] +133.803101 ASYNC-IN-DONE ep=0x81 len=0 status=2 actual=0
[3663] +133.803204 ASYNC-IN-SUBMIT ep=0x81 len=0 type=BULK (in, awaiting data)
[3664] +133.880606 ASYNC-IN-DONE ep=0x81 len=16 status=0 actual=16
	0000  08 00 00 18 ef 03 01 10  00 98 00 10 65 02 00 00 |............e...|
[3665] +133.880694 ASYNC-IN-SUBMIT ep=0x81 len=0 type=BULK (in, awaiting data)
[3666] +133.966948 ASYNC-OUT ep=0x01 len=16 type=BULK 
	0000  08 00 00 18 02 10 f0 03  00 83 00 10 b7 10 00 00 |................|
[3667] +133.967291 ASYNC-OUT-DONE ep=0x01 len=0 status=0 actual=16
[3668] +133.993458 ASYNC-IN-DONE ep=0x81 len=0 status=2 actual=0
[3669] +133.993515 ASYNC-IN-SUBMIT ep=0x81 len=0 type=BULK (in, awaiting data)
[3670] +134.105873 ASYNC-IN-DONE ep=0x81 len=0 status=2 actual=0
[3671] +134.105953 ASYNC-IN-SUBMIT ep=0x81 len=0 type=BULK (in, awaiting data)
[3672] +134.122387 ASYNC-OUT ep=0x01 len=16 type=BULK 
	0000  08 00 00 18 01 10 ef 03  00 93 00 10 93 1e 00 00 |................|
[3673] +134.122711 ASYNC-OUT-DONE ep=0x01 len=0 status=0 actual=16
[3674] +134.218783 ASYNC-IN-DONE ep=0x81 len=0 status=2 actual=0
[3675] +134.218867 ASYNC-IN-SUBMIT ep=0x81 len=0 type=BULK (in, awaiting data)
[3676] +134.281444 ASYNC-IN-DONE ep=0x81 len=16 status=0 actual=16
	0000  08 00 00 18 ed 03 80 10  00 a8 00 10 ac 0d 00 00 |................|
[3677] +134.281581 ASYNC-IN-SUBMIT ep=0x81 len=0 type=BULK (in, awaiting data)
[3678] +134.394133 ASYNC-IN-DONE ep=0x81 len=0 status=2 actual=0
[3679] +134.394212 ASYNC-IN-SUBMIT ep=0x81 len=0 type=BULK (in, awaiting data)
[3680] +134.482593 ASYNC-IN-DONE ep=0x81 len=16 status=0 actual=16
	0000  08 00 00 18 f0 03 02 10  00 8a 00 10 09 02 00 00 |................|
[3681] +134.482706 ASYNC-IN-SUBMIT ep=0x81 len=0 type=BULK (in, awaiting data)
[3682] +134.595224 ASYNC-IN-DONE ep=0x81 len=0 status=2 actual=0
[3683] +134.595334 ASYNC-IN-SUBMIT ep=0x81 len=0 type=BULK (in, awaiting data)
[3684] +134.641913 ASYNC-OUT ep=0x01 len=16 type=BULK 
	0000  08 00 00 18 80 10 ed 03  00 a6 00 10 6f 1b 00 00 |............o...|
[3685] +134.642229 ASYNC-OUT-DONE ep=0x01 len=0 status=0 actual=16
[3686] +134.708153 ASYNC-IN-DONE ep=0x81 len=0 status=2 actual=0
[3687] +134.708229 ASYNC-IN-SUBMIT ep=0x81 len=0 type=BULK (in, awaiting data)
[3688] +134.811929 ASYNC-IN-DONE ep=0x81 len=0 status=2 actual=0
[3689] +134.812021 ASYNC-IN-SUBMIT ep=0x81 len=0 type=BULK (in, awaiting data)
[3690] +134.883428 ASYNC-IN-DONE ep=0x81 len=16 status=0 actual=16
	0000  08 00 00 18 ef 03 01 10  00 99 00 10 65 02 00 00 |............e...|
[3691] +134.883606 ASYNC-IN-SUBMIT ep=0x81 len=0 type=BULK (in, awaiting data)
[3692] +134.988265 ASYNC-IN-DONE ep=0x81 len=0 status=2 actual=0
[3693] +134.988364 ASYNC-IN-SUBMIT ep=0x81 len=0 type=BULK (in, awaiting data)
[3694] +135.009147 ASYNC-OUT ep=0x01 len=16 type=BULK 
	0000  08 00 00 18 02 10 f0 03  00 84 00 10 b7 10 00 00 |................|
[3695] +135.009511 ASYNC-OUT-DONE ep=0x01 len=0 status=0 actual=16
[3696] +135.090463 ASYNC-IN-DONE ep=0x81 len=0 status=2 actual=0
[3697] +135.090535 ASYNC-IN-SUBMIT ep=0x81 len=0 type=BULK (in, awaiting data)
[3698] +135.165302 ASYNC-OUT ep=0x01 len=16 type=BULK 
	0000  08 00 00 18 01 10 ef 03  00 94 00 10 93 1e 00 00 |................|
[3699] +135.165620 ASYNC-OUT-DONE ep=0x01 len=0 status=0 actual=16
[3700] +135.194342 ASYNC-IN-DONE ep=0x81 len=0 status=2 actual=0
[3701] +135.194405 ASYNC-IN-SUBMIT ep=0x81 len=0 type=BULK (in, awaiting data)
[3702] +135.285046 ASYNC-IN-DONE ep=0x81 len=16 status=0 actual=16
	0000  08 00 00 18 ed 03 80 10  00 a9 00 10 ac 0d 00 00 |................|
[3703] +135.285187 ASYNC-IN-SUBMIT ep=0x81 len=0 type=BULK (in, awaiting data)
[3704] +135.385870 ASYNC-IN-DONE ep=0x81 len=0 status=2 actual=0
[3705] +135.385964 ASYNC-IN-SUBMIT ep=0x81 len=0 type=BULK (in, awaiting data)
[3706] +135.486420 ASYNC-IN-DONE ep=0x81 len=16 status=0 actual=16
	0000  08 00 00 18 f0 03 02 10  00 8b 00 10 09 02 00 00 |................|
[3707] +135.486530 ASYNC-IN-SUBMIT ep=0x81 len=0 type=BULK (in, awaiting data)
[3708] +135.595236 ASYNC-IN-DONE ep=0x81 len=0 status=2 actual=0
[3709] +135.595357 ASYNC-IN-SUBMIT ep=0x81 len=0 type=BULK (in, awaiting data)
[3710] +135.683333 ASYNC-OUT ep=0x01 len=16 type=BULK 
	0000  08 00 00 18 80 10 ed 03  00 a7 00 10 6f 1b 00 00 |............o...|
[3711] +135.683716 ASYNC-OUT-DONE ep=0x01 len=0 status=0 actual=16
[3712] +135.707697 ASYNC-IN-DONE ep=0x81 len=0 status=2 actual=0
[3713] +135.707769 ASYNC-IN-SUBMIT ep=0x81 len=0 type=BULK (in, awaiting data)
[3714] +135.809939 ASYNC-IN-DONE ep=0x81 len=0 status=2 actual=0
[3715] +135.809969 ASYNC-IN-SUBMIT ep=0x81 len=0 type=BULK (in, awaiting data)
[3716] +135.887799 ASYNC-IN-DONE ep=0x81 len=16 status=0 actual=16
	0000  08 00 00 18 ef 03 01 10  00 9a 00 10 65 02 00 00 |............e...|
[3717] +135.887946 ASYNC-IN-SUBMIT ep=0x81 len=0 type=BULK (in, awaiting data)
[3718] +135.988847 ASYNC-IN-DONE ep=0x81 len=0 status=2 actual=0
[3719] +135.988924 ASYNC-IN-SUBMIT ep=0x81 len=0 type=BULK (in, awaiting data)
[3720] +136.047212 ASYNC-OUT ep=0x01 len=16 type=BULK 
	0000  08 00 00 18 02 10 f0 03  00 85 00 10 b7 10 00 00 |................|
[3721] +136.047545 ASYNC-OUT-DONE ep=0x01 len=0 status=0 actual=16
[3722] +136.095483 ASYNC-IN-DONE ep=0x81 len=0 status=2 actual=0
[3723] +136.095542 ASYNC-IN-SUBMIT ep=0x81 len=0 type=BULK (in, awaiting data)
[3724] +136.202861 ASYNC-OUT ep=0x01 len=16 type=BULK 
	0000  08 00 00 18 01 10 ef 03  00 95 00 10 93 1e 00 00 |................|
[3725] +136.203193 ASYNC-OUT-DONE ep=0x01 len=0 status=0 actual=16
[3726] +136.208193 ASYNC-IN-DONE ep=0x81 len=0 status=2 actual=0
[3727] +136.208246 ASYNC-IN-SUBMIT ep=0x81 len=0 type=BULK (in, awaiting data)
[3728] +136.288590 ASYNC-IN-DONE ep=0x81 len=16 status=0 actual=16
	0000  08 00 00 18 ed 03 80 10  00 aa 00 10 ac 0d 00 00 |................|
[3729] +136.288728 ASYNC-IN-SUBMIT ep=0x81 len=0 type=BULK (in, awaiting data)
[3730] +136.390964 ASYNC-IN-DONE ep=0x81 len=0 status=2 actual=0
[3731] +136.391044 ASYNC-IN-SUBMIT ep=0x81 len=0 type=BULK (in, awaiting data)
[3732] +136.489810 ASYNC-IN-DONE ep=0x81 len=16 status=0 actual=16
	0000  08 00 00 18 f0 03 02 10  00 8c 00 10 09 02 00 00 |................|
[3733] +136.489929 ASYNC-IN-SUBMIT ep=0x81 len=0 type=BULK (in, awaiting data)
[3734] +136.594303 ASYNC-IN-DONE ep=0x81 len=0 status=2 actual=0
[3735] +136.594374 ASYNC-IN-SUBMIT ep=0x81 len=0 type=BULK (in, awaiting data)
[3736] +136.707219 ASYNC-IN-DONE ep=0x81 len=0 status=2 actual=0
[3737] +136.707317 ASYNC-IN-SUBMIT ep=0x81 len=0 type=BULK (in, awaiting data)
[3738] +136.721497 ASYNC-OUT ep=0x01 len=16 type=BULK 
	0000  08 00 00 18 80 10 ed 03  00 a8 00 10 6f 1b 00 00 |............o...|
[3739] +136.721780 ASYNC-OUT-DONE ep=0x01 len=0 status=0 actual=16
[3740] +136.808246 ASYNC-IN-DONE ep=0x81 len=0 status=2 actual=0
[3741] +136.808325 ASYNC-IN-SUBMIT ep=0x81 len=0 type=BULK (in, awaiting data)
[3742] +136.890561 ASYNC-IN-DONE ep=0x81 len=16 status=0 actual=16
	0000  08 00 00 18 ef 03 01 10  00 9b 00 10 65 02 00 00 |............e...|
[3743] +136.890674 ASYNC-IN-SUBMIT ep=0x81 len=0 type=BULK (in, awaiting data)
[3744] +137.000903 ASYNC-IN-DONE ep=0x81 len=0 status=2 actual=0
[3745] +137.000980 ASYNC-IN-SUBMIT ep=0x81 len=0 type=BULK (in, awaiting data)
[3746] +137.085601 ASYNC-OUT ep=0x01 len=16 type=BULK 
	0000  08 00 00 18 02 10 f0 03  00 86 00 10 b7 10 00 00 |................|
[3747] +137.085885 ASYNC-OUT-DONE ep=0x01 len=0 status=0 actual=16
[3748] +137.113817 ASYNC-IN-DONE ep=0x81 len=0 status=2 actual=0
[3749] +137.113914 ASYNC-IN-SUBMIT ep=0x81 len=0 type=BULK (in, awaiting data)
[3750] +137.225152 ASYNC-IN-DONE ep=0x81 len=0 status=2 actual=0
[3751] +137.225251 ASYNC-IN-SUBMIT ep=0x81 len=0 type=BULK (in, awaiting data)
[3752] +137.242104 ASYNC-OUT ep=0x01 len=16 type=BULK 
	0000  08 00 00 18 01 10 ef 03  00 96 00 10 93 1e 00 00 |................|
[3753] +137.242460 ASYNC-OUT-DONE ep=0x01 len=0 status=0 actual=16
[3754] +137.291368 ASYNC-IN-DONE ep=0x81 len=16 status=0 actual=16
	0000  08 00 00 18 ed 03 80 10  00 ab 00 10 ac 0d 00 00 |................|
[3755] +137.291513 ASYNC-IN-SUBMIT ep=0x81 len=0 type=BULK (in, awaiting data)
[3756] +137.402142 ASYNC-IN-DONE ep=0x81 len=0 status=2 actual=0
[3757] +137.402218 ASYNC-IN-SUBMIT ep=0x81 len=0 type=BULK (in, awaiting data)
[3758] +137.492526 ASYNC-IN-DONE ep=0x81 len=16 status=0 actual=16
	0000  08 00 00 18 f0 03 02 10  00 8d 00 10 09 02 00 00 |................|
[3759] +137.492632 ASYNC-IN-SUBMIT ep=0x81 len=0 type=BULK (in, awaiting data)
[3760] +137.603538 ASYNC-IN-DONE ep=0x81 len=0 status=2 actual=0
[3761] +137.603637 ASYNC-IN-SUBMIT ep=0x81 len=0 type=BULK (in, awaiting data)
[3762] +137.704090 ASYNC-IN-DONE ep=0x81 len=0 status=2 actual=0
[3763] +137.704171 ASYNC-IN-SUBMIT ep=0x81 len=0 type=BULK (in, awaiting data)
[3764] +137.761451 ASYNC-OUT ep=0x01 len=16 type=BULK 
	0000  08 00 00 18 80 10 ed 03  00 a9 00 10 6f 1b 00 00 |............o...|
[3765] +137.761784 ASYNC-OUT-DONE ep=0x01 len=0 status=0 actual=16
[3766] +137.811026 ASYNC-IN-DONE ep=0x81 len=0 status=2 actual=0
[3767] +137.811109 ASYNC-IN-SUBMIT ep=0x81 len=0 type=BULK (in, awaiting data)
[3768] +137.893317 ASYNC-IN-DONE ep=0x81 len=16 status=0 actual=16
	0000  08 00 00 18 ef 03 01 10  00 9c 00 10 65 02 00 00 |............e...|
[3769] +137.893463 ASYNC-IN-SUBMIT ep=0x81 len=0 type=BULK (in, awaiting data)
[3770] +138.005876 ASYNC-IN-DONE ep=0x81 len=0 status=2 actual=0
[3771] +138.005974 ASYNC-IN-SUBMIT ep=0x81 len=0 type=BULK (in, awaiting data)
[3772] +138.116859 ASYNC-IN-DONE ep=0x81 len=0 status=2 actual=0
[3773] +138.116953 ASYNC-IN-SUBMIT ep=0x81 len=0 type=BULK (in, awaiting data)
[3774] +138.125153 ASYNC-OUT ep=0x01 len=16 type=BULK 
	0000  08 00 00 18 02 10 f0 03  00 87 00 10 b7 10 00 00 |................|
[3775] +138.125408 ASYNC-OUT-DONE ep=0x01 len=0 status=0 actual=16
[3776] +138.228546 ASYNC-IN-DONE ep=0x81 len=0 status=2 actual=0
[3777] +138.228649 ASYNC-IN-SUBMIT ep=0x81 len=0 type=BULK (in, awaiting data)
[3778] +138.280478 ASYNC-OUT ep=0x01 len=16 type=BULK 
	0000  08 00 00 18 01 10 ef 03  00 97 00 10 93 1e 00 00 |................|
[3779] +138.280851 ASYNC-OUT-DONE ep=0x01 len=0 status=0 actual=16
[3780] +138.294978 ASYNC-IN-DONE ep=0x81 len=16 status=0 actual=16
	0000  08 00 00 18 ed 03 80 10  00 ac 00 10 ac 0d 00 00 |................|
[3781] +138.295124 ASYNC-IN-SUBMIT ep=0x81 len=0 type=BULK (in, awaiting data)
[3782] +138.407899 ASYNC-IN-DONE ep=0x81 len=0 status=2 actual=0
[3783] +138.408008 ASYNC-IN-SUBMIT ep=0x81 len=0 type=BULK (in, awaiting data)
[3784] +138.495393 ASYNC-IN-DONE ep=0x81 len=16 status=0 actual=16
	0000  08 00 00 18 f0 03 02 10  00 8e 00 10 09 02 00 00 |................|
[3785] +138.495522 ASYNC-IN-SUBMIT ep=0x81 len=0 type=BULK (in, awaiting data)
[3786] +138.602897 ASYNC-IN-DONE ep=0x81 len=0 status=2 actual=0
[3787] +138.603015 ASYNC-IN-SUBMIT ep=0x81 len=0 type=BULK (in, awaiting data)
[3788] +138.705092 ASYNC-IN-DONE ep=0x81 len=0 status=2 actual=0
[3789] +138.705176 ASYNC-IN-SUBMIT ep=0x81 len=0 type=BULK (in, awaiting data)
[3790] +138.800123 ASYNC-OUT ep=0x01 len=16 type=BULK 
	0000  08 00 00 18 80 10 ed 03  00 aa 00 10 6f 1b 00 00 |............o...|
[3791] +138.800457 ASYNC-OUT-DONE ep=0x01 len=0 status=0 actual=16
[3792] +138.810663 ASYNC-IN-DONE ep=0x81 len=0 status=2 actual=0
[3793] +138.810719 ASYNC-IN-SUBMIT ep=0x81 len=0 type=BULK (in, awaiting data)
[3794] +138.897075 ASYNC-IN-DONE ep=0x81 len=16 status=0 actual=16
	0000  08 00 00 18 ef 03 01 10  00 9d 00 10 65 02 00 00 |............e...|
[3795] +138.897181 ASYNC-IN-SUBMIT ep=0x81 len=0 type=BULK (in, awaiting data)
[3796] +139.010007 ASYNC-IN-DONE ep=0x81 len=0 status=2 actual=0
[3797] +139.010123 ASYNC-IN-SUBMIT ep=0x81 len=0 type=BULK (in, awaiting data)
[3798] +139.123002 ASYNC-IN-DONE ep=0x81 len=0 status=2 actual=0
[3799] +139.123084 ASYNC-IN-SUBMIT ep=0x81 len=0 type=BULK (in, awaiting data)
[3800] +139.161915 ASYNC-OUT ep=0x01 len=16 type=BULK 
	0000  08 00 00 18 02 10 f0 03  00 88 00 10 b7 10 00 00 |................|
[3801] +139.162265 ASYNC-OUT-DONE ep=0x01 len=0 status=0 actual=16
[3802] +139.227901 ASYNC-IN-DONE ep=0x81 len=0 status=2 actual=0
[3803] +139.227975 ASYNC-IN-SUBMIT ep=0x81 len=0 type=BULK (in, awaiting data)
[3804] +139.298270 ASYNC-IN-DONE ep=0x81 len=16 status=0 actual=16
	0000  08 00 00 18 ed 03 80 10  00 ad 00 10 ac 0d 00 00 |................|
[3805] +139.298382 ASYNC-IN-SUBMIT ep=0x81 len=0 type=BULK (in, awaiting data)
[3806] +139.316294 ASYNC-OUT ep=0x01 len=16 type=BULK 
	0000  08 00 00 18 01 10 ef 03  00 98 00 10 93 1e 00 00 |................|
[3807] +139.316571 ASYNC-OUT-DONE ep=0x01 len=0 status=0 actual=16
[3808] +139.411189 ASYNC-IN-DONE ep=0x81 len=0 status=2 actual=0
[3809] +139.411249 ASYNC-IN-SUBMIT ep=0x81 len=0 type=BULK (in, awaiting data)
[3810] +139.499305 ASYNC-IN-DONE ep=0x81 len=16 status=0 actual=16
	0000  08 00 00 18 f0 03 02 10  00 8f 00 10 09 02 00 00 |................|
[3811] +139.499353 ASYNC-IN-SUBMIT ep=0x81 len=0 type=BULK (in, awaiting data)
[3812] +139.612190 ASYNC-IN-DONE ep=0x81 len=0 status=2 actual=0
[3813] +139.612267 ASYNC-IN-SUBMIT ep=0x81 len=0 type=BULK (in, awaiting data)
[3814] +139.721712 ASYNC-IN-DONE ep=0x81 len=0 status=2 actual=0
[3815] +139.721806 ASYNC-IN-SUBMIT ep=0x81 len=0 type=BULK (in, awaiting data)
[3816] +139.833714 ASYNC-IN-DONE ep=0x81 len=0 status=2 actual=0
[3817] +139.833764 ASYNC-IN-SUBMIT ep=0x81 len=0 type=BULK (in, awaiting data)
[3818] +139.836285 ASYNC-OUT ep=0x01 len=16 type=BULK 
	0000  08 00 00 18 80 10 ed 03  00 ab 00 10 6f 1b 00 00 |............o...|
[3819] +139.836596 ASYNC-OUT-DONE ep=0x01 len=0 status=0 actual=16
[3820] +139.900083 ASYNC-IN-DONE ep=0x81 len=16 status=0 actual=16
	0000  08 00 00 18 ef 03 01 10  00 9e 00 10 65 02 00 00 |............e...|
[3821] +139.900149 ASYNC-IN-SUBMIT ep=0x81 len=0 type=BULK (in, awaiting data)
[3822] +140.001440 ASYNC-IN-DONE ep=0x81 len=0 status=2 actual=0
[3823] +140.001552 ASYNC-IN-SUBMIT ep=0x81 len=0 type=BULK (in, awaiting data)
[3824] +140.103960 ASYNC-IN-DONE ep=0x81 len=0 status=2 actual=0
[3825] +140.104066 ASYNC-IN-SUBMIT ep=0x81 len=0 type=BULK (in, awaiting data)
[3826] +140.200269 ASYNC-OUT ep=0x01 len=16 type=BULK 
	0000  08 00 00 18 02 10 f0 03  00 89 00 10 b7 10 00 00 |................|
[3827] +140.200588 ASYNC-OUT-DONE ep=0x01 len=0 status=0 actual=16
[3828] +140.209982 ASYNC-IN-DONE ep=0x81 len=0 status=2 actual=0
[3829] +140.210073 ASYNC-IN-SUBMIT ep=0x81 len=0 type=BULK (in, awaiting data)
[3830] +140.301305 ASYNC-IN-DONE ep=0x81 len=16 status=0 actual=16
	0000  08 00 00 18 ed 03 80 10  00 ae 00 10 ac 0d 00 00 |................|
[3831] +140.301465 ASYNC-IN-SUBMIT ep=0x81 len=0 type=BULK (in, awaiting data)
[3832] +140.356411 ASYNC-OUT ep=0x01 len=16 type=BULK 
	0000  08 00 00 18 01 10 ef 03  00 99 00 10 93 1e 00 00 |................|
[3833] +140.356776 ASYNC-OUT-DONE ep=0x01 len=0 status=0 actual=16
[3834] +140.411879 ASYNC-IN-DONE ep=0x81 len=0 status=2 actual=0
[3835] +140.411966 ASYNC-IN-SUBMIT ep=0x81 len=0 type=BULK (in, awaiting data)
[3836] +140.502115 ASYNC-IN-DONE ep=0x81 len=16 status=0 actual=16
	0000  08 00 00 18 f0 03 02 10  00 90 00 10 09 02 00 00 |................|
[3837] +140.502225 ASYNC-IN-SUBMIT ep=0x81 len=0 type=BULK (in, awaiting data)
[3838] +140.605916 ASYNC-IN-DONE ep=0x81 len=0 status=2 actual=0
[3839] +140.606007 ASYNC-IN-SUBMIT ep=0x81 len=0 type=BULK (in, awaiting data)
[3840] +140.710215 ASYNC-IN-DONE ep=0x81 len=0 status=2 actual=0
[3841] +140.710328 ASYNC-IN-SUBMIT ep=0x81 len=0 type=BULK (in, awaiting data)
[3842] +140.815772 ASYNC-IN-DONE ep=0x81 len=0 status=2 actual=0
[3843] +140.815866 ASYNC-IN-SUBMIT ep=0x81 len=0 type=BULK (in, awaiting data)
[3844] +140.875437 ASYNC-OUT ep=0x01 len=16 type=BULK 
	0000  08 00 00 18 80 10 ed 03  00 ac 00 10 6f 1b 00 00 |............o...|
[3845] +140.875790 ASYNC-OUT-DONE ep=0x01 len=0 status=0 actual=16
[3846] +140.903368 ASYNC-IN-DONE ep=0x81 len=16 status=0 actual=16
	0000  08 00 00 18 ef 03 01 10  00 9f 00 10 65 02 00 00 |............e...|
[3847] +140.903465 ASYNC-IN-SUBMIT ep=0x81 len=0 type=BULK (in, awaiting data)
[3848] +141.012887 ASYNC-IN-DONE ep=0x81 len=0 status=2 actual=0
[3849] +141.012996 ASYNC-IN-SUBMIT ep=0x81 len=0 type=BULK (in, awaiting data)
[3850] +141.124436 ASYNC-IN-DONE ep=0x81 len=0 status=2 actual=0
[3851] +141.124510 ASYNC-IN-SUBMIT ep=0x81 len=0 type=BULK (in, awaiting data)
[3852] +141.236898 ASYNC-IN-DONE ep=0x81 len=0 status=2 actual=0
[3853] +141.236991 ASYNC-IN-SUBMIT ep=0x81 len=0 type=BULK (in, awaiting data)
[3854] +141.238789 ASYNC-OUT ep=0x01 len=16 type=BULK 
	0000  08 00 00 18 02 10 f0 03  00 8a 00 10 b7 10 00 00 |................|
[3855] +141.238990 ASYNC-OUT-DONE ep=0x01 len=0 status=0 actual=16
[3856] +141.305348 ASYNC-IN-DONE ep=0x81 len=16 status=0 actual=16
	0000  08 00 00 18 ed 03 80 10  00 af 00 10 ac 0d 00 00 |................|
[3857] +141.305513 ASYNC-IN-SUBMIT ep=0x81 len=0 type=BULK (in, awaiting data)
[3858] +141.394023 ASYNC-OUT ep=0x01 len=16 type=BULK 
	0000  08 00 00 18 01 10 ef 03  00 9a 00 10 93 1e 00 00 |................|
[3859] +141.394357 ASYNC-OUT-DONE ep=0x01 len=0 status=0 actual=16
[3860] +141.414707 ASYNC-IN-DONE ep=0x81 len=0 status=2 actual=0
[3861] +141.414790 ASYNC-IN-SUBMIT ep=0x81 len=0 type=BULK (in, awaiting data)
[3862] +141.505726 ASYNC-IN-DONE ep=0x81 len=16 status=0 actual=16
	0000  08 00 00 18 f0 03 02 10  00 91 00 10 09 02 00 00 |................|
[3863] +141.505824 ASYNC-IN-SUBMIT ep=0x81 len=0 type=BULK (in, awaiting data)
[3864] +141.617281 ASYNC-IN-DONE ep=0x81 len=0 status=2 actual=0
[3865] +141.617387 ASYNC-IN-SUBMIT ep=0x81 len=0 type=BULK (in, awaiting data)
[3866] +141.728531 ASYNC-IN-DONE ep=0x81 len=0 status=2 actual=0
[3867] +141.728618 ASYNC-IN-SUBMIT ep=0x81 len=0 type=BULK (in, awaiting data)
[3868] +141.836093 ASYNC-IN-DONE ep=0x81 len=0 status=2 actual=0
[3869] +141.836197 ASYNC-IN-SUBMIT ep=0x81 len=0 type=BULK (in, awaiting data)
[3870] +141.906962 ASYNC-IN-DONE ep=0x81 len=16 status=0 actual=16
	0000  08 00 00 18 ef 03 01 10  00 a0 00 10 65 02 00 00 |............e...|
[3871] +141.907103 ASYNC-IN-SUBMIT ep=0x81 len=0 type=BULK (in, awaiting data)
[3872] +141.914095 ASYNC-OUT ep=0x01 len=16 type=BULK 
	0000  08 00 00 18 80 10 ed 03  00 ad 00 10 6f 1b 00 00 |............o...|
[3873] +141.914348 ASYNC-OUT-DONE ep=0x01 len=0 status=0 actual=16
[3874] +142.010619 ASYNC-IN-DONE ep=0x81 len=0 status=2 actual=0
[3875] +142.010779 ASYNC-IN-SUBMIT ep=0x81 len=0 type=BULK (in, awaiting data)
[3876] +142.120281 ASYNC-IN-DONE ep=0x81 len=0 status=2 actual=0
[3877] +142.120381 ASYNC-IN-SUBMIT ep=0x81 len=0 type=BULK (in, awaiting data)
[3878] +142.221225 ASYNC-IN-DONE ep=0x81 len=0 status=2 actual=0
[3879] +142.221283 ASYNC-IN-SUBMIT ep=0x81 len=0 type=BULK (in, awaiting data)
[3880] +142.277148 ASYNC-OUT ep=0x01 len=16 type=BULK 
	0000  08 00 00 18 02 10 f0 03  00 8b 00 10 b7 10 00 00 |................|
[3881] +142.277558 ASYNC-OUT-DONE ep=0x01 len=0 status=0 actual=16
[3882] +142.308157 ASYNC-IN-DONE ep=0x81 len=16 status=0 actual=16
	0000  08 00 00 18 ed 03 80 10  00 b0 00 10 ac 0d 00 00 |................|
[3883] +142.308204 ASYNC-IN-SUBMIT ep=0x81 len=0 type=BULK (in, awaiting data)
[3884] +142.412927 ASYNC-IN-DONE ep=0x81 len=0 status=2 actual=0
[3885] +142.413030 ASYNC-IN-SUBMIT ep=0x81 len=0 type=BULK (in, awaiting data)
[3886] +142.431714 ASYNC-OUT ep=0x01 len=16 type=BULK 
	0000  08 00 00 18 01 10 ef 03  00 9b 00 10 93 1e 00 00 |................|
[3887] +142.431957 ASYNC-OUT-DONE ep=0x01 len=0 status=0 actual=16
[3888] +142.508967 ASYNC-IN-DONE ep=0x81 len=16 status=0 actual=16
	0000  08 00 00 18 f0 03 02 10  00 92 00 10 09 02 00 00 |................|
[3889] +142.509006 ASYNC-IN-SUBMIT ep=0x81 len=0 type=BULK (in, awaiting data)
[3890] +142.612756 ASYNC-IN-DONE ep=0x81 len=0 status=2 actual=0
[3891] +142.612779 ASYNC-IN-SUBMIT ep=0x81 len=0 type=BULK (in, awaiting data)
### MARK RESTORE-03B
[3892] +142.723650 ASYNC-IN-DONE ep=0x81 len=0 status=2 actual=0
[3893] +142.723663 ASYNC-IN-SUBMIT ep=0x81 len=0 type=BULK (in, awaiting data)
[3894] +142.824968 ASYNC-IN-DONE ep=0x81 len=0 status=2 actual=0
[3895] +142.825005 ASYNC-IN-SUBMIT ep=0x81 len=0 type=BULK (in, awaiting data)
[3896] +142.897334 ASYNC-OUT ep=0x01 len=40 type=BULK 
	0000  1d 00 00 18 80 10 ed 03  00 ae 00 04 6f 1b 00 00 |............o...|
	0010  01 00 06 00 0d 00 00 00  83 66 cd 03 f7 64 14 65 |.........f...d.e|
	0020  82 6b 00 6c 07 00 00 00                          |.k.l....|
[3897] +142.897693 ASYNC-OUT-DONE ep=0x01 len=0 status=0 actual=40
[3898] +142.898638 ASYNC-IN-DONE ep=0x81 len=36 status=0 actual=36
	0000  19 00 00 18 ed 03 80 10  00 b1 00 04 c1 0d 00 00 |................|
	0010  00 00 06 00 09 00 00 00  83 66 cd 03 f7 67 01 68 |.........f...g.h|
	0020  c0 76 cd 00                                      |.v..|
[3899] +142.898692 ASYNC-IN-SUBMIT ep=0x81 len=0 type=BULK (in, awaiting data)
[3900] +142.899125 ASYNC-IN-DONE ep=0x81 len=40 status=0 actual=40
	0000  1d 00 00 18 f0 03 02 10  00 93 00 04 09 02 00 00 |................|
	0010  00 00 04 00 0d 00 00 00  82 69 14 6a 83 66 cd 03 |.........i.j.f..|
	0020  f7 67 00 68 c0 77 c0 1a                          |.g.h.w..|
[3901] +142.899176 ASYNC-IN-SUBMIT ep=0x81 len=0 type=BULK (in, awaiting data)
[3902] +142.900313 ASYNC-IN-DONE ep=0x81 len=44 status=0 actual=44
	0000  21 00 00 18 f0 03 02 10  00 94 00 04 09 02 00 00 |!...............|
	0010  00 00 04 00 11 00 00 00  82 69 08 6a 84 52 01 44 |.........i.j.R.D|
	0020  01 79 05 6a 82 6b 00 6c  07 7b c2 7c             |.y.j.k.l.{.||
[3903] +142.900354 ASYNC-IN-SUBMIT ep=0x81 len=0 type=BULK (in, awaiting data)
[3904] +142.909517 ASYNC-IN-DONE ep=0x81 len=16 status=0 actual=16
	0000  08 00 00 18 ef 03 01 10  00 a1 00 10 65 02 00 00 |............e...|
[3905] +142.909579 ASYNC-IN-SUBMIT ep=0x81 len=0 type=BULK (in, awaiting data)
[3906] +142.909731 ASYNC-IN-DONE ep=0x81 len=16 status=0 actual=16
	0000  08 00 00 18 ed 03 80 10  00 b2 00 08 c1 0d 00 00 |................|
[3907] +142.909751 ASYNC-IN-SUBMIT ep=0x81 len=0 type=BULK (in, awaiting data)
[3908] +142.949034 ASYNC-OUT ep=0x01 len=16 type=BULK 
	0000  08 00 00 18 80 10 ed 03  00 af 00 08 80 1b 00 00 |................|
[3909] +142.949271 ASYNC-OUT ep=0x01 len=16 type=BULK 
	0000  08 00 00 18 02 10 f0 03  00 8c 00 08 e5 10 00 00 |................|
[3910] +142.949373 ASYNC-OUT-DONE ep=0x01 len=0 status=0 actual=16
[3911] +142.949420 ASYNC-OUT-DONE ep=0x01 len=0 status=0 actual=16
[3912] +142.991835 ASYNC-IN-DONE ep=0x81 len=40 status=0 actual=40
	0000  1d 00 00 18 f0 03 02 10  00 95 00 04 09 02 00 00 |................|
	0010  00 00 04 00 0d 00 00 00  82 69 16 6a 84 52 00 44 |.........i.j.R.D|
	0020  0a 79 1b 6a c0 6b 00 6c                          |.y.j.k.l|
[3913] +142.991889 ASYNC-IN-SUBMIT ep=0x81 len=0 type=BULK (in, awaiting data)
[3914] +142.992181 ASYNC-IN-DONE ep=0x81 len=48 status=0 actual=48
	0000  27 00 00 18 f0 03 02 10  00 96 00 04 09 02 00 00 |'...............|
	0010  00 00 04 00 17 00 00 00  82 69 16 6a 84 52 00 44 |.........i.j.R.D|
	0020  09 79 19 6a 82 76 cd 00  10 77 ca 42 f0 00 00 81 |.y.j.v...w.B....|
[3915] +142.992217 ASYNC-IN-SUBMIT ep=0x81 len=0 type=BULK (in, awaiting data)
[3916] +142.992523 ASYNC-IN-DONE ep=0x81 len=48 status=0 actual=48
	0000  27 00 00 18 f0 03 02 10  00 97 00 04 09 02 00 00 |'...............|
	0010  00 00 04 00 17 00 00 00  82 69 16 6a 84 52 00 44 |.........i.j.R.D|
	0020  09 79 19 6a 82 76 cd 00  10 77 ca 42 f0 00 00 81 |.y.j.v...w.B....|
[3917] +142.992561 ASYNC-IN-SUBMIT ep=0x81 len=0 type=BULK (in, awaiting data)
[3918] +142.992895 ASYNC-IN-DONE ep=0x81 len=44 status=0 actual=44
	0000  21 00 00 18 f0 03 02 10  00 98 00 04 09 02 00 00 |!...............|
	0010  00 00 04 00 11 00 00 00  82 69 27 6a 84 52 01 44 |.........i'j.R.D|
	0020  03 79 13 6a 82 62 03 1a  00 77 ca 42             |.y.j.b...w.B|
[3919] +142.992930 ASYNC-IN-SUBMIT ep=0x81 len=0 type=BULK (in, awaiting data)
[3920] +143.001072 ASYNC-OUT ep=0x01 len=16 type=BULK 
	0000  08 00 00 18 02 10 f0 03  00 8d 00 08 51 11 00 00 |............Q...|
[3921] +143.001362 ASYNC-OUT-DONE ep=0x01 len=0 status=0 actual=16
[3922] +143.069934 ASYNC-IN-DONE ep=0x81 len=44 status=0 actual=44
	0000  21 00 00 18 f0 03 02 10  00 99 00 04 09 02 00 00 |!...............|
	0010  00 00 04 00 11 00 00 00  82 69 04 6a 84 52 01 44 |.........i.j.R.D|
	0020  01 79 06 6a 82 6b 00 6c  07 77 ca 42             |.y.j.k.l.w.B|
[3923] +143.069993 ASYNC-IN-SUBMIT ep=0x81 len=0 type=BULK (in, awaiting data)
[3924] +143.105205 ASYNC-OUT ep=0x01 len=36 type=BULK 
	0000  19 00 00 18 80 10 ed 03  00 b0 00 04 80 1b 00 00 |................|
	0010  01 00 06 00 09 00 00 00  83 66 cd 03 f8 64 17 65 |.........f...d.e|
	0020  c0 00 00 00                                      |....|
[3925] +143.105463 ASYNC-OUT ep=0x01 len=16 type=BULK 
	0000  08 00 00 18 02 10 f0 03  00 8e 00 08 6a 11 00 00 |............j...|
[3926] +143.105566 ASYNC-OUT-DONE ep=0x01 len=0 status=0 actual=36
[3927] +143.105628 ASYNC-OUT-DONE ep=0x01 len=0 status=0 actual=16
[3928] +143.106609 ASYNC-IN-DONE ep=0x81 len=60 status=0 actual=60
	0000  34 00 00 18 ed 03 80 10  00 b3 00 04 d2 0d 00 00 |4...............|
	0010  00 00 06 00 24 00 00 00  83 66 cd 03 f8 67 00 68 |....$....f...g.h|
	0020  86 6b cd 00 00 6c cd 00  07 6d a7 43 54 2d 53 61 |.k...l...m.CT-Sa|
	0030  64 00 75 c2 53 92 cd 19  e4 00 5c 00             |d.u.S.....\.|
[3929] +143.106677 ASYNC-IN-SUBMIT ep=0x81 len=0 type=BULK (in, awaiting data)
[3930] +143.110160 ASYNC-IN-DONE ep=0x81 len=16 status=0 actual=16
	0000  08 00 00 18 ed 03 80 10  00 b4 00 08 d2 0d 00 00 |................|
[3931] +143.110487 ASYNC-IN-SUBMIT ep=0x81 len=0 type=BULK (in, awaiting data)
[3932] +143.116117 ASYNC-IN-DONE ep=0x81 len=40 status=0 actual=40
	0000  1d 00 00 18 f0 03 02 10  00 9a 00 04 09 02 00 00 |................|
	0010  00 00 04 00 0d 00 00 00  82 69 16 6a 84 52 00 44 |.........i.j.R.D|
	0020  0a 79 1b 6a c0 6c cd 00                          |.y.j.l..|
[3933] +143.116150 ASYNC-IN-SUBMIT ep=0x81 len=0 type=BULK (in, awaiting data)
[3934] +143.157260 ASYNC-OUT ep=0x01 len=36 type=BULK 
	0000  19 00 00 18 80 10 ed 03  00 b1 00 0c ac 1b 00 00 |................|
	0010  01 00 06 00 09 00 00 00  83 66 cd 03 f9 64 16 65 |.........f...d.e|
	0020  c0 00 00 00                                      |....|
[3935] +143.157495 ASYNC-OUT ep=0x01 len=16 type=BULK 
	0000  08 00 00 18 02 10 f0 03  00 8f 00 08 7f 11 00 00 |................|
[3936] +143.157595 ASYNC-OUT-DONE ep=0x01 len=0 status=0 actual=36
[3937] +143.157668 ASYNC-OUT-DONE ep=0x01 len=0 status=0 actual=16
[3938] +143.174031 ASYNC-IN-DONE ep=0x81 len=272 status=0 actual=272
	0000  08 01 00 18 ed 03 80 10  00 b5 00 04 e3 0d 00 00 |................|
	0010  00 00 e3 28 ee 09 00 00  83 66 cd 03 f9 67 00 68 |...(.....f...g.h|
	0020  da 09 e3 a9 6c 36 2d 68  65 6c 69 78 00 da 00 30 |....l6-helix...0|
	0030  3d 00 00 00 60 00 00 00  f8 02 00 00 fa 02 00 00 |=...`...........|
	0040  05 03 00 00 11 03 00 00  01 04 00 00 2e 04 00 00 |................|
	0050  3e 00 00 00 34 04 00 00  e3 09 00 00 e3 09 00 00 |>...4...........|
	0060  89 07 83 24 a4 50 33 33  00 23 ce 03 80 00 00 25 |...$.P33.#.....%|
	0070  b2 76 33 2e 37 31 2d 33  32 2d 67 31 30 33 39 36 |.v3.71-32-g10396|
	0080  36 31 00 00 82 15 00 16  dc 00 14 82 13 00 14 82 |61..............|
	0090  05 01 07 83 02 03 03 03  04 93 c2 ca c2 40 00 00 |.............@..|
	00a0  ca 3f 00 00 00 82 13 06  14 85 18 83 17 c2 19 65 |.?.............e|
	00b0  1a ff 09 01 0a c3 0b 83  02 03 03 03 04 93 ca 3c |...............<|
	00c0  23 d7 00 ca 3e 42 8f 63  ca 3f 7a e1 48 0c 83 02 |#...>B.c.?z.H...|
	00d0  00 03 00 04 90 82 13 06  14 85 18 83 17 c2 19 cd |................|
	00e0  01 43 1a ff 09 01 0a c3  0b 83 02 06 03 06 04 96 |.C..............|
	00f0  ca c1 23 33 33 ca c0 d3  33 33 ca 00 00 00 00 ca |..#33...33......|
	0100  00 00 00 00 ca 00 00 00  00 ca 40 6c cc d1 0c 83 |..........@l....|
[3939] +143.174203 ASYNC-IN-SUBMIT ep=0x81 len=0 type=BULK (in, awaiting data)
[3940] +143.174289 ASYNC-OUT ep=0x01 len=16 type=BULK 
	0000  08 00 00 18 80 10 ed 03  00 b2 00 08 ac 1c 00 00 |................|
[3941] +143.174420 ASYNC-IN-DONE ep=0x81 len=272 status=0 actual=272
	0000  08 01 00 18 ed 03 80 10  00 b6 00 04 e3 0d 00 00 |................|
	0010  02 00 03 00 04 90 82 13  06 14 85 18 83 17 c3 19 |................|
	0020  12 1a 3e 09 12 0a c3 0b  83 02 0c 03 0c 04 9c ca |..>.............|
	0030  3f 6b 85 20 ca 3e a3 d7  07 ca 3f 23 d7 0a ca 3f |?k. .>....?#...?|
	0040  38 51 ec ca 3f 1e b8 52  ca 3f 63 d7 0a ca 3e 38 |8Q..?..R.?c...>8|
	0050  51 f2 ca 3e 4c cc cd ca  3e 8a 3d 71 ca 3f 00 00 |Q..>L...>.=q.?..|
	0060  00 ca 3f 19 99 9a ca 3f  19 99 9a 0c 83 02 06 03 |..?....?........|
	0070  05 04 96 ca 41 00 00 00  ca 41 9f 33 33 ca 46 1f |....A....A.33.F.|
	0080  60 00 ca 3e 75 c2 8f ca  00 00 00 00 05 82 13 06 |`..>u...........|
	0090  14 85 18 83 17 c2 19 cd  01 43 1a ff 09 01 0a c3 |.........C......|
	00a0  0b 83 02 06 03 06 04 96  ca 3f ff ff f8 ca 40 39 |.........?....@9|
	00b0  99 95 ca c0 86 66 68 ca  40 40 00 00 ca 3e cc cc |.....fh.@@...>..|
	00c0  bf ca 00 00 00 00 0c 83  02 00 03 00 04 90 82 13 |................|
	00d0  06 14 85 18 83 17 c2 19  cc 81 1a ff 09 01 0a c3 |................|
	00e0  0b 83 02 0b 03 0b 04 9b  ca c0 b9 99 9a ca c0 06 |................|
	00f0  66 62 ca 40 60 00 00 ca  c0 e0 00 00 ca c0 a3 33 |fb.@`..........3|
	0100  31 ca bf 66 66 60 ca c0  00 00 00 ca 3f b3 33 33 |1..ff`......?.33|
[3942] +143.174620 ASYNC-IN-SUBMIT ep=0x81 len=0 type=BULK (in, awaiting data)
[3943] +143.174655 ASYNC-OUT ep=0x01 len=16 type=BULK 
	0000  08 00 00 18 80 10 ed 03  00 b3 00 08 ac 1d 00 00 |................|
[3944] +143.174716 ASYNC-OUT-DONE ep=0x01 len=0 status=0 actual=16
[3945] +143.174747 ASYNC-IN-DONE ep=0x81 len=272 status=0 actual=272
	0000  08 01 00 18 ed 03 80 10  00 b7 00 04 e3 0d 00 00 |................|
	0010  ca c1 26 66 66 ca c1 70  00 00 ca 00 00 00 00 0c |..&ff..p........|
	0020  83 02 00 03 00 04 90 82  13 06 14 85 18 83 17 c2 |................|
	0030  19 78 1a ff 09 01 0a c3  0b 83 02 06 03 06 04 96 |.x..............|
	0040  ca 3e a8 f5 c3 ca 3f 11  eb 83 c2 ca 3d b8 51 f0 |.>....?.....=.Q.|
	0050  ca 3f 80 00 00 ca 00 00  00 00 0c 83 02 00 03 00 |.?..............|
	0060  04 90 82 13 08 14 c0 82  13 08 14 c0 82 13 01 14 |................|
	0070  82 06 01 07 83 02 02 03  02 04 92 ca 3f 00 00 00 |............?...|
	0080  ca 00 00 00 00 82 13 02  14 83 0e 82 05 00 07 83 |................|
	0090  02 00 03 00 04 90 0f 84  08 cd 01 01 0d 00 0a c3 |................|
	00a0  07 83 02 03 03 03 04 93  ca 3f 00 00 00 ca 3f 00 |.........?....?.|
	00b0  00 00 c2 12 c2 82 13 08  14 c0 82 13 08 14 c0 82 |................|
	00c0  13 08 14 c0 82 13 08 14  c0 82 13 08 14 c0 82 13 |................|
	00d0  08 14 c0 82 13 08 14 c0  82 13 08 14 c0 82 13 03 |................|
	00e0  14 83 10 82 06 00 07 83  02 00 03 00 04 90 11 84 |................|
	00f0  08 cc 97 0d 00 0a c3 07  83 02 06 03 06 04 96 ca |................|
	0100  00 00 00 00 ca 3f 00 00  00 ca 00 00 00 00 ca 3f |.....?.........?|
[3946] +143.174899 ASYNC-IN-SUBMIT ep=0x81 len=0 type=BULK (in, awaiting data)
[3947] +143.174953 ASYNC-OUT ep=0x01 len=16 type=BULK 
	0000  08 00 00 18 80 10 ed 03  00 b4 00 08 ac 1e 00 00 |................|
[3948] +143.174981 ASYNC-OUT-DONE ep=0x01 len=0 status=0 actual=16
[3949] +143.175081 ASYNC-OUT-DONE ep=0x01 len=0 status=0 actual=16
[3950] +143.175726 ASYNC-IN-DONE ep=0x81 len=272 status=0 actual=272
	0000  08 01 00 18 ed 03 80 10  00 b8 00 04 e3 0d 00 00 |................|
	0010  00 00 00 c2 ca 00 00 00  00 12 c2 01 c0 03 82 07 |................|
	0020  01 08 95 c0 c0 c0 c0 c0  04 9a c0 c0 c0 c0 c0 c0 |................|
	0030  c0 c0 c0 c0 02 82 00 9d  d1 00 00 d1 00 00 d1 00 |................|
	0040  00 d1 00 00 d1 00 00 d1  00 00 d1 00 00 d1 00 00 |................|
	0050  d1 00 00 d1 00 00 d1 00  00 d1 00 00 d1 00 00 01 |................|
	0060  9d 97 cc 00 cc 00 cc 00  cc 00 cc 00 cc 00 cc 00 |................|
	0070  97 cc 00 cc 00 cc 00 cc  00 cc 00 cc 00 cc 00 97 |................|
	0080  cc 00 cc 00 cc 00 cc 00  cc 00 cc 00 cc 00 97 cc |................|
	0090  00 cc 00 cc 00 cc 00 cc  00 cc 00 cc 00 97 cc 00 |................|
	00a0  cc 00 cc 00 cc 00 cc 00  cc 00 cc 00 97 cc 00 cc |................|
	00b0  00 cc 00 cc 00 cc 00 cc  00 cc 00 97 cc 00 cc 00 |................|
	00c0  cc 00 cc 00 cc 00 cc 00  cc 00 97 cc 00 cc 00 cc |................|
	00d0  00 cc 00 cc 00 cc 00 cc  00 97 cc 00 cc 00 cc 00 |................|
	00e0  cc 00 cc 00 cc 00 cc 00  97 cc 00 cc 00 cc 00 cc |................|
	00f0  00 cc 00 cc 00 cc 00 97  cc 00 cc 00 cc 00 cc 00 |................|
	0100  cc 00 cc 00 cc 00 97 cc  00 cc 00 cc 00 cc 00 cc |................|
[3951] +143.175873 ASYNC-IN-SUBMIT ep=0x81 len=0 type=BULK (in, awaiting data)
[3952] +143.175947 ASYNC-OUT ep=0x01 len=16 type=BULK 
	0000  08 00 00 18 80 10 ed 03  00 b5 00 08 ac 1f 00 00 |................|
[3953] +143.176029 ASYNC-IN-DONE ep=0x81 len=272 status=0 actual=272
	0000  08 01 00 18 ed 03 80 10  00 b9 00 04 e3 0d 00 00 |................|
	0010  00 cc 00 cc 00 97 cc 00  cc 00 cc 00 cc 00 cc 00 |................|
	0020  cc 00 cc 00 05 8f 10 ca  42 f0 00 00 2d 00 2e ca |........B...-...|
	0030  bd cc cc d0 2f ca bd cc  cc d0 30 00 31 c3 32 00 |..../.....0.1.2.|
	0040  33 00 34 00 35 00 36 00  37 00 38 c3 1e 00 cc 86 |3.4.5.6.7.8.....|
	0050  00 06 82 62 03 1a 00 0a  86 06 00 07 00 08 00 09 |...b............|
	0060  14 0a 93 88 00 c3 01 9b  93 0d c2 97 00 00 00 00 |................|
	0070  00 00 00 93 0d c2 97 00  00 00 00 00 00 00 93 0d |................|
	0080  c2 97 00 00 00 00 00 00  00 93 0d c2 97 00 00 00 |................|
	0090  00 00 00 00 93 0d c2 97  00 00 00 00 00 00 00 93 |................|
	00a0  0d c2 97 00 00 00 00 00  00 00 93 0d c2 97 00 00 |................|
	00b0  00 00 00 00 00 93 0d c2  97 00 00 00 00 00 00 00 |................|
	00c0  93 0d c2 97 00 00 00 00  00 00 00 93 0d c2 97 00 |................|
	00d0  00 00 00 00 00 00 93 0d  c2 97 00 00 00 00 00 00 |................|
	00e0  00 02 dc 00 40 93 c2 40  c0 93 c2 40 c0 93 c2 40 |....@..@...@...@|
	00f0  c0 93 c2 40 c0 93 c2 40  c0 93 c2 40 c0 93 c2 40 |...@...@...@...@|
	0100  c0 93 c2 40 c0 93 c2 40  c0 93 c2 40 c0 93 c2 40 |...@...@...@...@|
[3954] +143.176187 ASYNC-IN-SUBMIT ep=0x81 len=0 type=BULK (in, awaiting data)
[3955] +143.176223 ASYNC-OUT-DONE ep=0x01 len=0 status=0 actual=16
[3956] +143.176247 ASYNC-OUT ep=0x01 len=16 type=BULK 
	0000  08 00 00 18 80 10 ed 03  00 b6 00 08 ac 20 00 00 |............. ..|
[3957] +143.176443 ASYNC-OUT-DONE ep=0x01 len=0 status=0 actual=16
[3958] +143.176461 ASYNC-IN-DONE ep=0x81 len=272 status=0 actual=272
	0000  08 01 00 18 ed 03 80 10  00 ba 00 04 e3 0d 00 00 |................|
	0010  c0 93 c2 40 c0 93 c2 40  c0 93 c2 40 c0 93 c2 40 |...@...@...@...@|
	0020  c0 93 c2 40 c0 93 c2 40  c0 93 c2 40 c0 93 c2 40 |...@...@...@...@|
	0030  c0 93 c2 40 c0 93 c2 40  c0 93 c2 40 c0 93 c2 40 |...@...@...@...@|
	0040  c0 93 c2 40 c0 93 c2 40  c0 93 c2 40 c0 93 c2 40 |...@...@...@...@|
	0050  c0 93 c2 40 c0 93 c2 40  c0 93 c2 40 c0 93 c2 40 |...@...@...@...@|
	0060  c0 93 c2 40 c0 93 c2 40  c0 93 c2 40 c0 93 c2 40 |...@...@...@...@|
	0070  c0 93 c2 40 c0 93 c2 40  c0 93 c2 40 c0 93 c2 40 |...@...@...@...@|
	0080  c0 93 c2 40 c0 93 c2 40  c0 93 c2 40 c0 93 c2 40 |...@...@...@...@|
	0090  c0 93 c2 40 c0 93 c2 40  c0 93 c2 40 c0 93 c2 40 |...@...@...@...@|
	00a0  c0 93 c2 40 c0 93 c2 40  c0 93 c2 40 c0 93 c2 40 |...@...@...@...@|
	00b0  c0 93 c2 40 c0 93 c2 40  c0 93 c2 40 c0 93 c2 40 |...@...@...@...@|
	00c0  c0 93 c2 40 c0 93 c2 40  c0 93 c2 40 c0 93 c2 40 |...@...@...@...@|
	00d0  c0 93 c2 40 c0 93 c2 40  c0 93 c2 40 c0 93 c2 40 |...@...@...@...@|
	00e0  c0 93 c2 40 c0 03 dc 00  14 92 c2 c2 92 c2 c3 92 |...@............|
	00f0  c2 c3 92 c2 c3 92 c2 c3  92 c2 c3 92 c2 c3 92 c2 |................|
	0100  c3 92 c2 c3 92 c2 c2 92  c2 c3 92 c2 c3 92 c2 c3 |................|
[3959] +143.176603 ASYNC-IN-SUBMIT ep=0x81 len=0 type=BULK (in, awaiting data)
[3960] +143.176665 ASYNC-OUT ep=0x01 len=16 type=BULK 
	0000  08 00 00 18 80 10 ed 03  00 b7 00 08 ac 21 00 00 |.............!..|
[3961] +143.176850 ASYNC-OUT-DONE ep=0x01 len=0 status=0 actual=16
[3962] +143.177418 ASYNC-IN-DONE ep=0x81 len=272 status=0 actual=272
	0000  08 01 00 18 ed 03 80 10  00 bb 00 04 e3 0d 00 00 |................|
	0010  92 c2 c3 92 c2 c3 92 c2  c3 92 c2 c3 92 c2 c3 92 |................|
	0020  c2 c3 92 c2 c2 04 ab 53  4e 41 50 53 48 4f 54 20 |.......SNAPSHOT |
	0030  31 00 0e c2 05 ca 42 f0  00 00 0c 00 88 00 c3 01 |1.....B.........|
	0040  9b 93 0d c2 97 00 00 00  00 00 00 00 93 0d c2 97 |................|
	0050  00 00 00 00 00 00 00 93  0d c2 97 00 00 00 00 00 |................|
	0060  00 00 93 0d c2 97 00 00  00 00 00 00 00 93 0d c2 |................|
	0070  97 00 00 00 00 00 00 00  93 0d c2 97 00 00 00 00 |................|
	0080  00 00 00 93 0d c2 97 00  00 00 00 00 00 00 93 0d |................|
	0090  c2 97 00 00 00 00 00 00  00 93 0d c2 97 00 00 00 |................|
	00a0  00 00 00 00 93 0d c2 97  00 00 00 00 00 00 00 93 |................|
	00b0  0d c2 97 00 00 00 00 00  00 00 02 dc 00 40 93 c2 |.............@..|
	00c0  40 c0 93 c2 40 c0 93 c2  40 c0 93 c2 40 c0 93 c2 |@...@...@...@...|
	00d0  40 c0 93 c2 40 c0 93 c2  40 c0 93 c2 40 c0 93 c2 |@...@...@...@...|
	00e0  40 c0 93 c2 40 c0 93 c2  40 c0 93 c2 40 c0 93 c2 |@...@...@...@...|
	00f0  40 c0 93 c2 40 c0 93 c2  40 c0 93 c2 40 c0 93 c2 |@...@...@...@...|
	0100  40 c0 93 c2 40 c0 93 c2  40 c0 93 c2 40 c0 93 c2 |@...@...@...@...|
[3963] +143.177566 ASYNC-IN-SUBMIT ep=0x81 len=0 type=BULK (in, awaiting data)
[3964] +143.177628 ASYNC-OUT ep=0x01 len=16 type=BULK 
	0000  08 00 00 18 80 10 ed 03  00 b8 00 08 ac 22 00 00 |............."..|
[3965] +143.177763 ASYNC-IN-DONE ep=0x81 len=272 status=0 actual=272
	0000  08 01 00 18 ed 03 80 10  00 bc 00 04 e3 0d 00 00 |................|
	0010  40 c0 93 c2 40 c0 93 c2  40 c0 93 c2 40 c0 93 c2 |@...@...@...@...|
	0020  40 c0 93 c2 40 c0 93 c2  40 c0 93 c2 40 c0 93 c2 |@...@...@...@...|
	0030  40 c0 93 c2 40 c0 93 c2  40 c0 93 c2 40 c0 93 c2 |@...@...@...@...|
	0040  40 c0 93 c2 40 c0 93 c2  40 c0 93 c2 40 c0 93 c2 |@...@...@...@...|
	0050  40 c0 93 c2 40 c0 93 c2  40 c0 93 c2 40 c0 93 c2 |@...@...@...@...|
	0060  40 c0 93 c2 40 c0 93 c2  40 c0 93 c2 40 c0 93 c2 |@...@...@...@...|
	0070  40 c0 93 c2 40 c0 93 c2  40 c0 93 c2 40 c0 93 c2 |@...@...@...@...|
	0080  40 c0 93 c2 40 c0 93 c2  40 c0 93 c2 40 c0 93 c2 |@...@...@...@...|
	0090  40 c0 93 c2 40 c0 93 c2  40 c0 93 c2 40 c0 93 c2 |@...@...@...@...|
	00a0  40 c0 93 c2 40 c0 93 c2  40 c0 93 c2 40 c0 93 c2 |@...@...@...@...|
	00b0  40 c0 93 c2 40 c0 93 c2  40 c0 93 c2 40 c0 03 dc |@...@...@...@...|
	00c0  00 14 92 c2 c2 92 c2 c3  92 c2 c3 92 c2 c3 92 c2 |................|
	00d0  c3 92 c2 c3 92 c2 c3 92  c2 c3 92 c2 c3 92 c2 c2 |................|
	00e0  92 c2 c3 92 c2 c3 92 c2  c3 92 c2 c3 92 c2 c3 92 |................|
	00f0  c2 c3 92 c2 c3 92 c2 c3  92 c2 c3 92 c2 c2 04 ab |................|
	0100  53 4e 41 50 53 48 4f 54  20 32 00 0e c2 05 ca 42 |SNAPSHOT 2.....B|
[3966] +143.177916 ASYNC-IN-SUBMIT ep=0x81 len=0 type=BULK (in, awaiting data)
[3967] +143.177951 ASYNC-OUT-DONE ep=0x01 len=0 status=0 actual=16
[3968] +143.177976 ASYNC-OUT ep=0x01 len=16 type=BULK 
	0000  08 00 00 18 80 10 ed 03  00 b9 00 08 ac 23 00 00 |.............#..|
[3969] +143.178159 ASYNC-OUT-DONE ep=0x01 len=0 status=0 actual=16
[3970] +143.178464 ASYNC-IN-DONE ep=0x81 len=272 status=0 actual=272
	0000  08 01 00 18 ed 03 80 10  00 bd 00 04 e3 0d 00 00 |................|
	0010  f0 00 00 0c 00 88 00 c3  01 9b 93 0d c2 97 00 00 |................|
	0020  00 00 00 00 00 93 0d c2  97 00 00 00 00 00 00 00 |................|
	0030  93 0d c2 97 00 00 00 00  00 00 00 93 0d c2 97 00 |................|
	0040  00 00 00 00 00 00 93 0d  c2 97 00 00 00 00 00 00 |................|
	0050  00 93 0d c2 97 00 00 00  00 00 00 00 93 0d c2 97 |................|
	0060  00 00 00 00 00 00 00 93  0d c2 97 00 00 00 00 00 |................|
	0070  00 00 93 0d c2 97 00 00  00 00 00 00 00 93 0d c2 |................|
	0080  97 00 00 00 00 00 00 00  93 0d c2 97 00 00 00 00 |................|
	0090  00 00 00 02 dc 00 40 93  c2 40 c0 93 c2 40 c0 93 |......@..@...@..|
	00a0  c2 40 c0 93 c2 40 c0 93  c2 40 c0 93 c2 40 c0 93 |.@...@...@...@..|
	00b0  c2 40 c0 93 c2 40 c0 93  c2 40 c0 93 c2 40 c0 93 |.@...@...@...@..|
	00c0  c2 40 c0 93 c2 40 c0 93  c2 40 c0 93 c2 40 c0 93 |.@...@...@...@..|
	00d0  c2 40 c0 93 c2 40 c0 93  c2 40 c0 93 c2 40 c0 93 |.@...@...@...@..|
	00e0  c2 40 c0 93 c2 40 c0 93  c2 40 c0 93 c2 40 c0 93 |.@...@...@...@..|
	00f0  c2 40 c0 93 c2 40 c0 93  c2 40 c0 93 c2 40 c0 93 |.@...@...@...@..|
	0100  c2 40 c0 93 c2 40 c0 93  c2 40 c0 93 c2 40 c0 93 |.@...@...@...@..|
[3971] +143.178604 ASYNC-IN-SUBMIT ep=0x81 len=0 type=BULK (in, awaiting data)
[3972] +143.178665 ASYNC-OUT ep=0x01 len=16 type=BULK 
	0000  08 00 00 18 80 10 ed 03  00 ba 00 08 ac 24 00 00 |.............$..|
[3973] +143.178845 ASYNC-OUT-DONE ep=0x01 len=0 status=0 actual=16
[3974] +143.178970 ASYNC-IN-DONE ep=0x81 len=264 status=0 actual=264
	0000  fe 00 00 18 ed 03 80 10  00 be 00 04 e3 0d 00 00 |................|
	0010  c2 40 c0 93 c2 40 c0 93  c2 40 c0 93 c2 40 c0 93 |.@...@...@...@..|
	0020  c2 40 c0 93 c2 40 c0 93  c2 40 c0 93 c2 40 c0 93 |.@...@...@...@..|
	0030  c2 40 c0 93 c2 40 c0 93  c2 40 c0 93 c2 40 c0 93 |.@...@...@...@..|
	0040  c2 40 c0 93 c2 40 c0 93  c2 40 c0 93 c2 40 c0 93 |.@...@...@...@..|
	0050  c2 40 c0 93 c2 40 c0 93  c2 40 c0 93 c2 40 c0 93 |.@...@...@...@..|
	0060  c2 40 c0 93 c2 40 c0 93  c2 40 c0 93 c2 40 c0 93 |.@...@...@...@..|
	0070  c2 40 c0 93 c2 40 c0 93  c2 40 c0 93 c2 40 c0 93 |.@...@...@...@..|
	0080  c2 40 c0 93 c2 40 c0 93  c2 40 c0 93 c2 40 c0 93 |.@...@...@...@..|
	0090  c2 40 c0 93 c2 40 c0 03  dc 00 14 92 c2 c2 92 c2 |.@...@..........|
	00a0  c3 92 c2 c3 92 c2 c3 92  c2 c3 92 c2 c3 92 c2 c3 |................|
	00b0  92 c2 c3 92 c2 c3 92 c2  c2 92 c2 c3 92 c2 c3 92 |................|
	00c0  c2 c3 92 c2 c3 92 c2 c3  92 c2 c3 92 c2 c3 92 c2 |................|
	00d0  c3 92 c2 c3 92 c2 c2 04  ab 53 4e 41 50 53 48 4f |.........SNAPSHO|
	00e0  54 20 33 00 0e c2 05 ca  42 f0 00 00 0c 00 0d dc |T 3.....B.......|
	00f0  00 14 c3 c3 c3 c3 c3 c3  c3 c3 c3 c3 c3 c3 c3 c3 |................|
	0100  c3 c3 c3 c3 c3 c3 c0 93                          |........|
[3975] +143.179115 ASYNC-IN-SUBMIT ep=0x81 len=0 type=BULK (in, awaiting data)
[3976] +143.208822 ASYNC-OUT ep=0x01 len=16 type=BULK 
	0000  08 00 00 18 80 10 ed 03  00 bb 00 08 a2 25 00 00 |.............%..|
[3977] +143.209054 ASYNC-OUT-DONE ep=0x01 len=0 status=0 actual=16
[3978] +143.291093 ASYNC-IN-DONE ep=0x81 len=0 status=2 actual=0
[3979] +143.291117 ASYNC-IN-SUBMIT ep=0x81 len=0 type=BULK (in, awaiting data)
[3980] +143.310635 ASYNC-IN-DONE ep=0x81 len=16 status=0 actual=16
	0000  08 00 00 18 ed 03 80 10  00 bf 00 08 e3 0d 00 00 |................|
[3981] +143.310652 ASYNC-IN-SUBMIT ep=0x81 len=0 type=BULK (in, awaiting data)
[3982] +143.416344 ASYNC-IN-DONE ep=0x81 len=0 status=2 actual=0
[3983] +143.416366 ASYNC-IN-SUBMIT ep=0x81 len=0 type=BULK (in, awaiting data)
[3984] +143.468143 ASYNC-OUT ep=0x01 len=16 type=BULK 
	0000  08 00 00 18 01 10 ef 03  00 9c 00 10 93 1e 00 00 |................|
[3985] +143.468436 ASYNC-OUT-DONE ep=0x01 len=0 status=0 actual=16
[3986] +143.528601 ASYNC-IN-DONE ep=0x81 len=0 status=2 actual=0
[3987] +143.528688 ASYNC-IN-SUBMIT ep=0x81 len=0 type=BULK (in, awaiting data)
[3988] +143.638087 ASYNC-IN-DONE ep=0x81 len=0 status=2 actual=0
[3989] +143.638177 ASYNC-IN-SUBMIT ep=0x81 len=0 type=BULK (in, awaiting data)
[3990] +143.744943 ASYNC-IN-DONE ep=0x81 len=0 status=2 actual=0
[3991] +143.745024 ASYNC-IN-SUBMIT ep=0x81 len=0 type=BULK (in, awaiting data)
[3992] +143.856772 ASYNC-IN-DONE ep=0x81 len=0 status=2 actual=0
[3993] +143.856843 ASYNC-IN-SUBMIT ep=0x81 len=0 type=BULK (in, awaiting data)
[3994] +143.914360 ASYNC-IN-DONE ep=0x81 len=16 status=0 actual=16
	0000  08 00 00 18 ef 03 01 10  00 a2 00 10 65 02 00 00 |............e...|
[3995] +143.914495 ASYNC-IN-SUBMIT ep=0x81 len=0 type=BULK (in, awaiting data)
[3996] +144.025842 ASYNC-IN-DONE ep=0x81 len=0 status=2 actual=0
[3997] +144.025919 ASYNC-IN-SUBMIT ep=0x81 len=0 type=BULK (in, awaiting data)
[3998] +144.114816 ASYNC-IN-DONE ep=0x81 len=16 status=0 actual=16
	0000  08 00 00 18 f0 03 02 10  00 9b 00 10 09 02 00 00 |................|
[3999] +144.114930 ASYNC-IN-SUBMIT ep=0x81 len=0 type=BULK (in, awaiting data)
[4000] +144.194972 ASYNC-OUT ep=0x01 len=16 type=BULK 
	0000  08 00 00 18 02 10 f0 03  00 90 00 10 7f 11 00 00 |................|
[4001] +144.195371 ASYNC-OUT-DONE ep=0x01 len=0 status=0 actual=16
[4002] +144.225853 ASYNC-IN-DONE ep=0x81 len=0 status=2 actual=0
[4003] +144.225933 ASYNC-IN-SUBMIT ep=0x81 len=0 type=BULK (in, awaiting data)
[4004] +144.247015 ASYNC-OUT ep=0x01 len=16 type=BULK 
	0000  08 00 00 18 80 10 ed 03  00 bc 00 10 a2 25 00 00 |.............%..|
[4005] +144.247252 ASYNC-OUT-DONE ep=0x01 len=0 status=0 actual=16
[4006] +144.315282 ASYNC-IN-DONE ep=0x81 len=16 status=0 actual=16
	0000  08 00 00 18 ed 03 80 10  00 c0 00 10 e3 0d 00 00 |................|
[4007] +144.315431 ASYNC-IN-SUBMIT ep=0x81 len=0 type=BULK (in, awaiting data)
[4008] +144.419518 ASYNC-IN-DONE ep=0x81 len=0 status=2 actual=0
[4009] +144.419663 ASYNC-IN-SUBMIT ep=0x81 len=0 type=BULK (in, awaiting data)
[4010] +144.505375 ASYNC-OUT ep=0x01 len=16 type=BULK 
	0000  08 00 00 18 01 10 ef 03  00 9d 00 10 93 1e 00 00 |................|
[4011] +144.505731 ASYNC-OUT-DONE ep=0x01 len=0 status=0 actual=16
[4012] +144.531543 ASYNC-IN-DONE ep=0x81 len=0 status=2 actual=0
[4013] +144.531630 ASYNC-IN-SUBMIT ep=0x81 len=0 type=BULK (in, awaiting data)
[4014] +144.637219 ASYNC-IN-DONE ep=0x81 len=0 status=2 actual=0
[4015] +144.637358 ASYNC-IN-SUBMIT ep=0x81 len=0 type=BULK (in, awaiting data)
[4016] +144.748615 ASYNC-IN-DONE ep=0x81 len=0 status=2 actual=0
[4017] +144.748714 ASYNC-IN-SUBMIT ep=0x81 len=0 type=BULK (in, awaiting data)
[4018] +144.861521 ASYNC-IN-DONE ep=0x81 len=0 status=2 actual=0
[4019] +144.861601 ASYNC-IN-SUBMIT ep=0x81 len=0 type=BULK (in, awaiting data)
[4020] +144.917270 ASYNC-IN-DONE ep=0x81 len=16 status=0 actual=16
	0000  08 00 00 18 ef 03 01 10  00 a3 00 10 65 02 00 00 |............e...|
[4021] +144.917393 ASYNC-IN-SUBMIT ep=0x81 len=0 type=BULK (in, awaiting data)
[4022] +145.026900 ASYNC-IN-DONE ep=0x81 len=0 status=2 actual=0
[4023] +145.027002 ASYNC-IN-SUBMIT ep=0x81 len=0 type=BULK (in, awaiting data)
[4024] +145.117640 ASYNC-IN-DONE ep=0x81 len=16 status=0 actual=16
	0000  08 00 00 18 f0 03 02 10  00 9c 00 10 09 02 00 00 |................|
[4025] +145.117740 ASYNC-IN-SUBMIT ep=0x81 len=0 type=BULK (in, awaiting data)
[4026] +145.230485 ASYNC-IN-DONE ep=0x81 len=0 status=2 actual=0
[4027] +145.230568 ASYNC-IN-SUBMIT ep=0x81 len=0 type=BULK (in, awaiting data)
[4028] +145.232523 ASYNC-OUT ep=0x01 len=16 type=BULK 
	0000  08 00 00 18 02 10 f0 03  00 91 00 10 7f 11 00 00 |................|
[4029] +145.232748 ASYNC-OUT-DONE ep=0x01 len=0 status=0 actual=16
[4030] +145.284614 ASYNC-OUT ep=0x01 len=16 type=BULK 
	0000  08 00 00 18 80 10 ed 03  00 bd 00 10 a2 25 00 00 |.............%..|
[4031] +145.285251 ASYNC-OUT-DONE ep=0x01 len=0 status=0 actual=16
[4032] +145.318414 ASYNC-IN-DONE ep=0x81 len=16 status=0 actual=16
	0000  08 00 00 18 ed 03 80 10  00 c1 00 10 e3 0d 00 00 |................|
[4033] +145.318451 ASYNC-IN-SUBMIT ep=0x81 len=0 type=BULK (in, awaiting data)
[4034] +145.422504 ASYNC-IN-DONE ep=0x81 len=0 status=2 actual=0
[4035] +145.422575 ASYNC-IN-SUBMIT ep=0x81 len=0 type=BULK (in, awaiting data)
[4036] +145.532253 ASYNC-IN-DONE ep=0x81 len=0 status=2 actual=0
[4037] +145.532361 ASYNC-IN-SUBMIT ep=0x81 len=0 type=BULK (in, awaiting data)
[4038] +145.544934 ASYNC-OUT ep=0x01 len=16 type=BULK 
	0000  08 00 00 18 01 10 ef 03  00 9e 00 10 93 1e 00 00 |................|
[4039] +145.545263 ASYNC-OUT-DONE ep=0x01 len=0 status=0 actual=16
[4040] +145.645215 ASYNC-IN-DONE ep=0x81 len=0 status=2 actual=0
[4041] +145.645311 ASYNC-IN-SUBMIT ep=0x81 len=0 type=BULK (in, awaiting data)
[4042] +145.753210 ASYNC-IN-DONE ep=0x81 len=0 status=2 actual=0
[4043] +145.753282 ASYNC-IN-SUBMIT ep=0x81 len=0 type=BULK (in, awaiting data)
[4044] +145.861081 ASYNC-IN-DONE ep=0x81 len=0 status=2 actual=0
[4045] +145.861180 ASYNC-IN-SUBMIT ep=0x81 len=0 type=BULK (in, awaiting data)
[4046] +145.920120 ASYNC-IN-DONE ep=0x81 len=16 status=0 actual=16
	0000  08 00 00 18 ef 03 01 10  00 a4 00 10 65 02 00 00 |............e...|
[4047] +145.920243 ASYNC-IN-SUBMIT ep=0x81 len=0 type=BULK (in, awaiting data)
[4048] +146.032767 ASYNC-IN-DONE ep=0x81 len=0 status=2 actual=0
[4049] +146.032862 ASYNC-IN-SUBMIT ep=0x81 len=0 type=BULK (in, awaiting data)
[4050] +146.120856 ASYNC-IN-DONE ep=0x81 len=16 status=0 actual=16
	0000  08 00 00 18 f0 03 02 10  00 9d 00 10 09 02 00 00 |................|
[4051] +146.120993 ASYNC-IN-SUBMIT ep=0x81 len=0 type=BULK (in, awaiting data)
[4052] +146.224177 ASYNC-IN-DONE ep=0x81 len=0 status=2 actual=0
[4053] +146.224285 ASYNC-IN-SUBMIT ep=0x81 len=0 type=BULK (in, awaiting data)
[4054] +146.272732 ASYNC-OUT ep=0x01 len=16 type=BULK 
	0000  08 00 00 18 02 10 f0 03  00 92 00 10 7f 11 00 00 |................|
[4055] +146.273052 ASYNC-OUT-DONE ep=0x01 len=0 status=0 actual=16
[4056] +146.321453 ASYNC-IN-DONE ep=0x81 len=16 status=0 actual=16
	0000  08 00 00 18 ed 03 80 10  00 c2 00 10 e3 0d 00 00 |................|
[4057] +146.321504 ASYNC-IN-SUBMIT ep=0x81 len=0 type=BULK (in, awaiting data)
[4058] +146.324797 ASYNC-OUT ep=0x01 len=16 type=BULK 
	0000  08 00 00 18 80 10 ed 03  00 be 00 10 a2 25 00 00 |.............%..|
[4059] +146.325095 ASYNC-OUT-DONE ep=0x01 len=0 status=0 actual=16
[4060] +146.433422 ASYNC-IN-DONE ep=0x81 len=0 status=2 actual=0
[4061] +146.433495 ASYNC-IN-SUBMIT ep=0x81 len=0 type=BULK (in, awaiting data)
[4062] +146.545760 ASYNC-IN-DONE ep=0x81 len=0 status=2 actual=0
[4063] +146.545820 ASYNC-IN-SUBMIT ep=0x81 len=0 type=BULK (in, awaiting data)
[4064] +146.585079 ASYNC-OUT ep=0x01 len=16 type=BULK 
	0000  08 00 00 18 01 10 ef 03  00 9f 00 10 93 1e 00 00 |................|
[4065] +146.585455 ASYNC-OUT-DONE ep=0x01 len=0 status=0 actual=16
[4066] +146.652380 ASYNC-IN-DONE ep=0x81 len=0 status=2 actual=0
[4067] +146.652464 ASYNC-IN-SUBMIT ep=0x81 len=0 type=BULK (in, awaiting data)
[4068] +146.755659 ASYNC-IN-DONE ep=0x81 len=0 status=2 actual=0
[4069] +146.755761 ASYNC-IN-SUBMIT ep=0x81 len=0 type=BULK (in, awaiting data)
[4070] +146.868134 ASYNC-IN-DONE ep=0x81 len=0 status=2 actual=0
[4071] +146.868243 ASYNC-IN-SUBMIT ep=0x81 len=0 type=BULK (in, awaiting data)
[4072] +146.923439 ASYNC-IN-DONE ep=0x81 len=16 status=0 actual=16
	0000  08 00 00 18 ef 03 01 10  00 a5 00 10 65 02 00 00 |............e...|
[4073] +146.923568 ASYNC-IN-SUBMIT ep=0x81 len=0 type=BULK (in, awaiting data)
[4074] +147.036050 ASYNC-IN-DONE ep=0x81 len=0 status=2 actual=0
[4075] +147.036145 ASYNC-IN-SUBMIT ep=0x81 len=0 type=BULK (in, awaiting data)
[4076] +147.124407 ASYNC-IN-DONE ep=0x81 len=16 status=0 actual=16
	0000  08 00 00 18 f0 03 02 10  00 9e 00 10 09 02 00 00 |................|
[4077] +147.124482 ASYNC-IN-SUBMIT ep=0x81 len=0 type=BULK (in, awaiting data)
[4078] +147.225454 ASYNC-IN-DONE ep=0x81 len=0 status=2 actual=0
[4079] +147.225539 ASYNC-IN-SUBMIT ep=0x81 len=0 type=BULK (in, awaiting data)
[4080] +147.309468 ASYNC-OUT ep=0x01 len=16 type=BULK 
	0000  08 00 00 18 02 10 f0 03  00 93 00 10 7f 11 00 00 |................|
[4081] +147.309829 ASYNC-OUT-DONE ep=0x01 len=0 status=0 actual=16
[4082] +147.324965 ASYNC-IN-DONE ep=0x81 len=16 status=0 actual=16
	0000  08 00 00 18 ed 03 80 10  00 c3 00 10 e3 0d 00 00 |................|
[4083] +147.325022 ASYNC-IN-SUBMIT ep=0x81 len=0 type=BULK (in, awaiting data)
[4084] +147.361476 ASYNC-OUT ep=0x01 len=16 type=BULK 
	0000  08 00 00 18 80 10 ed 03  00 bf 00 10 a2 25 00 00 |.............%..|
[4085] +147.361810 ASYNC-OUT-DONE ep=0x01 len=0 status=0 actual=16
[4086] +147.431723 ASYNC-IN-DONE ep=0x81 len=0 status=2 actual=0
[4087] +147.431816 ASYNC-IN-SUBMIT ep=0x81 len=0 type=BULK (in, awaiting data)
[4088] +147.542660 ASYNC-IN-DONE ep=0x81 len=0 status=2 actual=0
[4089] +147.542850 ASYNC-IN-SUBMIT ep=0x81 len=0 type=BULK (in, awaiting data)
[4090] +147.620779 ASYNC-OUT ep=0x01 len=16 type=BULK 
	0000  08 00 00 18 01 10 ef 03  00 a0 00 10 93 1e 00 00 |................|
[4091] +147.621110 ASYNC-OUT-DONE ep=0x01 len=0 status=0 actual=16
[4092] +147.643929 ASYNC-IN-DONE ep=0x81 len=0 status=2 actual=0
[4093] +147.644007 ASYNC-IN-SUBMIT ep=0x81 len=0 type=BULK (in, awaiting data)
[4094] +147.752393 ASYNC-IN-DONE ep=0x81 len=0 status=2 actual=0
[4095] +147.752485 ASYNC-IN-SUBMIT ep=0x81 len=0 type=BULK (in, awaiting data)
[4096] +147.865319 ASYNC-IN-DONE ep=0x81 len=0 status=2 actual=0
[4097] +147.865401 ASYNC-IN-SUBMIT ep=0x81 len=0 type=BULK (in, awaiting data)
[4098] +147.926973 ASYNC-IN-DONE ep=0x81 len=16 status=0 actual=16
	0000  08 00 00 18 ef 03 01 10  00 a6 00 10 65 02 00 00 |............e...|
[4099] +147.927109 ASYNC-IN-SUBMIT ep=0x81 len=0 type=BULK (in, awaiting data)
[4100] +148.035915 ASYNC-IN-DONE ep=0x81 len=0 status=2 actual=0
[4101] +148.036000 ASYNC-IN-SUBMIT ep=0x81 len=0 type=BULK (in, awaiting data)
[4102] +148.127429 ASYNC-IN-DONE ep=0x81 len=16 status=0 actual=16
	0000  08 00 00 18 f0 03 02 10  00 9f 00 10 09 02 00 00 |................|
[4103] +148.127527 ASYNC-IN-SUBMIT ep=0x81 len=0 type=BULK (in, awaiting data)
[4104] +148.232455 ASYNC-IN-DONE ep=0x81 len=0 status=2 actual=0
[4105] +148.232628 ASYNC-IN-SUBMIT ep=0x81 len=0 type=BULK (in, awaiting data)
[4106] +148.328363 ASYNC-IN-DONE ep=0x81 len=16 status=0 actual=16
	0000  08 00 00 18 ed 03 80 10  00 c4 00 10 e3 0d 00 00 |................|
[4107] +148.328422 ASYNC-IN-SUBMIT ep=0x81 len=0 type=BULK (in, awaiting data)
[4108] +148.347183 ASYNC-OUT ep=0x01 len=16 type=BULK 
	0000  08 00 00 18 02 10 f0 03  00 94 00 10 7f 11 00 00 |................|
[4109] +148.347529 ASYNC-OUT-DONE ep=0x01 len=0 status=0 actual=16
[4110] +148.399242 ASYNC-OUT ep=0x01 len=16 type=BULK 
	0000  08 00 00 18 80 10 ed 03  00 c0 00 10 a2 25 00 00 |.............%..|
[4111] +148.399594 ASYNC-OUT-DONE ep=0x01 len=0 status=0 actual=16
[4112] +148.436253 ASYNC-IN-DONE ep=0x81 len=0 status=2 actual=0
[4113] +148.436344 ASYNC-IN-SUBMIT ep=0x81 len=0 type=BULK (in, awaiting data)
[4114] +148.542338 ASYNC-IN-DONE ep=0x81 len=0 status=2 actual=0
[4115] +148.542437 ASYNC-IN-SUBMIT ep=0x81 len=0 type=BULK (in, awaiting data)
[4116] +148.647248 ASYNC-IN-DONE ep=0x81 len=0 status=2 actual=0
[4117] +148.647466 ASYNC-IN-SUBMIT ep=0x81 len=0 type=BULK (in, awaiting data)
[4118] +148.657761 ASYNC-OUT ep=0x01 len=16 type=BULK 
	0000  08 00 00 18 01 10 ef 03  00 a1 00 10 93 1e 00 00 |................|
[4119] +148.658094 ASYNC-OUT-DONE ep=0x01 len=0 status=0 actual=16
[4120] +148.760388 ASYNC-IN-DONE ep=0x81 len=0 status=2 actual=0
[4121] +148.760487 ASYNC-IN-SUBMIT ep=0x81 len=0 type=BULK (in, awaiting data)
[4122] +148.870272 ASYNC-IN-DONE ep=0x81 len=0 status=2 actual=0
[4123] +148.870367 ASYNC-IN-SUBMIT ep=0x81 len=0 type=BULK (in, awaiting data)
[4124] +148.930128 ASYNC-IN-DONE ep=0x81 len=16 status=0 actual=16
	0000  08 00 00 18 ef 03 01 10  00 a7 00 10 65 02 00 00 |............e...|
[4125] +148.930247 ASYNC-IN-SUBMIT ep=0x81 len=0 type=BULK (in, awaiting data)
[4126] +149.043060 ASYNC-IN-DONE ep=0x81 len=0 status=2 actual=0
[4127] +149.043157 ASYNC-IN-SUBMIT ep=0x81 len=0 type=BULK (in, awaiting data)
[4128] +149.131006 ASYNC-IN-DONE ep=0x81 len=16 status=0 actual=16
	0000  08 00 00 18 f0 03 02 10  00 a0 00 10 09 02 00 00 |................|
[4129] +149.131119 ASYNC-IN-SUBMIT ep=0x81 len=0 type=BULK (in, awaiting data)
[4130] +149.236082 ASYNC-IN-DONE ep=0x81 len=0 status=2 actual=0
[4131] +149.236210 ASYNC-IN-SUBMIT ep=0x81 len=0 type=BULK (in, awaiting data)
[4132] +149.331306 ASYNC-IN-DONE ep=0x81 len=16 status=0 actual=16
	0000  08 00 00 18 ed 03 80 10  00 c5 00 10 e3 0d 00 00 |................|
[4133] +149.331352 ASYNC-IN-SUBMIT ep=0x81 len=0 type=BULK (in, awaiting data)
[4134] +149.385744 ASYNC-OUT ep=0x01 len=16 type=BULK 
	0000  08 00 00 18 02 10 f0 03  00 95 00 10 7f 11 00 00 |................|
[4135] +149.385986 ASYNC-OUT-DONE ep=0x01 len=0 status=0 actual=16
[4136] +149.437793 ASYNC-OUT ep=0x01 len=16 type=BULK 
	0000  08 00 00 18 80 10 ed 03  00 c1 00 10 a2 25 00 00 |.............%..|
[4137] +149.438088 ASYNC-OUT-DONE ep=0x01 len=0 status=0 actual=16
[4138] +149.444082 ASYNC-IN-DONE ep=0x81 len=0 status=2 actual=0
[4139] +149.444112 ASYNC-IN-SUBMIT ep=0x81 len=0 type=BULK (in, awaiting data)
[4140] +149.556555 ASYNC-IN-DONE ep=0x81 len=0 status=2 actual=0
[4141] +149.556648 ASYNC-IN-SUBMIT ep=0x81 len=0 type=BULK (in, awaiting data)
[4142] +149.669554 ASYNC-IN-DONE ep=0x81 len=0 status=2 actual=0
[4143] +149.669650 ASYNC-IN-SUBMIT ep=0x81 len=0 type=BULK (in, awaiting data)
[4144] +149.696339 ASYNC-OUT ep=0x01 len=16 type=BULK 
	0000  08 00 00 18 01 10 ef 03  00 a2 00 10 93 1e 00 00 |................|
[4145] +149.696697 ASYNC-OUT-DONE ep=0x01 len=0 status=0 actual=16
[4146] +149.782515 ASYNC-IN-DONE ep=0x81 len=0 status=2 actual=0
[4147] +149.782609 ASYNC-IN-SUBMIT ep=0x81 len=0 type=BULK (in, awaiting data)
[4148] +149.886114 ASYNC-IN-DONE ep=0x81 len=0 status=2 actual=0
[4149] +149.886191 ASYNC-IN-SUBMIT ep=0x81 len=0 type=BULK (in, awaiting data)
[4150] +149.933389 ASYNC-IN-DONE ep=0x81 len=16 status=0 actual=16
	0000  08 00 00 18 ef 03 01 10  00 a8 00 10 65 02 00 00 |............e...|
[4151] +149.933542 ASYNC-IN-SUBMIT ep=0x81 len=0 type=BULK (in, awaiting data)
[4152] +150.046360 ASYNC-IN-DONE ep=0x81 len=0 status=2 actual=0
[4153] +150.046467 ASYNC-IN-SUBMIT ep=0x81 len=0 type=BULK (in, awaiting data)
[4154] +150.134451 ASYNC-IN-DONE ep=0x81 len=16 status=0 actual=16
	0000  08 00 00 18 f0 03 02 10  00 a1 00 10 09 02 00 00 |................|
[4155] +150.134556 ASYNC-IN-SUBMIT ep=0x81 len=0 type=BULK (in, awaiting data)
[4156] +150.243985 ASYNC-IN-DONE ep=0x81 len=0 status=2 actual=0
[4157] +150.244013 ASYNC-IN-SUBMIT ep=0x81 len=0 type=BULK (in, awaiting data)
[4158] +150.335844 ASYNC-IN-DONE ep=0x81 len=16 status=0 actual=16
	0000  08 00 00 18 ed 03 80 10  00 c6 00 10 e3 0d 00 00 |................|
[4159] +150.335881 ASYNC-IN-SUBMIT ep=0x81 len=0 type=BULK (in, awaiting data)
[4160] +150.422387 ASYNC-OUT ep=0x01 len=16 type=BULK 
	0000  08 00 00 18 02 10 f0 03  00 96 00 10 7f 11 00 00 |................|
[4161] +150.422718 ASYNC-OUT-DONE ep=0x01 len=0 status=0 actual=16
[4162] +150.448418 ASYNC-IN-DONE ep=0x81 len=0 status=2 actual=0
[4163] +150.448432 ASYNC-IN-SUBMIT ep=0x81 len=0 type=BULK (in, awaiting data)
[4164] +150.474408 ASYNC-OUT ep=0x01 len=16 type=BULK 
	0000  08 00 00 18 80 10 ed 03  00 c2 00 10 a2 25 00 00 |.............%..|
[4165] +150.474653 ASYNC-OUT-DONE ep=0x01 len=0 status=0 actual=16
[4166] +150.550298 ASYNC-IN-DONE ep=0x81 len=0 status=2 actual=0
[4167] +150.550359 ASYNC-IN-SUBMIT ep=0x81 len=0 type=BULK (in, awaiting data)
[4168] +150.660416 ASYNC-IN-DONE ep=0x81 len=0 status=2 actual=0
[4169] +150.660458 ASYNC-IN-SUBMIT ep=0x81 len=0 type=BULK (in, awaiting data)
[4170] +150.732951 ASYNC-OUT ep=0x01 len=16 type=BULK 
	0000  08 00 00 18 01 10 ef 03  00 a3 00 10 93 1e 00 00 |................|
[4171] +150.733246 ASYNC-OUT-DONE ep=0x01 len=0 status=0 actual=16
[4172] +150.771020 ASYNC-IN-DONE ep=0x81 len=0 status=2 actual=0
[4173] +150.771060 ASYNC-IN-SUBMIT ep=0x81 len=0 type=BULK (in, awaiting data)
[4174] +150.883247 ASYNC-IN-DONE ep=0x81 len=0 status=2 actual=0
[4175] +150.883342 ASYNC-IN-SUBMIT ep=0x81 len=0 type=BULK (in, awaiting data)
[4176] +150.937343 ASYNC-IN-DONE ep=0x81 len=16 status=0 actual=16
	0000  08 00 00 18 ef 03 01 10  00 a9 00 10 65 02 00 00 |............e...|
[4177] +150.937442 ASYNC-IN-SUBMIT ep=0x81 len=0 type=BULK (in, awaiting data)
[4178] +151.050266 ASYNC-IN-DONE ep=0x81 len=0 status=2 actual=0
[4179] +151.050358 ASYNC-IN-SUBMIT ep=0x81 len=0 type=BULK (in, awaiting data)
[4180] +151.137746 ASYNC-IN-DONE ep=0x81 len=16 status=0 actual=16
	0000  08 00 00 18 f0 03 02 10  00 a2 00 10 09 02 00 00 |................|
[4181] +151.137855 ASYNC-IN-SUBMIT ep=0x81 len=0 type=BULK (in, awaiting data)
[4182] +151.250302 ASYNC-IN-DONE ep=0x81 len=0 status=2 actual=0
[4183] +151.250420 ASYNC-IN-SUBMIT ep=0x81 len=0 type=BULK (in, awaiting data)
[4184] +151.339089 ASYNC-IN-DONE ep=0x81 len=16 status=0 actual=16
	0000  08 00 00 18 ed 03 80 10  00 c7 00 10 e3 0d 00 00 |................|
[4185] +151.339233 ASYNC-IN-SUBMIT ep=0x81 len=0 type=BULK (in, awaiting data)
[4186] +151.452056 ASYNC-IN-DONE ep=0x81 len=0 status=2 actual=0
[4187] +151.452158 ASYNC-IN-SUBMIT ep=0x81 len=0 type=BULK (in, awaiting data)
[4188] +151.459579 ASYNC-OUT ep=0x01 len=16 type=BULK 
	0000  08 00 00 18 02 10 f0 03  00 97 00 10 7f 11 00 00 |................|
[4189] +151.459840 ASYNC-OUT-DONE ep=0x01 len=0 status=0 actual=16
[4190] +151.511632 ASYNC-OUT ep=0x01 len=16 type=BULK 
	0000  08 00 00 18 80 10 ed 03  00 c3 00 10 a2 25 00 00 |.............%..|
[4191] +151.511939 ASYNC-OUT-DONE ep=0x01 len=0 status=0 actual=16
[4192] +151.553414 ASYNC-IN-DONE ep=0x81 len=0 status=2 actual=0
[4193] +151.553507 ASYNC-IN-SUBMIT ep=0x81 len=0 type=BULK (in, awaiting data)
[4194] +151.666342 ASYNC-IN-DONE ep=0x81 len=0 status=2 actual=0
[4195] +151.666439 ASYNC-IN-SUBMIT ep=0x81 len=0 type=BULK (in, awaiting data)
[4196] +151.770391 ASYNC-OUT ep=0x01 len=16 type=BULK 
	0000  08 00 00 18 01 10 ef 03  00 a4 00 10 93 1e 00 00 |................|
[4197] +151.770686 ASYNC-OUT-DONE ep=0x01 len=0 status=0 actual=16
[4198] +151.779280 ASYNC-IN-DONE ep=0x81 len=0 status=2 actual=0
[4199] +151.779356 ASYNC-IN-SUBMIT ep=0x81 len=0 type=BULK (in, awaiting data)
[4200] +151.888131 ASYNC-IN-DONE ep=0x81 len=0 status=2 actual=0
[4201] +151.888233 ASYNC-IN-SUBMIT ep=0x81 len=0 type=BULK (in, awaiting data)
[4202] +151.940067 ASYNC-IN-DONE ep=0x81 len=16 status=0 actual=16
	0000  08 00 00 18 ef 03 01 10  00 aa 00 10 65 02 00 00 |............e...|
[4203] +151.940195 ASYNC-IN-SUBMIT ep=0x81 len=0 type=BULK (in, awaiting data)
[4204] +152.051386 ASYNC-IN-DONE ep=0x81 len=0 status=2 actual=0
[4205] +152.051476 ASYNC-IN-SUBMIT ep=0x81 len=0 type=BULK (in, awaiting data)
[4206] +152.140795 ASYNC-IN-DONE ep=0x81 len=16 status=0 actual=16
	0000  08 00 00 18 f0 03 02 10  00 a3 00 10 09 02 00 00 |................|
[4207] +152.140915 ASYNC-IN-SUBMIT ep=0x81 len=0 type=BULK (in, awaiting data)
[4208] +152.244003 ASYNC-IN-DONE ep=0x81 len=0 status=2 actual=0
[4209] +152.244076 ASYNC-IN-SUBMIT ep=0x81 len=0 type=BULK (in, awaiting data)
[4210] +152.341395 ASYNC-IN-DONE ep=0x81 len=16 status=0 actual=16
	0000  08 00 00 18 ed 03 80 10  00 c8 00 10 e3 0d 00 00 |................|
[4211] +152.341515 ASYNC-IN-SUBMIT ep=0x81 len=0 type=BULK (in, awaiting data)
[4212] +152.452831 ASYNC-IN-DONE ep=0x81 len=0 status=2 actual=0
[4213] +152.452925 ASYNC-IN-SUBMIT ep=0x81 len=0 type=BULK (in, awaiting data)
[4214] +152.498221 ASYNC-OUT ep=0x01 len=16 type=BULK 
	0000  08 00 00 18 02 10 f0 03  00 98 00 10 7f 11 00 00 |................|
[4215] +152.498559 ASYNC-OUT-DONE ep=0x01 len=0 status=0 actual=16
[4216] +152.549766 ASYNC-OUT ep=0x01 len=16 type=BULK 
	0000  08 00 00 18 80 10 ed 03  00 c4 00 10 a2 25 00 00 |.............%..|
[4217] +152.550024 ASYNC-OUT-DONE ep=0x01 len=0 status=0 actual=16
[4218] +152.564421 ASYNC-IN-DONE ep=0x81 len=0 status=2 actual=0
[4219] +152.564459 ASYNC-IN-SUBMIT ep=0x81 len=0 type=BULK (in, awaiting data)
[4220] +152.674444 ASYNC-IN-DONE ep=0x81 len=0 status=2 actual=0
[4221] +152.674517 ASYNC-IN-SUBMIT ep=0x81 len=0 type=BULK (in, awaiting data)
[4222] +152.783922 ASYNC-IN-DONE ep=0x81 len=0 status=2 actual=0
[4223] +152.784014 ASYNC-IN-SUBMIT ep=0x81 len=0 type=BULK (in, awaiting data)
[4224] +152.809783 ASYNC-OUT ep=0x01 len=16 type=BULK 
	0000  08 00 00 18 01 10 ef 03  00 a5 00 10 93 1e 00 00 |................|
[4225] +152.810036 ASYNC-OUT-DONE ep=0x01 len=0 status=0 actual=16
[4226] +152.889153 ASYNC-IN-DONE ep=0x81 len=0 status=2 actual=0
[4227] +152.889251 ASYNC-IN-SUBMIT ep=0x81 len=0 type=BULK (in, awaiting data)
[4228] +152.943343 ASYNC-IN-DONE ep=0x81 len=16 status=0 actual=16
	0000  08 00 00 18 ef 03 01 10  00 ab 00 10 65 02 00 00 |............e...|
[4229] +152.943447 ASYNC-IN-SUBMIT ep=0x81 len=0 type=BULK (in, awaiting data)
[4230] +153.053491 ASYNC-IN-DONE ep=0x81 len=0 status=2 actual=0
[4231] +153.053579 ASYNC-IN-SUBMIT ep=0x81 len=0 type=BULK (in, awaiting data)
[4232] +153.144526 ASYNC-IN-DONE ep=0x81 len=16 status=0 actual=16
	0000  08 00 00 18 f0 03 02 10  00 a4 00 10 09 02 00 00 |................|
[4233] +153.144606 ASYNC-IN-SUBMIT ep=0x81 len=0 type=BULK (in, awaiting data)
[4234] +153.256180 ASYNC-IN-DONE ep=0x81 len=0 status=2 actual=0
[4235] +153.256268 ASYNC-IN-SUBMIT ep=0x81 len=0 type=BULK (in, awaiting data)
[4236] +153.344893 ASYNC-IN-DONE ep=0x81 len=16 status=0 actual=16
	0000  08 00 00 18 ed 03 80 10  00 c9 00 10 e3 0d 00 00 |................|
[4237] +153.345028 ASYNC-IN-SUBMIT ep=0x81 len=0 type=BULK (in, awaiting data)
[4238] +153.457852 ASYNC-IN-DONE ep=0x81 len=0 status=2 actual=0
[4239] +153.457932 ASYNC-IN-SUBMIT ep=0x81 len=0 type=BULK (in, awaiting data)
[4240] +153.534916 ASYNC-OUT ep=0x01 len=16 type=BULK 
	0000  08 00 00 18 02 10 f0 03  00 99 00 10 7f 11 00 00 |................|
[4241] +153.535363 ASYNC-OUT-DONE ep=0x01 len=0 status=0 actual=16
[4242] +153.570766 ASYNC-IN-DONE ep=0x81 len=0 status=2 actual=0
[4243] +153.570869 ASYNC-IN-SUBMIT ep=0x81 len=0 type=BULK (in, awaiting data)
[4244] +153.586946 ASYNC-OUT ep=0x01 len=16 type=BULK 
	0000  08 00 00 18 80 10 ed 03  00 c5 00 10 a2 25 00 00 |.............%..|
[4245] +153.587336 ASYNC-OUT-DONE ep=0x01 len=0 status=0 actual=16
[4246] +153.683294 ASYNC-IN-DONE ep=0x81 len=0 status=2 actual=0
[4247] +153.683409 ASYNC-IN-SUBMIT ep=0x81 len=0 type=BULK (in, awaiting data)
[4248] +153.789902 ASYNC-IN-DONE ep=0x81 len=0 status=2 actual=0
[4249] +153.790011 ASYNC-IN-SUBMIT ep=0x81 len=0 type=BULK (in, awaiting data)
[4250] +153.846318 ASYNC-OUT ep=0x01 len=16 type=BULK 
	0000  08 00 00 18 01 10 ef 03  00 a6 00 10 93 1e 00 00 |................|
[4251] +153.846701 ASYNC-OUT-DONE ep=0x01 len=0 status=0 actual=16
[4252] +153.899911 ASYNC-IN-DONE ep=0x81 len=0 status=2 actual=0
[4253] +153.900007 ASYNC-IN-SUBMIT ep=0x81 len=0 type=BULK (in, awaiting data)
[4254] +153.946911 ASYNC-IN-DONE ep=0x81 len=16 status=0 actual=16
	0000  08 00 00 18 ef 03 01 10  00 ac 00 10 65 02 00 00 |............e...|
[4255] +153.947004 ASYNC-IN-SUBMIT ep=0x81 len=0 type=BULK (in, awaiting data)
[4256] +154.059826 ASYNC-IN-DONE ep=0x81 len=0 status=2 actual=0
[4257] +154.059906 ASYNC-IN-SUBMIT ep=0x81 len=0 type=BULK (in, awaiting data)
[4258] +154.147443 ASYNC-IN-DONE ep=0x81 len=16 status=0 actual=16
	0000  08 00 00 18 f0 03 02 10  00 a5 00 10 09 02 00 00 |................|
[4259] +154.147594 ASYNC-IN-SUBMIT ep=0x81 len=0 type=BULK (in, awaiting data)
[4260] +154.260444 ASYNC-IN-DONE ep=0x81 len=0 status=2 actual=0
[4261] +154.260549 ASYNC-IN-SUBMIT ep=0x81 len=0 type=BULK (in, awaiting data)
[4262] +154.348473 ASYNC-IN-DONE ep=0x81 len=16 status=0 actual=16
	0000  08 00 00 18 ed 03 80 10  00 ca 00 10 e3 0d 00 00 |................|
[4263] +154.348602 ASYNC-IN-SUBMIT ep=0x81 len=0 type=BULK (in, awaiting data)
[4264] +154.454305 ASYNC-IN-DONE ep=0x81 len=0 status=2 actual=0
[4265] +154.454403 ASYNC-IN-SUBMIT ep=0x81 len=0 type=BULK (in, awaiting data)
[4266] +154.567226 ASYNC-IN-DONE ep=0x81 len=0 status=2 actual=0
[4267] +154.567342 ASYNC-IN-SUBMIT ep=0x81 len=0 type=BULK (in, awaiting data)
[4268] +154.573204 ASYNC-OUT ep=0x01 len=16 type=BULK 
	0000  08 00 00 18 02 10 f0 03  00 9a 00 10 7f 11 00 00 |................|
[4269] +154.573462 ASYNC-OUT-DONE ep=0x01 len=0 status=0 actual=16
[4270] +154.625266 ASYNC-OUT ep=0x01 len=16 type=BULK 
	0000  08 00 00 18 80 10 ed 03  00 c6 00 10 a2 25 00 00 |.............%..|
[4271] +154.625590 ASYNC-OUT-DONE ep=0x01 len=0 status=0 actual=16
[4272] +154.680165 ASYNC-IN-DONE ep=0x81 len=0 status=2 actual=0
[4273] +154.680257 ASYNC-IN-SUBMIT ep=0x81 len=0 type=BULK (in, awaiting data)
[4274] +154.790498 ASYNC-IN-DONE ep=0x81 len=0 status=2 actual=0
[4275] +154.790596 ASYNC-IN-SUBMIT ep=0x81 len=0 type=BULK (in, awaiting data)
[4276] +154.884565 ASYNC-OUT ep=0x01 len=16 type=BULK 
	0000  08 00 00 18 01 10 ef 03  00 a7 00 10 93 1e 00 00 |................|
[4277] +154.884930 ASYNC-OUT-DONE ep=0x01 len=0 status=0 actual=16
[4278] +154.890987 ASYNC-IN-DONE ep=0x81 len=0 status=2 actual=0
[4279] +154.891030 ASYNC-IN-SUBMIT ep=0x81 len=0 type=BULK (in, awaiting data)
[4280] +154.950368 ASYNC-IN-DONE ep=0x81 len=16 status=0 actual=16
	0000  08 00 00 18 ef 03 01 10  00 ad 00 10 65 02 00 00 |............e...|
[4281] +154.950473 ASYNC-IN-SUBMIT ep=0x81 len=0 type=BULK (in, awaiting data)
[4282] +155.051616 ASYNC-IN-DONE ep=0x81 len=0 status=2 actual=0
[4283] +155.051694 ASYNC-IN-SUBMIT ep=0x81 len=0 type=BULK (in, awaiting data)
[4284] +155.150790 ASYNC-IN-DONE ep=0x81 len=16 status=0 actual=16
	0000  08 00 00 18 f0 03 02 10  00 a6 00 10 09 02 00 00 |................|
[4285] +155.150907 ASYNC-IN-SUBMIT ep=0x81 len=0 type=BULK (in, awaiting data)
[4286] +155.254680 ASYNC-IN-DONE ep=0x81 len=0 status=2 actual=0
[4287] +155.254769 ASYNC-IN-SUBMIT ep=0x81 len=0 type=BULK (in, awaiting data)
[4288] +155.351229 ASYNC-IN-DONE ep=0x81 len=16 status=0 actual=16
	0000  08 00 00 18 ed 03 80 10  00 cb 00 10 e3 0d 00 00 |................|
[4289] +155.351316 ASYNC-IN-SUBMIT ep=0x81 len=0 type=BULK (in, awaiting data)
[4290] +155.461021 ASYNC-IN-DONE ep=0x81 len=0 status=2 actual=0
[4291] +155.461047 ASYNC-IN-SUBMIT ep=0x81 len=0 type=BULK (in, awaiting data)
[4292] +155.573753 ASYNC-IN-DONE ep=0x81 len=0 status=2 actual=0
[4293] +155.573790 ASYNC-IN-SUBMIT ep=0x81 len=0 type=BULK (in, awaiting data)
[4294] +155.611197 ASYNC-OUT ep=0x01 len=16 type=BULK 
	0000  08 00 00 18 02 10 f0 03  00 9b 00 10 7f 11 00 00 |................|
[4295] +155.611483 ASYNC-OUT-DONE ep=0x01 len=0 status=0 actual=16
[4296] +155.662686 ASYNC-OUT ep=0x01 len=16 type=BULK 
	0000  08 00 00 18 80 10 ed 03  00 c7 00 10 a2 25 00 00 |.............%..|
[4297] +155.663009 ASYNC-OUT-DONE ep=0x01 len=0 status=0 actual=16
[4298] +155.686526 ASYNC-IN-DONE ep=0x81 len=0 status=2 actual=0
[4299] +155.686550 ASYNC-IN-SUBMIT ep=0x81 len=0 type=BULK (in, awaiting data)
[4300] +155.791599 ASYNC-IN-DONE ep=0x81 len=0 status=2 actual=0
[4301] +155.791689 ASYNC-IN-SUBMIT ep=0x81 len=0 type=BULK (in, awaiting data)
[4302] +155.902520 ASYNC-IN-DONE ep=0x81 len=0 status=2 actual=0
[4303] +155.902634 ASYNC-IN-SUBMIT ep=0x81 len=0 type=BULK (in, awaiting data)
[4304] +155.920709 ASYNC-OUT ep=0x01 len=16 type=BULK 
	0000  08 00 00 18 01 10 ef 03  00 a8 00 10 93 1e 00 00 |................|
[4305] +155.920983 ASYNC-OUT-DONE ep=0x01 len=0 status=0 actual=16
[4306] +155.953217 ASYNC-IN-DONE ep=0x81 len=16 status=0 actual=16
	0000  08 00 00 18 ef 03 01 10  00 ae 00 10 65 02 00 00 |............e...|
[4307] +155.953380 ASYNC-IN-SUBMIT ep=0x81 len=0 type=BULK (in, awaiting data)
[4308] +156.054448 ASYNC-IN-DONE ep=0x81 len=0 status=2 actual=0
[4309] +156.054553 ASYNC-IN-SUBMIT ep=0x81 len=0 type=BULK (in, awaiting data)
[4310] +156.154358 ASYNC-IN-DONE ep=0x81 len=16 status=0 actual=16
	0000  08 00 00 18 f0 03 02 10  00 a7 00 10 09 02 00 00 |................|
[4311] +156.154484 ASYNC-IN-SUBMIT ep=0x81 len=0 type=BULK (in, awaiting data)
[4312] +156.255643 ASYNC-IN-DONE ep=0x81 len=0 status=2 actual=0
[4313] +156.255744 ASYNC-IN-SUBMIT ep=0x81 len=0 type=BULK (in, awaiting data)
[4314] +156.354825 ASYNC-IN-DONE ep=0x81 len=16 status=0 actual=16
	0000  08 00 00 18 ed 03 80 10  00 cc 00 10 e3 0d 00 00 |................|
[4315] +156.355039 ASYNC-IN-SUBMIT ep=0x81 len=0 type=BULK (in, awaiting data)
[4316] +156.455396 ASYNC-IN-DONE ep=0x81 len=0 status=2 actual=0
[4317] +156.455482 ASYNC-IN-SUBMIT ep=0x81 len=0 type=BULK (in, awaiting data)
[4318] +156.568165 ASYNC-IN-DONE ep=0x81 len=0 status=2 actual=0
[4319] +156.568241 ASYNC-IN-SUBMIT ep=0x81 len=0 type=BULK (in, awaiting data)
[4320] +156.647541 ASYNC-OUT ep=0x01 len=16 type=BULK 
	0000  08 00 00 18 02 10 f0 03  00 9c 00 10 7f 11 00 00 |................|
[4321] +156.647866 ASYNC-OUT-DONE ep=0x01 len=0 status=0 actual=16
[4322] +156.677535 ASYNC-IN-DONE ep=0x81 len=0 status=2 actual=0
[4323] +156.677608 ASYNC-IN-SUBMIT ep=0x81 len=0 type=BULK (in, awaiting data)
[4324] +156.699574 ASYNC-OUT ep=0x01 len=16 type=BULK 
	0000  08 00 00 18 80 10 ed 03  00 c8 00 10 a2 25 00 00 |.............%..|
[4325] +156.699825 ASYNC-OUT-DONE ep=0x01 len=0 status=0 actual=16
[4326] +156.788212 ASYNC-IN-DONE ep=0x81 len=0 status=2 actual=0
[4327] +156.788319 ASYNC-IN-SUBMIT ep=0x81 len=0 type=BULK (in, awaiting data)
[4328] +156.892418 ASYNC-IN-DONE ep=0x81 len=0 status=2 actual=0
[4329] +156.892510 ASYNC-IN-SUBMIT ep=0x81 len=0 type=BULK (in, awaiting data)
[4330] +156.956737 ASYNC-IN-DONE ep=0x81 len=16 status=0 actual=16
	0000  08 00 00 18 ef 03 01 10  00 af 00 10 65 02 00 00 |............e...|
[4331] +156.956835 ASYNC-IN-SUBMIT ep=0x81 len=0 type=BULK (in, awaiting data)
[4332] +156.958484 ASYNC-OUT ep=0x01 len=16 type=BULK 
	0000  08 00 00 18 01 10 ef 03  00 a9 00 10 93 1e 00 00 |................|
[4333] +156.958683 ASYNC-OUT-DONE ep=0x01 len=0 status=0 actual=16
[4334] +157.068164 ASYNC-IN-DONE ep=0x81 len=0 status=2 actual=0
[4335] +157.068218 ASYNC-IN-SUBMIT ep=0x81 len=0 type=BULK (in, awaiting data)
[4336] +157.157641 ASYNC-IN-DONE ep=0x81 len=16 status=0 actual=16
	0000  08 00 00 18 f0 03 02 10  00 a8 00 10 09 02 00 00 |................|
[4337] +157.157770 ASYNC-IN-SUBMIT ep=0x81 len=0 type=BULK (in, awaiting data)
[4338] +157.270156 ASYNC-IN-DONE ep=0x81 len=0 status=2 actual=0
[4339] +157.270179 ASYNC-IN-SUBMIT ep=0x81 len=0 type=BULK (in, awaiting data)
[4340] +157.358393 ASYNC-IN-DONE ep=0x81 len=16 status=0 actual=16
	0000  08 00 00 18 ed 03 80 10  00 cd 00 10 e3 0d 00 00 |................|
[4341] +157.358532 ASYNC-IN-SUBMIT ep=0x81 len=0 type=BULK (in, awaiting data)
[4342] +157.461388 ASYNC-IN-DONE ep=0x81 len=0 status=2 actual=0
[4343] +157.461504 ASYNC-IN-SUBMIT ep=0x81 len=0 type=BULK (in, awaiting data)
[4344] +157.574376 ASYNC-IN-DONE ep=0x81 len=0 status=2 actual=0
[4345] +157.574458 ASYNC-IN-SUBMIT ep=0x81 len=0 type=BULK (in, awaiting data)
[4346] +157.677773 ASYNC-IN-DONE ep=0x81 len=0 status=2 actual=0
[4347] +157.677882 ASYNC-IN-SUBMIT ep=0x81 len=0 type=BULK (in, awaiting data)
[4348] +157.685666 ASYNC-OUT ep=0x01 len=16 type=BULK 
	0000  08 00 00 18 02 10 f0 03  00 9d 00 10 7f 11 00 00 |................|
[4349] +157.685908 ASYNC-OUT-DONE ep=0x01 len=0 status=0 actual=16
[4350] +157.737720 ASYNC-OUT ep=0x01 len=16 type=BULK 
	0000  08 00 00 18 80 10 ed 03  00 c9 00 10 a2 25 00 00 |.............%..|
[4351] +157.738046 ASYNC-OUT-DONE ep=0x01 len=0 status=0 actual=16
[4352] +157.786266 ASYNC-IN-DONE ep=0x81 len=0 status=2 actual=0
[4353] +157.786429 ASYNC-IN-SUBMIT ep=0x81 len=0 type=BULK (in, awaiting data)
[4354] +157.893467 ASYNC-IN-DONE ep=0x81 len=0 status=2 actual=0
[4355] +157.893545 ASYNC-IN-SUBMIT ep=0x81 len=0 type=BULK (in, awaiting data)
[4356] +157.960357 ASYNC-IN-DONE ep=0x81 len=16 status=0 actual=16
	0000  08 00 00 18 ef 03 01 10  00 b0 00 10 65 02 00 00 |............e...|
[4357] +157.960444 ASYNC-IN-SUBMIT ep=0x81 len=0 type=BULK (in, awaiting data)
[4358] +157.996128 ASYNC-OUT ep=0x01 len=16 type=BULK 
	0000  08 00 00 18 01 10 ef 03  00 aa 00 10 93 1e 00 00 |................|
[4359] +157.996454 ASYNC-OUT-DONE ep=0x01 len=0 status=0 actual=16
[4360] +158.061183 ASYNC-IN-DONE ep=0x81 len=0 status=2 actual=0
[4361] +158.061278 ASYNC-IN-SUBMIT ep=0x81 len=0 type=BULK (in, awaiting data)
[4362] +158.161798 ASYNC-IN-DONE ep=0x81 len=16 status=0 actual=16
	0000  08 00 00 18 f0 03 02 10  00 a9 00 10 09 02 00 00 |................|
[4363] +158.161932 ASYNC-IN-SUBMIT ep=0x81 len=0 type=BULK (in, awaiting data)
[4364] +158.274777 ASYNC-IN-DONE ep=0x81 len=0 status=2 actual=0
[4365] +158.274877 ASYNC-IN-SUBMIT ep=0x81 len=0 type=BULK (in, awaiting data)
[4366] +158.362176 ASYNC-IN-DONE ep=0x81 len=16 status=0 actual=16
	0000  08 00 00 18 ed 03 80 10  00 ce 00 10 e3 0d 00 00 |................|
[4367] +158.362290 ASYNC-IN-SUBMIT ep=0x81 len=0 type=BULK (in, awaiting data)
[4368] +158.473899 ASYNC-IN-DONE ep=0x81 len=0 status=2 actual=0
[4369] +158.473978 ASYNC-IN-SUBMIT ep=0x81 len=0 type=BULK (in, awaiting data)
[4370] +158.583272 ASYNC-IN-DONE ep=0x81 len=0 status=2 actual=0
[4371] +158.583380 ASYNC-IN-SUBMIT ep=0x81 len=0 type=BULK (in, awaiting data)
[4372] +158.694205 ASYNC-IN-DONE ep=0x81 len=0 status=2 actual=0
[4373] +158.694313 ASYNC-IN-SUBMIT ep=0x81 len=0 type=BULK (in, awaiting data)
[4374] +158.724243 ASYNC-OUT ep=0x01 len=16 type=BULK 
	0000  08 00 00 18 02 10 f0 03  00 9e 00 10 7f 11 00 00 |................|
[4375] +158.724495 ASYNC-OUT-DONE ep=0x01 len=0 status=0 actual=16
[4376] +158.776294 ASYNC-OUT ep=0x01 len=16 type=BULK 
	0000  08 00 00 18 80 10 ed 03  00 ca 00 10 a2 25 00 00 |.............%..|
[4377] +158.776624 ASYNC-OUT-DONE ep=0x01 len=0 status=0 actual=16
[4378] +158.795297 ASYNC-IN-DONE ep=0x81 len=0 status=2 actual=0
[4379] +158.795339 ASYNC-IN-SUBMIT ep=0x81 len=0 type=BULK (in, awaiting data)
[4380] +158.908104 ASYNC-IN-DONE ep=0x81 len=0 status=2 actual=0
[4381] +158.908191 ASYNC-IN-SUBMIT ep=0x81 len=0 type=BULK (in, awaiting data)
[4382] +158.963729 ASYNC-IN-DONE ep=0x81 len=16 status=0 actual=16
	0000  08 00 00 18 ef 03 01 10  00 b1 00 10 65 02 00 00 |............e...|
[4383] +158.963841 ASYNC-IN-SUBMIT ep=0x81 len=0 type=BULK (in, awaiting data)
[4384] +159.036558 ASYNC-OUT ep=0x01 len=16 type=BULK 
	0000  08 00 00 18 01 10 ef 03  00 ab 00 10 93 1e 00 00 |................|
[4385] +159.036896 ASYNC-OUT-DONE ep=0x01 len=0 status=0 actual=16
[4386] +159.076655 ASYNC-IN-DONE ep=0x81 len=0 status=2 actual=0
[4387] +159.076753 ASYNC-IN-SUBMIT ep=0x81 len=0 type=BULK (in, awaiting data)
[4388] +159.164563 ASYNC-IN-DONE ep=0x81 len=16 status=0 actual=16
	0000  08 00 00 18 f0 03 02 10  00 aa 00 10 09 02 00 00 |................|
[4389] +159.164692 ASYNC-IN-SUBMIT ep=0x81 len=0 type=BULK (in, awaiting data)
[4390] +159.270866 ASYNC-IN-DONE ep=0x81 len=0 status=2 actual=0
[4391] +159.270946 ASYNC-IN-SUBMIT ep=0x81 len=0 type=BULK (in, awaiting data)
[4392] +159.365389 ASYNC-IN-DONE ep=0x81 len=16 status=0 actual=16
	0000  08 00 00 18 ed 03 80 10  00 cf 00 10 e3 0d 00 00 |................|
[4393] +159.365524 ASYNC-IN-SUBMIT ep=0x81 len=0 type=BULK (in, awaiting data)
[4394] +159.477719 ASYNC-IN-DONE ep=0x81 len=0 status=2 actual=0
[4395] +159.477886 ASYNC-IN-SUBMIT ep=0x81 len=0 type=BULK (in, awaiting data)
[4396] +159.585343 ASYNC-IN-DONE ep=0x81 len=0 status=2 actual=0
[4397] +159.585438 ASYNC-IN-SUBMIT ep=0x81 len=0 type=BULK (in, awaiting data)
[4398] +159.695193 ASYNC-IN-DONE ep=0x81 len=0 status=2 actual=0
[4399] +159.695279 ASYNC-IN-SUBMIT ep=0x81 len=0 type=BULK (in, awaiting data)
[4400] +159.763395 ASYNC-OUT ep=0x01 len=16 type=BULK 
	0000  08 00 00 18 02 10 f0 03  00 9f 00 10 7f 11 00 00 |................|
[4401] +159.763614 ASYNC-OUT-DONE ep=0x01 len=0 status=0 actual=16
[4402] +159.796538 ASYNC-IN-DONE ep=0x81 len=0 status=2 actual=0
[4403] +159.796600 ASYNC-IN-SUBMIT ep=0x81 len=0 type=BULK (in, awaiting data)
[4404] +159.815492 ASYNC-OUT ep=0x01 len=16 type=BULK 
	0000  08 00 00 18 80 10 ed 03  00 cb 00 10 a2 25 00 00 |.............%..|
[4405] +159.815754 ASYNC-OUT-DONE ep=0x01 len=0 status=0 actual=16
[4406] +159.909417 ASYNC-IN-DONE ep=0x81 len=0 status=2 actual=0
[4407] +159.909496 ASYNC-IN-SUBMIT ep=0x81 len=0 type=BULK (in, awaiting data)
[4408] +159.966526 ASYNC-IN-DONE ep=0x81 len=16 status=0 actual=16
	0000  08 00 00 18 ef 03 01 10  00 b2 00 10 65 02 00 00 |............e...|
[4409] +159.966670 ASYNC-IN-SUBMIT ep=0x81 len=0 type=BULK (in, awaiting data)
[4410] +160.075748 ASYNC-OUT ep=0x01 len=16 type=BULK 
	0000  08 00 00 18 01 10 ef 03  00 ac 00 10 93 1e 00 00 |................|
[4411] +160.076079 ASYNC-OUT-DONE ep=0x01 len=0 status=0 actual=16
[4412] +160.076840 ASYNC-IN-DONE ep=0x81 len=0 status=2 actual=0
[4413] +160.076875 ASYNC-IN-SUBMIT ep=0x81 len=0 type=BULK (in, awaiting data)
[4414] +160.167298 ASYNC-IN-DONE ep=0x81 len=16 status=0 actual=16
	0000  08 00 00 18 f0 03 02 10  00 ab 00 10 09 02 00 00 |................|
[4415] +160.167419 ASYNC-IN-SUBMIT ep=0x81 len=0 type=BULK (in, awaiting data)
[4416] +160.270435 ASYNC-IN-DONE ep=0x81 len=0 status=2 actual=0
[4417] +160.270532 ASYNC-IN-SUBMIT ep=0x81 len=0 type=BULK (in, awaiting data)
[4418] +160.368456 ASYNC-IN-DONE ep=0x81 len=16 status=0 actual=16
	0000  08 00 00 18 ed 03 80 10  00 d0 00 10 e3 0d 00 00 |................|
[4419] +160.368590 ASYNC-IN-SUBMIT ep=0x81 len=0 type=BULK (in, awaiting data)
[4420] +160.475467 ASYNC-IN-DONE ep=0x81 len=0 status=2 actual=0
[4421] +160.475540 ASYNC-IN-SUBMIT ep=0x81 len=0 type=BULK (in, awaiting data)
[4422] +160.586926 ASYNC-IN-DONE ep=0x81 len=0 status=2 actual=0
[4423] +160.587022 ASYNC-IN-SUBMIT ep=0x81 len=0 type=BULK (in, awaiting data)
[4424] +160.690789 ASYNC-IN-DONE ep=0x81 len=0 status=2 actual=0
[4425] +160.690826 ASYNC-IN-SUBMIT ep=0x81 len=0 type=BULK (in, awaiting data)
[4426] +160.797882 ASYNC-IN-DONE ep=0x81 len=0 status=2 actual=0
[4427] +160.797976 ASYNC-IN-SUBMIT ep=0x81 len=0 type=BULK (in, awaiting data)
[4428] +160.803123 ASYNC-OUT ep=0x01 len=16 type=BULK 
	0000  08 00 00 18 02 10 f0 03  00 a0 00 10 7f 11 00 00 |................|
[4429] +160.803373 ASYNC-OUT-DONE ep=0x01 len=0 status=0 actual=16
[4430] +160.855187 ASYNC-OUT ep=0x01 len=16 type=BULK 
	0000  08 00 00 18 80 10 ed 03  00 cc 00 10 a2 25 00 00 |.............%..|
[4431] +160.855508 ASYNC-OUT-DONE ep=0x01 len=0 status=0 actual=16
[4432] +160.901244 ASYNC-IN-DONE ep=0x81 len=0 status=2 actual=0
[4433] +160.901326 ASYNC-IN-SUBMIT ep=0x81 len=0 type=BULK (in, awaiting data)
[4434] +160.970356 ASYNC-IN-DONE ep=0x81 len=16 status=0 actual=16
	0000  08 00 00 18 ef 03 01 10  00 b3 00 10 65 02 00 00 |............e...|
[4435] +160.970494 ASYNC-IN-SUBMIT ep=0x81 len=0 type=BULK (in, awaiting data)
[4436] +161.079703 ASYNC-IN-DONE ep=0x81 len=0 status=2 actual=0
[4437] +161.079802 ASYNC-IN-SUBMIT ep=0x81 len=0 type=BULK (in, awaiting data)
[4438] +161.115410 ASYNC-OUT ep=0x01 len=16 type=BULK 
	0000  08 00 00 18 01 10 ef 03  00 ad 00 10 93 1e 00 00 |................|
[4439] +161.115733 ASYNC-OUT-DONE ep=0x01 len=0 status=0 actual=16
[4440] +161.170808 ASYNC-IN-DONE ep=0x81 len=16 status=0 actual=16
	0000  08 00 00 18 f0 03 02 10  00 ac 00 10 09 02 00 00 |................|
[4441] +161.170933 ASYNC-IN-SUBMIT ep=0x81 len=0 type=BULK (in, awaiting data)
[4442] +161.277972 ASYNC-IN-DONE ep=0x81 len=0 status=2 actual=0
[4443] +161.278056 ASYNC-IN-SUBMIT ep=0x81 len=0 type=BULK (in, awaiting data)
[4444] +161.371478 ASYNC-IN-DONE ep=0x81 len=16 status=0 actual=16
	0000  08 00 00 18 ed 03 80 10  00 d1 00 10 e3 0d 00 00 |................|
[4445] +161.371613 ASYNC-IN-SUBMIT ep=0x81 len=0 type=BULK (in, awaiting data)
[4446] +161.484429 ASYNC-IN-DONE ep=0x81 len=0 status=2 actual=0
[4447] +161.484540 ASYNC-IN-SUBMIT ep=0x81 len=0 type=BULK (in, awaiting data)
[4448] +161.588950 ASYNC-IN-DONE ep=0x81 len=0 status=2 actual=0
[4449] +161.589046 ASYNC-IN-SUBMIT ep=0x81 len=0 type=BULK (in, awaiting data)
[4450] +161.699409 ASYNC-IN-DONE ep=0x81 len=0 status=2 actual=0
[4451] +161.699454 ASYNC-IN-SUBMIT ep=0x81 len=0 type=BULK (in, awaiting data)
[4452] +161.810080 ASYNC-IN-DONE ep=0x81 len=0 status=2 actual=0
[4453] +161.810165 ASYNC-IN-SUBMIT ep=0x81 len=0 type=BULK (in, awaiting data)
[4454] +161.842088 ASYNC-OUT ep=0x01 len=16 type=BULK 
	0000  08 00 00 18 02 10 f0 03  00 a1 00 10 7f 11 00 00 |................|
[4455] +161.842429 ASYNC-OUT-DONE ep=0x01 len=0 status=0 actual=16
[4456] +161.893214 ASYNC-OUT ep=0x01 len=16 type=BULK 
	0000  08 00 00 18 80 10 ed 03  00 cd 00 10 a2 25 00 00 |.............%..|
[4457] +161.893514 ASYNC-OUT-DONE ep=0x01 len=0 status=0 actual=16
[4458] +161.918377 ASYNC-IN-DONE ep=0x81 len=0 status=2 actual=0
[4459] +161.918428 ASYNC-IN-SUBMIT ep=0x81 len=0 type=BULK (in, awaiting data)
[4460] +161.973483 ASYNC-IN-DONE ep=0x81 len=16 status=0 actual=16
	0000  08 00 00 18 ef 03 01 10  00 b4 00 10 65 02 00 00 |............e...|
[4461] +161.973570 ASYNC-IN-SUBMIT ep=0x81 len=0 type=BULK (in, awaiting data)
[4462] +162.077681 ASYNC-IN-DONE ep=0x81 len=0 status=2 actual=0
[4463] +162.077757 ASYNC-IN-SUBMIT ep=0x81 len=0 type=BULK (in, awaiting data)
[4464] +162.152232 ASYNC-OUT ep=0x01 len=16 type=BULK 
	0000  08 00 00 18 01 10 ef 03  00 ae 00 10 93 1e 00 00 |................|
[4465] +162.152500 ASYNC-OUT-DONE ep=0x01 len=0 status=0 actual=16
[4466] +162.173953 ASYNC-IN-DONE ep=0x81 len=16 status=0 actual=16
	0000  08 00 00 18 f0 03 02 10  00 ad 00 10 09 02 00 00 |................|
[4467] +162.174050 ASYNC-IN-SUBMIT ep=0x81 len=0 type=BULK (in, awaiting data)
[4468] +162.277659 ASYNC-IN-DONE ep=0x81 len=0 status=2 actual=0
[4469] +162.277802 ASYNC-IN-SUBMIT ep=0x81 len=0 type=BULK (in, awaiting data)
[4470] +162.375108 ASYNC-IN-DONE ep=0x81 len=16 status=0 actual=16
	0000  08 00 00 18 ed 03 80 10  00 d2 00 10 e3 0d 00 00 |................|
[4471] +162.375201 ASYNC-IN-SUBMIT ep=0x81 len=0 type=BULK (in, awaiting data)
[4472] +162.477758 ASYNC-IN-DONE ep=0x81 len=0 status=2 actual=0
[4473] +162.477855 ASYNC-IN-SUBMIT ep=0x81 len=0 type=BULK (in, awaiting data)
[4474] +162.583668 ASYNC-IN-DONE ep=0x81 len=0 status=2 actual=0
[4475] +162.583760 ASYNC-IN-SUBMIT ep=0x81 len=0 type=BULK (in, awaiting data)
[4476] +162.696645 ASYNC-IN-DONE ep=0x81 len=0 status=2 actual=0
[4477] +162.696735 ASYNC-IN-SUBMIT ep=0x81 len=0 type=BULK (in, awaiting data)
[4478] +162.800386 ASYNC-IN-DONE ep=0x81 len=0 status=2 actual=0
[4479] +162.800476 ASYNC-IN-SUBMIT ep=0x81 len=0 type=BULK (in, awaiting data)
[4480] +162.880433 ASYNC-OUT ep=0x01 len=16 type=BULK 
	0000  08 00 00 18 02 10 f0 03  00 a2 00 10 7f 11 00 00 |................|
[4481] +162.880782 ASYNC-OUT-DONE ep=0x01 len=0 status=0 actual=16
[4482] +162.904716 ASYNC-IN-DONE ep=0x81 len=0 status=2 actual=0
[4483] +162.904865 ASYNC-IN-SUBMIT ep=0x81 len=0 type=BULK (in, awaiting data)
[4484] +162.931572 ASYNC-OUT ep=0x01 len=16 type=BULK 
	0000  08 00 00 18 80 10 ed 03  00 ce 00 10 a2 25 00 00 |.............%..|
[4485] +162.931892 ASYNC-OUT-DONE ep=0x01 len=0 status=0 actual=16
[4486] +162.977124 ASYNC-IN-DONE ep=0x81 len=16 status=0 actual=16
	0000  08 00 00 18 ef 03 01 10  00 b5 00 10 65 02 00 00 |............e...|
[4487] +162.977230 ASYNC-IN-SUBMIT ep=0x81 len=0 type=BULK (in, awaiting data)
[4488] +163.087025 ASYNC-IN-DONE ep=0x81 len=0 status=2 actual=0
[4489] +163.087120 ASYNC-IN-SUBMIT ep=0x81 len=0 type=BULK (in, awaiting data)
[4490] +163.177528 ASYNC-IN-DONE ep=0x81 len=16 status=0 actual=16
	0000  08 00 00 18 f0 03 02 10  00 ae 00 10 09 02 00 00 |................|
[4491] +163.177650 ASYNC-IN-SUBMIT ep=0x81 len=0 type=BULK (in, awaiting data)
[4492] +163.190934 ASYNC-OUT ep=0x01 len=16 type=BULK 
	0000  08 00 00 18 01 10 ef 03  00 af 00 10 93 1e 00 00 |................|
[4493] +163.191171 ASYNC-OUT-DONE ep=0x01 len=0 status=0 actual=16
[4494] +163.285835 ASYNC-IN-DONE ep=0x81 len=0 status=2 actual=0
[4495] +163.285930 ASYNC-IN-SUBMIT ep=0x81 len=0 type=BULK (in, awaiting data)
[4496] +163.378027 ASYNC-IN-DONE ep=0x81 len=16 status=0 actual=16
	0000  08 00 00 18 ed 03 80 10  00 d3 00 10 e3 0d 00 00 |................|
[4497] +163.378156 ASYNC-IN-SUBMIT ep=0x81 len=0 type=BULK (in, awaiting data)
[4498] +163.490761 ASYNC-IN-DONE ep=0x81 len=0 status=2 actual=0
[4499] +163.490858 ASYNC-IN-SUBMIT ep=0x81 len=0 type=BULK (in, awaiting data)
[4500] +163.593015 ASYNC-IN-DONE ep=0x81 len=0 status=2 actual=0
[4501] +163.593093 ASYNC-IN-SUBMIT ep=0x81 len=0 type=BULK (in, awaiting data)
[4502] +163.701548 ASYNC-IN-DONE ep=0x81 len=0 status=2 actual=0
[4503] +163.701631 ASYNC-IN-SUBMIT ep=0x81 len=0 type=BULK (in, awaiting data)
[4504] +163.810423 ASYNC-IN-DONE ep=0x81 len=0 status=2 actual=0
[4505] +163.810494 ASYNC-IN-SUBMIT ep=0x81 len=0 type=BULK (in, awaiting data)
[4506] +163.916953 ASYNC-OUT ep=0x01 len=16 type=BULK 
	0000  08 00 00 18 02 10 f0 03  00 a3 00 10 7f 11 00 00 |................|
[4507] +163.917192 ASYNC-OUT-DONE ep=0x01 len=0 status=0 actual=16
[4508] +163.923111 ASYNC-IN-DONE ep=0x81 len=0 status=2 actual=0
[4509] +163.923147 ASYNC-IN-SUBMIT ep=0x81 len=0 type=BULK (in, awaiting data)
[4510] +163.968983 ASYNC-OUT ep=0x01 len=16 type=BULK 
	0000  08 00 00 18 80 10 ed 03  00 cf 00 10 a2 25 00 00 |.............%..|
[4511] +163.969212 ASYNC-OUT-DONE ep=0x01 len=0 status=0 actual=16
[4512] +163.979849 ASYNC-IN-DONE ep=0x81 len=16 status=0 actual=16
	0000  08 00 00 18 ef 03 01 10  00 b6 00 10 65 02 00 00 |............e...|
[4513] +163.979916 ASYNC-IN-SUBMIT ep=0x81 len=0 type=BULK (in, awaiting data)
[4514] +164.084457 ASYNC-IN-DONE ep=0x81 len=0 status=2 actual=0
[4515] +164.084557 ASYNC-IN-SUBMIT ep=0x81 len=0 type=BULK (in, awaiting data)
[4516] +164.180696 ASYNC-IN-DONE ep=0x81 len=16 status=0 actual=16
	0000  08 00 00 18 f0 03 02 10  00 af 00 10 09 02 00 00 |................|
[4517] +164.180845 ASYNC-IN-SUBMIT ep=0x81 len=0 type=BULK (in, awaiting data)
[4518] +164.227347 ASYNC-OUT ep=0x01 len=16 type=BULK 
	0000  08 00 00 18 01 10 ef 03  00 b0 00 10 93 1e 00 00 |................|
[4519] +164.227671 ASYNC-OUT-DONE ep=0x01 len=0 status=0 actual=16
[4520] +164.290899 ASYNC-IN-DONE ep=0x81 len=0 status=2 actual=0
[4521] +164.290976 ASYNC-IN-SUBMIT ep=0x81 len=0 type=BULK (in, awaiting data)
[4522] +164.381482 ASYNC-IN-DONE ep=0x81 len=16 status=0 actual=16
	0000  08 00 00 18 ed 03 80 10  00 d4 00 10 e3 0d 00 00 |................|
[4523] +164.381630 ASYNC-IN-SUBMIT ep=0x81 len=0 type=BULK (in, awaiting data)
[4524] +164.494482 ASYNC-IN-DONE ep=0x81 len=0 status=2 actual=0
[4525] +164.494558 ASYNC-IN-SUBMIT ep=0x81 len=0 type=BULK (in, awaiting data)
[4526] +164.595171 ASYNC-IN-DONE ep=0x81 len=0 status=2 actual=0
[4527] +164.595208 ASYNC-IN-SUBMIT ep=0x81 len=0 type=BULK (in, awaiting data)
[4528] +164.708038 ASYNC-IN-DONE ep=0x81 len=0 status=2 actual=0
[4529] +164.708147 ASYNC-IN-SUBMIT ep=0x81 len=0 type=BULK (in, awaiting data)
[4530] +164.820189 ASYNC-IN-DONE ep=0x81 len=0 status=2 actual=0
[4531] +164.820218 ASYNC-IN-SUBMIT ep=0x81 len=0 type=BULK (in, awaiting data)
[4532] +164.933040 ASYNC-IN-DONE ep=0x81 len=0 status=2 actual=0
[4533] +164.933089 ASYNC-IN-SUBMIT ep=0x81 len=0 type=BULK (in, awaiting data)
[4534] +164.953966 ASYNC-OUT ep=0x01 len=16 type=BULK 
	0000  08 00 00 18 02 10 f0 03  00 a4 00 10 7f 11 00 00 |................|
[4535] +164.954218 ASYNC-OUT-DONE ep=0x01 len=0 status=0 actual=16
[4536] +164.983407 ASYNC-IN-DONE ep=0x81 len=16 status=0 actual=16
	0000  08 00 00 18 ef 03 01 10  00 b7 00 10 65 02 00 00 |............e...|
[4537] +164.983481 ASYNC-IN-SUBMIT ep=0x81 len=0 type=BULK (in, awaiting data)
[4538] +165.005231 ASYNC-OUT ep=0x01 len=16 type=BULK 
	0000  08 00 00 18 80 10 ed 03  00 d0 00 10 a2 25 00 00 |.............%..|
[4539] +165.005471 ASYNC-OUT-DONE ep=0x01 len=0 status=0 actual=16
[4540] +165.095927 ASYNC-IN-DONE ep=0x81 len=0 status=2 actual=0
[4541] +165.096004 ASYNC-IN-SUBMIT ep=0x81 len=0 type=BULK (in, awaiting data)
[4542] +165.183926 ASYNC-IN-DONE ep=0x81 len=16 status=0 actual=16
	0000  08 00 00 18 f0 03 02 10  00 b0 00 10 09 02 00 00 |................|
[4543] +165.184052 ASYNC-IN-SUBMIT ep=0x81 len=0 type=BULK (in, awaiting data)
[4544] +165.264860 ASYNC-OUT ep=0x01 len=16 type=BULK 
	0000  08 00 00 18 01 10 ef 03  00 b1 00 10 93 1e 00 00 |................|
[4545] +165.265190 ASYNC-OUT-DONE ep=0x01 len=0 status=0 actual=16
[4546] +165.291033 ASYNC-IN-DONE ep=0x81 len=0 status=2 actual=0
[4547] +165.291117 ASYNC-IN-SUBMIT ep=0x81 len=0 type=BULK (in, awaiting data)
[4548] +165.385001 ASYNC-IN-DONE ep=0x81 len=16 status=0 actual=16
	0000  08 00 00 18 ed 03 80 10  00 d5 00 10 e3 0d 00 00 |................|
[4549] +165.385147 ASYNC-IN-SUBMIT ep=0x81 len=0 type=BULK (in, awaiting data)
[4550] +165.491063 ASYNC-IN-DONE ep=0x81 len=0 status=2 actual=0
[4551] +165.491163 ASYNC-IN-SUBMIT ep=0x81 len=0 type=BULK (in, awaiting data)
[4552] +165.602223 ASYNC-IN-DONE ep=0x81 len=0 status=2 actual=0
[4553] +165.602286 ASYNC-IN-SUBMIT ep=0x81 len=0 type=BULK (in, awaiting data)
[4554] +165.712018 ASYNC-IN-DONE ep=0x81 len=0 status=2 actual=0
[4555] +165.712085 ASYNC-IN-SUBMIT ep=0x81 len=0 type=BULK (in, awaiting data)
[4556] +165.824418 ASYNC-IN-DONE ep=0x81 len=0 status=2 actual=0
[4557] +165.824516 ASYNC-IN-SUBMIT ep=0x81 len=0 type=BULK (in, awaiting data)
[4558] +165.925586 ASYNC-IN-DONE ep=0x81 len=0 status=2 actual=0
[4559] +165.925663 ASYNC-IN-SUBMIT ep=0x81 len=0 type=BULK (in, awaiting data)
[4560] +165.987087 ASYNC-IN-DONE ep=0x81 len=16 status=0 actual=16
	0000  08 00 00 18 ef 03 01 10  00 b8 00 10 65 02 00 00 |............e...|
[4561] +165.987218 ASYNC-IN-SUBMIT ep=0x81 len=0 type=BULK (in, awaiting data)
[4562] +165.991630 ASYNC-OUT ep=0x01 len=16 type=BULK 
	0000  08 00 00 18 02 10 f0 03  00 a5 00 10 7f 11 00 00 |................|
[4563] +165.991867 ASYNC-OUT-DONE ep=0x01 len=0 status=0 actual=16
[4564] +166.043204 ASYNC-OUT ep=0x01 len=16 type=BULK 
	0000  08 00 00 18 80 10 ed 03  00 d1 00 10 a2 25 00 00 |.............%..|
[4565] +166.043565 ASYNC-OUT-DONE ep=0x01 len=0 status=0 actual=16
[4566] +166.098003 ASYNC-IN-DONE ep=0x81 len=0 status=2 actual=0
[4567] +166.098101 ASYNC-IN-SUBMIT ep=0x81 len=0 type=BULK (in, awaiting data)
[4568] +166.188250 ASYNC-IN-DONE ep=0x81 len=16 status=0 actual=16
	0000  08 00 00 18 f0 03 02 10  00 b1 00 10 09 02 00 00 |................|
[4569] +166.188372 ASYNC-IN-SUBMIT ep=0x81 len=0 type=BULK (in, awaiting data)
[4570] +166.291066 ASYNC-IN-DONE ep=0x81 len=0 status=2 actual=0
[4571] +166.291146 ASYNC-IN-SUBMIT ep=0x81 len=0 type=BULK (in, awaiting data)
[4572] +166.303482 ASYNC-OUT ep=0x01 len=16 type=BULK 
	0000  08 00 00 18 01 10 ef 03  00 b2 00 10 93 1e 00 00 |................|
[4573] +166.303781 ASYNC-OUT-DONE ep=0x01 len=0 status=0 actual=16
[4574] +166.388617 ASYNC-IN-DONE ep=0x81 len=16 status=0 actual=16
	0000  08 00 00 18 ed 03 80 10  00 d6 00 10 e3 0d 00 00 |................|
[4575] +166.388786 ASYNC-IN-SUBMIT ep=0x81 len=0 type=BULK (in, awaiting data)
[4576] +166.491069 ASYNC-IN-DONE ep=0x81 len=0 status=2 actual=0
[4577] +166.491169 ASYNC-IN-SUBMIT ep=0x81 len=0 type=BULK (in, awaiting data)
[4578] +166.599069 ASYNC-IN-DONE ep=0x81 len=0 status=2 actual=0
[4579] +166.599148 ASYNC-IN-SUBMIT ep=0x81 len=0 type=BULK (in, awaiting data)
[4580] +166.702634 ASYNC-IN-DONE ep=0x81 len=0 status=2 actual=0
[4581] +166.702694 ASYNC-IN-SUBMIT ep=0x81 len=0 type=BULK (in, awaiting data)
[4582] +166.805302 ASYNC-IN-DONE ep=0x81 len=0 status=2 actual=0
[4583] +166.805397 ASYNC-IN-SUBMIT ep=0x81 len=0 type=BULK (in, awaiting data)
[4584] +166.916984 ASYNC-IN-DONE ep=0x81 len=0 status=2 actual=0
[4585] +166.917087 ASYNC-IN-SUBMIT ep=0x81 len=0 type=BULK (in, awaiting data)
[4586] +166.990228 ASYNC-IN-DONE ep=0x81 len=16 status=0 actual=16
	0000  08 00 00 18 ef 03 01 10  00 b9 00 10 65 02 00 00 |............e...|
[4587] +166.990363 ASYNC-IN-SUBMIT ep=0x81 len=0 type=BULK (in, awaiting data)
[4588] +167.031606 ASYNC-OUT ep=0x01 len=16 type=BULK 
	0000  08 00 00 18 02 10 f0 03  00 a6 00 10 7f 11 00 00 |................|
[4589] +167.031852 ASYNC-OUT-DONE ep=0x01 len=0 status=0 actual=16
[4590] +167.083676 ASYNC-OUT ep=0x01 len=16 type=BULK 
	0000  08 00 00 18 80 10 ed 03  00 d2 00 10 a2 25 00 00 |.............%..|
[4591] +167.083989 ASYNC-OUT-DONE ep=0x01 len=0 status=0 actual=16
[4592] +167.099982 ASYNC-IN-DONE ep=0x81 len=0 status=2 actual=0
[4593] +167.100042 ASYNC-IN-SUBMIT ep=0x81 len=0 type=BULK (in, awaiting data)
[4594] +167.190905 ASYNC-IN-DONE ep=0x81 len=16 status=0 actual=16
	0000  08 00 00 18 f0 03 02 10  00 b2 00 10 09 02 00 00 |................|
[4595] +167.191006 ASYNC-IN-SUBMIT ep=0x81 len=0 type=BULK (in, awaiting data)
[4596] +167.303554 ASYNC-IN-DONE ep=0x81 len=0 status=2 actual=0
[4597] +167.303651 ASYNC-IN-SUBMIT ep=0x81 len=0 type=BULK (in, awaiting data)
[4598] +167.343630 ASYNC-OUT ep=0x01 len=16 type=BULK 
	0000  08 00 00 18 01 10 ef 03  00 b3 00 10 93 1e 00 00 |................|
[4599] +167.343915 ASYNC-OUT-DONE ep=0x01 len=0 status=0 actual=16
[4600] +167.391317 ASYNC-IN-DONE ep=0x81 len=16 status=0 actual=16
	0000  08 00 00 18 ed 03 80 10  00 d7 00 10 e3 0d 00 00 |................|
[4601] +167.391424 ASYNC-IN-SUBMIT ep=0x81 len=0 type=BULK (in, awaiting data)
[4602] +167.496981 ASYNC-IN-DONE ep=0x81 len=0 status=2 actual=0
[4603] +167.497065 ASYNC-IN-SUBMIT ep=0x81 len=0 type=BULK (in, awaiting data)
[4604] +167.601038 ASYNC-IN-DONE ep=0x81 len=0 status=2 actual=0
[4605] +167.601123 ASYNC-IN-SUBMIT ep=0x81 len=0 type=BULK (in, awaiting data)
[4606] +167.705817 ASYNC-IN-DONE ep=0x81 len=0 status=2 actual=0
[4607] +167.705893 ASYNC-IN-SUBMIT ep=0x81 len=0 type=BULK (in, awaiting data)
[4608] +167.812594 ASYNC-IN-DONE ep=0x81 len=0 status=2 actual=0
[4609] +167.812624 ASYNC-IN-SUBMIT ep=0x81 len=0 type=BULK (in, awaiting data)
[4610] +167.917504 ASYNC-IN-DONE ep=0x81 len=0 status=2 actual=0
[4611] +167.917537 ASYNC-IN-SUBMIT ep=0x81 len=0 type=BULK (in, awaiting data)
