# hxsniff attached pid=56920
[0] +0.394701 OPEN 0e41:4246 rc=0
[1] +0.394835 CLAIM interface=0 rc=0 (LIBUSB_SUCCESS / LIBUSB_TRANSFER_COMPLETED)
[2] +0.394843 RELEASE interface=0
[3] +0.394949 OPEN 0e41:4246 rc=0
[4] +0.395073 CLAIM interface=0 rc=0 (LIBUSB_SUCCESS / LIBUSB_TRANSFER_COMPLETED)
[5] +0.625905 ASYNC-IN-SUBMIT ep=0x81 len=0 type=BULK (in, awaiting data)
[6] +0.738662 ASYNC-IN-DONE ep=0x81 len=0 status=2 actual=0
[7] +0.738694 ASYNC-IN-SUBMIT ep=0x81 len=0 type=BULK (in, awaiting data)
[8] +0.851400 ASYNC-IN-DONE ep=0x81 len=0 status=2 actual=0
[9] +0.851475 ASYNC-IN-SUBMIT ep=0x81 len=0 type=BULK (in, awaiting data)
[10] +0.964262 ASYNC-IN-DONE ep=0x81 len=0 status=2 actual=0
[11] +0.964340 ASYNC-IN-SUBMIT ep=0x81 len=0 type=BULK (in, awaiting data)
[12] +1.071904 ASYNC-IN-DONE ep=0x81 len=0 status=2 actual=0
[13] +1.071949 ASYNC-IN-SUBMIT ep=0x81 len=0 type=BULK (in, awaiting data)
[14] +1.180197 ASYNC-IN-DONE ep=0x81 len=0 status=2 actual=0
[15] +1.180264 ASYNC-IN-SUBMIT ep=0x81 len=0 type=BULK (in, awaiting data)
[16] +1.288539 ASYNC-IN-DONE ep=0x81 len=0 status=2 actual=0
[17] +1.288620 ASYNC-IN-SUBMIT ep=0x81 len=0 type=BULK (in, awaiting data)
[18] +1.398865 ASYNC-IN-DONE ep=0x81 len=0 status=2 actual=0
[19] +1.398941 ASYNC-IN-SUBMIT ep=0x81 len=0 type=BULK (in, awaiting data)
[20] +1.509924 ASYNC-IN-DONE ep=0x81 len=0 status=2 actual=0
[21] +1.509993 ASYNC-IN-SUBMIT ep=0x81 len=0 type=BULK (in, awaiting data)
[22] +1.616333 ASYNC-IN-DONE ep=0x81 len=0 status=2 actual=0
[23] +1.616385 ASYNC-IN-SUBMIT ep=0x81 len=0 type=BULK (in, awaiting data)
[24] +1.688500 ASYNC-OUT ep=0x01 len=20 type=BULK 
	0000  0c 00 00 28 01 10 ef 03  00 00 00 02 00 01 00 21 |...(...........!|
	0010  00 10 00 00                                      |....|
[25] +1.688840 ASYNC-OUT-DONE ep=0x01 len=0 status=0 actual=20
[26] +1.689231 ASYNC-IN-DONE ep=0x81 len=20 status=0 actual=20
	0000  0c 00 00 28 ef 03 01 10  00 00 00 02 00 01 00 01 |...(............|
	0010  00 02 00 00                                      |....|
[27] +1.689334 ASYNC-IN-SUBMIT ep=0x81 len=0 type=BULK (in, awaiting data)
[28] +1.728001 ASYNC-OUT ep=0x01 len=28 type=BULK 
	0000  11 00 00 18 01 10 ef 03  00 02 00 04 00 10 00 00 |................|
	0010  01 00 05 00 01 00 00 00  05 00 00 00             |............|
[29] +1.728343 ASYNC-OUT-DONE ep=0x01 len=0 status=0 actual=28
[30] +1.728907 ASYNC-IN-DONE ep=0x81 len=48 status=0 actual=48
	0000  28 00 00 18 ef 03 01 10  00 02 00 04 09 02 00 00 |(...............|
	0010  00 00 02 00 18 00 00 00  05 50 33 33 4d 61 69 6e |.........P33Main|
	0020  00 00 00 00 d3 c7 30 00  00 00 80 03 11 66 39 10 |......0......f9.|
[31] +1.728931 ASYNC-IN-SUBMIT ep=0x81 len=0 type=BULK (in, awaiting data)
[32] +1.780035 ASYNC-OUT ep=0x01 len=16 type=BULK 
	0000  08 00 00 18 01 10 ef 03  00 03 00 08 20 10 00 00 |............ ...|
[33] +1.780241 ASYNC-OUT-DONE ep=0x01 len=0 status=0 actual=16
[34] +1.841620 ASYNC-IN-DONE ep=0x81 len=0 status=2 actual=0
[35] +1.841658 ASYNC-IN-SUBMIT ep=0x81 len=0 type=BULK (in, awaiting data)
[36] +1.843807 ASYNC-IN-DONE ep=0x81 len=16 status=0 actual=16
	0000  08 00 00 18 ef 03 01 10  00 03 00 08 09 02 00 00 |................|
[37] +1.843860 ASYNC-IN-SUBMIT ep=0x81 len=0 type=BULK (in, awaiting data)
[38] +1.955330 ASYNC-IN-DONE ep=0x81 len=0 status=2 actual=0
[39] +1.955387 ASYNC-IN-SUBMIT ep=0x81 len=0 type=BULK (in, awaiting data)
[40] +2.062305 ASYNC-IN-DONE ep=0x81 len=0 status=2 actual=0
[41] +2.062356 ASYNC-IN-SUBMIT ep=0x81 len=0 type=BULK (in, awaiting data)
[42] +2.175058 ASYNC-IN-DONE ep=0x81 len=0 status=2 actual=0
[43] +2.175107 ASYNC-IN-SUBMIT ep=0x81 len=0 type=BULK (in, awaiting data)
[44] +2.285703 ASYNC-IN-DONE ep=0x81 len=0 status=2 actual=0
[45] +2.285782 ASYNC-IN-SUBMIT ep=0x81 len=0 type=BULK (in, awaiting data)
[46] +2.396618 ASYNC-IN-DONE ep=0x81 len=0 status=2 actual=0
[47] +2.396668 ASYNC-IN-SUBMIT ep=0x81 len=0 type=BULK (in, awaiting data)
[48] +2.509338 ASYNC-IN-DONE ep=0x81 len=0 status=2 actual=0
[49] +2.509387 ASYNC-IN-SUBMIT ep=0x81 len=0 type=BULK (in, awaiting data)
[50] +2.621815 ASYNC-IN-DONE ep=0x81 len=0 status=2 actual=0
[51] +2.621877 ASYNC-IN-SUBMIT ep=0x81 len=0 type=BULK (in, awaiting data)
[52] +2.734551 ASYNC-IN-DONE ep=0x81 len=0 status=2 actual=0
[53] +2.734596 ASYNC-IN-SUBMIT ep=0x81 len=0 type=BULK (in, awaiting data)
[54] +2.739035 ASYNC-OUT ep=0x01 len=16 type=BULK 
	0000  08 00 00 18 01 10 ef 03  00 04 00 02 20 10 00 00 |............ ...|
[55] +2.739232 ASYNC-OUT-DONE ep=0x01 len=0 status=0 actual=16
[56] +2.739610 ASYNC-IN-DONE ep=0x81 len=16 status=0 actual=16
	0000  08 00 00 18 ef 03 01 10  00 04 00 02 09 02 00 00 |................|
[57] +2.739640 ASYNC-IN-SUBMIT ep=0x81 len=0 type=BULK (in, awaiting data)
[58] +2.752727 ASYNC-IN-DONE ep=0x81 len=0 status=3 actual=0
[59] +4.023347 RELEASE interface=0
[60] +4.025662 OPEN 0e41:4246 rc=0
[61] +4.026121 CLAIM interface=0 rc=0 (LIBUSB_SUCCESS / LIBUSB_TRANSFER_COMPLETED)
[62] +4.026138 RELEASE interface=0
[63] +4.026368 OPEN 0e41:4246 rc=0
[64] +4.026734 CLAIM interface=0 rc=0 (LIBUSB_SUCCESS / LIBUSB_TRANSFER_COMPLETED)
[65] +4.255730 ASYNC-IN-SUBMIT ep=0x81 len=0 type=BULK (in, awaiting data)
[66] +4.361852 ASYNC-IN-DONE ep=0x81 len=0 status=2 actual=0
[67] +4.361878 ASYNC-IN-SUBMIT ep=0x81 len=0 type=BULK (in, awaiting data)
[68] +4.463691 ASYNC-IN-DONE ep=0x81 len=0 status=2 actual=0
[69] +4.463762 ASYNC-IN-SUBMIT ep=0x81 len=0 type=BULK (in, awaiting data)
[70] +4.565095 ASYNC-IN-DONE ep=0x81 len=0 status=2 actual=0
[71] +4.565162 ASYNC-IN-SUBMIT ep=0x81 len=0 type=BULK (in, awaiting data)
[72] +4.672463 ASYNC-IN-DONE ep=0x81 len=0 status=2 actual=0
[73] +4.672532 ASYNC-IN-SUBMIT ep=0x81 len=0 type=BULK (in, awaiting data)
[74] +4.785103 ASYNC-IN-DONE ep=0x81 len=0 status=2 actual=0
[75] +4.785207 ASYNC-IN-SUBMIT ep=0x81 len=0 type=BULK (in, awaiting data)
[76] +4.887510 ASYNC-IN-DONE ep=0x81 len=0 status=2 actual=0
[77] +4.887605 ASYNC-IN-SUBMIT ep=0x81 len=0 type=BULK (in, awaiting data)
[78] +5.000480 ASYNC-IN-DONE ep=0x81 len=0 status=2 actual=0
[79] +5.000583 ASYNC-IN-SUBMIT ep=0x81 len=0 type=BULK (in, awaiting data)
[80] +5.110427 ASYNC-IN-DONE ep=0x81 len=0 status=2 actual=0
[81] +5.110509 ASYNC-IN-SUBMIT ep=0x81 len=0 type=BULK (in, awaiting data)
[82] +5.222909 ASYNC-IN-DONE ep=0x81 len=0 status=2 actual=0
[83] +5.223003 ASYNC-IN-SUBMIT ep=0x81 len=0 type=BULK (in, awaiting data)
[84] +5.327236 ASYNC-IN-DONE ep=0x81 len=0 status=2 actual=0
[85] +5.327306 ASYNC-IN-SUBMIT ep=0x81 len=0 type=BULK (in, awaiting data)
[86] +5.346086 ASYNC-OUT ep=0x01 len=20 type=BULK 
	0000  0c 00 00 28 80 10 ed 03  00 00 00 02 00 01 00 21 |...(...........!|
	0010  00 10 00 00                                      |....|
[87] +5.346403 ASYNC-OUT-DONE ep=0x01 len=0 status=0 actual=20
[88] +5.346788 ASYNC-IN-DONE ep=0x81 len=20 status=0 actual=20
	0000  0c 00 00 28 ed 03 80 10  00 00 00 02 00 01 00 01 |...(............|
	0010  00 02 00 00                                      |....|
[89] +5.346834 ASYNC-IN-SUBMIT ep=0x81 len=0 type=BULK (in, awaiting data)
[90] +5.359201 ASYNC-OUT ep=0x01 len=28 type=BULK 
	0000  11 00 00 18 80 10 ed 03  00 02 00 04 00 10 00 00 |................|
	0010  01 00 06 00 01 00 00 00  06 00 00 00             |............|
[91] +5.359509 ASYNC-OUT-DONE ep=0x01 len=0 status=0 actual=28
[92] +5.360031 ASYNC-IN-DONE ep=0x81 len=28 status=0 actual=28
	0000  11 00 00 18 ed 03 80 10  00 02 00 04 09 02 00 00 |................|
	0010  00 00 06 00 01 00 00 00  06 50 33 33             |.........P33|
[93] +5.360099 ASYNC-IN-SUBMIT ep=0x81 len=0 type=BULK (in, awaiting data)
[94] +5.360147 ASYNC-OUT ep=0x01 len=20 type=BULK 
	0000  0c 00 00 28 02 10 f0 03  00 00 00 02 00 01 00 21 |...(...........!|
	0010  00 10 00 00                                      |....|
[95] +5.360292 ASYNC-OUT-DONE ep=0x01 len=0 status=0 actual=20
[96] +5.360689 ASYNC-IN-DONE ep=0x81 len=20 status=0 actual=20
	0000  0c 00 00 28 f0 03 02 10  00 00 00 02 00 01 00 01 |...(............|
	0010  00 02 00 00                                      |....|
[97] +5.360741 ASYNC-IN-SUBMIT ep=0x81 len=0 type=BULK (in, awaiting data)
[98] +5.413276 ASYNC-OUT ep=0x01 len=16 type=BULK 
	0000  08 00 00 18 80 10 ed 03  00 03 00 08 09 10 00 00 |................|
[99] +5.413496 ASYNC-OUT ep=0x01 len=28 type=BULK 
	0000  11 00 00 18 02 10 f0 03  00 02 00 04 00 10 00 00 |................|
	0010  01 00 04 00 01 00 00 00  04 00 00 00             |............|
[100] +5.413599 ASYNC-OUT-DONE ep=0x01 len=0 status=0 actual=16
[101] +5.413654 ASYNC-OUT-DONE ep=0x01 len=0 status=0 actual=28
[102] +5.414359 ASYNC-IN-DONE ep=0x81 len=28 status=0 actual=28
	0000  11 00 00 18 f0 03 02 10  00 02 00 04 09 02 00 00 |................|
	0010  00 00 04 00 01 00 00 00  04 50 33 33             |.........P33|
[103] +5.414418 ASYNC-IN-SUBMIT ep=0x81 len=0 type=BULK (in, awaiting data)
[104] +5.414499 ASYNC-OUT ep=0x01 len=20 type=BULK 
	0000  0c 00 00 28 01 10 ef 03  00 00 00 02 00 01 00 21 |...(...........!|
	0010  00 10 00 00                                      |....|
[105] +5.414718 ASYNC-OUT-DONE ep=0x01 len=0 status=0 actual=20
[106] +5.415141 ASYNC-IN-DONE ep=0x81 len=20 status=0 actual=20
	0000  0c 00 00 28 ef 03 01 10  00 00 00 02 00 01 00 01 |...(............|
	0010  00 02 00 00                                      |....|
[107] +5.415172 ASYNC-IN-SUBMIT ep=0x81 len=0 type=BULK (in, awaiting data)
[108] +5.455873 ASYNC-IN-DONE ep=0x81 len=16 status=0 actual=16
	0000  08 00 00 18 ed 03 80 10  00 03 00 08 09 02 00 00 |................|
[109] +5.455932 ASYNC-IN-SUBMIT ep=0x81 len=0 type=BULK (in, awaiting data)
[110] +5.456043 ASYNC-IN-DONE ep=0x81 len=16 status=0 actual=16
	0000  08 00 00 18 f0 03 02 10  00 03 00 08 09 02 00 00 |................|
[111] +5.456068 ASYNC-IN-SUBMIT ep=0x81 len=0 type=BULK (in, awaiting data)
[112] +5.465466 ASYNC-OUT ep=0x01 len=16 type=BULK 
	0000  08 00 00 18 02 10 f0 03  00 03 00 08 09 10 00 00 |................|
[113] +5.465570 ASYNC-OUT ep=0x01 len=28 type=BULK 
	0000  11 00 00 18 01 10 ef 03  00 02 00 04 00 10 00 00 |................|
	0010  01 00 02 00 01 00 00 00  02 00 00 00             |............|
[114] +5.465681 ASYNC-OUT-DONE ep=0x01 len=0 status=0 actual=16
[115] +5.465730 ASYNC-OUT-DONE ep=0x01 len=0 status=0 actual=28
[116] +5.466403 ASYNC-IN-DONE ep=0x81 len=28 status=0 actual=28
	0000  11 00 00 18 ef 03 01 10  00 02 00 04 09 02 00 00 |................|
	0010  00 00 05 00 01 00 00 00  02 50 33 33             |.........P33|
[117] +5.466442 ASYNC-IN-SUBMIT ep=0x81 len=0 type=BULK (in, awaiting data)
[118] +5.519522 ASYNC-OUT ep=0x01 len=36 type=BULK 
	0000  19 00 00 18 80 10 ed 03  00 04 00 04 09 10 00 00 |................|
	0010  01 00 06 00 09 00 00 00  83 66 cd 03 e8 64 4c 65 |.........f...dLe|
	0020  80 00 00 00                                      |....|
[119] +5.519759 ASYNC-OUT ep=0x01 len=16 type=BULK 
	0000  08 00 00 18 01 10 ef 03  00 03 00 08 09 10 00 00 |................|
[120] +5.519849 ASYNC-OUT-DONE ep=0x01 len=0 status=0 actual=36
[121] +5.519940 ASYNC-OUT-DONE ep=0x01 len=0 status=0 actual=16
[122] +5.521957 ASYNC-IN-DONE ep=0x81 len=92 status=0 actual=92
	0000  54 00 00 18 ed 03 80 10  00 04 00 04 1a 02 00 00 |T...............|
	0010  00 00 06 00 44 00 00 00  83 66 cd 03 e8 67 00 68 |....D....f...g.h|
	0020  82 3f c3 37 9b ca 42 dc  00 00 ca 3f 34 fd f4 ca |.?.7..B....?4...|
	0030  00 00 00 00 ca 44 fa 00  00 ca 3f 34 fd f4 ca 00 |.....D....?4....|
	0040  00 00 00 ca 45 fa 00 00  ca 3f 34 fd f4 ca 00 00 |....E....?4.....|
	0050  00 00 ca 41 9f 33 33 ca  46 9d 08 00             |...A.33.F...|
[123] +5.522005 ASYNC-IN-SUBMIT ep=0x81 len=0 type=BULK (in, awaiting data)
[124] +5.573649 ASYNC-OUT ep=0x01 len=36 type=BULK 
	0000  1c 00 00 18 80 10 ed 03  00 05 00 0c 55 10 00 00 |............U...|
	0010  01 00 06 00 0c 00 00 00  83 66 cd 03 e9 64 18 65 |.........f...d.e|
	0020  81 76 cc 80                                      |.v..|
[125] +5.574013 ASYNC-OUT-DONE ep=0x01 len=0 status=0 actual=36
[126] +5.574891 ASYNC-IN-DONE ep=0x81 len=40 status=0 actual=40
	0000  1f 00 00 18 ed 03 80 10  00 05 00 04 2e 02 00 00 |................|
	0010  00 00 06 00 0f 00 00 00  83 66 cd 03 e9 67 00 68 |.........f...g.h|
	0020  82 76 cd 00 80 77 00 dc                          |.v...w..|
[127] +5.574959 ASYNC-IN-SUBMIT ep=0x81 len=0 type=BULK (in, awaiting data)
[128] +5.627667 ASYNC-OUT ep=0x01 len=36 type=BULK 
	0000  19 00 00 18 80 10 ed 03  00 06 00 0c 6c 10 00 00 |............l...|
	0010  01 00 06 00 09 00 00 00  83 66 cd 03 ea 64 17 65 |.........f...d.e|
	0020  c0 00 00 00                                      |....|
[129] +5.628019 ASYNC-OUT-DONE ep=0x01 len=0 status=0 actual=36
[130] +5.629127 ASYNC-IN-DONE ep=0x81 len=60 status=0 actual=60
	0000  34 00 00 18 ed 03 80 10  00 06 00 04 3f 02 00 00 |4...........?...|
	0010  00 00 06 00 24 00 00 00  83 66 cd 03 ea 67 00 68 |....$....f...g.h|
	0020  86 6b cd 00 00 6c cd 00  07 6d a7 43 54 2d 53 61 |.k...l...m.CT-Sa|
	0030  64 00 75 c2 53 92 cd 19  e4 00 5c 00             |d.u.S.....\.|
[131] +5.629203 ASYNC-IN-SUBMIT ep=0x81 len=0 type=BULK (in, awaiting data)
[132] +5.656684 ASYNC-IN-DONE ep=0x81 len=16 status=0 actual=16
	0000  08 00 00 18 ef 03 01 10  00 03 00 08 09 02 00 00 |................|
[133] +5.656788 ASYNC-IN-SUBMIT ep=0x81 len=0 type=BULK (in, awaiting data)
[134] +5.656931 ASYNC-IN-DONE ep=0x81 len=16 status=0 actual=16
	0000  08 00 00 18 ed 03 80 10  00 07 00 08 3f 02 00 00 |............?...|
[135] +5.656969 ASYNC-IN-SUBMIT ep=0x81 len=0 type=BULK (in, awaiting data)
[136] +5.680283 ASYNC-OUT ep=0x01 len=36 type=BULK 
	0000  19 00 00 18 80 10 ed 03  00 07 00 0c 98 10 00 00 |................|
	0010  01 00 06 00 09 00 00 00  83 66 cd 03 eb 64 16 65 |.........f...d.e|
	0020  c0 00 00 00                                      |....|
[137] +5.680537 ASYNC-OUT-DONE ep=0x01 len=0 status=0 actual=36
[138] +5.695713 ASYNC-IN-DONE ep=0x81 len=272 status=0 actual=272
	0000  08 01 00 18 ed 03 80 10  00 08 00 04 50 02 00 00 |............P...|
	0010  00 00 e3 00 ee 09 00 00  83 66 cd 03 eb 67 00 68 |.........f...g.h|
	0020  da 09 e3 a9 6c 36 2d 68  65 6c 69 78 00 da 00 30 |....l6-helix...0|
	0030  3d 00 00 00 60 00 00 00  f8 02 00 00 fa 02 00 00 |=...`...........|
	0040  05 03 00 00 11 03 00 00  01 04 00 00 2e 04 00 00 |................|
	0050  3e 00 00 00 34 04 00 00  e3 09 00 00 e3 09 00 00 |>...4...........|
	0060  89 07 83 24 a4 50 33 33  00 23 ce 03 80 00 00 25 |...$.P33.#.....%|
	0070  b2 76 33 2e 37 31 2d 33  32 2d 67 31 30 33 39 36 |.v3.71-32-g10396|
	0080  36 31 00 00 82 15 00 16  dc 00 14 82 13 00 14 82 |61..............|
	0090  05 01 07 83 02 03 03 03  04 93 c2 ca c2 40 00 00 |.............@..|
	00a0  ca 3f 00 00 00 82 13 06  14 85 18 83 17 c2 19 65 |.?.............e|
	00b0  1a ff 09 01 0a c3 0b 83  02 03 03 03 04 93 ca 3c |...............<|
	00c0  23 d7 00 ca 3e 42 8f 63  ca 3f 7a e1 48 0c 83 02 |#...>B.c.?z.H...|
	00d0  00 03 00 04 90 82 13 06  14 85 18 83 17 c2 19 cd |................|
	00e0  01 43 1a ff 09 01 0a c3  0b 83 02 06 03 06 04 96 |.C..............|
	00f0  ca c1 23 33 33 ca c0 d3  33 33 ca 00 00 00 00 ca |..#33...33......|
	0100  00 00 00 00 ca 00 00 00  00 ca 40 6c cc d1 0c 83 |..........@l....|
[139] +5.695856 ASYNC-IN-SUBMIT ep=0x81 len=0 type=BULK (in, awaiting data)
[140] +5.695950 ASYNC-OUT ep=0x01 len=16 type=BULK 
	0000  08 00 00 18 80 10 ed 03  00 08 00 08 98 11 00 00 |................|
[141] +5.695996 ASYNC-IN-DONE ep=0x81 len=272 status=0 actual=272
	0000  08 01 00 18 ed 03 80 10  00 09 00 04 50 02 00 00 |............P...|
	0010  02 00 03 00 04 90 82 13  06 14 85 18 83 17 c3 19 |................|
	0020  12 1a 3e 09 12 0a c3 0b  83 02 0c 03 0c 04 9c ca |..>.............|
	0030  3f 6b 85 20 ca 3e a3 d7  07 ca 3f 23 d7 0a ca 3f |?k. .>....?#...?|
	0040  38 51 ec ca 3f 1e b8 52  ca 3f 63 d7 0a ca 3e 38 |8Q..?..R.?c...>8|
	0050  51 f2 ca 3e 4c cc cd ca  3e 8a 3d 71 ca 3f 00 00 |Q..>L...>.=q.?..|
	0060  00 ca 3f 19 99 9a ca 3f  19 99 9a 0c 83 02 06 03 |..?....?........|
	0070  05 04 96 ca 41 00 00 00  ca 41 9f 33 33 ca 46 1f |....A....A.33.F.|
	0080  60 00 ca 3e 75 c2 8f ca  00 00 00 00 05 82 13 06 |`..>u...........|
	0090  14 85 18 83 17 c2 19 cd  01 43 1a ff 09 01 0a c3 |.........C......|
	00a0  0b 83 02 06 03 06 04 96  ca 3f ff ff f8 ca 40 39 |.........?....@9|
	00b0  99 95 ca c0 86 66 68 ca  40 40 00 00 ca 3e cc cc |.....fh.@@...>..|
	00c0  bf ca 00 00 00 00 0c 83  02 00 03 00 04 90 82 13 |................|
	00d0  06 14 85 18 83 17 c2 19  cc 81 1a ff 09 01 0a c3 |................|
	00e0  0b 83 02 0b 03 0b 04 9b  ca c0 b9 99 9a ca c0 06 |................|
	00f0  66 62 ca 40 60 00 00 ca  c0 e0 00 00 ca c0 a3 33 |fb.@`..........3|
	0100  31 ca bf 66 66 60 ca c0  00 00 00 ca 3f b3 33 33 |1..ff`......?.33|
[142] +5.696114 ASYNC-IN-SUBMIT ep=0x81 len=0 type=BULK (in, awaiting data)
[143] +5.696136 ASYNC-OUT ep=0x01 len=16 type=BULK 
	0000  08 00 00 18 80 10 ed 03  00 09 00 08 98 12 00 00 |................|
[144] +5.696181 ASYNC-OUT-DONE ep=0x01 len=0 status=0 actual=16
[145] +5.696252 ASYNC-OUT-DONE ep=0x01 len=0 status=0 actual=16
[146] +5.696803 ASYNC-IN-DONE ep=0x81 len=272 status=0 actual=272
	0000  08 01 00 18 ed 03 80 10  00 0a 00 04 50 02 00 00 |............P...|
	0010  ca c1 26 66 66 ca c1 70  00 00 ca 00 00 00 00 0c |..&ff..p........|
	0020  83 02 00 03 00 04 90 82  13 06 14 85 18 83 17 c2 |................|
	0030  19 78 1a ff 09 01 0a c3  0b 83 02 06 03 06 04 96 |.x..............|
	0040  ca 3e a8 f5 c3 ca 3f 11  eb 83 c2 ca 3d b8 51 f0 |.>....?.....=.Q.|
	0050  ca 3f 80 00 00 ca 00 00  00 00 0c 83 02 00 03 00 |.?..............|
	0060  04 90 82 13 08 14 c0 82  13 08 14 c0 82 13 01 14 |................|
	0070  82 06 01 07 83 02 02 03  02 04 92 ca 3f 00 00 00 |............?...|
	0080  ca 00 00 00 00 82 13 02  14 83 0e 82 05 00 07 83 |................|
	0090  02 00 03 00 04 90 0f 84  08 cd 01 01 0d 00 0a c3 |................|
	00a0  07 83 02 03 03 03 04 93  ca 3f 00 00 00 ca 3f 00 |.........?....?.|
	00b0  00 00 c2 12 c2 82 13 08  14 c0 82 13 08 14 c0 82 |................|
	00c0  13 08 14 c0 82 13 08 14  c0 82 13 08 14 c0 82 13 |................|
	00d0  08 14 c0 82 13 08 14 c0  82 13 08 14 c0 82 13 03 |................|
	00e0  14 83 10 82 06 00 07 83  02 00 03 00 04 90 11 84 |................|
	00f0  08 cc 97 0d 00 0a c3 07  83 02 06 03 06 04 96 ca |................|
	0100  00 00 00 00 ca 3f 00 00  00 ca 00 00 00 00 ca 3f |.....?.........?|
[147] +5.696933 ASYNC-IN-SUBMIT ep=0x81 len=0 type=BULK (in, awaiting data)
[148] +5.696951 ASYNC-OUT ep=0x01 len=16 type=BULK 
	0000  08 00 00 18 80 10 ed 03  00 0a 00 08 98 13 00 00 |................|
[149] +5.697037 ASYNC-OUT-DONE ep=0x01 len=0 status=0 actual=16
[150] +5.697217 ASYNC-IN-DONE ep=0x81 len=272 status=0 actual=272
	0000  08 01 00 18 ed 03 80 10  00 0b 00 04 50 02 00 00 |............P...|
	0010  00 00 00 c2 ca 00 00 00  00 12 c2 01 c0 03 82 07 |................|
	0020  01 08 95 c0 c0 c0 c0 c0  04 9a c0 c0 c0 c0 c0 c0 |................|
	0030  c0 c0 c0 c0 02 82 00 9d  d1 00 00 d1 00 00 d1 00 |................|
	0040  00 d1 00 00 d1 00 00 d1  00 00 d1 00 00 d1 00 00 |................|
	0050  d1 00 00 d1 00 00 d1 00  00 d1 00 00 d1 00 00 01 |................|
	0060  9d 97 cc 00 cc 00 cc 00  cc 00 cc 00 cc 00 cc 00 |................|
	0070  97 cc 00 cc 00 cc 00 cc  00 cc 00 cc 00 cc 00 97 |................|
	0080  cc 00 cc 00 cc 00 cc 00  cc 00 cc 00 cc 00 97 cc |................|
	0090  00 cc 00 cc 00 cc 00 cc  00 cc 00 cc 00 97 cc 00 |................|
	00a0  cc 00 cc 00 cc 00 cc 00  cc 00 cc 00 97 cc 00 cc |................|
	00b0  00 cc 00 cc 00 cc 00 cc  00 cc 00 97 cc 00 cc 00 |................|
	00c0  cc 00 cc 00 cc 00 cc 00  cc 00 97 cc 00 cc 00 cc |................|
	00d0  00 cc 00 cc 00 cc 00 cc  00 97 cc 00 cc 00 cc 00 |................|
	00e0  cc 00 cc 00 cc 00 cc 00  97 cc 00 cc 00 cc 00 cc |................|
	00f0  00 cc 00 cc 00 cc 00 97  cc 00 cc 00 cc 00 cc 00 |................|
	0100  cc 00 cc 00 cc 00 97 cc  00 cc 00 cc 00 cc 00 cc |................|
[151] +5.697357 ASYNC-IN-SUBMIT ep=0x81 len=0 type=BULK (in, awaiting data)
[152] +5.697373 ASYNC-OUT ep=0x01 len=16 type=BULK 
	0000  08 00 00 18 80 10 ed 03  00 0b 00 08 98 14 00 00 |................|
[153] +5.697481 ASYNC-OUT-DONE ep=0x01 len=0 status=0 actual=16
[154] +5.697974 ASYNC-IN-DONE ep=0x81 len=272 status=0 actual=272
	0000  08 01 00 18 ed 03 80 10  00 0c 00 04 50 02 00 00 |............P...|
	0010  00 cc 00 cc 00 97 cc 00  cc 00 cc 00 cc 00 cc 00 |................|
	0020  cc 00 cc 00 05 8f 10 ca  42 f0 00 00 2d 00 2e ca |........B...-...|
	0030  bd cc cc d0 2f ca bd cc  cc d0 30 00 31 c3 32 00 |..../.....0.1.2.|
	0040  33 00 34 00 35 00 36 00  37 00 38 c3 1e 00 cc 86 |3.4.5.6.7.8.....|
	0050  00 06 82 62 03 1a 00 0a  86 06 00 07 00 08 00 09 |...b............|
	0060  14 0a 93 88 00 c3 01 9b  93 0d c2 97 00 00 00 00 |................|
	0070  00 00 00 93 0d c2 97 00  00 00 00 00 00 00 93 0d |................|
	0080  c2 97 00 00 00 00 00 00  00 93 0d c2 97 00 00 00 |................|
	0090  00 00 00 00 93 0d c2 97  00 00 00 00 00 00 00 93 |................|
	00a0  0d c2 97 00 00 00 00 00  00 00 93 0d c2 97 00 00 |................|
	00b0  00 00 00 00 00 93 0d c2  97 00 00 00 00 00 00 00 |................|
	00c0  93 0d c2 97 00 00 00 00  00 00 00 93 0d c2 97 00 |................|
	00d0  00 00 00 00 00 00 93 0d  c2 97 00 00 00 00 00 00 |................|
	00e0  00 02 dc 00 40 93 c2 40  c0 93 c2 40 c0 93 c2 40 |....@..@...@...@|
	00f0  c0 93 c2 40 c0 93 c2 40  c0 93 c2 40 c0 93 c2 40 |...@...@...@...@|
	0100  c0 93 c2 40 c0 93 c2 40  c0 93 c2 40 c0 93 c2 40 |...@...@...@...@|
[155] +5.698083 ASYNC-IN-SUBMIT ep=0x81 len=0 type=BULK (in, awaiting data)
[156] +5.698111 ASYNC-OUT ep=0x01 len=16 type=BULK 
	0000  08 00 00 18 80 10 ed 03  00 0c 00 08 98 15 00 00 |................|
[157] +5.698206 ASYNC-OUT-DONE ep=0x01 len=0 status=0 actual=16
[158] +5.698372 ASYNC-IN-DONE ep=0x81 len=272 status=0 actual=272
	0000  08 01 00 18 ed 03 80 10  00 0d 00 04 50 02 00 00 |............P...|
	0010  c0 93 c2 40 c0 93 c2 40  c0 93 c2 40 c0 93 c2 40 |...@...@...@...@|
	0020  c0 93 c2 40 c0 93 c2 40  c0 93 c2 40 c0 93 c2 40 |...@...@...@...@|
	0030  c0 93 c2 40 c0 93 c2 40  c0 93 c2 40 c0 93 c2 40 |...@...@...@...@|
	0040  c0 93 c2 40 c0 93 c2 40  c0 93 c2 40 c0 93 c2 40 |...@...@...@...@|
	0050  c0 93 c2 40 c0 93 c2 40  c0 93 c2 40 c0 93 c2 40 |...@...@...@...@|
	0060  c0 93 c2 40 c0 93 c2 40  c0 93 c2 40 c0 93 c2 40 |...@...@...@...@|
	0070  c0 93 c2 40 c0 93 c2 40  c0 93 c2 40 c0 93 c2 40 |...@...@...@...@|
	0080  c0 93 c2 40 c0 93 c2 40  c0 93 c2 40 c0 93 c2 40 |...@...@...@...@|
	0090  c0 93 c2 40 c0 93 c2 40  c0 93 c2 40 c0 93 c2 40 |...@...@...@...@|
	00a0  c0 93 c2 40 c0 93 c2 40  c0 93 c2 40 c0 93 c2 40 |...@...@...@...@|
	00b0  c0 93 c2 40 c0 93 c2 40  c0 93 c2 40 c0 93 c2 40 |...@...@...@...@|
	00c0  c0 93 c2 40 c0 93 c2 40  c0 93 c2 40 c0 93 c2 40 |...@...@...@...@|
	00d0  c0 93 c2 40 c0 93 c2 40  c0 93 c2 40 c0 93 c2 40 |...@...@...@...@|
	00e0  c0 93 c2 40 c0 03 dc 00  14 92 c2 c2 92 c2 c3 92 |...@............|
	00f0  c2 c3 92 c2 c3 92 c2 c3  92 c2 c3 92 c2 c3 92 c2 |................|
	0100  c3 92 c2 c3 92 c2 c2 92  c2 c3 92 c2 c3 92 c2 c3 |................|
[159] +5.698462 ASYNC-IN-SUBMIT ep=0x81 len=0 type=BULK (in, awaiting data)
[160] +5.698491 ASYNC-OUT ep=0x01 len=16 type=BULK 
	0000  08 00 00 18 80 10 ed 03  00 0d 00 08 98 16 00 00 |................|
[161] +5.698585 ASYNC-OUT-DONE ep=0x01 len=0 status=0 actual=16
[162] +5.699117 ASYNC-IN-DONE ep=0x81 len=272 status=0 actual=272
	0000  08 01 00 18 ed 03 80 10  00 0e 00 04 50 02 00 00 |............P...|
	0010  92 c2 c3 92 c2 c3 92 c2  c3 92 c2 c3 92 c2 c3 92 |................|
	0020  c2 c3 92 c2 c2 04 ab 53  4e 41 50 53 48 4f 54 20 |.......SNAPSHOT |
	0030  31 00 0e c2 05 ca 42 f0  00 00 0c 00 88 00 c3 01 |1.....B.........|
	0040  9b 93 0d c2 97 00 00 00  00 00 00 00 93 0d c2 97 |................|
	0050  00 00 00 00 00 00 00 93  0d c2 97 00 00 00 00 00 |................|
	0060  00 00 93 0d c2 97 00 00  00 00 00 00 00 93 0d c2 |................|
	0070  97 00 00 00 00 00 00 00  93 0d c2 97 00 00 00 00 |................|
	0080  00 00 00 93 0d c2 97 00  00 00 00 00 00 00 93 0d |................|
	0090  c2 97 00 00 00 00 00 00  00 93 0d c2 97 00 00 00 |................|
	00a0  00 00 00 00 93 0d c2 97  00 00 00 00 00 00 00 93 |................|
	00b0  0d c2 97 00 00 00 00 00  00 00 02 dc 00 40 93 c2 |.............@..|
	00c0  40 c0 93 c2 40 c0 93 c2  40 c0 93 c2 40 c0 93 c2 |@...@...@...@...|
	00d0  40 c0 93 c2 40 c0 93 c2  40 c0 93 c2 40 c0 93 c2 |@...@...@...@...|
	00e0  40 c0 93 c2 40 c0 93 c2  40 c0 93 c2 40 c0 93 c2 |@...@...@...@...|
	00f0  40 c0 93 c2 40 c0 93 c2  40 c0 93 c2 40 c0 93 c2 |@...@...@...@...|
	0100  40 c0 93 c2 40 c0 93 c2  40 c0 93 c2 40 c0 93 c2 |@...@...@...@...|
[163] +5.699219 ASYNC-IN-SUBMIT ep=0x81 len=0 type=BULK (in, awaiting data)
[164] +5.699265 ASYNC-OUT ep=0x01 len=16 type=BULK 
	0000  08 00 00 18 80 10 ed 03  00 0e 00 08 98 17 00 00 |................|
[165] +5.699412 ASYNC-OUT-DONE ep=0x01 len=0 status=0 actual=16
[166] +5.699561 ASYNC-IN-DONE ep=0x81 len=272 status=0 actual=272
	0000  08 01 00 18 ed 03 80 10  00 0f 00 04 50 02 00 00 |............P...|
	0010  40 c0 93 c2 40 c0 93 c2  40 c0 93 c2 40 c0 93 c2 |@...@...@...@...|
	0020  40 c0 93 c2 40 c0 93 c2  40 c0 93 c2 40 c0 93 c2 |@...@...@...@...|
	0030  40 c0 93 c2 40 c0 93 c2  40 c0 93 c2 40 c0 93 c2 |@...@...@...@...|
	0040  40 c0 93 c2 40 c0 93 c2  40 c0 93 c2 40 c0 93 c2 |@...@...@...@...|
	0050  40 c0 93 c2 40 c0 93 c2  40 c0 93 c2 40 c0 93 c2 |@...@...@...@...|
	0060  40 c0 93 c2 40 c0 93 c2  40 c0 93 c2 40 c0 93 c2 |@...@...@...@...|
	0070  40 c0 93 c2 40 c0 93 c2  40 c0 93 c2 40 c0 93 c2 |@...@...@...@...|
	0080  40 c0 93 c2 40 c0 93 c2  40 c0 93 c2 40 c0 93 c2 |@...@...@...@...|
	0090  40 c0 93 c2 40 c0 93 c2  40 c0 93 c2 40 c0 93 c2 |@...@...@...@...|
	00a0  40 c0 93 c2 40 c0 93 c2  40 c0 93 c2 40 c0 93 c2 |@...@...@...@...|
	00b0  40 c0 93 c2 40 c0 93 c2  40 c0 93 c2 40 c0 03 dc |@...@...@...@...|
	00c0  00 14 92 c2 c2 92 c2 c3  92 c2 c3 92 c2 c3 92 c2 |................|
	00d0  c3 92 c2 c3 92 c2 c3 92  c2 c3 92 c2 c3 92 c2 c2 |................|
	00e0  92 c2 c3 92 c2 c3 92 c2  c3 92 c2 c3 92 c2 c3 92 |................|
	00f0  c2 c3 92 c2 c3 92 c2 c3  92 c2 c3 92 c2 c2 04 ab |................|
	0100  53 4e 41 50 53 48 4f 54  20 32 00 0e c2 05 ca 42 |SNAPSHOT 2.....B|
[167] +5.699650 ASYNC-IN-SUBMIT ep=0x81 len=0 type=BULK (in, awaiting data)
[168] +5.699696 ASYNC-OUT ep=0x01 len=16 type=BULK 
	0000  08 00 00 18 80 10 ed 03  00 0f 00 08 98 18 00 00 |................|
[169] +5.699840 ASYNC-OUT-DONE ep=0x01 len=0 status=0 actual=16
[170] +5.700141 ASYNC-IN-DONE ep=0x81 len=272 status=0 actual=272
	0000  08 01 00 18 ed 03 80 10  00 10 00 04 50 02 00 00 |............P...|
	0010  f0 00 00 0c 00 88 00 c3  01 9b 93 0d c2 97 00 00 |................|
	0020  00 00 00 00 00 93 0d c2  97 00 00 00 00 00 00 00 |................|
	0030  93 0d c2 97 00 00 00 00  00 00 00 93 0d c2 97 00 |................|
	0040  00 00 00 00 00 00 93 0d  c2 97 00 00 00 00 00 00 |................|
	0050  00 93 0d c2 97 00 00 00  00 00 00 00 93 0d c2 97 |................|
	0060  00 00 00 00 00 00 00 93  0d c2 97 00 00 00 00 00 |................|
	0070  00 00 93 0d c2 97 00 00  00 00 00 00 00 93 0d c2 |................|
	0080  97 00 00 00 00 00 00 00  93 0d c2 97 00 00 00 00 |................|
	0090  00 00 00 02 dc 00 40 93  c2 40 c0 93 c2 40 c0 93 |......@..@...@..|
	00a0  c2 40 c0 93 c2 40 c0 93  c2 40 c0 93 c2 40 c0 93 |.@...@...@...@..|
	00b0  c2 40 c0 93 c2 40 c0 93  c2 40 c0 93 c2 40 c0 93 |.@...@...@...@..|
	00c0  c2 40 c0 93 c2 40 c0 93  c2 40 c0 93 c2 40 c0 93 |.@...@...@...@..|
	00d0  c2 40 c0 93 c2 40 c0 93  c2 40 c0 93 c2 40 c0 93 |.@...@...@...@..|
	00e0  c2 40 c0 93 c2 40 c0 93  c2 40 c0 93 c2 40 c0 93 |.@...@...@...@..|
	00f0  c2 40 c0 93 c2 40 c0 93  c2 40 c0 93 c2 40 c0 93 |.@...@...@...@..|
	0100  c2 40 c0 93 c2 40 c0 93  c2 40 c0 93 c2 40 c0 93 |.@...@...@...@..|
[171] +5.700231 ASYNC-IN-SUBMIT ep=0x81 len=0 type=BULK (in, awaiting data)
[172] +5.700276 ASYNC-OUT ep=0x01 len=16 type=BULK 
	0000  08 00 00 18 80 10 ed 03  00 10 00 08 98 19 00 00 |................|
[173] +5.700417 ASYNC-OUT-DONE ep=0x01 len=0 status=0 actual=16
[174] +5.700739 ASYNC-IN-DONE ep=0x81 len=264 status=0 actual=264
	0000  fe 00 00 18 ed 03 80 10  00 11 00 04 50 02 00 00 |............P...|
	0010  c2 40 c0 93 c2 40 c0 93  c2 40 c0 93 c2 40 c0 93 |.@...@...@...@..|
	0020  c2 40 c0 93 c2 40 c0 93  c2 40 c0 93 c2 40 c0 93 |.@...@...@...@..|
	0030  c2 40 c0 93 c2 40 c0 93  c2 40 c0 93 c2 40 c0 93 |.@...@...@...@..|
	0040  c2 40 c0 93 c2 40 c0 93  c2 40 c0 93 c2 40 c0 93 |.@...@...@...@..|
	0050  c2 40 c0 93 c2 40 c0 93  c2 40 c0 93 c2 40 c0 93 |.@...@...@...@..|
	0060  c2 40 c0 93 c2 40 c0 93  c2 40 c0 93 c2 40 c0 93 |.@...@...@...@..|
	0070  c2 40 c0 93 c2 40 c0 93  c2 40 c0 93 c2 40 c0 93 |.@...@...@...@..|
	0080  c2 40 c0 93 c2 40 c0 93  c2 40 c0 93 c2 40 c0 93 |.@...@...@...@..|
	0090  c2 40 c0 93 c2 40 c0 03  dc 00 14 92 c2 c2 92 c2 |.@...@..........|
	00a0  c3 92 c2 c3 92 c2 c3 92  c2 c3 92 c2 c3 92 c2 c3 |................|
	00b0  92 c2 c3 92 c2 c3 92 c2  c2 92 c2 c3 92 c2 c3 92 |................|
	00c0  c2 c3 92 c2 c3 92 c2 c3  92 c2 c3 92 c2 c3 92 c2 |................|
	00d0  c3 92 c2 c3 92 c2 c2 04  ab 53 4e 41 50 53 48 4f |.........SNAPSHO|
	00e0  54 20 33 00 0e c2 05 ca  42 f0 00 00 0c 00 0d dc |T 3.....B.......|
	00f0  00 14 c3 c3 c3 c3 c3 c3  c3 c3 c3 c3 c3 c3 c3 c3 |................|
	0100  c3 c3 c3 c3 c3 c3 c0 93                          |........|
[175] +5.700836 ASYNC-IN-SUBMIT ep=0x81 len=0 type=BULK (in, awaiting data)
[176] +5.734355 ASYNC-OUT ep=0x01 len=36 type=BULK 
	0000  1b 00 00 18 80 10 ed 03  00 11 00 0c 8e 1a 00 00 |................|
	0010  01 00 06 00 0b 00 00 00  83 66 cd 03 ec 64 18 65 |.........f...d.e|
	0020  81 76 0e 00                                      |.v..|
[177] +5.734659 ASYNC-OUT-DONE ep=0x01 len=0 status=0 actual=36
[178] +5.735419 ASYNC-IN-DONE ep=0x81 len=40 status=0 actual=40
	0000  1f 00 00 18 ed 03 80 10  00 12 00 04 63 02 00 00 |............c...|
	0010  00 00 06 00 0f 00 00 00  83 66 cd 03 ec 67 00 68 |.........f...g.h|
	0020  82 76 cd 00 0e 77 01 93                          |.v...w..|
[179] +5.735451 ASYNC-IN-SUBMIT ep=0x81 len=0 type=BULK (in, awaiting data)
[180] +5.788444 ASYNC-OUT ep=0x01 len=36 type=BULK 
	0000  1b 00 00 18 80 10 ed 03  00 12 00 0c a5 1a 00 00 |................|
	0010  01 00 06 00 0b 00 00 00  83 66 cd 03 ed 64 18 65 |.........f...d.e|
	0020  81 76 49 00                                      |.vI.|
[181] +5.788746 ASYNC-OUT-DONE ep=0x01 len=0 status=0 actual=36
[182] +5.789614 ASYNC-IN-DONE ep=0x81 len=40 status=0 actual=40
	0000  1f 00 00 18 ed 03 80 10  00 13 00 04 76 02 00 00 |............v...|
	0010  00 00 06 00 0f 00 00 00  83 66 cd 03 ed 67 00 68 |.........f...g.h|
	0020  82 76 cd 00 49 77 00 93                          |.v..Iw..|
[183] +5.789672 ASYNC-IN-SUBMIT ep=0x81 len=0 type=BULK (in, awaiting data)
[184] +5.840885 ASYNC-OUT ep=0x01 len=36 type=BULK 
	0000  1c 00 00 18 80 10 ed 03  00 13 00 0c bc 1a 00 00 |................|
	0010  01 00 06 00 0c 00 00 00  83 66 cd 03 ee 64 18 65 |.........f...d.e|
	0020  81 76 cc 88                                      |.v..|
[185] +5.841262 ASYNC-OUT-DONE ep=0x01 len=0 status=0 actual=36
[186] +5.842096 ASYNC-IN-DONE ep=0x81 len=40 status=0 actual=40
	0000  1f 00 00 18 ed 03 80 10  00 14 00 04 8a 02 00 00 |................|
	0010  00 00 06 00 0f 00 00 00  83 66 cd 03 ee 67 00 68 |.........f...g.h|
	0020  82 76 cd 00 88 77 00 93                          |.v...w..|
[187] +5.842154 ASYNC-IN-SUBMIT ep=0x81 len=0 type=BULK (in, awaiting data)
[188] +5.857229 ASYNC-IN-DONE ep=0x81 len=16 status=0 actual=16
	0000  08 00 00 18 ed 03 80 10  00 15 00 08 8a 02 00 00 |................|
[189] +5.857300 ASYNC-IN-SUBMIT ep=0x81 len=0 type=BULK (in, awaiting data)
[190] +5.894298 ASYNC-OUT ep=0x01 len=16 type=BULK 
	0000  08 00 00 18 80 10 ed 03  00 14 00 08 d3 1a 00 00 |................|
[191] +5.894492 ASYNC-OUT ep=0x01 len=36 type=BULK 
	0000  1a 00 00 18 01 10 ef 03  00 04 00 04 09 10 00 00 |................|
	0010  01 00 02 00 0a 00 00 00  83 66 cd 03 e8 64 cc fe |.........f...d..|
	0020  65 80 00 00                                      |e...|
[192] +5.894616 ASYNC-OUT-DONE ep=0x01 len=0 status=0 actual=16
[193] +5.894701 ASYNC-OUT-DONE ep=0x01 len=0 status=0 actual=36
[194] +5.896535 ASYNC-IN-DONE ep=0x81 len=36 status=0 actual=36
	0000  19 00 00 18 ef 03 01 10  00 04 00 04 1b 02 00 00 |................|
	0010  00 00 02 00 09 00 00 00  83 66 cd 03 e8 67 00 68 |.........f...g.h|
	0020  c0 76 cd 00                                      |.v..|
[195] +5.896661 ASYNC-IN-SUBMIT ep=0x81 len=0 type=BULK (in, awaiting data)
[196] +5.948341 ASYNC-OUT ep=0x01 len=16 type=BULK 
	0000  08 00 00 18 01 10 ef 03  00 05 00 08 1a 10 00 00 |................|
[197] +5.948622 ASYNC-OUT-DONE ep=0x01 len=0 status=0 actual=16
[198] +6.002242 ASYNC-OUT ep=0x01 len=36 type=BULK 
	0000  1b 00 00 18 80 10 ed 03  00 15 00 04 d3 1a 00 00 |................|
	0010  01 00 06 00 0b 00 00 00  83 66 cd 03 ef 64 18 65 |.........f...d.e|
	0020  81 76 1b 00                                      |.v..|
[199] +6.002467 ASYNC-OUT-DONE ep=0x01 len=0 status=0 actual=36
[200] +6.003301 ASYNC-IN-DONE ep=0x81 len=40 status=0 actual=40
	0000  1f 00 00 18 ed 03 80 10  00 16 00 04 9d 02 00 00 |................|
	0010  00 00 06 00 0f 00 00 00  83 66 cd 03 ef 67 00 68 |.........f...g.h|
	0020  82 76 cd 00 1b 77 c2 93                          |.v...w..|
[201] +6.003332 ASYNC-IN-SUBMIT ep=0x81 len=0 type=BULK (in, awaiting data)
[202] +6.056291 ASYNC-OUT ep=0x01 len=36 type=BULK 
	0000  19 00 00 18 80 10 ed 03  00 16 00 0c ea 1a 00 00 |................|
	0010  01 00 06 00 09 00 00 00  83 66 cd 03 f0 64 63 65 |.........f...dce|
	0020  80 00 00 00                                      |....|
[203] +6.056516 ASYNC-OUT ep=0x01 len=36 type=BULK 
	0000  19 00 00 18 01 10 ef 03  00 06 00 04 1a 10 00 00 |................|
	0010  01 00 02 00 09 00 00 00  83 66 cd 03 e9 64 00 65 |.........f...d.e|
	0020  c0 00 00 00                                      |....|
[204] +6.056622 ASYNC-OUT-DONE ep=0x01 len=0 status=0 actual=36
[205] +6.056697 ASYNC-OUT-DONE ep=0x01 len=0 status=0 actual=36
[206] +6.058326 ASYNC-IN-DONE ep=0x81 len=16 status=0 actual=16
	0000  08 00 00 18 ef 03 01 10  00 05 00 08 1b 02 00 00 |................|
[207] +6.058350 ASYNC-IN-SUBMIT ep=0x81 len=0 type=BULK (in, awaiting data)
[208] +6.058509 ASYNC-IN-DONE ep=0x81 len=16 status=0 actual=16
	0000  08 00 00 18 ed 03 80 10  00 17 00 08 9d 02 00 00 |................|
[209] +6.058528 ASYNC-IN-SUBMIT ep=0x81 len=0 type=BULK (in, awaiting data)
[210] +6.059186 ASYNC-IN-DONE ep=0x81 len=36 status=0 actual=36
	0000  1b 00 00 18 ed 03 80 10  00 18 00 04 ae 02 00 00 |................|
	0010  00 00 06 00 0b 00 00 00  83 66 cd 03 f0 67 00 68 |.........f...g.h|
	0020  81 3f c2 00                                      |.?..|
[211] +6.059213 ASYNC-IN-SUBMIT ep=0x81 len=0 type=BULK (in, awaiting data)
[212] +6.061494 ASYNC-IN-DONE ep=0x81 len=48 status=0 actual=48
	0000  26 00 00 18 ef 03 01 10  00 06 00 04 2c 02 00 00 |&...........,...|
	0010  00 00 e1 28 16 00 00 00  83 66 cd 03 e9 67 00 68 |...(.....f...g.h|
	0020  91 81 cd 00 00 a8 50 52  45 53 45 54 53 00 c0 93 |......PRESETS...|
[213] +6.061520 ASYNC-IN-SUBMIT ep=0x81 len=0 type=BULK (in, awaiting data)
[214] +6.110276 ASYNC-OUT ep=0x01 len=16 type=BULK 
	0000  08 00 00 18 80 10 ed 03  00 17 00 08 fd 1a 00 00 |................|
[215] +6.110345 ASYNC-OUT ep=0x01 len=40 type=BULK 
	0000  1d 00 00 18 01 10 ef 03  00 07 00 0c 38 10 00 00 |............8...|
	0010  01 00 02 00 0d 00 00 00  83 66 cd 03 ea 64 01 65 |.........f...d.e|
	0020  82 6b 00 65 02 00 00 00                          |.k.e....|
[216] +6.110414 ASYNC-OUT-DONE ep=0x01 len=0 status=0 actual=16
[217] +6.110478 ASYNC-OUT-DONE ep=0x01 len=0 status=0 actual=40
[218] +6.174184 ASYNC-IN-DONE ep=0x81 len=0 status=2 actual=0
[219] +6.174196 ASYNC-IN-SUBMIT ep=0x81 len=0 type=BULK (in, awaiting data)
[220] +6.240423 ASYNC-IN-DONE ep=0x81 len=272 status=0 actual=272
	0000  08 01 00 18 ef 03 01 10  00 07 00 04 41 02 00 00 |............A...|
	0010  00 00 02 00 31 0e 00 00  83 66 cd 03 ea 67 00 68 |....1....f...g.h|
	0020  dc 00 7e 81 cd 00 00 84  cd 00 6d ac 43 54 2d 42 |..~.......m.CT-B|
	0030  6c 61 63 6b 65 6e 64 00  7b c2 7c c2 7d 00 81 cd |lackend.{.|.}...|
	0040  00 01 84 cd 00 6d ab 43  54 2d 44 61 79 20 43 4c |.....m.CT-Day CL|
	0050  4e 00 7b c2 7c c2 7d 00  81 cd 00 02 84 cd 00 6d |N.{.|.}........m|
	0060  ab 43 54 2d 44 61 79 20  52 68 79 00 7b c2 7c c2 |.CT-Day Rhy.{.|.|
	0070  7d 00 81 cd 00 03 84 cd  00 6d ad 43 54 2d 45 6e |}........m.CT-En|
	0080  74 65 72 20 52 68 79 00  7b c2 7c c2 7d 00 81 cd |ter Rhy.{.|.}...|
	0090  00 04 84 cd 00 6d ae 43  54 2d 4d 61 73 74 65 72 |.....m.CT-Master|
	00a0  20 43 4c 4e 00 7b c2 7c  c2 7d 00 81 cd 00 05 84 | CLN.{.|.}......|
	00b0  cd 00 6d af 43 54 2d 4d  61 73 74 65 72 20 4c 65 |..m.CT-Master Le|
	00c0  61 64 00 7b c2 7c c2 7d  00 81 cd 00 06 84 cd 00 |ad.{.|.}........|
	00d0  6d ae 43 54 2d 4d 61 73  74 65 72 20 52 68 79 00 |m.CT-Master Rhy.|
	00e0  7b c2 7c c2 7d 00 81 cd  00 07 84 cd 00 6d a7 43 |{.|.}........m.C|
	00f0  54 2d 53 61 64 00 7b c2  7c c2 7d 00 81 cd 00 08 |T-Sad.{.|.}.....|
	0100  84 cd 00 6d ad 43 54 2d  55 6e 66 6f 20 4c 65 61 |...m.CT-Unfo Lea|
[221] +6.240550 ASYNC-IN-SUBMIT ep=0x81 len=0 type=BULK (in, awaiting data)
[222] +6.240652 ASYNC-OUT ep=0x01 len=16 type=BULK 
	0000  08 00 00 18 01 10 ef 03  00 08 00 08 38 11 00 00 |............8...|
[223] +6.240756 ASYNC-IN-DONE ep=0x81 len=272 status=0 actual=272
	0000  08 01 00 18 ef 03 01 10  00 08 00 04 41 02 00 00 |............A...|
	0010  64 00 7b c2 7c c2 7d 00  81 cd 00 09 84 cd 00 6d |d.{.|.}........m|
	0020  ac 43 54 2d 55 6e 66 6f  20 52 68 79 00 7b c2 7c |.CT-Unfo Rhy.{.||
	0030  c2 7d 00 81 cd 00 0a 84  cd 00 6d af 46 58 3a 53 |.}........m.FX:S|
	0040  6f 66 74 20 46 69 6c 74  65 72 00 7b c2 7c c2 7d |oft Filter.{.|.}|
	0050  00 81 cd 00 0b 84 cd 00  6d ac 46 58 3a 53 6f 6c |........m.FX:Sol|
	0060  69 74 75 64 65 00 7b c2  7c c2 7d 00 81 cd 00 0c |itude.{.|.}.....|
	0070  84 cd 00 6d b0 46 58 3a  35 74 68 20 54 68 65 6e |...m.FX:5th Then|
	0080  20 37 74 68 00 7b c2 7c  c2 7d 00 81 cd 00 0d 84 | 7th.{.|.}......|
	0090  cd 00 6d aa 46 58 3a 53  79 6e 65 72 47 00 7b c2 |..m.FX:SynerG.{.|
	00a0  7c c2 7d 00 81 cd 00 0e  84 cd 00 6d ac 46 58 3a ||.}........m.FX:|
	00b0  54 77 69 6c 69 67 68 74  00 7b c2 7c c2 7d 00 81 |Twilight.{.|.}..|
	00c0  cd 00 0f 84 cd 00 6d ae  46 58 3a 57 61 79 20 53 |......m.FX:Way S|
	00d0  74 6f 6b 65 64 00 7b c2  7c c2 7d 00 81 cd 00 10 |toked.{.|.}.....|
	00e0  84 cd 00 6d ae 46 58 3a  42 65 61 63 68 20 46 75 |...m.FX:Beach Fu|
	00f0  7a 7a 00 7b c2 7c c2 7d  00 81 cd 00 11 84 cd 00 |zz.{.|.}........|
	0100  6d ae 46 58 3a 53 6c 75  64 67 65 67 61 7a 65 00 |m.FX:Sludgegaze.|
[224] +6.240847 ASYNC-IN-SUBMIT ep=0x81 len=0 type=BULK (in, awaiting data)
[225] +6.240869 ASYNC-OUT-DONE ep=0x01 len=0 status=0 actual=16
[226] +6.240885 ASYNC-OUT ep=0x01 len=16 type=BULK 
	0000  08 00 00 18 01 10 ef 03  00 09 00 08 38 12 00 00 |............8...|
[227] +6.241005 ASYNC-OUT-DONE ep=0x01 len=0 status=0 actual=16
[228] +6.241108 ASYNC-IN-DONE ep=0x81 len=272 status=0 actual=272
	0000  08 01 00 18 ef 03 01 10  00 09 00 04 41 02 00 00 |............A...|
	0010  7b c2 7c c2 7d 00 81 cd  00 12 84 cd 00 6d ae 46 |{.|.}........m.F|
	0020  58 3a 54 72 65 6d 65 6e  74 69 6e 65 00 7b c2 7c |X:Trementine.{.||
	0030  c2 7d 00 81 cd 00 13 84  cd 00 6d b0 46 58 3a 48 |.}........m.FX:H|
	0040  6f 72 72 6f 72 20 53 63  6f 72 65 00 7b c2 7c c2 |orror Score.{.|.|
	0050  7d 00 81 cd 00 14 84 cd  00 6d af 46 58 3a 53 65 |}........m.FX:Se|
	0060  74 20 74 6f 20 53 74 75  6e 00 7b c2 7c c2 7d 00 |t to Stun.{.|.}.|
	0070  81 cd 00 15 84 cd 00 6d  b0 44 49 52 3a 55 53 44 |.......m.DIR:USD|
	0080  6f 75 62 6c 65 4e 72 6d  00 7b c2 7c c2 7d 00 81 |oubleNrm.{.|.}..|
	0090  cd 00 16 84 cd 00 6d ae  44 49 52 3a 45 73 73 65 |......m.DIR:Esse|
	00a0  78 20 41 33 30 00 7b c2  7c c2 7d 00 81 cd 00 17 |x A30.{.|.}.....|
	00b0  84 cd 00 6d b1 44 49 52  3a 43 61 6c 69 52 65 63 |...m.DIR:CaliRec|
	00c0  74 69 66 72 65 00 7b c2  7c c2 7d 00 81 cd 00 18 |tifre.{.|.}.....|
	00d0  84 cd 00 6d b1 44 49 52  3a 4a 61 7a 7a 52 69 76 |...m.DIR:JazzRiv|
	00e0  65 74 31 32 30 00 7b c2  7c c2 7d 00 81 cd 00 19 |et120.{.|.}.....|
	00f0  84 cd 00 6d af 44 49 52  3a 4d 61 74 63 68 73 74 |...m.DIR:Matchst|
	0100  69 63 6b 00 7b c2 7c c2  7d 00 81 cd 00 1a 84 cd |ick.{.|.}.......|
[229] +6.241193 ASYNC-IN-SUBMIT ep=0x81 len=0 type=BULK (in, awaiting data)
[230] +6.241224 ASYNC-OUT ep=0x01 len=16 type=BULK 
	0000  08 00 00 18 01 10 ef 03  00 0a 00 08 38 13 00 00 |............8...|
[231] +6.241340 ASYNC-OUT-DONE ep=0x01 len=0 status=0 actual=16
[232] +6.242374 ASYNC-IN-DONE ep=0x81 len=272 status=0 actual=272
	0000  08 01 00 18 ef 03 01 10  00 0a 00 04 41 02 00 00 |............A...|
	0010  00 6d b1 44 49 52 3a 43  61 72 74 6f 67 72 61 70 |.m.DIR:Cartograp|
	0020  68 65 72 00 7b c2 7c c2  7d 00 81 cd 00 1b 84 cd |her.{.|.}.......|
	0030  00 6d ae 44 49 52 3a 4c  69 74 69 67 61 74 6f 72 |.m.DIR:Litigator|
	0040  00 7b c2 7c c2 7d 00 81  cd 00 1c 84 cd 00 6d ad |.{.|.}........m.|
	0050  44 49 52 3a 44 65 72 61  69 6c 65 64 00 7b c2 7c |DIR:Derailed.{.||
	0060  c2 7d 00 81 cd 00 1d 84  cd 00 6d ad 44 49 52 3a |.}........m.DIR:|
	0070  4d 61 68 61 64 65 76 61  00 7b c2 7c c2 7d 00 81 |Mahadeva.{.|.}..|
	0080  cd 00 1e 84 cd 00 6d b0  44 49 52 3a 50 6c 61 63 |......m.DIR:Plac|
	0090  61 74 65 72 43 6c 6e 00  7b c2 7c c2 7d 00 81 cd |aterCln.{.|.}...|
	00a0  00 1f 84 cd 00 6d b0 44  49 52 3a 50 6c 61 63 61 |.....m.DIR:Placa|
	00b0  74 65 72 44 72 74 00 7b  c2 7c c2 7d 00 81 cd 00 |terDrt.{.|.}....|
	00c0  20 84 cd 00 6d b0 44 49  52 3a 41 4e 47 4c 20 4d | ...m.DIR:ANGL M|
	00d0  65 74 65 6f 72 00 7b c2  7c c2 7d 00 81 cd 00 21 |eteor.{.|.}....!|
	00e0  84 cd 00 6d b1 44 49 52  3a 41 72 63 68 65 74 79 |...m.DIR:Archety|
	00f0  70 65 43 6c 6e 00 7b c2  7c c2 7d 00 81 cd 00 22 |peCln.{.|.}...."|
	0100  84 cd 00 6d b1 44 49 52  3a 43 61 6c 69 54 65 78 |...m.DIR:CaliTex|
[233] +6.242466 ASYNC-IN-SUBMIT ep=0x81 len=0 type=BULK (in, awaiting data)
[234] +6.242496 ASYNC-OUT ep=0x01 len=16 type=BULK 
	0000  08 00 00 18 01 10 ef 03  00 0b 00 08 38 14 00 00 |............8...|
[235] +6.242595 ASYNC-OUT-DONE ep=0x01 len=0 status=0 actual=16
[236] +6.242733 ASYNC-IN-DONE ep=0x81 len=272 status=0 actual=272
	0000  08 01 00 18 ef 03 01 10  00 0b 00 04 41 02 00 00 |............A...|
	0010  61 73 43 68 32 00 7b c2  7c c2 7d 00 81 cd 00 23 |asCh2.{.|.}....#|
	0020  84 cd 00 6d b1 44 49 52  3a 41 72 63 68 65 74 79 |...m.DIR:Archety|
	0030  70 65 4c 65 64 00 7b c2  7c c2 7d 00 81 cd 00 24 |peLed.{.|.}....$|
	0040  84 cd 00 6d b0 44 49 52  3a 57 68 6f 57 61 74 74 |...m.DIR:WhoWatt|
	0050  20 31 30 30 00 7b c2 7c  c2 7d 00 81 cd 00 25 84 | 100.{.|.}....%.|
	0060  cd 00 6d b1 44 49 52 3a  56 6f 6c 74 61 67 65 51 |..m.DIR:VoltageQ|
	0070  75 65 65 6e 00 7b c2 7c  c2 7d 00 81 cd 00 26 84 |ueen.{.|.}....&.|
	0080  cd 00 6d b0 44 49 52 3a  4d 61 6e 64 61 72 69 6e |..m.DIR:Mandarin|
	0090  20 38 30 00 7b c2 7c c2  7d 00 81 cd 00 27 84 cd | 80.{.|.}....'..|
	00a0  00 6d af 44 49 52 3a 48  74 6c 20 43 61 6c 69 4a |.m.DIR:Htl CaliJ|
	00b0  53 00 7b c2 7c c2 7d 00  81 cd 00 28 84 cd 00 6d |S.{.|.}....(...m|
	00c0  b1 44 49 52 3a 41 6c 77  79 73 53 61 74 63 68 4a |.DIR:AlwysSatchJ|
	00d0  53 00 7b c2 7c c2 7d 00  81 cd 00 29 84 cd 00 6d |S.{.|.}....)...m|
	00e0  af 44 49 52 3a 45 4a 20  44 6f 76 65 72 4a 53 00 |.DIR:EJ DoverJS.|
	00f0  7b c2 7c c2 7d 00 81 cd  00 2a 84 cd 00 6d b1 44 |{.|.}....*...m.D|
	0100  49 52 3a 53 65 61 72 65  64 20 47 75 79 4a 53 00 |IR:Seared GuyJS.|
[237] +6.242817 ASYNC-IN-SUBMIT ep=0x81 len=0 type=BULK (in, awaiting data)
[238] +6.242846 ASYNC-OUT ep=0x01 len=16 type=BULK 
	0000  08 00 00 18 01 10 ef 03  00 0c 00 08 38 15 00 00 |............8...|
[239] +6.242950 ASYNC-OUT-DONE ep=0x01 len=0 status=0 actual=16
[240] +6.243541 ASYNC-IN-DONE ep=0x81 len=272 status=0 actual=272
	0000  08 01 00 18 ef 03 01 10  00 0c 00 04 41 02 00 00 |............A...|
	0010  7b c2 7c c2 7d 00 81 cd  00 2b 84 cd 00 6d b1 44 |{.|.}....+...m.D|
	0020  49 52 3a 4a 42 65 63 6b  4c 76 65 72 73 4a 53 00 |IR:JBeckLversJS.|
	0030  7b c2 7c c2 7d 00 81 cd  00 2c 84 cd 00 6d b1 44 |{.|.}....,...m.D|
	0040  49 52 3a 50 74 72 63 69  47 4d 6f 6f 6e 4a 53 00 |IR:PtrciGMoonJS.|
	0050  7b c2 7c c2 7d 00 81 cd  00 2d 84 cd 00 6d ac 44 |{.|.}....-...m.D|
	0060  49 52 3a 54 65 78 61 73  4a 53 00 7b c2 7c c2 7d |IR:TexasJS.{.|.}|
	0070  00 81 cd 00 2e 84 cd 00  6d b1 44 49 52 3a 53 74 |........m.DIR:St|
	0080  65 65 6c 79 20 4b 69 64  4a 53 00 7b c2 7c c2 7d |eely KidJS.{.|.}|
	0090  00 81 cd 00 2f 84 cd 00  6d ae 44 49 52 3a 56 48 |..../...m.DIR:VH|
	00a0  20 4a 75 6d 70 4a 53 00  7b c2 7c c2 7d 00 81 cd | JumpJS.{.|.}...|
	00b0  00 30 84 cd 00 6d ae 44  49 52 3a 57 68 6f 57 61 |.0...m.DIR:WhoWa|
	00c0  74 74 4a 53 00 7b c2 7c  c2 7d 00 81 cd 00 31 84 |ttJS.{.|.}....1.|
	00d0  cd 00 6d b1 44 49 52 3a  52 65 6c 61 74 69 76 69 |..m.DIR:Relativi|
	00e0  74 79 47 44 00 7b c2 7c  c2 7d 00 81 cd 00 32 84 |tyGD.{.|.}....2.|
	00f0  cd 00 6d ac 44 49 52 3a  42 72 6f 77 6e 47 44 00 |..m.DIR:BrownGD.|
	0100  7b c2 7c c2 7d 00 81 cd  00 33 84 cd 00 6d ab 44 |{.|.}....3...m.D|
[241] +6.243657 ASYNC-IN-SUBMIT ep=0x81 len=0 type=BULK (in, awaiting data)
[242] +6.243704 ASYNC-OUT ep=0x01 len=16 type=BULK 
	0000  08 00 00 18 01 10 ef 03  00 0d 00 08 38 16 00 00 |............8...|
[243] +6.243852 ASYNC-IN-DONE ep=0x81 len=272 status=0 actual=272
	0000  08 01 00 18 ef 03 01 10  00 0d 00 04 41 02 00 00 |............A...|
	0010  49 52 3a 53 69 6c 6b 47  44 00 7b c2 7c c2 7d 00 |IR:SilkGD.{.|.}.|
	0020  81 cd 00 34 84 cd 00 6d  b1 44 49 52 3a 54 68 65 |...4...m.DIR:The|
	0030  20 44 6f 63 74 65 72 47  44 00 7b c2 7c c2 7d 00 | DocterGD.{.|.}.|
	0040  81 cd 00 35 84 cd 00 6d  ae 44 49 52 3a 56 69 6e |...5...m.DIR:Vin|
	0050  74 61 67 65 47 44 00 7b  c2 7c c2 7d 00 81 cd 00 |tageGD.{.|.}....|
	0060  36 84 cd 00 6d b0 44 49  52 3a 45 6d 69 6e 20 47 |6...m.DIR:Emin G|
	0070  61 6c 6c 6f 70 00 7b c2  7c c2 7d 00 81 cd 00 37 |allop.{.|.}....7|
	0080  84 cd 00 6d b0 44 49 52  3a 42 72 6f 77 6e 20 53 |...m.DIR:Brown S|
	0090  75 67 61 72 00 7b c2 7c  c2 7d 00 81 cd 00 38 84 |ugar.{.|.}....8.|
	00a0  cd 00 6d b1 44 49 52 3a  20 46 69 6c 74 72 64 20 |..m.DIR: Filtrd |
	00b0  46 75 7a 7a 00 7b c2 7c  c2 7d 00 81 cd 00 39 84 |Fuzz.{.|.}....9.|
	00c0  cd 00 6d b1 44 49 52 3a  45 76 65 72 79 20 42 72 |..m.DIR:Every Br|
	00d0  65 61 74 68 00 7b c2 7c  c2 7d 00 81 cd 00 3a 84 |eath.{.|.}....:.|
	00e0  cd 00 6d b1 44 49 52 3a  4e 6f 20 4e 61 6d 65 20 |..m.DIR:No Name |
	00f0  4c 61 6e 65 00 7b c2 7c  c2 7d 00 81 cd 00 3b 84 |Lane.{.|.}....;.|
	0100  cd 00 6d af 44 49 52 3a  24 20 46 6f 72 20 4e 61 |..m.DIR:$ For Na|
[244] +6.243946 ASYNC-IN-SUBMIT ep=0x81 len=0 type=BULK (in, awaiting data)
[245] +6.243967 ASYNC-OUT-DONE ep=0x01 len=0 status=0 actual=16
[246] +6.243994 ASYNC-OUT ep=0x01 len=16 type=BULK 
	0000  08 00 00 18 01 10 ef 03  00 0e 00 08 38 17 00 00 |............8...|
[247] +6.244162 ASYNC-OUT-DONE ep=0x01 len=0 status=0 actual=16
[248] +6.244471 ASYNC-IN-DONE ep=0x81 len=272 status=0 actual=272
	0000  08 01 00 18 ef 03 01 10  00 0e 00 04 41 02 00 00 |............A...|
	0010  64 61 00 7b c2 7c c2 7d  00 81 cd 00 3c 84 cd 00 |da.{.|.}....<...|
	0020  6d ac 44 49 52 3a 53 75  6c 74 61 6e 73 00 7b c2 |m.DIR:Sultans.{.|
	0030  7c c2 7d 00 81 cd 00 3d  84 cd 00 6d b1 44 49 52 ||.}....=...m.DIR|
	0040  3a 48 65 61 72 74 62 72  65 61 6b 65 72 00 7b c2 |:Heartbreaker.{.|
	0050  7c c2 7d 00 81 cd 00 3e  84 cd 00 6d ae 44 49 52 ||.}....>...m.DIR|
	0060  3a 48 61 6e 67 61 72 20  31 39 00 7b c2 7c c2 7d |:Hangar 19.{.|.}|
	0070  00 81 cd 00 3f 84 cd 00  6d ad 44 49 52 3a 47 6c |....?...m.DIR:Gl|
	0080  6f 73 73 61 72 79 00 7b  c2 7c c2 7d 00 81 cd 00 |ossary.{.|.}....|
	0090  40 84 cd 00 6d b0 44 49  52 3a 50 6f 70 20 4d 79 |@...m.DIR:Pop My|
	00a0  20 50 75 6e 6b 00 7b c2  7c c2 7d 00 81 cd 00 41 | Punk.{.|.}....A|
	00b0  84 cd 00 6d b0 44 49 52  3a 42 61 64 6f 6e 6b 75 |...m.DIR:Badonku|
	00c0  6c 6f 75 73 00 7b c2 7c  c2 7d 00 81 cd 00 42 84 |lous.{.|.}....B.|
	00d0  cd 00 6d ab 44 49 52 3a  52 65 6c 69 65 66 00 7b |..m.DIR:Relief.{|
	00e0  c2 7c c2 7d 00 81 cd 00  43 84 cd 00 6d af 44 49 |.|.}....C...m.DI|
	00f0  52 3a 44 6a 65 6e 74 6c  65 6d 61 6e 00 7b c2 7c |R:Djentleman.{.||
	0100  c2 7d 00 81 cd 00 44 84  cd 00 6d b1 44 49 52 3a |.}....D...m.DIR:|
[249] +6.244558 ASYNC-IN-SUBMIT ep=0x81 len=0 type=BULK (in, awaiting data)
[250] +6.244610 ASYNC-OUT ep=0x01 len=16 type=BULK 
	0000  08 00 00 18 01 10 ef 03  00 0f 00 08 38 18 00 00 |............8...|
[251] +6.244774 ASYNC-OUT-DONE ep=0x01 len=0 status=0 actual=16
[252] +6.245081 ASYNC-IN-DONE ep=0x81 len=272 status=0 actual=272
	0000  08 01 00 18 ef 03 01 10  00 0f 00 04 41 02 00 00 |............A...|
	0010  53 6e 75 66 66 6c 75 70  61 67 75 73 00 7b c2 7c |Snufflupagus.{.||
	0020  c2 7d 00 81 cd 00 45 84  cd 00 6d b1 44 49 52 3a |.}....E...m.DIR:|
	0030  47 6f 74 68 20 6f 72 20  4d 6f 64 3f 00 7b c2 7c |Goth or Mod?.{.||
	0040  c2 7d 00 81 cd 00 46 84  cd 00 6d af 44 49 52 3a |.}....F...m.DIR:|
	0050  32 2f 33 20 42 65 61 72  64 73 00 7b c2 7c c2 7d |2/3 Beards.{.|.}|
	0060  00 81 cd 00 47 84 cd 00  6d b1 44 49 52 3a 54 65 |....G...m.DIR:Te|
	0070  68 20 42 72 30 30 74 61  6c 7a 00 7b c2 7c c2 7d |h Br00talz.{.|.}|
	0080  00 81 cd 00 48 84 cd 00  6d b0 34 43 4d 3a 43 6c |....H...m.4CM:Cl|
	0090  65 61 6e 20 53 74 61 72  74 00 7b c2 7c c2 7d 00 |ean Start.{.|.}.|
	00a0  81 cd 00 49 84 cd 00 6d  b0 34 43 4d 3a 44 6f 74 |...I...m.4CM:Dot|
	00b0  20 38 20 44 65 6c 61 79  00 7b c2 7c c2 7d 00 81 | 8 Delay.{.|.}..|
	00c0  cd 00 4a 84 cd 00 6d b0  34 43 4d 3a 50 72 65 61 |..J...m.4CM:Prea|
	00d0  6d 70 20 53 77 61 70 00  7b c2 7c c2 7d 00 81 cd |mp Swap.{.|.}...|
	00e0  00 4b 84 cd 00 6d b0 34  43 4d 3a 4e 61 73 68 76 |.K...m.4CM:Nashv|
	00f0  6c 20 53 6f 6c 6f 00 7b  c2 7c c2 7d 00 81 cd 00 |l Solo.{.|.}....|
	0100  4c 84 cd 00 6d ae 34 43  4d 3a 45 70 69 63 20 4c |L...m.4CM:Epic L|
[253] +6.245163 ASYNC-IN-SUBMIT ep=0x81 len=0 type=BULK (in, awaiting data)
[254] +6.245210 ASYNC-OUT ep=0x01 len=16 type=BULK 
	0000  08 00 00 18 01 10 ef 03  00 10 00 08 38 19 00 00 |............8...|
[255] +6.245391 ASYNC-OUT-DONE ep=0x01 len=0 status=0 actual=16
[256] +6.245618 ASYNC-IN-DONE ep=0x81 len=272 status=0 actual=272
	0000  08 01 00 18 ef 03 01 10  00 10 00 04 41 02 00 00 |............A...|
	0010  65 61 64 00 7b c2 7c c2  7d 00 81 cd 00 4d 84 cd |ead.{.|.}....M..|
	0020  00 6d ac 34 43 4d 3a 43  72 75 6e 63 68 79 00 7b |.m.4CM:Crunchy.{|
	0030  c2 7c c2 7d 00 81 cd 00  4e 84 cd 00 6d ac 42 41 |.|.}....N...m.BA|
	0040  53 3a 41 71 75 61 20 35  31 00 7b c2 7c c2 7d 00 |S:Aqua 51.{.|.}.|
	0050  81 cd 00 4f 84 cd 00 6d  ac 42 41 53 3a 53 56 54 |...O...m.BAS:SVT|
	0060  20 4e 72 6d 00 7b c2 7c  c2 7d 00 81 cd 00 50 84 | Nrm.{.|.}....P.|
	0070  cd 00 6d ae 42 41 53 3a  53 56 54 2d 34 20 50 72 |..m.BAS:SVT-4 Pr|
	0080  6f 00 7b c2 7c c2 7d 00  81 cd 00 51 84 cd 00 6d |o.{.|.}....Q...m|
	0090  af 42 41 53 3a 57 6f 6f  64 79 20 42 6c 75 65 00 |.BAS:Woody Blue.|
	00a0  7b c2 7c c2 7d 00 81 cd  00 52 84 cd 00 6d af 42 |{.|.}....R...m.B|
	00b0  41 53 3a 54 75 63 6b 20  6e 27 20 47 6f 00 7b c2 |AS:Tuck n' Go.{.|
	00c0  7c c2 7d 00 81 cd 00 53  84 cd 00 6d b0 42 41 53 ||.}....S...m.BAS|
	00d0  3a 44 65 6c 20 53 6f 6c  20 33 30 30 00 7b c2 7c |:Del Sol 300.{.||
	00e0  c2 7d 00 81 cd 00 54 84  cd 00 6d b1 42 41 53 3a |.}....T...m.BAS:|
	00f0  43 61 6c 69 20 34 30 30  20 43 68 31 00 7b c2 7c |Cali 400 Ch1.{.||
	0100  c2 7d 00 81 cd 00 55 84  cd 00 6d b1 42 41 53 3a |.}....U...m.BAS:|
[257] +6.245698 ASYNC-IN-SUBMIT ep=0x81 len=0 type=BULK (in, awaiting data)
[258] +6.245753 ASYNC-OUT ep=0x01 len=16 type=BULK 
	0000  08 00 00 18 01 10 ef 03  00 11 00 08 38 1a 00 00 |............8...|
[259] +6.245924 ASYNC-OUT-DONE ep=0x01 len=0 status=0 actual=16
[260] +6.246177 ASYNC-IN-DONE ep=0x81 len=272 status=0 actual=272
	0000  08 01 00 18 ef 03 01 10  00 11 00 04 41 02 00 00 |............A...|
	0010  42 75 73 79 20 4f 6e 65  20 43 68 31 00 7b c2 7c |Busy One Ch1.{.||
	0020  c2 7d 00 81 cd 00 56 84  cd 00 6d ae 42 41 53 3a |.}....V...m.BAS:|
	0030  54 79 4b 30 20 4c 69 6b  65 00 7b c2 7c c2 7d 00 |TyK0 Like.{.|.}.|
	0040  81 cd 00 57 84 cd 00 6d  ad 42 41 53 3a 50 6f 6e |...W...m.BAS:Pon|
	0050  79 20 31 55 70 00 7b c2  7c c2 7d 00 81 cd 00 58 |y 1Up.{.|.}....X|
	0060  84 cd 00 6d ac 42 41 53  3a 53 75 62 20 44 75 62 |...m.BAS:Sub Dub|
	0070  00 7b c2 7c c2 7d 00 81  cd 00 59 84 cd 00 6d ad |.{.|.}....Y...m.|
	0080  42 41 53 3a 50 68 61 74  20 52 61 74 00 7b c2 7c |BAS:Phat Rat.{.||
	0090  c2 7d 00 81 cd 00 5a 84  cd 00 6d ae 42 41 53 3a |.}....Z...m.BAS:|
	00a0  53 79 6e 74 68 65 74 69  6b 00 7b c2 7c c2 7d 00 |Synthetik.{.|.}.|
	00b0  81 cd 00 5b 84 cd 00 6d  ab 41 43 4f 3a 53 74 75 |...[...m.ACO:Stu|
	00c0  64 69 6f 00 7b c2 7c c2  7d 00 81 cd 00 5c 84 cd |dio.{.|.}....\..|
	00d0  00 6d af 41 43 4f 3a 53  6f 6e 67 77 72 69 74 65 |.m.ACO:Songwrite|
	00e0  72 00 7b c2 7c c2 7d 00  81 cd 00 5d 84 cd 00 6d |r.{.|.}....]...m|
	00f0  ae 41 43 4f 3a 4f 75 74  20 54 68 65 72 65 00 7b |.ACO:Out There.{|
	0100  c2 7c c2 7d 00 81 cd 00  5e 84 cd 00 6d aa 4b 45 |.|.}....^...m.KE|
[261] +6.246270 ASYNC-IN-SUBMIT ep=0x81 len=0 type=BULK (in, awaiting data)
[262] +6.246317 ASYNC-OUT ep=0x01 len=16 type=BULK 
	0000  08 00 00 18 01 10 ef 03  00 12 00 08 38 1b 00 00 |............8...|
[263] +6.246489 ASYNC-OUT-DONE ep=0x01 len=0 status=0 actual=16
[264] +6.246753 ASYNC-IN-DONE ep=0x81 len=272 status=0 actual=272
	0000  08 01 00 18 ef 03 01 10  00 12 00 04 41 02 00 00 |............A...|
	0010  59 3a 47 72 69 74 7a 00  7b c2 7c c2 7d 00 81 cd |Y:Gritz.{.|.}...|
	0020  00 5f 84 cd 00 6d af 4b  45 59 3a 41 74 6d 6f 73 |._...m.KEY:Atmos|
	0030  70 68 65 72 65 00 7b c2  7c c2 7d 00 81 cd 00 60 |phere.{.|.}....`|
	0040  84 cd 00 6d ac 4b 45 59  3a 45 63 68 6f 65 7a 7a |...m.KEY:Echoezz|
	0050  00 7b c2 7c c2 7d 00 81  cd 00 61 84 cd 00 6d ab |.{.|.}....a...m.|
	0060  4e 65 77 20 50 72 65 73  65 74 00 7b c2 7c c2 7d |New Preset.{.|.}|
	0070  00 81 cd 00 62 84 cd 00  6d ab 4e 65 77 20 50 72 |....b...m.New Pr|
	0080  65 73 65 74 00 7b c2 7c  c2 7d 00 81 cd 00 63 84 |eset.{.|.}....c.|
	0090  cd 00 6d ab 4e 65 77 20  50 72 65 73 65 74 00 7b |..m.New Preset.{|
	00a0  c2 7c c2 7d 00 81 cd 00  64 84 cd 00 6d ab 4e 65 |.|.}....d...m.Ne|
	00b0  77 20 50 72 65 73 65 74  00 7b c2 7c c2 7d 00 81 |w Preset.{.|.}..|
	00c0  cd 00 65 84 cd 00 6d ab  4e 65 77 20 50 72 65 73 |..e...m.New Pres|
	00d0  65 74 00 7b c2 7c c2 7d  00 81 cd 00 66 84 cd 00 |et.{.|.}....f...|
	00e0  6d ab 4e 65 77 20 50 72  65 73 65 74 00 7b c2 7c |m.New Preset.{.||
	00f0  c2 7d 00 81 cd 00 67 84  cd 00 6d ab 4e 65 77 20 |.}....g...m.New |
	0100  50 72 65 73 65 74 00 7b  c2 7c c2 7d 00 81 cd 00 |Preset.{.|.}....|
[265] +6.246836 ASYNC-IN-SUBMIT ep=0x81 len=0 type=BULK (in, awaiting data)
[266] +6.246886 ASYNC-OUT ep=0x01 len=16 type=BULK 
	0000  08 00 00 18 01 10 ef 03  00 13 00 08 38 1c 00 00 |............8...|
[267] +6.247069 ASYNC-OUT-DONE ep=0x01 len=0 status=0 actual=16
[268] +6.247336 ASYNC-IN-DONE ep=0x81 len=272 status=0 actual=272
	0000  08 01 00 18 ef 03 01 10  00 13 00 04 41 02 00 00 |............A...|
	0010  68 84 cd 00 6d ab 4e 65  77 20 50 72 65 73 65 74 |h...m.New Preset|
	0020  00 7b c2 7c c2 7d 00 81  cd 00 69 84 cd 00 6d ab |.{.|.}....i...m.|
	0030  4e 65 77 20 50 72 65 73  65 74 00 7b c2 7c c2 7d |New Preset.{.|.}|
	0040  00 81 cd 00 6a 84 cd 00  6d ab 4e 65 77 20 50 72 |....j...m.New Pr|
	0050  65 73 65 74 00 7b c2 7c  c2 7d 00 81 cd 00 6b 84 |eset.{.|.}....k.|
	0060  cd 00 6d ab 4e 65 77 20  50 72 65 73 65 74 00 7b |..m.New Preset.{|
	0070  c2 7c c2 7d 00 81 cd 00  6c 84 cd 00 6d ab 4e 65 |.|.}....l...m.Ne|
	0080  77 20 50 72 65 73 65 74  00 7b c2 7c c2 7d 00 81 |w Preset.{.|.}..|
	0090  cd 00 6d 84 cd 00 6d ab  4e 65 77 20 50 72 65 73 |..m...m.New Pres|
	00a0  65 74 00 7b c2 7c c2 7d  00 81 cd 00 6e 84 cd 00 |et.{.|.}....n...|
	00b0  6d ab 4e 65 77 20 50 72  65 73 65 74 00 7b c2 7c |m.New Preset.{.||
	00c0  c2 7d 00 81 cd 00 6f 84  cd 00 6d ab 4e 65 77 20 |.}....o...m.New |
	00d0  50 72 65 73 65 74 00 7b  c2 7c c2 7d 00 81 cd 00 |Preset.{.|.}....|
	00e0  70 84 cd 00 6d ab 4e 65  77 20 50 72 65 73 65 74 |p...m.New Preset|
	00f0  00 7b c2 7c c2 7d 00 81  cd 00 71 84 cd 00 6d ab |.{.|.}....q...m.|
	0100  4e 65 77 20 50 72 65 73  65 74 00 7b c2 7c c2 7d |New Preset.{.|.}|
[269] +6.247425 ASYNC-IN-SUBMIT ep=0x81 len=0 type=BULK (in, awaiting data)
[270] +6.247472 ASYNC-OUT ep=0x01 len=16 type=BULK 
	0000  08 00 00 18 01 10 ef 03  00 14 00 08 38 1d 00 00 |............8...|
[271] +6.247652 ASYNC-OUT-DONE ep=0x01 len=0 status=0 actual=16
[272] +6.247885 ASYNC-IN-DONE ep=0x81 len=272 status=0 actual=272
	0000  08 01 00 18 ef 03 01 10  00 14 00 04 41 02 00 00 |............A...|
	0010  00 81 cd 00 72 84 cd 00  6d ab 4e 65 77 20 50 72 |....r...m.New Pr|
	0020  65 73 65 74 00 7b c2 7c  c2 7d 00 81 cd 00 73 84 |eset.{.|.}....s.|
	0030  cd 00 6d ab 4e 65 77 20  50 72 65 73 65 74 00 7b |..m.New Preset.{|
	0040  c2 7c c2 7d 00 81 cd 00  74 84 cd 00 6d ab 4e 65 |.|.}....t...m.Ne|
	0050  77 20 50 72 65 73 65 74  00 7b c2 7c c2 7d 00 81 |w Preset.{.|.}..|
	0060  cd 00 75 84 cd 00 6d ab  4e 65 77 20 50 72 65 73 |..u...m.New Pres|
	0070  65 74 00 7b c2 7c c2 7d  00 81 cd 00 76 84 cd 00 |et.{.|.}....v...|
	0080  6d ab 4e 65 77 20 50 72  65 73 65 74 00 7b c2 7c |m.New Preset.{.||
	0090  c2 7d 00 81 cd 00 77 84  cd 00 6d ab 4e 65 77 20 |.}....w...m.New |
	00a0  50 72 65 73 65 74 00 7b  c2 7c c2 7d 00 81 cd 00 |Preset.{.|.}....|
	00b0  78 84 cd 00 6d ab 4e 65  77 20 50 72 65 73 65 74 |x...m.New Preset|
	00c0  00 7b c2 7c c2 7d 00 81  cd 00 79 84 cd 00 6d ab |.{.|.}....y...m.|
	00d0  4e 65 77 20 50 72 65 73  65 74 00 7b c2 7c c2 7d |New Preset.{.|.}|
	00e0  00 81 cd 00 7a 84 cd 00  6d ab 4e 65 77 20 50 72 |....z...m.New Pr|
	00f0  65 73 65 74 00 7b c2 7c  c2 7d 00 81 cd 00 7b 84 |eset.{.|.}....{.|
	0100  cd 00 6d ab 4e 65 77 20  50 72 65 73 65 74 00 7b |..m.New Preset.{|
[273] +6.247976 ASYNC-IN-SUBMIT ep=0x81 len=0 type=BULK (in, awaiting data)
[274] +6.248024 ASYNC-OUT ep=0x01 len=16 type=BULK 
	0000  08 00 00 18 01 10 ef 03  00 15 00 08 38 1e 00 00 |............8...|
[275] +6.248189 ASYNC-OUT-DONE ep=0x01 len=0 status=0 actual=16
[276] +6.248409 ASYNC-IN-DONE ep=0x81 len=76 status=0 actual=76
	0000  41 00 00 18 ef 03 01 10  00 15 00 04 41 02 00 00 |A...........A...|
	0010  c2 7c c2 7d 00 81 cd 00  7c 84 cd 00 6d ab 4e 65 |.|.}....|...m.Ne|
	0020  77 20 50 72 65 73 65 74  00 7b c2 7c c2 7d 00 81 |w Preset.{.|.}..|
	0030  cd 00 7d 84 cd 00 6d ab  4e 65 77 20 50 72 65 73 |..}...m.New Pres|
	0040  65 74 00 7b c2 7c c2 7d  00 84 cd 00             |et.{.|.}....|
[277] +6.248443 ASYNC-IN-SUBMIT ep=0x81 len=0 type=BULK (in, awaiting data)
[278] +6.258947 ASYNC-IN-DONE ep=0x81 len=16 status=0 actual=16
	0000  08 00 00 18 ef 03 01 10  00 16 00 08 41 02 00 00 |............A...|
[279] +6.258965 ASYNC-IN-SUBMIT ep=0x81 len=0 type=BULK (in, awaiting data)
[280] +6.259138 ASYNC-IN-DONE ep=0x81 len=16 status=0 actual=16
	0000  08 00 00 18 ed 03 80 10  00 19 00 08 ae 02 00 00 |................|
[281] +6.259162 ASYNC-IN-SUBMIT ep=0x81 len=0 type=BULK (in, awaiting data)
[282] +6.272457 ASYNC-OUT ep=0x01 len=36 type=BULK 
	0000  19 00 00 18 01 10 ef 03  00 16 00 0c 71 1e 00 00 |............q...|
	0010  01 00 02 00 09 00 00 00  83 66 cd 03 eb 64 70 65 |.........f...dpe|
	0020  c0 00 00 00                                      |....|
[283] +6.272808 ASYNC-OUT-DONE ep=0x01 len=0 status=0 actual=36
[284] +6.274491 ASYNC-IN-DONE ep=0x81 len=36 status=0 actual=36
	0000  19 00 00 18 ef 03 01 10  00 17 00 04 52 02 00 00 |............R...|
	0010  00 00 02 00 09 00 00 00  83 66 cd 03 eb 67 00 68 |.........f...g.h|
	0020  c0 20 50 72                                      |. Pr|
[285] +6.274543 ASYNC-IN-SUBMIT ep=0x81 len=0 type=BULK (in, awaiting data)
[286] +6.325983 ASYNC-OUT ep=0x01 len=36 type=BULK 
	0000  1b 00 00 18 01 10 ef 03  00 17 00 0c 82 1e 00 00 |................|
	0010  01 00 02 00 0b 00 00 00  83 66 cd 03 ec 64 0d 65 |.........f...d.e|
	0020  81 65 02 00                                      |.e..|
[287] +6.326351 ASYNC-OUT-DONE ep=0x01 len=0 status=0 actual=36
[288] +6.327277 ASYNC-IN-DONE ep=0x81 len=36 status=0 actual=36
	0000  19 00 00 18 ef 03 01 10  00 18 00 04 65 02 00 00 |............e...|
	0010  00 00 02 00 09 00 00 00  83 66 cd 03 ec 67 00 68 |.........f...g.h|
	0020  c0 20 50 72                                      |. Pr|
[289] +6.327330 ASYNC-IN-SUBMIT ep=0x81 len=0 type=BULK (in, awaiting data)
[290] +6.380039 ASYNC-OUT ep=0x01 len=16 type=BULK 
	0000  08 00 00 18 01 10 ef 03  00 18 00 08 93 1e 00 00 |................|
[291] +6.380439 ASYNC-OUT-DONE ep=0x01 len=0 status=0 actual=16
[292] +6.430334 ASYNC-IN-DONE ep=0x81 len=0 status=2 actual=0
[293] +6.430356 ASYNC-IN-SUBMIT ep=0x81 len=0 type=BULK (in, awaiting data)
[294] +6.459480 ASYNC-IN-DONE ep=0x81 len=16 status=0 actual=16
	0000  08 00 00 18 ef 03 01 10  00 19 00 08 65 02 00 00 |............e...|
[295] +6.459504 ASYNC-IN-SUBMIT ep=0x81 len=0 type=BULK (in, awaiting data)
[296] +6.459734 ASYNC-IN-DONE ep=0x81 len=16 status=0 actual=16
	0000  08 00 00 18 f0 03 02 10  00 04 00 10 09 02 00 00 |................|
[297] +6.459753 ASYNC-IN-SUBMIT ep=0x81 len=0 type=BULK (in, awaiting data)
[298] +6.488147 ASYNC-OUT ep=0x01 len=16 type=BULK 
	0000  08 00 00 18 02 10 f0 03  00 04 00 10 09 10 00 00 |................|
[299] +6.488484 ASYNC-OUT-DONE ep=0x01 len=0 status=0 actual=16
[300] +6.568452 ASYNC-IN-DONE ep=0x81 len=0 status=2 actual=0
[301] +6.568529 ASYNC-IN-SUBMIT ep=0x81 len=0 type=BULK (in, awaiting data)
[302] +6.678701 ASYNC-IN-DONE ep=0x81 len=0 status=2 actual=0
[303] +6.678764 ASYNC-IN-SUBMIT ep=0x81 len=0 type=BULK (in, awaiting data)
[304] +6.779123 ASYNC-IN-DONE ep=0x81 len=0 status=2 actual=0
[305] +6.779147 ASYNC-IN-SUBMIT ep=0x81 len=0 type=BULK (in, awaiting data)
[306] +6.886460 ASYNC-IN-DONE ep=0x81 len=0 status=2 actual=0
[307] +6.886487 ASYNC-IN-SUBMIT ep=0x81 len=0 type=BULK (in, awaiting data)
[308] +6.990801 ASYNC-IN-DONE ep=0x81 len=0 status=2 actual=0
[309] +6.990833 ASYNC-IN-SUBMIT ep=0x81 len=0 type=BULK (in, awaiting data)
[310] +7.101020 ASYNC-IN-DONE ep=0x81 len=0 status=2 actual=0
[311] +7.101049 ASYNC-IN-SUBMIT ep=0x81 len=0 type=BULK (in, awaiting data)
[312] +7.132095 ASYNC-OUT ep=0x01 len=16 type=BULK 
	0000  08 00 00 18 80 10 ed 03  00 18 00 10 fd 1a 00 00 |................|
[313] +7.132372 ASYNC-OUT-DONE ep=0x01 len=0 status=0 actual=16
[314] +7.212522 ASYNC-IN-DONE ep=0x81 len=0 status=2 actual=0
[315] +7.212551 ASYNC-IN-SUBMIT ep=0x81 len=0 type=BULK (in, awaiting data)
### MARK IRS-tab
[316] +7.262252 ASYNC-IN-DONE ep=0x81 len=16 status=0 actual=16
	0000  08 00 00 18 ed 03 80 10  00 1a 00 10 ae 02 00 00 |................|
[317] +7.262270 ASYNC-IN-SUBMIT ep=0x81 len=0 type=BULK (in, awaiting data)
[318] +7.375037 ASYNC-IN-DONE ep=0x81 len=0 status=2 actual=0
[319] +7.375089 ASYNC-IN-SUBMIT ep=0x81 len=0 type=BULK (in, awaiting data)
[320] +7.396672 ASYNC-OUT ep=0x01 len=16 type=BULK 
	0000  08 00 00 18 01 10 ef 03  00 19 00 10 93 1e 00 00 |................|
[321] +7.397073 ASYNC-OUT-DONE ep=0x01 len=0 status=0 actual=16
[322] +7.462523 ASYNC-IN-DONE ep=0x81 len=16 status=0 actual=16
	0000  08 00 00 18 ef 03 01 10  00 1a 00 10 65 02 00 00 |............e...|
[323] +7.462568 ASYNC-IN-SUBMIT ep=0x81 len=0 type=BULK (in, awaiting data)
[324] +7.462695 ASYNC-IN-DONE ep=0x81 len=16 status=0 actual=16
	0000  08 00 00 18 f0 03 02 10  00 05 00 10 09 02 00 00 |................|
[325] +7.462714 ASYNC-IN-SUBMIT ep=0x81 len=0 type=BULK (in, awaiting data)
[326] +7.500659 ASYNC-OUT ep=0x01 len=16 type=BULK 
	0000  08 00 00 18 02 10 f0 03  00 05 00 10 09 10 00 00 |................|
[327] +7.500914 ASYNC-OUT-DONE ep=0x01 len=0 status=0 actual=16
[328] +7.570704 ASYNC-IN-DONE ep=0x81 len=0 status=2 actual=0
[329] +7.570741 ASYNC-IN-SUBMIT ep=0x81 len=0 type=BULK (in, awaiting data)
[330] +7.681949 ASYNC-IN-DONE ep=0x81 len=0 status=2 actual=0
[331] +7.682055 ASYNC-IN-SUBMIT ep=0x81 len=0 type=BULK (in, awaiting data)
[332] +7.792851 ASYNC-IN-DONE ep=0x81 len=0 status=2 actual=0
[333] +7.792940 ASYNC-IN-SUBMIT ep=0x81 len=0 type=BULK (in, awaiting data)
[334] +7.896521 ASYNC-IN-DONE ep=0x81 len=0 status=2 actual=0
[335] +7.896594 ASYNC-IN-SUBMIT ep=0x81 len=0 type=BULK (in, awaiting data)
[336] +8.003354 ASYNC-IN-DONE ep=0x81 len=0 status=2 actual=0
[337] +8.003447 ASYNC-IN-SUBMIT ep=0x81 len=0 type=BULK (in, awaiting data)
[338] +8.112696 ASYNC-IN-DONE ep=0x81 len=0 status=2 actual=0
[339] +8.112791 ASYNC-IN-SUBMIT ep=0x81 len=0 type=BULK (in, awaiting data)
[340] +8.176186 ASYNC-OUT ep=0x01 len=16 type=BULK 
	0000  08 00 00 18 80 10 ed 03  00 19 00 10 fd 1a 00 00 |................|
[341] +8.176544 ASYNC-OUT-DONE ep=0x01 len=0 status=0 actual=16
[342] +8.221871 ASYNC-IN-DONE ep=0x81 len=0 status=2 actual=0
[343] +8.221952 ASYNC-IN-SUBMIT ep=0x81 len=0 type=BULK (in, awaiting data)
[344] +8.265375 ASYNC-IN-DONE ep=0x81 len=16 status=0 actual=16
	0000  08 00 00 18 ed 03 80 10  00 1b 00 10 ae 02 00 00 |................|
[345] +8.265497 ASYNC-IN-SUBMIT ep=0x81 len=0 type=BULK (in, awaiting data)
[346] +8.371538 ASYNC-IN-DONE ep=0x81 len=0 status=2 actual=0
[347] +8.371568 ASYNC-IN-SUBMIT ep=0x81 len=0 type=BULK (in, awaiting data)
[348] +8.435798 ASYNC-OUT ep=0x01 len=16 type=BULK 
	0000  08 00 00 18 01 10 ef 03  00 1a 00 10 93 1e 00 00 |................|
[349] +8.436128 ASYNC-OUT-DONE ep=0x01 len=0 status=0 actual=16
[350] +8.466105 ASYNC-IN-DONE ep=0x81 len=16 status=0 actual=16
	0000  08 00 00 18 ef 03 01 10  00 1b 00 10 65 02 00 00 |............e...|
[351] +8.466169 ASYNC-IN-SUBMIT ep=0x81 len=0 type=BULK (in, awaiting data)
[352] +8.466271 ASYNC-IN-DONE ep=0x81 len=16 status=0 actual=16
	0000  08 00 00 18 f0 03 02 10  00 06 00 10 09 02 00 00 |................|
[353] +8.466302 ASYNC-IN-SUBMIT ep=0x81 len=0 type=BULK (in, awaiting data)
[354] +8.539860 ASYNC-OUT ep=0x01 len=16 type=BULK 
	0000  08 00 00 18 02 10 f0 03  00 06 00 10 09 10 00 00 |................|
[355] +8.540164 ASYNC-OUT-DONE ep=0x01 len=0 status=0 actual=16
[356] +8.571196 ASYNC-IN-DONE ep=0x81 len=0 status=2 actual=0
[357] +8.571340 ASYNC-IN-SUBMIT ep=0x81 len=0 type=BULK (in, awaiting data)
[358] +8.684239 ASYNC-IN-DONE ep=0x81 len=0 status=2 actual=0
[359] +8.684332 ASYNC-IN-SUBMIT ep=0x81 len=0 type=BULK (in, awaiting data)
[360] +8.796249 ASYNC-IN-DONE ep=0x81 len=0 status=2 actual=0
[361] +8.796409 ASYNC-IN-SUBMIT ep=0x81 len=0 type=BULK (in, awaiting data)
[362] +8.904355 ASYNC-IN-DONE ep=0x81 len=0 status=2 actual=0
[363] +8.904448 ASYNC-IN-SUBMIT ep=0x81 len=0 type=BULK (in, awaiting data)
[364] +9.015126 ASYNC-IN-DONE ep=0x81 len=0 status=2 actual=0
[365] +9.015202 ASYNC-IN-SUBMIT ep=0x81 len=0 type=BULK (in, awaiting data)
[366] +9.118644 ASYNC-IN-DONE ep=0x81 len=0 status=2 actual=0
[367] +9.118734 ASYNC-IN-SUBMIT ep=0x81 len=0 type=BULK (in, awaiting data)
[368] +9.214727 ASYNC-OUT ep=0x01 len=16 type=BULK 
	0000  08 00 00 18 80 10 ed 03  00 1a 00 10 fd 1a 00 00 |................|
[369] +9.215052 ASYNC-OUT-DONE ep=0x01 len=0 status=0 actual=16
[370] +9.220805 ASYNC-IN-DONE ep=0x81 len=0 status=2 actual=0
[371] +9.220897 ASYNC-IN-SUBMIT ep=0x81 len=0 type=BULK (in, awaiting data)
[372] +9.268570 ASYNC-IN-DONE ep=0x81 len=16 status=0 actual=16
	0000  08 00 00 18 ed 03 80 10  00 1c 00 10 ae 02 00 00 |................|
[373] +9.268721 ASYNC-IN-SUBMIT ep=0x81 len=0 type=BULK (in, awaiting data)
[374] +9.372395 ASYNC-IN-DONE ep=0x81 len=0 status=2 actual=0
[375] +9.372432 ASYNC-IN-SUBMIT ep=0x81 len=0 type=BULK (in, awaiting data)
[376] +9.469353 ASYNC-IN-DONE ep=0x81 len=16 status=0 actual=16
	0000  08 00 00 18 ef 03 01 10  00 1c 00 10 65 02 00 00 |............e...|
[377] +9.469433 ASYNC-IN-SUBMIT ep=0x81 len=0 type=BULK (in, awaiting data)
[378] +9.469548 ASYNC-IN-DONE ep=0x81 len=16 status=0 actual=16
	0000  08 00 00 18 f0 03 02 10  00 07 00 10 09 02 00 00 |................|
[379] +9.469580 ASYNC-IN-SUBMIT ep=0x81 len=0 type=BULK (in, awaiting data)
[380] +9.473839 ASYNC-OUT ep=0x01 len=16 type=BULK 
	0000  08 00 00 18 01 10 ef 03  00 1b 00 10 93 1e 00 00 |................|
[381] +9.474086 ASYNC-OUT-DONE ep=0x01 len=0 status=0 actual=16
[382] +9.572401 ASYNC-IN-DONE ep=0x81 len=0 status=2 actual=0
[383] +9.572471 ASYNC-IN-SUBMIT ep=0x81 len=0 type=BULK (in, awaiting data)
[384] +9.577939 ASYNC-OUT ep=0x01 len=16 type=BULK 
	0000  08 00 00 18 02 10 f0 03  00 07 00 10 09 10 00 00 |................|
[385] +9.578179 ASYNC-OUT-DONE ep=0x01 len=0 status=0 actual=16
[386] +9.683607 ASYNC-IN-DONE ep=0x81 len=0 status=2 actual=0
[387] +9.683709 ASYNC-IN-SUBMIT ep=0x81 len=0 type=BULK (in, awaiting data)
[388] +9.793919 ASYNC-IN-DONE ep=0x81 len=0 status=2 actual=0
[389] +9.794041 ASYNC-IN-SUBMIT ep=0x81 len=0 type=BULK (in, awaiting data)
[390] +9.896168 ASYNC-IN-DONE ep=0x81 len=0 status=2 actual=0
[391] +9.896274 ASYNC-IN-SUBMIT ep=0x81 len=0 type=BULK (in, awaiting data)
[392] +10.008824 ASYNC-IN-DONE ep=0x81 len=0 status=2 actual=0
[393] +10.008953 ASYNC-IN-SUBMIT ep=0x81 len=0 type=BULK (in, awaiting data)
[394] +10.120826 ASYNC-IN-DONE ep=0x81 len=0 status=2 actual=0
[395] +10.120918 ASYNC-IN-SUBMIT ep=0x81 len=0 type=BULK (in, awaiting data)
[396] +10.230270 ASYNC-IN-DONE ep=0x81 len=0 status=2 actual=0
[397] +10.230367 ASYNC-IN-SUBMIT ep=0x81 len=0 type=BULK (in, awaiting data)
[398] +10.252829 ASYNC-OUT ep=0x01 len=16 type=BULK 
	0000  08 00 00 18 80 10 ed 03  00 1b 00 10 fd 1a 00 00 |................|
[399] +10.253183 ASYNC-OUT-DONE ep=0x01 len=0 status=0 actual=16
[400] +10.271778 ASYNC-IN-DONE ep=0x81 len=16 status=0 actual=16
	0000  08 00 00 18 ed 03 80 10  00 1d 00 10 ae 02 00 00 |................|
[401] +10.271899 ASYNC-IN-SUBMIT ep=0x81 len=0 type=BULK (in, awaiting data)
[402] +10.382535 ASYNC-IN-DONE ep=0x81 len=0 status=2 actual=0
[403] +10.382577 ASYNC-IN-SUBMIT ep=0x81 len=0 type=BULK (in, awaiting data)
[404] +10.473395 ASYNC-IN-DONE ep=0x81 len=16 status=0 actual=16
	0000  08 00 00 18 ef 03 01 10  00 1d 00 10 65 02 00 00 |............e...|
[405] +10.473485 ASYNC-IN-SUBMIT ep=0x81 len=0 type=BULK (in, awaiting data)
[406] +10.473608 ASYNC-IN-DONE ep=0x81 len=16 status=0 actual=16
	0000  08 00 00 18 f0 03 02 10  00 08 00 10 09 02 00 00 |................|
[407] +10.473640 ASYNC-IN-SUBMIT ep=0x81 len=0 type=BULK (in, awaiting data)
[408] +10.509376 ASYNC-OUT ep=0x01 len=16 type=BULK 
	0000  08 00 00 18 01 10 ef 03  00 1c 00 10 93 1e 00 00 |................|
[409] +10.509636 ASYNC-OUT-DONE ep=0x01 len=0 status=0 actual=16
[410] +10.578993 ASYNC-IN-DONE ep=0x81 len=0 status=2 actual=0
[411] +10.579066 ASYNC-IN-SUBMIT ep=0x81 len=0 type=BULK (in, awaiting data)
[412] +10.613513 ASYNC-OUT ep=0x01 len=16 type=BULK 
	0000  08 00 00 18 02 10 f0 03  00 08 00 10 09 10 00 00 |................|
[413] +10.613787 ASYNC-OUT-DONE ep=0x01 len=0 status=0 actual=16
[414] +10.681595 ASYNC-IN-DONE ep=0x81 len=0 status=2 actual=0
[415] +10.681628 ASYNC-IN-SUBMIT ep=0x81 len=0 type=BULK (in, awaiting data)
[416] +10.785827 ASYNC-IN-DONE ep=0x81 len=0 status=2 actual=0
[417] +10.785853 ASYNC-IN-SUBMIT ep=0x81 len=0 type=BULK (in, awaiting data)
[418] +10.887127 ASYNC-IN-DONE ep=0x81 len=0 status=2 actual=0
[419] +10.887152 ASYNC-IN-SUBMIT ep=0x81 len=0 type=BULK (in, awaiting data)
### MARK IR-slot1
[420] +10.995487 ASYNC-IN-DONE ep=0x81 len=0 status=2 actual=0
[421] +10.995499 ASYNC-IN-SUBMIT ep=0x81 len=0 type=BULK (in, awaiting data)
[422] +11.108234 ASYNC-IN-DONE ep=0x81 len=0 status=2 actual=0
[423] +11.108268 ASYNC-IN-SUBMIT ep=0x81 len=0 type=BULK (in, awaiting data)
[424] +11.213963 ASYNC-IN-DONE ep=0x81 len=0 status=2 actual=0
[425] +11.214051 ASYNC-IN-SUBMIT ep=0x81 len=0 type=BULK (in, awaiting data)
[426] +11.275413 ASYNC-IN-DONE ep=0x81 len=16 status=0 actual=16
	0000  08 00 00 18 ed 03 80 10  00 1e 00 10 ae 02 00 00 |................|
[427] +11.275487 ASYNC-IN-SUBMIT ep=0x81 len=0 type=BULK (in, awaiting data)
[428] +11.288578 ASYNC-OUT ep=0x01 len=16 type=BULK 
	0000  08 00 00 18 80 10 ed 03  00 1c 00 10 fd 1a 00 00 |................|
[429] +11.288790 ASYNC-OUT-DONE ep=0x01 len=0 status=0 actual=16
[430] +11.384944 ASYNC-IN-DONE ep=0x81 len=0 status=2 actual=0
[431] +11.384998 ASYNC-IN-SUBMIT ep=0x81 len=0 type=BULK (in, awaiting data)
[432] +11.476126 ASYNC-IN-DONE ep=0x81 len=16 status=0 actual=16
	0000  08 00 00 18 ef 03 01 10  00 1e 00 10 65 02 00 00 |............e...|
[433] +11.476222 ASYNC-IN-SUBMIT ep=0x81 len=0 type=BULK (in, awaiting data)
[434] +11.476357 ASYNC-IN-DONE ep=0x81 len=16 status=0 actual=16
	0000  08 00 00 18 f0 03 02 10  00 09 00 10 09 02 00 00 |................|
[435] +11.476390 ASYNC-IN-SUBMIT ep=0x81 len=0 type=BULK (in, awaiting data)
[436] +11.548508 ASYNC-OUT ep=0x01 len=16 type=BULK 
	0000  08 00 00 18 01 10 ef 03  00 1d 00 10 93 1e 00 00 |................|
[437] +11.548849 ASYNC-OUT-DONE ep=0x01 len=0 status=0 actual=16
[438] +11.588567 ASYNC-IN-DONE ep=0x81 len=0 status=2 actual=0
[439] +11.588650 ASYNC-IN-SUBMIT ep=0x81 len=0 type=BULK (in, awaiting data)
[440] +11.651342 ASYNC-OUT ep=0x01 len=16 type=BULK 
	0000  08 00 00 18 02 10 f0 03  00 09 00 10 09 10 00 00 |................|
[441] +11.651629 ASYNC-OUT-DONE ep=0x01 len=0 status=0 actual=16
[442] +11.694686 ASYNC-IN-DONE ep=0x81 len=0 status=2 actual=0
[443] +11.694782 ASYNC-IN-SUBMIT ep=0x81 len=0 type=BULK (in, awaiting data)
[444] +11.801944 ASYNC-IN-DONE ep=0x81 len=0 status=2 actual=0
[445] +11.802031 ASYNC-IN-SUBMIT ep=0x81 len=0 type=BULK (in, awaiting data)
[446] +11.913565 ASYNC-IN-DONE ep=0x81 len=0 status=2 actual=0
[447] +11.913634 ASYNC-IN-SUBMIT ep=0x81 len=0 type=BULK (in, awaiting data)
[448] +12.020688 ASYNC-IN-DONE ep=0x81 len=0 status=2 actual=0
[449] +12.020779 ASYNC-IN-SUBMIT ep=0x81 len=0 type=BULK (in, awaiting data)
[450] +12.125107 ASYNC-IN-DONE ep=0x81 len=0 status=2 actual=0
[451] +12.125184 ASYNC-IN-SUBMIT ep=0x81 len=0 type=BULK (in, awaiting data)
[452] +12.229609 ASYNC-IN-DONE ep=0x81 len=0 status=2 actual=0
[453] +12.229721 ASYNC-IN-SUBMIT ep=0x81 len=0 type=BULK (in, awaiting data)
[454] +12.278581 ASYNC-IN-DONE ep=0x81 len=16 status=0 actual=16
	0000  08 00 00 18 ed 03 80 10  00 1f 00 10 ae 02 00 00 |................|
[455] +12.278728 ASYNC-IN-SUBMIT ep=0x81 len=0 type=BULK (in, awaiting data)
[456] +12.326344 ASYNC-OUT ep=0x01 len=16 type=BULK 
	0000  08 00 00 18 80 10 ed 03  00 1d 00 10 fd 1a 00 00 |................|
[457] +12.326640 ASYNC-OUT-DONE ep=0x01 len=0 status=0 actual=16
[458] +12.388547 ASYNC-IN-DONE ep=0x81 len=0 status=2 actual=0
[459] +12.388593 ASYNC-IN-SUBMIT ep=0x81 len=0 type=BULK (in, awaiting data)
[460] +12.479384 ASYNC-IN-DONE ep=0x81 len=16 status=0 actual=16
	0000  08 00 00 18 ef 03 01 10  00 1f 00 10 65 02 00 00 |............e...|
[461] +12.479479 ASYNC-IN-SUBMIT ep=0x81 len=0 type=BULK (in, awaiting data)
[462] +12.479605 ASYNC-IN-DONE ep=0x81 len=16 status=0 actual=16
	0000  08 00 00 18 f0 03 02 10  00 0a 00 10 09 02 00 00 |................|
[463] +12.479647 ASYNC-IN-SUBMIT ep=0x81 len=0 type=BULK (in, awaiting data)
[464] +12.586611 ASYNC-OUT ep=0x01 len=16 type=BULK 
	0000  08 00 00 18 01 10 ef 03  00 1e 00 10 93 1e 00 00 |................|
[465] +12.586971 ASYNC-OUT-DONE ep=0x01 len=0 status=0 actual=16
[466] +12.588532 ASYNC-IN-DONE ep=0x81 len=0 status=2 actual=0
[467] +12.588567 ASYNC-IN-SUBMIT ep=0x81 len=0 type=BULK (in, awaiting data)
[468] +12.690739 ASYNC-OUT ep=0x01 len=16 type=BULK 
	0000  08 00 00 18 02 10 f0 03  00 0a 00 10 09 10 00 00 |................|
[469] +12.691072 ASYNC-OUT-DONE ep=0x01 len=0 status=0 actual=16
[470] +12.701271 ASYNC-IN-DONE ep=0x81 len=0 status=2 actual=0
[471] +12.701305 ASYNC-IN-SUBMIT ep=0x81 len=0 type=BULK (in, awaiting data)
[472] +12.802838 ASYNC-IN-DONE ep=0x81 len=0 status=2 actual=0
[473] +12.802930 ASYNC-IN-SUBMIT ep=0x81 len=0 type=BULK (in, awaiting data)
[474] +12.906838 ASYNC-IN-DONE ep=0x81 len=0 status=2 actual=0
[475] +12.906934 ASYNC-IN-SUBMIT ep=0x81 len=0 type=BULK (in, awaiting data)
[476] +13.007611 ASYNC-IN-DONE ep=0x81 len=0 status=2 actual=0
[477] +13.007715 ASYNC-IN-SUBMIT ep=0x81 len=0 type=BULK (in, awaiting data)
[478] +13.117763 ASYNC-IN-DONE ep=0x81 len=0 status=2 actual=0
[479] +13.117866 ASYNC-IN-SUBMIT ep=0x81 len=0 type=BULK (in, awaiting data)
[480] +13.230726 ASYNC-IN-DONE ep=0x81 len=0 status=2 actual=0
[481] +13.230813 ASYNC-IN-SUBMIT ep=0x81 len=0 type=BULK (in, awaiting data)
[482] +13.281699 ASYNC-IN-DONE ep=0x81 len=16 status=0 actual=16
	0000  08 00 00 18 ed 03 80 10  00 20 00 10 ae 02 00 00 |......... ......|
[483] +13.281871 ASYNC-IN-SUBMIT ep=0x81 len=0 type=BULK (in, awaiting data)
### MARK IR-IMPORT
[484] +13.366710 ASYNC-OUT ep=0x01 len=16 type=BULK 
	0000  08 00 00 18 80 10 ed 03  00 1e 00 10 fd 1a 00 00 |................|
[485] +13.366939 ASYNC-OUT-DONE ep=0x01 len=0 status=0 actual=16
[486] +13.392542 ASYNC-IN-DONE ep=0x81 len=0 status=2 actual=0
[487] +13.392574 ASYNC-IN-SUBMIT ep=0x81 len=0 type=BULK (in, awaiting data)
[488] +13.482828 ASYNC-IN-DONE ep=0x81 len=16 status=0 actual=16
	0000  08 00 00 18 ef 03 01 10  00 20 00 10 65 02 00 00 |......... ..e...|
[489] +13.482867 ASYNC-IN-SUBMIT ep=0x81 len=0 type=BULK (in, awaiting data)
[490] +13.482969 ASYNC-IN-DONE ep=0x81 len=16 status=0 actual=16
	0000  08 00 00 18 f0 03 02 10  00 0b 00 10 09 02 00 00 |................|
[491] +13.482988 ASYNC-IN-SUBMIT ep=0x81 len=0 type=BULK (in, awaiting data)
[492] +13.588534 ASYNC-IN-DONE ep=0x81 len=0 status=2 actual=0
[493] +13.588558 ASYNC-IN-SUBMIT ep=0x81 len=0 type=BULK (in, awaiting data)
[494] +13.626456 ASYNC-OUT ep=0x01 len=16 type=BULK 
	0000  08 00 00 18 01 10 ef 03  00 1f 00 10 93 1e 00 00 |................|
[495] +13.626732 ASYNC-OUT-DONE ep=0x01 len=0 status=0 actual=16
[496] +13.701024 ASYNC-IN-DONE ep=0x81 len=0 status=2 actual=0
[497] +13.701051 ASYNC-IN-SUBMIT ep=0x81 len=0 type=BULK (in, awaiting data)
### MARK IR-import
[498] +13.731099 ASYNC-OUT ep=0x01 len=16 type=BULK 
	0000  08 00 00 18 02 10 f0 03  00 0b 00 10 09 10 00 00 |................|
[499] +13.731385 ASYNC-OUT-DONE ep=0x01 len=0 status=0 actual=16
[500] +13.813747 ASYNC-IN-DONE ep=0x81 len=0 status=2 actual=0
[501] +13.813785 ASYNC-IN-SUBMIT ep=0x81 len=0 type=BULK (in, awaiting data)
[502] +13.914841 ASYNC-IN-DONE ep=0x81 len=0 status=2 actual=0
[503] +13.914866 ASYNC-IN-SUBMIT ep=0x81 len=0 type=BULK (in, awaiting data)
[504] +14.024423 ASYNC-IN-DONE ep=0x81 len=0 status=2 actual=0
[505] +14.024442 ASYNC-IN-SUBMIT ep=0x81 len=0 type=BULK (in, awaiting data)
[506] +14.129240 ASYNC-IN-DONE ep=0x81 len=0 status=2 actual=0
[507] +14.129269 ASYNC-IN-SUBMIT ep=0x81 len=0 type=BULK (in, awaiting data)
[508] +14.241923 ASYNC-IN-DONE ep=0x81 len=0 status=2 actual=0
[509] +14.241950 ASYNC-IN-SUBMIT ep=0x81 len=0 type=BULK (in, awaiting data)
[510] +14.285087 ASYNC-IN-DONE ep=0x81 len=16 status=0 actual=16
	0000  08 00 00 18 ed 03 80 10  00 21 00 10 ae 02 00 00 |.........!......|
[511] +14.285121 ASYNC-IN-SUBMIT ep=0x81 len=0 type=BULK (in, awaiting data)
[512] +14.375283 ASYNC-OUT ep=0x01 len=16 type=BULK 
	0000  08 00 00 18 80 10 ed 03  00 1f 00 10 fd 1a 00 00 |................|
[513] +14.375609 ASYNC-OUT-DONE ep=0x01 len=0 status=0 actual=16
[514] +14.396823 ASYNC-IN-DONE ep=0x81 len=0 status=2 actual=0
[515] +14.396848 ASYNC-IN-SUBMIT ep=0x81 len=0 type=BULK (in, awaiting data)
[516] +14.485667 ASYNC-IN-DONE ep=0x81 len=16 status=0 actual=16
	0000  08 00 00 18 ef 03 01 10  00 21 00 10 65 02 00 00 |.........!..e...|
[517] +14.485722 ASYNC-IN-SUBMIT ep=0x81 len=0 type=BULK (in, awaiting data)
[518] +14.485828 ASYNC-IN-DONE ep=0x81 len=16 status=0 actual=16
	0000  08 00 00 18 f0 03 02 10  00 0c 00 10 09 02 00 00 |................|
[519] +14.485850 ASYNC-IN-SUBMIT ep=0x81 len=0 type=BULK (in, awaiting data)
[520] +14.594982 ASYNC-IN-DONE ep=0x81 len=0 status=2 actual=0
[521] +14.595019 ASYNC-IN-SUBMIT ep=0x81 len=0 type=BULK (in, awaiting data)
[522] +14.635523 ASYNC-OUT ep=0x01 len=16 type=BULK 
	0000  08 00 00 18 01 10 ef 03  00 20 00 10 93 1e 00 00 |......... ......|
[523] +14.635827 ASYNC-OUT-DONE ep=0x01 len=0 status=0 actual=16
[524] +14.703490 ASYNC-IN-DONE ep=0x81 len=0 status=2 actual=0
[525] +14.703542 ASYNC-IN-SUBMIT ep=0x81 len=0 type=BULK (in, awaiting data)
[526] +14.738911 ASYNC-OUT ep=0x01 len=16 type=BULK 
	0000  08 00 00 18 02 10 f0 03  00 0c 00 10 09 10 00 00 |................|
[527] +14.739192 ASYNC-OUT-DONE ep=0x01 len=0 status=0 actual=16
[528] +14.806909 ASYNC-IN-DONE ep=0x81 len=0 status=2 actual=0
[529] +14.807003 ASYNC-IN-SUBMIT ep=0x81 len=0 type=BULK (in, awaiting data)
[530] +14.911951 ASYNC-IN-DONE ep=0x81 len=0 status=2 actual=0
[531] +14.912069 ASYNC-IN-SUBMIT ep=0x81 len=0 type=BULK (in, awaiting data)
[532] +15.024947 ASYNC-IN-DONE ep=0x81 len=0 status=2 actual=0
[533] +15.025051 ASYNC-IN-SUBMIT ep=0x81 len=0 type=BULK (in, awaiting data)
[534] +15.130813 ASYNC-IN-DONE ep=0x81 len=0 status=2 actual=0
[535] +15.130894 ASYNC-IN-SUBMIT ep=0x81 len=0 type=BULK (in, awaiting data)
[536] +15.232894 ASYNC-IN-DONE ep=0x81 len=0 status=2 actual=0
[537] +15.232969 ASYNC-IN-SUBMIT ep=0x81 len=0 type=BULK (in, awaiting data)
[538] +15.288812 ASYNC-IN-DONE ep=0x81 len=16 status=0 actual=16
	0000  08 00 00 18 ed 03 80 10  00 22 00 10 ae 02 00 00 |........."......|
[539] +15.288940 ASYNC-IN-SUBMIT ep=0x81 len=0 type=BULK (in, awaiting data)
[540] +15.389478 ASYNC-IN-DONE ep=0x81 len=0 status=2 actual=0
[541] +15.389514 ASYNC-IN-SUBMIT ep=0x81 len=0 type=BULK (in, awaiting data)
[542] +15.413997 ASYNC-OUT ep=0x01 len=16 type=BULK 
	0000  08 00 00 18 80 10 ed 03  00 20 00 10 fd 1a 00 00 |......... ......|
[543] +15.414311 ASYNC-OUT-DONE ep=0x01 len=0 status=0 actual=16
[544] +15.489283 ASYNC-IN-DONE ep=0x81 len=16 status=0 actual=16
	0000  08 00 00 18 ef 03 01 10  00 22 00 10 65 02 00 00 |........."..e...|
[545] +15.489389 ASYNC-IN-SUBMIT ep=0x81 len=0 type=BULK (in, awaiting data)
[546] +15.489520 ASYNC-IN-DONE ep=0x81 len=16 status=0 actual=16
	0000  08 00 00 18 f0 03 02 10  00 0d 00 10 09 02 00 00 |................|
[547] +15.489566 ASYNC-IN-SUBMIT ep=0x81 len=0 type=BULK (in, awaiting data)
[548] +15.596358 ASYNC-IN-DONE ep=0x81 len=0 status=2 actual=0
[549] +15.596443 ASYNC-IN-SUBMIT ep=0x81 len=0 type=BULK (in, awaiting data)
[550] +15.674297 ASYNC-OUT ep=0x01 len=16 type=BULK 
	0000  08 00 00 18 01 10 ef 03  00 21 00 10 93 1e 00 00 |.........!......|
[551] +15.674647 ASYNC-OUT-DONE ep=0x01 len=0 status=0 actual=16
[552] +15.708335 ASYNC-IN-DONE ep=0x81 len=0 status=2 actual=0
[553] +15.708423 ASYNC-IN-SUBMIT ep=0x81 len=0 type=BULK (in, awaiting data)
[554] +15.778028 ASYNC-OUT ep=0x01 len=16 type=BULK 
	0000  08 00 00 18 02 10 f0 03  00 0d 00 10 09 10 00 00 |................|
[555] +15.778332 ASYNC-OUT-DONE ep=0x01 len=0 status=0 actual=16
[556] +15.819213 ASYNC-IN-DONE ep=0x81 len=0 status=2 actual=0
[557] +15.819303 ASYNC-IN-SUBMIT ep=0x81 len=0 type=BULK (in, awaiting data)
[558] +15.930820 ASYNC-IN-DONE ep=0x81 len=0 status=2 actual=0
[559] +15.930867 ASYNC-IN-SUBMIT ep=0x81 len=0 type=BULK (in, awaiting data)
[560] +16.033314 ASYNC-IN-DONE ep=0x81 len=0 status=2 actual=0
[561] +16.033403 ASYNC-IN-SUBMIT ep=0x81 len=0 type=BULK (in, awaiting data)
[562] +16.142782 ASYNC-IN-DONE ep=0x81 len=0 status=2 actual=0
[563] +16.142864 ASYNC-IN-SUBMIT ep=0x81 len=0 type=BULK (in, awaiting data)
[564] +16.255236 ASYNC-IN-DONE ep=0x81 len=0 status=2 actual=0
[565] +16.255316 ASYNC-IN-SUBMIT ep=0x81 len=0 type=BULK (in, awaiting data)
[566] +16.292016 ASYNC-IN-DONE ep=0x81 len=16 status=0 actual=16
	0000  08 00 00 18 ed 03 80 10  00 23 00 10 ae 02 00 00 |.........#......|
[567] +16.292113 ASYNC-IN-SUBMIT ep=0x81 len=0 type=BULK (in, awaiting data)
[568] +16.402120 ASYNC-IN-DONE ep=0x81 len=0 status=2 actual=0
[569] +16.402166 ASYNC-IN-SUBMIT ep=0x81 len=0 type=BULK (in, awaiting data)
[570] +16.450906 ASYNC-OUT ep=0x01 len=16 type=BULK 
	0000  08 00 00 18 80 10 ed 03  00 21 00 10 fd 1a 00 00 |.........!......|
[571] +16.451258 ASYNC-OUT-DONE ep=0x01 len=0 status=0 actual=16
[572] +16.492701 ASYNC-IN-DONE ep=0x81 len=16 status=0 actual=16
	0000  08 00 00 18 ef 03 01 10  00 23 00 10 65 02 00 00 |.........#..e...|
[573] +16.492800 ASYNC-IN-SUBMIT ep=0x81 len=0 type=BULK (in, awaiting data)
[574] +16.492937 ASYNC-IN-DONE ep=0x81 len=16 status=0 actual=16
	0000  08 00 00 18 f0 03 02 10  00 0e 00 10 09 02 00 00 |................|
[575] +16.492967 ASYNC-IN-SUBMIT ep=0x81 len=0 type=BULK (in, awaiting data)
[576] +16.604950 ASYNC-IN-DONE ep=0x81 len=0 status=2 actual=0
[577] +16.605064 ASYNC-IN-SUBMIT ep=0x81 len=0 type=BULK (in, awaiting data)
[578] +16.708329 ASYNC-OUT ep=0x01 len=16 type=BULK 
	0000  08 00 00 18 01 10 ef 03  00 22 00 10 93 1e 00 00 |........."......|
[579] +16.708634 ASYNC-OUT-DONE ep=0x01 len=0 status=0 actual=16
[580] +16.717690 ASYNC-IN-DONE ep=0x81 len=0 status=2 actual=0
[581] +16.717778 ASYNC-IN-SUBMIT ep=0x81 len=0 type=BULK (in, awaiting data)
[582] +16.812377 ASYNC-OUT ep=0x01 len=16 type=BULK 
	0000  08 00 00 18 02 10 f0 03  00 0e 00 10 09 10 00 00 |................|
[583] +16.812734 ASYNC-OUT-DONE ep=0x01 len=0 status=0 actual=16
[584] +16.820388 ASYNC-IN-DONE ep=0x81 len=0 status=2 actual=0
[585] +16.820477 ASYNC-IN-SUBMIT ep=0x81 len=0 type=BULK (in, awaiting data)
[586] +16.933323 ASYNC-IN-DONE ep=0x81 len=0 status=2 actual=0
[587] +16.933399 ASYNC-IN-SUBMIT ep=0x81 len=0 type=BULK (in, awaiting data)
[588] +17.035997 ASYNC-IN-DONE ep=0x81 len=0 status=2 actual=0
[589] +17.036070 ASYNC-IN-SUBMIT ep=0x81 len=0 type=BULK (in, awaiting data)
[590] +17.148775 ASYNC-IN-DONE ep=0x81 len=0 status=2 actual=0
[591] +17.148801 ASYNC-IN-SUBMIT ep=0x81 len=0 type=BULK (in, awaiting data)
[592] +17.255072 ASYNC-IN-DONE ep=0x81 len=0 status=2 actual=0
[593] +17.255088 ASYNC-IN-SUBMIT ep=0x81 len=0 type=BULK (in, awaiting data)
[594] +17.295070 ASYNC-IN-DONE ep=0x81 len=16 status=0 actual=16
	0000  08 00 00 18 ed 03 80 10  00 24 00 10 ae 02 00 00 |.........$......|
[595] +17.295102 ASYNC-IN-SUBMIT ep=0x81 len=0 type=BULK (in, awaiting data)
[596] +17.402830 ASYNC-IN-DONE ep=0x81 len=0 status=2 actual=0
[597] +17.402928 ASYNC-IN-SUBMIT ep=0x81 len=0 type=BULK (in, awaiting data)
[598] +17.486708 ASYNC-OUT ep=0x01 len=16 type=BULK 
	0000  08 00 00 18 80 10 ed 03  00 22 00 10 fd 1a 00 00 |........."......|
[599] +17.487051 ASYNC-OUT-DONE ep=0x01 len=0 status=0 actual=16
[600] +17.495872 ASYNC-IN-DONE ep=0x81 len=16 status=0 actual=16
	0000  08 00 00 18 ef 03 01 10  00 24 00 10 65 02 00 00 |.........$..e...|
[601] +17.495907 ASYNC-IN-SUBMIT ep=0x81 len=0 type=BULK (in, awaiting data)
[602] +17.496053 ASYNC-IN-DONE ep=0x81 len=16 status=0 actual=16
	0000  08 00 00 18 f0 03 02 10  00 0f 00 10 09 02 00 00 |................|
[603] +17.496068 ASYNC-IN-SUBMIT ep=0x81 len=0 type=BULK (in, awaiting data)
[604] +17.608760 ASYNC-IN-DONE ep=0x81 len=0 status=2 actual=0
[605] +17.608826 ASYNC-IN-SUBMIT ep=0x81 len=0 type=BULK (in, awaiting data)
[606] +17.717742 ASYNC-IN-DONE ep=0x81 len=0 status=2 actual=0
[607] +17.717832 ASYNC-IN-SUBMIT ep=0x81 len=0 type=BULK (in, awaiting data)
[608] +17.744672 ASYNC-OUT ep=0x01 len=16 type=BULK 
	0000  08 00 00 18 01 10 ef 03  00 23 00 10 93 1e 00 00 |.........#......|
[609] +17.745016 ASYNC-OUT-DONE ep=0x01 len=0 status=0 actual=16
[610] +17.830221 ASYNC-IN-DONE ep=0x81 len=0 status=2 actual=0
[611] +17.830311 ASYNC-IN-SUBMIT ep=0x81 len=0 type=BULK (in, awaiting data)
[612] +17.848773 ASYNC-OUT ep=0x01 len=16 type=BULK 
	0000  08 00 00 18 02 10 f0 03  00 0f 00 10 09 10 00 00 |................|
[613] +17.849065 ASYNC-OUT-DONE ep=0x01 len=0 status=0 actual=16
[614] +17.939288 ASYNC-IN-DONE ep=0x81 len=0 status=2 actual=0
[615] +17.939389 ASYNC-IN-SUBMIT ep=0x81 len=0 type=BULK (in, awaiting data)
[616] +18.052277 ASYNC-IN-DONE ep=0x81 len=0 status=2 actual=0
[617] +18.052353 ASYNC-IN-SUBMIT ep=0x81 len=0 type=BULK (in, awaiting data)
[618] +18.162930 ASYNC-IN-DONE ep=0x81 len=0 status=2 actual=0
[619] +18.163037 ASYNC-IN-SUBMIT ep=0x81 len=0 type=BULK (in, awaiting data)
[620] +18.271437 ASYNC-IN-DONE ep=0x81 len=0 status=2 actual=0
[621] +18.271530 ASYNC-IN-SUBMIT ep=0x81 len=0 type=BULK (in, awaiting data)
[622] +18.298584 ASYNC-IN-DONE ep=0x81 len=16 status=0 actual=16
	0000  08 00 00 18 ed 03 80 10  00 25 00 10 ae 02 00 00 |.........%......|
[623] +18.298742 ASYNC-IN-SUBMIT ep=0x81 len=0 type=BULK (in, awaiting data)
[624] +18.403792 ASYNC-IN-DONE ep=0x81 len=0 status=2 actual=0
[625] +18.403905 ASYNC-IN-SUBMIT ep=0x81 len=0 type=BULK (in, awaiting data)
[626] +18.499792 ASYNC-IN-DONE ep=0x81 len=16 status=0 actual=16
	0000  08 00 00 18 ef 03 01 10  00 25 00 10 65 02 00 00 |.........%..e...|
[627] +18.499920 ASYNC-IN-SUBMIT ep=0x81 len=0 type=BULK (in, awaiting data)
[628] +18.500118 ASYNC-IN-DONE ep=0x81 len=16 status=0 actual=16
	0000  08 00 00 18 f0 03 02 10  00 10 00 10 09 02 00 00 |................|
[629] +18.500197 ASYNC-IN-SUBMIT ep=0x81 len=0 type=BULK (in, awaiting data)
[630] +18.523156 ASYNC-OUT ep=0x01 len=16 type=BULK 
	0000  08 00 00 18 80 10 ed 03  00 23 00 10 fd 1a 00 00 |.........#......|
[631] +18.523490 ASYNC-OUT-DONE ep=0x01 len=0 status=0 actual=16
[632] +18.612998 ASYNC-IN-DONE ep=0x81 len=0 status=2 actual=0
[633] +18.613102 ASYNC-IN-SUBMIT ep=0x81 len=0 type=BULK (in, awaiting data)
[634] +18.721897 ASYNC-IN-DONE ep=0x81 len=0 status=2 actual=0
[635] +18.721990 ASYNC-IN-SUBMIT ep=0x81 len=0 type=BULK (in, awaiting data)
[636] +18.782180 ASYNC-OUT ep=0x01 len=16 type=BULK 
	0000  08 00 00 18 01 10 ef 03  00 24 00 10 93 1e 00 00 |.........$......|
[637] +18.782537 ASYNC-OUT-DONE ep=0x01 len=0 status=0 actual=16
[638] +18.833454 ASYNC-IN-DONE ep=0x81 len=0 status=2 actual=0
[639] +18.833558 ASYNC-IN-SUBMIT ep=0x81 len=0 type=BULK (in, awaiting data)
[640] +18.885847 ASYNC-OUT ep=0x01 len=16 type=BULK 
	0000  08 00 00 18 02 10 f0 03  00 10 00 10 09 10 00 00 |................|
[641] +18.886214 ASYNC-OUT-DONE ep=0x01 len=0 status=0 actual=16
[642] +18.946420 ASYNC-IN-DONE ep=0x81 len=0 status=2 actual=0
[643] +18.946509 ASYNC-IN-SUBMIT ep=0x81 len=0 type=BULK (in, awaiting data)
[644] +19.056054 ASYNC-IN-DONE ep=0x81 len=0 status=2 actual=0
[645] +19.056151 ASYNC-IN-SUBMIT ep=0x81 len=0 type=BULK (in, awaiting data)
[646] +19.168287 ASYNC-IN-DONE ep=0x81 len=0 status=2 actual=0
[647] +19.168371 ASYNC-IN-SUBMIT ep=0x81 len=0 type=BULK (in, awaiting data)
[648] +19.273298 ASYNC-IN-DONE ep=0x81 len=0 status=2 actual=0
[649] +19.273396 ASYNC-IN-SUBMIT ep=0x81 len=0 type=BULK (in, awaiting data)
[650] +19.301848 ASYNC-IN-DONE ep=0x81 len=16 status=0 actual=16
	0000  08 00 00 18 ed 03 80 10  00 26 00 10 ae 02 00 00 |.........&......|
[651] +19.301978 ASYNC-IN-SUBMIT ep=0x81 len=0 type=BULK (in, awaiting data)
[652] +19.404540 ASYNC-IN-DONE ep=0x81 len=0 status=2 actual=0
[653] +19.404696 ASYNC-IN-SUBMIT ep=0x81 len=0 type=BULK (in, awaiting data)
[654] +19.502283 ASYNC-IN-DONE ep=0x81 len=16 status=0 actual=16
	0000  08 00 00 18 ef 03 01 10  00 26 00 10 65 02 00 00 |.........&..e...|
[655] +19.502377 ASYNC-IN-SUBMIT ep=0x81 len=0 type=BULK (in, awaiting data)
[656] +19.502710 ASYNC-IN-DONE ep=0x81 len=16 status=0 actual=16
	0000  08 00 00 18 f0 03 02 10  00 11 00 10 09 02 00 00 |................|
[657] +19.502760 ASYNC-IN-SUBMIT ep=0x81 len=0 type=BULK (in, awaiting data)
[658] +19.559209 ASYNC-OUT ep=0x01 len=16 type=BULK 
	0000  08 00 00 18 80 10 ed 03  00 24 00 10 fd 1a 00 00 |.........$......|
[659] +19.559496 ASYNC-OUT-DONE ep=0x01 len=0 status=0 actual=16
[660] +19.612788 ASYNC-IN-DONE ep=0x81 len=0 status=2 actual=0
[661] +19.612872 ASYNC-IN-SUBMIT ep=0x81 len=0 type=BULK (in, awaiting data)
[662] +19.713212 ASYNC-IN-DONE ep=0x81 len=0 status=2 actual=0
[663] +19.713421 ASYNC-IN-SUBMIT ep=0x81 len=0 type=BULK (in, awaiting data)
[664] +19.818798 ASYNC-OUT ep=0x01 len=16 type=BULK 
	0000  08 00 00 18 01 10 ef 03  00 25 00 10 93 1e 00 00 |.........%......|
[665] +19.819142 ASYNC-OUT-DONE ep=0x01 len=0 status=0 actual=16
[666] +19.819543 ASYNC-IN-DONE ep=0x81 len=0 status=2 actual=0
[667] +19.819581 ASYNC-IN-SUBMIT ep=0x81 len=0 type=BULK (in, awaiting data)
[668] +19.923025 ASYNC-OUT ep=0x01 len=16 type=BULK 
	0000  08 00 00 18 02 10 f0 03  00 11 00 10 09 10 00 00 |................|
[669] +19.923179 ASYNC-IN-DONE ep=0x81 len=0 status=2 actual=0
[670] +19.923242 ASYNC-IN-SUBMIT ep=0x81 len=0 type=BULK (in, awaiting data)
[671] +19.923399 ASYNC-OUT-DONE ep=0x01 len=0 status=0 actual=16
[672] +20.034378 ASYNC-IN-DONE ep=0x81 len=0 status=2 actual=0
[673] +20.034470 ASYNC-IN-SUBMIT ep=0x81 len=0 type=BULK (in, awaiting data)
[674] +20.146085 ASYNC-IN-DONE ep=0x81 len=0 status=2 actual=0
[675] +20.146182 ASYNC-IN-SUBMIT ep=0x81 len=0 type=BULK (in, awaiting data)
[676] +20.256637 ASYNC-IN-DONE ep=0x81 len=0 status=2 actual=0
[677] +20.256778 ASYNC-IN-SUBMIT ep=0x81 len=0 type=BULK (in, awaiting data)
[678] +20.305143 ASYNC-IN-DONE ep=0x81 len=16 status=0 actual=16
	0000  08 00 00 18 ed 03 80 10  00 27 00 10 ae 02 00 00 |.........'......|
[679] +20.305307 ASYNC-IN-SUBMIT ep=0x81 len=0 type=BULK (in, awaiting data)
[680] +20.417768 ASYNC-IN-DONE ep=0x81 len=0 status=2 actual=0
[681] +20.417876 ASYNC-IN-SUBMIT ep=0x81 len=0 type=BULK (in, awaiting data)
[682] +20.505914 ASYNC-IN-DONE ep=0x81 len=16 status=0 actual=16
	0000  08 00 00 18 ef 03 01 10  00 27 00 10 65 02 00 00 |.........'..e...|
[683] +20.506048 ASYNC-IN-SUBMIT ep=0x81 len=0 type=BULK (in, awaiting data)
[684] +20.506260 ASYNC-IN-DONE ep=0x81 len=16 status=0 actual=16
	0000  08 00 00 18 f0 03 02 10  00 12 00 10 09 02 00 00 |................|
[685] +20.506348 ASYNC-IN-SUBMIT ep=0x81 len=0 type=BULK (in, awaiting data)
[686] +20.597743 ASYNC-OUT ep=0x01 len=16 type=BULK 
	0000  08 00 00 18 80 10 ed 03  00 25 00 10 fd 1a 00 00 |.........%......|
[687] +20.598105 ASYNC-OUT-DONE ep=0x01 len=0 status=0 actual=16
[688] +20.619173 ASYNC-IN-DONE ep=0x81 len=0 status=2 actual=0
[689] +20.619263 ASYNC-IN-SUBMIT ep=0x81 len=0 type=BULK (in, awaiting data)
[690] +20.727949 ASYNC-IN-DONE ep=0x81 len=0 status=2 actual=0
[691] +20.728030 ASYNC-IN-SUBMIT ep=0x81 len=0 type=BULK (in, awaiting data)
[692] +20.835087 ASYNC-IN-DONE ep=0x81 len=0 status=2 actual=0
[693] +20.835145 ASYNC-IN-SUBMIT ep=0x81 len=0 type=BULK (in, awaiting data)
[694] +20.857248 ASYNC-OUT ep=0x01 len=16 type=BULK 
	0000  08 00 00 18 01 10 ef 03  00 26 00 10 93 1e 00 00 |.........&......|
[695] +20.857610 ASYNC-OUT-DONE ep=0x01 len=0 status=0 actual=16
[696] +20.946918 ASYNC-IN-DONE ep=0x81 len=0 status=2 actual=0
[697] +20.947042 ASYNC-IN-SUBMIT ep=0x81 len=0 type=BULK (in, awaiting data)
[698] +20.959802 ASYNC-OUT ep=0x01 len=16 type=BULK 
	0000  08 00 00 18 02 10 f0 03  00 12 00 10 09 10 00 00 |................|
[699] +20.960108 ASYNC-OUT-DONE ep=0x01 len=0 status=0 actual=16
[700] +21.059430 ASYNC-IN-DONE ep=0x81 len=0 status=2 actual=0
[701] +21.059535 ASYNC-IN-SUBMIT ep=0x81 len=0 type=BULK (in, awaiting data)
[702] +21.171447 ASYNC-IN-DONE ep=0x81 len=0 status=2 actual=0
[703] +21.171608 ASYNC-IN-SUBMIT ep=0x81 len=0 type=BULK (in, awaiting data)
[704] +21.282300 ASYNC-IN-DONE ep=0x81 len=0 status=2 actual=0
[705] +21.282394 ASYNC-IN-SUBMIT ep=0x81 len=0 type=BULK (in, awaiting data)
[706] +21.308242 ASYNC-IN-DONE ep=0x81 len=16 status=0 actual=16
	0000  08 00 00 18 ed 03 80 10  00 28 00 10 ae 02 00 00 |.........(......|
[707] +21.308314 ASYNC-IN-SUBMIT ep=0x81 len=0 type=BULK (in, awaiting data)
[708] +21.415569 ASYNC-IN-DONE ep=0x81 len=0 status=2 actual=0
[709] +21.415636 ASYNC-IN-SUBMIT ep=0x81 len=0 type=BULK (in, awaiting data)
[710] +21.509492 ASYNC-IN-DONE ep=0x81 len=16 status=0 actual=16
	0000  08 00 00 18 ef 03 01 10  00 28 00 10 65 02 00 00 |.........(..e...|
[711] +21.509624 ASYNC-IN-SUBMIT ep=0x81 len=0 type=BULK (in, awaiting data)
[712] +21.509818 ASYNC-IN-DONE ep=0x81 len=16 status=0 actual=16
	0000  08 00 00 18 f0 03 02 10  00 13 00 10 09 02 00 00 |................|
[713] +21.509878 ASYNC-IN-SUBMIT ep=0x81 len=0 type=BULK (in, awaiting data)
[714] +21.616805 ASYNC-IN-DONE ep=0x81 len=0 status=2 actual=0
[715] +21.616902 ASYNC-IN-SUBMIT ep=0x81 len=0 type=BULK (in, awaiting data)
[716] +21.633813 ASYNC-OUT ep=0x01 len=16 type=BULK 
	0000  08 00 00 18 80 10 ed 03  00 26 00 10 fd 1a 00 00 |.........&......|
[717] +21.634118 ASYNC-OUT-DONE ep=0x01 len=0 status=0 actual=16
[718] +21.726107 ASYNC-IN-DONE ep=0x81 len=0 status=2 actual=0
[719] +21.726208 ASYNC-IN-SUBMIT ep=0x81 len=0 type=BULK (in, awaiting data)
[720] +21.834893 ASYNC-IN-DONE ep=0x81 len=0 status=2 actual=0
[721] +21.834951 ASYNC-IN-SUBMIT ep=0x81 len=0 type=BULK (in, awaiting data)
[722] +21.893604 ASYNC-OUT ep=0x01 len=16 type=BULK 
	0000  08 00 00 18 01 10 ef 03  00 27 00 10 93 1e 00 00 |.........'......|
[723] +21.893898 ASYNC-OUT-DONE ep=0x01 len=0 status=0 actual=16
[724] +21.946867 ASYNC-IN-DONE ep=0x81 len=0 status=2 actual=0
[725] +21.946956 ASYNC-IN-SUBMIT ep=0x81 len=0 type=BULK (in, awaiting data)
[726] +21.997707 ASYNC-OUT ep=0x01 len=16 type=BULK 
	0000  08 00 00 18 02 10 f0 03  00 13 00 10 09 10 00 00 |................|
[727] +21.998047 ASYNC-OUT-DONE ep=0x01 len=0 status=0 actual=16
[728] +22.053513 ASYNC-IN-DONE ep=0x81 len=0 status=2 actual=0
[729] +22.053606 ASYNC-IN-SUBMIT ep=0x81 len=0 type=BULK (in, awaiting data)
[730] +22.154001 ASYNC-IN-DONE ep=0x81 len=0 status=2 actual=0
[731] +22.154082 ASYNC-IN-SUBMIT ep=0x81 len=0 type=BULK (in, awaiting data)
[732] +22.266071 ASYNC-IN-DONE ep=0x81 len=0 status=2 actual=0
[733] +22.266169 ASYNC-IN-SUBMIT ep=0x81 len=0 type=BULK (in, awaiting data)
[734] +22.311884 ASYNC-IN-DONE ep=0x81 len=16 status=0 actual=16
	0000  08 00 00 18 ed 03 80 10  00 29 00 10 ae 02 00 00 |.........)......|
[735] +22.312009 ASYNC-IN-SUBMIT ep=0x81 len=0 type=BULK (in, awaiting data)
[736] +22.423568 ASYNC-IN-DONE ep=0x81 len=0 status=2 actual=0
[737] +22.423630 ASYNC-IN-SUBMIT ep=0x81 len=0 type=BULK (in, awaiting data)
[738] +22.512388 ASYNC-IN-DONE ep=0x81 len=16 status=0 actual=16
	0000  08 00 00 18 ef 03 01 10  00 29 00 10 65 02 00 00 |.........)..e...|
[739] +22.512582 ASYNC-IN-SUBMIT ep=0x81 len=0 type=BULK (in, awaiting data)
[740] +22.512788 ASYNC-IN-DONE ep=0x81 len=16 status=0 actual=16
	0000  08 00 00 18 f0 03 02 10  00 14 00 10 09 02 00 00 |................|
[741] +22.512846 ASYNC-IN-SUBMIT ep=0x81 len=0 type=BULK (in, awaiting data)
[742] +22.620050 ASYNC-IN-DONE ep=0x81 len=0 status=2 actual=0
[743] +22.620155 ASYNC-IN-SUBMIT ep=0x81 len=0 type=BULK (in, awaiting data)
[744] +22.672018 ASYNC-OUT ep=0x01 len=16 type=BULK 
	0000  08 00 00 18 80 10 ed 03  00 27 00 10 fd 1a 00 00 |.........'......|
[745] +22.672425 ASYNC-OUT-DONE ep=0x01 len=0 status=0 actual=16
[746] +22.731134 ASYNC-IN-DONE ep=0x81 len=0 status=2 actual=0
[747] +22.731221 ASYNC-IN-SUBMIT ep=0x81 len=0 type=BULK (in, awaiting data)
[748] +22.839718 ASYNC-IN-DONE ep=0x81 len=0 status=2 actual=0
[749] +22.839823 ASYNC-IN-SUBMIT ep=0x81 len=0 type=BULK (in, awaiting data)
[750] +22.931767 ASYNC-OUT ep=0x01 len=16 type=BULK 
	0000  08 00 00 18 01 10 ef 03  00 28 00 10 93 1e 00 00 |.........(......|
[751] +22.932129 ASYNC-OUT-DONE ep=0x01 len=0 status=0 actual=16
[752] +22.951625 ASYNC-IN-DONE ep=0x81 len=0 status=2 actual=0
[753] +22.951704 ASYNC-IN-SUBMIT ep=0x81 len=0 type=BULK (in, awaiting data)
[754] +23.035888 ASYNC-OUT ep=0x01 len=16 type=BULK 
	0000  08 00 00 18 02 10 f0 03  00 14 00 10 09 10 00 00 |................|
[755] +23.036342 ASYNC-OUT-DONE ep=0x01 len=0 status=0 actual=16
[756] +23.063600 ASYNC-IN-DONE ep=0x81 len=0 status=2 actual=0
[757] +23.063683 ASYNC-IN-SUBMIT ep=0x81 len=0 type=BULK (in, awaiting data)
[758] +23.176099 ASYNC-IN-DONE ep=0x81 len=0 status=2 actual=0
[759] +23.176204 ASYNC-IN-SUBMIT ep=0x81 len=0 type=BULK (in, awaiting data)
[760] +23.278675 ASYNC-IN-DONE ep=0x81 len=0 status=2 actual=0
[761] +23.278776 ASYNC-IN-SUBMIT ep=0x81 len=0 type=BULK (in, awaiting data)
[762] +23.315465 ASYNC-IN-DONE ep=0x81 len=16 status=0 actual=16
	0000  08 00 00 18 ed 03 80 10  00 2a 00 10 ae 02 00 00 |.........*......|
[763] +23.315601 ASYNC-IN-SUBMIT ep=0x81 len=0 type=BULK (in, awaiting data)
[764] +23.419721 ASYNC-IN-DONE ep=0x81 len=0 status=2 actual=0
[765] +23.419746 ASYNC-IN-SUBMIT ep=0x81 len=0 type=BULK (in, awaiting data)
[766] +23.515916 ASYNC-IN-DONE ep=0x81 len=16 status=0 actual=16
	0000  08 00 00 18 ef 03 01 10  00 2a 00 10 65 02 00 00 |.........*..e...|
[767] +23.516061 ASYNC-IN-SUBMIT ep=0x81 len=0 type=BULK (in, awaiting data)
[768] +23.516270 ASYNC-IN-DONE ep=0x81 len=16 status=0 actual=16
	0000  08 00 00 18 f0 03 02 10  00 15 00 10 09 02 00 00 |................|
[769] +23.516343 ASYNC-IN-SUBMIT ep=0x81 len=0 type=BULK (in, awaiting data)
[770] +23.619287 ASYNC-IN-DONE ep=0x81 len=0 status=2 actual=0
[771] +23.619381 ASYNC-IN-SUBMIT ep=0x81 len=0 type=BULK (in, awaiting data)
[772] +23.709278 ASYNC-OUT ep=0x01 len=16 type=BULK 
	0000  08 00 00 18 80 10 ed 03  00 28 00 10 fd 1a 00 00 |.........(......|
[773] +23.709631 ASYNC-OUT-DONE ep=0x01 len=0 status=0 actual=16
[774] +23.732213 ASYNC-IN-DONE ep=0x81 len=0 status=2 actual=0
[775] +23.732284 ASYNC-IN-SUBMIT ep=0x81 len=0 type=BULK (in, awaiting data)
[776] +23.845109 ASYNC-IN-DONE ep=0x81 len=0 status=2 actual=0
[777] +23.845189 ASYNC-IN-SUBMIT ep=0x81 len=0 type=BULK (in, awaiting data)
[778] +23.956166 ASYNC-IN-DONE ep=0x81 len=0 status=2 actual=0
[779] +23.956231 ASYNC-IN-SUBMIT ep=0x81 len=0 type=BULK (in, awaiting data)
[780] +23.967427 ASYNC-OUT ep=0x01 len=16 type=BULK 
	0000  08 00 00 18 01 10 ef 03  00 29 00 10 93 1e 00 00 |.........)......|
[781] +23.967774 ASYNC-OUT-DONE ep=0x01 len=0 status=0 actual=16
[782] +24.068977 ASYNC-IN-DONE ep=0x81 len=0 status=2 actual=0
[783] +24.069070 ASYNC-IN-SUBMIT ep=0x81 len=0 type=BULK (in, awaiting data)
[784] +24.071487 ASYNC-OUT ep=0x01 len=16 type=BULK 
	0000  08 00 00 18 02 10 f0 03  00 15 00 10 09 10 00 00 |................|
[785] +24.071723 ASYNC-OUT-DONE ep=0x01 len=0 status=0 actual=16
[786] +24.173778 ASYNC-IN-DONE ep=0x81 len=0 status=2 actual=0
[787] +24.173862 ASYNC-IN-SUBMIT ep=0x81 len=0 type=BULK (in, awaiting data)
[788] +24.283546 ASYNC-IN-DONE ep=0x81 len=0 status=2 actual=0
[789] +24.283644 ASYNC-IN-SUBMIT ep=0x81 len=0 type=BULK (in, awaiting data)
[790] +24.318363 ASYNC-IN-DONE ep=0x81 len=16 status=0 actual=16
	0000  08 00 00 18 ed 03 80 10  00 2b 00 10 ae 02 00 00 |.........+......|
[791] +24.318510 ASYNC-IN-SUBMIT ep=0x81 len=0 type=BULK (in, awaiting data)
[792] +24.430199 ASYNC-IN-DONE ep=0x81 len=0 status=2 actual=0
[793] +24.430287 ASYNC-IN-SUBMIT ep=0x81 len=0 type=BULK (in, awaiting data)
[794] +24.519607 ASYNC-IN-DONE ep=0x81 len=16 status=0 actual=16
	0000  08 00 00 18 ef 03 01 10  00 2b 00 10 65 02 00 00 |.........+..e...|
[795] +24.519762 ASYNC-IN-SUBMIT ep=0x81 len=0 type=BULK (in, awaiting data)
[796] +24.519942 ASYNC-IN-DONE ep=0x81 len=16 status=0 actual=16
	0000  08 00 00 18 f0 03 02 10  00 16 00 10 09 02 00 00 |................|
[797] +24.520005 ASYNC-IN-SUBMIT ep=0x81 len=0 type=BULK (in, awaiting data)
[798] +24.628670 ASYNC-IN-DONE ep=0x81 len=0 status=2 actual=0
[799] +24.628819 ASYNC-IN-SUBMIT ep=0x81 len=0 type=BULK (in, awaiting data)
[800] +24.738637 ASYNC-IN-DONE ep=0x81 len=0 status=2 actual=0
[801] +24.738725 ASYNC-IN-SUBMIT ep=0x81 len=0 type=BULK (in, awaiting data)
[802] +24.746080 ASYNC-OUT ep=0x01 len=16 type=BULK 
	0000  08 00 00 18 80 10 ed 03  00 29 00 10 fd 1a 00 00 |.........)......|
[803] +24.746403 ASYNC-OUT-DONE ep=0x01 len=0 status=0 actual=16
[804] +24.851585 ASYNC-IN-DONE ep=0x81 len=0 status=2 actual=0
[805] +24.851676 ASYNC-IN-SUBMIT ep=0x81 len=0 type=BULK (in, awaiting data)
[806] +24.964535 ASYNC-IN-DONE ep=0x81 len=0 status=2 actual=0
[807] +24.964647 ASYNC-IN-SUBMIT ep=0x81 len=0 type=BULK (in, awaiting data)
[808] +25.005116 ASYNC-OUT ep=0x01 len=16 type=BULK 
	0000  08 00 00 18 01 10 ef 03  00 2a 00 10 93 1e 00 00 |.........*......|
[809] +25.005515 ASYNC-OUT-DONE ep=0x01 len=0 status=0 actual=16
[810] +25.077160 ASYNC-IN-DONE ep=0x81 len=0 status=2 actual=0
[811] +25.077270 ASYNC-IN-SUBMIT ep=0x81 len=0 type=BULK (in, awaiting data)
[812] +25.109210 ASYNC-OUT ep=0x01 len=16 type=BULK 
	0000  08 00 00 18 02 10 f0 03  00 16 00 10 09 10 00 00 |................|
[813] +25.109562 ASYNC-OUT-DONE ep=0x01 len=0 status=0 actual=16
[814] +25.190121 ASYNC-IN-DONE ep=0x81 len=0 status=2 actual=0
[815] +25.190187 ASYNC-IN-SUBMIT ep=0x81 len=0 type=BULK (in, awaiting data)
[816] +25.297520 ASYNC-IN-DONE ep=0x81 len=0 status=2 actual=0
[817] +25.297633 ASYNC-IN-SUBMIT ep=0x81 len=0 type=BULK (in, awaiting data)
[818] +25.322439 ASYNC-IN-DONE ep=0x81 len=16 status=0 actual=16
	0000  08 00 00 18 ed 03 80 10  00 2c 00 10 ae 02 00 00 |.........,......|
[819] +25.322584 ASYNC-IN-SUBMIT ep=0x81 len=0 type=BULK (in, awaiting data)
[820] +25.426687 ASYNC-IN-DONE ep=0x81 len=0 status=2 actual=0
[821] +25.426763 ASYNC-IN-SUBMIT ep=0x81 len=0 type=BULK (in, awaiting data)
[822] +25.522815 ASYNC-IN-DONE ep=0x81 len=16 status=0 actual=16
	0000  08 00 00 18 ef 03 01 10  00 2c 00 10 65 02 00 00 |.........,..e...|
[823] +25.522908 ASYNC-IN-SUBMIT ep=0x81 len=0 type=BULK (in, awaiting data)
[824] +25.523121 ASYNC-IN-DONE ep=0x81 len=16 status=0 actual=16
	0000  08 00 00 18 f0 03 02 10  00 17 00 10 09 02 00 00 |................|
[825] +25.523198 ASYNC-IN-SUBMIT ep=0x81 len=0 type=BULK (in, awaiting data)
[826] +25.630382 ASYNC-IN-DONE ep=0x81 len=0 status=2 actual=0
[827] +25.630476 ASYNC-IN-SUBMIT ep=0x81 len=0 type=BULK (in, awaiting data)
[828] +25.743339 ASYNC-IN-DONE ep=0x81 len=0 status=2 actual=0
[829] +25.743430 ASYNC-IN-SUBMIT ep=0x81 len=0 type=BULK (in, awaiting data)
[830] +25.784313 ASYNC-OUT ep=0x01 len=16 type=BULK 
	0000  08 00 00 18 80 10 ed 03  00 2a 00 10 fd 1a 00 00 |.........*......|
[831] +25.784677 ASYNC-OUT-DONE ep=0x01 len=0 status=0 actual=16
[832] +25.854795 ASYNC-IN-DONE ep=0x81 len=0 status=2 actual=0
[833] +25.854855 ASYNC-IN-SUBMIT ep=0x81 len=0 type=BULK (in, awaiting data)
[834] +25.965632 ASYNC-IN-DONE ep=0x81 len=0 status=2 actual=0
[835] +25.965734 ASYNC-IN-SUBMIT ep=0x81 len=0 type=BULK (in, awaiting data)
[836] +26.043551 ASYNC-OUT ep=0x01 len=16 type=BULK 
	0000  08 00 00 18 01 10 ef 03  00 2b 00 10 93 1e 00 00 |.........+......|
[837] +26.043894 ASYNC-OUT-DONE ep=0x01 len=0 status=0 actual=16
[838] +26.078494 ASYNC-IN-DONE ep=0x81 len=0 status=2 actual=0
[839] +26.078563 ASYNC-IN-SUBMIT ep=0x81 len=0 type=BULK (in, awaiting data)
[840] +26.147723 ASYNC-OUT ep=0x01 len=16 type=BULK 
	0000  08 00 00 18 02 10 f0 03  00 17 00 10 09 10 00 00 |................|
[841] +26.148093 ASYNC-OUT-DONE ep=0x01 len=0 status=0 actual=16
[842] +26.188634 ASYNC-IN-DONE ep=0x81 len=0 status=2 actual=0
[843] +26.188789 ASYNC-IN-SUBMIT ep=0x81 len=0 type=BULK (in, awaiting data)
[844] +26.301658 ASYNC-IN-DONE ep=0x81 len=0 status=2 actual=0
[845] +26.301765 ASYNC-IN-SUBMIT ep=0x81 len=0 type=BULK (in, awaiting data)
[846] +26.325545 ASYNC-IN-DONE ep=0x81 len=16 status=0 actual=16
	0000  08 00 00 18 ed 03 80 10  00 2d 00 10 ae 02 00 00 |.........-......|
[847] +26.325686 ASYNC-IN-SUBMIT ep=0x81 len=0 type=BULK (in, awaiting data)
[848] +26.429210 ASYNC-IN-DONE ep=0x81 len=0 status=2 actual=0
[849] +26.429342 ASYNC-IN-SUBMIT ep=0x81 len=0 type=BULK (in, awaiting data)
[850] +26.526075 ASYNC-IN-DONE ep=0x81 len=16 status=0 actual=16
	0000  08 00 00 18 ef 03 01 10  00 2d 00 10 65 02 00 00 |.........-..e...|
[851] +26.526216 ASYNC-IN-SUBMIT ep=0x81 len=0 type=BULK (in, awaiting data)
[852] +26.526407 ASYNC-IN-DONE ep=0x81 len=16 status=0 actual=16
	0000  08 00 00 18 f0 03 02 10  00 18 00 10 09 02 00 00 |................|
[853] +26.526466 ASYNC-IN-SUBMIT ep=0x81 len=0 type=BULK (in, awaiting data)
[854] +26.629195 ASYNC-IN-DONE ep=0x81 len=0 status=2 actual=0
[855] +26.629233 ASYNC-IN-SUBMIT ep=0x81 len=0 type=BULK (in, awaiting data)
[856] +26.735249 ASYNC-IN-DONE ep=0x81 len=0 status=2 actual=0
[857] +26.735287 ASYNC-IN-SUBMIT ep=0x81 len=0 type=BULK (in, awaiting data)
[858] +26.823490 ASYNC-OUT ep=0x01 len=16 type=BULK 
	0000  08 00 00 18 80 10 ed 03  00 2b 00 10 fd 1a 00 00 |.........+......|
[859] +26.823882 ASYNC-OUT-DONE ep=0x01 len=0 status=0 actual=16
[860] +26.848099 ASYNC-IN-DONE ep=0x81 len=0 status=2 actual=0
[861] +26.848198 ASYNC-IN-SUBMIT ep=0x81 len=0 type=BULK (in, awaiting data)
[862] +26.959974 ASYNC-IN-DONE ep=0x81 len=0 status=2 actual=0
[863] +26.960083 ASYNC-IN-SUBMIT ep=0x81 len=0 type=BULK (in, awaiting data)
[864] +27.072838 ASYNC-IN-DONE ep=0x81 len=0 status=2 actual=0
[865] +27.072874 ASYNC-IN-SUBMIT ep=0x81 len=0 type=BULK (in, awaiting data)
[866] +27.083809 ASYNC-OUT ep=0x01 len=16 type=BULK 
	0000  08 00 00 18 01 10 ef 03  00 2c 00 10 93 1e 00 00 |.........,......|
[867] +27.084161 ASYNC-OUT-DONE ep=0x01 len=0 status=0 actual=16
[868] +27.184086 ASYNC-IN-DONE ep=0x81 len=0 status=2 actual=0
[869] +27.184173 ASYNC-IN-SUBMIT ep=0x81 len=0 type=BULK (in, awaiting data)
[870] +27.187879 ASYNC-OUT ep=0x01 len=16 type=BULK 
	0000  08 00 00 18 02 10 f0 03  00 18 00 10 09 10 00 00 |................|
[871] +27.188132 ASYNC-OUT-DONE ep=0x01 len=0 status=0 actual=16
[872] +27.295298 ASYNC-IN-DONE ep=0x81 len=0 status=2 actual=0
[873] +27.295389 ASYNC-IN-SUBMIT ep=0x81 len=0 type=BULK (in, awaiting data)
[874] +27.328285 ASYNC-IN-DONE ep=0x81 len=16 status=0 actual=16
	0000  08 00 00 18 ed 03 80 10  00 2e 00 10 ae 02 00 00 |................|
[875] +27.328390 ASYNC-IN-SUBMIT ep=0x81 len=0 type=BULK (in, awaiting data)
[876] +27.432071 ASYNC-IN-DONE ep=0x81 len=0 status=2 actual=0
[877] +27.432182 ASYNC-IN-SUBMIT ep=0x81 len=0 type=BULK (in, awaiting data)
[878] +27.529619 ASYNC-IN-DONE ep=0x81 len=16 status=0 actual=16
	0000  08 00 00 18 ef 03 01 10  00 2e 00 10 65 02 00 00 |............e...|
[879] +27.529747 ASYNC-IN-SUBMIT ep=0x81 len=0 type=BULK (in, awaiting data)
[880] +27.529881 ASYNC-IN-DONE ep=0x81 len=16 status=0 actual=16
	0000  08 00 00 18 f0 03 02 10  00 19 00 10 09 02 00 00 |................|
[881] +27.529931 ASYNC-IN-SUBMIT ep=0x81 len=0 type=BULK (in, awaiting data)
[882] +27.637225 ASYNC-IN-DONE ep=0x81 len=0 status=2 actual=0
[883] +27.637319 ASYNC-IN-SUBMIT ep=0x81 len=0 type=BULK (in, awaiting data)
[884] +27.750163 ASYNC-IN-DONE ep=0x81 len=0 status=2 actual=0
[885] +27.750267 ASYNC-IN-SUBMIT ep=0x81 len=0 type=BULK (in, awaiting data)
[886] +27.851248 ASYNC-IN-DONE ep=0x81 len=0 status=2 actual=0
[887] +27.851352 ASYNC-IN-SUBMIT ep=0x81 len=0 type=BULK (in, awaiting data)
[888] +27.863957 ASYNC-OUT ep=0x01 len=16 type=BULK 
	0000  08 00 00 18 80 10 ed 03  00 2c 00 10 fd 1a 00 00 |.........,......|
[889] +27.864213 ASYNC-OUT-DONE ep=0x01 len=0 status=0 actual=16
[890] +27.963809 ASYNC-IN-DONE ep=0x81 len=0 status=2 actual=0
[891] +27.963883 ASYNC-IN-SUBMIT ep=0x81 len=0 type=BULK (in, awaiting data)
[892] +28.072321 ASYNC-IN-DONE ep=0x81 len=0 status=2 actual=0
[893] +28.072403 ASYNC-IN-SUBMIT ep=0x81 len=0 type=BULK (in, awaiting data)
[894] +28.124200 ASYNC-OUT ep=0x01 len=16 type=BULK 
	0000  08 00 00 18 01 10 ef 03  00 2d 00 10 93 1e 00 00 |.........-......|
[895] +28.124478 ASYNC-OUT-DONE ep=0x01 len=0 status=0 actual=16
[896] +28.181253 ASYNC-IN-DONE ep=0x81 len=0 status=2 actual=0
[897] +28.181347 ASYNC-IN-SUBMIT ep=0x81 len=0 type=BULK (in, awaiting data)
[898] +28.227836 ASYNC-OUT ep=0x01 len=16 type=BULK 
	0000  08 00 00 18 02 10 f0 03  00 19 00 10 09 10 00 00 |................|
[899] +28.228123 ASYNC-OUT-DONE ep=0x01 len=0 status=0 actual=16
[900] +28.293401 ASYNC-IN-DONE ep=0x81 len=0 status=2 actual=0
[901] +28.293472 ASYNC-IN-SUBMIT ep=0x81 len=0 type=BULK (in, awaiting data)
[902] +28.331707 ASYNC-IN-DONE ep=0x81 len=16 status=0 actual=16
	0000  08 00 00 18 ed 03 80 10  00 2f 00 10 ae 02 00 00 |........./......|
[903] +28.331854 ASYNC-IN-SUBMIT ep=0x81 len=0 type=BULK (in, awaiting data)
[904] +28.444716 ASYNC-IN-DONE ep=0x81 len=0 status=2 actual=0
[905] +28.444832 ASYNC-IN-SUBMIT ep=0x81 len=0 type=BULK (in, awaiting data)
[906] +28.532418 ASYNC-IN-DONE ep=0x81 len=16 status=0 actual=16
	0000  08 00 00 18 ef 03 01 10  00 2f 00 10 65 02 00 00 |........./..e...|
[907] +28.532554 ASYNC-IN-SUBMIT ep=0x81 len=0 type=BULK (in, awaiting data)
[908] +28.532775 ASYNC-IN-DONE ep=0x81 len=16 status=0 actual=16
	0000  08 00 00 18 f0 03 02 10  00 1a 00 10 09 02 00 00 |................|
[909] +28.532858 ASYNC-IN-SUBMIT ep=0x81 len=0 type=BULK (in, awaiting data)
[910] +28.637201 ASYNC-IN-DONE ep=0x81 len=0 status=2 actual=0
[911] +28.637351 ASYNC-IN-SUBMIT ep=0x81 len=0 type=BULK (in, awaiting data)
[912] +28.746586 ASYNC-IN-DONE ep=0x81 len=0 status=2 actual=0
[913] +28.746693 ASYNC-IN-SUBMIT ep=0x81 len=0 type=BULK (in, awaiting data)
[914] +28.859433 ASYNC-IN-DONE ep=0x81 len=0 status=2 actual=0
[915] +28.859546 ASYNC-IN-SUBMIT ep=0x81 len=0 type=BULK (in, awaiting data)
[916] +28.900961 ASYNC-OUT ep=0x01 len=16 type=BULK 
	0000  08 00 00 18 80 10 ed 03  00 2d 00 10 fd 1a 00 00 |.........-......|
[917] +28.901334 ASYNC-OUT-DONE ep=0x01 len=0 status=0 actual=16
[918] +28.972429 ASYNC-IN-DONE ep=0x81 len=0 status=2 actual=0
[919] +28.972534 ASYNC-IN-SUBMIT ep=0x81 len=0 type=BULK (in, awaiting data)
[920] +29.074078 ASYNC-IN-DONE ep=0x81 len=0 status=2 actual=0
[921] +29.074183 ASYNC-IN-SUBMIT ep=0x81 len=0 type=BULK (in, awaiting data)
[922] +29.160843 ASYNC-OUT ep=0x01 len=16 type=BULK 
	0000  08 00 00 18 01 10 ef 03  00 2e 00 10 93 1e 00 00 |................|
[923] +29.161233 ASYNC-OUT-DONE ep=0x01 len=0 status=0 actual=16
[924] +29.187033 ASYNC-IN-DONE ep=0x81 len=0 status=2 actual=0
[925] +29.187131 ASYNC-IN-SUBMIT ep=0x81 len=0 type=BULK (in, awaiting data)
[926] +29.264922 ASYNC-OUT ep=0x01 len=16 type=BULK 
	0000  08 00 00 18 02 10 f0 03  00 1a 00 10 09 10 00 00 |................|
[927] +29.265196 ASYNC-OUT-DONE ep=0x01 len=0 status=0 actual=16
[928] +29.288136 ASYNC-IN-DONE ep=0x81 len=0 status=2 actual=0
[929] +29.288212 ASYNC-IN-SUBMIT ep=0x81 len=0 type=BULK (in, awaiting data)
[930] +29.334890 ASYNC-IN-DONE ep=0x81 len=16 status=0 actual=16
	0000  08 00 00 18 ed 03 80 10  00 30 00 10 ae 02 00 00 |.........0......|
[931] +29.335023 ASYNC-IN-SUBMIT ep=0x81 len=0 type=BULK (in, awaiting data)
[932] +29.438881 ASYNC-IN-DONE ep=0x81 len=0 status=2 actual=0
[933] +29.438963 ASYNC-IN-SUBMIT ep=0x81 len=0 type=BULK (in, awaiting data)
[934] +29.535959 ASYNC-IN-DONE ep=0x81 len=16 status=0 actual=16
	0000  08 00 00 18 ef 03 01 10  00 30 00 10 65 02 00 00 |.........0..e...|
[935] +29.536032 ASYNC-IN-SUBMIT ep=0x81 len=0 type=BULK (in, awaiting data)
[936] +29.536171 ASYNC-IN-DONE ep=0x81 len=16 status=0 actual=16
	0000  08 00 00 18 f0 03 02 10  00 1b 00 10 09 02 00 00 |................|
[937] +29.536210 ASYNC-IN-SUBMIT ep=0x81 len=0 type=BULK (in, awaiting data)
[938] +29.639822 ASYNC-IN-DONE ep=0x81 len=0 status=2 actual=0
[939] +29.639922 ASYNC-IN-SUBMIT ep=0x81 len=0 type=BULK (in, awaiting data)
[940] +29.742491 ASYNC-IN-DONE ep=0x81 len=0 status=2 actual=0
[941] +29.742596 ASYNC-IN-SUBMIT ep=0x81 len=0 type=BULK (in, awaiting data)
[942] +29.855237 ASYNC-IN-DONE ep=0x81 len=0 status=2 actual=0
[943] +29.855336 ASYNC-IN-SUBMIT ep=0x81 len=0 type=BULK (in, awaiting data)
[944] +29.941225 ASYNC-OUT ep=0x01 len=16 type=BULK 
	0000  08 00 00 18 80 10 ed 03  00 2e 00 10 fd 1a 00 00 |................|
[945] +29.941500 ASYNC-OUT-DONE ep=0x01 len=0 status=0 actual=16
[946] +29.963740 ASYNC-IN-DONE ep=0x81 len=0 status=2 actual=0
[947] +29.963806 ASYNC-IN-SUBMIT ep=0x81 len=0 type=BULK (in, awaiting data)
[948] +30.072939 ASYNC-IN-DONE ep=0x81 len=0 status=2 actual=0
[949] +30.073033 ASYNC-IN-SUBMIT ep=0x81 len=0 type=BULK (in, awaiting data)
[950] +30.180254 ASYNC-IN-DONE ep=0x81 len=0 status=2 actual=0
[951] +30.180346 ASYNC-IN-SUBMIT ep=0x81 len=0 type=BULK (in, awaiting data)
[952] +30.200277 ASYNC-OUT ep=0x01 len=16 type=BULK 
	0000  08 00 00 18 01 10 ef 03  00 2f 00 10 93 1e 00 00 |........./......|
[953] +30.200562 ASYNC-OUT-DONE ep=0x01 len=0 status=0 actual=16
[954] +30.292750 ASYNC-IN-DONE ep=0x81 len=0 status=2 actual=0
[955] +30.292839 ASYNC-IN-SUBMIT ep=0x81 len=0 type=BULK (in, awaiting data)
[956] +30.304395 ASYNC-OUT ep=0x01 len=16 type=BULK 
	0000  08 00 00 18 02 10 f0 03  00 1b 00 10 09 10 00 00 |................|
[957] +30.304759 ASYNC-OUT-DONE ep=0x01 len=0 status=0 actual=16
[958] +30.338339 ASYNC-IN-DONE ep=0x81 len=16 status=0 actual=16
	0000  08 00 00 18 ed 03 80 10  00 31 00 10 ae 02 00 00 |.........1......|
[959] +30.338459 ASYNC-IN-SUBMIT ep=0x81 len=0 type=BULK (in, awaiting data)
[960] +30.451242 ASYNC-IN-DONE ep=0x81 len=0 status=2 actual=0
[961] +30.451321 ASYNC-IN-SUBMIT ep=0x81 len=0 type=BULK (in, awaiting data)
[962] +30.538897 ASYNC-IN-DONE ep=0x81 len=16 status=0 actual=16
	0000  08 00 00 18 ef 03 01 10  00 31 00 10 65 02 00 00 |.........1..e...|
[963] +30.539027 ASYNC-IN-SUBMIT ep=0x81 len=0 type=BULK (in, awaiting data)
[964] +30.539240 ASYNC-IN-DONE ep=0x81 len=16 status=0 actual=16
	0000  08 00 00 18 f0 03 02 10  00 1c 00 10 09 02 00 00 |................|
[965] +30.539301 ASYNC-IN-SUBMIT ep=0x81 len=0 type=BULK (in, awaiting data)
[966] +30.641455 ASYNC-IN-DONE ep=0x81 len=0 status=2 actual=0
[967] +30.641536 ASYNC-IN-SUBMIT ep=0x81 len=0 type=BULK (in, awaiting data)
[968] +30.751631 ASYNC-IN-DONE ep=0x81 len=0 status=2 actual=0
[969] +30.751737 ASYNC-IN-SUBMIT ep=0x81 len=0 type=BULK (in, awaiting data)
[970] +30.854618 ASYNC-IN-DONE ep=0x81 len=0 status=2 actual=0
[971] +30.854659 ASYNC-IN-SUBMIT ep=0x81 len=0 type=BULK (in, awaiting data)
[972] +30.963520 ASYNC-IN-DONE ep=0x81 len=0 status=2 actual=0
[973] +30.963561 ASYNC-IN-SUBMIT ep=0x81 len=0 type=BULK (in, awaiting data)
[974] +30.978025 ASYNC-OUT ep=0x01 len=16 type=BULK 
	0000  08 00 00 18 80 10 ed 03  00 2f 00 10 fd 1a 00 00 |........./......|
[975] +30.978442 ASYNC-OUT-DONE ep=0x01 len=0 status=0 actual=16
[976] +31.076364 ASYNC-IN-DONE ep=0x81 len=0 status=2 actual=0
[977] +31.076450 ASYNC-IN-SUBMIT ep=0x81 len=0 type=BULK (in, awaiting data)
[978] +31.177874 ASYNC-IN-DONE ep=0x81 len=0 status=2 actual=0
[979] +31.177959 ASYNC-IN-SUBMIT ep=0x81 len=0 type=BULK (in, awaiting data)
[980] +31.237158 ASYNC-OUT ep=0x01 len=16 type=BULK 
	0000  08 00 00 18 01 10 ef 03  00 30 00 10 93 1e 00 00 |.........0......|
[981] +31.237588 ASYNC-OUT-DONE ep=0x01 len=0 status=0 actual=16
[982] +31.289381 ASYNC-IN-DONE ep=0x81 len=0 status=2 actual=0
[983] +31.289481 ASYNC-IN-SUBMIT ep=0x81 len=0 type=BULK (in, awaiting data)
[984] +31.341268 ASYNC-OUT ep=0x01 len=16 type=BULK 
	0000  08 00 00 18 02 10 f0 03  00 1c 00 10 09 10 00 00 |................|
[985] +31.341583 ASYNC-OUT-DONE ep=0x01 len=0 status=0 actual=16
[986] +31.341759 ASYNC-IN-DONE ep=0x81 len=16 status=0 actual=16
	0000  08 00 00 18 ed 03 80 10  00 32 00 10 ae 02 00 00 |.........2......|
[987] +31.341837 ASYNC-IN-SUBMIT ep=0x81 len=0 type=BULK (in, awaiting data)
[988] +31.445546 ASYNC-IN-DONE ep=0x81 len=0 status=2 actual=0
[989] +31.445616 ASYNC-IN-SUBMIT ep=0x81 len=0 type=BULK (in, awaiting data)
[990] +31.542676 ASYNC-IN-DONE ep=0x81 len=16 status=0 actual=16
	0000  08 00 00 18 ef 03 01 10  00 32 00 10 65 02 00 00 |.........2..e...|
[991] +31.542787 ASYNC-IN-SUBMIT ep=0x81 len=0 type=BULK (in, awaiting data)
[992] +31.542953 ASYNC-IN-DONE ep=0x81 len=16 status=0 actual=16
	0000  08 00 00 18 f0 03 02 10  00 1d 00 10 09 02 00 00 |................|
[993] +31.543018 ASYNC-IN-SUBMIT ep=0x81 len=0 type=BULK (in, awaiting data)
[994] +31.655217 ASYNC-IN-DONE ep=0x81 len=0 status=2 actual=0
[995] +31.655281 ASYNC-IN-SUBMIT ep=0x81 len=0 type=BULK (in, awaiting data)
[996] +31.761845 ASYNC-IN-DONE ep=0x81 len=0 status=2 actual=0
[997] +31.761923 ASYNC-IN-SUBMIT ep=0x81 len=0 type=BULK (in, awaiting data)
[998] +31.874714 ASYNC-IN-DONE ep=0x81 len=0 status=2 actual=0
[999] +31.874788 ASYNC-IN-SUBMIT ep=0x81 len=0 type=BULK (in, awaiting data)
[1000] +31.981862 ASYNC-IN-DONE ep=0x81 len=0 status=2 actual=0
[1001] +31.981943 ASYNC-IN-SUBMIT ep=0x81 len=0 type=BULK (in, awaiting data)
[1002] +32.015861 ASYNC-OUT ep=0x01 len=16 type=BULK 
	0000  08 00 00 18 80 10 ed 03  00 30 00 10 fd 1a 00 00 |.........0......|
[1003] +32.016248 ASYNC-OUT-DONE ep=0x01 len=0 status=0 actual=16
[1004] +32.094054 ASYNC-IN-DONE ep=0x81 len=0 status=2 actual=0
[1005] +32.094135 ASYNC-IN-SUBMIT ep=0x81 len=0 type=BULK (in, awaiting data)
[1006] +32.206061 ASYNC-IN-DONE ep=0x81 len=0 status=2 actual=0
[1007] +32.206088 ASYNC-IN-SUBMIT ep=0x81 len=0 type=BULK (in, awaiting data)
[1008] +32.275085 ASYNC-OUT ep=0x01 len=16 type=BULK 
	0000  08 00 00 18 01 10 ef 03  00 31 00 10 93 1e 00 00 |.........1......|
[1009] +32.275393 ASYNC-OUT-DONE ep=0x01 len=0 status=0 actual=16
[1010] +32.312275 ASYNC-IN-DONE ep=0x81 len=0 status=2 actual=0
[1011] +32.312310 ASYNC-IN-SUBMIT ep=0x81 len=0 type=BULK (in, awaiting data)
[1012] +32.345016 ASYNC-IN-DONE ep=0x81 len=16 status=0 actual=16
	0000  08 00 00 18 ed 03 80 10  00 33 00 10 ae 02 00 00 |.........3......|
[1013] +32.345057 ASYNC-IN-SUBMIT ep=0x81 len=0 type=BULK (in, awaiting data)
[1014] +32.379066 ASYNC-OUT ep=0x01 len=16 type=BULK 
	0000  08 00 00 18 02 10 f0 03  00 1d 00 10 09 10 00 00 |................|
[1015] +32.379324 ASYNC-OUT-DONE ep=0x01 len=0 status=0 actual=16
[1016] +32.456921 ASYNC-IN-DONE ep=0x81 len=0 status=2 actual=0
[1017] +32.456951 ASYNC-IN-SUBMIT ep=0x81 len=0 type=BULK (in, awaiting data)
[1018] +32.546156 ASYNC-IN-DONE ep=0x81 len=16 status=0 actual=16
	0000  08 00 00 18 ef 03 01 10  00 33 00 10 65 02 00 00 |.........3..e...|
[1019] +32.546196 ASYNC-IN-SUBMIT ep=0x81 len=0 type=BULK (in, awaiting data)
[1020] +32.546312 ASYNC-IN-DONE ep=0x81 len=16 status=0 actual=16
	0000  08 00 00 18 f0 03 02 10  00 1e 00 10 09 02 00 00 |................|
[1021] +32.546334 ASYNC-IN-SUBMIT ep=0x81 len=0 type=BULK (in, awaiting data)
[1022] +32.655275 ASYNC-IN-DONE ep=0x81 len=0 status=2 actual=0
[1023] +32.655359 ASYNC-IN-SUBMIT ep=0x81 len=0 type=BULK (in, awaiting data)
[1024] +32.768222 ASYNC-IN-DONE ep=0x81 len=0 status=2 actual=0
[1025] +32.768299 ASYNC-IN-SUBMIT ep=0x81 len=0 type=BULK (in, awaiting data)
[1026] +32.881059 ASYNC-IN-DONE ep=0x81 len=0 status=2 actual=0
[1027] +32.881146 ASYNC-IN-SUBMIT ep=0x81 len=0 type=BULK (in, awaiting data)
[1028] +32.993326 ASYNC-IN-DONE ep=0x81 len=0 status=2 actual=0
[1029] +32.993411 ASYNC-IN-SUBMIT ep=0x81 len=0 type=BULK (in, awaiting data)
[1030] +33.052836 ASYNC-OUT ep=0x01 len=16 type=BULK 
	0000  08 00 00 18 80 10 ed 03  00 31 00 10 fd 1a 00 00 |.........1......|
[1031] +33.053139 ASYNC-OUT-DONE ep=0x01 len=0 status=0 actual=16
[1032] +33.106231 ASYNC-IN-DONE ep=0x81 len=0 status=2 actual=0
[1033] +33.106325 ASYNC-IN-SUBMIT ep=0x81 len=0 type=BULK (in, awaiting data)
[1034] +33.213904 ASYNC-IN-DONE ep=0x81 len=0 status=2 actual=0
[1035] +33.214017 ASYNC-IN-SUBMIT ep=0x81 len=0 type=BULK (in, awaiting data)
[1036] +33.312639 ASYNC-OUT ep=0x01 len=16 type=BULK 
	0000  08 00 00 18 01 10 ef 03  00 32 00 10 93 1e 00 00 |.........2......|
[1037] +33.313047 ASYNC-OUT-DONE ep=0x01 len=0 status=0 actual=16
[1038] +33.326021 ASYNC-IN-DONE ep=0x81 len=0 status=2 actual=0
[1039] +33.326091 ASYNC-IN-SUBMIT ep=0x81 len=0 type=BULK (in, awaiting data)
[1040] +33.349311 ASYNC-IN-DONE ep=0x81 len=16 status=0 actual=16
	0000  08 00 00 18 ed 03 80 10  00 34 00 10 ae 02 00 00 |.........4......|
[1041] +33.349441 ASYNC-IN-SUBMIT ep=0x81 len=0 type=BULK (in, awaiting data)
[1042] +33.416441 ASYNC-OUT ep=0x01 len=16 type=BULK 
	0000  08 00 00 18 02 10 f0 03  00 1e 00 10 09 10 00 00 |................|
[1043] +33.416784 ASYNC-OUT-DONE ep=0x01 len=0 status=0 actual=16
[1044] +33.461910 ASYNC-IN-DONE ep=0x81 len=0 status=2 actual=0
[1045] +33.461986 ASYNC-IN-SUBMIT ep=0x81 len=0 type=BULK (in, awaiting data)
[1046] +33.549754 ASYNC-IN-DONE ep=0x81 len=16 status=0 actual=16
	0000  08 00 00 18 ef 03 01 10  00 34 00 10 65 02 00 00 |.........4..e...|
[1047] +33.549885 ASYNC-IN-SUBMIT ep=0x81 len=0 type=BULK (in, awaiting data)
[1048] +33.550082 ASYNC-IN-DONE ep=0x81 len=16 status=0 actual=16
	0000  08 00 00 18 f0 03 02 10  00 1f 00 10 09 02 00 00 |................|
[1049] +33.550138 ASYNC-IN-SUBMIT ep=0x81 len=0 type=BULK (in, awaiting data)
[1050] +33.650740 ASYNC-IN-DONE ep=0x81 len=0 status=2 actual=0
[1051] +33.650838 ASYNC-IN-SUBMIT ep=0x81 len=0 type=BULK (in, awaiting data)
[1052] +33.763563 ASYNC-IN-DONE ep=0x81 len=0 status=2 actual=0
[1053] +33.763646 ASYNC-IN-SUBMIT ep=0x81 len=0 type=BULK (in, awaiting data)
[1054] +33.871916 ASYNC-IN-DONE ep=0x81 len=0 status=2 actual=0
[1055] +33.872012 ASYNC-IN-SUBMIT ep=0x81 len=0 type=BULK (in, awaiting data)
[1056] +33.984874 ASYNC-IN-DONE ep=0x81 len=0 status=2 actual=0
[1057] +33.984960 ASYNC-IN-SUBMIT ep=0x81 len=0 type=BULK (in, awaiting data)
[1058] +34.085490 ASYNC-IN-DONE ep=0x81 len=0 status=2 actual=0
[1059] +34.085591 ASYNC-IN-SUBMIT ep=0x81 len=0 type=BULK (in, awaiting data)
[1060] +34.090779 ASYNC-OUT ep=0x01 len=16 type=BULK 
	0000  08 00 00 18 80 10 ed 03  00 32 00 10 fd 1a 00 00 |.........2......|
[1061] +34.091238 ASYNC-OUT-DONE ep=0x01 len=0 status=0 actual=16
[1062] +34.196909 ASYNC-IN-DONE ep=0x81 len=0 status=2 actual=0
[1063] +34.196996 ASYNC-IN-SUBMIT ep=0x81 len=0 type=BULK (in, awaiting data)
[1064] +34.309443 ASYNC-IN-DONE ep=0x81 len=0 status=2 actual=0
[1065] +34.309539 ASYNC-IN-SUBMIT ep=0x81 len=0 type=BULK (in, awaiting data)
[1066] +34.351059 ASYNC-OUT ep=0x01 len=16 type=BULK 
	0000  08 00 00 18 01 10 ef 03  00 33 00 10 93 1e 00 00 |.........3......|
[1067] +34.351421 ASYNC-OUT-DONE ep=0x01 len=0 status=0 actual=16
[1068] +34.352288 ASYNC-IN-DONE ep=0x81 len=16 status=0 actual=16
	0000  08 00 00 18 ed 03 80 10  00 35 00 10 ae 02 00 00 |.........5......|
[1069] +34.352381 ASYNC-IN-SUBMIT ep=0x81 len=0 type=BULK (in, awaiting data)
[1070] +34.455148 ASYNC-OUT ep=0x01 len=16 type=BULK 
	0000  08 00 00 18 02 10 f0 03  00 1f 00 10 09 10 00 00 |................|
[1071] +34.455493 ASYNC-OUT-DONE ep=0x01 len=0 status=0 actual=16
[1072] +34.457261 ASYNC-IN-DONE ep=0x81 len=0 status=2 actual=0
[1073] +34.457311 ASYNC-IN-SUBMIT ep=0x81 len=0 type=BULK (in, awaiting data)
[1074] +34.552612 ASYNC-IN-DONE ep=0x81 len=16 status=0 actual=16
	0000  08 00 00 18 ef 03 01 10  00 35 00 10 65 02 00 00 |.........5..e...|
[1075] +34.552660 ASYNC-IN-SUBMIT ep=0x81 len=0 type=BULK (in, awaiting data)
[1076] +34.552814 ASYNC-IN-DONE ep=0x81 len=16 status=0 actual=16
	0000  08 00 00 18 f0 03 02 10  00 20 00 10 09 02 00 00 |......... ......|
[1077] +34.552833 ASYNC-IN-SUBMIT ep=0x81 len=0 type=BULK (in, awaiting data)
[1078] +34.665633 ASYNC-IN-DONE ep=0x81 len=0 status=2 actual=0
[1079] +34.665670 ASYNC-IN-SUBMIT ep=0x81 len=0 type=BULK (in, awaiting data)
[1080] +34.770175 ASYNC-IN-DONE ep=0x81 len=0 status=2 actual=0
[1081] +34.770255 ASYNC-IN-SUBMIT ep=0x81 len=0 type=BULK (in, awaiting data)
[1082] +34.870688 ASYNC-IN-DONE ep=0x81 len=0 status=2 actual=0
[1083] +34.870781 ASYNC-IN-SUBMIT ep=0x81 len=0 type=BULK (in, awaiting data)
[1084] +34.978242 ASYNC-IN-DONE ep=0x81 len=0 status=2 actual=0
[1085] +34.978366 ASYNC-IN-SUBMIT ep=0x81 len=0 type=BULK (in, awaiting data)
[1086] +35.084280 ASYNC-IN-DONE ep=0x81 len=0 status=2 actual=0
[1087] +35.084376 ASYNC-IN-SUBMIT ep=0x81 len=0 type=BULK (in, awaiting data)
[1088] +35.129505 ASYNC-OUT ep=0x01 len=16 type=BULK 
	0000  08 00 00 18 80 10 ed 03  00 33 00 10 fd 1a 00 00 |.........3......|
[1089] +35.129862 ASYNC-OUT-DONE ep=0x01 len=0 status=0 actual=16
[1090] +35.197212 ASYNC-IN-DONE ep=0x81 len=0 status=2 actual=0
[1091] +35.197290 ASYNC-IN-SUBMIT ep=0x81 len=0 type=BULK (in, awaiting data)
[1092] +35.309443 ASYNC-IN-DONE ep=0x81 len=0 status=2 actual=0
[1093] +35.309506 ASYNC-IN-SUBMIT ep=0x81 len=0 type=BULK (in, awaiting data)
[1094] +35.354843 ASYNC-IN-DONE ep=0x81 len=16 status=0 actual=16
	0000  08 00 00 18 ed 03 80 10  00 36 00 10 ae 02 00 00 |.........6......|
[1095] +35.354900 ASYNC-IN-SUBMIT ep=0x81 len=0 type=BULK (in, awaiting data)
[1096] +35.388806 ASYNC-OUT ep=0x01 len=16 type=BULK 
	0000  08 00 00 18 01 10 ef 03  00 34 00 10 93 1e 00 00 |.........4......|
[1097] +35.389135 ASYNC-OUT-DONE ep=0x01 len=0 status=0 actual=16
[1098] +35.465574 ASYNC-IN-DONE ep=0x81 len=0 status=2 actual=0
[1099] +35.465657 ASYNC-IN-SUBMIT ep=0x81 len=0 type=BULK (in, awaiting data)
[1100] +35.492929 ASYNC-OUT ep=0x01 len=16 type=BULK 
	0000  08 00 00 18 02 10 f0 03  00 20 00 10 09 10 00 00 |......... ......|
[1101] +35.493293 ASYNC-OUT-DONE ep=0x01 len=0 status=0 actual=16
[1102] +35.556024 ASYNC-IN-DONE ep=0x81 len=16 status=0 actual=16
	0000  08 00 00 18 ef 03 01 10  00 36 00 10 65 02 00 00 |.........6..e...|
[1103] +35.556155 ASYNC-IN-SUBMIT ep=0x81 len=0 type=BULK (in, awaiting data)
[1104] +35.556349 ASYNC-IN-DONE ep=0x81 len=16 status=0 actual=16
	0000  08 00 00 18 f0 03 02 10  00 21 00 10 09 02 00 00 |.........!......|
[1105] +35.556410 ASYNC-IN-SUBMIT ep=0x81 len=0 type=BULK (in, awaiting data)
[1106] +35.667793 ASYNC-IN-DONE ep=0x81 len=0 status=2 actual=0
[1107] +35.667872 ASYNC-IN-SUBMIT ep=0x81 len=0 type=BULK (in, awaiting data)
[1108] +35.780395 ASYNC-IN-DONE ep=0x81 len=0 status=2 actual=0
[1109] +35.780493 ASYNC-IN-SUBMIT ep=0x81 len=0 type=BULK (in, awaiting data)
[1110] +35.889851 ASYNC-IN-DONE ep=0x81 len=0 status=2 actual=0
[1111] +35.889940 ASYNC-IN-SUBMIT ep=0x81 len=0 type=BULK (in, awaiting data)
[1112] +36.001638 ASYNC-IN-DONE ep=0x81 len=0 status=2 actual=0
[1113] +36.001742 ASYNC-IN-SUBMIT ep=0x81 len=0 type=BULK (in, awaiting data)
[1114] +36.105149 ASYNC-IN-DONE ep=0x81 len=0 status=2 actual=0
[1115] +36.105250 ASYNC-IN-SUBMIT ep=0x81 len=0 type=BULK (in, awaiting data)
[1116] +36.166213 ASYNC-OUT ep=0x01 len=16 type=BULK 
	0000  08 00 00 18 80 10 ed 03  00 34 00 10 fd 1a 00 00 |.........4......|
[1117] +36.166545 ASYNC-OUT-DONE ep=0x01 len=0 status=0 actual=16
[1118] +36.217765 ASYNC-IN-DONE ep=0x81 len=0 status=2 actual=0
[1119] +36.217808 ASYNC-IN-SUBMIT ep=0x81 len=0 type=BULK (in, awaiting data)
[1120] +36.327285 ASYNC-IN-DONE ep=0x81 len=0 status=2 actual=0
[1121] +36.327349 ASYNC-IN-SUBMIT ep=0x81 len=0 type=BULK (in, awaiting data)
[1122] +36.358879 ASYNC-IN-DONE ep=0x81 len=16 status=0 actual=16
	0000  08 00 00 18 ed 03 80 10  00 37 00 10 ae 02 00 00 |.........7......|
[1123] +36.359015 ASYNC-IN-SUBMIT ep=0x81 len=0 type=BULK (in, awaiting data)
[1124] +36.426523 ASYNC-OUT ep=0x01 len=16 type=BULK 
	0000  08 00 00 18 01 10 ef 03  00 35 00 10 93 1e 00 00 |.........5......|
[1125] +36.426902 ASYNC-OUT-DONE ep=0x01 len=0 status=0 actual=16
[1126] +36.464066 ASYNC-IN-DONE ep=0x81 len=0 status=2 actual=0
[1127] +36.464149 ASYNC-IN-SUBMIT ep=0x81 len=0 type=BULK (in, awaiting data)
[1128] +36.530196 ASYNC-OUT ep=0x01 len=16 type=BULK 
	0000  08 00 00 18 02 10 f0 03  00 21 00 10 09 10 00 00 |.........!......|
[1129] +36.530530 ASYNC-OUT-DONE ep=0x01 len=0 status=0 actual=16
[1130] +36.559226 ASYNC-IN-DONE ep=0x81 len=16 status=0 actual=16
	0000  08 00 00 18 ef 03 01 10  00 37 00 10 65 02 00 00 |.........7..e...|
[1131] +36.559358 ASYNC-IN-SUBMIT ep=0x81 len=0 type=BULK (in, awaiting data)
[1132] +36.559581 ASYNC-IN-DONE ep=0x81 len=16 status=0 actual=16
	0000  08 00 00 18 f0 03 02 10  00 22 00 10 09 02 00 00 |........."......|
[1133] +36.559658 ASYNC-IN-SUBMIT ep=0x81 len=0 type=BULK (in, awaiting data)
[1134] +36.666847 ASYNC-IN-DONE ep=0x81 len=0 status=2 actual=0
[1135] +36.666881 ASYNC-IN-SUBMIT ep=0x81 len=0 type=BULK (in, awaiting data)
[1136] +36.779707 ASYNC-IN-DONE ep=0x81 len=0 status=2 actual=0
[1137] +36.779742 ASYNC-IN-SUBMIT ep=0x81 len=0 type=BULK (in, awaiting data)
[1138] +36.891847 ASYNC-IN-DONE ep=0x81 len=0 status=2 actual=0
[1139] +36.891876 ASYNC-IN-SUBMIT ep=0x81 len=0 type=BULK (in, awaiting data)
[1140] +36.995659 ASYNC-IN-DONE ep=0x81 len=0 status=2 actual=0
[1141] +36.995775 ASYNC-IN-SUBMIT ep=0x81 len=0 type=BULK (in, awaiting data)
[1142] +37.102730 ASYNC-IN-DONE ep=0x81 len=0 status=2 actual=0
[1143] +37.102840 ASYNC-IN-SUBMIT ep=0x81 len=0 type=BULK (in, awaiting data)
[1144] +37.202680 ASYNC-OUT ep=0x01 len=16 type=BULK 
	0000  08 00 00 18 80 10 ed 03  00 35 00 10 fd 1a 00 00 |.........5......|
[1145] +37.202940 ASYNC-OUT-DONE ep=0x01 len=0 status=0 actual=16
[1146] +37.214255 ASYNC-IN-DONE ep=0x81 len=0 status=2 actual=0
[1147] +37.214277 ASYNC-IN-SUBMIT ep=0x81 len=0 type=BULK (in, awaiting data)
[1148] +37.325730 ASYNC-IN-DONE ep=0x81 len=0 status=2 actual=0
[1149] +37.325802 ASYNC-IN-SUBMIT ep=0x81 len=0 type=BULK (in, awaiting data)
[1150] +37.361596 ASYNC-IN-DONE ep=0x81 len=16 status=0 actual=16
	0000  08 00 00 18 ed 03 80 10  00 38 00 10 ae 02 00 00 |.........8......|
[1151] +37.361723 ASYNC-IN-SUBMIT ep=0x81 len=0 type=BULK (in, awaiting data)
[1152] +37.462403 ASYNC-OUT ep=0x01 len=16 type=BULK 
	0000  08 00 00 18 01 10 ef 03  00 36 00 10 93 1e 00 00 |.........6......|
[1153] +37.462759 ASYNC-OUT-DONE ep=0x01 len=0 status=0 actual=16
[1154] +37.474514 ASYNC-IN-DONE ep=0x81 len=0 status=2 actual=0
[1155] +37.474577 ASYNC-IN-SUBMIT ep=0x81 len=0 type=BULK (in, awaiting data)
[1156] +37.562700 ASYNC-IN-DONE ep=0x81 len=16 status=0 actual=16
	0000  08 00 00 18 ef 03 01 10  00 38 00 10 65 02 00 00 |.........8..e...|
[1157] +37.562831 ASYNC-IN-SUBMIT ep=0x81 len=0 type=BULK (in, awaiting data)
[1158] +37.563025 ASYNC-IN-DONE ep=0x81 len=16 status=0 actual=16
	0000  08 00 00 18 f0 03 02 10  00 23 00 10 09 02 00 00 |.........#......|
[1159] +37.563082 ASYNC-IN-SUBMIT ep=0x81 len=0 type=BULK (in, awaiting data)
[1160] +37.565926 ASYNC-OUT ep=0x01 len=16 type=BULK 
	0000  08 00 00 18 02 10 f0 03  00 22 00 10 09 10 00 00 |........."......|
[1161] +37.566124 ASYNC-OUT-DONE ep=0x01 len=0 status=0 actual=16
[1162] +37.671944 ASYNC-IN-DONE ep=0x81 len=0 status=2 actual=0
[1163] +37.672039 ASYNC-IN-SUBMIT ep=0x81 len=0 type=BULK (in, awaiting data)
[1164] +37.779861 ASYNC-IN-DONE ep=0x81 len=0 status=2 actual=0
[1165] +37.779923 ASYNC-IN-SUBMIT ep=0x81 len=0 type=BULK (in, awaiting data)
[1166] +37.888628 ASYNC-IN-DONE ep=0x81 len=0 status=2 actual=0
[1167] +37.888720 ASYNC-IN-SUBMIT ep=0x81 len=0 type=BULK (in, awaiting data)
[1168] +38.001121 ASYNC-IN-DONE ep=0x81 len=0 status=2 actual=0
[1169] +38.001218 ASYNC-IN-SUBMIT ep=0x81 len=0 type=BULK (in, awaiting data)
[1170] +38.112936 ASYNC-IN-DONE ep=0x81 len=0 status=2 actual=0
[1171] +38.113069 ASYNC-IN-SUBMIT ep=0x81 len=0 type=BULK (in, awaiting data)
[1172] +38.222574 ASYNC-IN-DONE ep=0x81 len=0 status=2 actual=0
[1173] +38.222630 ASYNC-IN-SUBMIT ep=0x81 len=0 type=BULK (in, awaiting data)
[1174] +38.240582 ASYNC-OUT ep=0x01 len=16 type=BULK 
	0000  08 00 00 18 80 10 ed 03  00 36 00 10 fd 1a 00 00 |.........6......|
[1175] +38.240947 ASYNC-OUT-DONE ep=0x01 len=0 status=0 actual=16
[1176] +38.335445 ASYNC-IN-DONE ep=0x81 len=0 status=2 actual=0
[1177] +38.335530 ASYNC-IN-SUBMIT ep=0x81 len=0 type=BULK (in, awaiting data)
[1178] +38.364901 ASYNC-IN-DONE ep=0x81 len=16 status=0 actual=16
	0000  08 00 00 18 ed 03 80 10  00 39 00 10 ae 02 00 00 |.........9......|
[1179] +38.365006 ASYNC-IN-SUBMIT ep=0x81 len=0 type=BULK (in, awaiting data)
[1180] +38.476642 ASYNC-IN-DONE ep=0x81 len=0 status=2 actual=0
[1181] +38.476755 ASYNC-IN-SUBMIT ep=0x81 len=0 type=BULK (in, awaiting data)
[1182] +38.500988 ASYNC-OUT ep=0x01 len=16 type=BULK 
	0000  08 00 00 18 01 10 ef 03  00 37 00 10 93 1e 00 00 |.........7......|
[1183] +38.501296 ASYNC-OUT-DONE ep=0x01 len=0 status=0 actual=16
[1184] +38.565675 ASYNC-IN-DONE ep=0x81 len=16 status=0 actual=16
	0000  08 00 00 18 ef 03 01 10  00 39 00 10 65 02 00 00 |.........9..e...|
[1185] +38.565817 ASYNC-IN-SUBMIT ep=0x81 len=0 type=BULK (in, awaiting data)
[1186] +38.566021 ASYNC-IN-DONE ep=0x81 len=16 status=0 actual=16
	0000  08 00 00 18 f0 03 02 10  00 24 00 10 09 02 00 00 |.........$......|
[1187] +38.566079 ASYNC-IN-SUBMIT ep=0x81 len=0 type=BULK (in, awaiting data)
[1188] +38.604380 ASYNC-OUT ep=0x01 len=16 type=BULK 
	0000  08 00 00 18 02 10 f0 03  00 23 00 10 09 10 00 00 |.........#......|
[1189] +38.604771 ASYNC-OUT-DONE ep=0x01 len=0 status=0 actual=16
[1190] +38.676659 ASYNC-IN-DONE ep=0x81 len=0 status=2 actual=0
[1191] +38.676772 ASYNC-IN-SUBMIT ep=0x81 len=0 type=BULK (in, awaiting data)
[1192] +38.788568 ASYNC-IN-DONE ep=0x81 len=0 status=2 actual=0
[1193] +38.788602 ASYNC-IN-SUBMIT ep=0x81 len=0 type=BULK (in, awaiting data)
[1194] +38.894345 ASYNC-IN-DONE ep=0x81 len=0 status=2 actual=0
[1195] +38.894380 ASYNC-IN-SUBMIT ep=0x81 len=0 type=BULK (in, awaiting data)
[1196] +38.997840 ASYNC-IN-DONE ep=0x81 len=0 status=2 actual=0
[1197] +38.997890 ASYNC-IN-SUBMIT ep=0x81 len=0 type=BULK (in, awaiting data)
[1198] +39.110712 ASYNC-IN-DONE ep=0x81 len=0 status=2 actual=0
[1199] +39.110824 ASYNC-IN-SUBMIT ep=0x81 len=0 type=BULK (in, awaiting data)
[1200] +39.223614 ASYNC-IN-DONE ep=0x81 len=0 status=2 actual=0
[1201] +39.223656 ASYNC-IN-SUBMIT ep=0x81 len=0 type=BULK (in, awaiting data)
[1202] +39.278547 ASYNC-OUT ep=0x01 len=16 type=BULK 
	0000  08 00 00 18 80 10 ed 03  00 37 00 10 fd 1a 00 00 |.........7......|
[1203] +39.278922 ASYNC-OUT-DONE ep=0x01 len=0 status=0 actual=16
[1204] +39.330722 ASYNC-IN-DONE ep=0x81 len=0 status=2 actual=0
[1205] +39.330801 ASYNC-IN-SUBMIT ep=0x81 len=0 type=BULK (in, awaiting data)
[1206] +39.368834 ASYNC-IN-DONE ep=0x81 len=16 status=0 actual=16
	0000  08 00 00 18 ed 03 80 10  00 3a 00 10 ae 02 00 00 |.........:......|
[1207] +39.368976 ASYNC-IN-SUBMIT ep=0x81 len=0 type=BULK (in, awaiting data)
[1208] +39.471991 ASYNC-IN-DONE ep=0x81 len=0 status=2 actual=0
[1209] +39.472070 ASYNC-IN-SUBMIT ep=0x81 len=0 type=BULK (in, awaiting data)
[1210] +39.537361 ASYNC-OUT ep=0x01 len=16 type=BULK 
	0000  08 00 00 18 01 10 ef 03  00 38 00 10 93 1e 00 00 |.........8......|
[1211] +39.537664 ASYNC-OUT-DONE ep=0x01 len=0 status=0 actual=16
[1212] +39.569215 ASYNC-IN-DONE ep=0x81 len=16 status=0 actual=16
	0000  08 00 00 18 ef 03 01 10  00 3a 00 10 65 02 00 00 |.........:..e...|
[1213] +39.569378 ASYNC-IN-SUBMIT ep=0x81 len=0 type=BULK (in, awaiting data)
[1214] +39.569608 ASYNC-IN-DONE ep=0x81 len=16 status=0 actual=16
	0000  08 00 00 18 f0 03 02 10  00 25 00 10 09 02 00 00 |.........%......|
[1215] +39.569696 ASYNC-IN-SUBMIT ep=0x81 len=0 type=BULK (in, awaiting data)
[1216] +39.641355 ASYNC-OUT ep=0x01 len=16 type=BULK 
	0000  08 00 00 18 02 10 f0 03  00 24 00 10 09 10 00 00 |.........$......|
[1217] +39.641684 ASYNC-OUT-DONE ep=0x01 len=0 status=0 actual=16
[1218] +39.681864 ASYNC-IN-DONE ep=0x81 len=0 status=2 actual=0
[1219] +39.681966 ASYNC-IN-SUBMIT ep=0x81 len=0 type=BULK (in, awaiting data)
[1220] +39.793940 ASYNC-IN-DONE ep=0x81 len=0 status=2 actual=0
[1221] +39.794031 ASYNC-IN-SUBMIT ep=0x81 len=0 type=BULK (in, awaiting data)
[1222] +39.896398 ASYNC-IN-DONE ep=0x81 len=0 status=2 actual=0
[1223] +39.896511 ASYNC-IN-SUBMIT ep=0x81 len=0 type=BULK (in, awaiting data)
[1224] +40.008710 ASYNC-IN-DONE ep=0x81 len=0 status=2 actual=0
[1225] +40.008800 ASYNC-IN-SUBMIT ep=0x81 len=0 type=BULK (in, awaiting data)
[1226] +40.117801 ASYNC-IN-DONE ep=0x81 len=0 status=2 actual=0
[1227] +40.117889 ASYNC-IN-SUBMIT ep=0x81 len=0 type=BULK (in, awaiting data)
[1228] +40.220838 ASYNC-IN-DONE ep=0x81 len=0 status=2 actual=0
[1229] +40.220890 ASYNC-IN-SUBMIT ep=0x81 len=0 type=BULK (in, awaiting data)
[1230] +40.317283 ASYNC-OUT ep=0x01 len=16 type=BULK 
	0000  08 00 00 18 80 10 ed 03  00 38 00 10 fd 1a 00 00 |.........8......|
[1231] +40.317678 ASYNC-OUT-DONE ep=0x01 len=0 status=0 actual=16
[1232] +40.322476 ASYNC-IN-DONE ep=0x81 len=0 status=2 actual=0
[1233] +40.322572 ASYNC-IN-SUBMIT ep=0x81 len=0 type=BULK (in, awaiting data)
[1234] +40.371866 ASYNC-IN-DONE ep=0x81 len=16 status=0 actual=16
	0000  08 00 00 18 ed 03 80 10  00 3b 00 10 ae 02 00 00 |.........;......|
[1235] +40.372035 ASYNC-IN-SUBMIT ep=0x81 len=0 type=BULK (in, awaiting data)
[1236] +40.481195 ASYNC-IN-DONE ep=0x81 len=0 status=2 actual=0
[1237] +40.481240 ASYNC-IN-SUBMIT ep=0x81 len=0 type=BULK (in, awaiting data)
[1238] +40.572799 ASYNC-IN-DONE ep=0x81 len=16 status=0 actual=16
	0000  08 00 00 18 ef 03 01 10  00 3b 00 10 65 02 00 00 |.........;..e...|
[1239] +40.572920 ASYNC-IN-SUBMIT ep=0x81 len=0 type=BULK (in, awaiting data)
[1240] +40.573060 ASYNC-IN-DONE ep=0x81 len=16 status=0 actual=16
	0000  08 00 00 18 f0 03 02 10  00 26 00 10 09 02 00 00 |.........&......|
[1241] +40.573101 ASYNC-IN-SUBMIT ep=0x81 len=0 type=BULK (in, awaiting data)
[1242] +40.577383 ASYNC-OUT ep=0x01 len=16 type=BULK 
	0000  08 00 00 18 01 10 ef 03  00 39 00 10 93 1e 00 00 |.........9......|
[1243] +40.577690 ASYNC-OUT-DONE ep=0x01 len=0 status=0 actual=16
[1244] +40.681415 ASYNC-OUT ep=0x01 len=16 type=BULK 
	0000  08 00 00 18 02 10 f0 03  00 25 00 10 09 10 00 00 |.........%......|
[1245] +40.681771 ASYNC-OUT-DONE ep=0x01 len=0 status=0 actual=16
[1246] +40.685263 ASYNC-IN-DONE ep=0x81 len=0 status=2 actual=0
[1247] +40.685322 ASYNC-IN-SUBMIT ep=0x81 len=0 type=BULK (in, awaiting data)
[1248] +40.796970 ASYNC-IN-DONE ep=0x81 len=0 status=2 actual=0
[1249] +40.797087 ASYNC-IN-SUBMIT ep=0x81 len=0 type=BULK (in, awaiting data)
[1250] +40.897943 ASYNC-IN-DONE ep=0x81 len=0 status=2 actual=0
[1251] +40.898030 ASYNC-IN-SUBMIT ep=0x81 len=0 type=BULK (in, awaiting data)
[1252] +40.999232 ASYNC-IN-DONE ep=0x81 len=0 status=2 actual=0
[1253] +40.999324 ASYNC-IN-SUBMIT ep=0x81 len=0 type=BULK (in, awaiting data)
[1254] +41.101633 ASYNC-IN-DONE ep=0x81 len=0 status=2 actual=0
[1255] +41.101720 ASYNC-IN-SUBMIT ep=0x81 len=0 type=BULK (in, awaiting data)
[1256] +41.213580 ASYNC-IN-DONE ep=0x81 len=0 status=2 actual=0
[1257] +41.213680 ASYNC-IN-SUBMIT ep=0x81 len=0 type=BULK (in, awaiting data)
[1258] +41.320684 ASYNC-IN-DONE ep=0x81 len=0 status=2 actual=0
[1259] +41.320751 ASYNC-IN-SUBMIT ep=0x81 len=0 type=BULK (in, awaiting data)
[1260] +41.357204 ASYNC-OUT ep=0x01 len=16 type=BULK 
	0000  08 00 00 18 80 10 ed 03  00 39 00 10 fd 1a 00 00 |.........9......|
[1261] +41.357579 ASYNC-OUT-DONE ep=0x01 len=0 status=0 actual=16
[1262] +41.375576 ASYNC-IN-DONE ep=0x81 len=16 status=0 actual=16
	0000  08 00 00 18 ed 03 80 10  00 3c 00 10 ae 02 00 00 |.........<......|
[1263] +41.375678 ASYNC-IN-SUBMIT ep=0x81 len=0 type=BULK (in, awaiting data)
[1264] +41.488538 ASYNC-IN-DONE ep=0x81 len=0 status=2 actual=0
[1265] +41.488628 ASYNC-IN-SUBMIT ep=0x81 len=0 type=BULK (in, awaiting data)
[1266] +41.575987 ASYNC-IN-DONE ep=0x81 len=16 status=0 actual=16
	0000  08 00 00 18 ef 03 01 10  00 3c 00 10 65 02 00 00 |.........<..e...|
[1267] +41.576140 ASYNC-IN-SUBMIT ep=0x81 len=0 type=BULK (in, awaiting data)
[1268] +41.576368 ASYNC-IN-DONE ep=0x81 len=16 status=0 actual=16
	0000  08 00 00 18 f0 03 02 10  00 27 00 10 09 02 00 00 |.........'......|
[1269] +41.576466 ASYNC-IN-SUBMIT ep=0x81 len=0 type=BULK (in, awaiting data)
[1270] +41.615525 ASYNC-OUT ep=0x01 len=16 type=BULK 
	0000  08 00 00 18 01 10 ef 03  00 3a 00 10 93 1e 00 00 |.........:......|
[1271] +41.615864 ASYNC-OUT-DONE ep=0x01 len=0 status=0 actual=16
[1272] +41.684929 ASYNC-IN-DONE ep=0x81 len=0 status=2 actual=0
[1273] +41.685037 ASYNC-IN-SUBMIT ep=0x81 len=0 type=BULK (in, awaiting data)
[1274] +41.719634 ASYNC-OUT ep=0x01 len=16 type=BULK 
	0000  08 00 00 18 02 10 f0 03  00 26 00 10 09 10 00 00 |.........&......|
[1275] +41.719968 ASYNC-OUT-DONE ep=0x01 len=0 status=0 actual=16
[1276] +41.797897 ASYNC-IN-DONE ep=0x81 len=0 status=2 actual=0
[1277] +41.797977 ASYNC-IN-SUBMIT ep=0x81 len=0 type=BULK (in, awaiting data)
[1278] +41.899251 ASYNC-IN-DONE ep=0x81 len=0 status=2 actual=0
[1279] +41.899368 ASYNC-IN-SUBMIT ep=0x81 len=0 type=BULK (in, awaiting data)
[1280] +42.012143 ASYNC-IN-DONE ep=0x81 len=0 status=2 actual=0
[1281] +42.012194 ASYNC-IN-SUBMIT ep=0x81 len=0 type=BULK (in, awaiting data)
[1282] +42.124989 ASYNC-IN-DONE ep=0x81 len=0 status=2 actual=0
[1283] +42.125074 ASYNC-IN-SUBMIT ep=0x81 len=0 type=BULK (in, awaiting data)
[1284] +42.225488 ASYNC-IN-DONE ep=0x81 len=0 status=2 actual=0
[1285] +42.225584 ASYNC-IN-SUBMIT ep=0x81 len=0 type=BULK (in, awaiting data)
[1286] +42.329191 ASYNC-IN-DONE ep=0x81 len=0 status=2 actual=0
[1287] +42.329244 ASYNC-IN-SUBMIT ep=0x81 len=0 type=BULK (in, awaiting data)
[1288] +42.378863 ASYNC-IN-DONE ep=0x81 len=16 status=0 actual=16
	0000  08 00 00 18 ed 03 80 10  00 3d 00 10 ae 02 00 00 |.........=......|
[1289] +42.378988 ASYNC-IN-SUBMIT ep=0x81 len=0 type=BULK (in, awaiting data)
[1290] +42.394537 ASYNC-OUT ep=0x01 len=16 type=BULK 
	0000  08 00 00 18 80 10 ed 03  00 3a 00 10 fd 1a 00 00 |.........:......|
[1291] +42.394968 ASYNC-OUT-DONE ep=0x01 len=0 status=0 actual=16
[1292] +42.490326 ASYNC-IN-DONE ep=0x81 len=0 status=2 actual=0
[1293] +42.490413 ASYNC-IN-SUBMIT ep=0x81 len=0 type=BULK (in, awaiting data)
[1294] +42.579264 ASYNC-IN-DONE ep=0x81 len=16 status=0 actual=16
	0000  08 00 00 18 ef 03 01 10  00 3d 00 10 65 02 00 00 |.........=..e...|
[1295] +42.579366 ASYNC-IN-SUBMIT ep=0x81 len=0 type=BULK (in, awaiting data)
[1296] +42.579523 ASYNC-IN-DONE ep=0x81 len=16 status=0 actual=16
	0000  08 00 00 18 f0 03 02 10  00 28 00 10 09 02 00 00 |.........(......|
[1297] +42.579586 ASYNC-IN-SUBMIT ep=0x81 len=0 type=BULK (in, awaiting data)
[1298] +42.653966 ASYNC-OUT ep=0x01 len=16 type=BULK 
	0000  08 00 00 18 01 10 ef 03  00 3b 00 10 93 1e 00 00 |.........;......|
[1299] +42.654326 ASYNC-OUT-DONE ep=0x01 len=0 status=0 actual=16
[1300] +42.687152 ASYNC-IN-DONE ep=0x81 len=0 status=2 actual=0
[1301] +42.687338 ASYNC-IN-SUBMIT ep=0x81 len=0 type=BULK (in, awaiting data)
[1302] +42.757213 ASYNC-OUT ep=0x01 len=16 type=BULK 
	0000  08 00 00 18 02 10 f0 03  00 27 00 10 09 10 00 00 |.........'......|
[1303] +42.757591 ASYNC-OUT-DONE ep=0x01 len=0 status=0 actual=16
[1304] +42.796957 ASYNC-IN-DONE ep=0x81 len=0 status=2 actual=0
[1305] +42.797057 ASYNC-IN-SUBMIT ep=0x81 len=0 type=BULK (in, awaiting data)
[1306] +42.901245 ASYNC-IN-DONE ep=0x81 len=0 status=2 actual=0
[1307] +42.901337 ASYNC-IN-SUBMIT ep=0x81 len=0 type=BULK (in, awaiting data)
[1308] +43.013636 ASYNC-IN-DONE ep=0x81 len=0 status=2 actual=0
[1309] +43.013709 ASYNC-IN-SUBMIT ep=0x81 len=0 type=BULK (in, awaiting data)
[1310] +43.126027 ASYNC-IN-DONE ep=0x81 len=0 status=2 actual=0
[1311] +43.126126 ASYNC-IN-SUBMIT ep=0x81 len=0 type=BULK (in, awaiting data)
[1312] +43.228038 ASYNC-IN-DONE ep=0x81 len=0 status=2 actual=0
[1313] +43.228080 ASYNC-IN-SUBMIT ep=0x81 len=0 type=BULK (in, awaiting data)
[1314] +43.335925 ASYNC-IN-DONE ep=0x81 len=0 status=2 actual=0
[1315] +43.336161 ASYNC-IN-SUBMIT ep=0x81 len=0 type=BULK (in, awaiting data)
[1316] +43.381653 ASYNC-IN-DONE ep=0x81 len=16 status=0 actual=16
	0000  08 00 00 18 ed 03 80 10  00 3e 00 10 ae 02 00 00 |.........>......|
[1317] +43.381802 ASYNC-IN-SUBMIT ep=0x81 len=0 type=BULK (in, awaiting data)
[1318] +43.431258 ASYNC-OUT ep=0x01 len=16 type=BULK 
	0000  08 00 00 18 80 10 ed 03  00 3b 00 10 fd 1a 00 00 |.........;......|
[1319] +43.431601 ASYNC-OUT-DONE ep=0x01 len=0 status=0 actual=16
[1320] +43.492782 ASYNC-IN-DONE ep=0x81 len=0 status=2 actual=0
[1321] +43.492865 ASYNC-IN-SUBMIT ep=0x81 len=0 type=BULK (in, awaiting data)
[1322] +43.582101 ASYNC-IN-DONE ep=0x81 len=16 status=0 actual=16
	0000  08 00 00 18 ef 03 01 10  00 3e 00 10 65 02 00 00 |.........>..e...|
[1323] +43.582206 ASYNC-IN-SUBMIT ep=0x81 len=0 type=BULK (in, awaiting data)
[1324] +43.582348 ASYNC-IN-DONE ep=0x81 len=16 status=0 actual=16
	0000  08 00 00 18 f0 03 02 10  00 29 00 10 09 02 00 00 |.........)......|
[1325] +43.582398 ASYNC-IN-SUBMIT ep=0x81 len=0 type=BULK (in, awaiting data)
[1326] +43.685245 ASYNC-IN-DONE ep=0x81 len=0 status=2 actual=0
[1327] +43.685349 ASYNC-IN-SUBMIT ep=0x81 len=0 type=BULK (in, awaiting data)
[1328] +43.691301 ASYNC-OUT ep=0x01 len=16 type=BULK 
	0000  08 00 00 18 01 10 ef 03  00 3c 00 10 93 1e 00 00 |.........<......|
[1329] +43.691520 ASYNC-OUT-DONE ep=0x01 len=0 status=0 actual=16
[1330] +43.794735 ASYNC-OUT ep=0x01 len=16 type=BULK 
	0000  08 00 00 18 02 10 f0 03  00 28 00 10 09 10 00 00 |.........(......|
[1331] +43.794880 ASYNC-IN-DONE ep=0x81 len=0 status=2 actual=0
[1332] +43.794913 ASYNC-IN-SUBMIT ep=0x81 len=0 type=BULK (in, awaiting data)
[1333] +43.795041 ASYNC-OUT-DONE ep=0x01 len=0 status=0 actual=16
[1334] +43.902570 ASYNC-IN-DONE ep=0x81 len=0 status=2 actual=0
[1335] +43.902593 ASYNC-IN-SUBMIT ep=0x81 len=0 type=BULK (in, awaiting data)
[1336] +44.015370 ASYNC-IN-DONE ep=0x81 len=0 status=2 actual=0
[1337] +44.015427 ASYNC-IN-SUBMIT ep=0x81 len=0 type=BULK (in, awaiting data)
[1338] +44.124621 ASYNC-IN-DONE ep=0x81 len=0 status=2 actual=0
[1339] +44.124664 ASYNC-IN-SUBMIT ep=0x81 len=0 type=BULK (in, awaiting data)
[1340] +44.234346 ASYNC-IN-DONE ep=0x81 len=0 status=2 actual=0
[1341] +44.234423 ASYNC-IN-SUBMIT ep=0x81 len=0 type=BULK (in, awaiting data)
[1342] +44.336919 ASYNC-IN-DONE ep=0x81 len=0 status=2 actual=0
[1343] +44.337018 ASYNC-IN-SUBMIT ep=0x81 len=0 type=BULK (in, awaiting data)
[1344] +44.385165 ASYNC-IN-DONE ep=0x81 len=16 status=0 actual=16
	0000  08 00 00 18 ed 03 80 10  00 3f 00 10 ae 02 00 00 |.........?......|
[1345] +44.385240 ASYNC-IN-SUBMIT ep=0x81 len=0 type=BULK (in, awaiting data)
[1346] +44.469855 ASYNC-OUT ep=0x01 len=16 type=BULK 
	0000  08 00 00 18 80 10 ed 03  00 3c 00 10 fd 1a 00 00 |.........<......|
[1347] +44.470133 ASYNC-OUT-DONE ep=0x01 len=0 status=0 actual=16
[1348] +44.497975 ASYNC-IN-DONE ep=0x81 len=0 status=2 actual=0
[1349] +44.498049 ASYNC-IN-SUBMIT ep=0x81 len=0 type=BULK (in, awaiting data)
[1350] +44.585564 ASYNC-IN-DONE ep=0x81 len=16 status=0 actual=16
	0000  08 00 00 18 ef 03 01 10  00 3f 00 10 65 02 00 00 |.........?..e...|
[1351] +44.585700 ASYNC-IN-SUBMIT ep=0x81 len=0 type=BULK (in, awaiting data)
[1352] +44.585860 ASYNC-IN-DONE ep=0x81 len=16 status=0 actual=16
	0000  08 00 00 18 f0 03 02 10  00 2a 00 10 09 02 00 00 |.........*......|
[1353] +44.585925 ASYNC-IN-SUBMIT ep=0x81 len=0 type=BULK (in, awaiting data)
[1354] +44.696962 ASYNC-IN-DONE ep=0x81 len=0 status=2 actual=0
[1355] +44.697051 ASYNC-IN-SUBMIT ep=0x81 len=0 type=BULK (in, awaiting data)
[1356] +44.729355 ASYNC-OUT ep=0x01 len=16 type=BULK 
	0000  08 00 00 18 01 10 ef 03  00 3d 00 10 93 1e 00 00 |.........=......|
[1357] +44.729733 ASYNC-OUT-DONE ep=0x01 len=0 status=0 actual=16
[1358] +44.809870 ASYNC-IN-DONE ep=0x81 len=0 status=2 actual=0
[1359] +44.809983 ASYNC-IN-SUBMIT ep=0x81 len=0 type=BULK (in, awaiting data)
[1360] +44.833481 ASYNC-OUT ep=0x01 len=16 type=BULK 
	0000  08 00 00 18 02 10 f0 03  00 29 00 10 09 10 00 00 |.........)......|
[1361] +44.833827 ASYNC-OUT-DONE ep=0x01 len=0 status=0 actual=16
[1362] +44.922844 ASYNC-IN-DONE ep=0x81 len=0 status=2 actual=0
[1363] +44.922954 ASYNC-IN-SUBMIT ep=0x81 len=0 type=BULK (in, awaiting data)
[1364] +45.027819 ASYNC-IN-DONE ep=0x81 len=0 status=2 actual=0
[1365] +45.027940 ASYNC-IN-SUBMIT ep=0x81 len=0 type=BULK (in, awaiting data)
[1366] +45.137315 ASYNC-IN-DONE ep=0x81 len=0 status=2 actual=0
[1367] +45.137436 ASYNC-IN-SUBMIT ep=0x81 len=0 type=BULK (in, awaiting data)
[1368] +45.250404 ASYNC-IN-DONE ep=0x81 len=0 status=2 actual=0
[1369] +45.250597 ASYNC-IN-SUBMIT ep=0x81 len=0 type=BULK (in, awaiting data)
[1370] +45.355709 ASYNC-IN-DONE ep=0x81 len=0 status=2 actual=0
[1371] +45.355832 ASYNC-IN-SUBMIT ep=0x81 len=0 type=BULK (in, awaiting data)
[1372] +45.388414 ASYNC-IN-DONE ep=0x81 len=16 status=0 actual=16
	0000  08 00 00 18 ed 03 80 10  00 40 00 10 ae 02 00 00 |.........@......|
[1373] +45.388581 ASYNC-IN-SUBMIT ep=0x81 len=0 type=BULK (in, awaiting data)
[1374] +45.501119 ASYNC-IN-DONE ep=0x81 len=0 status=2 actual=0
[1375] +45.501214 ASYNC-IN-SUBMIT ep=0x81 len=0 type=BULK (in, awaiting data)
[1376] +45.509213 ASYNC-OUT ep=0x01 len=16 type=BULK 
	0000  08 00 00 18 80 10 ed 03  00 3d 00 10 fd 1a 00 00 |.........=......|
[1377] +45.509538 ASYNC-OUT-DONE ep=0x01 len=0 status=0 actual=16
[1378] +45.588837 ASYNC-IN-DONE ep=0x81 len=16 status=0 actual=16
	0000  08 00 00 18 ef 03 01 10  00 40 00 10 65 02 00 00 |.........@..e...|
[1379] +45.589005 ASYNC-IN-SUBMIT ep=0x81 len=0 type=BULK (in, awaiting data)
[1380] +45.589311 ASYNC-IN-DONE ep=0x81 len=16 status=0 actual=16
	0000  08 00 00 18 f0 03 02 10  00 2b 00 10 09 02 00 00 |.........+......|
[1381] +45.589376 ASYNC-IN-SUBMIT ep=0x81 len=0 type=BULK (in, awaiting data)
[1382] +45.701123 ASYNC-IN-DONE ep=0x81 len=0 status=2 actual=0
[1383] +45.701255 ASYNC-IN-SUBMIT ep=0x81 len=0 type=BULK (in, awaiting data)
[1384] +45.769028 ASYNC-OUT ep=0x01 len=16 type=BULK 
	0000  08 00 00 18 01 10 ef 03  00 3e 00 10 93 1e 00 00 |.........>......|
[1385] +45.769368 ASYNC-OUT-DONE ep=0x01 len=0 status=0 actual=16
[1386] +45.812927 ASYNC-IN-DONE ep=0x81 len=0 status=2 actual=0
[1387] +45.813063 ASYNC-IN-SUBMIT ep=0x81 len=0 type=BULK (in, awaiting data)
[1388] +45.873126 ASYNC-OUT ep=0x01 len=16 type=BULK 
	0000  08 00 00 18 02 10 f0 03  00 2a 00 10 09 10 00 00 |.........*......|
[1389] +45.873507 ASYNC-OUT-DONE ep=0x01 len=0 status=0 actual=16
[1390] +45.921185 ASYNC-IN-DONE ep=0x81 len=0 status=2 actual=0
[1391] +45.921327 ASYNC-IN-SUBMIT ep=0x81 len=0 type=BULK (in, awaiting data)
[1392] +46.029366 ASYNC-IN-DONE ep=0x81 len=0 status=2 actual=0
[1393] +46.029443 ASYNC-IN-SUBMIT ep=0x81 len=0 type=BULK (in, awaiting data)
[1394] +46.141822 ASYNC-IN-DONE ep=0x81 len=0 status=2 actual=0
[1395] +46.141908 ASYNC-IN-SUBMIT ep=0x81 len=0 type=BULK (in, awaiting data)
[1396] +46.252842 ASYNC-IN-DONE ep=0x81 len=0 status=2 actual=0
[1397] +46.252899 ASYNC-IN-SUBMIT ep=0x81 len=0 type=BULK (in, awaiting data)
[1398] +46.365677 ASYNC-IN-DONE ep=0x81 len=0 status=2 actual=0
[1399] +46.365781 ASYNC-IN-SUBMIT ep=0x81 len=0 type=BULK (in, awaiting data)
[1400] +46.391546 ASYNC-IN-DONE ep=0x81 len=16 status=0 actual=16
	0000  08 00 00 18 ed 03 80 10  00 41 00 10 ae 02 00 00 |.........A......|
[1401] +46.391702 ASYNC-IN-SUBMIT ep=0x81 len=0 type=BULK (in, awaiting data)
[1402] +46.501129 ASYNC-IN-DONE ep=0x81 len=0 status=2 actual=0
[1403] +46.501231 ASYNC-IN-SUBMIT ep=0x81 len=0 type=BULK (in, awaiting data)
[1404] +46.547964 ASYNC-OUT ep=0x01 len=16 type=BULK 
	0000  08 00 00 18 80 10 ed 03  00 3e 00 10 fd 1a 00 00 |.........>......|
[1405] +46.548349 ASYNC-OUT-DONE ep=0x01 len=0 status=0 actual=16
[1406] +46.592354 ASYNC-IN-DONE ep=0x81 len=16 status=0 actual=16
	0000  08 00 00 18 ef 03 01 10  00 41 00 10 65 02 00 00 |.........A..e...|
[1407] +46.592486 ASYNC-IN-SUBMIT ep=0x81 len=0 type=BULK (in, awaiting data)
[1408] +46.592651 ASYNC-IN-DONE ep=0x81 len=16 status=0 actual=16
	0000  08 00 00 18 f0 03 02 10  00 2c 00 10 09 02 00 00 |.........,......|
[1409] +46.592725 ASYNC-IN-SUBMIT ep=0x81 len=0 type=BULK (in, awaiting data)
[1410] +46.705426 ASYNC-IN-DONE ep=0x81 len=0 status=2 actual=0
[1411] +46.705648 ASYNC-IN-SUBMIT ep=0x81 len=0 type=BULK (in, awaiting data)
[1412] +46.807263 ASYNC-OUT ep=0x01 len=16 type=BULK 
	0000  08 00 00 18 01 10 ef 03  00 3f 00 10 93 1e 00 00 |.........?......|
[1413] +46.807389 ASYNC-IN-DONE ep=0x81 len=0 status=2 actual=0
[1414] +46.807422 ASYNC-IN-SUBMIT ep=0x81 len=0 type=BULK (in, awaiting data)
[1415] +46.807530 ASYNC-OUT-DONE ep=0x01 len=0 status=0 actual=16
[1416] +46.907989 ASYNC-IN-DONE ep=0x81 len=0 status=2 actual=0
[1417] +46.908090 ASYNC-IN-SUBMIT ep=0x81 len=0 type=BULK (in, awaiting data)
[1418] +46.911302 ASYNC-OUT ep=0x01 len=16 type=BULK 
	0000  08 00 00 18 02 10 f0 03  00 2b 00 10 09 10 00 00 |.........+......|
[1419] +46.911549 ASYNC-OUT-DONE ep=0x01 len=0 status=0 actual=16
[1420] +47.012183 ASYNC-IN-DONE ep=0x81 len=0 status=2 actual=0
[1421] +47.012377 ASYNC-IN-SUBMIT ep=0x81 len=0 type=BULK (in, awaiting data)
[1422] +47.113513 ASYNC-IN-DONE ep=0x81 len=0 status=2 actual=0
[1423] +47.113651 ASYNC-IN-SUBMIT ep=0x81 len=0 type=BULK (in, awaiting data)
[1424] +47.221799 ASYNC-IN-DONE ep=0x81 len=0 status=2 actual=0
[1425] +47.221924 ASYNC-IN-SUBMIT ep=0x81 len=0 type=BULK (in, awaiting data)
[1426] +47.333691 ASYNC-IN-DONE ep=0x81 len=0 status=2 actual=0
[1427] +47.333809 ASYNC-IN-SUBMIT ep=0x81 len=0 type=BULK (in, awaiting data)
[1428] +47.395139 ASYNC-IN-DONE ep=0x81 len=16 status=0 actual=16
	0000  08 00 00 18 ed 03 80 10  00 42 00 10 ae 02 00 00 |.........B......|
[1429] +47.395247 ASYNC-IN-SUBMIT ep=0x81 len=0 type=BULK (in, awaiting data)
[1430] +47.496541 ASYNC-IN-DONE ep=0x81 len=0 status=2 actual=0
[1431] +47.496651 ASYNC-IN-SUBMIT ep=0x81 len=0 type=BULK (in, awaiting data)
[1432] +47.586391 ASYNC-OUT ep=0x01 len=16 type=BULK 
	0000  08 00 00 18 80 10 ed 03  00 3f 00 10 fd 1a 00 00 |.........?......|
[1433] +47.586740 ASYNC-OUT-DONE ep=0x01 len=0 status=0 actual=16
[1434] +47.596431 ASYNC-IN-DONE ep=0x81 len=16 status=0 actual=16
	0000  08 00 00 18 ef 03 01 10  00 42 00 10 65 02 00 00 |.........B..e...|
[1435] +47.596516 ASYNC-IN-SUBMIT ep=0x81 len=0 type=BULK (in, awaiting data)
[1436] +47.596642 ASYNC-IN-DONE ep=0x81 len=16 status=0 actual=16
	0000  08 00 00 18 f0 03 02 10  00 2d 00 10 09 02 00 00 |.........-......|
[1437] +47.596691 ASYNC-IN-SUBMIT ep=0x81 len=0 type=BULK (in, awaiting data)
[1438] +47.699448 ASYNC-IN-DONE ep=0x81 len=0 status=2 actual=0
[1439] +47.699537 ASYNC-IN-SUBMIT ep=0x81 len=0 type=BULK (in, awaiting data)
[1440] +47.810618 ASYNC-IN-DONE ep=0x81 len=0 status=2 actual=0
[1441] +47.810712 ASYNC-IN-SUBMIT ep=0x81 len=0 type=BULK (in, awaiting data)
[1442] +47.845863 ASYNC-OUT ep=0x01 len=16 type=BULK 
	0000  08 00 00 18 01 10 ef 03  00 40 00 10 93 1e 00 00 |.........@......|
[1443] +47.846232 ASYNC-OUT-DONE ep=0x01 len=0 status=0 actual=16
[1444] +47.921903 ASYNC-IN-DONE ep=0x81 len=0 status=2 actual=0
[1445] +47.922007 ASYNC-IN-SUBMIT ep=0x81 len=0 type=BULK (in, awaiting data)
[1446] +47.949977 ASYNC-OUT ep=0x01 len=16 type=BULK 
	0000  08 00 00 18 02 10 f0 03  00 2c 00 10 09 10 00 00 |.........,......|
[1447] +47.950310 ASYNC-OUT-DONE ep=0x01 len=0 status=0 actual=16
[1448] +48.034830 ASYNC-IN-DONE ep=0x81 len=0 status=2 actual=0
[1449] +48.034931 ASYNC-IN-SUBMIT ep=0x81 len=0 type=BULK (in, awaiting data)
[1450] +48.145872 ASYNC-IN-DONE ep=0x81 len=0 status=2 actual=0
[1451] +48.145991 ASYNC-IN-SUBMIT ep=0x81 len=0 type=BULK (in, awaiting data)
[1452] +48.258856 ASYNC-IN-DONE ep=0x81 len=0 status=2 actual=0
[1453] +48.258971 ASYNC-IN-SUBMIT ep=0x81 len=0 type=BULK (in, awaiting data)
[1454] +48.371844 ASYNC-IN-DONE ep=0x81 len=0 status=2 actual=0
[1455] +48.371963 ASYNC-IN-SUBMIT ep=0x81 len=0 type=BULK (in, awaiting data)
[1456] +48.398487 ASYNC-IN-DONE ep=0x81 len=16 status=0 actual=16
	0000  08 00 00 18 ed 03 80 10  00 43 00 10 ae 02 00 00 |.........C......|
[1457] +48.398639 ASYNC-IN-SUBMIT ep=0x81 len=0 type=BULK (in, awaiting data)
[1458] +48.505329 ASYNC-IN-DONE ep=0x81 len=0 status=2 actual=0
[1459] +48.505407 ASYNC-IN-SUBMIT ep=0x81 len=0 type=BULK (in, awaiting data)
[1460] +48.599146 ASYNC-IN-DONE ep=0x81 len=16 status=0 actual=16
	0000  08 00 00 18 ef 03 01 10  00 43 00 10 65 02 00 00 |.........C..e...|
[1461] +48.599311 ASYNC-IN-SUBMIT ep=0x81 len=0 type=BULK (in, awaiting data)
[1462] +48.599536 ASYNC-IN-DONE ep=0x81 len=16 status=0 actual=16
	0000  08 00 00 18 f0 03 02 10  00 2e 00 10 09 02 00 00 |................|
[1463] +48.599613 ASYNC-IN-SUBMIT ep=0x81 len=0 type=BULK (in, awaiting data)
[1464] +48.624501 ASYNC-OUT ep=0x01 len=16 type=BULK 
	0000  08 00 00 18 80 10 ed 03  00 40 00 10 fd 1a 00 00 |.........@......|
[1465] +48.624877 ASYNC-OUT-DONE ep=0x01 len=0 status=0 actual=16
[1466] +48.703393 ASYNC-IN-DONE ep=0x81 len=0 status=2 actual=0
[1467] +48.703485 ASYNC-IN-SUBMIT ep=0x81 len=0 type=BULK (in, awaiting data)
[1468] +48.808717 ASYNC-IN-DONE ep=0x81 len=0 status=2 actual=0
[1469] +48.808867 ASYNC-IN-SUBMIT ep=0x81 len=0 type=BULK (in, awaiting data)
[1470] +48.883881 ASYNC-OUT ep=0x01 len=16 type=BULK 
	0000  08 00 00 18 01 10 ef 03  00 41 00 10 93 1e 00 00 |.........A......|
[1471] +48.884198 ASYNC-OUT-DONE ep=0x01 len=0 status=0 actual=16
[1472] +48.920188 ASYNC-IN-DONE ep=0x81 len=0 status=2 actual=0
[1473] +48.920272 ASYNC-IN-SUBMIT ep=0x81 len=0 type=BULK (in, awaiting data)
[1474] +48.987761 ASYNC-OUT ep=0x01 len=16 type=BULK 
	0000  08 00 00 18 02 10 f0 03  00 2d 00 10 09 10 00 00 |.........-......|
[1475] +48.988181 ASYNC-OUT-DONE ep=0x01 len=0 status=0 actual=16
[1476] +49.032167 ASYNC-IN-DONE ep=0x81 len=0 status=2 actual=0
[1477] +49.032256 ASYNC-IN-SUBMIT ep=0x81 len=0 type=BULK (in, awaiting data)
[1478] +49.133575 ASYNC-IN-DONE ep=0x81 len=0 status=2 actual=0
[1479] +49.133704 ASYNC-IN-SUBMIT ep=0x81 len=0 type=BULK (in, awaiting data)
[1480] +49.243322 ASYNC-IN-DONE ep=0x81 len=0 status=2 actual=0
[1481] +49.243448 ASYNC-IN-SUBMIT ep=0x81 len=0 type=BULK (in, awaiting data)
[1482] +49.353663 ASYNC-IN-DONE ep=0x81 len=0 status=2 actual=0
[1483] +49.353776 ASYNC-IN-SUBMIT ep=0x81 len=0 type=BULK (in, awaiting data)
[1484] +49.401540 ASYNC-IN-DONE ep=0x81 len=16 status=0 actual=16
	0000  08 00 00 18 ed 03 80 10  00 44 00 10 ae 02 00 00 |.........D......|
[1485] +49.401653 ASYNC-IN-SUBMIT ep=0x81 len=0 type=BULK (in, awaiting data)
[1486] +49.510475 ASYNC-IN-DONE ep=0x81 len=0 status=2 actual=0
[1487] +49.510550 ASYNC-IN-SUBMIT ep=0x81 len=0 type=BULK (in, awaiting data)
[1488] +49.602237 ASYNC-IN-DONE ep=0x81 len=16 status=0 actual=16
	0000  08 00 00 18 ef 03 01 10  00 44 00 10 65 02 00 00 |.........D..e...|
[1489] +49.602384 ASYNC-IN-SUBMIT ep=0x81 len=0 type=BULK (in, awaiting data)
[1490] +49.602572 ASYNC-IN-DONE ep=0x81 len=16 status=0 actual=16
	0000  08 00 00 18 f0 03 02 10  00 2f 00 10 09 02 00 00 |........./......|
[1491] +49.602635 ASYNC-IN-SUBMIT ep=0x81 len=0 type=BULK (in, awaiting data)
[1492] +49.662868 ASYNC-OUT ep=0x01 len=16 type=BULK 
	0000  08 00 00 18 80 10 ed 03  00 41 00 10 fd 1a 00 00 |.........A......|
[1493] +49.663220 ASYNC-OUT-DONE ep=0x01 len=0 status=0 actual=16
[1494] +49.715068 ASYNC-IN-DONE ep=0x81 len=0 status=2 actual=0
[1495] +49.715137 ASYNC-IN-SUBMIT ep=0x81 len=0 type=BULK (in, awaiting data)
[1496] +49.821509 ASYNC-IN-DONE ep=0x81 len=0 status=2 actual=0
[1497] +49.821625 ASYNC-IN-SUBMIT ep=0x81 len=0 type=BULK (in, awaiting data)
[1498] +49.922224 ASYNC-OUT ep=0x01 len=16 type=BULK 
	0000  08 00 00 18 01 10 ef 03  00 42 00 10 93 1e 00 00 |.........B......|
[1499] +49.922580 ASYNC-OUT-DONE ep=0x01 len=0 status=0 actual=16
[1500] +49.934470 ASYNC-IN-DONE ep=0x81 len=0 status=2 actual=0
[1501] +49.934575 ASYNC-IN-SUBMIT ep=0x81 len=0 type=BULK (in, awaiting data)
[1502] +50.025976 ASYNC-OUT ep=0x01 len=16 type=BULK 
	0000  08 00 00 18 02 10 f0 03  00 2e 00 10 09 10 00 00 |................|
[1503] +50.026305 ASYNC-OUT-DONE ep=0x01 len=0 status=0 actual=16
[1504] +50.035808 ASYNC-IN-DONE ep=0x81 len=0 status=2 actual=0
[1505] +50.035863 ASYNC-IN-SUBMIT ep=0x81 len=0 type=BULK (in, awaiting data)
[1506] +50.138228 ASYNC-IN-DONE ep=0x81 len=0 status=2 actual=0
[1507] +50.138333 ASYNC-IN-SUBMIT ep=0x81 len=0 type=BULK (in, awaiting data)
[1508] +50.246941 ASYNC-IN-DONE ep=0x81 len=0 status=2 actual=0
[1509] +50.247051 ASYNC-IN-SUBMIT ep=0x81 len=0 type=BULK (in, awaiting data)
[1510] +50.359449 ASYNC-IN-DONE ep=0x81 len=0 status=2 actual=0
[1511] +50.359570 ASYNC-IN-SUBMIT ep=0x81 len=0 type=BULK (in, awaiting data)
[1512] +50.405157 ASYNC-IN-DONE ep=0x81 len=16 status=0 actual=16
	0000  08 00 00 18 ed 03 80 10  00 45 00 10 ae 02 00 00 |.........E......|
[1513] +50.405381 ASYNC-IN-SUBMIT ep=0x81 len=0 type=BULK (in, awaiting data)
[1514] +50.512819 ASYNC-IN-DONE ep=0x81 len=0 status=2 actual=0
[1515] +50.512905 ASYNC-IN-SUBMIT ep=0x81 len=0 type=BULK (in, awaiting data)
[1516] +50.605611 ASYNC-IN-DONE ep=0x81 len=16 status=0 actual=16
	0000  08 00 00 18 ef 03 01 10  00 45 00 10 65 02 00 00 |.........E..e...|
[1517] +50.605737 ASYNC-IN-SUBMIT ep=0x81 len=0 type=BULK (in, awaiting data)
[1518] +50.605915 ASYNC-IN-DONE ep=0x81 len=16 status=0 actual=16
	0000  08 00 00 18 f0 03 02 10  00 30 00 10 09 02 00 00 |.........0......|
[1519] +50.605982 ASYNC-IN-SUBMIT ep=0x81 len=0 type=BULK (in, awaiting data)
[1520] +50.700656 ASYNC-OUT ep=0x01 len=16 type=BULK 
	0000  08 00 00 18 80 10 ed 03  00 42 00 10 fd 1a 00 00 |.........B......|
[1521] +50.701049 ASYNC-OUT-DONE ep=0x01 len=0 status=0 actual=16
[1522] +50.718821 ASYNC-IN-DONE ep=0x81 len=0 status=2 actual=0
[1523] +50.718933 ASYNC-IN-SUBMIT ep=0x81 len=0 type=BULK (in, awaiting data)
[1524] +50.824833 ASYNC-IN-DONE ep=0x81 len=0 status=2 actual=0
[1525] +50.824928 ASYNC-IN-SUBMIT ep=0x81 len=0 type=BULK (in, awaiting data)
[1526] +50.927329 ASYNC-IN-DONE ep=0x81 len=0 status=2 actual=0
[1527] +50.927445 ASYNC-IN-SUBMIT ep=0x81 len=0 type=BULK (in, awaiting data)
[1528] +50.960777 ASYNC-OUT ep=0x01 len=16 type=BULK 
	0000  08 00 00 18 01 10 ef 03  00 43 00 10 93 1e 00 00 |.........C......|
[1529] +50.961149 ASYNC-OUT-DONE ep=0x01 len=0 status=0 actual=16
[1530] +51.038975 ASYNC-IN-DONE ep=0x81 len=0 status=2 actual=0
[1531] +51.039076 ASYNC-IN-SUBMIT ep=0x81 len=0 type=BULK (in, awaiting data)
[1532] +51.064891 ASYNC-OUT ep=0x01 len=16 type=BULK 
	0000  08 00 00 18 02 10 f0 03  00 2f 00 10 09 10 00 00 |........./......|
[1533] +51.065260 ASYNC-OUT-DONE ep=0x01 len=0 status=0 actual=16
[1534] +51.151148 ASYNC-IN-DONE ep=0x81 len=0 status=2 actual=0
[1535] +51.151260 ASYNC-IN-SUBMIT ep=0x81 len=0 type=BULK (in, awaiting data)
[1536] +51.262155 ASYNC-IN-DONE ep=0x81 len=0 status=2 actual=0
[1537] +51.262272 ASYNC-IN-SUBMIT ep=0x81 len=0 type=BULK (in, awaiting data)
[1538] +51.375119 ASYNC-IN-DONE ep=0x81 len=0 status=2 actual=0
[1539] +51.375233 ASYNC-IN-SUBMIT ep=0x81 len=0 type=BULK (in, awaiting data)
[1540] +51.408342 ASYNC-IN-DONE ep=0x81 len=16 status=0 actual=16
	0000  08 00 00 18 ed 03 80 10  00 46 00 10 ae 02 00 00 |.........F......|
[1541] +51.408437 ASYNC-IN-SUBMIT ep=0x81 len=0 type=BULK (in, awaiting data)
[1542] +51.517832 ASYNC-IN-DONE ep=0x81 len=0 status=2 actual=0
[1543] +51.517940 ASYNC-IN-SUBMIT ep=0x81 len=0 type=BULK (in, awaiting data)
[1544] +51.608912 ASYNC-IN-DONE ep=0x81 len=16 status=0 actual=16
	0000  08 00 00 18 ef 03 01 10  00 46 00 10 65 02 00 00 |.........F..e...|
[1545] +51.609063 ASYNC-IN-SUBMIT ep=0x81 len=0 type=BULK (in, awaiting data)
[1546] +51.609265 ASYNC-IN-DONE ep=0x81 len=16 status=0 actual=16
	0000  08 00 00 18 f0 03 02 10  00 31 00 10 09 02 00 00 |.........1......|
[1547] +51.609351 ASYNC-IN-SUBMIT ep=0x81 len=0 type=BULK (in, awaiting data)
[1548] +51.721803 ASYNC-IN-DONE ep=0x81 len=0 status=2 actual=0
[1549] +51.721865 ASYNC-IN-SUBMIT ep=0x81 len=0 type=BULK (in, awaiting data)
[1550] +51.740546 ASYNC-OUT ep=0x01 len=16 type=BULK 
	0000  08 00 00 18 80 10 ed 03  00 43 00 10 fd 1a 00 00 |.........C......|
[1551] +51.740918 ASYNC-OUT-DONE ep=0x01 len=0 status=0 actual=16
[1552] +51.823883 ASYNC-IN-DONE ep=0x81 len=0 status=2 actual=0
[1553] +51.823964 ASYNC-IN-SUBMIT ep=0x81 len=0 type=BULK (in, awaiting data)
[1554] +51.936779 ASYNC-IN-DONE ep=0x81 len=0 status=2 actual=0
[1555] +51.936898 ASYNC-IN-SUBMIT ep=0x81 len=0 type=BULK (in, awaiting data)
[1556] +52.000251 ASYNC-OUT ep=0x01 len=16 type=BULK 
	0000  08 00 00 18 01 10 ef 03  00 44 00 10 93 1e 00 00 |.........D......|
[1557] +52.000600 ASYNC-OUT-DONE ep=0x01 len=0 status=0 actual=16
[1558] +52.038362 ASYNC-IN-DONE ep=0x81 len=0 status=2 actual=0
[1559] +52.038442 ASYNC-IN-SUBMIT ep=0x81 len=0 type=BULK (in, awaiting data)
[1560] +52.104377 ASYNC-OUT ep=0x01 len=16 type=BULK 
	0000  08 00 00 18 02 10 f0 03  00 30 00 10 09 10 00 00 |.........0......|
[1561] +52.104738 ASYNC-OUT-DONE ep=0x01 len=0 status=0 actual=16
[1562] +52.141815 ASYNC-IN-DONE ep=0x81 len=0 status=2 actual=0
[1563] +52.141896 ASYNC-IN-SUBMIT ep=0x81 len=0 type=BULK (in, awaiting data)
[1564] +52.250452 ASYNC-IN-DONE ep=0x81 len=0 status=2 actual=0
[1565] +52.250568 ASYNC-IN-SUBMIT ep=0x81 len=0 type=BULK (in, awaiting data)
[1566] +52.351431 ASYNC-IN-DONE ep=0x81 len=0 status=2 actual=0
[1567] +52.351494 ASYNC-IN-SUBMIT ep=0x81 len=0 type=BULK (in, awaiting data)
[1568] +52.412050 ASYNC-IN-DONE ep=0x81 len=16 status=0 actual=16
	0000  08 00 00 18 ed 03 80 10  00 47 00 10 ae 02 00 00 |.........G......|
[1569] +52.412122 ASYNC-IN-SUBMIT ep=0x81 len=0 type=BULK (in, awaiting data)
[1570] +52.518847 ASYNC-IN-DONE ep=0x81 len=0 status=2 actual=0
[1571] +52.518934 ASYNC-IN-SUBMIT ep=0x81 len=0 type=BULK (in, awaiting data)
[1572] +52.612493 ASYNC-IN-DONE ep=0x81 len=16 status=0 actual=16
	0000  08 00 00 18 ef 03 01 10  00 47 00 10 65 02 00 00 |.........G..e...|
[1573] +52.612620 ASYNC-IN-SUBMIT ep=0x81 len=0 type=BULK (in, awaiting data)
[1574] +52.612828 ASYNC-IN-DONE ep=0x81 len=16 status=0 actual=16
	0000  08 00 00 18 f0 03 02 10  00 32 00 10 09 02 00 00 |.........2......|
[1575] +52.612904 ASYNC-IN-SUBMIT ep=0x81 len=0 type=BULK (in, awaiting data)
[1576] +52.725651 ASYNC-IN-DONE ep=0x81 len=0 status=2 actual=0
[1577] +52.725739 ASYNC-IN-SUBMIT ep=0x81 len=0 type=BULK (in, awaiting data)
[1578] +52.779439 ASYNC-OUT ep=0x01 len=16 type=BULK 
	0000  08 00 00 18 80 10 ed 03  00 44 00 10 fd 1a 00 00 |.........D......|
[1579] +52.779861 ASYNC-OUT-DONE ep=0x01 len=0 status=0 actual=16
[1580] +52.832022 ASYNC-IN-DONE ep=0x81 len=0 status=2 actual=0
[1581] +52.832079 ASYNC-IN-SUBMIT ep=0x81 len=0 type=BULK (in, awaiting data)
[1582] +52.935883 ASYNC-IN-DONE ep=0x81 len=0 status=2 actual=0
[1583] +52.935981 ASYNC-IN-SUBMIT ep=0x81 len=0 type=BULK (in, awaiting data)
[1584] +53.038461 ASYNC-OUT ep=0x01 len=16 type=BULK 
	0000  08 00 00 18 01 10 ef 03  00 45 00 10 93 1e 00 00 |.........E......|
[1585] +53.038855 ASYNC-OUT-DONE ep=0x01 len=0 status=0 actual=16
[1586] +53.047325 ASYNC-IN-DONE ep=0x81 len=0 status=2 actual=0
[1587] +53.047416 ASYNC-IN-SUBMIT ep=0x81 len=0 type=BULK (in, awaiting data)
[1588] +53.142451 ASYNC-OUT ep=0x01 len=16 type=BULK 
	0000  08 00 00 18 02 10 f0 03  00 31 00 10 09 10 00 00 |.........1......|
[1589] +53.142847 ASYNC-OUT-DONE ep=0x01 len=0 status=0 actual=16
[1590] +53.149399 ASYNC-IN-DONE ep=0x81 len=0 status=2 actual=0
[1591] +53.149481 ASYNC-IN-SUBMIT ep=0x81 len=0 type=BULK (in, awaiting data)
[1592] +53.256400 ASYNC-IN-DONE ep=0x81 len=0 status=2 actual=0
[1593] +53.256489 ASYNC-IN-SUBMIT ep=0x81 len=0 type=BULK (in, awaiting data)
[1594] +53.369307 ASYNC-IN-DONE ep=0x81 len=0 status=2 actual=0
[1595] +53.369419 ASYNC-IN-SUBMIT ep=0x81 len=0 type=BULK (in, awaiting data)
[1596] +53.414973 ASYNC-IN-DONE ep=0x81 len=16 status=0 actual=16
	0000  08 00 00 18 ed 03 80 10  00 48 00 10 ae 02 00 00 |.........H......|
[1597] +53.415109 ASYNC-IN-SUBMIT ep=0x81 len=0 type=BULK (in, awaiting data)
[1598] +53.526151 ASYNC-IN-DONE ep=0x81 len=0 status=2 actual=0
[1599] +53.526288 ASYNC-IN-SUBMIT ep=0x81 len=0 type=BULK (in, awaiting data)
[1600] +53.616084 ASYNC-IN-DONE ep=0x81 len=16 status=0 actual=16
	0000  08 00 00 18 ef 03 01 10  00 48 00 10 65 02 00 00 |.........H..e...|
[1601] +53.616189 ASYNC-IN-SUBMIT ep=0x81 len=0 type=BULK (in, awaiting data)
[1602] +53.616358 ASYNC-IN-DONE ep=0x81 len=16 status=0 actual=16
	0000  08 00 00 18 f0 03 02 10  00 33 00 10 09 02 00 00 |.........3......|
[1603] +53.616415 ASYNC-IN-SUBMIT ep=0x81 len=0 type=BULK (in, awaiting data)
[1604] +53.729161 ASYNC-IN-DONE ep=0x81 len=0 status=2 actual=0
[1605] +53.729267 ASYNC-IN-SUBMIT ep=0x81 len=0 type=BULK (in, awaiting data)
[1606] +53.815896 ASYNC-OUT ep=0x01 len=16 type=BULK 
	0000  08 00 00 18 80 10 ed 03  00 45 00 10 fd 1a 00 00 |.........E......|
[1607] +53.816277 ASYNC-OUT-DONE ep=0x01 len=0 status=0 actual=16
[1608] +53.836458 ASYNC-IN-DONE ep=0x81 len=0 status=2 actual=0
[1609] +53.836531 ASYNC-IN-SUBMIT ep=0x81 len=0 type=BULK (in, awaiting data)
[1610] +53.948188 ASYNC-IN-DONE ep=0x81 len=0 status=2 actual=0
[1611] +53.948278 ASYNC-IN-SUBMIT ep=0x81 len=0 type=BULK (in, awaiting data)
[1612] +54.050245 ASYNC-IN-DONE ep=0x81 len=0 status=2 actual=0
[1613] +54.050339 ASYNC-IN-SUBMIT ep=0x81 len=0 type=BULK (in, awaiting data)
[1614] +54.076093 ASYNC-OUT ep=0x01 len=16 type=BULK 
	0000  08 00 00 18 01 10 ef 03  00 46 00 10 93 1e 00 00 |.........F......|
[1615] +54.076375 ASYNC-OUT-DONE ep=0x01 len=0 status=0 actual=16
[1616] +54.163124 ASYNC-IN-DONE ep=0x81 len=0 status=2 actual=0
[1617] +54.163210 ASYNC-IN-SUBMIT ep=0x81 len=0 type=BULK (in, awaiting data)
[1618] +54.179941 ASYNC-OUT ep=0x01 len=16 type=BULK 
	0000  08 00 00 18 02 10 f0 03  00 32 00 10 09 10 00 00 |.........2......|
[1619] +54.180271 ASYNC-OUT-DONE ep=0x01 len=0 status=0 actual=16
[1620] +54.269381 ASYNC-IN-DONE ep=0x81 len=0 status=2 actual=0
[1621] +54.269477 ASYNC-IN-SUBMIT ep=0x81 len=0 type=BULK (in, awaiting data)
[1622] +54.374092 ASYNC-IN-DONE ep=0x81 len=0 status=2 actual=0
[1623] +54.374205 ASYNC-IN-SUBMIT ep=0x81 len=0 type=BULK (in, awaiting data)
[1624] +54.418158 ASYNC-IN-DONE ep=0x81 len=16 status=0 actual=16
	0000  08 00 00 18 ed 03 80 10  00 49 00 10 ae 02 00 00 |.........I......|
[1625] +54.418276 ASYNC-IN-SUBMIT ep=0x81 len=0 type=BULK (in, awaiting data)
[1626] +54.530229 ASYNC-IN-DONE ep=0x81 len=0 status=2 actual=0
[1627] +54.530309 ASYNC-IN-SUBMIT ep=0x81 len=0 type=BULK (in, awaiting data)
[1628] +54.619074 ASYNC-IN-DONE ep=0x81 len=16 status=0 actual=16
	0000  08 00 00 18 ef 03 01 10  00 49 00 10 65 02 00 00 |.........I..e...|
[1629] +54.619223 ASYNC-IN-SUBMIT ep=0x81 len=0 type=BULK (in, awaiting data)
[1630] +54.619449 ASYNC-IN-DONE ep=0x81 len=16 status=0 actual=16
	0000  08 00 00 18 f0 03 02 10  00 34 00 10 09 02 00 00 |.........4......|
[1631] +54.619518 ASYNC-IN-SUBMIT ep=0x81 len=0 type=BULK (in, awaiting data)
[1632] +54.721968 ASYNC-IN-DONE ep=0x81 len=0 status=2 actual=0
[1633] +54.722056 ASYNC-IN-SUBMIT ep=0x81 len=0 type=BULK (in, awaiting data)
[1634] +54.829560 ASYNC-IN-DONE ep=0x81 len=0 status=2 actual=0
[1635] +54.829663 ASYNC-IN-SUBMIT ep=0x81 len=0 type=BULK (in, awaiting data)
[1636] +54.853917 ASYNC-OUT ep=0x01 len=16 type=BULK 
	0000  08 00 00 18 80 10 ed 03  00 46 00 10 fd 1a 00 00 |.........F......|
[1637] +54.854300 ASYNC-OUT-DONE ep=0x01 len=0 status=0 actual=16
[1638] +54.930165 ASYNC-IN-DONE ep=0x81 len=0 status=2 actual=0
[1639] +54.930241 ASYNC-IN-SUBMIT ep=0x81 len=0 type=BULK (in, awaiting data)
[1640] +55.037578 ASYNC-IN-DONE ep=0x81 len=0 status=2 actual=0
[1641] +55.037696 ASYNC-IN-SUBMIT ep=0x81 len=0 type=BULK (in, awaiting data)
[1642] +55.112913 ASYNC-OUT ep=0x01 len=16 type=BULK 
	0000  08 00 00 18 01 10 ef 03  00 47 00 10 93 1e 00 00 |.........G......|
[1643] +55.113280 ASYNC-OUT-DONE ep=0x01 len=0 status=0 actual=16
[1644] +55.142490 ASYNC-IN-DONE ep=0x81 len=0 status=2 actual=0
[1645] +55.142609 ASYNC-IN-SUBMIT ep=0x81 len=0 type=BULK (in, awaiting data)
[1646] +55.216544 ASYNC-OUT ep=0x01 len=16 type=BULK 
	0000  08 00 00 18 02 10 f0 03  00 33 00 10 09 10 00 00 |.........3......|
[1647] +55.216916 ASYNC-OUT-DONE ep=0x01 len=0 status=0 actual=16
[1648] +55.255262 ASYNC-IN-DONE ep=0x81 len=0 status=2 actual=0
[1649] +55.255355 ASYNC-IN-SUBMIT ep=0x81 len=0 type=BULK (in, awaiting data)
[1650] +55.362306 ASYNC-IN-DONE ep=0x81 len=0 status=2 actual=0
[1651] +55.362416 ASYNC-IN-SUBMIT ep=0x81 len=0 type=BULK (in, awaiting data)
[1652] +55.421799 ASYNC-IN-DONE ep=0x81 len=16 status=0 actual=16
	0000  08 00 00 18 ed 03 80 10  00 4a 00 10 ae 02 00 00 |.........J......|
[1653] +55.422097 ASYNC-IN-SUBMIT ep=0x81 len=0 type=BULK (in, awaiting data)
[1654] +55.531811 ASYNC-IN-DONE ep=0x81 len=0 status=2 actual=0
[1655] +55.531898 ASYNC-IN-SUBMIT ep=0x81 len=0 type=BULK (in, awaiting data)
[1656] +55.622726 ASYNC-IN-DONE ep=0x81 len=16 status=0 actual=16
	0000  08 00 00 18 ef 03 01 10  00 4a 00 10 65 02 00 00 |.........J..e...|
[1657] +55.622861 ASYNC-IN-SUBMIT ep=0x81 len=0 type=BULK (in, awaiting data)
[1658] +55.623069 ASYNC-IN-DONE ep=0x81 len=16 status=0 actual=16
	0000  08 00 00 18 f0 03 02 10  00 35 00 10 09 02 00 00 |.........5......|
[1659] +55.623136 ASYNC-IN-SUBMIT ep=0x81 len=0 type=BULK (in, awaiting data)
[1660] +55.735830 ASYNC-IN-DONE ep=0x81 len=0 status=2 actual=0
[1661] +55.735862 ASYNC-IN-SUBMIT ep=0x81 len=0 type=BULK (in, awaiting data)
[1662] +55.848616 ASYNC-IN-DONE ep=0x81 len=0 status=2 actual=0
[1663] +55.848632 ASYNC-IN-SUBMIT ep=0x81 len=0 type=BULK (in, awaiting data)
[1664] +55.903353 ASYNC-OUT ep=0x01 len=16 type=BULK 
	0000  08 00 00 18 80 10 ed 03  00 47 00 10 fd 1a 00 00 |.........G......|
[1665] +55.903714 ASYNC-OUT-DONE ep=0x01 len=0 status=0 actual=16
[1666] +55.960496 ASYNC-IN-DONE ep=0x81 len=0 status=2 actual=0
[1667] +55.960520 ASYNC-IN-SUBMIT ep=0x81 len=0 type=BULK (in, awaiting data)
[1668] +56.071879 ASYNC-IN-DONE ep=0x81 len=0 status=2 actual=0
[1669] +56.071962 ASYNC-IN-SUBMIT ep=0x81 len=0 type=BULK (in, awaiting data)
[1670] +56.162671 ASYNC-OUT ep=0x01 len=16 type=BULK 
	0000  08 00 00 18 01 10 ef 03  00 48 00 10 93 1e 00 00 |.........H......|
[1671] +56.163046 ASYNC-OUT-DONE ep=0x01 len=0 status=0 actual=16
[1672] +56.184377 ASYNC-IN-DONE ep=0x81 len=0 status=2 actual=0
[1673] +56.184456 ASYNC-IN-SUBMIT ep=0x81 len=0 type=BULK (in, awaiting data)
[1674] +56.266795 ASYNC-OUT ep=0x01 len=16 type=BULK 
	0000  08 00 00 18 02 10 f0 03  00 34 00 10 09 10 00 00 |.........4......|
[1675] +56.267125 ASYNC-OUT-DONE ep=0x01 len=0 status=0 actual=16
[1676] +56.297219 ASYNC-IN-DONE ep=0x81 len=0 status=2 actual=0
[1677] +56.297293 ASYNC-IN-SUBMIT ep=0x81 len=0 type=BULK (in, awaiting data)
[1678] +56.401896 ASYNC-IN-DONE ep=0x81 len=0 status=2 actual=0
[1679] +56.401994 ASYNC-IN-SUBMIT ep=0x81 len=0 type=BULK (in, awaiting data)
[1680] +56.425268 ASYNC-IN-DONE ep=0x81 len=16 status=0 actual=16
	0000  08 00 00 18 ed 03 80 10  00 4b 00 10 ae 02 00 00 |.........K......|
[1681] +56.425409 ASYNC-IN-SUBMIT ep=0x81 len=0 type=BULK (in, awaiting data)
[1682] +56.526966 ASYNC-IN-DONE ep=0x81 len=0 status=2 actual=0
[1683] +56.527039 ASYNC-IN-SUBMIT ep=0x81 len=0 type=BULK (in, awaiting data)
[1684] +56.626029 ASYNC-IN-DONE ep=0x81 len=16 status=0 actual=16
	0000  08 00 00 18 ef 03 01 10  00 4b 00 10 65 02 00 00 |.........K..e...|
[1685] +56.626167 ASYNC-IN-SUBMIT ep=0x81 len=0 type=BULK (in, awaiting data)
[1686] +56.626329 ASYNC-IN-DONE ep=0x81 len=16 status=0 actual=16
	0000  08 00 00 18 f0 03 02 10  00 36 00 10 09 02 00 00 |.........6......|
[1687] +56.626389 ASYNC-IN-SUBMIT ep=0x81 len=0 type=BULK (in, awaiting data)
[1688] +56.739217 ASYNC-IN-DONE ep=0x81 len=0 status=2 actual=0
[1689] +56.739300 ASYNC-IN-SUBMIT ep=0x81 len=0 type=BULK (in, awaiting data)
[1690] +56.846924 ASYNC-IN-DONE ep=0x81 len=0 status=2 actual=0
[1691] +56.847003 ASYNC-IN-SUBMIT ep=0x81 len=0 type=BULK (in, awaiting data)
[1692] +56.942732 ASYNC-OUT ep=0x01 len=16 type=BULK 
	0000  08 00 00 18 80 10 ed 03  00 48 00 10 fd 1a 00 00 |.........H......|
[1693] +56.943113 ASYNC-OUT-DONE ep=0x01 len=0 status=0 actual=16
[1694] +56.959776 ASYNC-IN-DONE ep=0x81 len=0 status=2 actual=0
[1695] +56.959848 ASYNC-IN-SUBMIT ep=0x81 len=0 type=BULK (in, awaiting data)
[1696] +57.072658 ASYNC-IN-DONE ep=0x81 len=0 status=2 actual=0
[1697] +57.072898 ASYNC-IN-SUBMIT ep=0x81 len=0 type=BULK (in, awaiting data)
[1698] +57.181838 ASYNC-IN-DONE ep=0x81 len=0 status=2 actual=0
[1699] +57.181968 ASYNC-IN-SUBMIT ep=0x81 len=0 type=BULK (in, awaiting data)
[1700] +57.202927 ASYNC-OUT ep=0x01 len=16 type=BULK 
	0000  08 00 00 18 01 10 ef 03  00 49 00 10 93 1e 00 00 |.........I......|
[1701] +57.203196 ASYNC-OUT-DONE ep=0x01 len=0 status=0 actual=16
[1702] +57.283938 ASYNC-IN-DONE ep=0x81 len=0 status=2 actual=0
[1703] +57.283991 ASYNC-IN-SUBMIT ep=0x81 len=0 type=BULK (in, awaiting data)
[1704] +57.307027 ASYNC-OUT ep=0x01 len=16 type=BULK 
	0000  08 00 00 18 02 10 f0 03  00 35 00 10 09 10 00 00 |.........5......|
[1705] +57.307332 ASYNC-OUT-DONE ep=0x01 len=0 status=0 actual=16
[1706] +57.396513 ASYNC-IN-DONE ep=0x81 len=0 status=2 actual=0
[1707] +57.396612 ASYNC-IN-SUBMIT ep=0x81 len=0 type=BULK (in, awaiting data)
[1708] +57.428135 ASYNC-IN-DONE ep=0x81 len=16 status=0 actual=16
	0000  08 00 00 18 ed 03 80 10  00 4c 00 10 ae 02 00 00 |.........L......|
[1709] +57.428243 ASYNC-IN-SUBMIT ep=0x81 len=0 type=BULK (in, awaiting data)
[1710] +57.536832 ASYNC-IN-DONE ep=0x81 len=0 status=2 actual=0
[1711] +57.536929 ASYNC-IN-SUBMIT ep=0x81 len=0 type=BULK (in, awaiting data)
[1712] +57.628895 ASYNC-IN-DONE ep=0x81 len=16 status=0 actual=16
	0000  08 00 00 18 ef 03 01 10  00 4c 00 10 65 02 00 00 |.........L..e...|
[1713] +57.629042 ASYNC-IN-SUBMIT ep=0x81 len=0 type=BULK (in, awaiting data)
[1714] +57.629236 ASYNC-IN-DONE ep=0x81 len=16 status=0 actual=16
	0000  08 00 00 18 f0 03 02 10  00 37 00 10 09 02 00 00 |.........7......|
[1715] +57.629313 ASYNC-IN-SUBMIT ep=0x81 len=0 type=BULK (in, awaiting data)
[1716] +57.735056 ASYNC-IN-DONE ep=0x81 len=0 status=2 actual=0
[1717] +57.735160 ASYNC-IN-SUBMIT ep=0x81 len=0 type=BULK (in, awaiting data)
[1718] +57.846939 ASYNC-IN-DONE ep=0x81 len=0 status=2 actual=0
[1719] +57.847025 ASYNC-IN-SUBMIT ep=0x81 len=0 type=BULK (in, awaiting data)
[1720] +57.959325 ASYNC-IN-DONE ep=0x81 len=0 status=2 actual=0
[1721] +57.959348 ASYNC-IN-SUBMIT ep=0x81 len=0 type=BULK (in, awaiting data)
[1722] +57.982078 ASYNC-OUT ep=0x01 len=16 type=BULK 
	0000  08 00 00 18 80 10 ed 03  00 49 00 10 fd 1a 00 00 |.........I......|
[1723] +57.982320 ASYNC-OUT-DONE ep=0x01 len=0 status=0 actual=16
[1724] +58.060239 ASYNC-IN-DONE ep=0x81 len=0 status=2 actual=0
[1725] +58.060271 ASYNC-IN-SUBMIT ep=0x81 len=0 type=BULK (in, awaiting data)
[1726] +58.162902 ASYNC-IN-DONE ep=0x81 len=0 status=2 actual=0
[1727] +58.162960 ASYNC-IN-SUBMIT ep=0x81 len=0 type=BULK (in, awaiting data)
[1728] +58.242399 ASYNC-OUT ep=0x01 len=16 type=BULK 
	0000  08 00 00 18 01 10 ef 03  00 4a 00 10 93 1e 00 00 |.........J......|
[1729] +58.242702 ASYNC-OUT-DONE ep=0x01 len=0 status=0 actual=16
[1730] +58.271889 ASYNC-IN-DONE ep=0x81 len=0 status=2 actual=0
[1731] +58.271939 ASYNC-IN-SUBMIT ep=0x81 len=0 type=BULK (in, awaiting data)
[1732] +58.346338 ASYNC-OUT ep=0x01 len=16 type=BULK 
	0000  08 00 00 18 02 10 f0 03  00 36 00 10 09 10 00 00 |.........6......|
[1733] +58.346663 ASYNC-OUT-DONE ep=0x01 len=0 status=0 actual=16
[1734] +58.384702 ASYNC-IN-DONE ep=0x81 len=0 status=2 actual=0
[1735] +58.384786 ASYNC-IN-SUBMIT ep=0x81 len=0 type=BULK (in, awaiting data)
[1736] +58.431700 ASYNC-IN-DONE ep=0x81 len=16 status=0 actual=16
	0000  08 00 00 18 ed 03 80 10  00 4d 00 10 ae 02 00 00 |.........M......|
[1737] +58.431836 ASYNC-IN-SUBMIT ep=0x81 len=0 type=BULK (in, awaiting data)
[1738] +58.542762 ASYNC-IN-DONE ep=0x81 len=0 status=2 actual=0
[1739] +58.542838 ASYNC-IN-SUBMIT ep=0x81 len=0 type=BULK (in, awaiting data)
[1740] +58.632165 ASYNC-IN-DONE ep=0x81 len=16 status=0 actual=16
	0000  08 00 00 18 ef 03 01 10  00 4d 00 10 65 02 00 00 |.........M..e...|
[1741] +58.632306 ASYNC-IN-SUBMIT ep=0x81 len=0 type=BULK (in, awaiting data)
[1742] +58.632505 ASYNC-IN-DONE ep=0x81 len=16 status=0 actual=16
	0000  08 00 00 18 f0 03 02 10  00 38 00 10 09 02 00 00 |.........8......|
[1743] +58.632570 ASYNC-IN-SUBMIT ep=0x81 len=0 type=BULK (in, awaiting data)
[1744] +58.733701 ASYNC-IN-DONE ep=0x81 len=0 status=2 actual=0
[1745] +58.733772 ASYNC-IN-SUBMIT ep=0x81 len=0 type=BULK (in, awaiting data)
[1746] +58.843967 ASYNC-IN-DONE ep=0x81 len=0 status=2 actual=0
[1747] +58.844073 ASYNC-IN-SUBMIT ep=0x81 len=0 type=BULK (in, awaiting data)
[1748] +58.954764 ASYNC-IN-DONE ep=0x81 len=0 status=2 actual=0
[1749] +58.954859 ASYNC-IN-SUBMIT ep=0x81 len=0 type=BULK (in, awaiting data)
[1750] +59.023040 ASYNC-OUT ep=0x01 len=16 type=BULK 
	0000  08 00 00 18 80 10 ed 03  00 4a 00 10 fd 1a 00 00 |.........J......|
[1751] +59.023400 ASYNC-OUT-DONE ep=0x01 len=0 status=0 actual=16
[1752] +59.065500 ASYNC-IN-DONE ep=0x81 len=0 status=2 actual=0
[1753] +59.065568 ASYNC-IN-SUBMIT ep=0x81 len=0 type=BULK (in, awaiting data)
[1754] +59.178388 ASYNC-IN-DONE ep=0x81 len=0 status=2 actual=0
[1755] +59.178471 ASYNC-IN-SUBMIT ep=0x81 len=0 type=BULK (in, awaiting data)
[1756] +59.291072 ASYNC-IN-DONE ep=0x81 len=0 status=2 actual=0
[1757] +59.291186 ASYNC-IN-SUBMIT ep=0x81 len=0 type=BULK (in, awaiting data)
[1758] +59.298178 ASYNC-OUT ep=0x01 len=16 type=BULK 
	0000  08 00 00 18 01 10 ef 03  00 4b 00 10 93 1e 00 00 |.........K......|
[1759] +59.302951 ASYNC-OUT-DONE ep=0x01 len=0 status=0 actual=16
[1760] +59.380615 ASYNC-OUT ep=0x01 len=16 type=BULK 
	0000  08 00 00 18 02 10 f0 03  00 37 00 10 09 10 00 00 |.........7......|
[1761] +59.381111 ASYNC-OUT-DONE ep=0x01 len=0 status=0 actual=16
[1762] +59.402899 ASYNC-IN-DONE ep=0x81 len=0 status=2 actual=0
[1763] +59.402995 ASYNC-IN-SUBMIT ep=0x81 len=0 type=BULK (in, awaiting data)
[1764] +59.434843 ASYNC-IN-DONE ep=0x81 len=16 status=0 actual=16
	0000  08 00 00 18 ed 03 80 10  00 4e 00 10 ae 02 00 00 |.........N......|
[1765] +59.434968 ASYNC-IN-SUBMIT ep=0x81 len=0 type=BULK (in, awaiting data)
[1766] +59.536949 ASYNC-IN-DONE ep=0x81 len=0 status=2 actual=0
[1767] +59.537041 ASYNC-IN-SUBMIT ep=0x81 len=0 type=BULK (in, awaiting data)
[1768] +59.635334 ASYNC-IN-DONE ep=0x81 len=16 status=0 actual=16
	0000  08 00 00 18 ef 03 01 10  00 4e 00 10 65 02 00 00 |.........N..e...|
[1769] +59.635464 ASYNC-IN-SUBMIT ep=0x81 len=0 type=BULK (in, awaiting data)
[1770] +59.635629 ASYNC-IN-DONE ep=0x81 len=16 status=0 actual=16
	0000  08 00 00 18 f0 03 02 10  00 39 00 10 09 02 00 00 |.........9......|
[1771] +59.635695 ASYNC-IN-SUBMIT ep=0x81 len=0 type=BULK (in, awaiting data)
[1772] +59.745460 ASYNC-IN-DONE ep=0x81 len=0 status=2 actual=0
[1773] +59.745540 ASYNC-IN-SUBMIT ep=0x81 len=0 type=BULK (in, awaiting data)
[1774] +59.858344 ASYNC-IN-DONE ep=0x81 len=0 status=2 actual=0
[1775] +59.858456 ASYNC-IN-SUBMIT ep=0x81 len=0 type=BULK (in, awaiting data)
[1776] +59.967347 ASYNC-IN-DONE ep=0x81 len=0 status=2 actual=0
[1777] +59.967460 ASYNC-IN-SUBMIT ep=0x81 len=0 type=BULK (in, awaiting data)
[1778] +60.057190 ASYNC-OUT ep=0x01 len=16 type=BULK 
	0000  08 00 00 18 80 10 ed 03  00 4b 00 10 fd 1a 00 00 |.........K......|
[1779] +60.057379 ASYNC-OUT-DONE ep=0x01 len=0 status=0 actual=16
[1780] +60.071247 ASYNC-IN-DONE ep=0x81 len=0 status=2 actual=0
[1781] +60.071276 ASYNC-IN-SUBMIT ep=0x81 len=0 type=BULK (in, awaiting data)
[1782] +60.184066 ASYNC-IN-DONE ep=0x81 len=0 status=2 actual=0
[1783] +60.184101 ASYNC-IN-SUBMIT ep=0x81 len=0 type=BULK (in, awaiting data)
[1784] +60.296865 ASYNC-IN-DONE ep=0x81 len=0 status=2 actual=0
[1785] +60.296902 ASYNC-IN-SUBMIT ep=0x81 len=0 type=BULK (in, awaiting data)
[1786] +60.317978 ASYNC-OUT ep=0x01 len=16 type=BULK 
	0000  08 00 00 18 01 10 ef 03  00 4c 00 10 93 1e 00 00 |.........L......|
[1787] +60.318294 ASYNC-OUT-DONE ep=0x01 len=0 status=0 actual=16
[1788] +60.409369 ASYNC-IN-DONE ep=0x81 len=0 status=2 actual=0
[1789] +60.409464 ASYNC-IN-SUBMIT ep=0x81 len=0 type=BULK (in, awaiting data)
[1790] +60.422048 ASYNC-OUT ep=0x01 len=16 type=BULK 
	0000  08 00 00 18 02 10 f0 03  00 38 00 10 09 10 00 00 |.........8......|
[1791] +60.422248 ASYNC-OUT-DONE ep=0x01 len=0 status=0 actual=16
[1792] +60.438470 ASYNC-IN-DONE ep=0x81 len=16 status=0 actual=16
	0000  08 00 00 18 ed 03 80 10  00 4f 00 10 ae 02 00 00 |.........O......|
[1793] +60.438593 ASYNC-IN-SUBMIT ep=0x81 len=0 type=BULK (in, awaiting data)
[1794] +60.541840 ASYNC-IN-DONE ep=0x81 len=0 status=2 actual=0
[1795] +60.541934 ASYNC-IN-SUBMIT ep=0x81 len=0 type=BULK (in, awaiting data)
[1796] +60.638851 ASYNC-IN-DONE ep=0x81 len=16 status=0 actual=16
	0000  08 00 00 18 ef 03 01 10  00 4f 00 10 65 02 00 00 |.........O..e...|
[1797] +60.638991 ASYNC-IN-SUBMIT ep=0x81 len=0 type=BULK (in, awaiting data)
[1798] +60.639179 ASYNC-IN-DONE ep=0x81 len=16 status=0 actual=16
	0000  08 00 00 18 f0 03 02 10  00 3a 00 10 09 02 00 00 |.........:......|
[1799] +60.639241 ASYNC-IN-SUBMIT ep=0x81 len=0 type=BULK (in, awaiting data)
[1800] +60.745570 ASYNC-IN-DONE ep=0x81 len=0 status=2 actual=0
[1801] +60.745658 ASYNC-IN-SUBMIT ep=0x81 len=0 type=BULK (in, awaiting data)
[1802] +60.856985 ASYNC-IN-DONE ep=0x81 len=0 status=2 actual=0
[1803] +60.857102 ASYNC-IN-SUBMIT ep=0x81 len=0 type=BULK (in, awaiting data)
[1804] +60.969945 ASYNC-IN-DONE ep=0x81 len=0 status=2 actual=0
[1805] +60.970054 ASYNC-IN-SUBMIT ep=0x81 len=0 type=BULK (in, awaiting data)
[1806] +61.082894 ASYNC-IN-DONE ep=0x81 len=0 status=2 actual=0
[1807] +61.083010 ASYNC-IN-SUBMIT ep=0x81 len=0 type=BULK (in, awaiting data)
[1808] +61.095272 ASYNC-OUT ep=0x01 len=16 type=BULK 
	0000  08 00 00 18 80 10 ed 03  00 4c 00 10 fd 1a 00 00 |.........L......|
[1809] +61.095627 ASYNC-OUT-DONE ep=0x01 len=0 status=0 actual=16
[1810] +61.193364 ASYNC-IN-DONE ep=0x81 len=0 status=2 actual=0
[1811] +61.193466 ASYNC-IN-SUBMIT ep=0x81 len=0 type=BULK (in, awaiting data)
[1812] +61.302834 ASYNC-IN-DONE ep=0x81 len=0 status=2 actual=0
[1813] +61.302925 ASYNC-IN-SUBMIT ep=0x81 len=0 type=BULK (in, awaiting data)
[1814] +61.354675 ASYNC-OUT ep=0x01 len=16 type=BULK 
	0000  08 00 00 18 01 10 ef 03  00 4d 00 10 93 1e 00 00 |.........M......|
[1815] +61.355057 ASYNC-OUT-DONE ep=0x01 len=0 status=0 actual=16
[1816] +61.413074 ASYNC-IN-DONE ep=0x81 len=0 status=2 actual=0
[1817] +61.413156 ASYNC-IN-SUBMIT ep=0x81 len=0 type=BULK (in, awaiting data)
[1818] +61.441669 ASYNC-IN-DONE ep=0x81 len=16 status=0 actual=16
	0000  08 00 00 18 ed 03 80 10  00 50 00 10 ae 02 00 00 |.........P......|
[1819] +61.441798 ASYNC-IN-SUBMIT ep=0x81 len=0 type=BULK (in, awaiting data)
[1820] +61.458767 ASYNC-OUT ep=0x01 len=16 type=BULK 
	0000  08 00 00 18 02 10 f0 03  00 39 00 10 09 10 00 00 |.........9......|
[1821] +61.459102 ASYNC-OUT-DONE ep=0x01 len=0 status=0 actual=16
[1822] +61.551679 ASYNC-IN-DONE ep=0x81 len=0 status=2 actual=0
[1823] +61.551784 ASYNC-IN-SUBMIT ep=0x81 len=0 type=BULK (in, awaiting data)
[1824] +61.642350 ASYNC-IN-DONE ep=0x81 len=16 status=0 actual=16
	0000  08 00 00 18 ef 03 01 10  00 50 00 10 65 02 00 00 |.........P..e...|
[1825] +61.642467 ASYNC-IN-SUBMIT ep=0x81 len=0 type=BULK (in, awaiting data)
[1826] +61.642621 ASYNC-IN-DONE ep=0x81 len=16 status=0 actual=16
	0000  08 00 00 18 f0 03 02 10  00 3b 00 10 09 02 00 00 |.........;......|
[1827] +61.642673 ASYNC-IN-SUBMIT ep=0x81 len=0 type=BULK (in, awaiting data)
[1828] +61.754063 ASYNC-IN-DONE ep=0x81 len=0 status=2 actual=0
[1829] +61.754112 ASYNC-IN-SUBMIT ep=0x81 len=0 type=BULK (in, awaiting data)
[1830] +61.866892 ASYNC-IN-DONE ep=0x81 len=0 status=2 actual=0
[1831] +61.866936 ASYNC-IN-SUBMIT ep=0x81 len=0 type=BULK (in, awaiting data)
[1832] +61.971224 ASYNC-IN-DONE ep=0x81 len=0 status=2 actual=0
[1833] +61.971303 ASYNC-IN-SUBMIT ep=0x81 len=0 type=BULK (in, awaiting data)
[1834] +62.073875 ASYNC-IN-DONE ep=0x81 len=0 status=2 actual=0
[1835] +62.073965 ASYNC-IN-SUBMIT ep=0x81 len=0 type=BULK (in, awaiting data)
[1836] +62.133680 ASYNC-OUT ep=0x01 len=16 type=BULK 
	0000  08 00 00 18 80 10 ed 03  00 4d 00 10 fd 1a 00 00 |.........M......|
[1837] +62.134023 ASYNC-OUT-DONE ep=0x01 len=0 status=0 actual=16
[1838] +62.180983 ASYNC-IN-DONE ep=0x81 len=0 status=2 actual=0
[1839] +62.181010 ASYNC-IN-SUBMIT ep=0x81 len=0 type=BULK (in, awaiting data)
[1840] +62.293721 ASYNC-IN-DONE ep=0x81 len=0 status=2 actual=0
[1841] +62.293780 ASYNC-IN-SUBMIT ep=0x81 len=0 type=BULK (in, awaiting data)
[1842] +62.393274 ASYNC-OUT ep=0x01 len=16 type=BULK 
	0000  08 00 00 18 01 10 ef 03  00 4e 00 10 93 1e 00 00 |.........N......|
[1843] +62.393740 ASYNC-OUT-DONE ep=0x01 len=0 status=0 actual=16
[1844] +62.406489 ASYNC-IN-DONE ep=0x81 len=0 status=2 actual=0
[1845] +62.406565 ASYNC-IN-SUBMIT ep=0x81 len=0 type=BULK (in, awaiting data)
[1846] +62.444808 ASYNC-IN-DONE ep=0x81 len=16 status=0 actual=16
	0000  08 00 00 18 ed 03 80 10  00 51 00 10 ae 02 00 00 |.........Q......|
[1847] +62.444918 ASYNC-IN-SUBMIT ep=0x81 len=0 type=BULK (in, awaiting data)
[1848] +62.497273 ASYNC-OUT ep=0x01 len=16 type=BULK 
	0000  08 00 00 18 02 10 f0 03  00 3a 00 10 09 10 00 00 |.........:......|
[1849] +62.497520 ASYNC-OUT-DONE ep=0x01 len=0 status=0 actual=16
[1850] +62.554005 ASYNC-IN-DONE ep=0x81 len=0 status=2 actual=0
[1851] +62.554047 ASYNC-IN-SUBMIT ep=0x81 len=0 type=BULK (in, awaiting data)
[1852] +62.645274 ASYNC-IN-DONE ep=0x81 len=16 status=0 actual=16
	0000  08 00 00 18 ef 03 01 10  00 51 00 10 65 02 00 00 |.........Q..e...|
[1853] +62.645307 ASYNC-IN-SUBMIT ep=0x81 len=0 type=BULK (in, awaiting data)
[1854] +62.645401 ASYNC-IN-DONE ep=0x81 len=16 status=0 actual=16
	0000  08 00 00 18 f0 03 02 10  00 3c 00 10 09 02 00 00 |.........<......|
[1855] +62.645422 ASYNC-IN-SUBMIT ep=0x81 len=0 type=BULK (in, awaiting data)
[1856] +62.751097 ASYNC-IN-DONE ep=0x81 len=0 status=2 actual=0
[1857] +62.751132 ASYNC-IN-SUBMIT ep=0x81 len=0 type=BULK (in, awaiting data)
[1858] +62.862368 ASYNC-IN-DONE ep=0x81 len=0 status=2 actual=0
[1859] +62.862407 ASYNC-IN-SUBMIT ep=0x81 len=0 type=BULK (in, awaiting data)
[1860] +62.971873 ASYNC-IN-DONE ep=0x81 len=0 status=2 actual=0
[1861] +62.971935 ASYNC-IN-SUBMIT ep=0x81 len=0 type=BULK (in, awaiting data)
[1862] +63.084973 ASYNC-IN-DONE ep=0x81 len=0 status=2 actual=0
[1863] +63.085092 ASYNC-IN-SUBMIT ep=0x81 len=0 type=BULK (in, awaiting data)
[1864] +63.171843 ASYNC-OUT ep=0x01 len=16 type=BULK 
	0000  08 00 00 18 80 10 ed 03  00 4e 00 10 fd 1a 00 00 |.........N......|
[1865] +63.172149 ASYNC-OUT-DONE ep=0x01 len=0 status=0 actual=16
[1866] +63.197923 ASYNC-IN-DONE ep=0x81 len=0 status=2 actual=0
[1867] +63.198007 ASYNC-IN-SUBMIT ep=0x81 len=0 type=BULK (in, awaiting data)
[1868] +63.309398 ASYNC-IN-DONE ep=0x81 len=0 status=2 actual=0
[1869] +63.309477 ASYNC-IN-SUBMIT ep=0x81 len=0 type=BULK (in, awaiting data)
[1870] +63.421914 ASYNC-IN-DONE ep=0x81 len=0 status=2 actual=0
[1871] +63.422021 ASYNC-IN-SUBMIT ep=0x81 len=0 type=BULK (in, awaiting data)
[1872] +63.431116 ASYNC-OUT ep=0x01 len=16 type=BULK 
	0000  08 00 00 18 01 10 ef 03  00 4f 00 10 93 1e 00 00 |.........O......|
[1873] +63.431418 ASYNC-OUT-DONE ep=0x01 len=0 status=0 actual=16
[1874] +63.448435 ASYNC-IN-DONE ep=0x81 len=16 status=0 actual=16
	0000  08 00 00 18 ed 03 80 10  00 52 00 10 ae 02 00 00 |.........R......|
[1875] +63.448570 ASYNC-IN-SUBMIT ep=0x81 len=0 type=BULK (in, awaiting data)
[1876] +63.535232 ASYNC-OUT ep=0x01 len=16 type=BULK 
	0000  08 00 00 18 02 10 f0 03  00 3b 00 10 09 10 00 00 |.........;......|
[1877] +63.535521 ASYNC-OUT-DONE ep=0x01 len=0 status=0 actual=16
[1878] +63.550831 ASYNC-IN-DONE ep=0x81 len=0 status=2 actual=0
[1879] +63.550920 ASYNC-IN-SUBMIT ep=0x81 len=0 type=BULK (in, awaiting data)
[1880] +63.649583 ASYNC-IN-DONE ep=0x81 len=16 status=0 actual=16
	0000  08 00 00 18 ef 03 01 10  00 52 00 10 65 02 00 00 |.........R..e...|
[1881] +63.649701 ASYNC-IN-SUBMIT ep=0x81 len=0 type=BULK (in, awaiting data)
[1882] +63.649858 ASYNC-IN-DONE ep=0x81 len=16 status=0 actual=16
	0000  08 00 00 18 f0 03 02 10  00 3d 00 10 09 02 00 00 |.........=......|
[1883] +63.649912 ASYNC-IN-SUBMIT ep=0x81 len=0 type=BULK (in, awaiting data)
[1884] +63.762701 ASYNC-IN-DONE ep=0x81 len=0 status=2 actual=0
[1885] +63.762756 ASYNC-IN-SUBMIT ep=0x81 len=0 type=BULK (in, awaiting data)
[1886] +63.875620 ASYNC-IN-DONE ep=0x81 len=0 status=2 actual=0
[1887] +63.875693 ASYNC-IN-SUBMIT ep=0x81 len=0 type=BULK (in, awaiting data)
[1888] +63.988049 ASYNC-IN-DONE ep=0x81 len=0 status=2 actual=0
[1889] +63.988159 ASYNC-IN-SUBMIT ep=0x81 len=0 type=BULK (in, awaiting data)
[1890] +64.096914 ASYNC-IN-DONE ep=0x81 len=0 status=2 actual=0
[1891] +64.097022 ASYNC-IN-SUBMIT ep=0x81 len=0 type=BULK (in, awaiting data)
[1892] +64.209806 ASYNC-IN-DONE ep=0x81 len=0 status=2 actual=0
[1893] +64.209871 ASYNC-IN-SUBMIT ep=0x81 len=0 type=BULK (in, awaiting data)
[1894] +64.209954 ASYNC-OUT ep=0x01 len=16 type=BULK 
	0000  08 00 00 18 80 10 ed 03  00 4f 00 10 fd 1a 00 00 |.........O......|
[1895] +64.210112 ASYNC-OUT-DONE ep=0x01 len=0 status=0 actual=16
[1896] +64.320457 ASYNC-IN-DONE ep=0x81 len=0 status=2 actual=0
[1897] +64.320489 ASYNC-IN-SUBMIT ep=0x81 len=0 type=BULK (in, awaiting data)
[1898] +64.430868 ASYNC-IN-DONE ep=0x81 len=0 status=2 actual=0
[1899] +64.430917 ASYNC-IN-SUBMIT ep=0x81 len=0 type=BULK (in, awaiting data)
[1900] +64.451445 ASYNC-IN-DONE ep=0x81 len=16 status=0 actual=16
	0000  08 00 00 18 ed 03 80 10  00 53 00 10 ae 02 00 00 |.........S......|
[1901] +64.451522 ASYNC-IN-SUBMIT ep=0x81 len=0 type=BULK (in, awaiting data)
[1902] +64.470058 ASYNC-OUT ep=0x01 len=16 type=BULK 
	0000  08 00 00 18 01 10 ef 03  00 50 00 10 93 1e 00 00 |.........P......|
[1903] +64.470348 ASYNC-OUT-DONE ep=0x01 len=0 status=0 actual=16
[1904] +64.554430 ASYNC-IN-DONE ep=0x81 len=0 status=2 actual=0
[1905] +64.554490 ASYNC-IN-SUBMIT ep=0x81 len=0 type=BULK (in, awaiting data)
[1906] +64.573856 ASYNC-OUT ep=0x01 len=16 type=BULK 
	0000  08 00 00 18 02 10 f0 03  00 3c 00 10 09 10 00 00 |.........<......|
[1907] +64.574163 ASYNC-OUT-DONE ep=0x01 len=0 status=0 actual=16
[1908] +64.625933 ASYNC-OUT ep=0x01 len=36 type=BULK 
	0000  1a 00 00 18 01 10 ef 03  00 51 00 04 93 1e 00 00 |.........Q......|
	0010  01 00 02 00 0a 00 00 00  83 66 cd 03 ed 64 cc ff |.........f...d..|
	0020  65 80 00 00                                      |e...|
[1909] +64.626281 ASYNC-OUT-DONE ep=0x01 len=0 status=0 actual=36
[1910] +64.627675 ASYNC-IN-DONE ep=0x81 len=36 status=0 actual=36
	0000  19 00 00 18 ef 03 01 10  00 53 00 04 77 02 00 00 |.........S..w...|
	0010  00 00 02 00 09 00 00 00  83 66 cd 03 ed 67 00 68 |.........f...g.h|
	0020  c0 20 50 72                                      |. Pr|
[1911] +64.627727 ASYNC-IN-SUBMIT ep=0x81 len=0 type=BULK (in, awaiting data)
[1912] +64.628514 ASYNC-OUT ep=0x01 len=512 type=BULK 
	0000  f8 01 00 18 01 10 ef 03  00 52 00 04 a4 1e 00 00 |.........R......|
	0010  01 00 02 00 2e 20 00 00  83 66 cd 03 ee 64 09 65 |..... ...f...d.e|
	0020  89 70 00 71 ce f7 65 65  89 6d ad 74 65 73 74 2d |.p.q..ee.m.test-|
	0030  69 6d 70 75 6c 73 65 00  72 01 73 03 7b c2 7c c2 |impulse.r.s.{.|.|
	0040  7d 00 6e da 20 00 fa 01  7a 3f e9 e5 68 3f bc 0d |}.n. ...z?..h?..|
	0050  3c 3f f3 a6 f2 3e a4 64  24 3e ab f4 2a be f0 1a |<?...>.d$>..*...|
	0060  f0 be b6 a3 35 bf dc 5b  5c bf e8 eb 67 bf d7 63 |....5..[\...g..c|
	0070  57 bf ad 37 2d bf de ca  dd be 91 0c 11 be a6 fc |W..7-...........|
	0080  25 3e e2 f6 e1 3e aa b1  29 3f cd 0b 4d 3f d7 25 |%>...>..)?..M?.%|
	0090  57 3f c7 33 47 3f a0 8b  1f 3f cb b2 ca 3e ff 58 |W?.3G?...?...>.X|
	00a0  ff 3d a1 c4 20 be d5 92  d4 be 9e 7d 1e bf bf c5 |.=.. ......}....|
	00b0  3e bf c8 8f 47 bf b8 31  38 bf 93 eb 12 bf b9 2a |>...G..18......*|
	00c0  b9 be e0 08 e0 bd 9b 7c  1b 3e c8 f2 c7 3e 94 07 |.......|.>...>..|
	00d0  14 3f b1 7d 31 3f b9 19  39 3f aa 51 2a 3f 87 49 |.?.}1?..9?.Q*?.I|
	00e0  07 3f a9 1e a9 3e c4 f8  c3 3d 96 14 16 be bc fe |.?...>...=......|
	00f0  bb be 8a 3b 0a bf a5 19  25 bf ac a9 2b bf 9d 77 |...;....%...+..w|
	0100  1d bf f9 1a f9 be 9a 62  9a be ab a8 aa bd 91 ac |.......b........|
	0110  10 3e b1 be b0 3e 81 13  01 3f 9a 95 19 3f 9f 35 |.>...>...?...?.5|
	0120  1f 3f 92 93 11 3f e5 52  e5 3e 8d ea 8c 3e 94 18 |.?...?.R.>...>..|
	0130  94 3d 8b 34 0b be a6 16  a6 be f1 02 f1 be 8f d7 |.=.4............|
	0140  0e bf 94 9f 13 bf 87 91  06 bf d3 0e d3 be 81 8e |................|
	0150  80 be 00 91 7f bd 86 cc  05 3e 9c 16 9c 3e e1 02 |.........>...>..|
	0160  e1 3e 85 db 04 3f 89 e5  08 3f f9 c6 f8 3e c2 42 |.>...?...?...>.B|
	0170  c2 3e eb 84 6a 3e db 70  5b 3d 80 64 00 be 93 9a |.>..j>.p[=.d....|
	0180  92 be d2 02 d2 be f7 16  f7 be fe d6 fd be e6 ea |................|
	0190  e5 be b3 be b2 be d6 cc  55 be bb f0 3a bd f6 48 |........U...:..H|
	01a0  f6 3d 8a b6 89 3e c4 06  c4 3e e6 ca e5 3e eb 5a |.=...>...>...>.Z|
	01b0  eb 3e d5 82 d4 3e a4 76  a4 3e c3 dc 42 3e 9e 50 |.>...>.v.>..B>.P|
	01c0  1e 3d ec c8 eb bd 81 4a  81 be b7 ea b6 be d6 a6 |.=.....J........|
	01d0  d5 be da 2a da be c4 5a  c4 be 97 46 97 be b1 7c |...*...Z...F...||
	01e0  31 be 85 90 04 bd e2 98  e1 3d f3 cc 72 3e ab b2 |1........=..r>..|
	01f0  aa 3e c7 aa c6 3e ca 42  ca 3e b5 72 b5 3e 8b 2a |.>...>.B.>.r.>.*|
[1913] +64.629361 ASYNC-OUT ep=0x01 len=32 type=BULK 
	0000  18 00 00 18 01 10 ef 03  00 53 00 04 a4 1e 00 00 |.........S......|
	0010  8b 3e a2 ac 21 3e dc a0  db 3c d8 88 d7 bd e4 dc |.>..!>...<......|
[1914] +64.629445 ASYNC-OUT-DONE ep=0x01 len=0 status=0 actual=512
[1915] +64.632205 ASYNC-OUT-DONE ep=0x01 len=0 status=0 actual=32
[1916] +64.632944 ASYNC-IN-DONE ep=0x81 len=16 status=0 actual=16
	0000  08 00 00 18 ef 03 01 10  00 54 00 08 77 04 00 00 |.........T..w...|
[1917] +64.632981 ASYNC-IN-SUBMIT ep=0x81 len=0 type=BULK (in, awaiting data)
[1918] +64.633013 ASYNC-OUT ep=0x01 len=512 type=BULK 
	0000  f8 01 00 18 01 10 ef 03  00 54 00 04 a4 1e 00 00 |.........T......|
	0010  63 be 9f 42 9f be b9 ae  b8 be bb 76 bb be a8 a2 |c..B.......v....|
	0020  a7 be 00 ed 7f be 93 1c  13 be b3 20 b3 bc ce d8 |........... ....|
	0030  cd 3d d6 d4 55 3e 95 96  94 3e ac b2 ab 3e ae c2 |.=..U>...>...>..|
	0040  ad 3e 9b e2 9a 3e eb 5c  6b 3e 86 e4 05 3e 90 a0 |.>...>.\k>...>..|
	0050  8f 3c c4 58 c4 bd c9 9c  48 be 8b 9a 8a be a0 96 |.<.X....H.......|
	0060  9f be a1 06 a1 be 8f 0e  8f be d8 5c 58 be f3 78 |...........\X..x|
	0070  f3 bd e0 c0 5f bc bb 38  bb 3d bc 34 3c 3e 81 4a |...._..8.=.4<>.J|
	0080  81 3e 94 5a 94 3e 95 3e  95 3e 84 2a 84 3e c7 ec |.>.Z.>.>.>.*.>..|
	0090  46 3e dd 58 dd 3d a9 40  29 3c b2 38 b2 bd b0 7c |F>.X.=.@)<.8...||
	00a0  30 be f1 24 71 be 8a da  89 be 8a 46 8a be f4 14 |0..$q......F....|
	00b0  74 be b7 cc 36 be c9 08  c9 bd f1 80 f0 bb aa b8 |t...6...........|
	00c0  a9 3d a6 84 25 3e e1 ec  60 3e 80 22 80 3e 80 22 |.=..%>..`>.".>."|
	00d0  80 3e e1 74 61 3e a8 04  28 3e b7 98 b6 3d 9d 80 |.>.ta>..(>...=..|
	00e0  9c 3b a1 58 a1 bd 9b 24  1b be d2 b4 51 be ee 1c |.;.X...$....Q...|
	00f0  6e be ed 6c 6d be d0 2c  50 be 9a 54 1a be a6 a8 |n..lm..,P..T....|
	0100  a5 bd a3 00 23 bb 99 68  99 3d 91 74 11 3e c4 8c |....#..h.=.t.>..|
	0110  43 3e dd 4c 5d 3e dc fc  5b 3e c0 3c 40 3e 8e d4 |C>.L]>..[>.<@>..|
	0120  0d 3e 96 58 96 3d 94 00  14 3a 92 a8 91 bd 88 44 |.>.X.=...:.....D|
	0130  08 be b6 44 36 be ce 94  4d be cc c4 4b be b1 74 |...D6...M...K..t|
	0140  31 be 82 3c 02 be 88 38  88 bd 92 00 92 3a 8a 58 |1..<...8.....:.X|
	0150  8a 3d ff 78 ff 3d aa f4  29 3e bf 04 3f 3e bd c4 |.=.x.=..)>..?>..|
	0160  3c 3e a4 dc 23 3e ef 38  ef 3d f7 f0 76 3d a7 00 |<>..#>.8.=..v=..|
	0170  27 bb 83 28 83 bd ef 38  ef bd 9e 64 1e be b1 6c |'..(...8...d...l|
	0180  31 be af d4 2e be 97 34  17 be dc 98 db bd df 70 |1......4.......p|
	0190  5f bd f9 00 79 3b f9 d0  78 3d e0 28 e0 3d 94 a4 |_...y;..x=.(.=..|
	01a0  13 3e a5 dc 24 3e a2 f4  21 3e 8c 9c 0b 3e ca a8 |.>..$>..!>...>..|
	01b0  c9 3d ca 50 4a 3d 9e 80  9d bb ec b0 6b bd d2 e8 |.=.PJ=......k...|
	01c0  d1 bd 8a 94 09 be 99 1c  19 be 96 f4 15 be 81 cc |................|
	01d0  00 be b9 08 b9 bd b7 b0  36 bd bb 80 ba 3b df 50 |........6....;.P|
	01e0  5f 3d c5 98 c4 3d 80 3c  00 3e 8e 3c 0e 3e 8b e4 |_=...=.<.>.<.>..|
	01f0  0a 3e ee c8 ed 3d aa d8  a9 3d a5 30 25 3d d2 80 |.>...=...=.0%=..|
[1919] +64.633653 ASYNC-OUT ep=0x01 len=32 type=BULK 
	0000  18 00 00 18 01 10 ef 03  00 55 00 04 a4 1e 00 00 |.........U......|
	0010  d1 bb d3 50 53 bd b8 f8  b7 bd ef e8 ee bd 84 0c |...PS...........|
[1920] +64.633740 ASYNC-OUT-DONE ep=0x01 len=0 status=0 actual=512
[1921] +64.636495 ASYNC-OUT-DONE ep=0x01 len=0 status=0 actual=32
[1922] +64.637196 ASYNC-IN-DONE ep=0x81 len=16 status=0 actual=16
	0000  08 00 00 18 ef 03 01 10  00 55 00 08 77 06 00 00 |.........U..w...|
[1923] +64.637211 ASYNC-IN-SUBMIT ep=0x81 len=0 type=BULK (in, awaiting data)
[1924] +64.637248 ASYNC-OUT ep=0x01 len=512 type=BULK 
	0000  f8 01 00 18 01 10 ef 03  00 56 00 04 a4 1e 00 00 |.........V......|
	0010  04 be 81 94 00 be db 58  db bd 9c c8 9b bd 95 f0 |.......X........|
	0020  14 bd e6 80 e5 3b c8 10  48 3d ac 48 ac 3d df a8 |.....;..H=.H.=..|
	0030  de 3d f5 58 f5 3d ee 28  ee 3d ca 78 ca 3d 8f f8 |.=.X.=.(.=.x.=..|
	0040  8e 3d 86 70 06 3d f4 80  f3 bb bd 30 3d bd a1 38 |.=.p.=.....0=..8|
	0050  a1 bd cf 58 cf bd e4 c8  e3 bd dc 68 dc bd bb b8 |...X.......h....|
	0060  ba bd 83 08 83 bd f2 20  f2 bc 80 40 00 3c b3 f0 |....... ...@.<..|
	0070  32 3d 97 e8 96 3d c1 38  c1 3d d4 88 d3 3d cc 28 |2=...=.8.=...=.(|
	0080  cc 3d ac 48 ac 3d f0 70  70 3d da 20 da 3c 84 40 |.=.H.=.pp=. .<.@|
	0090  04 bc a9 f0 28 bd 8d 28  8d bd b4 e8 b3 bd c4 58 |....(..(.......X|
	00a0  c4 bd bd e8 bc bd 9f d8  9e bd dc 50 5c bd c4 20 |...........P\.. |
	00b0  c4 bc 88 c0 07 3c a0 b0  1f 3d 84 18 84 3d a8 98 |.....<...=...=..|
	00c0  a7 3d b6 58 b6 3d af e8  ae 3d 93 88 92 3d ca 10 |.=.X.=...=...=..|
	00d0  4a 3d b0 60 b0 3c 89 40  09 bc 97 b0 16 bd f7 10 |J=.`.<.@........|
	00e0  77 bd 9c 08 9c bd a9 38  a9 bd a2 d8 a1 bd 87 18 |w......8........|
	00f0  87 bd b9 10 39 bd 9e e0  9d bc 8b c0 0a 3c 8e 70 |....9........<.p|
	0100  0e 3d e7 30 67 3d 91 58  91 3d 9d 28 9d 3d 96 d8 |.=.0g=.X.=.(.=..|
	0110  95 3d f9 30 79 3d aa 90  29 3d 8e e0 8d 3c 8a 40 |.=.0y=..)=...<.@|
	0120  0a bc 86 30 06 bd d8 10  58 bd 87 48 87 bd 92 c8 |...0....X..H....|
	0130  91 bd 8b 98 8a bd e6 b0  65 bd 9b 30 1b bd fd 40 |........e..0...@|
	0140  7d bc 8a 40 0a 3c fd 60  fd 3c ca 30 4a 3d fc 10 |}..@.<.`.<.0J=..|
	0150  7c 3d 87 68 87 3d 80 48  80 3d d4 d0 53 3d 8e 50 ||=.h.=.H.=..S=.P|
	0160  0e 3d e3 c0 62 3c 88 40  08 bc ef a0 ee bc bd f0 |.=..b<.@........|
	0170  3c bd eb 90 6a bd fb 30  7b bd ed 50 6d bd c3 10 |<...j..0{..Pm...|
	0180  43 bd 82 10 02 bd ca 40  4a bc 87 c0 06 3c e1 60 |C......@J....<.`|
	0190  e1 3c b1 b0 30 3d da 70  5a 3d e9 30 69 3d dc b0 |.<..0=.pZ=.0i=..|
	01a0  5b 3d b4 f0 33 3d ee 60  ee 3c b4 40 34 3c 84 40 |[=..3=.`.<.@4<.@|
	01b0  04 bc d4 20 d4 bc a5 10  25 bd cb 30 4b bd d8 50 |... ....%..0K..P|
	01c0  58 bd cb 10 4b bd a6 b0  25 bd da e0 d9 bc a0 40 |X...K...%......@|
	01d0  20 bc 82 c0 01 3c c8 e0  c7 3c 9a 50 1a 3d bd 30 | ....<...<.P.=.0|
	01e0  3d 3d c9 d0 48 3d bc f0  3b 3d 99 d0 18 3d c8 a0 |==..H=..;=...=..|
	01f0  c7 3c 8f c0 0e 3c fd 80  fc bb bc 20 bc bc 90 10 |.<...<..... ....|
[1925] +64.637904 ASYNC-OUT ep=0x01 len=32 type=BULK 
	0000  18 00 00 18 01 10 ef 03  00 57 00 04 a4 1e 00 00 |.........W......|
	0010  10 bd b0 10 30 bd ba 30  3a bd ae d0 2d bd 8d b0 |....0..0:...-...|
[1926] +64.637994 ASYNC-OUT-DONE ep=0x01 len=0 status=0 actual=512
[1927] +64.640854 ASYNC-OUT-DONE ep=0x01 len=0 status=0 actual=32
[1928] +64.651848 ASYNC-IN-DONE ep=0x81 len=16 status=0 actual=16
	0000  08 00 00 18 ef 03 01 10  00 56 00 08 7f 06 00 00 |.........V......|
[1929] +64.651866 ASYNC-IN-SUBMIT ep=0x81 len=0 type=BULK (in, awaiting data)
[1930] +64.651898 ASYNC-OUT ep=0x01 len=24 type=BULK 
	0000  10 00 00 18 01 10 ef 03  00 58 00 04 a4 1e 00 00 |.........X......|
	0010  0c bd b6 20 b6 bc fc 80                          |... ....|
[1931] +64.652072 ASYNC-OUT-DONE ep=0x01 len=0 status=0 actual=24
[1932] +64.652586 ASYNC-IN-DONE ep=0x81 len=16 status=0 actual=16
	0000  08 00 00 18 f0 03 02 10  00 3e 00 10 09 02 00 00 |.........>......|
[1933] +64.652601 ASYNC-IN-SUBMIT ep=0x81 len=0 type=BULK (in, awaiting data)
[1934] +64.654956 ASYNC-IN-DONE ep=0x81 len=36 status=0 actual=36
	0000  19 00 00 18 ef 03 01 10  00 57 00 04 7f 06 00 00 |.........W......|
	0010  00 00 02 00 09 00 00 00  83 66 cd 03 ee 67 01 68 |.........f...g.h|
	0020  c0 20 50 72                                      |. Pr|
[1935] +64.654999 ASYNC-IN-SUBMIT ep=0x81 len=0 type=BULK (in, awaiting data)
[1936] +64.655208 ASYNC-IN-DONE ep=0x81 len=16 status=0 actual=16
	0000  08 00 00 18 ef 03 01 10  00 58 00 08 7f 08 00 00 |.........X......|
[1937] +64.655223 ASYNC-IN-SUBMIT ep=0x81 len=0 type=BULK (in, awaiting data)
[1938] +64.655253 ASYNC-OUT ep=0x01 len=512 type=BULK 
	0000  f8 01 00 18 01 10 ef 03  00 59 00 04 b5 1e 00 00 |.........Y......|
	0010  fb bb f8 80 f7 3b b1 60  b1 3c 87 d0 06 3d a4 f0 |.....;.`.<...=..|
	0020  23 3d ad d0 2c 3d a1 d0  20 3d 82 b0 01 3d a7 e0 |#=..,=.. =...=..|
	0030  a6 3c e0 80 df 3b f0 80  ef bb a7 a0 a6 bc fc a0 |.<...;..........|
	0040  fb bc 98 70 18 bd a0 30  20 bd 95 90 14 bd ef a0 |...p...0 .......|
	0050  ee bc 98 60 98 bc c4 80  c3 bb ea 80 e9 3b 9d 20 |...`.........;. |
	0060  9d 3c eb 20 eb 3c 8e f0  0d 3d 95 b0 14 3d 8a 90 |.<. .<...=...=..|
	0070  09 3d dc 20 dc 3c 8b 60  8b 3c ae 80 ad 3b e1 80 |.=. .<.`.<...;..|
	0080  e0 bb 93 60 93 bc db 60  db bc 84 f0 03 bd 8a d0 |...`...`........|
	0090  09 bd fe 20 fe bc ca 60  ca bc fe 40 7e bc 97 80 |... ...`...@~...|
	00a0  96 bb db 80 da 3b 8b e0  8a 3c cd 20 cd 3c f6 a0 |.....;...<. .<..|
	00b0  f5 3c 00 e1 ff 3c eb 20  eb 3c bb a0 ba 3c e8 40 |.<...<. .<...<.@|
	00c0  68 3c 85 80 84 3b d2 80  d1 bb 82 60 82 bc bf 60 |h<...;.....`...`|
	00d0  bf bc e4 60 e4 bc ed 20  ed bc d9 20 d9 bc ab 60 |...`... ... ...`|
	00e0  ab bc d4 c0 53 bc e5 00  65 bb cb 80 ca 3b f6 c0 |....S...e....;..|
	00f0  75 3c b3 e0 b2 3c d5 a0  d4 3c dc 20 dc 3c c9 20 |u<...<...<. .<. |
	0100  c9 3c 9e 20 9e 3c c2 c0  41 3c c7 00 47 3b c3 80 |.<. .<..A<..G;..|
	0110  c2 bb e6 40 66 bc a7 e0  a6 bc c5 60 c5 bc cc e0 |...@f......`....|
	0120  cb bc ba a0 b9 bc 91 60  91 bc b0 40 30 bc a9 00 |.......`...@0...|
	0130  29 bb bc 80 bb 3b d9 c0  58 3c 9c e0 9b 3c b8 e0 |)....;..X<...<..|
	0140  b7 3c bd 20 bd 3c ac e0  ab 3c 86 e0 85 3c a1 40 |.<. .<...<...<.@|
	0150  21 3c 93 00 13 3b b3 80  b2 bb cb 40 4b bc 91 60 |!<...;.....@K..`|
	0160  91 bc ab a0 aa bc af 20  af bc 9e 60 9e bc f6 c0 |....... ...`....|
	0170  75 bc 92 40 12 bc f6 00  f6 ba ad 80 ac 3b bf 40 |u..@.........;.@|
	0180  3f 3c 88 e0 87 3c 9f 20  9f 3c a3 a0 a2 3c 93 a0 |?<...<. .<...<..|
	0190  92 3c e3 c0 62 3c 86 c0  05 3c d2 00 d2 3a a4 80 |.<..b<...<...:..|
	01a0  a3 bb b3 40 33 bc fd c0  7c bc 94 a0 93 bc 97 a0 |...@3...|.......|
	01b0  96 bc 87 60 87 bc d0 40  50 bc f3 80 f2 bb ae 00 |...`...@P.......|
	01c0  ae ba 9e 80 9d 3b a9 c0  28 3c ed c0 6c 3c 89 60 |.....;..(<..l<.`|
	01d0  89 3c 8c e0 8b 3c fb c0  7a 3c c0 c0 3f 3c de 80 |.<...<..z<..?<..|
	01e0  dd 3b 92 00 92 3a 96 80  95 bb 9e c0 1d bc dc 40 |.;...:.........@|
	01f0  5c bc ff 40 7f bc 81 60  81 bc e7 c0 66 bc b0 c0 |\..@...`....f...|
[1939] +64.655898 ASYNC-OUT ep=0x01 len=32 type=BULK 
	0000  18 00 00 18 01 10 ef 03  00 5a 00 04 b5 1e 00 00 |.........Z......|
	0010  2f bc ca 80 c9 bb e4 00  64 ba 90 80 8f 3b 94 40 |/.......d....;.@|
[1940] +64.655995 ASYNC-OUT-DONE ep=0x01 len=0 status=0 actual=512
[1941] +64.658917 ASYNC-OUT-DONE ep=0x01 len=0 status=0 actual=32
[1942] +64.677940 ASYNC-OUT ep=0x01 len=16 type=BULK 
	0000  08 00 00 18 01 10 ef 03  00 5b 00 08 b5 1e 00 00 |.........[......|
[1943] +64.678202 ASYNC-OUT-DONE ep=0x01 len=0 status=0 actual=16
[1944] +64.764588 ASYNC-IN-DONE ep=0x81 len=0 status=2 actual=0
[1945] +64.764652 ASYNC-IN-SUBMIT ep=0x81 len=0 type=BULK (in, awaiting data)
[1946] +64.853124 ASYNC-IN-DONE ep=0x81 len=16 status=0 actual=16
	0000  08 00 00 18 ef 03 01 10  00 59 00 08 7f 0a 00 00 |.........Y......|
[1947] +64.853228 ASYNC-IN-SUBMIT ep=0x81 len=0 type=BULK (in, awaiting data)
[1948] +64.853267 ASYNC-OUT ep=0x01 len=512 type=BULK 
	0000  f8 01 00 18 01 10 ef 03  00 5c 00 04 b5 1e 00 00 |.........\......|
	0010  14 3c ce c0 4d 3c ee c0  6d 3c f0 40 70 3c d6 c0 |.<..M<..m<.@p<..|
	0020  55 3c a2 40 22 3c b8 80  b7 3b bc 00 3c 3a 89 80 |U<.@"<...;..<:..|
	0030  88 bb 8b c0 0a bc c0 c0  3f bc dc 40 5c bc de 40 |........?..@\..@|
	0040  5e bc c5 40 45 bc 95 c0  14 bc a7 80 a6 bb 8c 00 |^..@E...........|
	0050  0c ba 83 80 82 3b 83 c0  02 3c b3 40 33 3c cd 40 |.....;...<.@3<.@|
	0060  4d 3c ce 40 4e 3c b6 40  36 3c 89 40 09 3c 98 80 |M<.@N<.@6<.@.<..|
	0070  97 3b d8 00 d8 39 f7 00  77 bb f5 80 f4 bb a7 c0 |.;...9..w.......|
	0080  26 bc be 40 3e bc bf c0  3e bc a8 c0 27 bc fb 80 |&..@>...>...'...|
	0090  fa bb 89 80 88 bb 88 00  88 b9 ed 00 6d 3b e6 80 |............m;..|
	00a0  e5 3b 9c c0 1b 3c b1 40  31 3c b1 40 31 3c 9c c0 |.;...<.@1<.@1<..|
	00b0  1b 3c e8 80 e7 3b fb 00  7b 3b b0 00 30 39 df 00 |.<...;..{;..09..|
	00c0  5f bb d7 80 d6 bb 91 c0  10 bc a4 40 24 bc a4 c0 |_..........@$...|
	00d0  23 bc 8f 40 0f bc d4 80  d3 bb e1 00 61 bb c0 00 |#..@........a...|
	00e0  40 b8 d5 00 55 3b ca 80  c9 3b 87 40 07 3c 99 40 |@...U;...;.@.<.@|
	00f0  19 3c 98 40 18 3c 85 c0  04 3c c4 80 c3 3b cf 00 |.<.@.<...<...;..|
	0100  4f 3b 80 00 80 37 c9 00  49 bb bd 80 bc bb fc 80 |O;...7..I.......|
	0110  fb bb 8e c0 0d bc 8c 40  0c bc f4 80 f3 bb b3 80 |.......@........|
	0120  b2 bb b9 00 39 bb a0 00  a0 38 c1 00 41 3b b2 80 |....9....8..A;..|
	0130  b1 3b ec 80 eb 3b 84 40  04 3c 82 40 02 3c e3 80 |.;...;.@.<.@.<..|
	0140  e2 3b a5 80 a4 3b a9 00  29 3b e0 00 e0 b8 b5 00 |.;...;..);......|
	0150  35 bb a6 80 a5 bb db 80  da bb f5 80 f4 bb f1 80 |5...............|
	0160  f0 bb d0 80 cf bb 97 80  96 bb 97 00 17 bb d0 00 |................|
	0170  50 39 ad 00 2d 3b 9c 80  9b 3b cd 80 cc 3b e5 80 |P9..-;...;...;..|
	0180  e4 3b e0 80 df 3b c1 80  c0 3b 8b 80 8a 3b 8b 00 |.;...;...;...;..|
	0190  0b 3b d0 00 50 b9 a3 00  23 bb 91 80 90 bb be 80 |.;..P...#.......|
	01a0  bd bb d3 80 d2 bb cf 80  ce bb b1 80 b0 bb fd 00 |................|
	01b0  7d bb f6 00 f6 ba 88 00  88 39 9b 00 1b 3b 89 80 |}........9...;..|
	01c0  88 3b b2 80 b1 3b c5 80  c4 3b c0 80 bf 3b a5 80 |.;...;...;...;..|
	01d0  a4 3b e9 00 69 3b e2 00  e2 3a 88 00 88 b9 91 00 |.;..i;...:......|
	01e0  11 bb fd 00 7d bb a5 80  a4 bb b6 80 b5 bb b1 80 |....}...........|
	01f0  b0 bb 97 80 96 bb d5 00  55 bb ca 00 ca ba a8 00 |........U.......|
[1949] +64.853940 ASYNC-OUT ep=0x01 len=32 type=BULK 
	0000  18 00 00 18 01 10 ef 03  00 5d 00 04 b5 1e 00 00 |.........]......|
	0010  a8 39 8b 00 0b 3b ef 00  6f 3b 9b 80 9a 3b aa 80 |.9...;..o;...;..|
[1950] +64.854048 ASYNC-OUT-DONE ep=0x01 len=0 status=0 actual=512
[1951] +64.856970 ASYNC-OUT-DONE ep=0x01 len=0 status=0 actual=32
[1952] +64.857697 ASYNC-IN-DONE ep=0x81 len=16 status=0 actual=16
	0000  08 00 00 18 ef 03 01 10  00 5a 00 08 7f 0c 00 00 |.........Z......|
[1953] +64.857754 ASYNC-IN-SUBMIT ep=0x81 len=0 type=BULK (in, awaiting data)
[1954] +64.857773 ASYNC-OUT ep=0x01 len=512 type=BULK 
	0000  f8 01 00 18 01 10 ef 03  00 5e 00 04 b5 1e 00 00 |.........^......|
	0010  a9 3b a5 80 a4 3b 8c 80  8b 3b c5 00 45 3b ba 00 |.;...;...;..E;..|
	0020  ba 3a a8 00 a8 b9 81 00  01 bb dd 00 5d bb 8f 80 |.:..........]...|
	0030  8e bb 9d 80 9c bb 98 80  97 bb ff 00 7f bb b3 00 |................|
	0040  33 bb a2 00 a2 ba b8 00  b8 39 fa 00 fa 3a d1 00 |3........9...:..|
	0050  51 3b 86 80 85 3b 93 80  92 3b 8e 80 8d 3b ed 00 |Q;...;...;...;..|
	0060  6d 3b a5 00 25 3b 96 00  96 3a a8 00 a8 b9 e6 00 |m;..%;...:......|
	0070  e6 ba c1 00 41 bb f7 00  77 bb 87 80 86 bb 82 80 |....A...w.......|
	0080  81 bb d9 00 59 bb 95 00  15 bb 82 00 82 ba c8 00 |....Y...........|
	0090  c8 39 de 00 de 3a b7 00  37 3b e9 00 69 3b fd 00 |.9...:..7;..i;..|
	00a0  7d 3b f1 00 71 3b cb 00  4b 3b 8b 00 0b 3b f4 00 |};..q;..K;...;..|
	00b0  74 3a b8 00 b8 b9 ce 00  ce ba a9 00 29 bb d7 00 |t:..........)...|
	00c0  57 bb e9 00 69 bb dd 00  5d bb b9 00 39 bb fa 00 |W...i...]...9...|
	00d0  fa ba d4 00 54 ba c8 00  c8 39 c6 00 c6 3a a1 00 |....T....9...:..|
	00e0  21 3b c9 00 49 3b d9 00  59 3b cf 00 4f 3b ab 00 |!;..I;..Y;..O;..|
	00f0  2b 3b ea 00 ea 3a c4 00  44 3a b8 00 b8 b9 b6 00 |+;...:..D:......|
	0100  b6 ba 93 00 13 bb b9 00  39 bb c7 00 47 bb bd 00 |........9...G...|
	0110  3d bb 9d 00 1d bb d2 00  d2 ba a4 00 24 ba c8 00 |=...........$...|
	0120  c8 39 b2 00 b2 3a 8d 00  0d 3b af 00 2f 3b bb 00 |.9...:...;../;..|
	0130  3b 3b b1 00 31 3b 93 00  13 3b c2 00 c2 3a 9c 00 |;;..1;...;...:..|
	0140  1c 3a b8 00 b8 b9 a2 00  a2 ba 81 00 01 bb a1 00 |.:..............|
	0150  21 bb ab 00 2b bb a1 00  21 bb 85 00 05 bb ae 00 |!...+...!.......|
	0160  ae ba 84 00 04 ba b8 00  b8 39 9e 00 9e 3a f6 00 |.........9...:..|
	0170  f6 3a 97 00 17 3b a1 00  21 3b 97 00 17 3b fa 00 |.:...;..!;...;..|
	0180  fa 3a a2 00 a2 3a f8 00  f8 39 a8 00 a8 b9 8e 00 |.:...:...9......|
	0190  8e ba e2 00 e2 ba 8b 00  0b bb 93 00 13 bb 8b 00 |................|
	01a0  0b bb e2 00 e2 ba 92 00  92 ba c8 00 c8 b9 b8 00 |................|
	01b0  b8 39 8a 00 8a 3a d6 00  d6 3a 83 00 03 3b 8b 00 |.9...:...:...;..|
	01c0  0b 3b 81 00 01 3b d2 00  d2 3a 8a 00 8a 3a c8 00 |.;...;...:...:..|
	01d0  c8 39 a8 00 a8 b9 fc 00  7c ba c2 00 c2 ba ee 00 |.9......|.......|
	01e0  ee ba fe 00 fe ba ee 00  ee ba be 00 be ba f4 00 |................|
	01f0  74 ba 98 00 98 b9 a8 00  a8 39 f4 00 74 3a ba 00 |t........9..t:..|
[1955] +64.858109 ASYNC-OUT ep=0x01 len=32 type=BULK 
	0000  18 00 00 18 01 10 ef 03  00 5f 00 04 b5 1e 00 00 |........._......|
	0010  ba 3a e2 00 e2 3a ee 00  ee 3a de 00 de 3a b2 00 |.:...:...:...:..|
[1956] +64.858187 ASYNC-OUT-DONE ep=0x01 len=0 status=0 actual=512
[1957] +64.861466 ASYNC-OUT-DONE ep=0x01 len=0 status=0 actual=32
[1958] +64.959169 ASYNC-IN-DONE ep=0x81 len=0 status=2 actual=0
[1959] +64.959235 ASYNC-IN-SUBMIT ep=0x81 len=0 type=BULK (in, awaiting data)
[1960] +65.053487 ASYNC-IN-DONE ep=0x81 len=16 status=0 actual=16
	0000  08 00 00 18 ef 03 01 10  00 5b 00 08 7f 0e 00 00 |.........[......|
[1961] +65.053625 ASYNC-IN-SUBMIT ep=0x81 len=0 type=BULK (in, awaiting data)
[1962] +65.053677 ASYNC-OUT ep=0x01 len=512 type=BULK 
	0000  f8 01 00 18 01 10 ef 03  00 60 00 04 b5 1e 00 00 |.........`......|
	0010  b2 3a e4 00 64 3a 98 00  98 39 98 00 98 b9 dc 00 |.:..d:...9......|
	0020  5c ba aa 00 aa ba ce 00  ce ba da 00 da ba ca 00 |\...............|
	0030  ca ba a2 00 a2 ba cc 00  4c ba f0 00 70 b9 a8 00 |........L...p...|
	0040  a8 39 dc 00 5c 3a a2 00  a2 3a c6 00 c6 3a ce 00 |.9..\:...:...:..|
	0050  ce 3a be 00 be 3a 96 00  96 3a bc 00 3c 3a f0 00 |.:...:...:..<:..|
	0060  70 39 88 00 88 b9 c4 00  44 ba 96 00 96 ba b2 00 |p9......D.......|
	0070  b2 ba ba 00 ba ba aa 00  aa ba 86 00 86 ba a4 00 |................|
	0080  24 ba b0 00 30 b9 98 00  98 39 c4 00 44 3a 8e 00 |$...0....9..D:..|
	0090  8e 3a aa 00 aa 3a b2 00  b2 3a a2 00 a2 3a 82 00 |.:...:...:...:..|
	00a0  82 3a 9c 00 1c 3a b0 00  30 39 88 00 88 b9 ac 00 |.:...:..09......|
	00b0  2c ba 82 00 82 ba 9a 00  9a ba a2 00 a2 ba 92 00 |,...............|
	00c0  92 ba e4 00 64 ba 8c 00  0c ba e0 00 e0 b8 88 00 |....d...........|
	00d0  88 39 ac 00 2c 3a f4 00  74 3a 92 00 92 3a 9a 00 |.9..,:..t:...:..|
	00e0  9a 3a 8a 00 8a 3a dc 00  5c 3a 84 00 04 3a 90 00 |.:...:..\:...:..|
	00f0  10 39 f0 00 70 b9 9c 00  1c ba dc 00 5c ba 86 00 |.9..p.......\...|
	0100  86 ba 8a 00 8a ba fc 00  7c ba c4 00 44 ba e8 00 |........|...D...|
	0110  e8 b9 a0 00 a0 b8 88 00  88 39 94 00 14 3a dc 00 |.........9...:..|
	0120  5c 3a fc 00 7c 3a 82 00  82 3a ec 00 6c 3a bc 00 |\:..|:...:..l:..|
	0130  3c 3a d8 00 d8 39 e0 00  e0 38 d0 00 50 b9 84 00 |<:...9...8..P...|
	0140  04 ba c4 00 44 ba e4 00  64 ba ec 00 6c ba d4 00 |....D...d...l...|
	0150  54 ba a4 00 24 ba b8 00  b8 b9 c0 00 40 b8 f0 00 |T...$.......@...|
	0160  70 39 84 00 04 3a bc 00  3c 3a dc 00 5c 3a e4 00 |p9...:..<:..\:..|
	0170  64 3a cc 00 4c 3a 9c 00  1c 3a b8 00 b8 39 a0 00 |d:..L:...:...9..|
	0180  a0 38 d0 00 50 b9 e8 00  e8 b9 a4 00 24 ba c4 00 |.8..P.......$...|
	0190  44 ba cc 00 4c ba b4 00  34 ba 84 00 04 ba 98 00 |D...L...4.......|
	01a0  98 b9 80 00 80 b7 d0 00  50 39 e8 00 e8 39 a4 00 |........P9...9..|
	01b0  24 3a bc 00 3c 3a c4 00  44 3a ac 00 2c 3a 84 00 |$:..<:..D:..,:..|
	01c0  04 3a 98 00 98 39 c0 00  40 38 b0 00 30 b9 c8 00 |.:...9..@8..0...|
	01d0  c8 b9 94 00 14 ba ac 00  2c ba ac 00 2c ba 94 00 |........,...,...|
	01e0  14 ba e8 00 e8 b9 f0 00  70 b9 80 00 80 b7 d0 00 |........p.......|
	01f0  50 39 c8 00 c8 39 8c 00  0c 3a a4 00 24 3a a4 00 |P9...9...:..$:..|
[1963] +65.054350 ASYNC-OUT ep=0x01 len=32 type=BULK 
	0000  18 00 00 18 01 10 ef 03  00 61 00 04 b5 1e 00 00 |.........a......|
	0010  24 3a 94 00 14 3a d8 00  d8 39 f0 00 70 39 80 00 |$:...:...9..p9..|
[1964] +65.054455 ASYNC-OUT-DONE ep=0x01 len=0 status=0 actual=512
[1965] +65.057404 ASYNC-OUT-DONE ep=0x01 len=0 status=0 actual=32
[1966] +65.058097 ASYNC-IN-DONE ep=0x81 len=16 status=0 actual=16
	0000  08 00 00 18 ef 03 01 10  00 5c 00 08 7f 10 00 00 |.........\......|
[1967] +65.058169 ASYNC-IN-SUBMIT ep=0x81 len=0 type=BULK (in, awaiting data)
[1968] +65.058200 ASYNC-OUT ep=0x01 len=512 type=BULK 
	0000  f8 01 00 18 01 10 ef 03  00 62 00 04 b5 1e 00 00 |.........b......|
	0010  80 37 90 00 10 b9 b8 00  b8 b9 f8 00 f8 b9 94 00 |.7..............|
	0020  14 ba 94 00 14 ba 84 00  04 ba b8 00 b8 b9 d0 00 |................|
	0030  50 b9 80 00 80 37 b0 00  30 39 b8 00 b8 39 f8 00 |P....7..09...9..|
	0040  f8 39 8c 00 0c 3a 8c 00  0c 3a f8 00 f8 39 b8 00 |.9...:...:...9..|
	0050  b8 39 d0 00 50 39 80 00  80 37 90 00 10 b9 98 00 |.9..P9...7......|
	0060  98 b9 d8 00 d8 b9 f8 00  f8 b9 f8 00 f8 b9 d8 00 |................|
	0070  d8 b9 98 00 98 b9 90 00  10 b9 80 00 80 37 b0 00 |.............7..|
	0080  30 39 98 00 98 39 d8 00  d8 39 f8 00 f8 39 f8 00 |09...9...9...9..|
	0090  f8 39 d8 00 d8 39 98 00  98 39 b0 00 30 39 80 00 |.9...9...9..09..|
	00a0  80 37 e0 00 e0 b8 88 00  88 b9 b8 00 b8 b9 d8 00 |.7..............|
	00b0  d8 b9 d8 00 d8 b9 b8 00  b8 b9 88 00 88 b9 e0 00 |................|
	00c0  e0 b8 80 00 80 37 90 00  10 39 88 00 88 39 b8 00 |.....7...9...9..|
	00d0  b8 39 d8 00 d8 39 d8 00  d8 39 b8 00 b8 39 88 00 |.9...9...9...9..|
	00e0  88 39 90 00 10 39 80 00  80 37 e0 00 e0 b8 f0 00 |.9...9...7......|
	00f0  70 b9 98 00 98 b9 b8 00  b8 b9 b8 00 b8 b9 98 00 |p...............|
	0100  98 b9 d0 00 50 b9 e0 00  e0 b8 80 00 80 37 90 00 |....P........7..|
	0110  10 39 f0 00 70 39 a8 00  a8 39 b8 00 b8 39 b8 00 |.9..p9...9...9..|
	0120  b8 39 98 00 98 39 f0 00  70 39 e0 00 e0 38 80 00 |.9...9..p9...8..|
	0130  80 37 a0 00 a0 b8 d0 00  50 b9 88 00 88 b9 98 00 |.7......P.......|
	0140  98 b9 98 00 98 b9 88 00  88 b9 b0 00 30 b9 a0 00 |............0...|
	0150  a0 b8 80 00 80 37 e0 00  e0 38 d0 00 50 39 88 00 |.....7...8..P9..|
	0160  88 39 98 00 98 39 98 00  98 39 88 00 88 39 b0 00 |.9...9...9...9..|
	0170  30 39 a0 00 a0 38 80 00  80 37 a0 00 a0 b8 b0 00 |09...8...7......|
	0180  30 b9 f0 00 70 b9 88 00  88 b9 f0 00 70 b9 d0 00 |0...p.......p...|
	0190  50 b9 90 00 10 b9 c0 00  40 b8 80 00 80 37 e0 00 |P.......@....7..|
	01a0  e0 38 b0 00 30 39 f0 00  70 39 88 00 88 39 88 00 |.8..09..p9...9..|
	01b0  88 39 f0 00 70 39 b0 00  30 39 a0 00 a0 38 80 00 |.9..p9..09...8..|
	01c0  80 37 a0 00 a0 b8 90 00  10 b9 d0 00 50 b9 d0 00 |.7..........P...|
	01d0  50 b9 d0 00 50 b9 b0 00  30 b9 e0 00 e0 b8 c0 00 |P...P...0.......|
	01e0  40 b8 80 00 80 37 e0 00  e0 38 b0 00 30 39 d0 00 |@....7...8..09..|
	01f0  50 39 f0 00 70 39 f0 00  70 39 d0 00 50 39 90 00 |P9..p9..p9..P9..|
[1969] +65.058832 ASYNC-OUT ep=0x01 len=32 type=BULK 
	0000  18 00 00 18 01 10 ef 03  00 63 00 04 b5 1e 00 00 |.........c......|
	0010  10 39 c0 00 40 38 80 00  80 37 c0 00 40 b8 e0 00 |.9..@8...7..@...|
[1970] +65.058932 ASYNC-OUT-DONE ep=0x01 len=0 status=0 actual=512
[1971] +65.061961 ASYNC-OUT-DONE ep=0x01 len=0 status=0 actual=32
[1972] +65.170953 ASYNC-IN-DONE ep=0x81 len=0 status=2 actual=0
[1973] +65.171048 ASYNC-IN-SUBMIT ep=0x81 len=0 type=BULK (in, awaiting data)
[1974] +65.248923 ASYNC-OUT ep=0x01 len=16 type=BULK 
	0000  08 00 00 18 80 10 ed 03  00 50 00 10 fd 1a 00 00 |.........P......|
[1975] +65.249267 ASYNC-OUT-DONE ep=0x01 len=0 status=0 actual=16
[1976] +65.254593 ASYNC-IN-DONE ep=0x81 len=16 status=0 actual=16
	0000  08 00 00 18 ef 03 01 10  00 5d 00 08 7f 12 00 00 |.........]......|
[1977] +65.254663 ASYNC-IN-SUBMIT ep=0x81 len=0 type=BULK (in, awaiting data)
[1978] +65.254697 ASYNC-OUT ep=0x01 len=512 type=BULK 
	0000  f8 01 00 18 01 10 ef 03  00 64 00 04 b5 1e 00 00 |.........d......|
	0010  e0 b8 b0 00 30 b9 b0 00  30 b9 b0 00 30 b9 90 00 |....0...0...0...|
	0020  10 b9 a0 00 a0 b8 80 00  80 b7 80 00 80 37 a0 00 |.............7..|
	0030  a0 38 90 00 10 39 b0 00  30 39 d0 00 50 39 00 00 |.8...9..09..P9..|
	0040  00 00 00 00 00 00 00 00  00 00 00 00 00 00 00 00 |................|
	0050  00 00 00 00 00 00 00 00  00 00 00 00 00 00 00 00 |................|
	0060  00 00 00 00 00 00 00 00  00 00 00 00 00 00 00 00 |................|
	0070  00 00 00 00 00 00 00 00  00 00 00 00 00 00 00 00 |................|
	0080  00 00 00 00 00 00 00 00  00 00 00 00 00 00 00 00 |................|
	0090  00 00 00 00 00 00 00 00  00 00 00 00 00 00 00 00 |................|
	00a0  00 00 00 00 00 00 00 00  00 00 00 00 00 00 00 00 |................|
	00b0  00 00 00 00 00 00 00 00  00 00 00 00 00 00 00 00 |................|
	00c0  00 00 00 00 00 00 00 00  00 00 00 00 00 00 00 00 |................|
	00d0  00 00 00 00 00 00 00 00  00 00 00 00 00 00 00 00 |................|
	00e0  00 00 00 00 00 00 00 00  00 00 00 00 00 00 00 00 |................|
	00f0  00 00 00 00 00 00 00 00  00 00 00 00 00 00 00 00 |................|
	0100  00 00 00 00 00 00 00 00  00 00 00 00 00 00 00 00 |................|
	0110  00 00 00 00 00 00 00 00  00 00 00 00 00 00 00 00 |................|
	0120  00 00 00 00 00 00 00 00  00 00 00 00 00 00 00 00 |................|
	0130  00 00 00 00 00 00 00 00  00 00 00 00 00 00 00 00 |................|
	0140  00 00 00 00 00 00 00 00  00 00 00 00 00 00 00 00 |................|
	0150  00 00 00 00 00 00 00 00  00 00 00 00 00 00 00 00 |................|
	0160  00 00 00 00 00 00 00 00  00 00 00 00 00 00 00 00 |................|
	0170  00 00 00 00 00 00 00 00  00 00 00 00 00 00 00 00 |................|
	0180  00 00 00 00 00 00 00 00  00 00 00 00 00 00 00 00 |................|
	0190  00 00 00 00 00 00 00 00  00 00 00 00 00 00 00 00 |................|
	01a0  00 00 00 00 00 00 00 00  00 00 00 00 00 00 00 00 |................|
	01b0  00 00 00 00 00 00 00 00  00 00 00 00 00 00 00 00 |................|
	01c0  00 00 00 00 00 00 00 00  00 00 00 00 00 00 00 00 |................|
	01d0  00 00 00 00 00 00 00 00  00 00 00 00 00 00 00 00 |................|
	01e0  00 00 00 00 00 00 00 00  00 00 00 00 00 00 00 00 |................|
	01f0  00 00 00 00 00 00 00 00  00 00 00 00 00 00 00 00 |................|
[1979] +65.255334 ASYNC-OUT ep=0x01 len=32 type=BULK 
	0000  18 00 00 18 01 10 ef 03  00 65 00 04 b5 1e 00 00 |.........e......|
	0010  00 00 00 00 00 00 00 00  00 00 00 00 00 00 00 00 |................|
[1980] +65.255433 ASYNC-OUT-DONE ep=0x01 len=0 status=0 actual=512
[1981] +65.258437 ASYNC-OUT-DONE ep=0x01 len=0 status=0 actual=32
[1982] +65.259135 ASYNC-IN-DONE ep=0x81 len=16 status=0 actual=16
	0000  08 00 00 18 ef 03 01 10  00 5e 00 08 7f 14 00 00 |.........^......|
[1983] +65.259196 ASYNC-IN-SUBMIT ep=0x81 len=0 type=BULK (in, awaiting data)
[1984] +65.259240 ASYNC-OUT ep=0x01 len=496 type=BULK 
	0000  e8 01 00 18 01 10 ef 03  00 66 00 04 b5 1e 00 00 |.........f......|
	0010  00 00 00 00 00 00 00 00  00 00 00 00 00 00 00 00 |................|
	0020  00 00 00 00 00 00 00 00  00 00 00 00 00 00 00 00 |................|
	0030  00 00 00 00 00 00 00 00  00 00 00 00 00 00 00 00 |................|
	0040  00 00 00 00 00 00 00 00  00 00 00 00 00 00 00 00 |................|
	0050  00 00 00 00 00 00 00 00  00 00 00 00 00 00 00 00 |................|
	0060  00 00 00 00 00 00 00 00  00 00 00 00 00 00 00 00 |................|
	0070  00 00 00 00 00 00 00 00  00 00 00 00 00 00 00 00 |................|
	0080  00 00 00 00 00 00 00 00  00 00 00 00 00 00 00 00 |................|
	0090  00 00 00 00 00 00 00 00  00 00 00 00 00 00 00 00 |................|
	00a0  00 00 00 00 00 00 00 00  00 00 00 00 00 00 00 00 |................|
	00b0  00 00 00 00 00 00 00 00  00 00 00 00 00 00 00 00 |................|
	00c0  00 00 00 00 00 00 00 00  00 00 00 00 00 00 00 00 |................|
	00d0  00 00 00 00 00 00 00 00  00 00 00 00 00 00 00 00 |................|
	00e0  00 00 00 00 00 00 00 00  00 00 00 00 00 00 00 00 |................|
	00f0  00 00 00 00 00 00 00 00  00 00 00 00 00 00 00 00 |................|
	0100  00 00 00 00 00 00 00 00  00 00 00 00 00 00 00 00 |................|
	0110  00 00 00 00 00 00 00 00  00 00 00 00 00 00 00 00 |................|
	0120  00 00 00 00 00 00 00 00  00 00 00 00 00 00 00 00 |................|
	0130  00 00 00 00 00 00 00 00  00 00 00 00 00 00 00 00 |................|
	0140  00 00 00 00 00 00 00 00  00 00 00 00 00 00 00 00 |................|
	0150  00 00 00 00 00 00 00 00  00 00 00 00 00 00 00 00 |................|
	0160  00 00 00 00 00 00 00 00  00 00 00 00 00 00 00 00 |................|
	0170  00 00 00 00 00 00 00 00  00 00 00 00 00 00 00 00 |................|
	0180  00 00 00 00 00 00 00 00  00 00 00 00 00 00 00 00 |................|
	0190  00 00 00 00 00 00 00 00  00 00 00 00 00 00 00 00 |................|
	01a0  00 00 00 00 00 00 00 00  00 00 00 00 00 00 00 00 |................|
	01b0  00 00 00 00 00 00 00 00  00 00 00 00 00 00 00 00 |................|
	01c0  00 00 00 00 00 00 00 00  00 00 00 00 00 00 00 00 |................|
	01d0  00 00 00 00 00 00 00 00  00 00 00 00 00 00 00 00 |................|
	01e0  00 00 00 00 00 00 00 00  00 00 00 00 00 00 00 00 |................|
[1985] +65.259958 ASYNC-OUT-DONE ep=0x01 len=0 status=0 actual=496
[1986] +65.261077 ASYNC-IN-DONE ep=0x81 len=16 status=0 actual=16
	0000  08 00 00 18 ef 03 01 10  00 5f 00 08 5f 16 00 00 |........._.._...|
[1987] +65.261132 ASYNC-IN-SUBMIT ep=0x81 len=0 type=BULK (in, awaiting data)
[1988] +65.301003 ASYNC-OUT ep=0x01 len=512 type=BULK 
	0000  f8 01 00 18 01 10 ef 03  00 67 00 04 b5 1e 00 00 |.........g......|
	0010  00 00 00 00 00 00 00 00  00 00 00 00 00 00 00 00 |................|
	0020  00 00 00 00 00 00 00 00  00 00 00 00 00 00 00 00 |................|
	0030  00 00 00 00 00 00 00 00  00 00 00 00 00 00 00 00 |................|
	0040  00 00 00 00 00 00 00 00  00 00 00 00 00 00 00 00 |................|
	0050  00 00 00 00 00 00 00 00  00 00 00 00 00 00 00 00 |................|
	0060  00 00 00 00 00 00 00 00  00 00 00 00 00 00 00 00 |................|
	0070  00 00 00 00 00 00 00 00  00 00 00 00 00 00 00 00 |................|
	0080  00 00 00 00 00 00 00 00  00 00 00 00 00 00 00 00 |................|
	0090  00 00 00 00 00 00 00 00  00 00 00 00 00 00 00 00 |................|
	00a0  00 00 00 00 00 00 00 00  00 00 00 00 00 00 00 00 |................|
	00b0  00 00 00 00 00 00 00 00  00 00 00 00 00 00 00 00 |................|
	00c0  00 00 00 00 00 00 00 00  00 00 00 00 00 00 00 00 |................|
	00d0  00 00 00 00 00 00 00 00  00 00 00 00 00 00 00 00 |................|
	00e0  00 00 00 00 00 00 00 00  00 00 00 00 00 00 00 00 |................|
	00f0  00 00 00 00 00 00 00 00  00 00 00 00 00 00 00 00 |................|
	0100  00 00 00 00 00 00 00 00  00 00 00 00 00 00 00 00 |................|
	0110  00 00 00 00 00 00 00 00  00 00 00 00 00 00 00 00 |................|
	0120  00 00 00 00 00 00 00 00  00 00 00 00 00 00 00 00 |................|
	0130  00 00 00 00 00 00 00 00  00 00 00 00 00 00 00 00 |................|
	0140  00 00 00 00 00 00 00 00  00 00 00 00 00 00 00 00 |................|
	0150  00 00 00 00 00 00 00 00  00 00 00 00 00 00 00 00 |................|
	0160  00 00 00 00 00 00 00 00  00 00 00 00 00 00 00 00 |................|
	0170  00 00 00 00 00 00 00 00  00 00 00 00 00 00 00 00 |................|
	0180  00 00 00 00 00 00 00 00  00 00 00 00 00 00 00 00 |................|
	0190  00 00 00 00 00 00 00 00  00 00 00 00 00 00 00 00 |................|
	01a0  00 00 00 00 00 00 00 00  00 00 00 00 00 00 00 00 |................|
	01b0  00 00 00 00 00 00 00 00  00 00 00 00 00 00 00 00 |................|
	01c0  00 00 00 00 00 00 00 00  00 00 00 00 00 00 00 00 |................|
	01d0  00 00 00 00 00 00 00 00  00 00 00 00 00 00 00 00 |................|
	01e0  00 00 00 00 00 00 00 00  00 00 00 00 00 00 00 00 |................|
	01f0  00 00 00 00 00 00 00 00  00 00 00 00 00 00 00 00 |................|
[1989] +65.301654 ASYNC-OUT ep=0x01 len=32 type=BULK 
	0000  18 00 00 18 01 10 ef 03  00 68 00 04 b5 1e 00 00 |.........h......|
	0010  00 00 00 00 00 00 00 00  00 00 00 00 00 00 00 00 |................|
[1990] +65.301766 ASYNC-OUT-DONE ep=0x01 len=0 status=0 actual=512
[1991] +65.305050 ASYNC-OUT-DONE ep=0x01 len=0 status=0 actual=32
[1992] +65.305914 ASYNC-IN-DONE ep=0x81 len=16 status=0 actual=16
	0000  08 00 00 18 ef 03 01 10  00 60 00 08 5f 18 00 00 |.........`.._...|
[1993] +65.305995 ASYNC-IN-SUBMIT ep=0x81 len=0 type=BULK (in, awaiting data)
[1994] +65.306040 ASYNC-OUT ep=0x01 len=512 type=BULK 
	0000  f8 01 00 18 01 10 ef 03  00 69 00 04 b5 1e 00 00 |.........i......|
	0010  00 00 00 00 00 00 00 00  00 00 00 00 00 00 00 00 |................|
	0020  00 00 00 00 00 00 00 00  00 00 00 00 00 00 00 00 |................|
	0030  00 00 00 00 00 00 00 00  00 00 00 00 00 00 00 00 |................|
	0040  00 00 00 00 00 00 00 00  00 00 00 00 00 00 00 00 |................|
	0050  00 00 00 00 00 00 00 00  00 00 00 00 00 00 00 00 |................|
	0060  00 00 00 00 00 00 00 00  00 00 00 00 00 00 00 00 |................|
	0070  00 00 00 00 00 00 00 00  00 00 00 00 00 00 00 00 |................|
	0080  00 00 00 00 00 00 00 00  00 00 00 00 00 00 00 00 |................|
	0090  00 00 00 00 00 00 00 00  00 00 00 00 00 00 00 00 |................|
	00a0  00 00 00 00 00 00 00 00  00 00 00 00 00 00 00 00 |................|
	00b0  00 00 00 00 00 00 00 00  00 00 00 00 00 00 00 00 |................|
	00c0  00 00 00 00 00 00 00 00  00 00 00 00 00 00 00 00 |................|
	00d0  00 00 00 00 00 00 00 00  00 00 00 00 00 00 00 00 |................|
	00e0  00 00 00 00 00 00 00 00  00 00 00 00 00 00 00 00 |................|
	00f0  00 00 00 00 00 00 00 00  00 00 00 00 00 00 00 00 |................|
	0100  00 00 00 00 00 00 00 00  00 00 00 00 00 00 00 00 |................|
	0110  00 00 00 00 00 00 00 00  00 00 00 00 00 00 00 00 |................|
	0120  00 00 00 00 00 00 00 00  00 00 00 00 00 00 00 00 |................|
	0130  00 00 00 00 00 00 00 00  00 00 00 00 00 00 00 00 |................|
	0140  00 00 00 00 00 00 00 00  00 00 00 00 00 00 00 00 |................|
	0150  00 00 00 00 00 00 00 00  00 00 00 00 00 00 00 00 |................|
	0160  00 00 00 00 00 00 00 00  00 00 00 00 00 00 00 00 |................|
	0170  00 00 00 00 00 00 00 00  00 00 00 00 00 00 00 00 |................|
	0180  00 00 00 00 00 00 00 00  00 00 00 00 00 00 00 00 |................|
	0190  00 00 00 00 00 00 00 00  00 00 00 00 00 00 00 00 |................|
	01a0  00 00 00 00 00 00 00 00  00 00 00 00 00 00 00 00 |................|
	01b0  00 00 00 00 00 00 00 00  00 00 00 00 00 00 00 00 |................|
	01c0  00 00 00 00 00 00 00 00  00 00 00 00 00 00 00 00 |................|
	01d0  00 00 00 00 00 00 00 00  00 00 00 00 00 00 00 00 |................|
	01e0  00 00 00 00 00 00 00 00  00 00 00 00 00 00 00 00 |................|
	01f0  00 00 00 00 00 00 00 00  00 00 00 00 00 00 00 00 |................|
[1995] +65.306669 ASYNC-OUT ep=0x01 len=32 type=BULK 
	0000  18 00 00 18 01 10 ef 03  00 6a 00 04 b5 1e 00 00 |.........j......|
	0010  00 00 00 00 00 00 00 00  00 00 00 00 00 00 00 00 |................|
[1996] +65.306781 ASYNC-OUT-DONE ep=0x01 len=0 status=0 actual=512
[1997] +65.309824 ASYNC-OUT-DONE ep=0x01 len=0 status=0 actual=32
[1998] +65.310527 ASYNC-IN-DONE ep=0x81 len=16 status=0 actual=16
	0000  08 00 00 18 ef 03 01 10  00 61 00 08 5f 1a 00 00 |.........a.._...|
[1999] +65.310581 ASYNC-IN-SUBMIT ep=0x81 len=0 type=BULK (in, awaiting data)
[2000] +65.310623 ASYNC-OUT ep=0x01 len=512 type=BULK 
	0000  f8 01 00 18 01 10 ef 03  00 6b 00 04 b5 1e 00 00 |.........k......|
	0010  00 00 00 00 00 00 00 00  00 00 00 00 00 00 00 00 |................|
	0020  00 00 00 00 00 00 00 00  00 00 00 00 00 00 00 00 |................|
	0030  00 00 00 00 00 00 00 00  00 00 00 00 00 00 00 00 |................|
	0040  00 00 00 00 00 00 00 00  00 00 00 00 00 00 00 00 |................|
	0050  00 00 00 00 00 00 00 00  00 00 00 00 00 00 00 00 |................|
	0060  00 00 00 00 00 00 00 00  00 00 00 00 00 00 00 00 |................|
	0070  00 00 00 00 00 00 00 00  00 00 00 00 00 00 00 00 |................|
	0080  00 00 00 00 00 00 00 00  00 00 00 00 00 00 00 00 |................|
	0090  00 00 00 00 00 00 00 00  00 00 00 00 00 00 00 00 |................|
	00a0  00 00 00 00 00 00 00 00  00 00 00 00 00 00 00 00 |................|
	00b0  00 00 00 00 00 00 00 00  00 00 00 00 00 00 00 00 |................|
	00c0  00 00 00 00 00 00 00 00  00 00 00 00 00 00 00 00 |................|
	00d0  00 00 00 00 00 00 00 00  00 00 00 00 00 00 00 00 |................|
	00e0  00 00 00 00 00 00 00 00  00 00 00 00 00 00 00 00 |................|
	00f0  00 00 00 00 00 00 00 00  00 00 00 00 00 00 00 00 |................|
	0100  00 00 00 00 00 00 00 00  00 00 00 00 00 00 00 00 |................|
	0110  00 00 00 00 00 00 00 00  00 00 00 00 00 00 00 00 |................|
	0120  00 00 00 00 00 00 00 00  00 00 00 00 00 00 00 00 |................|
	0130  00 00 00 00 00 00 00 00  00 00 00 00 00 00 00 00 |................|
	0140  00 00 00 00 00 00 00 00  00 00 00 00 00 00 00 00 |................|
	0150  00 00 00 00 00 00 00 00  00 00 00 00 00 00 00 00 |................|
	0160  00 00 00 00 00 00 00 00  00 00 00 00 00 00 00 00 |................|
	0170  00 00 00 00 00 00 00 00  00 00 00 00 00 00 00 00 |................|
	0180  00 00 00 00 00 00 00 00  00 00 00 00 00 00 00 00 |................|
	0190  00 00 00 00 00 00 00 00  00 00 00 00 00 00 00 00 |................|
	01a0  00 00 00 00 00 00 00 00  00 00 00 00 00 00 00 00 |................|
	01b0  00 00 00 00 00 00 00 00  00 00 00 00 00 00 00 00 |................|
	01c0  00 00 00 00 00 00 00 00  00 00 00 00 00 00 00 00 |................|
	01d0  00 00 00 00 00 00 00 00  00 00 00 00 00 00 00 00 |................|
	01e0  00 00 00 00 00 00 00 00  00 00 00 00 00 00 00 00 |................|
	01f0  00 00 00 00 00 00 00 00  00 00 00 00 00 00 00 00 |................|
[2001] +65.311234 ASYNC-OUT ep=0x01 len=32 type=BULK 
	0000  18 00 00 18 01 10 ef 03  00 6c 00 04 b5 1e 00 00 |.........l......|
	0010  00 00 00 00 00 00 00 00  00 00 00 00 00 00 00 00 |................|
[2002] +65.311331 ASYNC-OUT-DONE ep=0x01 len=0 status=0 actual=512
[2003] +65.314394 ASYNC-OUT-DONE ep=0x01 len=0 status=0 actual=32
[2004] +65.315228 ASYNC-IN-DONE ep=0x81 len=16 status=0 actual=16
	0000  08 00 00 18 ef 03 01 10  00 62 00 08 5f 1c 00 00 |.........b.._...|
[2005] +65.315281 ASYNC-IN-SUBMIT ep=0x81 len=0 type=BULK (in, awaiting data)
[2006] +65.315322 ASYNC-OUT ep=0x01 len=512 type=BULK 
	0000  f8 01 00 18 01 10 ef 03  00 6d 00 04 b5 1e 00 00 |.........m......|
	0010  00 00 00 00 00 00 00 00  00 00 00 00 00 00 00 00 |................|
	0020  00 00 00 00 00 00 00 00  00 00 00 00 00 00 00 00 |................|
	0030  00 00 00 00 00 00 00 00  00 00 00 00 00 00 00 00 |................|
	0040  00 00 00 00 00 00 00 00  00 00 00 00 00 00 00 00 |................|
	0050  00 00 00 00 00 00 00 00  00 00 00 00 00 00 00 00 |................|
	0060  00 00 00 00 00 00 00 00  00 00 00 00 00 00 00 00 |................|
	0070  00 00 00 00 00 00 00 00  00 00 00 00 00 00 00 00 |................|
	0080  00 00 00 00 00 00 00 00  00 00 00 00 00 00 00 00 |................|
	0090  00 00 00 00 00 00 00 00  00 00 00 00 00 00 00 00 |................|
	00a0  00 00 00 00 00 00 00 00  00 00 00 00 00 00 00 00 |................|
	00b0  00 00 00 00 00 00 00 00  00 00 00 00 00 00 00 00 |................|
	00c0  00 00 00 00 00 00 00 00  00 00 00 00 00 00 00 00 |................|
	00d0  00 00 00 00 00 00 00 00  00 00 00 00 00 00 00 00 |................|
	00e0  00 00 00 00 00 00 00 00  00 00 00 00 00 00 00 00 |................|
	00f0  00 00 00 00 00 00 00 00  00 00 00 00 00 00 00 00 |................|
	0100  00 00 00 00 00 00 00 00  00 00 00 00 00 00 00 00 |................|
	0110  00 00 00 00 00 00 00 00  00 00 00 00 00 00 00 00 |................|
	0120  00 00 00 00 00 00 00 00  00 00 00 00 00 00 00 00 |................|
	0130  00 00 00 00 00 00 00 00  00 00 00 00 00 00 00 00 |................|
	0140  00 00 00 00 00 00 00 00  00 00 00 00 00 00 00 00 |................|
	0150  00 00 00 00 00 00 00 00  00 00 00 00 00 00 00 00 |................|
	0160  00 00 00 00 00 00 00 00  00 00 00 00 00 00 00 00 |................|
	0170  00 00 00 00 00 00 00 00  00 00 00 00 00 00 00 00 |................|
	0180  00 00 00 00 00 00 00 00  00 00 00 00 00 00 00 00 |................|
	0190  00 00 00 00 00 00 00 00  00 00 00 00 00 00 00 00 |................|
	01a0  00 00 00 00 00 00 00 00  00 00 00 00 00 00 00 00 |................|
	01b0  00 00 00 00 00 00 00 00  00 00 00 00 00 00 00 00 |................|
	01c0  00 00 00 00 00 00 00 00  00 00 00 00 00 00 00 00 |................|
	01d0  00 00 00 00 00 00 00 00  00 00 00 00 00 00 00 00 |................|
	01e0  00 00 00 00 00 00 00 00  00 00 00 00 00 00 00 00 |................|
	01f0  00 00 00 00 00 00 00 00  00 00 00 00 00 00 00 00 |................|
[2007] +65.315922 ASYNC-OUT ep=0x01 len=32 type=BULK 
	0000  18 00 00 18 01 10 ef 03  00 6e 00 04 b5 1e 00 00 |.........n......|
	0010  00 00 00 00 00 00 00 00  00 00 00 00 00 00 00 00 |................|
[2008] +65.316016 ASYNC-OUT-DONE ep=0x01 len=0 status=0 actual=512
[2009] +65.319033 ASYNC-OUT-DONE ep=0x01 len=0 status=0 actual=32
[2010] +65.319731 ASYNC-IN-DONE ep=0x81 len=16 status=0 actual=16
	0000  08 00 00 18 ef 03 01 10  00 63 00 08 5f 1e 00 00 |.........c.._...|
[2011] +65.319782 ASYNC-IN-SUBMIT ep=0x81 len=0 type=BULK (in, awaiting data)
[2012] +65.319816 ASYNC-OUT ep=0x01 len=512 type=BULK 
	0000  f8 01 00 18 01 10 ef 03  00 6f 00 04 b5 1e 00 00 |.........o......|
	0010  00 00 00 00 00 00 00 00  00 00 00 00 00 00 00 00 |................|
	0020  00 00 00 00 00 00 00 00  00 00 00 00 00 00 00 00 |................|
	0030  00 00 00 00 00 00 00 00  00 00 00 00 00 00 00 00 |................|
	0040  00 00 00 00 00 00 00 00  00 00 00 00 00 00 00 00 |................|
	0050  00 00 00 00 00 00 00 00  00 00 00 00 00 00 00 00 |................|
	0060  00 00 00 00 00 00 00 00  00 00 00 00 00 00 00 00 |................|
	0070  00 00 00 00 00 00 00 00  00 00 00 00 00 00 00 00 |................|
	0080  00 00 00 00 00 00 00 00  00 00 00 00 00 00 00 00 |................|
	0090  00 00 00 00 00 00 00 00  00 00 00 00 00 00 00 00 |................|
	00a0  00 00 00 00 00 00 00 00  00 00 00 00 00 00 00 00 |................|
	00b0  00 00 00 00 00 00 00 00  00 00 00 00 00 00 00 00 |................|
	00c0  00 00 00 00 00 00 00 00  00 00 00 00 00 00 00 00 |................|
	00d0  00 00 00 00 00 00 00 00  00 00 00 00 00 00 00 00 |................|
	00e0  00 00 00 00 00 00 00 00  00 00 00 00 00 00 00 00 |................|
	00f0  00 00 00 00 00 00 00 00  00 00 00 00 00 00 00 00 |................|
	0100  00 00 00 00 00 00 00 00  00 00 00 00 00 00 00 00 |................|
	0110  00 00 00 00 00 00 00 00  00 00 00 00 00 00 00 00 |................|
	0120  00 00 00 00 00 00 00 00  00 00 00 00 00 00 00 00 |................|
	0130  00 00 00 00 00 00 00 00  00 00 00 00 00 00 00 00 |................|
	0140  00 00 00 00 00 00 00 00  00 00 00 00 00 00 00 00 |................|
	0150  00 00 00 00 00 00 00 00  00 00 00 00 00 00 00 00 |................|
	0160  00 00 00 00 00 00 00 00  00 00 00 00 00 00 00 00 |................|
	0170  00 00 00 00 00 00 00 00  00 00 00 00 00 00 00 00 |................|
	0180  00 00 00 00 00 00 00 00  00 00 00 00 00 00 00 00 |................|
	0190  00 00 00 00 00 00 00 00  00 00 00 00 00 00 00 00 |................|
	01a0  00 00 00 00 00 00 00 00  00 00 00 00 00 00 00 00 |................|
	01b0  00 00 00 00 00 00 00 00  00 00 00 00 00 00 00 00 |................|
	01c0  00 00 00 00 00 00 00 00  00 00 00 00 00 00 00 00 |................|
	01d0  00 00 00 00 00 00 00 00  00 00 00 00 00 00 00 00 |................|
	01e0  00 00 00 00 00 00 00 00  00 00 00 00 00 00 00 00 |................|
	01f0  00 00 00 00 00 00 00 00  00 00 00 00 00 00 00 00 |................|
[2013] +65.320426 ASYNC-OUT ep=0x01 len=32 type=BULK 
	0000  18 00 00 18 01 10 ef 03  00 70 00 04 b5 1e 00 00 |.........p......|
	0010  00 00 00 00 00 00 00 00  00 00 00 00 00 00 00 00 |................|
[2014] +65.320513 ASYNC-OUT-DONE ep=0x01 len=0 status=0 actual=512
[2015] +65.323476 ASYNC-OUT-DONE ep=0x01 len=0 status=0 actual=32
[2016] +65.324324 ASYNC-IN-DONE ep=0x81 len=16 status=0 actual=16
	0000  08 00 00 18 ef 03 01 10  00 64 00 08 5f 20 00 00 |.........d.._ ..|
[2017] +65.324379 ASYNC-IN-SUBMIT ep=0x81 len=0 type=BULK (in, awaiting data)
[2018] +65.324419 ASYNC-OUT ep=0x01 len=512 type=BULK 
	0000  f8 01 00 18 01 10 ef 03  00 71 00 04 b5 1e 00 00 |.........q......|
	0010  00 00 00 00 00 00 00 00  00 00 00 00 00 00 00 00 |................|
	0020  00 00 00 00 00 00 00 00  00 00 00 00 00 00 00 00 |................|
	0030  00 00 00 00 00 00 00 00  00 00 00 00 00 00 00 00 |................|
	0040  00 00 00 00 00 00 00 00  00 00 00 00 00 00 00 00 |................|
	0050  00 00 00 00 00 00 00 00  00 00 00 00 00 00 00 00 |................|
	0060  00 00 00 00 00 00 00 00  00 00 00 00 00 00 00 00 |................|
	0070  00 00 00 00 00 00 00 00  00 00 00 00 00 00 00 00 |................|
	0080  00 00 00 00 00 00 00 00  00 00 00 00 00 00 00 00 |................|
	0090  00 00 00 00 00 00 00 00  00 00 00 00 00 00 00 00 |................|
	00a0  00 00 00 00 00 00 00 00  00 00 00 00 00 00 00 00 |................|
	00b0  00 00 00 00 00 00 00 00  00 00 00 00 00 00 00 00 |................|
	00c0  00 00 00 00 00 00 00 00  00 00 00 00 00 00 00 00 |................|
	00d0  00 00 00 00 00 00 00 00  00 00 00 00 00 00 00 00 |................|
	00e0  00 00 00 00 00 00 00 00  00 00 00 00 00 00 00 00 |................|
	00f0  00 00 00 00 00 00 00 00  00 00 00 00 00 00 00 00 |................|
	0100  00 00 00 00 00 00 00 00  00 00 00 00 00 00 00 00 |................|
	0110  00 00 00 00 00 00 00 00  00 00 00 00 00 00 00 00 |................|
	0120  00 00 00 00 00 00 00 00  00 00 00 00 00 00 00 00 |................|
	0130  00 00 00 00 00 00 00 00  00 00 00 00 00 00 00 00 |................|
	0140  00 00 00 00 00 00 00 00  00 00 00 00 00 00 00 00 |................|
	0150  00 00 00 00 00 00 00 00  00 00 00 00 00 00 00 00 |................|
	0160  00 00 00 00 00 00 00 00  00 00 00 00 00 00 00 00 |................|
	0170  00 00 00 00 00 00 00 00  00 00 00 00 00 00 00 00 |................|
	0180  00 00 00 00 00 00 00 00  00 00 00 00 00 00 00 00 |................|
	0190  00 00 00 00 00 00 00 00  00 00 00 00 00 00 00 00 |................|
	01a0  00 00 00 00 00 00 00 00  00 00 00 00 00 00 00 00 |................|
	01b0  00 00 00 00 00 00 00 00  00 00 00 00 00 00 00 00 |................|
	01c0  00 00 00 00 00 00 00 00  00 00 00 00 00 00 00 00 |................|
	01d0  00 00 00 00 00 00 00 00  00 00 00 00 00 00 00 00 |................|
	01e0  00 00 00 00 00 00 00 00  00 00 00 00 00 00 00 00 |................|
	01f0  00 00 00 00 00 00 00 00  00 00 00 00 00 00 00 00 |................|
[2019] +65.325036 ASYNC-OUT ep=0x01 len=32 type=BULK 
	0000  18 00 00 18 01 10 ef 03  00 72 00 04 b5 1e 00 00 |.........r......|
	0010  00 00 00 00 00 00 00 00  00 00 00 00 00 00 00 00 |................|
[2020] +65.325131 ASYNC-OUT-DONE ep=0x01 len=0 status=0 actual=512
[2021] +65.328187 ASYNC-OUT-DONE ep=0x01 len=0 status=0 actual=32
[2022] +65.328882 ASYNC-IN-DONE ep=0x81 len=16 status=0 actual=16
	0000  08 00 00 18 ef 03 01 10  00 65 00 08 5f 22 00 00 |.........e.._"..|
[2023] +65.328933 ASYNC-IN-SUBMIT ep=0x81 len=0 type=BULK (in, awaiting data)
[2024] +65.328966 ASYNC-OUT ep=0x01 len=96 type=BULK 
	0000  56 00 00 18 01 10 ef 03  00 73 00 04 b5 1e 00 00 |V........s......|
	0010  00 00 00 00 00 00 00 00  00 00 00 00 00 00 00 00 |................|
	0020  00 00 00 00 00 00 00 00  00 00 00 00 00 00 00 00 |................|
	0030  00 00 00 00 00 00 00 00  00 00 00 00 00 00 00 00 |................|
	0040  00 00 00 00 00 00 00 00  00 00 00 00 00 00 00 00 |................|
	0050  00 00 00 00 00 00 00 00  00 00 00 00 00 00 00 00 |................|
[2025] +65.329213 ASYNC-OUT-DONE ep=0x01 len=0 status=0 actual=96
[2026] +65.377731 ASYNC-IN-DONE ep=0x81 len=40 status=0 actual=40
	0000  1d 00 00 18 f0 03 02 10  00 3f 00 04 09 02 00 00 |.........?......|
	0010  00 00 04 00 0d 00 00 00  82 69 01 6a 83 66 cd 03 |.........i.j.f..|
	0020  ee 67 00 68 c0 73 65 74                          |.g.h.set|
[2027] +65.377912 ASYNC-IN-SUBMIT ep=0x81 len=0 type=BULK (in, awaiting data)
[2028] +65.405091 ASYNC-OUT ep=0x01 len=16 type=BULK 
	0000  08 00 00 18 02 10 f0 03  00 3d 00 08 1e 10 00 00 |.........=......|
[2029] +65.405282 ASYNC-OUT ep=0x01 len=36 type=BULK 
	0000  1a 00 00 18 01 10 ef 03  00 74 00 04 b5 1e 00 00 |.........t......|
	0010  01 00 02 00 0a 00 00 00  83 66 cd 03 ef 64 cc fe |.........f...d..|
	0020  65 80 00 00                                      |e...|
[2030] +65.405375 ASYNC-OUT-DONE ep=0x01 len=0 status=0 actual=16
[2031] +65.405436 ASYNC-OUT-DONE ep=0x01 len=0 status=0 actual=36
[2032] +65.407292 ASYNC-IN-DONE ep=0x81 len=36 status=0 actual=36
	0000  19 00 00 18 ef 03 01 10  00 66 00 04 bf 22 00 00 |.........f..."..|
	0010  00 00 02 00 09 00 00 00  83 66 cd 03 ef 67 00 68 |.........f...g.h|
	0020  c0 67 00 68                                      |.g.h|
[2033] +65.407382 ASYNC-IN-SUBMIT ep=0x81 len=0 type=BULK (in, awaiting data)
[2034] +65.455280 ASYNC-IN-DONE ep=0x81 len=16 status=0 actual=16
	0000  08 00 00 18 ef 03 01 10  00 67 00 08 bf 22 00 00 |.........g..."..|
[2035] +65.455372 ASYNC-IN-SUBMIT ep=0x81 len=0 type=BULK (in, awaiting data)
[2036] +65.455479 ASYNC-IN-DONE ep=0x81 len=16 status=0 actual=16
	0000  08 00 00 18 ed 03 80 10  00 54 00 10 ae 02 00 00 |.........T......|
[2037] +65.455511 ASYNC-IN-SUBMIT ep=0x81 len=0 type=BULK (in, awaiting data)
[2038] +65.457104 ASYNC-OUT ep=0x01 len=36 type=BULK 
	0000  1b 00 00 18 01 10 ef 03  00 75 00 0c c6 1e 00 00 |.........u......|
	0010  01 00 02 00 0b 00 00 00  83 66 cd 03 f0 64 0d 65 |.........f...d.e|
	0020  81 65 02 00                                      |.e..|
[2039] +65.457328 ASYNC-OUT-DONE ep=0x01 len=0 status=0 actual=36
[2040] +65.459282 ASYNC-IN-DONE ep=0x81 len=96 status=0 actual=96
	0000  56 00 00 18 ef 03 01 10  00 68 00 04 d2 22 00 00 |V........h..."..|
	0010  00 00 02 00 46 00 00 00  83 66 cd 03 f0 67 00 68 |....F....f...g.h|
	0020  91 86 70 00 6d ad 74 65  73 74 2d 69 6d 70 75 6c |..p.m.test-impul|
	0030  73 65 00 7b c2 7c c2 7d  00 68 da 00 21 62 62 30 |se.{.|.}.h..!bb0|
	0040  34 38 66 34 33 38 62 39  33 63 61 66 62 61 62 35 |48f438b93cafbab5|
	0050  63 30 39 32 38 65 34 39  31 33 64 36 37 00 00 81 |c0928e4913d67...|
[2041] +65.459374 ASYNC-IN-SUBMIT ep=0x81 len=0 type=BULK (in, awaiting data)
[2042] +65.508475 ASYNC-OUT ep=0x01 len=16 type=BULK 
	0000  08 00 00 18 01 10 ef 03  00 76 00 08 14 1f 00 00 |.........v......|
[2043] +65.508829 ASYNC-OUT-DONE ep=0x01 len=0 status=0 actual=16
[2044] +65.572091 ASYNC-IN-DONE ep=0x81 len=0 status=2 actual=0
[2045] +65.572123 ASYNC-IN-SUBMIT ep=0x81 len=0 type=BULK (in, awaiting data)
[2046] +65.655955 ASYNC-IN-DONE ep=0x81 len=16 status=0 actual=16
	0000  08 00 00 18 ef 03 01 10  00 69 00 08 d2 22 00 00 |.........i..."..|
[2047] +65.656041 ASYNC-IN-SUBMIT ep=0x81 len=0 type=BULK (in, awaiting data)
[2048] +65.766767 ASYNC-IN-DONE ep=0x81 len=0 status=2 actual=0
[2049] +65.766815 ASYNC-IN-SUBMIT ep=0x81 len=0 type=BULK (in, awaiting data)
[2050] +65.870113 ASYNC-IN-DONE ep=0x81 len=0 status=2 actual=0
[2051] +65.870201 ASYNC-IN-SUBMIT ep=0x81 len=0 type=BULK (in, awaiting data)
[2052] +65.982179 ASYNC-IN-DONE ep=0x81 len=0 status=2 actual=0
[2053] +65.982243 ASYNC-IN-SUBMIT ep=0x81 len=0 type=BULK (in, awaiting data)
[2054] +66.088511 ASYNC-IN-DONE ep=0x81 len=0 status=2 actual=0
[2055] +66.088540 ASYNC-IN-SUBMIT ep=0x81 len=0 type=BULK (in, awaiting data)
[2056] +66.193631 ASYNC-IN-DONE ep=0x81 len=0 status=2 actual=0
[2057] +66.193724 ASYNC-IN-SUBMIT ep=0x81 len=0 type=BULK (in, awaiting data)
[2058] +66.257425 ASYNC-IN-DONE ep=0x81 len=16 status=0 actual=16
	0000  08 00 00 18 f0 03 02 10  00 40 00 10 09 02 00 00 |.........@......|
[2059] +66.257566 ASYNC-IN-SUBMIT ep=0x81 len=0 type=BULK (in, awaiting data)
[2060] +66.285869 ASYNC-OUT ep=0x01 len=16 type=BULK 
	0000  08 00 00 18 80 10 ed 03  00 51 00 10 fd 1a 00 00 |.........Q......|
[2061] +66.286158 ASYNC-OUT-DONE ep=0x01 len=0 status=0 actual=16
[2062] +66.370394 ASYNC-IN-DONE ep=0x81 len=0 status=2 actual=0
[2063] +66.370485 ASYNC-IN-SUBMIT ep=0x81 len=0 type=BULK (in, awaiting data)
[2064] +66.441563 ASYNC-OUT ep=0x01 len=16 type=BULK 
	0000  08 00 00 18 02 10 f0 03  00 3e 00 10 1e 10 00 00 |.........>......|
[2065] +66.441894 ASYNC-OUT-DONE ep=0x01 len=0 status=0 actual=16
[2066] +66.458266 ASYNC-IN-DONE ep=0x81 len=16 status=0 actual=16
	0000  08 00 00 18 ed 03 80 10  00 55 00 10 ae 02 00 00 |.........U......|
[2067] +66.458339 ASYNC-IN-SUBMIT ep=0x81 len=0 type=BULK (in, awaiting data)
[2068] +66.545676 ASYNC-OUT ep=0x01 len=16 type=BULK 
	0000  08 00 00 18 01 10 ef 03  00 77 00 10 14 1f 00 00 |.........w......|
[2069] +66.545996 ASYNC-OUT-DONE ep=0x01 len=0 status=0 actual=16
[2070] +66.568621 ASYNC-IN-DONE ep=0x81 len=0 status=2 actual=0
[2071] +66.568720 ASYNC-IN-SUBMIT ep=0x81 len=0 type=BULK (in, awaiting data)
[2072] +66.658966 ASYNC-IN-DONE ep=0x81 len=16 status=0 actual=16
	0000  08 00 00 18 ef 03 01 10  00 6a 00 10 d2 22 00 00 |.........j..."..|
[2073] +66.659111 ASYNC-IN-SUBMIT ep=0x81 len=0 type=BULK (in, awaiting data)
[2074] +66.765752 ASYNC-IN-DONE ep=0x81 len=0 status=2 actual=0
[2075] +66.765818 ASYNC-IN-SUBMIT ep=0x81 len=0 type=BULK (in, awaiting data)
[2076] +66.877175 ASYNC-IN-DONE ep=0x81 len=0 status=2 actual=0
[2077] +66.877277 ASYNC-IN-SUBMIT ep=0x81 len=0 type=BULK (in, awaiting data)
[2078] +66.979018 ASYNC-IN-DONE ep=0x81 len=0 status=2 actual=0
[2079] +66.979148 ASYNC-IN-SUBMIT ep=0x81 len=0 type=BULK (in, awaiting data)
[2080] +67.088583 ASYNC-IN-DONE ep=0x81 len=0 status=2 actual=0
[2081] +67.088665 ASYNC-IN-SUBMIT ep=0x81 len=0 type=BULK (in, awaiting data)
[2082] +67.195618 ASYNC-IN-DONE ep=0x81 len=0 status=2 actual=0
[2083] +67.195710 ASYNC-IN-SUBMIT ep=0x81 len=0 type=BULK (in, awaiting data)
[2084] +67.260587 ASYNC-IN-DONE ep=0x81 len=16 status=0 actual=16
	0000  08 00 00 18 f0 03 02 10  00 41 00 10 09 02 00 00 |.........A......|
[2085] +67.260725 ASYNC-IN-SUBMIT ep=0x81 len=0 type=BULK (in, awaiting data)
[2086] +67.325366 ASYNC-OUT ep=0x01 len=16 type=BULK 
	0000  08 00 00 18 80 10 ed 03  00 52 00 10 fd 1a 00 00 |.........R......|
[2087] +67.325692 ASYNC-OUT-DONE ep=0x01 len=0 status=0 actual=16
[2088] +67.372065 ASYNC-IN-DONE ep=0x81 len=0 status=2 actual=0
[2089] +67.372125 ASYNC-IN-SUBMIT ep=0x81 len=0 type=BULK (in, awaiting data)
[2090] +67.461359 ASYNC-IN-DONE ep=0x81 len=16 status=0 actual=16
	0000  08 00 00 18 ed 03 80 10  00 56 00 10 ae 02 00 00 |.........V......|
[2091] +67.461493 ASYNC-IN-SUBMIT ep=0x81 len=0 type=BULK (in, awaiting data)
[2092] +67.480733 ASYNC-OUT ep=0x01 len=16 type=BULK 
	0000  08 00 00 18 02 10 f0 03  00 3f 00 10 1e 10 00 00 |.........?......|
[2093] +67.481006 ASYNC-OUT-DONE ep=0x01 len=0 status=0 actual=16
[2094] +67.572018 ASYNC-IN-DONE ep=0x81 len=0 status=2 actual=0
[2095] +67.572101 ASYNC-IN-SUBMIT ep=0x81 len=0 type=BULK (in, awaiting data)
[2096] +67.584842 ASYNC-OUT ep=0x01 len=16 type=BULK 
	0000  08 00 00 18 01 10 ef 03  00 78 00 10 14 1f 00 00 |.........x......|
[2097] +67.585102 ASYNC-OUT-DONE ep=0x01 len=0 status=0 actual=16
[2098] +67.662230 ASYNC-IN-DONE ep=0x81 len=16 status=0 actual=16
	0000  08 00 00 18 ef 03 01 10  00 6b 00 10 d2 22 00 00 |.........k..."..|
[2099] +67.662373 ASYNC-IN-SUBMIT ep=0x81 len=0 type=BULK (in, awaiting data)
[2100] +67.768782 ASYNC-IN-DONE ep=0x81 len=0 status=2 actual=0
[2101] +67.768855 ASYNC-IN-SUBMIT ep=0x81 len=0 type=BULK (in, awaiting data)
[2102] +67.869324 ASYNC-IN-DONE ep=0x81 len=0 status=2 actual=0
[2103] +67.869434 ASYNC-IN-SUBMIT ep=0x81 len=0 type=BULK (in, awaiting data)
[2104] +67.979028 ASYNC-IN-DONE ep=0x81 len=0 status=2 actual=0
[2105] +67.979101 ASYNC-IN-SUBMIT ep=0x81 len=0 type=BULK (in, awaiting data)
[2106] +68.091945 ASYNC-IN-DONE ep=0x81 len=0 status=2 actual=0
[2107] +68.092031 ASYNC-IN-SUBMIT ep=0x81 len=0 type=BULK (in, awaiting data)
[2108] +68.204883 ASYNC-IN-DONE ep=0x81 len=0 status=2 actual=0
[2109] +68.204982 ASYNC-IN-SUBMIT ep=0x81 len=0 type=BULK (in, awaiting data)
[2110] +68.264244 ASYNC-IN-DONE ep=0x81 len=16 status=0 actual=16
	0000  08 00 00 18 f0 03 02 10  00 42 00 10 09 02 00 00 |.........B......|
[2111] +68.264385 ASYNC-IN-SUBMIT ep=0x81 len=0 type=BULK (in, awaiting data)
[2112] +68.364941 ASYNC-OUT ep=0x01 len=16 type=BULK 
	0000  08 00 00 18 80 10 ed 03  00 53 00 10 fd 1a 00 00 |.........S......|
[2113] +68.365232 ASYNC-OUT-DONE ep=0x01 len=0 status=0 actual=16
[2114] +68.371956 ASYNC-IN-DONE ep=0x81 len=0 status=2 actual=0
[2115] +68.372033 ASYNC-IN-SUBMIT ep=0x81 len=0 type=BULK (in, awaiting data)
[2116] +68.465042 ASYNC-IN-DONE ep=0x81 len=16 status=0 actual=16
	0000  08 00 00 18 ed 03 80 10  00 57 00 10 ae 02 00 00 |.........W......|
[2117] +68.465178 ASYNC-IN-SUBMIT ep=0x81 len=0 type=BULK (in, awaiting data)
[2118] +68.521086 ASYNC-OUT ep=0x01 len=16 type=BULK 
	0000  08 00 00 18 02 10 f0 03  00 40 00 10 1e 10 00 00 |.........@......|
[2119] +68.521415 ASYNC-OUT-DONE ep=0x01 len=0 status=0 actual=16
[2120] +68.574910 ASYNC-IN-DONE ep=0x81 len=0 status=2 actual=0
[2121] +68.574996 ASYNC-IN-SUBMIT ep=0x81 len=0 type=BULK (in, awaiting data)
[2122] +68.625151 ASYNC-OUT ep=0x01 len=16 type=BULK 
	0000  08 00 00 18 01 10 ef 03  00 79 00 10 14 1f 00 00 |.........y......|
[2123] +68.625402 ASYNC-OUT-DONE ep=0x01 len=0 status=0 actual=16
[2124] +68.665436 ASYNC-IN-DONE ep=0x81 len=16 status=0 actual=16
	0000  08 00 00 18 ef 03 01 10  00 6c 00 10 d2 22 00 00 |.........l..."..|
[2125] +68.665526 ASYNC-IN-SUBMIT ep=0x81 len=0 type=BULK (in, awaiting data)
[2126] +68.768793 ASYNC-IN-DONE ep=0x81 len=0 status=2 actual=0
[2127] +68.768874 ASYNC-IN-SUBMIT ep=0x81 len=0 type=BULK (in, awaiting data)
[2128] +68.881290 ASYNC-IN-DONE ep=0x81 len=0 status=2 actual=0
[2129] +68.881377 ASYNC-IN-SUBMIT ep=0x81 len=0 type=BULK (in, awaiting data)
[2130] +68.990438 ASYNC-IN-DONE ep=0x81 len=0 status=2 actual=0
[2131] +68.990518 ASYNC-IN-SUBMIT ep=0x81 len=0 type=BULK (in, awaiting data)
[2132] +69.103324 ASYNC-IN-DONE ep=0x81 len=0 status=2 actual=0
[2133] +69.103415 ASYNC-IN-SUBMIT ep=0x81 len=0 type=BULK (in, awaiting data)
[2134] +69.212668 ASYNC-IN-DONE ep=0x81 len=0 status=2 actual=0
[2135] +69.212770 ASYNC-IN-SUBMIT ep=0x81 len=0 type=BULK (in, awaiting data)
[2136] +69.267479 ASYNC-IN-DONE ep=0x81 len=16 status=0 actual=16
	0000  08 00 00 18 f0 03 02 10  00 43 00 10 09 02 00 00 |.........C......|
[2137] +69.267614 ASYNC-IN-SUBMIT ep=0x81 len=0 type=BULK (in, awaiting data)
[2138] +69.377837 ASYNC-IN-DONE ep=0x81 len=0 status=2 actual=0
[2139] +69.377930 ASYNC-IN-SUBMIT ep=0x81 len=0 type=BULK (in, awaiting data)
[2140] +69.402500 ASYNC-OUT ep=0x01 len=16 type=BULK 
	0000  08 00 00 18 80 10 ed 03  00 54 00 10 fd 1a 00 00 |.........T......|
[2141] +69.402763 ASYNC-OUT-DONE ep=0x01 len=0 status=0 actual=16
[2142] +69.467998 ASYNC-IN-DONE ep=0x81 len=16 status=0 actual=16
	0000  08 00 00 18 ed 03 80 10  00 58 00 10 ae 02 00 00 |.........X......|
[2143] +69.468114 ASYNC-IN-SUBMIT ep=0x81 len=0 type=BULK (in, awaiting data)
[2144] +69.558749 ASYNC-OUT ep=0x01 len=16 type=BULK 
	0000  08 00 00 18 02 10 f0 03  00 41 00 10 1e 10 00 00 |.........A......|
[2145] +69.559118 ASYNC-OUT-DONE ep=0x01 len=0 status=0 actual=16
[2146] +69.580938 ASYNC-IN-DONE ep=0x81 len=0 status=2 actual=0
[2147] +69.581031 ASYNC-IN-SUBMIT ep=0x81 len=0 type=BULK (in, awaiting data)
[2148] +69.662814 ASYNC-OUT ep=0x01 len=16 type=BULK 
	0000  08 00 00 18 01 10 ef 03  00 7a 00 10 14 1f 00 00 |.........z......|
[2149] +69.663124 ASYNC-OUT-DONE ep=0x01 len=0 status=0 actual=16
[2150] +69.669007 ASYNC-IN-DONE ep=0x81 len=16 status=0 actual=16
	0000  08 00 00 18 ef 03 01 10  00 6d 00 10 d2 22 00 00 |.........m..."..|
[2151] +69.669113 ASYNC-IN-SUBMIT ep=0x81 len=0 type=BULK (in, awaiting data)
[2152] +69.774029 ASYNC-IN-DONE ep=0x81 len=0 status=2 actual=0
[2153] +69.774096 ASYNC-IN-SUBMIT ep=0x81 len=0 type=BULK (in, awaiting data)
[2154] +69.881857 ASYNC-IN-DONE ep=0x81 len=0 status=2 actual=0
[2155] +69.881971 ASYNC-IN-SUBMIT ep=0x81 len=0 type=BULK (in, awaiting data)
[2156] +69.987552 ASYNC-IN-DONE ep=0x81 len=0 status=2 actual=0
[2157] +69.987652 ASYNC-IN-SUBMIT ep=0x81 len=0 type=BULK (in, awaiting data)
[2158] +70.100508 ASYNC-IN-DONE ep=0x81 len=0 status=2 actual=0
[2159] +70.100610 ASYNC-IN-SUBMIT ep=0x81 len=0 type=BULK (in, awaiting data)
[2160] +70.209896 ASYNC-IN-DONE ep=0x81 len=0 status=2 actual=0
[2161] +70.209960 ASYNC-IN-SUBMIT ep=0x81 len=0 type=BULK (in, awaiting data)
[2162] +70.271030 ASYNC-IN-DONE ep=0x81 len=16 status=0 actual=16
	0000  08 00 00 18 f0 03 02 10  00 44 00 10 09 02 00 00 |.........D......|
[2163] +70.271161 ASYNC-IN-SUBMIT ep=0x81 len=0 type=BULK (in, awaiting data)
[2164] +70.372049 ASYNC-IN-DONE ep=0x81 len=0 status=2 actual=0
[2165] +70.372075 ASYNC-IN-SUBMIT ep=0x81 len=0 type=BULK (in, awaiting data)
[2166] +70.443993 ASYNC-OUT ep=0x01 len=16 type=BULK 
	0000  08 00 00 18 80 10 ed 03  00 55 00 10 fd 1a 00 00 |.........U......|
[2167] +70.444390 ASYNC-OUT-DONE ep=0x01 len=0 status=0 actual=16
[2168] +70.472209 ASYNC-IN-DONE ep=0x81 len=16 status=0 actual=16
	0000  08 00 00 18 ed 03 80 10  00 59 00 10 ae 02 00 00 |.........Y......|
[2169] +70.472250 ASYNC-IN-SUBMIT ep=0x81 len=0 type=BULK (in, awaiting data)
[2170] +70.585060 ASYNC-IN-DONE ep=0x81 len=0 status=2 actual=0
[2171] +70.585106 ASYNC-IN-SUBMIT ep=0x81 len=0 type=BULK (in, awaiting data)
[2172] +70.600129 ASYNC-OUT ep=0x01 len=16 type=BULK 
	0000  08 00 00 18 02 10 f0 03  00 42 00 10 1e 10 00 00 |.........B......|
[2173] +70.600389 ASYNC-OUT-DONE ep=0x01 len=0 status=0 actual=16
[2174] +70.672492 ASYNC-IN-DONE ep=0x81 len=16 status=0 actual=16
	0000  08 00 00 18 ef 03 01 10  00 6e 00 10 d2 22 00 00 |.........n..."..|
[2175] +70.672531 ASYNC-IN-SUBMIT ep=0x81 len=0 type=BULK (in, awaiting data)
[2176] +70.704119 ASYNC-OUT ep=0x01 len=16 type=BULK 
	0000  08 00 00 18 01 10 ef 03  00 7b 00 10 14 1f 00 00 |.........{......|
[2177] +70.704439 ASYNC-OUT-DONE ep=0x01 len=0 status=0 actual=16
[2178] +70.775267 ASYNC-IN-DONE ep=0x81 len=0 status=2 actual=0
[2179] +70.775348 ASYNC-IN-SUBMIT ep=0x81 len=0 type=BULK (in, awaiting data)
[2180] +70.887125 ASYNC-IN-DONE ep=0x81 len=0 status=2 actual=0
[2181] +70.887245 ASYNC-IN-SUBMIT ep=0x81 len=0 type=BULK (in, awaiting data)
[2182] +70.996390 ASYNC-IN-DONE ep=0x81 len=0 status=2 actual=0
[2183] +70.996502 ASYNC-IN-SUBMIT ep=0x81 len=0 type=BULK (in, awaiting data)
[2184] +71.109338 ASYNC-IN-DONE ep=0x81 len=0 status=2 actual=0
[2185] +71.109444 ASYNC-IN-SUBMIT ep=0x81 len=0 type=BULK (in, awaiting data)
[2186] +71.222224 ASYNC-IN-DONE ep=0x81 len=0 status=2 actual=0
[2187] +71.222307 ASYNC-IN-SUBMIT ep=0x81 len=0 type=BULK (in, awaiting data)
[2188] +71.274304 ASYNC-IN-DONE ep=0x81 len=16 status=0 actual=16
	0000  08 00 00 18 f0 03 02 10  00 45 00 10 09 02 00 00 |.........E......|
[2189] +71.274418 ASYNC-IN-SUBMIT ep=0x81 len=0 type=BULK (in, awaiting data)
[2190] +71.378707 ASYNC-IN-DONE ep=0x81 len=0 status=2 actual=0
[2191] +71.378813 ASYNC-IN-SUBMIT ep=0x81 len=0 type=BULK (in, awaiting data)
[2192] +71.475122 ASYNC-IN-DONE ep=0x81 len=16 status=0 actual=16
	0000  08 00 00 18 ed 03 80 10  00 5a 00 10 ae 02 00 00 |.........Z......|
[2193] +71.475226 ASYNC-IN-SUBMIT ep=0x81 len=0 type=BULK (in, awaiting data)
[2194] +71.482267 ASYNC-OUT ep=0x01 len=16 type=BULK 
	0000  08 00 00 18 80 10 ed 03  00 56 00 10 fd 1a 00 00 |.........V......|
[2195] +71.482484 ASYNC-OUT-DONE ep=0x01 len=0 status=0 actual=16
[2196] +71.588024 ASYNC-IN-DONE ep=0x81 len=0 status=2 actual=0
[2197] +71.588122 ASYNC-IN-SUBMIT ep=0x81 len=0 type=BULK (in, awaiting data)
[2198] +71.638436 ASYNC-OUT ep=0x01 len=16 type=BULK 
	0000  08 00 00 18 02 10 f0 03  00 43 00 10 1e 10 00 00 |.........C......|
[2199] +71.638763 ASYNC-OUT-DONE ep=0x01 len=0 status=0 actual=16
[2200] +71.675524 ASYNC-IN-DONE ep=0x81 len=16 status=0 actual=16
	0000  08 00 00 18 ef 03 01 10  00 6f 00 10 d2 22 00 00 |.........o..."..|
[2201] +71.675626 ASYNC-IN-SUBMIT ep=0x81 len=0 type=BULK (in, awaiting data)
[2202] +71.741551 ASYNC-OUT ep=0x01 len=16 type=BULK 
	0000  08 00 00 18 01 10 ef 03  00 7c 00 10 14 1f 00 00 |.........|......|
[2203] +71.741912 ASYNC-OUT-DONE ep=0x01 len=0 status=0 actual=16
[2204] +71.788416 ASYNC-IN-DONE ep=0x81 len=0 status=2 actual=0
[2205] +71.788513 ASYNC-IN-SUBMIT ep=0x81 len=0 type=BULK (in, awaiting data)
[2206] +71.897859 ASYNC-IN-DONE ep=0x81 len=0 status=2 actual=0
[2207] +71.897979 ASYNC-IN-SUBMIT ep=0x81 len=0 type=BULK (in, awaiting data)
[2208] +72.008637 ASYNC-IN-DONE ep=0x81 len=0 status=2 actual=0
[2209] +72.008729 ASYNC-IN-SUBMIT ep=0x81 len=0 type=BULK (in, awaiting data)
[2210] +72.121374 ASYNC-IN-DONE ep=0x81 len=0 status=2 actual=0
[2211] +72.121417 ASYNC-IN-SUBMIT ep=0x81 len=0 type=BULK (in, awaiting data)
[2212] +72.221745 ASYNC-IN-DONE ep=0x81 len=0 status=2 actual=0
[2213] +72.221828 ASYNC-IN-SUBMIT ep=0x81 len=0 type=BULK (in, awaiting data)
[2214] +72.277478 ASYNC-IN-DONE ep=0x81 len=16 status=0 actual=16
	0000  08 00 00 18 f0 03 02 10  00 46 00 10 09 02 00 00 |.........F......|
[2215] +72.277600 ASYNC-IN-SUBMIT ep=0x81 len=0 type=BULK (in, awaiting data)
[2216] +72.386086 ASYNC-IN-DONE ep=0x81 len=0 status=2 actual=0
[2217] +72.386166 ASYNC-IN-SUBMIT ep=0x81 len=0 type=BULK (in, awaiting data)
[2218] +72.478222 ASYNC-IN-DONE ep=0x81 len=16 status=0 actual=16
	0000  08 00 00 18 ed 03 80 10  00 5b 00 10 ae 02 00 00 |.........[......|
[2219] +72.478346 ASYNC-IN-SUBMIT ep=0x81 len=0 type=BULK (in, awaiting data)
[2220] +72.519720 ASYNC-OUT ep=0x01 len=16 type=BULK 
	0000  08 00 00 18 80 10 ed 03  00 57 00 10 fd 1a 00 00 |.........W......|
[2221] +72.520035 ASYNC-OUT-DONE ep=0x01 len=0 status=0 actual=16
[2222] +72.589058 ASYNC-IN-DONE ep=0x81 len=0 status=2 actual=0
[2223] +72.589122 ASYNC-IN-SUBMIT ep=0x81 len=0 type=BULK (in, awaiting data)
[2224] +72.675130 ASYNC-OUT ep=0x01 len=16 type=BULK 
	0000  08 00 00 18 02 10 f0 03  00 44 00 10 1e 10 00 00 |.........D......|
[2225] +72.675423 ASYNC-OUT-DONE ep=0x01 len=0 status=0 actual=16
[2226] +72.678946 ASYNC-IN-DONE ep=0x81 len=16 status=0 actual=16
	0000  08 00 00 18 ef 03 01 10  00 70 00 10 d2 22 00 00 |.........p..."..|
[2227] +72.679026 ASYNC-IN-SUBMIT ep=0x81 len=0 type=BULK (in, awaiting data)
[2228] +72.778835 ASYNC-OUT ep=0x01 len=16 type=BULK 
	0000  08 00 00 18 01 10 ef 03  00 7d 00 10 14 1f 00 00 |.........}......|
[2229] +72.779157 ASYNC-OUT-DONE ep=0x01 len=0 status=0 actual=16
[2230] +72.791845 ASYNC-IN-DONE ep=0x81 len=0 status=2 actual=0
[2231] +72.791908 ASYNC-IN-SUBMIT ep=0x81 len=0 type=BULK (in, awaiting data)
[2232] +72.894848 ASYNC-IN-DONE ep=0x81 len=0 status=2 actual=0
[2233] +72.894942 ASYNC-IN-SUBMIT ep=0x81 len=0 type=BULK (in, awaiting data)
[2234] +73.001839 ASYNC-IN-DONE ep=0x81 len=0 status=2 actual=0
[2235] +73.001941 ASYNC-IN-SUBMIT ep=0x81 len=0 type=BULK (in, awaiting data)
[2236] +73.104039 ASYNC-IN-DONE ep=0x81 len=0 status=2 actual=0
[2237] +73.104129 ASYNC-IN-SUBMIT ep=0x81 len=0 type=BULK (in, awaiting data)
[2238] +73.212604 ASYNC-IN-DONE ep=0x81 len=0 status=2 actual=0
[2239] +73.212709 ASYNC-IN-SUBMIT ep=0x81 len=0 type=BULK (in, awaiting data)
[2240] +73.280936 ASYNC-IN-DONE ep=0x81 len=16 status=0 actual=16
	0000  08 00 00 18 f0 03 02 10  00 47 00 10 09 02 00 00 |.........G......|
[2241] +73.281033 ASYNC-IN-SUBMIT ep=0x81 len=0 type=BULK (in, awaiting data)
[2242] +73.392798 ASYNC-IN-DONE ep=0x81 len=0 status=2 actual=0
[2243] +73.392891 ASYNC-IN-SUBMIT ep=0x81 len=0 type=BULK (in, awaiting data)
[2244] +73.481480 ASYNC-IN-DONE ep=0x81 len=16 status=0 actual=16
	0000  08 00 00 18 ed 03 80 10  00 5c 00 10 ae 02 00 00 |.........\......|
[2245] +73.481616 ASYNC-IN-SUBMIT ep=0x81 len=0 type=BULK (in, awaiting data)
[2246] +73.557110 ASYNC-OUT ep=0x01 len=16 type=BULK 
	0000  08 00 00 18 80 10 ed 03  00 58 00 10 fd 1a 00 00 |.........X......|
[2247] +73.557438 ASYNC-OUT-DONE ep=0x01 len=0 status=0 actual=16
[2248] +73.583243 ASYNC-IN-DONE ep=0x81 len=0 status=2 actual=0
[2249] +73.583310 ASYNC-IN-SUBMIT ep=0x81 len=0 type=BULK (in, awaiting data)
[2250] +73.681882 ASYNC-IN-DONE ep=0x81 len=16 status=0 actual=16
	0000  08 00 00 18 ef 03 01 10  00 71 00 10 d2 22 00 00 |.........q..."..|
[2251] +73.682006 ASYNC-IN-SUBMIT ep=0x81 len=0 type=BULK (in, awaiting data)
[2252] +73.711892 ASYNC-OUT ep=0x01 len=16 type=BULK 
	0000  08 00 00 18 02 10 f0 03  00 45 00 10 1e 10 00 00 |.........E......|
[2253] +73.712225 ASYNC-OUT-DONE ep=0x01 len=0 status=0 actual=16
[2254] +73.790118 ASYNC-IN-DONE ep=0x81 len=0 status=2 actual=0
[2255] +73.790199 ASYNC-IN-SUBMIT ep=0x81 len=0 type=BULK (in, awaiting data)
[2256] +73.816015 ASYNC-OUT ep=0x01 len=16 type=BULK 
	0000  08 00 00 18 01 10 ef 03  00 7e 00 10 14 1f 00 00 |.........~......|
[2257] +73.816360 ASYNC-OUT-DONE ep=0x01 len=0 status=0 actual=16
[2258] +73.901136 ASYNC-IN-DONE ep=0x81 len=0 status=2 actual=0
[2259] +73.901233 ASYNC-IN-SUBMIT ep=0x81 len=0 type=BULK (in, awaiting data)
[2260] +74.012140 ASYNC-IN-DONE ep=0x81 len=0 status=2 actual=0
[2261] +74.012214 ASYNC-IN-SUBMIT ep=0x81 len=0 type=BULK (in, awaiting data)
[2262] +74.125015 ASYNC-IN-DONE ep=0x81 len=0 status=2 actual=0
[2263] +74.125113 ASYNC-IN-SUBMIT ep=0x81 len=0 type=BULK (in, awaiting data)
[2264] +74.237938 ASYNC-IN-DONE ep=0x81 len=0 status=2 actual=0
[2265] +74.238022 ASYNC-IN-SUBMIT ep=0x81 len=0 type=BULK (in, awaiting data)
[2266] +74.284140 ASYNC-IN-DONE ep=0x81 len=16 status=0 actual=16
	0000  08 00 00 18 f0 03 02 10  00 48 00 10 09 02 00 00 |.........H......|
[2267] +74.284241 ASYNC-IN-SUBMIT ep=0x81 len=0 type=BULK (in, awaiting data)
[2268] +74.397038 ASYNC-IN-DONE ep=0x81 len=0 status=2 actual=0
[2269] +74.397134 ASYNC-IN-SUBMIT ep=0x81 len=0 type=BULK (in, awaiting data)
[2270] +74.484976 ASYNC-IN-DONE ep=0x81 len=16 status=0 actual=16
	0000  08 00 00 18 ed 03 80 10  00 5d 00 10 ae 02 00 00 |.........]......|
[2271] +74.485080 ASYNC-IN-SUBMIT ep=0x81 len=0 type=BULK (in, awaiting data)
[2272] +74.588084 ASYNC-IN-DONE ep=0x81 len=0 status=2 actual=0
[2273] +74.588168 ASYNC-IN-SUBMIT ep=0x81 len=0 type=BULK (in, awaiting data)
[2274] +74.595200 ASYNC-OUT ep=0x01 len=16 type=BULK 
	0000  08 00 00 18 80 10 ed 03  00 59 00 10 fd 1a 00 00 |.........Y......|
[2275] +74.595449 ASYNC-OUT-DONE ep=0x01 len=0 status=0 actual=16
[2276] +74.685666 ASYNC-IN-DONE ep=0x81 len=16 status=0 actual=16
	0000  08 00 00 18 ef 03 01 10  00 72 00 10 d2 22 00 00 |.........r..."..|
[2277] +74.685797 ASYNC-IN-SUBMIT ep=0x81 len=0 type=BULK (in, awaiting data)
[2278] +74.750564 ASYNC-OUT ep=0x01 len=16 type=BULK 
	0000  08 00 00 18 02 10 f0 03  00 46 00 10 1e 10 00 00 |.........F......|
[2279] +74.750904 ASYNC-OUT-DONE ep=0x01 len=0 status=0 actual=16
[2280] +74.796992 ASYNC-IN-DONE ep=0x81 len=0 status=2 actual=0
[2281] +74.797080 ASYNC-IN-SUBMIT ep=0x81 len=0 type=BULK (in, awaiting data)
[2282] +74.854645 ASYNC-OUT ep=0x01 len=16 type=BULK 
	0000  08 00 00 18 01 10 ef 03  00 7f 00 10 14 1f 00 00 |................|
[2283] +74.854969 ASYNC-OUT-DONE ep=0x01 len=0 status=0 actual=16
[2284] +74.907706 ASYNC-IN-DONE ep=0x81 len=0 status=2 actual=0
[2285] +74.907795 ASYNC-IN-SUBMIT ep=0x81 len=0 type=BULK (in, awaiting data)
[2286] +75.017941 ASYNC-IN-DONE ep=0x81 len=0 status=2 actual=0
[2287] +75.018017 ASYNC-IN-SUBMIT ep=0x81 len=0 type=BULK (in, awaiting data)
[2288] +75.130822 ASYNC-IN-DONE ep=0x81 len=0 status=2 actual=0
[2289] +75.130921 ASYNC-IN-SUBMIT ep=0x81 len=0 type=BULK (in, awaiting data)
[2290] +75.232765 ASYNC-IN-DONE ep=0x81 len=0 status=2 actual=0
[2291] +75.232856 ASYNC-IN-SUBMIT ep=0x81 len=0 type=BULK (in, awaiting data)
[2292] +75.287655 ASYNC-IN-DONE ep=0x81 len=16 status=0 actual=16
	0000  08 00 00 18 f0 03 02 10  00 49 00 10 09 02 00 00 |.........I......|
[2293] +75.287791 ASYNC-IN-SUBMIT ep=0x81 len=0 type=BULK (in, awaiting data)
[2294] +75.396962 ASYNC-IN-DONE ep=0x81 len=0 status=2 actual=0
[2295] +75.397056 ASYNC-IN-SUBMIT ep=0x81 len=0 type=BULK (in, awaiting data)
[2296] +75.488016 ASYNC-IN-DONE ep=0x81 len=16 status=0 actual=16
	0000  08 00 00 18 ed 03 80 10  00 5e 00 10 ae 02 00 00 |.........^......|
[2297] +75.488122 ASYNC-IN-SUBMIT ep=0x81 len=0 type=BULK (in, awaiting data)
[2298] +75.600953 ASYNC-IN-DONE ep=0x81 len=0 status=2 actual=0
[2299] +75.601045 ASYNC-IN-SUBMIT ep=0x81 len=0 type=BULK (in, awaiting data)
[2300] +75.633714 ASYNC-OUT ep=0x01 len=16 type=BULK 
	0000  08 00 00 18 80 10 ed 03  00 5a 00 10 fd 1a 00 00 |.........Z......|
[2301] +75.633975 ASYNC-OUT-DONE ep=0x01 len=0 status=0 actual=16
[2302] +75.688820 ASYNC-IN-DONE ep=0x81 len=16 status=0 actual=16
	0000  08 00 00 18 ef 03 01 10  00 73 00 10 d2 22 00 00 |.........s..."..|
[2303] +75.688939 ASYNC-IN-SUBMIT ep=0x81 len=0 type=BULK (in, awaiting data)
[2304] +75.789806 ASYNC-OUT ep=0x01 len=16 type=BULK 
	0000  08 00 00 18 02 10 f0 03  00 47 00 10 1e 10 00 00 |.........G......|
[2305] +75.790145 ASYNC-OUT-DONE ep=0x01 len=0 status=0 actual=16
[2306] +75.797948 ASYNC-IN-DONE ep=0x81 len=0 status=2 actual=0
[2307] +75.798043 ASYNC-IN-SUBMIT ep=0x81 len=0 type=BULK (in, awaiting data)
[2308] +75.893721 ASYNC-OUT ep=0x01 len=16 type=BULK 
	0000  08 00 00 18 01 10 ef 03  00 80 00 10 14 1f 00 00 |................|
[2309] +75.894053 ASYNC-OUT-DONE ep=0x01 len=0 status=0 actual=16
[2310] +75.905257 ASYNC-IN-DONE ep=0x81 len=0 status=2 actual=0
[2311] +75.905345 ASYNC-IN-SUBMIT ep=0x81 len=0 type=BULK (in, awaiting data)
[2312] +76.017790 ASYNC-IN-DONE ep=0x81 len=0 status=2 actual=0
[2313] +76.017869 ASYNC-IN-SUBMIT ep=0x81 len=0 type=BULK (in, awaiting data)
[2314] +76.127458 ASYNC-IN-DONE ep=0x81 len=0 status=2 actual=0
[2315] +76.127538 ASYNC-IN-SUBMIT ep=0x81 len=0 type=BULK (in, awaiting data)
[2316] +76.238639 ASYNC-IN-DONE ep=0x81 len=0 status=2 actual=0
[2317] +76.238733 ASYNC-IN-SUBMIT ep=0x81 len=0 type=BULK (in, awaiting data)
[2318] +76.290848 ASYNC-IN-DONE ep=0x81 len=16 status=0 actual=16
	0000  08 00 00 18 f0 03 02 10  00 4a 00 10 09 02 00 00 |.........J......|
[2319] +76.290983 ASYNC-IN-SUBMIT ep=0x81 len=0 type=BULK (in, awaiting data)
[2320] +76.392429 ASYNC-IN-DONE ep=0x81 len=0 status=2 actual=0
[2321] +76.392530 ASYNC-IN-SUBMIT ep=0x81 len=0 type=BULK (in, awaiting data)
[2322] +76.491246 ASYNC-IN-DONE ep=0x81 len=16 status=0 actual=16
	0000  08 00 00 18 ed 03 80 10  00 5f 00 10 ae 02 00 00 |........._......|
[2323] +76.491387 ASYNC-IN-SUBMIT ep=0x81 len=0 type=BULK (in, awaiting data)
[2324] +76.594366 ASYNC-IN-DONE ep=0x81 len=0 status=2 actual=0
[2325] +76.594452 ASYNC-IN-SUBMIT ep=0x81 len=0 type=BULK (in, awaiting data)
[2326] +76.671797 ASYNC-OUT ep=0x01 len=16 type=BULK 
	0000  08 00 00 18 80 10 ed 03  00 5b 00 10 fd 1a 00 00 |.........[......|
[2327] +76.672125 ASYNC-OUT-DONE ep=0x01 len=0 status=0 actual=16
[2328] +76.691941 ASYNC-IN-DONE ep=0x81 len=16 status=0 actual=16
	0000  08 00 00 18 ef 03 01 10  00 74 00 10 d2 22 00 00 |.........t..."..|
[2329] +76.692053 ASYNC-IN-SUBMIT ep=0x81 len=0 type=BULK (in, awaiting data)
[2330] +76.801705 ASYNC-IN-DONE ep=0x81 len=0 status=2 actual=0
[2331] +76.801796 ASYNC-IN-SUBMIT ep=0x81 len=0 type=BULK (in, awaiting data)
[2332] +76.827594 ASYNC-OUT ep=0x01 len=16 type=BULK 
	0000  08 00 00 18 02 10 f0 03  00 48 00 10 1e 10 00 00 |.........H......|
[2333] +76.827936 ASYNC-OUT-DONE ep=0x01 len=0 status=0 actual=16
[2334] +76.904686 ASYNC-IN-DONE ep=0x81 len=0 status=2 actual=0
[2335] +76.904768 ASYNC-IN-SUBMIT ep=0x81 len=0 type=BULK (in, awaiting data)
[2336] +76.931719 ASYNC-OUT ep=0x01 len=16 type=BULK 
	0000  08 00 00 18 01 10 ef 03  00 81 00 10 14 1f 00 00 |................|
[2337] +76.932039 ASYNC-OUT-DONE ep=0x01 len=0 status=0 actual=16
[2338] +77.014042 ASYNC-IN-DONE ep=0x81 len=0 status=2 actual=0
[2339] +77.014126 ASYNC-IN-SUBMIT ep=0x81 len=0 type=BULK (in, awaiting data)
[2340] +77.126953 ASYNC-IN-DONE ep=0x81 len=0 status=2 actual=0
[2341] +77.127033 ASYNC-IN-SUBMIT ep=0x81 len=0 type=BULK (in, awaiting data)
[2342] +77.238641 ASYNC-IN-DONE ep=0x81 len=0 status=2 actual=0
[2343] +77.238723 ASYNC-IN-SUBMIT ep=0x81 len=0 type=BULK (in, awaiting data)
[2344] +77.294065 ASYNC-IN-DONE ep=0x81 len=16 status=0 actual=16
	0000  08 00 00 18 f0 03 02 10  00 4b 00 10 09 02 00 00 |.........K......|
[2345] +77.294173 ASYNC-IN-SUBMIT ep=0x81 len=0 type=BULK (in, awaiting data)
[2346] +77.398351 ASYNC-IN-DONE ep=0x81 len=0 status=2 actual=0
[2347] +77.398431 ASYNC-IN-SUBMIT ep=0x81 len=0 type=BULK (in, awaiting data)
[2348] +77.494909 ASYNC-IN-DONE ep=0x81 len=16 status=0 actual=16
	0000  08 00 00 18 ed 03 80 10  00 60 00 10 ae 02 00 00 |.........`......|
[2349] +77.495021 ASYNC-IN-SUBMIT ep=0x81 len=0 type=BULK (in, awaiting data)
[2350] +77.607103 ASYNC-IN-DONE ep=0x81 len=0 status=2 actual=0
[2351] +77.607182 ASYNC-IN-SUBMIT ep=0x81 len=0 type=BULK (in, awaiting data)
[2352] +77.695646 ASYNC-IN-DONE ep=0x81 len=16 status=0 actual=16
	0000  08 00 00 18 ef 03 01 10  00 75 00 10 d2 22 00 00 |.........u..."..|
[2353] +77.695781 ASYNC-IN-SUBMIT ep=0x81 len=0 type=BULK (in, awaiting data)
[2354] +77.711058 ASYNC-OUT ep=0x01 len=16 type=BULK 
	0000  08 00 00 18 80 10 ed 03  00 5c 00 10 fd 1a 00 00 |.........\......|
[2355] +77.711345 ASYNC-OUT-DONE ep=0x01 len=0 status=0 actual=16
[2356] +77.796442 ASYNC-IN-DONE ep=0x81 len=0 status=2 actual=0
[2357] +77.796499 ASYNC-IN-SUBMIT ep=0x81 len=0 type=BULK (in, awaiting data)
[2358] +77.867258 ASYNC-OUT ep=0x01 len=16 type=BULK 
	0000  08 00 00 18 02 10 f0 03  00 49 00 10 1e 10 00 00 |.........I......|
[2359] +77.867613 ASYNC-OUT-DONE ep=0x01 len=0 status=0 actual=16
[2360] +77.906819 ASYNC-IN-DONE ep=0x81 len=0 status=2 actual=0
[2361] +77.906896 ASYNC-IN-SUBMIT ep=0x81 len=0 type=BULK (in, awaiting data)
[2362] +77.971444 ASYNC-OUT ep=0x01 len=16 type=BULK 
	0000  08 00 00 18 01 10 ef 03  00 82 00 10 14 1f 00 00 |................|
[2363] +77.972060 ASYNC-OUT-DONE ep=0x01 len=0 status=0 actual=16
[2364] +78.017784 ASYNC-IN-DONE ep=0x81 len=0 status=2 actual=0
[2365] +78.017878 ASYNC-IN-SUBMIT ep=0x81 len=0 type=BULK (in, awaiting data)
[2366] +78.129625 ASYNC-IN-DONE ep=0x81 len=0 status=2 actual=0
[2367] +78.129713 ASYNC-IN-SUBMIT ep=0x81 len=0 type=BULK (in, awaiting data)
[2368] +78.242554 ASYNC-IN-DONE ep=0x81 len=0 status=2 actual=0
[2369] +78.242611 ASYNC-IN-SUBMIT ep=0x81 len=0 type=BULK (in, awaiting data)
[2370] +78.297594 ASYNC-IN-DONE ep=0x81 len=16 status=0 actual=16
	0000  08 00 00 18 f0 03 02 10  00 4c 00 10 09 02 00 00 |.........L......|
[2371] +78.297651 ASYNC-IN-SUBMIT ep=0x81 len=0 type=BULK (in, awaiting data)
[2372] +78.404278 ASYNC-IN-DONE ep=0x81 len=0 status=2 actual=0
[2373] +78.404352 ASYNC-IN-SUBMIT ep=0x81 len=0 type=BULK (in, awaiting data)
[2374] +78.498743 ASYNC-IN-DONE ep=0x81 len=16 status=0 actual=16
	0000  08 00 00 18 ed 03 80 10  00 61 00 10 ae 02 00 00 |.........a......|
[2375] +78.498846 ASYNC-IN-SUBMIT ep=0x81 len=0 type=BULK (in, awaiting data)
[2376] +78.609452 ASYNC-IN-DONE ep=0x81 len=0 status=2 actual=0
[2377] +78.609529 ASYNC-IN-SUBMIT ep=0x81 len=0 type=BULK (in, awaiting data)
[2378] +78.699157 ASYNC-IN-DONE ep=0x81 len=16 status=0 actual=16
	0000  08 00 00 18 ef 03 01 10  00 76 00 10 d2 22 00 00 |.........v..."..|
[2379] +78.699279 ASYNC-IN-SUBMIT ep=0x81 len=0 type=BULK (in, awaiting data)
[2380] +78.749913 ASYNC-OUT ep=0x01 len=16 type=BULK 
	0000  08 00 00 18 80 10 ed 03  00 5d 00 10 fd 1a 00 00 |.........]......|
[2381] +78.750253 ASYNC-OUT-DONE ep=0x01 len=0 status=0 actual=16
[2382] +78.812097 ASYNC-IN-DONE ep=0x81 len=0 status=2 actual=0
[2383] +78.812183 ASYNC-IN-SUBMIT ep=0x81 len=0 type=BULK (in, awaiting data)
[2384] +78.904633 ASYNC-OUT ep=0x01 len=16 type=BULK 
	0000  08 00 00 18 02 10 f0 03  00 4a 00 10 1e 10 00 00 |.........J......|
[2385] +78.904991 ASYNC-OUT-DONE ep=0x01 len=0 status=0 actual=16
[2386] +78.916389 ASYNC-IN-DONE ep=0x81 len=0 status=2 actual=0
[2387] +78.916465 ASYNC-IN-SUBMIT ep=0x81 len=0 type=BULK (in, awaiting data)
[2388] +79.008709 ASYNC-OUT ep=0x01 len=16 type=BULK 
	0000  08 00 00 18 01 10 ef 03  00 83 00 10 14 1f 00 00 |................|
[2389] +79.009029 ASYNC-OUT-DONE ep=0x01 len=0 status=0 actual=16
[2390] +79.027109 ASYNC-IN-DONE ep=0x81 len=0 status=2 actual=0
[2391] +79.027190 ASYNC-IN-SUBMIT ep=0x81 len=0 type=BULK (in, awaiting data)
[2392] +79.139595 ASYNC-IN-DONE ep=0x81 len=0 status=2 actual=0
[2393] +79.139676 ASYNC-IN-SUBMIT ep=0x81 len=0 type=BULK (in, awaiting data)
[2394] +79.252544 ASYNC-IN-DONE ep=0x81 len=0 status=2 actual=0
[2395] +79.252615 ASYNC-IN-SUBMIT ep=0x81 len=0 type=BULK (in, awaiting data)
[2396] +79.300737 ASYNC-IN-DONE ep=0x81 len=16 status=0 actual=16
	0000  08 00 00 18 f0 03 02 10  00 4d 00 10 09 02 00 00 |.........M......|
[2397] +79.300837 ASYNC-IN-SUBMIT ep=0x81 len=0 type=BULK (in, awaiting data)
[2398] +79.410096 ASYNC-IN-DONE ep=0x81 len=0 status=2 actual=0
[2399] +79.410170 ASYNC-IN-SUBMIT ep=0x81 len=0 type=BULK (in, awaiting data)
[2400] +79.501903 ASYNC-IN-DONE ep=0x81 len=16 status=0 actual=16
	0000  08 00 00 18 ed 03 80 10  00 62 00 10 ae 02 00 00 |.........b......|
[2401] +79.502031 ASYNC-IN-SUBMIT ep=0x81 len=0 type=BULK (in, awaiting data)
[2402] +79.604769 ASYNC-IN-DONE ep=0x81 len=0 status=2 actual=0
[2403] +79.604859 ASYNC-IN-SUBMIT ep=0x81 len=0 type=BULK (in, awaiting data)
[2404] +79.702280 ASYNC-IN-DONE ep=0x81 len=16 status=0 actual=16
	0000  08 00 00 18 ef 03 01 10  00 77 00 10 d2 22 00 00 |.........w..."..|
[2405] +79.702418 ASYNC-IN-SUBMIT ep=0x81 len=0 type=BULK (in, awaiting data)
[2406] +79.786765 ASYNC-OUT ep=0x01 len=16 type=BULK 
	0000  08 00 00 18 80 10 ed 03  00 5e 00 10 fd 1a 00 00 |.........^......|
[2407] +79.787092 ASYNC-OUT-DONE ep=0x01 len=0 status=0 actual=16
[2408] +79.813567 ASYNC-IN-DONE ep=0x81 len=0 status=2 actual=0
[2409] +79.813619 ASYNC-IN-SUBMIT ep=0x81 len=0 type=BULK (in, awaiting data)
[2410] +79.926440 ASYNC-IN-DONE ep=0x81 len=0 status=2 actual=0
[2411] +79.926539 ASYNC-IN-SUBMIT ep=0x81 len=0 type=BULK (in, awaiting data)
[2412] +79.942883 ASYNC-OUT ep=0x01 len=16 type=BULK 
	0000  08 00 00 18 02 10 f0 03  00 4b 00 10 1e 10 00 00 |.........K......|
[2413] +79.943127 ASYNC-OUT-DONE ep=0x01 len=0 status=0 actual=16
[2414] +80.036481 ASYNC-IN-DONE ep=0x81 len=0 status=2 actual=0
[2415] +80.036569 ASYNC-IN-SUBMIT ep=0x81 len=0 type=BULK (in, awaiting data)
[2416] +80.047002 ASYNC-OUT ep=0x01 len=16 type=BULK 
	0000  08 00 00 18 01 10 ef 03  00 84 00 10 14 1f 00 00 |................|
[2417] +80.047307 ASYNC-OUT-DONE ep=0x01 len=0 status=0 actual=16
[2418] +80.137150 ASYNC-IN-DONE ep=0x81 len=0 status=2 actual=0
[2419] +80.137236 ASYNC-IN-SUBMIT ep=0x81 len=0 type=BULK (in, awaiting data)
[2420] +80.240114 ASYNC-IN-DONE ep=0x81 len=0 status=2 actual=0
[2421] +80.240212 ASYNC-IN-SUBMIT ep=0x81 len=0 type=BULK (in, awaiting data)
[2422] +80.303973 ASYNC-IN-DONE ep=0x81 len=16 status=0 actual=16
	0000  08 00 00 18 f0 03 02 10  00 4e 00 10 09 02 00 00 |.........N......|
[2423] +80.304087 ASYNC-IN-SUBMIT ep=0x81 len=0 type=BULK (in, awaiting data)
[2424] +80.416032 ASYNC-IN-DONE ep=0x81 len=0 status=2 actual=0
[2425] +80.416124 ASYNC-IN-SUBMIT ep=0x81 len=0 type=BULK (in, awaiting data)
[2426] +80.504709 ASYNC-IN-DONE ep=0x81 len=16 status=0 actual=16
	0000  08 00 00 18 ed 03 80 10  00 63 00 10 ae 02 00 00 |.........c......|
[2427] +80.504856 ASYNC-IN-SUBMIT ep=0x81 len=0 type=BULK (in, awaiting data)
[2428] +80.613588 ASYNC-IN-DONE ep=0x81 len=0 status=2 actual=0
[2429] +80.613658 ASYNC-IN-SUBMIT ep=0x81 len=0 type=BULK (in, awaiting data)
[2430] +80.705815 ASYNC-IN-DONE ep=0x81 len=16 status=0 actual=16
	0000  08 00 00 18 ef 03 01 10  00 78 00 10 d2 22 00 00 |.........x..."..|
[2431] +80.705956 ASYNC-IN-SUBMIT ep=0x81 len=0 type=BULK (in, awaiting data)
[2432] +80.807936 ASYNC-IN-DONE ep=0x81 len=0 status=2 actual=0
[2433] +80.808021 ASYNC-IN-SUBMIT ep=0x81 len=0 type=BULK (in, awaiting data)
[2434] +80.825740 ASYNC-OUT ep=0x01 len=16 type=BULK 
	0000  08 00 00 18 80 10 ed 03  00 5f 00 10 fd 1a 00 00 |........._......|
[2435] +80.826021 ASYNC-OUT-DONE ep=0x01 len=0 status=0 actual=16
[2436] +80.917786 ASYNC-IN-DONE ep=0x81 len=0 status=2 actual=0
[2437] +80.917883 ASYNC-IN-SUBMIT ep=0x81 len=0 type=BULK (in, awaiting data)
[2438] +80.981111 ASYNC-OUT ep=0x01 len=16 type=BULK 
	0000  08 00 00 18 02 10 f0 03  00 4c 00 10 1e 10 00 00 |.........L......|
[2439] +80.981449 ASYNC-OUT-DONE ep=0x01 len=0 status=0 actual=16
[2440] +81.020780 ASYNC-IN-DONE ep=0x81 len=0 status=2 actual=0
[2441] +81.020849 ASYNC-IN-SUBMIT ep=0x81 len=0 type=BULK (in, awaiting data)
[2442] +81.085214 ASYNC-OUT ep=0x01 len=16 type=BULK 
	0000  08 00 00 18 01 10 ef 03  00 85 00 10 14 1f 00 00 |................|
[2443] +81.085563 ASYNC-OUT-DONE ep=0x01 len=0 status=0 actual=16
[2444] +81.133650 ASYNC-IN-DONE ep=0x81 len=0 status=2 actual=0
[2445] +81.133744 ASYNC-IN-SUBMIT ep=0x81 len=0 type=BULK (in, awaiting data)
[2446] +81.241543 ASYNC-IN-DONE ep=0x81 len=0 status=2 actual=0
[2447] +81.241632 ASYNC-IN-SUBMIT ep=0x81 len=0 type=BULK (in, awaiting data)
[2448] +81.307499 ASYNC-IN-DONE ep=0x81 len=16 status=0 actual=16
	0000  08 00 00 18 f0 03 02 10  00 4f 00 10 09 02 00 00 |.........O......|
[2449] +81.307622 ASYNC-IN-SUBMIT ep=0x81 len=0 type=BULK (in, awaiting data)
[2450] +81.411046 ASYNC-IN-DONE ep=0x81 len=0 status=2 actual=0
[2451] +81.411128 ASYNC-IN-SUBMIT ep=0x81 len=0 type=BULK (in, awaiting data)
[2452] +81.507870 ASYNC-IN-DONE ep=0x81 len=16 status=0 actual=16
	0000  08 00 00 18 ed 03 80 10  00 64 00 10 ae 02 00 00 |.........d......|
[2453] +81.507995 ASYNC-IN-SUBMIT ep=0x81 len=0 type=BULK (in, awaiting data)
[2454] +81.618366 ASYNC-IN-DONE ep=0x81 len=0 status=2 actual=0
[2455] +81.618462 ASYNC-IN-SUBMIT ep=0x81 len=0 type=BULK (in, awaiting data)
[2456] +81.708519 ASYNC-IN-DONE ep=0x81 len=16 status=0 actual=16
	0000  08 00 00 18 ef 03 01 10  00 79 00 10 d2 22 00 00 |.........y..."..|
[2457] +81.708647 ASYNC-IN-SUBMIT ep=0x81 len=0 type=BULK (in, awaiting data)
[2458] +81.813395 ASYNC-IN-DONE ep=0x81 len=0 status=2 actual=0
[2459] +81.813461 ASYNC-IN-SUBMIT ep=0x81 len=0 type=BULK (in, awaiting data)
[2460] +81.865379 ASYNC-OUT ep=0x01 len=16 type=BULK 
	0000  08 00 00 18 80 10 ed 03  00 60 00 10 fd 1a 00 00 |.........`......|
[2461] +81.865682 ASYNC-OUT-DONE ep=0x01 len=0 status=0 actual=16
[2462] +81.926133 ASYNC-IN-DONE ep=0x81 len=0 status=2 actual=0
[2463] +81.926225 ASYNC-IN-SUBMIT ep=0x81 len=0 type=BULK (in, awaiting data)
[2464] +82.021226 ASYNC-OUT ep=0x01 len=16 type=BULK 
	0000  08 00 00 18 02 10 f0 03  00 4d 00 10 1e 10 00 00 |.........M......|
[2465] +82.021544 ASYNC-OUT-DONE ep=0x01 len=0 status=0 actual=16
[2466] +82.038935 ASYNC-IN-DONE ep=0x81 len=0 status=2 actual=0
[2467] +82.038960 ASYNC-IN-SUBMIT ep=0x81 len=0 type=BULK (in, awaiting data)
[2468] +82.124404 ASYNC-OUT ep=0x01 len=16 type=BULK 
	0000  08 00 00 18 01 10 ef 03  00 86 00 10 14 1f 00 00 |................|
[2469] +82.124654 ASYNC-OUT-DONE ep=0x01 len=0 status=0 actual=16
[2470] +82.150006 ASYNC-IN-DONE ep=0x81 len=0 status=2 actual=0
[2471] +82.150047 ASYNC-IN-SUBMIT ep=0x81 len=0 type=BULK (in, awaiting data)
[2472] +82.262840 ASYNC-IN-DONE ep=0x81 len=0 status=2 actual=0
[2473] +82.262879 ASYNC-IN-SUBMIT ep=0x81 len=0 type=BULK (in, awaiting data)
[2474] +82.310570 ASYNC-IN-DONE ep=0x81 len=16 status=0 actual=16
	0000  08 00 00 18 f0 03 02 10  00 50 00 10 09 02 00 00 |.........P......|
[2475] +82.310620 ASYNC-IN-SUBMIT ep=0x81 len=0 type=BULK (in, awaiting data)
[2476] +82.423357 ASYNC-IN-DONE ep=0x81 len=0 status=2 actual=0
[2477] +82.423433 ASYNC-IN-SUBMIT ep=0x81 len=0 type=BULK (in, awaiting data)
[2478] +82.511807 ASYNC-IN-DONE ep=0x81 len=16 status=0 actual=16
	0000  08 00 00 18 ed 03 80 10  00 65 00 10 ae 02 00 00 |.........e......|
[2479] +82.511913 ASYNC-IN-SUBMIT ep=0x81 len=0 type=BULK (in, awaiting data)
[2480] +82.621977 ASYNC-IN-DONE ep=0x81 len=0 status=2 actual=0
[2481] +82.622103 ASYNC-IN-SUBMIT ep=0x81 len=0 type=BULK (in, awaiting data)
[2482] +82.712175 ASYNC-IN-DONE ep=0x81 len=16 status=0 actual=16
	0000  08 00 00 18 ef 03 01 10  00 7a 00 10 d2 22 00 00 |.........z..."..|
[2483] +82.712303 ASYNC-IN-SUBMIT ep=0x81 len=0 type=BULK (in, awaiting data)
[2484] +82.821798 ASYNC-IN-DONE ep=0x81 len=0 status=2 actual=0
[2485] +82.821893 ASYNC-IN-SUBMIT ep=0x81 len=0 type=BULK (in, awaiting data)
[2486] +82.903200 ASYNC-OUT ep=0x01 len=16 type=BULK 
	0000  08 00 00 18 80 10 ed 03  00 61 00 10 fd 1a 00 00 |.........a......|
[2487] +82.903474 ASYNC-OUT-DONE ep=0x01 len=0 status=0 actual=16
[2488] +82.929372 ASYNC-IN-DONE ep=0x81 len=0 status=2 actual=0
[2489] +82.929462 ASYNC-IN-SUBMIT ep=0x81 len=0 type=BULK (in, awaiting data)
[2490] +83.032346 ASYNC-IN-DONE ep=0x81 len=0 status=2 actual=0
[2491] +83.032448 ASYNC-IN-SUBMIT ep=0x81 len=0 type=BULK (in, awaiting data)
[2492] +83.058207 ASYNC-OUT ep=0x01 len=16 type=BULK 
	0000  08 00 00 18 02 10 f0 03  00 4e 00 10 1e 10 00 00 |.........N......|
[2493] +83.058503 ASYNC-OUT-DONE ep=0x01 len=0 status=0 actual=16
[2494] +83.134184 ASYNC-IN-DONE ep=0x81 len=0 status=2 actual=0
[2495] +83.134284 ASYNC-IN-SUBMIT ep=0x81 len=0 type=BULK (in, awaiting data)
[2496] +83.162287 ASYNC-OUT ep=0x01 len=16 type=BULK 
	0000  08 00 00 18 01 10 ef 03  00 87 00 10 14 1f 00 00 |................|
[2497] +83.162579 ASYNC-OUT-DONE ep=0x01 len=0 status=0 actual=16
[2498] +83.247100 ASYNC-IN-DONE ep=0x81 len=0 status=2 actual=0
[2499] +83.247214 ASYNC-IN-SUBMIT ep=0x81 len=0 type=BULK (in, awaiting data)
[2500] +83.314193 ASYNC-IN-DONE ep=0x81 len=16 status=0 actual=16
	0000  08 00 00 18 f0 03 02 10  00 51 00 10 09 02 00 00 |.........Q......|
[2501] +83.314332 ASYNC-IN-SUBMIT ep=0x81 len=0 type=BULK (in, awaiting data)
[2502] +83.427145 ASYNC-IN-DONE ep=0x81 len=0 status=2 actual=0
[2503] +83.427244 ASYNC-IN-SUBMIT ep=0x81 len=0 type=BULK (in, awaiting data)
[2504] +83.514566 ASYNC-IN-DONE ep=0x81 len=16 status=0 actual=16
	0000  08 00 00 18 ed 03 80 10  00 66 00 10 ae 02 00 00 |.........f......|
[2505] +83.514696 ASYNC-IN-SUBMIT ep=0x81 len=0 type=BULK (in, awaiting data)
[2506] +83.621817 ASYNC-IN-DONE ep=0x81 len=0 status=2 actual=0
[2507] +83.621904 ASYNC-IN-SUBMIT ep=0x81 len=0 type=BULK (in, awaiting data)
[2508] +83.715805 ASYNC-IN-DONE ep=0x81 len=16 status=0 actual=16
	0000  08 00 00 18 ef 03 01 10  00 7b 00 10 d2 22 00 00 |.........{..."..|
[2509] +83.715934 ASYNC-IN-SUBMIT ep=0x81 len=0 type=BULK (in, awaiting data)
[2510] +83.826220 ASYNC-IN-DONE ep=0x81 len=0 status=2 actual=0
[2511] +83.826315 ASYNC-IN-SUBMIT ep=0x81 len=0 type=BULK (in, awaiting data)
[2512] +83.929460 ASYNC-IN-DONE ep=0x81 len=0 status=2 actual=0
[2513] +83.929536 ASYNC-IN-SUBMIT ep=0x81 len=0 type=BULK (in, awaiting data)
[2514] +83.942513 ASYNC-OUT ep=0x01 len=16 type=BULK 
	0000  08 00 00 18 80 10 ed 03  00 62 00 10 fd 1a 00 00 |.........b......|
[2515] +83.942759 ASYNC-OUT-DONE ep=0x01 len=0 status=0 actual=16
[2516] +84.038291 ASYNC-IN-DONE ep=0x81 len=0 status=2 actual=0
[2517] +84.038377 ASYNC-IN-SUBMIT ep=0x81 len=0 type=BULK (in, awaiting data)
[2518] +84.098829 ASYNC-OUT ep=0x01 len=16 type=BULK 
	0000  08 00 00 18 02 10 f0 03  00 4f 00 10 1e 10 00 00 |.........O......|
[2519] +84.099170 ASYNC-OUT-DONE ep=0x01 len=0 status=0 actual=16
[2520] +84.151079 ASYNC-IN-DONE ep=0x81 len=0 status=2 actual=0
[2521] +84.151155 ASYNC-IN-SUBMIT ep=0x81 len=0 type=BULK (in, awaiting data)
[2522] +84.203045 ASYNC-OUT ep=0x01 len=16 type=BULK 
	0000  08 00 00 18 01 10 ef 03  00 88 00 10 14 1f 00 00 |................|
[2523] +84.203357 ASYNC-OUT-DONE ep=0x01 len=0 status=0 actual=16
[2524] +84.262559 ASYNC-IN-DONE ep=0x81 len=0 status=2 actual=0
[2525] +84.262658 ASYNC-IN-SUBMIT ep=0x81 len=0 type=BULK (in, awaiting data)
[2526] +84.318328 ASYNC-IN-DONE ep=0x81 len=16 status=0 actual=16
	0000  08 00 00 18 f0 03 02 10  00 52 00 10 09 02 00 00 |.........R......|
[2527] +84.318456 ASYNC-IN-SUBMIT ep=0x81 len=0 type=BULK (in, awaiting data)
[2528] +84.422413 ASYNC-IN-DONE ep=0x81 len=0 status=2 actual=0
[2529] +84.422509 ASYNC-IN-SUBMIT ep=0x81 len=0 type=BULK (in, awaiting data)
[2530] +84.518797 ASYNC-IN-DONE ep=0x81 len=16 status=0 actual=16
	0000  08 00 00 18 ed 03 80 10  00 67 00 10 ae 02 00 00 |.........g......|
[2531] +84.518933 ASYNC-IN-SUBMIT ep=0x81 len=0 type=BULK (in, awaiting data)
[2532] +84.619802 ASYNC-IN-DONE ep=0x81 len=0 status=2 actual=0
[2533] +84.619884 ASYNC-IN-SUBMIT ep=0x81 len=0 type=BULK (in, awaiting data)
[2534] +84.719487 ASYNC-IN-DONE ep=0x81 len=16 status=0 actual=16
	0000  08 00 00 18 ef 03 01 10  00 7c 00 10 d2 22 00 00 |.........|..."..|
[2535] +84.719606 ASYNC-IN-SUBMIT ep=0x81 len=0 type=BULK (in, awaiting data)
[2536] +84.831195 ASYNC-IN-DONE ep=0x81 len=0 status=2 actual=0
[2537] +84.831293 ASYNC-IN-SUBMIT ep=0x81 len=0 type=BULK (in, awaiting data)
[2538] +84.935669 ASYNC-IN-DONE ep=0x81 len=0 status=2 actual=0
[2539] +84.935774 ASYNC-IN-SUBMIT ep=0x81 len=0 type=BULK (in, awaiting data)
[2540] +84.982672 ASYNC-OUT ep=0x01 len=16 type=BULK 
	0000  08 00 00 18 80 10 ed 03  00 63 00 10 fd 1a 00 00 |.........c......|
[2541] +84.982991 ASYNC-OUT-DONE ep=0x01 len=0 status=0 actual=16
[2542] +85.046749 ASYNC-IN-DONE ep=0x81 len=0 status=2 actual=0
[2543] +85.046838 ASYNC-IN-SUBMIT ep=0x81 len=0 type=BULK (in, awaiting data)
[2544] +85.138110 ASYNC-OUT ep=0x01 len=16 type=BULK 
	0000  08 00 00 18 02 10 f0 03  00 50 00 10 1e 10 00 00 |.........P......|
[2545] +85.138453 ASYNC-OUT-DONE ep=0x01 len=0 status=0 actual=16
[2546] +85.159749 ASYNC-IN-DONE ep=0x81 len=0 status=2 actual=0
[2547] +85.159845 ASYNC-IN-SUBMIT ep=0x81 len=0 type=BULK (in, awaiting data)
[2548] +85.242330 ASYNC-OUT ep=0x01 len=16 type=BULK 
	0000  08 00 00 18 01 10 ef 03  00 89 00 10 14 1f 00 00 |................|
[2549] +85.242628 ASYNC-OUT-DONE ep=0x01 len=0 status=0 actual=16
[2550] +85.269035 ASYNC-IN-DONE ep=0x81 len=0 status=2 actual=0
[2551] +85.269129 ASYNC-IN-SUBMIT ep=0x81 len=0 type=BULK (in, awaiting data)
[2552] +85.322698 ASYNC-IN-DONE ep=0x81 len=16 status=0 actual=16
	0000  08 00 00 18 f0 03 02 10  00 53 00 10 09 02 00 00 |.........S......|
[2553] +85.322803 ASYNC-IN-SUBMIT ep=0x81 len=0 type=BULK (in, awaiting data)
[2554] +85.433407 ASYNC-IN-DONE ep=0x81 len=0 status=2 actual=0
[2555] +85.433497 ASYNC-IN-SUBMIT ep=0x81 len=0 type=BULK (in, awaiting data)
[2556] +85.523313 ASYNC-IN-DONE ep=0x81 len=16 status=0 actual=16
	0000  08 00 00 18 ed 03 80 10  00 68 00 10 ae 02 00 00 |.........h......|
[2557] +85.523456 ASYNC-IN-SUBMIT ep=0x81 len=0 type=BULK (in, awaiting data)
[2558] +85.630855 ASYNC-IN-DONE ep=0x81 len=0 status=2 actual=0
[2559] +85.630943 ASYNC-IN-SUBMIT ep=0x81 len=0 type=BULK (in, awaiting data)
[2560] +85.723757 ASYNC-IN-DONE ep=0x81 len=16 status=0 actual=16
	0000  08 00 00 18 ef 03 01 10  00 7d 00 10 d2 22 00 00 |.........}..."..|
[2561] +85.723868 ASYNC-IN-SUBMIT ep=0x81 len=0 type=BULK (in, awaiting data)
[2562] +85.835817 ASYNC-IN-DONE ep=0x81 len=0 status=2 actual=0
[2563] +85.835910 ASYNC-IN-SUBMIT ep=0x81 len=0 type=BULK (in, awaiting data)
[2564] +85.948845 ASYNC-IN-DONE ep=0x81 len=0 status=2 actual=0
[2565] +85.948934 ASYNC-IN-SUBMIT ep=0x81 len=0 type=BULK (in, awaiting data)
[2566] +86.020510 ASYNC-OUT ep=0x01 len=16 type=BULK 
	0000  08 00 00 18 80 10 ed 03  00 64 00 10 fd 1a 00 00 |.........d......|
[2567] +86.020848 ASYNC-OUT-DONE ep=0x01 len=0 status=0 actual=16
[2568] +86.056414 ASYNC-IN-DONE ep=0x81 len=0 status=2 actual=0
[2569] +86.056485 ASYNC-IN-SUBMIT ep=0x81 len=0 type=BULK (in, awaiting data)
[2570] +86.163800 ASYNC-IN-DONE ep=0x81 len=0 status=2 actual=0
[2571] +86.163887 ASYNC-IN-SUBMIT ep=0x81 len=0 type=BULK (in, awaiting data)
[2572] +86.176723 ASYNC-OUT ep=0x01 len=16 type=BULK 
	0000  08 00 00 18 02 10 f0 03  00 51 00 10 1e 10 00 00 |.........Q......|
[2573] +86.176967 ASYNC-OUT-DONE ep=0x01 len=0 status=0 actual=16
[2574] +86.273939 ASYNC-IN-DONE ep=0x81 len=0 status=2 actual=0
[2575] +86.274032 ASYNC-IN-SUBMIT ep=0x81 len=0 type=BULK (in, awaiting data)
[2576] +86.280934 ASYNC-OUT ep=0x01 len=16 type=BULK 
	0000  08 00 00 18 01 10 ef 03  00 8a 00 10 14 1f 00 00 |................|
[2577] +86.281155 ASYNC-OUT-DONE ep=0x01 len=0 status=0 actual=16
[2578] +86.326223 ASYNC-IN-DONE ep=0x81 len=16 status=0 actual=16
	0000  08 00 00 18 f0 03 02 10  00 54 00 10 09 02 00 00 |.........T......|
[2579] +86.326332 ASYNC-IN-SUBMIT ep=0x81 len=0 type=BULK (in, awaiting data)
[2580] +86.431632 ASYNC-IN-DONE ep=0x81 len=0 status=2 actual=0
[2581] +86.431730 ASYNC-IN-SUBMIT ep=0x81 len=0 type=BULK (in, awaiting data)
[2582] +86.527552 ASYNC-IN-DONE ep=0x81 len=16 status=0 actual=16
	0000  08 00 00 18 ed 03 80 10  00 69 00 10 ae 02 00 00 |.........i......|
[2583] +86.527685 ASYNC-IN-SUBMIT ep=0x81 len=0 type=BULK (in, awaiting data)
[2584] +86.631951 ASYNC-IN-DONE ep=0x81 len=0 status=2 actual=0
[2585] +86.632037 ASYNC-IN-SUBMIT ep=0x81 len=0 type=BULK (in, awaiting data)
[2586] +86.728074 ASYNC-IN-DONE ep=0x81 len=16 status=0 actual=16
	0000  08 00 00 18 ef 03 01 10  00 7e 00 10 d2 22 00 00 |.........~..."..|
[2587] +86.728190 ASYNC-IN-SUBMIT ep=0x81 len=0 type=BULK (in, awaiting data)
[2588] +86.841086 ASYNC-IN-DONE ep=0x81 len=0 status=2 actual=0
[2589] +86.841183 ASYNC-IN-SUBMIT ep=0x81 len=0 type=BULK (in, awaiting data)
[2590] +86.946486 ASYNC-IN-DONE ep=0x81 len=0 status=2 actual=0
[2591] +86.946584 ASYNC-IN-SUBMIT ep=0x81 len=0 type=BULK (in, awaiting data)
[2592] +87.059363 ASYNC-IN-DONE ep=0x81 len=0 status=2 actual=0
[2593] +87.059442 ASYNC-IN-SUBMIT ep=0x81 len=0 type=BULK (in, awaiting data)
[2594] +87.059927 ASYNC-OUT ep=0x01 len=16 type=BULK 
	0000  08 00 00 18 80 10 ed 03  00 65 00 10 fd 1a 00 00 |.........e......|
[2595] +87.060061 ASYNC-OUT-DONE ep=0x01 len=0 status=0 actual=16
[2596] +87.170384 ASYNC-IN-DONE ep=0x81 len=0 status=2 actual=0
[2597] +87.170474 ASYNC-IN-SUBMIT ep=0x81 len=0 type=BULK (in, awaiting data)
[2598] +87.216194 ASYNC-OUT ep=0x01 len=16 type=BULK 
	0000  08 00 00 18 02 10 f0 03  00 52 00 10 1e 10 00 00 |.........R......|
[2599] +87.216451 ASYNC-OUT-DONE ep=0x01 len=0 status=0 actual=16
[2600] +87.280981 ASYNC-IN-DONE ep=0x81 len=0 status=2 actual=0
[2601] +87.281043 ASYNC-IN-SUBMIT ep=0x81 len=0 type=BULK (in, awaiting data)
[2602] +87.320399 ASYNC-OUT ep=0x01 len=16 type=BULK 
	0000  08 00 00 18 01 10 ef 03  00 8b 00 10 14 1f 00 00 |................|
[2603] +87.320705 ASYNC-OUT-DONE ep=0x01 len=0 status=0 actual=16
[2604] +87.330267 ASYNC-IN-DONE ep=0x81 len=16 status=0 actual=16
	0000  08 00 00 18 f0 03 02 10  00 55 00 10 09 02 00 00 |.........U......|
[2605] +87.330335 ASYNC-IN-SUBMIT ep=0x81 len=0 type=BULK (in, awaiting data)
[2606] +87.443235 ASYNC-IN-DONE ep=0x81 len=0 status=2 actual=0
[2607] +87.443336 ASYNC-IN-SUBMIT ep=0x81 len=0 type=BULK (in, awaiting data)
[2608] +87.530977 ASYNC-IN-DONE ep=0x81 len=16 status=0 actual=16
	0000  08 00 00 18 ed 03 80 10  00 6a 00 10 ae 02 00 00 |.........j......|
[2609] +87.531107 ASYNC-IN-SUBMIT ep=0x81 len=0 type=BULK (in, awaiting data)
[2610] +87.641595 ASYNC-IN-DONE ep=0x81 len=0 status=2 actual=0
[2611] +87.641682 ASYNC-IN-SUBMIT ep=0x81 len=0 type=BULK (in, awaiting data)
[2612] +87.731542 ASYNC-IN-DONE ep=0x81 len=16 status=0 actual=16
	0000  08 00 00 18 ef 03 01 10  00 7f 00 10 d2 22 00 00 |............."..|
[2613] +87.731687 ASYNC-IN-SUBMIT ep=0x81 len=0 type=BULK (in, awaiting data)
[2614] +87.838189 ASYNC-IN-DONE ep=0x81 len=0 status=2 actual=0
[2615] +87.838267 ASYNC-IN-SUBMIT ep=0x81 len=0 type=BULK (in, awaiting data)
[2616] +87.950056 ASYNC-IN-DONE ep=0x81 len=0 status=2 actual=0
[2617] +87.950151 ASYNC-IN-SUBMIT ep=0x81 len=0 type=BULK (in, awaiting data)
[2618] +88.056958 ASYNC-IN-DONE ep=0x81 len=0 status=2 actual=0
[2619] +88.057035 ASYNC-IN-SUBMIT ep=0x81 len=0 type=BULK (in, awaiting data)
[2620] +88.100038 ASYNC-OUT ep=0x01 len=16 type=BULK 
	0000  08 00 00 18 80 10 ed 03  00 66 00 10 fd 1a 00 00 |.........f......|
[2621] +88.100393 ASYNC-OUT-DONE ep=0x01 len=0 status=0 actual=16
[2622] +88.164338 ASYNC-IN-DONE ep=0x81 len=0 status=2 actual=0
[2623] +88.164433 ASYNC-IN-SUBMIT ep=0x81 len=0 type=BULK (in, awaiting data)
[2624] +88.256245 ASYNC-OUT ep=0x01 len=16 type=BULK 
	0000  08 00 00 18 02 10 f0 03  00 53 00 10 1e 10 00 00 |.........S......|
[2625] +88.256494 ASYNC-OUT-DONE ep=0x01 len=0 status=0 actual=16
[2626] +88.270524 ASYNC-IN-DONE ep=0x81 len=0 status=2 actual=0
[2627] +88.270728 ASYNC-IN-SUBMIT ep=0x81 len=0 type=BULK (in, awaiting data)
[2628] +88.333853 ASYNC-IN-DONE ep=0x81 len=16 status=0 actual=16
	0000  08 00 00 18 f0 03 02 10  00 56 00 10 09 02 00 00 |.........V......|
[2629] +88.333955 ASYNC-IN-SUBMIT ep=0x81 len=0 type=BULK (in, awaiting data)
[2630] +88.360405 ASYNC-OUT ep=0x01 len=16 type=BULK 
	0000  08 00 00 18 01 10 ef 03  00 8c 00 10 14 1f 00 00 |................|
[2631] +88.360683 ASYNC-OUT-DONE ep=0x01 len=0 status=0 actual=16
[2632] +88.445265 ASYNC-IN-DONE ep=0x81 len=0 status=2 actual=0
[2633] +88.445360 ASYNC-IN-SUBMIT ep=0x81 len=0 type=BULK (in, awaiting data)
[2634] +88.535024 ASYNC-IN-DONE ep=0x81 len=16 status=0 actual=16
	0000  08 00 00 18 ed 03 80 10  00 6b 00 10 ae 02 00 00 |.........k......|
[2635] +88.535148 ASYNC-IN-SUBMIT ep=0x81 len=0 type=BULK (in, awaiting data)
[2636] +88.648062 ASYNC-IN-DONE ep=0x81 len=0 status=2 actual=0
[2637] +88.648145 ASYNC-IN-SUBMIT ep=0x81 len=0 type=BULK (in, awaiting data)
[2638] +88.735670 ASYNC-IN-DONE ep=0x81 len=16 status=0 actual=16
	0000  08 00 00 18 ef 03 01 10  00 80 00 10 d2 22 00 00 |............."..|
[2639] +88.735802 ASYNC-IN-SUBMIT ep=0x81 len=0 type=BULK (in, awaiting data)
[2640] +88.848469 ASYNC-IN-DONE ep=0x81 len=0 status=2 actual=0
[2641] +88.848561 ASYNC-IN-SUBMIT ep=0x81 len=0 type=BULK (in, awaiting data)
[2642] +88.959213 ASYNC-IN-DONE ep=0x81 len=0 status=2 actual=0
[2643] +88.959290 ASYNC-IN-SUBMIT ep=0x81 len=0 type=BULK (in, awaiting data)
[2644] +89.071595 ASYNC-IN-DONE ep=0x81 len=0 status=2 actual=0
[2645] +89.071690 ASYNC-IN-SUBMIT ep=0x81 len=0 type=BULK (in, awaiting data)
[2646] +89.140799 ASYNC-OUT ep=0x01 len=16 type=BULK 
	0000  08 00 00 18 80 10 ed 03  00 67 00 10 fd 1a 00 00 |.........g......|
[2647] +89.141152 ASYNC-OUT-DONE ep=0x01 len=0 status=0 actual=16
[2648] +89.178718 ASYNC-IN-DONE ep=0x81 len=0 status=2 actual=0
[2649] +89.178812 ASYNC-IN-SUBMIT ep=0x81 len=0 type=BULK (in, awaiting data)
[2650] +89.286814 ASYNC-IN-DONE ep=0x81 len=0 status=2 actual=0
[2651] +89.286894 ASYNC-IN-SUBMIT ep=0x81 len=0 type=BULK (in, awaiting data)
[2652] +89.296475 ASYNC-OUT ep=0x01 len=16 type=BULK 
	0000  08 00 00 18 02 10 f0 03  00 54 00 10 1e 10 00 00 |.........T......|
[2653] +89.296767 ASYNC-OUT-DONE ep=0x01 len=0 status=0 actual=16
[2654] +89.338140 ASYNC-IN-DONE ep=0x81 len=16 status=0 actual=16
	0000  08 00 00 18 f0 03 02 10  00 57 00 10 09 02 00 00 |.........W......|
[2655] +89.338249 ASYNC-IN-SUBMIT ep=0x81 len=0 type=BULK (in, awaiting data)
[2656] +89.400688 ASYNC-OUT ep=0x01 len=16 type=BULK 
	0000  08 00 00 18 01 10 ef 03  00 8d 00 10 14 1f 00 00 |................|
[2657] +89.401074 ASYNC-OUT-DONE ep=0x01 len=0 status=0 actual=16
[2658] +89.441967 ASYNC-IN-DONE ep=0x81 len=0 status=2 actual=0
[2659] +89.442021 ASYNC-IN-SUBMIT ep=0x81 len=0 type=BULK (in, awaiting data)
[2660] +89.538589 ASYNC-IN-DONE ep=0x81 len=16 status=0 actual=16
	0000  08 00 00 18 ed 03 80 10  00 6c 00 10 ae 02 00 00 |.........l......|
[2661] +89.538646 ASYNC-IN-SUBMIT ep=0x81 len=0 type=BULK (in, awaiting data)
[2662] +89.641873 ASYNC-IN-DONE ep=0x81 len=0 status=2 actual=0
[2663] +89.641957 ASYNC-IN-SUBMIT ep=0x81 len=0 type=BULK (in, awaiting data)
[2664] +89.739729 ASYNC-IN-DONE ep=0x81 len=16 status=0 actual=16
	0000  08 00 00 18 ef 03 01 10  00 81 00 10 d2 22 00 00 |............."..|
[2665] +89.739857 ASYNC-IN-SUBMIT ep=0x81 len=0 type=BULK (in, awaiting data)
[2666] +89.840580 ASYNC-IN-DONE ep=0x81 len=0 status=2 actual=0
[2667] +89.840661 ASYNC-IN-SUBMIT ep=0x81 len=0 type=BULK (in, awaiting data)
[2668] +89.945585 ASYNC-IN-DONE ep=0x81 len=0 status=2 actual=0
[2669] +89.945691 ASYNC-IN-SUBMIT ep=0x81 len=0 type=BULK (in, awaiting data)
[2670] +90.057064 ASYNC-IN-DONE ep=0x81 len=0 status=2 actual=0
[2671] +90.057110 ASYNC-IN-SUBMIT ep=0x81 len=0 type=BULK (in, awaiting data)
[2672] +90.168043 ASYNC-IN-DONE ep=0x81 len=0 status=2 actual=0
[2673] +90.168121 ASYNC-IN-SUBMIT ep=0x81 len=0 type=BULK (in, awaiting data)
[2674] +90.179274 ASYNC-OUT ep=0x01 len=16 type=BULK 
	0000  08 00 00 18 80 10 ed 03  00 68 00 10 fd 1a 00 00 |.........h......|
[2675] +90.179586 ASYNC-OUT-DONE ep=0x01 len=0 status=0 actual=16
[2676] +90.281011 ASYNC-IN-DONE ep=0x81 len=0 status=2 actual=0
[2677] +90.281098 ASYNC-IN-SUBMIT ep=0x81 len=0 type=BULK (in, awaiting data)
[2678] +90.335252 ASYNC-OUT ep=0x01 len=16 type=BULK 
	0000  08 00 00 18 02 10 f0 03  00 55 00 10 1e 10 00 00 |.........U......|
[2679] +90.335512 ASYNC-OUT-DONE ep=0x01 len=0 status=0 actual=16
[2680] +90.342133 ASYNC-IN-DONE ep=0x81 len=16 status=0 actual=16
	0000  08 00 00 18 f0 03 02 10  00 58 00 10 09 02 00 00 |.........X......|
[2681] +90.342231 ASYNC-IN-SUBMIT ep=0x81 len=0 type=BULK (in, awaiting data)
[2682] +90.438908 ASYNC-OUT ep=0x01 len=16 type=BULK 
	0000  08 00 00 18 01 10 ef 03  00 8e 00 10 14 1f 00 00 |................|
[2683] +90.439250 ASYNC-OUT-DONE ep=0x01 len=0 status=0 actual=16
[2684] +90.454599 ASYNC-IN-DONE ep=0x81 len=0 status=2 actual=0
[2685] +90.454660 ASYNC-IN-SUBMIT ep=0x81 len=0 type=BULK (in, awaiting data)
[2686] +90.542809 ASYNC-IN-DONE ep=0x81 len=16 status=0 actual=16
	0000  08 00 00 18 ed 03 80 10  00 6d 00 10 ae 02 00 00 |.........m......|
[2687] +90.542948 ASYNC-IN-SUBMIT ep=0x81 len=0 type=BULK (in, awaiting data)
[2688] +90.650616 ASYNC-IN-DONE ep=0x81 len=0 status=2 actual=0
[2689] +90.650714 ASYNC-IN-SUBMIT ep=0x81 len=0 type=BULK (in, awaiting data)
[2690] +90.743308 ASYNC-IN-DONE ep=0x81 len=16 status=0 actual=16
	0000  08 00 00 18 ef 03 01 10  00 82 00 10 d2 22 00 00 |............."..|
[2691] +90.743363 ASYNC-IN-SUBMIT ep=0x81 len=0 type=BULK (in, awaiting data)
[2692] +90.855948 ASYNC-IN-DONE ep=0x81 len=0 status=2 actual=0
[2693] +90.856034 ASYNC-IN-SUBMIT ep=0x81 len=0 type=BULK (in, awaiting data)
[2694] +90.958507 ASYNC-IN-DONE ep=0x81 len=0 status=2 actual=0
[2695] +90.958617 ASYNC-IN-SUBMIT ep=0x81 len=0 type=BULK (in, awaiting data)
[2696] +91.070339 ASYNC-IN-DONE ep=0x81 len=0 status=2 actual=0
[2697] +91.070435 ASYNC-IN-SUBMIT ep=0x81 len=0 type=BULK (in, awaiting data)
[2698] +91.177178 ASYNC-IN-DONE ep=0x81 len=0 status=2 actual=0
[2699] +91.177279 ASYNC-IN-SUBMIT ep=0x81 len=0 type=BULK (in, awaiting data)
[2700] +91.217435 ASYNC-OUT ep=0x01 len=16 type=BULK 
	0000  08 00 00 18 80 10 ed 03  00 69 00 10 fd 1a 00 00 |.........i......|
[2701] +91.217766 ASYNC-OUT-DONE ep=0x01 len=0 status=0 actual=16
[2702] +91.290031 ASYNC-IN-DONE ep=0x81 len=0 status=2 actual=0
[2703] +91.290058 ASYNC-IN-SUBMIT ep=0x81 len=0 type=BULK (in, awaiting data)
[2704] +91.345595 ASYNC-IN-DONE ep=0x81 len=16 status=0 actual=16
	0000  08 00 00 18 f0 03 02 10  00 59 00 10 09 02 00 00 |.........Y......|
[2705] +91.345748 ASYNC-IN-SUBMIT ep=0x81 len=0 type=BULK (in, awaiting data)
[2706] +91.373102 ASYNC-OUT ep=0x01 len=16 type=BULK 
	0000  08 00 00 18 02 10 f0 03  00 56 00 10 1e 10 00 00 |.........V......|
[2707] +91.373388 ASYNC-OUT-DONE ep=0x01 len=0 status=0 actual=16
[2708] +91.458641 ASYNC-IN-DONE ep=0x81 len=0 status=2 actual=0
[2709] +91.458733 ASYNC-IN-SUBMIT ep=0x81 len=0 type=BULK (in, awaiting data)
[2710] +91.477255 ASYNC-OUT ep=0x01 len=16 type=BULK 
	0000  08 00 00 18 01 10 ef 03  00 8f 00 10 14 1f 00 00 |................|
[2711] +91.477500 ASYNC-OUT-DONE ep=0x01 len=0 status=0 actual=16
[2712] +91.546779 ASYNC-IN-DONE ep=0x81 len=16 status=0 actual=16
	0000  08 00 00 18 ed 03 80 10  00 6e 00 10 ae 02 00 00 |.........n......|
[2713] +91.546910 ASYNC-IN-SUBMIT ep=0x81 len=0 type=BULK (in, awaiting data)
[2714] +91.649962 ASYNC-IN-DONE ep=0x81 len=0 status=2 actual=0
[2715] +91.650034 ASYNC-IN-SUBMIT ep=0x81 len=0 type=BULK (in, awaiting data)
[2716] +91.747369 ASYNC-IN-DONE ep=0x81 len=16 status=0 actual=16
	0000  08 00 00 18 ef 03 01 10  00 83 00 10 d2 22 00 00 |............."..|
[2717] +91.747474 ASYNC-IN-SUBMIT ep=0x81 len=0 type=BULK (in, awaiting data)
[2718] +91.860355 ASYNC-IN-DONE ep=0x81 len=0 status=2 actual=0
[2719] +91.860461 ASYNC-IN-SUBMIT ep=0x81 len=0 type=BULK (in, awaiting data)
[2720] +91.973118 ASYNC-IN-DONE ep=0x81 len=0 status=2 actual=0
[2721] +91.973151 ASYNC-IN-SUBMIT ep=0x81 len=0 type=BULK (in, awaiting data)
[2722] +92.075845 ASYNC-IN-DONE ep=0x81 len=0 status=2 actual=0
[2723] +92.075865 ASYNC-IN-SUBMIT ep=0x81 len=0 type=BULK (in, awaiting data)
[2724] +92.182159 ASYNC-IN-DONE ep=0x81 len=0 status=2 actual=0
[2725] +92.182188 ASYNC-IN-SUBMIT ep=0x81 len=0 type=BULK (in, awaiting data)
[2726] +92.256719 ASYNC-OUT ep=0x01 len=16 type=BULK 
	0000  08 00 00 18 80 10 ed 03  00 6a 00 10 fd 1a 00 00 |.........j......|
[2727] +92.256930 ASYNC-OUT-DONE ep=0x01 len=0 status=0 actual=16
[2728] +92.293813 ASYNC-IN-DONE ep=0x81 len=0 status=2 actual=0
[2729] +92.293841 ASYNC-IN-SUBMIT ep=0x81 len=0 type=BULK (in, awaiting data)
[2730] +92.349383 ASYNC-IN-DONE ep=0x81 len=16 status=0 actual=16
	0000  08 00 00 18 f0 03 02 10  00 5a 00 10 09 02 00 00 |.........Z......|
[2731] +92.349422 ASYNC-IN-SUBMIT ep=0x81 len=0 type=BULK (in, awaiting data)
[2732] +92.412881 ASYNC-OUT ep=0x01 len=16 type=BULK 
	0000  08 00 00 18 02 10 f0 03  00 57 00 10 1e 10 00 00 |.........W......|
[2733] +92.413225 ASYNC-OUT-DONE ep=0x01 len=0 status=0 actual=16
[2734] +92.460894 ASYNC-IN-DONE ep=0x81 len=0 status=2 actual=0
[2735] +92.460913 ASYNC-IN-SUBMIT ep=0x81 len=0 type=BULK (in, awaiting data)
[2736] +92.517026 ASYNC-OUT ep=0x01 len=16 type=BULK 
	0000  08 00 00 18 01 10 ef 03  00 90 00 10 14 1f 00 00 |................|
[2737] +92.517362 ASYNC-OUT-DONE ep=0x01 len=0 status=0 actual=16
[2738] +92.550187 ASYNC-IN-DONE ep=0x81 len=16 status=0 actual=16
	0000  08 00 00 18 ed 03 80 10  00 6f 00 10 ae 02 00 00 |.........o......|
[2739] +92.550300 ASYNC-IN-SUBMIT ep=0x81 len=0 type=BULK (in, awaiting data)
[2740] +92.659963 ASYNC-IN-DONE ep=0x81 len=0 status=2 actual=0
[2741] +92.660064 ASYNC-IN-SUBMIT ep=0x81 len=0 type=BULK (in, awaiting data)
[2742] +92.752318 ASYNC-IN-DONE ep=0x81 len=16 status=0 actual=16
	0000  08 00 00 18 ef 03 01 10  00 84 00 10 d2 22 00 00 |............."..|
[2743] +92.752647 ASYNC-IN-SUBMIT ep=0x81 len=0 type=BULK (in, awaiting data)
[2744] +92.865275 ASYNC-IN-DONE ep=0x81 len=0 status=2 actual=0
[2745] +92.865362 ASYNC-IN-SUBMIT ep=0x81 len=0 type=BULK (in, awaiting data)
[2746] +92.965931 ASYNC-IN-DONE ep=0x81 len=0 status=2 actual=0
[2747] +92.966018 ASYNC-IN-SUBMIT ep=0x81 len=0 type=BULK (in, awaiting data)
[2748] +93.078012 ASYNC-IN-DONE ep=0x81 len=0 status=2 actual=0
[2749] +93.078099 ASYNC-IN-SUBMIT ep=0x81 len=0 type=BULK (in, awaiting data)
[2750] +93.187497 ASYNC-IN-DONE ep=0x81 len=0 status=2 actual=0
[2751] +93.187596 ASYNC-IN-SUBMIT ep=0x81 len=0 type=BULK (in, awaiting data)
[2752] +93.296383 ASYNC-IN-DONE ep=0x81 len=0 status=2 actual=0
[2753] +93.296461 ASYNC-IN-SUBMIT ep=0x81 len=0 type=BULK (in, awaiting data)
[2754] +93.296501 ASYNC-OUT ep=0x01 len=16 type=BULK 
	0000  08 00 00 18 80 10 ed 03  00 6b 00 10 fd 1a 00 00 |.........k......|
[2755] +93.296665 ASYNC-OUT-DONE ep=0x01 len=0 status=0 actual=16
[2756] +93.354415 ASYNC-IN-DONE ep=0x81 len=16 status=0 actual=16
	0000  08 00 00 18 f0 03 02 10  00 5b 00 10 09 02 00 00 |.........[......|
[2757] +93.354555 ASYNC-IN-SUBMIT ep=0x81 len=0 type=BULK (in, awaiting data)
[2758] +93.451817 ASYNC-OUT ep=0x01 len=16 type=BULK 
	0000  08 00 00 18 02 10 f0 03  00 58 00 10 1e 10 00 00 |.........X......|
[2759] +93.452064 ASYNC-OUT-DONE ep=0x01 len=0 status=0 actual=16
[2760] +93.465699 ASYNC-IN-DONE ep=0x81 len=0 status=2 actual=0
[2761] +93.465772 ASYNC-IN-SUBMIT ep=0x81 len=0 type=BULK (in, awaiting data)
[2762] +93.554784 ASYNC-OUT ep=0x01 len=16 type=BULK 
	0000  08 00 00 18 01 10 ef 03  00 91 00 10 14 1f 00 00 |................|
[2763] +93.554944 ASYNC-IN-DONE ep=0x81 len=16 status=0 actual=16
	0000  08 00 00 18 ed 03 80 10  00 70 00 10 ae 02 00 00 |.........p......|
[2764] +93.555026 ASYNC-IN-SUBMIT ep=0x81 len=0 type=BULK (in, awaiting data)
[2765] +93.555123 ASYNC-OUT-DONE ep=0x01 len=0 status=0 actual=16
[2766] +93.659136 ASYNC-IN-DONE ep=0x81 len=0 status=2 actual=0
[2767] +93.659224 ASYNC-IN-SUBMIT ep=0x81 len=0 type=BULK (in, awaiting data)
[2768] +93.755360 ASYNC-IN-DONE ep=0x81 len=16 status=0 actual=16
	0000  08 00 00 18 ef 03 01 10  00 85 00 10 d2 22 00 00 |............."..|
[2769] +93.755500 ASYNC-IN-SUBMIT ep=0x81 len=0 type=BULK (in, awaiting data)
[2770] +93.868347 ASYNC-IN-DONE ep=0x81 len=0 status=2 actual=0
[2771] +93.868442 ASYNC-IN-SUBMIT ep=0x81 len=0 type=BULK (in, awaiting data)
[2772] +93.978963 ASYNC-IN-DONE ep=0x81 len=0 status=2 actual=0
[2773] +93.979056 ASYNC-IN-SUBMIT ep=0x81 len=0 type=BULK (in, awaiting data)
[2774] +94.086228 ASYNC-IN-DONE ep=0x81 len=0 status=2 actual=0
[2775] +94.086313 ASYNC-IN-SUBMIT ep=0x81 len=0 type=BULK (in, awaiting data)
[2776] +94.191436 ASYNC-IN-DONE ep=0x81 len=0 status=2 actual=0
[2777] +94.191519 ASYNC-IN-SUBMIT ep=0x81 len=0 type=BULK (in, awaiting data)
[2778] +94.299056 ASYNC-IN-DONE ep=0x81 len=0 status=2 actual=0
[2779] +94.299140 ASYNC-IN-SUBMIT ep=0x81 len=0 type=BULK (in, awaiting data)
[2780] +94.335313 ASYNC-OUT ep=0x01 len=16 type=BULK 
	0000  08 00 00 18 80 10 ed 03  00 6c 00 10 fd 1a 00 00 |.........l......|
[2781] +94.335606 ASYNC-OUT-DONE ep=0x01 len=0 status=0 actual=16
[2782] +94.357094 ASYNC-IN-DONE ep=0x81 len=16 status=0 actual=16
	0000  08 00 00 18 f0 03 02 10  00 5c 00 10 09 02 00 00 |.........\......|
[2783] +94.357188 ASYNC-IN-SUBMIT ep=0x81 len=0 type=BULK (in, awaiting data)
[2784] +94.470042 ASYNC-IN-DONE ep=0x81 len=0 status=2 actual=0
[2785] +94.470139 ASYNC-IN-SUBMIT ep=0x81 len=0 type=BULK (in, awaiting data)
[2786] +94.491492 ASYNC-OUT ep=0x01 len=16 type=BULK 
	0000  08 00 00 18 02 10 f0 03  00 59 00 10 1e 10 00 00 |.........Y......|
[2787] +94.491719 ASYNC-OUT-DONE ep=0x01 len=0 status=0 actual=16
[2788] +94.558142 ASYNC-IN-DONE ep=0x81 len=16 status=0 actual=16
	0000  08 00 00 18 ed 03 80 10  00 71 00 10 ae 02 00 00 |.........q......|
[2789] +94.558274 ASYNC-IN-SUBMIT ep=0x81 len=0 type=BULK (in, awaiting data)
[2790] +94.595694 ASYNC-OUT ep=0x01 len=16 type=BULK 
	0000  08 00 00 18 01 10 ef 03  00 92 00 10 14 1f 00 00 |................|
[2791] +94.595999 ASYNC-OUT-DONE ep=0x01 len=0 status=0 actual=16
[2792] +94.670325 ASYNC-IN-DONE ep=0x81 len=0 status=2 actual=0
[2793] +94.670397 ASYNC-IN-SUBMIT ep=0x81 len=0 type=BULK (in, awaiting data)
[2794] +94.758651 ASYNC-IN-DONE ep=0x81 len=16 status=0 actual=16
	0000  08 00 00 18 ef 03 01 10  00 86 00 10 d2 22 00 00 |............."..|
[2795] +94.758788 ASYNC-IN-SUBMIT ep=0x81 len=0 type=BULK (in, awaiting data)
[2796] +94.868453 ASYNC-IN-DONE ep=0x81 len=0 status=2 actual=0
[2797] +94.868535 ASYNC-IN-SUBMIT ep=0x81 len=0 type=BULK (in, awaiting data)
[2798] +94.977931 ASYNC-IN-DONE ep=0x81 len=0 status=2 actual=0
[2799] +94.978031 ASYNC-IN-SUBMIT ep=0x81 len=0 type=BULK (in, awaiting data)
[2800] +95.088596 ASYNC-IN-DONE ep=0x81 len=0 status=2 actual=0
[2801] +95.088694 ASYNC-IN-SUBMIT ep=0x81 len=0 type=BULK (in, awaiting data)
[2802] +95.192062 ASYNC-IN-DONE ep=0x81 len=0 status=2 actual=0
[2803] +95.192150 ASYNC-IN-SUBMIT ep=0x81 len=0 type=BULK (in, awaiting data)
[2804] +95.301246 ASYNC-IN-DONE ep=0x81 len=0 status=2 actual=0
[2805] +95.301361 ASYNC-IN-SUBMIT ep=0x81 len=0 type=BULK (in, awaiting data)
[2806] +95.360930 ASYNC-IN-DONE ep=0x81 len=16 status=0 actual=16
	0000  08 00 00 18 f0 03 02 10  00 5d 00 10 09 02 00 00 |.........]......|
[2807] +95.361089 ASYNC-IN-SUBMIT ep=0x81 len=0 type=BULK (in, awaiting data)
[2808] +95.373324 ASYNC-OUT ep=0x01 len=16 type=BULK 
	0000  08 00 00 18 80 10 ed 03  00 6d 00 10 fd 1a 00 00 |.........m......|
[2809] +95.373653 ASYNC-OUT-DONE ep=0x01 len=0 status=0 actual=16
[2810] +95.473985 ASYNC-IN-DONE ep=0x81 len=0 status=2 actual=0
[2811] +95.474087 ASYNC-IN-SUBMIT ep=0x81 len=0 type=BULK (in, awaiting data)
[2812] +95.529569 ASYNC-OUT ep=0x01 len=16 type=BULK 
	0000  08 00 00 18 02 10 f0 03  00 5a 00 10 1e 10 00 00 |.........Z......|
[2813] +95.529966 ASYNC-OUT-DONE ep=0x01 len=0 status=0 actual=16
[2814] +95.561455 ASYNC-IN-DONE ep=0x81 len=16 status=0 actual=16
	0000  08 00 00 18 ed 03 80 10  00 72 00 10 ae 02 00 00 |.........r......|
[2815] +95.561573 ASYNC-IN-SUBMIT ep=0x81 len=0 type=BULK (in, awaiting data)
[2816] +95.633622 ASYNC-OUT ep=0x01 len=16 type=BULK 
	0000  08 00 00 18 01 10 ef 03  00 93 00 10 14 1f 00 00 |................|
[2817] +95.634068 ASYNC-OUT-DONE ep=0x01 len=0 status=0 actual=16
[2818] +95.674403 ASYNC-IN-DONE ep=0x81 len=0 status=2 actual=0
[2819] +95.674497 ASYNC-IN-SUBMIT ep=0x81 len=0 type=BULK (in, awaiting data)
[2820] +95.762395 ASYNC-IN-DONE ep=0x81 len=16 status=0 actual=16
	0000  08 00 00 18 ef 03 01 10  00 87 00 10 d2 22 00 00 |............."..|
[2821] +95.762546 ASYNC-IN-SUBMIT ep=0x81 len=0 type=BULK (in, awaiting data)
[2822] +95.874945 ASYNC-IN-DONE ep=0x81 len=0 status=2 actual=0
[2823] +95.875086 ASYNC-IN-SUBMIT ep=0x81 len=0 type=BULK (in, awaiting data)
[2824] +95.975703 ASYNC-IN-DONE ep=0x81 len=0 status=2 actual=0
[2825] +95.975816 ASYNC-IN-SUBMIT ep=0x81 len=0 type=BULK (in, awaiting data)
[2826] +96.088721 ASYNC-IN-DONE ep=0x81 len=0 status=2 actual=0
[2827] +96.088831 ASYNC-IN-SUBMIT ep=0x81 len=0 type=BULK (in, awaiting data)
[2828] +96.199908 ASYNC-IN-DONE ep=0x81 len=0 status=2 actual=0
[2829] +96.200016 ASYNC-IN-SUBMIT ep=0x81 len=0 type=BULK (in, awaiting data)
[2830] +96.303772 ASYNC-IN-DONE ep=0x81 len=0 status=2 actual=0
[2831] +96.303868 ASYNC-IN-SUBMIT ep=0x81 len=0 type=BULK (in, awaiting data)
[2832] +96.364985 ASYNC-IN-DONE ep=0x81 len=16 status=0 actual=16
	0000  08 00 00 18 f0 03 02 10  00 5e 00 10 09 02 00 00 |.........^......|
[2833] +96.365125 ASYNC-IN-SUBMIT ep=0x81 len=0 type=BULK (in, awaiting data)
[2834] +96.413056 ASYNC-OUT ep=0x01 len=16 type=BULK 
	0000  08 00 00 18 80 10 ed 03  00 6e 00 10 fd 1a 00 00 |.........n......|
[2835] +96.413393 ASYNC-OUT-DONE ep=0x01 len=0 status=0 actual=16
[2836] +96.475167 ASYNC-IN-DONE ep=0x81 len=0 status=2 actual=0
[2837] +96.475257 ASYNC-IN-SUBMIT ep=0x81 len=0 type=BULK (in, awaiting data)
[2838] +96.565438 ASYNC-IN-DONE ep=0x81 len=16 status=0 actual=16
	0000  08 00 00 18 ed 03 80 10  00 73 00 10 ae 02 00 00 |.........s......|
[2839] +96.565540 ASYNC-IN-SUBMIT ep=0x81 len=0 type=BULK (in, awaiting data)
[2840] +96.568863 ASYNC-OUT ep=0x01 len=16 type=BULK 
	0000  08 00 00 18 02 10 f0 03  00 5b 00 10 1e 10 00 00 |.........[......|
[2841] +96.569047 ASYNC-OUT-DONE ep=0x01 len=0 status=0 actual=16
[2842] +96.672184 ASYNC-OUT ep=0x01 len=16 type=BULK 
	0000  08 00 00 18 01 10 ef 03  00 94 00 10 14 1f 00 00 |................|
[2843] +96.672536 ASYNC-OUT-DONE ep=0x01 len=0 status=0 actual=16
[2844] +96.676401 ASYNC-IN-DONE ep=0x81 len=0 status=2 actual=0
[2845] +96.676443 ASYNC-IN-SUBMIT ep=0x81 len=0 type=BULK (in, awaiting data)
[2846] +96.765963 ASYNC-IN-DONE ep=0x81 len=16 status=0 actual=16
	0000  08 00 00 18 ef 03 01 10  00 88 00 10 d2 22 00 00 |............."..|
[2847] +96.766083 ASYNC-IN-SUBMIT ep=0x81 len=0 type=BULK (in, awaiting data)
[2848] +96.875833 ASYNC-IN-DONE ep=0x81 len=0 status=2 actual=0
[2849] +96.875931 ASYNC-IN-SUBMIT ep=0x81 len=0 type=BULK (in, awaiting data)
[2850] +96.988780 ASYNC-IN-DONE ep=0x81 len=0 status=2 actual=0
[2851] +96.988832 ASYNC-IN-SUBMIT ep=0x81 len=0 type=BULK (in, awaiting data)
[2852] +97.101678 ASYNC-IN-DONE ep=0x81 len=0 status=2 actual=0
[2853] +97.101748 ASYNC-IN-SUBMIT ep=0x81 len=0 type=BULK (in, awaiting data)
[2854] +97.209378 ASYNC-IN-DONE ep=0x81 len=0 status=2 actual=0
[2855] +97.209472 ASYNC-IN-SUBMIT ep=0x81 len=0 type=BULK (in, awaiting data)
[2856] +97.320227 ASYNC-IN-DONE ep=0x81 len=0 status=2 actual=0
[2857] +97.320291 ASYNC-IN-SUBMIT ep=0x81 len=0 type=BULK (in, awaiting data)
[2858] +97.368128 ASYNC-IN-DONE ep=0x81 len=16 status=0 actual=16
	0000  08 00 00 18 f0 03 02 10  00 5f 00 10 09 02 00 00 |........._......|
[2859] +97.368226 ASYNC-IN-SUBMIT ep=0x81 len=0 type=BULK (in, awaiting data)
[2860] +97.449063 ASYNC-OUT ep=0x01 len=16 type=BULK 
	0000  08 00 00 18 80 10 ed 03  00 6f 00 10 fd 1a 00 00 |.........o......|
[2861] +97.449388 ASYNC-OUT-DONE ep=0x01 len=0 status=0 actual=16
[2862] +97.480298 ASYNC-IN-DONE ep=0x81 len=0 status=2 actual=0
[2863] +97.480380 ASYNC-IN-SUBMIT ep=0x81 len=0 type=BULK (in, awaiting data)
[2864] +97.569306 ASYNC-IN-DONE ep=0x81 len=16 status=0 actual=16
	0000  08 00 00 18 ed 03 80 10  00 74 00 10 ae 02 00 00 |.........t......|
[2865] +97.569387 ASYNC-IN-SUBMIT ep=0x81 len=0 type=BULK (in, awaiting data)
[2866] +97.604381 ASYNC-OUT ep=0x01 len=16 type=BULK 
	0000  08 00 00 18 02 10 f0 03  00 5c 00 10 1e 10 00 00 |.........\......|
[2867] +97.604743 ASYNC-OUT-DONE ep=0x01 len=0 status=0 actual=16
[2868] +97.679728 ASYNC-IN-DONE ep=0x81 len=0 status=2 actual=0
[2869] +97.679772 ASYNC-IN-SUBMIT ep=0x81 len=0 type=BULK (in, awaiting data)
[2870] +97.708544 ASYNC-OUT ep=0x01 len=16 type=BULK 
	0000  08 00 00 18 01 10 ef 03  00 95 00 10 14 1f 00 00 |................|
[2871] +97.708919 ASYNC-OUT-DONE ep=0x01 len=0 status=0 actual=16
[2872] +97.769796 ASYNC-IN-DONE ep=0x81 len=16 status=0 actual=16
	0000  08 00 00 18 ef 03 01 10  00 89 00 10 d2 22 00 00 |............."..|
[2873] +97.769841 ASYNC-IN-SUBMIT ep=0x81 len=0 type=BULK (in, awaiting data)
[2874] +97.879776 ASYNC-IN-DONE ep=0x81 len=0 status=2 actual=0
[2875] +97.879812 ASYNC-IN-SUBMIT ep=0x81 len=0 type=BULK (in, awaiting data)
[2876] +97.989597 ASYNC-IN-DONE ep=0x81 len=0 status=2 actual=0
[2877] +97.989663 ASYNC-IN-SUBMIT ep=0x81 len=0 type=BULK (in, awaiting data)
[2878] +98.100728 ASYNC-IN-DONE ep=0x81 len=0 status=2 actual=0
[2879] +98.100824 ASYNC-IN-SUBMIT ep=0x81 len=0 type=BULK (in, awaiting data)
[2880] +98.209724 ASYNC-IN-DONE ep=0x81 len=0 status=2 actual=0
[2881] +98.209837 ASYNC-IN-SUBMIT ep=0x81 len=0 type=BULK (in, awaiting data)
[2882] +98.312082 ASYNC-IN-DONE ep=0x81 len=0 status=2 actual=0
[2883] +98.312162 ASYNC-IN-SUBMIT ep=0x81 len=0 type=BULK (in, awaiting data)
[2884] +98.371982 ASYNC-IN-DONE ep=0x81 len=16 status=0 actual=16
	0000  08 00 00 18 f0 03 02 10  00 60 00 10 09 02 00 00 |.........`......|
[2885] +98.372089 ASYNC-IN-SUBMIT ep=0x81 len=0 type=BULK (in, awaiting data)
[2886] +98.481684 ASYNC-IN-DONE ep=0x81 len=0 status=2 actual=0
[2887] +98.481762 ASYNC-IN-SUBMIT ep=0x81 len=0 type=BULK (in, awaiting data)
[2888] +98.486717 ASYNC-OUT ep=0x01 len=16 type=BULK 
	0000  08 00 00 18 80 10 ed 03  00 70 00 10 fd 1a 00 00 |.........p......|
[2889] +98.487029 ASYNC-OUT-DONE ep=0x01 len=0 status=0 actual=16
[2890] +98.572509 ASYNC-IN-DONE ep=0x81 len=16 status=0 actual=16
	0000  08 00 00 18 ed 03 80 10  00 75 00 10 ae 02 00 00 |.........u......|
[2891] +98.572626 ASYNC-IN-SUBMIT ep=0x81 len=0 type=BULK (in, awaiting data)
[2892] +98.642938 ASYNC-OUT ep=0x01 len=16 type=BULK 
	0000  08 00 00 18 02 10 f0 03  00 5d 00 10 1e 10 00 00 |.........]......|
[2893] +98.643213 ASYNC-OUT-DONE ep=0x01 len=0 status=0 actual=16
[2894] +98.685429 ASYNC-IN-DONE ep=0x81 len=0 status=2 actual=0
[2895] +98.685510 ASYNC-IN-SUBMIT ep=0x81 len=0 type=BULK (in, awaiting data)
[2896] +98.747044 ASYNC-OUT ep=0x01 len=16 type=BULK 
	0000  08 00 00 18 01 10 ef 03  00 96 00 10 14 1f 00 00 |................|
[2897] +98.747380 ASYNC-OUT-DONE ep=0x01 len=0 status=0 actual=16
[2898] +98.773643 ASYNC-IN-DONE ep=0x81 len=16 status=0 actual=16
	0000  08 00 00 18 ef 03 01 10  00 8a 00 10 d2 22 00 00 |............."..|
[2899] +98.773762 ASYNC-IN-SUBMIT ep=0x81 len=0 type=BULK (in, awaiting data)
[2900] +98.886614 ASYNC-IN-DONE ep=0x81 len=0 status=2 actual=0
[2901] +98.886703 ASYNC-IN-SUBMIT ep=0x81 len=0 type=BULK (in, awaiting data)
[2902] +98.995049 ASYNC-IN-DONE ep=0x81 len=0 status=2 actual=0
[2903] +98.995137 ASYNC-IN-SUBMIT ep=0x81 len=0 type=BULK (in, awaiting data)
[2904] +99.105228 ASYNC-IN-DONE ep=0x81 len=0 status=2 actual=0
[2905] +99.105328 ASYNC-IN-SUBMIT ep=0x81 len=0 type=BULK (in, awaiting data)
[2906] +99.215451 ASYNC-IN-DONE ep=0x81 len=0 status=2 actual=0
[2907] +99.215530 ASYNC-IN-SUBMIT ep=0x81 len=0 type=BULK (in, awaiting data)
[2908] +99.317023 ASYNC-IN-DONE ep=0x81 len=0 status=2 actual=0
[2909] +99.317124 ASYNC-IN-SUBMIT ep=0x81 len=0 type=BULK (in, awaiting data)
[2910] +99.375844 ASYNC-IN-DONE ep=0x81 len=16 status=0 actual=16
	0000  08 00 00 18 f0 03 02 10  00 61 00 10 09 02 00 00 |.........a......|
[2911] +99.375984 ASYNC-IN-SUBMIT ep=0x81 len=0 type=BULK (in, awaiting data)
[2912] +99.482929 ASYNC-IN-DONE ep=0x81 len=0 status=2 actual=0
[2913] +99.482999 ASYNC-IN-SUBMIT ep=0x81 len=0 type=BULK (in, awaiting data)
[2914] +99.527077 ASYNC-OUT ep=0x01 len=16 type=BULK 
	0000  08 00 00 18 80 10 ed 03  00 71 00 10 fd 1a 00 00 |.........q......|
[2915] +99.527352 ASYNC-OUT-DONE ep=0x01 len=0 status=0 actual=16
[2916] +99.576233 ASYNC-IN-DONE ep=0x81 len=16 status=0 actual=16
	0000  08 00 00 18 ed 03 80 10  00 76 00 10 ae 02 00 00 |.........v......|
[2917] +99.576350 ASYNC-IN-SUBMIT ep=0x81 len=0 type=BULK (in, awaiting data)
[2918] +99.683351 ASYNC-OUT ep=0x01 len=16 type=BULK 
	0000  08 00 00 18 02 10 f0 03  00 5e 00 10 1e 10 00 00 |.........^......|
[2919] +99.683726 ASYNC-OUT-DONE ep=0x01 len=0 status=0 actual=16
[2920] +99.684251 ASYNC-IN-DONE ep=0x81 len=0 status=2 actual=0
[2921] +99.684301 ASYNC-IN-SUBMIT ep=0x81 len=0 type=BULK (in, awaiting data)
[2922] +99.777157 ASYNC-IN-DONE ep=0x81 len=16 status=0 actual=16
	0000  08 00 00 18 ef 03 01 10  00 8b 00 10 d2 22 00 00 |............."..|
[2923] +99.777312 ASYNC-IN-SUBMIT ep=0x81 len=0 type=BULK (in, awaiting data)
[2924] +99.787468 ASYNC-OUT ep=0x01 len=16 type=BULK 
	0000  08 00 00 18 01 10 ef 03  00 97 00 10 14 1f 00 00 |................|
[2925] +99.787700 ASYNC-OUT-DONE ep=0x01 len=0 status=0 actual=16
[2926] +99.886169 ASYNC-IN-DONE ep=0x81 len=0 status=2 actual=0
[2927] +99.886277 ASYNC-IN-SUBMIT ep=0x81 len=0 type=BULK (in, awaiting data)
[2928] +99.990273 ASYNC-IN-DONE ep=0x81 len=0 status=2 actual=0
[2929] +99.990374 ASYNC-IN-SUBMIT ep=0x81 len=0 type=BULK (in, awaiting data)
[2930] +100.101204 ASYNC-IN-DONE ep=0x81 len=0 status=2 actual=0
[2931] +100.101327 ASYNC-IN-SUBMIT ep=0x81 len=0 type=BULK (in, awaiting data)
[2932] +100.202397 ASYNC-IN-DONE ep=0x81 len=0 status=2 actual=0
[2933] +100.202497 ASYNC-IN-SUBMIT ep=0x81 len=0 type=BULK (in, awaiting data)
[2934] +100.313700 ASYNC-IN-DONE ep=0x81 len=0 status=2 actual=0
[2935] +100.313813 ASYNC-IN-SUBMIT ep=0x81 len=0 type=BULK (in, awaiting data)
[2936] +100.379298 ASYNC-IN-DONE ep=0x81 len=16 status=0 actual=16
	0000  08 00 00 18 f0 03 02 10  00 62 00 10 09 02 00 00 |.........b......|
[2937] +100.379438 ASYNC-IN-SUBMIT ep=0x81 len=0 type=BULK (in, awaiting data)
[2938] +100.484290 ASYNC-IN-DONE ep=0x81 len=0 status=2 actual=0
[2939] +100.484388 ASYNC-IN-SUBMIT ep=0x81 len=0 type=BULK (in, awaiting data)
[2940] +100.564872 ASYNC-OUT ep=0x01 len=16 type=BULK 
	0000  08 00 00 18 80 10 ed 03  00 72 00 10 fd 1a 00 00 |.........r......|
[2941] +100.565201 ASYNC-OUT-DONE ep=0x01 len=0 status=0 actual=16
[2942] +100.579707 ASYNC-IN-DONE ep=0x81 len=16 status=0 actual=16
	0000  08 00 00 18 ed 03 80 10  00 77 00 10 ae 02 00 00 |.........w......|
[2943] +100.579826 ASYNC-IN-SUBMIT ep=0x81 len=0 type=BULK (in, awaiting data)
[2944] +100.690492 ASYNC-IN-DONE ep=0x81 len=0 status=2 actual=0
[2945] +100.690576 ASYNC-IN-SUBMIT ep=0x81 len=0 type=BULK (in, awaiting data)
[2946] +100.721038 ASYNC-OUT ep=0x01 len=16 type=BULK 
	0000  08 00 00 18 02 10 f0 03  00 5f 00 10 1e 10 00 00 |........._......|
[2947] +100.721387 ASYNC-OUT-DONE ep=0x01 len=0 status=0 actual=16
[2948] +100.781221 ASYNC-IN-DONE ep=0x81 len=16 status=0 actual=16
	0000  08 00 00 18 ef 03 01 10  00 8c 00 10 d2 22 00 00 |............."..|
[2949] +100.781378 ASYNC-IN-SUBMIT ep=0x81 len=0 type=BULK (in, awaiting data)
[2950] +100.825171 ASYNC-OUT ep=0x01 len=16 type=BULK 
	0000  08 00 00 18 01 10 ef 03  00 98 00 10 14 1f 00 00 |................|
[2951] +100.825524 ASYNC-OUT-DONE ep=0x01 len=0 status=0 actual=16
[2952] +100.892898 ASYNC-IN-DONE ep=0x81 len=0 status=2 actual=0
[2953] +100.892991 ASYNC-IN-SUBMIT ep=0x81 len=0 type=BULK (in, awaiting data)
[2954] +101.005769 ASYNC-IN-DONE ep=0x81 len=0 status=2 actual=0
[2955] +101.005876 ASYNC-IN-SUBMIT ep=0x81 len=0 type=BULK (in, awaiting data)
[2956] +101.111682 ASYNC-IN-DONE ep=0x81 len=0 status=2 actual=0
[2957] +101.111781 ASYNC-IN-SUBMIT ep=0x81 len=0 type=BULK (in, awaiting data)
[2958] +101.221800 ASYNC-IN-DONE ep=0x81 len=0 status=2 actual=0
[2959] +101.221906 ASYNC-IN-SUBMIT ep=0x81 len=0 type=BULK (in, awaiting data)
[2960] +101.330868 ASYNC-IN-DONE ep=0x81 len=0 status=2 actual=0
[2961] +101.330971 ASYNC-IN-SUBMIT ep=0x81 len=0 type=BULK (in, awaiting data)
[2962] +101.383423 ASYNC-IN-DONE ep=0x81 len=16 status=0 actual=16
	0000  08 00 00 18 f0 03 02 10  00 63 00 10 09 02 00 00 |.........c......|
[2963] +101.383494 ASYNC-IN-SUBMIT ep=0x81 len=0 type=BULK (in, awaiting data)
[2964] +101.485632 ASYNC-IN-DONE ep=0x81 len=0 status=2 actual=0
[2965] +101.485742 ASYNC-IN-SUBMIT ep=0x81 len=0 type=BULK (in, awaiting data)
[2966] +101.583864 ASYNC-IN-DONE ep=0x81 len=16 status=0 actual=16
	0000  08 00 00 18 ed 03 80 10  00 78 00 10 ae 02 00 00 |.........x......|
[2967] +101.584010 ASYNC-IN-SUBMIT ep=0x81 len=0 type=BULK (in, awaiting data)
[2968] +101.603604 ASYNC-OUT ep=0x01 len=16 type=BULK 
	0000  08 00 00 18 80 10 ed 03  00 73 00 10 fd 1a 00 00 |.........s......|
[2969] +101.603963 ASYNC-OUT-DONE ep=0x01 len=0 status=0 actual=16
[2970] +101.691975 ASYNC-IN-DONE ep=0x81 len=0 status=2 actual=0
[2971] +101.692058 ASYNC-IN-SUBMIT ep=0x81 len=0 type=BULK (in, awaiting data)
[2972] +101.759837 ASYNC-OUT ep=0x01 len=16 type=BULK 
	0000  08 00 00 18 02 10 f0 03  00 60 00 10 1e 10 00 00 |.........`......|
[2973] +101.760229 ASYNC-OUT-DONE ep=0x01 len=0 status=0 actual=16
[2974] +101.784398 ASYNC-IN-DONE ep=0x81 len=16 status=0 actual=16
	0000  08 00 00 18 ef 03 01 10  00 8d 00 10 d2 22 00 00 |............."..|
[2975] +101.784502 ASYNC-IN-SUBMIT ep=0x81 len=0 type=BULK (in, awaiting data)
[2976] +101.863958 ASYNC-OUT ep=0x01 len=16 type=BULK 
	0000  08 00 00 18 01 10 ef 03  00 99 00 10 14 1f 00 00 |................|
[2977] +101.864335 ASYNC-OUT-DONE ep=0x01 len=0 status=0 actual=16
[2978] +101.893493 ASYNC-IN-DONE ep=0x81 len=0 status=2 actual=0
[2979] +101.893639 ASYNC-IN-SUBMIT ep=0x81 len=0 type=BULK (in, awaiting data)
[2980] +102.001864 ASYNC-IN-DONE ep=0x81 len=0 status=2 actual=0
[2981] +102.001959 ASYNC-IN-SUBMIT ep=0x81 len=0 type=BULK (in, awaiting data)
[2982] +102.114836 ASYNC-IN-DONE ep=0x81 len=0 status=2 actual=0
[2983] +102.114948 ASYNC-IN-SUBMIT ep=0x81 len=0 type=BULK (in, awaiting data)
[2984] +102.221878 ASYNC-IN-DONE ep=0x81 len=0 status=2 actual=0
[2985] +102.222017 ASYNC-IN-SUBMIT ep=0x81 len=0 type=BULK (in, awaiting data)
[2986] +102.334942 ASYNC-IN-DONE ep=0x81 len=0 status=2 actual=0
[2987] +102.335033 ASYNC-IN-SUBMIT ep=0x81 len=0 type=BULK (in, awaiting data)
[2988] +102.386892 ASYNC-IN-DONE ep=0x81 len=16 status=0 actual=16
	0000  08 00 00 18 f0 03 02 10  00 64 00 10 09 02 00 00 |.........d......|
[2989] +102.387027 ASYNC-IN-SUBMIT ep=0x81 len=0 type=BULK (in, awaiting data)
[2990] +102.489228 ASYNC-IN-DONE ep=0x81 len=0 status=2 actual=0
[2991] +102.489313 ASYNC-IN-SUBMIT ep=0x81 len=0 type=BULK (in, awaiting data)
[2992] +102.587398 ASYNC-IN-DONE ep=0x81 len=16 status=0 actual=16
	0000  08 00 00 18 ed 03 80 10  00 79 00 10 ae 02 00 00 |.........y......|
[2993] +102.587520 ASYNC-IN-SUBMIT ep=0x81 len=0 type=BULK (in, awaiting data)
[2994] +102.643040 ASYNC-OUT ep=0x01 len=16 type=BULK 
	0000  08 00 00 18 80 10 ed 03  00 74 00 10 fd 1a 00 00 |.........t......|
[2995] +102.643371 ASYNC-OUT-DONE ep=0x01 len=0 status=0 actual=16
[2996] +102.693460 ASYNC-IN-DONE ep=0x81 len=0 status=2 actual=0
[2997] +102.693540 ASYNC-IN-SUBMIT ep=0x81 len=0 type=BULK (in, awaiting data)
[2998] +102.787715 ASYNC-IN-DONE ep=0x81 len=16 status=0 actual=16
	0000  08 00 00 18 ef 03 01 10  00 8e 00 10 d2 22 00 00 |............."..|
[2999] +102.787827 ASYNC-IN-SUBMIT ep=0x81 len=0 type=BULK (in, awaiting data)
[3000] +102.798766 ASYNC-OUT ep=0x01 len=16 type=BULK 
	0000  08 00 00 18 02 10 f0 03  00 61 00 10 1e 10 00 00 |.........a......|
[3001] +102.799011 ASYNC-OUT-DONE ep=0x01 len=0 status=0 actual=16
[3002] +102.896343 ASYNC-IN-DONE ep=0x81 len=0 status=2 actual=0
[3003] +102.896434 ASYNC-IN-SUBMIT ep=0x81 len=0 type=BULK (in, awaiting data)
[3004] +102.902097 ASYNC-OUT ep=0x01 len=16 type=BULK 
	0000  08 00 00 18 01 10 ef 03  00 9a 00 10 14 1f 00 00 |................|
[3005] +102.902311 ASYNC-OUT-DONE ep=0x01 len=0 status=0 actual=16
[3006] +103.004277 ASYNC-IN-DONE ep=0x81 len=0 status=2 actual=0
[3007] +103.004373 ASYNC-IN-SUBMIT ep=0x81 len=0 type=BULK (in, awaiting data)
[3008] +103.105633 ASYNC-IN-DONE ep=0x81 len=0 status=2 actual=0
[3009] +103.105740 ASYNC-IN-SUBMIT ep=0x81 len=0 type=BULK (in, awaiting data)
[3010] +103.213943 ASYNC-IN-DONE ep=0x81 len=0 status=2 actual=0
[3011] +103.214052 ASYNC-IN-SUBMIT ep=0x81 len=0 type=BULK (in, awaiting data)
[3012] +103.320943 ASYNC-IN-DONE ep=0x81 len=0 status=2 actual=0
[3013] +103.321026 ASYNC-IN-SUBMIT ep=0x81 len=0 type=BULK (in, awaiting data)
[3014] +103.390004 ASYNC-IN-DONE ep=0x81 len=16 status=0 actual=16
	0000  08 00 00 18 f0 03 02 10  00 65 00 10 09 02 00 00 |.........e......|
[3015] +103.390138 ASYNC-IN-SUBMIT ep=0x81 len=0 type=BULK (in, awaiting data)
[3016] +103.502266 ASYNC-IN-DONE ep=0x81 len=0 status=2 actual=0
[3017] +103.502368 ASYNC-IN-SUBMIT ep=0x81 len=0 type=BULK (in, awaiting data)
[3018] +103.590862 ASYNC-IN-DONE ep=0x81 len=16 status=0 actual=16
	0000  08 00 00 18 ed 03 80 10  00 7a 00 10 ae 02 00 00 |.........z......|
[3019] +103.590989 ASYNC-IN-SUBMIT ep=0x81 len=0 type=BULK (in, awaiting data)
[3020] +103.682768 ASYNC-OUT ep=0x01 len=16 type=BULK 
	0000  08 00 00 18 80 10 ed 03  00 75 00 10 fd 1a 00 00 |.........u......|
[3021] +103.683090 ASYNC-OUT-DONE ep=0x01 len=0 status=0 actual=16
[3022] +103.694900 ASYNC-IN-DONE ep=0x81 len=0 status=2 actual=0
[3023] +103.694948 ASYNC-IN-SUBMIT ep=0x81 len=0 type=BULK (in, awaiting data)
[3024] +103.791373 ASYNC-IN-DONE ep=0x81 len=16 status=0 actual=16
	0000  08 00 00 18 ef 03 01 10  00 8f 00 10 d2 22 00 00 |............."..|
[3025] +103.791503 ASYNC-IN-SUBMIT ep=0x81 len=0 type=BULK (in, awaiting data)
[3026] +103.838873 ASYNC-OUT ep=0x01 len=16 type=BULK 
	0000  08 00 00 18 02 10 f0 03  00 62 00 10 1e 10 00 00 |.........b......|
[3027] +103.839317 ASYNC-OUT-DONE ep=0x01 len=0 status=0 actual=16
[3028] +103.904362 ASYNC-IN-DONE ep=0x81 len=0 status=2 actual=0
[3029] +103.904442 ASYNC-IN-SUBMIT ep=0x81 len=0 type=BULK (in, awaiting data)
[3030] +103.942969 ASYNC-OUT ep=0x01 len=16 type=BULK 
	0000  08 00 00 18 01 10 ef 03  00 9b 00 10 14 1f 00 00 |................|
[3031] +103.943297 ASYNC-OUT-DONE ep=0x01 len=0 status=0 actual=16
[3032] +104.017267 ASYNC-IN-DONE ep=0x81 len=0 status=2 actual=0
[3033] +104.017356 ASYNC-IN-SUBMIT ep=0x81 len=0 type=BULK (in, awaiting data)
[3034] +104.121755 ASYNC-IN-DONE ep=0x81 len=0 status=2 actual=0
[3035] +104.121856 ASYNC-IN-SUBMIT ep=0x81 len=0 type=BULK (in, awaiting data)
[3036] +104.229204 ASYNC-IN-DONE ep=0x81 len=0 status=2 actual=0
[3037] +104.229295 ASYNC-IN-SUBMIT ep=0x81 len=0 type=BULK (in, awaiting data)
[3038] +104.333313 ASYNC-IN-DONE ep=0x81 len=0 status=2 actual=0
[3039] +104.333401 ASYNC-IN-SUBMIT ep=0x81 len=0 type=BULK (in, awaiting data)
[3040] +104.393749 ASYNC-IN-DONE ep=0x81 len=16 status=0 actual=16
	0000  08 00 00 18 f0 03 02 10  00 66 00 10 09 02 00 00 |.........f......|
[3041] +104.393794 ASYNC-IN-SUBMIT ep=0x81 len=0 type=BULK (in, awaiting data)
[3042] +104.502593 ASYNC-IN-DONE ep=0x81 len=0 status=2 actual=0
[3043] +104.502708 ASYNC-IN-SUBMIT ep=0x81 len=0 type=BULK (in, awaiting data)
[3044] +104.594215 ASYNC-IN-DONE ep=0x81 len=16 status=0 actual=16
	0000  08 00 00 18 ed 03 80 10  00 7b 00 10 ae 02 00 00 |.........{......|
[3045] +104.594345 ASYNC-IN-SUBMIT ep=0x81 len=0 type=BULK (in, awaiting data)
[3046] +104.696886 ASYNC-IN-DONE ep=0x81 len=0 status=2 actual=0
[3047] +104.696966 ASYNC-IN-SUBMIT ep=0x81 len=0 type=BULK (in, awaiting data)
[3048] +104.722028 ASYNC-OUT ep=0x01 len=16 type=BULK 
	0000  08 00 00 18 80 10 ed 03  00 76 00 10 fd 1a 00 00 |.........v......|
[3049] +104.722314 ASYNC-OUT-DONE ep=0x01 len=0 status=0 actual=16
[3050] +104.795093 ASYNC-IN-DONE ep=0x81 len=16 status=0 actual=16
	0000  08 00 00 18 ef 03 01 10  00 90 00 10 d2 22 00 00 |............."..|
[3051] +104.795223 ASYNC-IN-SUBMIT ep=0x81 len=0 type=BULK (in, awaiting data)
[3052] +104.877417 ASYNC-OUT ep=0x01 len=16 type=BULK 
	0000  08 00 00 18 02 10 f0 03  00 63 00 10 1e 10 00 00 |.........c......|
[3053] +104.877759 ASYNC-OUT-DONE ep=0x01 len=0 status=0 actual=16
[3054] +104.896826 ASYNC-IN-DONE ep=0x81 len=0 status=2 actual=0
[3055] +104.896923 ASYNC-IN-SUBMIT ep=0x81 len=0 type=BULK (in, awaiting data)
[3056] +104.981576 ASYNC-OUT ep=0x01 len=16 type=BULK 
	0000  08 00 00 18 01 10 ef 03  00 9c 00 10 14 1f 00 00 |................|
[3057] +104.981958 ASYNC-OUT-DONE ep=0x01 len=0 status=0 actual=16
[3058] +104.999269 ASYNC-IN-DONE ep=0x81 len=0 status=2 actual=0
[3059] +104.999372 ASYNC-IN-SUBMIT ep=0x81 len=0 type=BULK (in, awaiting data)
[3060] +105.111882 ASYNC-IN-DONE ep=0x81 len=0 status=2 actual=0
[3061] +105.111961 ASYNC-IN-SUBMIT ep=0x81 len=0 type=BULK (in, awaiting data)
[3062] +105.221381 ASYNC-IN-DONE ep=0x81 len=0 status=2 actual=0
[3063] +105.221479 ASYNC-IN-SUBMIT ep=0x81 len=0 type=BULK (in, awaiting data)
[3064] +105.325852 ASYNC-IN-DONE ep=0x81 len=0 status=2 actual=0
[3065] +105.325934 ASYNC-IN-SUBMIT ep=0x81 len=0 type=BULK (in, awaiting data)
[3066] +105.397279 ASYNC-IN-DONE ep=0x81 len=16 status=0 actual=16
	0000  08 00 00 18 f0 03 02 10  00 67 00 10 09 02 00 00 |.........g......|
[3067] +105.397372 ASYNC-IN-SUBMIT ep=0x81 len=0 type=BULK (in, awaiting data)
[3068] +105.500555 ASYNC-IN-DONE ep=0x81 len=0 status=2 actual=0
[3069] +105.500641 ASYNC-IN-SUBMIT ep=0x81 len=0 type=BULK (in, awaiting data)
[3070] +105.597955 ASYNC-IN-DONE ep=0x81 len=16 status=0 actual=16
	0000  08 00 00 18 ed 03 80 10  00 7c 00 10 ae 02 00 00 |.........|......|
[3071] +105.598083 ASYNC-IN-SUBMIT ep=0x81 len=0 type=BULK (in, awaiting data)
[3072] +105.701938 ASYNC-IN-DONE ep=0x81 len=0 status=2 actual=0
[3073] +105.702022 ASYNC-IN-SUBMIT ep=0x81 len=0 type=BULK (in, awaiting data)
[3074] +105.760761 ASYNC-OUT ep=0x01 len=16 type=BULK 
	0000  08 00 00 18 80 10 ed 03  00 77 00 10 fd 1a 00 00 |.........w......|
[3075] +105.761084 ASYNC-OUT-DONE ep=0x01 len=0 status=0 actual=16
[3076] +105.798429 ASYNC-IN-DONE ep=0x81 len=16 status=0 actual=16
	0000  08 00 00 18 ef 03 01 10  00 91 00 10 d2 22 00 00 |............."..|
[3077] +105.798556 ASYNC-IN-SUBMIT ep=0x81 len=0 type=BULK (in, awaiting data)
[3078] +105.911420 ASYNC-IN-DONE ep=0x81 len=0 status=2 actual=0
[3079] +105.911517 ASYNC-IN-SUBMIT ep=0x81 len=0 type=BULK (in, awaiting data)
[3080] +105.915419 ASYNC-OUT ep=0x01 len=16 type=BULK 
	0000  08 00 00 18 02 10 f0 03  00 64 00 10 1e 10 00 00 |.........d......|
[3081] +105.915640 ASYNC-OUT-DONE ep=0x01 len=0 status=0 actual=16
[3082] +106.019580 ASYNC-OUT ep=0x01 len=16 type=BULK 
	0000  08 00 00 18 01 10 ef 03  00 9d 00 10 14 1f 00 00 |................|
[3083] +106.019917 ASYNC-OUT-DONE ep=0x01 len=0 status=0 actual=16
[3084] +106.022887 ASYNC-IN-DONE ep=0x81 len=0 status=2 actual=0
[3085] +106.022943 ASYNC-IN-SUBMIT ep=0x81 len=0 type=BULK (in, awaiting data)
[3086] +106.131395 ASYNC-IN-DONE ep=0x81 len=0 status=2 actual=0
[3087] +106.131500 ASYNC-IN-SUBMIT ep=0x81 len=0 type=BULK (in, awaiting data)
[3088] +106.242070 ASYNC-IN-DONE ep=0x81 len=0 status=2 actual=0
[3089] +106.242166 ASYNC-IN-SUBMIT ep=0x81 len=0 type=BULK (in, awaiting data)
[3090] +106.346314 ASYNC-IN-DONE ep=0x81 len=0 status=2 actual=0
[3091] +106.346398 ASYNC-IN-SUBMIT ep=0x81 len=0 type=BULK (in, awaiting data)
[3092] +106.400508 ASYNC-IN-DONE ep=0x81 len=16 status=0 actual=16
	0000  08 00 00 18 f0 03 02 10  00 68 00 10 09 02 00 00 |.........h......|
[3093] +106.400642 ASYNC-IN-SUBMIT ep=0x81 len=0 type=BULK (in, awaiting data)
[3094] +106.505081 ASYNC-IN-DONE ep=0x81 len=0 status=2 actual=0
[3095] +106.505173 ASYNC-IN-SUBMIT ep=0x81 len=0 type=BULK (in, awaiting data)
[3096] +106.601481 ASYNC-IN-DONE ep=0x81 len=16 status=0 actual=16
	0000  08 00 00 18 ed 03 80 10  00 7d 00 10 ae 02 00 00 |.........}......|
[3097] +106.601618 ASYNC-IN-SUBMIT ep=0x81 len=0 type=BULK (in, awaiting data)
[3098] +106.702162 ASYNC-IN-DONE ep=0x81 len=0 status=2 actual=0
[3099] +106.702250 ASYNC-IN-SUBMIT ep=0x81 len=0 type=BULK (in, awaiting data)
[3100] +106.798018 ASYNC-OUT ep=0x01 len=16 type=BULK 
	0000  08 00 00 18 80 10 ed 03  00 78 00 10 fd 1a 00 00 |.........x......|
[3101] +106.798319 ASYNC-OUT-DONE ep=0x01 len=0 status=0 actual=16
[3102] +106.802151 ASYNC-IN-DONE ep=0x81 len=16 status=0 actual=16
	0000  08 00 00 18 ef 03 01 10  00 92 00 10 d2 22 00 00 |............."..|
[3103] +106.802215 ASYNC-IN-SUBMIT ep=0x81 len=0 type=BULK (in, awaiting data)
[3104] +106.911838 ASYNC-IN-DONE ep=0x81 len=0 status=2 actual=0
[3105] +106.911929 ASYNC-IN-SUBMIT ep=0x81 len=0 type=BULK (in, awaiting data)
[3106] +106.954192 ASYNC-OUT ep=0x01 len=16 type=BULK 
	0000  08 00 00 18 02 10 f0 03  00 65 00 10 1e 10 00 00 |.........e......|
[3107] +106.954487 ASYNC-OUT-DONE ep=0x01 len=0 status=0 actual=16
[3108] +107.023828 ASYNC-IN-DONE ep=0x81 len=0 status=2 actual=0
[3109] +107.023915 ASYNC-IN-SUBMIT ep=0x81 len=0 type=BULK (in, awaiting data)
[3110] +107.058286 ASYNC-OUT ep=0x01 len=16 type=BULK 
	0000  08 00 00 18 01 10 ef 03  00 9e 00 10 14 1f 00 00 |................|
[3111] +107.058537 ASYNC-OUT-DONE ep=0x01 len=0 status=0 actual=16
[3112] +107.131634 ASYNC-IN-DONE ep=0x81 len=0 status=2 actual=0
[3113] +107.131726 ASYNC-IN-SUBMIT ep=0x81 len=0 type=BULK (in, awaiting data)
[3114] +107.232415 ASYNC-IN-DONE ep=0x81 len=0 status=2 actual=0
[3115] +107.232510 ASYNC-IN-SUBMIT ep=0x81 len=0 type=BULK (in, awaiting data)
[3116] +107.344721 ASYNC-IN-DONE ep=0x81 len=0 status=2 actual=0
[3117] +107.344817 ASYNC-IN-SUBMIT ep=0x81 len=0 type=BULK (in, awaiting data)
[3118] +107.404346 ASYNC-IN-DONE ep=0x81 len=16 status=0 actual=16
	0000  08 00 00 18 f0 03 02 10  00 69 00 10 09 02 00 00 |.........i......|
[3119] +107.404446 ASYNC-IN-SUBMIT ep=0x81 len=0 type=BULK (in, awaiting data)
[3120] +107.512052 ASYNC-IN-DONE ep=0x81 len=0 status=2 actual=0
[3121] +107.512140 ASYNC-IN-SUBMIT ep=0x81 len=0 type=BULK (in, awaiting data)
[3122] +107.604787 ASYNC-IN-DONE ep=0x81 len=16 status=0 actual=16
	0000  08 00 00 18 ed 03 80 10  00 7e 00 10 ae 02 00 00 |.........~......|
[3123] +107.604924 ASYNC-IN-SUBMIT ep=0x81 len=0 type=BULK (in, awaiting data)
[3124] +107.712134 ASYNC-IN-DONE ep=0x81 len=0 status=2 actual=0
[3125] +107.712226 ASYNC-IN-SUBMIT ep=0x81 len=0 type=BULK (in, awaiting data)
[3126] +107.805855 ASYNC-IN-DONE ep=0x81 len=16 status=0 actual=16
	0000  08 00 00 18 ef 03 01 10  00 93 00 10 d2 22 00 00 |............."..|
[3127] +107.806066 ASYNC-IN-SUBMIT ep=0x81 len=0 type=BULK (in, awaiting data)
[3128] +107.837882 ASYNC-OUT ep=0x01 len=16 type=BULK 
	0000  08 00 00 18 80 10 ed 03  00 79 00 10 fd 1a 00 00 |.........y......|
[3129] +107.838200 ASYNC-OUT-DONE ep=0x01 len=0 status=0 actual=16
[3130] +107.916126 ASYNC-IN-DONE ep=0x81 len=0 status=2 actual=0
[3131] +107.916220 ASYNC-IN-SUBMIT ep=0x81 len=0 type=BULK (in, awaiting data)
[3132] +107.994006 ASYNC-OUT ep=0x01 len=16 type=BULK 
	0000  08 00 00 18 02 10 f0 03  00 66 00 10 1e 10 00 00 |.........f......|
[3133] +107.994350 ASYNC-OUT-DONE ep=0x01 len=0 status=0 actual=16
[3134] +108.028183 ASYNC-IN-DONE ep=0x81 len=0 status=2 actual=0
[3135] +108.028270 ASYNC-IN-SUBMIT ep=0x81 len=0 type=BULK (in, awaiting data)
[3136] +108.098066 ASYNC-OUT ep=0x01 len=16 type=BULK 
	0000  08 00 00 18 01 10 ef 03  00 9f 00 10 14 1f 00 00 |................|
[3137] +108.098493 ASYNC-OUT-DONE ep=0x01 len=0 status=0 actual=16
[3138] +108.140005 ASYNC-IN-DONE ep=0x81 len=0 status=2 actual=0
[3139] +108.140097 ASYNC-IN-SUBMIT ep=0x81 len=0 type=BULK (in, awaiting data)
[3140] +108.243469 ASYNC-IN-DONE ep=0x81 len=0 status=2 actual=0
[3141] +108.243566 ASYNC-IN-SUBMIT ep=0x81 len=0 type=BULK (in, awaiting data)
[3142] +108.348414 ASYNC-IN-DONE ep=0x81 len=0 status=2 actual=0
[3143] +108.348511 ASYNC-IN-SUBMIT ep=0x81 len=0 type=BULK (in, awaiting data)
[3144] +108.407802 ASYNC-IN-DONE ep=0x81 len=16 status=0 actual=16
	0000  08 00 00 18 f0 03 02 10  00 6a 00 10 09 02 00 00 |.........j......|
[3145] +108.407914 ASYNC-IN-SUBMIT ep=0x81 len=0 type=BULK (in, awaiting data)
[3146] +108.515260 ASYNC-IN-DONE ep=0x81 len=0 status=2 actual=0
[3147] +108.515352 ASYNC-IN-SUBMIT ep=0x81 len=0 type=BULK (in, awaiting data)
[3148] +108.608546 ASYNC-IN-DONE ep=0x81 len=16 status=0 actual=16
	0000  08 00 00 18 ed 03 80 10  00 7f 00 10 ae 02 00 00 |................|
[3149] +108.608683 ASYNC-IN-SUBMIT ep=0x81 len=0 type=BULK (in, awaiting data)
[3150] +108.715199 ASYNC-IN-DONE ep=0x81 len=0 status=2 actual=0
[3151] +108.715246 ASYNC-IN-SUBMIT ep=0x81 len=0 type=BULK (in, awaiting data)
[3152] +108.809764 ASYNC-IN-DONE ep=0x81 len=16 status=0 actual=16
	0000  08 00 00 18 ef 03 01 10  00 94 00 10 d2 22 00 00 |............."..|
[3153] +108.809813 ASYNC-IN-SUBMIT ep=0x81 len=0 type=BULK (in, awaiting data)
[3154] +108.875156 ASYNC-OUT ep=0x01 len=16 type=BULK 
	0000  08 00 00 18 80 10 ed 03  00 7a 00 10 fd 1a 00 00 |.........z......|
[3155] +108.875517 ASYNC-OUT-DONE ep=0x01 len=0 status=0 actual=16
[3156] +108.915157 ASYNC-IN-DONE ep=0x81 len=0 status=2 actual=0
[3157] +108.915243 ASYNC-IN-SUBMIT ep=0x81 len=0 type=BULK (in, awaiting data)
[3158] +109.016127 ASYNC-IN-DONE ep=0x81 len=0 status=2 actual=0
[3159] +109.016225 ASYNC-IN-SUBMIT ep=0x81 len=0 type=BULK (in, awaiting data)
[3160] +109.031313 ASYNC-OUT ep=0x01 len=16 type=BULK 
	0000  08 00 00 18 02 10 f0 03  00 67 00 10 1e 10 00 00 |.........g......|
[3161] +109.031558 ASYNC-OUT-DONE ep=0x01 len=0 status=0 actual=16
[3162] +109.128369 ASYNC-IN-DONE ep=0x81 len=0 status=2 actual=0
[3163] +109.128449 ASYNC-IN-SUBMIT ep=0x81 len=0 type=BULK (in, awaiting data)
[3164] +109.135437 ASYNC-OUT ep=0x01 len=16 type=BULK 
	0000  08 00 00 18 01 10 ef 03  00 a0 00 10 14 1f 00 00 |................|
[3165] +109.135677 ASYNC-OUT-DONE ep=0x01 len=0 status=0 actual=16
[3166] +109.240887 ASYNC-IN-DONE ep=0x81 len=0 status=2 actual=0
[3167] +109.240972 ASYNC-IN-SUBMIT ep=0x81 len=0 type=BULK (in, awaiting data)
[3168] +109.353396 ASYNC-IN-DONE ep=0x81 len=0 status=2 actual=0
[3169] +109.353501 ASYNC-IN-SUBMIT ep=0x81 len=0 type=BULK (in, awaiting data)
[3170] +109.411143 ASYNC-IN-DONE ep=0x81 len=16 status=0 actual=16
	0000  08 00 00 18 f0 03 02 10  00 6b 00 10 09 02 00 00 |.........k......|
[3171] +109.411293 ASYNC-IN-SUBMIT ep=0x81 len=0 type=BULK (in, awaiting data)
[3172] +109.514803 ASYNC-IN-DONE ep=0x81 len=0 status=2 actual=0
[3173] +109.514894 ASYNC-IN-SUBMIT ep=0x81 len=0 type=BULK (in, awaiting data)
[3174] +109.611565 ASYNC-IN-DONE ep=0x81 len=16 status=0 actual=16
	0000  08 00 00 18 ed 03 80 10  00 80 00 10 ae 02 00 00 |................|
[3175] +109.611650 ASYNC-IN-SUBMIT ep=0x81 len=0 type=BULK (in, awaiting data)
[3176] +109.724363 ASYNC-IN-DONE ep=0x81 len=0 status=2 actual=0
[3177] +109.724455 ASYNC-IN-SUBMIT ep=0x81 len=0 type=BULK (in, awaiting data)
[3178] +109.812417 ASYNC-IN-DONE ep=0x81 len=16 status=0 actual=16
	0000  08 00 00 18 ef 03 01 10  00 95 00 10 d2 22 00 00 |............."..|
[3179] +109.812557 ASYNC-IN-SUBMIT ep=0x81 len=0 type=BULK (in, awaiting data)
[3180] +109.915408 ASYNC-OUT ep=0x01 len=16 type=BULK 
	0000  08 00 00 18 80 10 ed 03  00 7b 00 10 fd 1a 00 00 |.........{......|
[3181] +109.915575 ASYNC-IN-DONE ep=0x81 len=0 status=2 actual=0
[3182] +109.915628 ASYNC-IN-SUBMIT ep=0x81 len=0 type=BULK (in, awaiting data)
[3183] +109.915785 ASYNC-OUT-DONE ep=0x01 len=0 status=0 actual=16
[3184] +110.024388 ASYNC-IN-DONE ep=0x81 len=0 status=2 actual=0
[3185] +110.024476 ASYNC-IN-SUBMIT ep=0x81 len=0 type=BULK (in, awaiting data)
[3186] +110.070522 ASYNC-OUT ep=0x01 len=16 type=BULK 
	0000  08 00 00 18 02 10 f0 03  00 68 00 10 1e 10 00 00 |.........h......|
[3187] +110.070858 ASYNC-OUT-DONE ep=0x01 len=0 status=0 actual=16
[3188] +110.136867 ASYNC-IN-DONE ep=0x81 len=0 status=2 actual=0
[3189] +110.136966 ASYNC-IN-SUBMIT ep=0x81 len=0 type=BULK (in, awaiting data)
[3190] +110.174647 ASYNC-OUT ep=0x01 len=16 type=BULK 
	0000  08 00 00 18 01 10 ef 03  00 a1 00 10 14 1f 00 00 |................|
[3191] +110.174924 ASYNC-OUT-DONE ep=0x01 len=0 status=0 actual=16
[3192] +110.249392 ASYNC-IN-DONE ep=0x81 len=0 status=2 actual=0
[3193] +110.249483 ASYNC-IN-SUBMIT ep=0x81 len=0 type=BULK (in, awaiting data)
[3194] +110.351422 ASYNC-IN-DONE ep=0x81 len=0 status=2 actual=0
[3195] +110.351510 ASYNC-IN-SUBMIT ep=0x81 len=0 type=BULK (in, awaiting data)
[3196] +110.414844 ASYNC-IN-DONE ep=0x81 len=16 status=0 actual=16
	0000  08 00 00 18 f0 03 02 10  00 6c 00 10 09 02 00 00 |.........l......|
[3197] +110.414956 ASYNC-IN-SUBMIT ep=0x81 len=0 type=BULK (in, awaiting data)
[3198] +110.519761 ASYNC-IN-DONE ep=0x81 len=0 status=2 actual=0
[3199] +110.519864 ASYNC-IN-SUBMIT ep=0x81 len=0 type=BULK (in, awaiting data)
[3200] +110.615308 ASYNC-IN-DONE ep=0x81 len=16 status=0 actual=16
	0000  08 00 00 18 ed 03 80 10  00 81 00 10 ae 02 00 00 |................|
[3201] +110.615446 ASYNC-IN-SUBMIT ep=0x81 len=0 type=BULK (in, awaiting data)
[3202] +110.721459 ASYNC-IN-DONE ep=0x81 len=0 status=2 actual=0
[3203] +110.721502 ASYNC-IN-SUBMIT ep=0x81 len=0 type=BULK (in, awaiting data)
[3204] +110.816102 ASYNC-IN-DONE ep=0x81 len=16 status=0 actual=16
	0000  08 00 00 18 ef 03 01 10  00 96 00 10 d2 22 00 00 |............."..|
[3205] +110.816235 ASYNC-IN-SUBMIT ep=0x81 len=0 type=BULK (in, awaiting data)
[3206] +110.928657 ASYNC-IN-DONE ep=0x81 len=0 status=2 actual=0
[3207] +110.928736 ASYNC-IN-SUBMIT ep=0x81 len=0 type=BULK (in, awaiting data)
[3208] +110.954046 ASYNC-OUT ep=0x01 len=16 type=BULK 
	0000  08 00 00 18 80 10 ed 03  00 7c 00 10 fd 1a 00 00 |.........|......|
[3209] +110.954361 ASYNC-OUT-DONE ep=0x01 len=0 status=0 actual=16
[3210] +111.040326 ASYNC-IN-DONE ep=0x81 len=0 status=2 actual=0
[3211] +111.040403 ASYNC-IN-SUBMIT ep=0x81 len=0 type=BULK (in, awaiting data)
[3212] +111.109616 ASYNC-OUT ep=0x01 len=16 type=BULK 
	0000  08 00 00 18 02 10 f0 03  00 69 00 10 1e 10 00 00 |.........i......|
[3213] +111.109967 ASYNC-OUT-DONE ep=0x01 len=0 status=0 actual=16
[3214] +111.152820 ASYNC-IN-DONE ep=0x81 len=0 status=2 actual=0
[3215] +111.152887 ASYNC-IN-SUBMIT ep=0x81 len=0 type=BULK (in, awaiting data)
[3216] +111.212910 ASYNC-OUT ep=0x01 len=16 type=BULK 
	0000  08 00 00 18 01 10 ef 03  00 a2 00 10 14 1f 00 00 |................|
[3217] +111.213247 ASYNC-OUT-DONE ep=0x01 len=0 status=0 actual=16
[3218] +111.254453 ASYNC-IN-DONE ep=0x81 len=0 status=2 actual=0
[3219] +111.254516 ASYNC-IN-SUBMIT ep=0x81 len=0 type=BULK (in, awaiting data)
[3220] +111.357104 ASYNC-IN-DONE ep=0x81 len=0 status=2 actual=0
[3221] +111.357233 ASYNC-IN-SUBMIT ep=0x81 len=0 type=BULK (in, awaiting data)
[3222] +111.418113 ASYNC-IN-DONE ep=0x81 len=16 status=0 actual=16
	0000  08 00 00 18 f0 03 02 10  00 6d 00 10 09 02 00 00 |.........m......|
[3223] +111.418221 ASYNC-IN-SUBMIT ep=0x81 len=0 type=BULK (in, awaiting data)
[3224] +111.524737 ASYNC-IN-DONE ep=0x81 len=0 status=2 actual=0
[3225] +111.524813 ASYNC-IN-SUBMIT ep=0x81 len=0 type=BULK (in, awaiting data)
[3226] +111.618693 ASYNC-IN-DONE ep=0x81 len=16 status=0 actual=16
	0000  08 00 00 18 ed 03 80 10  00 82 00 10 ae 02 00 00 |................|
[3227] +111.618816 ASYNC-IN-SUBMIT ep=0x81 len=0 type=BULK (in, awaiting data)
[3228] +111.731697 ASYNC-IN-DONE ep=0x81 len=0 status=2 actual=0
[3229] +111.731790 ASYNC-IN-SUBMIT ep=0x81 len=0 type=BULK (in, awaiting data)
[3230] +111.819549 ASYNC-IN-DONE ep=0x81 len=16 status=0 actual=16
	0000  08 00 00 18 ef 03 01 10  00 97 00 10 d2 22 00 00 |............."..|
[3231] +111.819694 ASYNC-IN-SUBMIT ep=0x81 len=0 type=BULK (in, awaiting data)
[3232] +111.926433 ASYNC-IN-DONE ep=0x81 len=0 status=2 actual=0
[3233] +111.926525 ASYNC-IN-SUBMIT ep=0x81 len=0 type=BULK (in, awaiting data)
[3234] +111.990313 ASYNC-OUT ep=0x01 len=16 type=BULK 
	0000  08 00 00 18 80 10 ed 03  00 7d 00 10 fd 1a 00 00 |.........}......|
[3235] +111.990778 ASYNC-OUT-DONE ep=0x01 len=0 status=0 actual=16
[3236] +112.037885 ASYNC-IN-DONE ep=0x81 len=0 status=2 actual=0
[3237] +112.037965 ASYNC-IN-SUBMIT ep=0x81 len=0 type=BULK (in, awaiting data)
[3238] +112.145896 ASYNC-OUT ep=0x01 len=16 type=BULK 
	0000  08 00 00 18 02 10 f0 03  00 6a 00 10 1e 10 00 00 |.........j......|
[3239] +112.146241 ASYNC-OUT-DONE ep=0x01 len=0 status=0 actual=16
[3240] +112.149328 ASYNC-IN-DONE ep=0x81 len=0 status=2 actual=0
[3241] +112.149361 ASYNC-IN-SUBMIT ep=0x81 len=0 type=BULK (in, awaiting data)
[3242] +112.249966 ASYNC-OUT ep=0x01 len=16 type=BULK 
	0000  08 00 00 18 01 10 ef 03  00 a3 00 10 14 1f 00 00 |................|
[3243] +112.250318 ASYNC-OUT-DONE ep=0x01 len=0 status=0 actual=16
[3244] +112.260848 ASYNC-IN-DONE ep=0x81 len=0 status=2 actual=0
[3245] +112.260901 ASYNC-IN-SUBMIT ep=0x81 len=0 type=BULK (in, awaiting data)
[3246] +112.372781 ASYNC-IN-DONE ep=0x81 len=0 status=2 actual=0
[3247] +112.372860 ASYNC-IN-SUBMIT ep=0x81 len=0 type=BULK (in, awaiting data)
[3248] +112.421629 ASYNC-IN-DONE ep=0x81 len=16 status=0 actual=16
	0000  08 00 00 18 f0 03 02 10  00 6e 00 10 09 02 00 00 |.........n......|
[3249] +112.421743 ASYNC-IN-SUBMIT ep=0x81 len=0 type=BULK (in, awaiting data)
[3250] +112.534553 ASYNC-IN-DONE ep=0x81 len=0 status=2 actual=0
[3251] +112.534651 ASYNC-IN-SUBMIT ep=0x81 len=0 type=BULK (in, awaiting data)
[3252] +112.622102 ASYNC-IN-DONE ep=0x81 len=16 status=0 actual=16
	0000  08 00 00 18 ed 03 80 10  00 83 00 10 ae 02 00 00 |................|
[3253] +112.622197 ASYNC-IN-SUBMIT ep=0x81 len=0 type=BULK (in, awaiting data)
[3254] +112.731006 ASYNC-IN-DONE ep=0x81 len=0 status=2 actual=0
[3255] +112.731100 ASYNC-IN-SUBMIT ep=0x81 len=0 type=BULK (in, awaiting data)
[3256] +112.823015 ASYNC-IN-DONE ep=0x81 len=16 status=0 actual=16
	0000  08 00 00 18 ef 03 01 10  00 98 00 10 d2 22 00 00 |............."..|
[3257] +112.823160 ASYNC-IN-SUBMIT ep=0x81 len=0 type=BULK (in, awaiting data)
[3258] +112.932838 ASYNC-IN-DONE ep=0x81 len=0 status=2 actual=0
[3259] +112.932901 ASYNC-IN-SUBMIT ep=0x81 len=0 type=BULK (in, awaiting data)
[3260] +113.028328 ASYNC-OUT ep=0x01 len=16 type=BULK 
	0000  08 00 00 18 80 10 ed 03  00 7e 00 10 fd 1a 00 00 |.........~......|
[3261] +113.028667 ASYNC-OUT-DONE ep=0x01 len=0 status=0 actual=16
[3262] +113.044073 ASYNC-IN-DONE ep=0x81 len=0 status=2 actual=0
[3263] +113.044150 ASYNC-IN-SUBMIT ep=0x81 len=0 type=BULK (in, awaiting data)
[3264] +113.156934 ASYNC-IN-DONE ep=0x81 len=0 status=2 actual=0
[3265] +113.157024 ASYNC-IN-SUBMIT ep=0x81 len=0 type=BULK (in, awaiting data)
[3266] +113.184140 ASYNC-OUT ep=0x01 len=16 type=BULK 
	0000  08 00 00 18 02 10 f0 03  00 6b 00 10 1e 10 00 00 |.........k......|
[3267] +113.184447 ASYNC-OUT-DONE ep=0x01 len=0 status=0 actual=16
[3268] +113.262390 ASYNC-IN-DONE ep=0x81 len=0 status=2 actual=0
[3269] +113.262422 ASYNC-IN-SUBMIT ep=0x81 len=0 type=BULK (in, awaiting data)
[3270] +113.288291 ASYNC-OUT ep=0x01 len=16 type=BULK 
	0000  08 00 00 18 01 10 ef 03  00 a4 00 10 14 1f 00 00 |................|
[3271] +113.288578 ASYNC-OUT-DONE ep=0x01 len=0 status=0 actual=16
[3272] +113.366224 ASYNC-IN-DONE ep=0x81 len=0 status=2 actual=0
[3273] +113.366250 ASYNC-IN-SUBMIT ep=0x81 len=0 type=BULK (in, awaiting data)
[3274] +113.425399 ASYNC-IN-DONE ep=0x81 len=16 status=0 actual=16
	0000  08 00 00 18 f0 03 02 10  00 6f 00 10 09 02 00 00 |.........o......|
[3275] +113.425433 ASYNC-IN-SUBMIT ep=0x81 len=0 type=BULK (in, awaiting data)
[3276] +113.531022 ASYNC-IN-DONE ep=0x81 len=0 status=2 actual=0
[3277] +113.531069 ASYNC-IN-SUBMIT ep=0x81 len=0 type=BULK (in, awaiting data)
[3278] +113.625868 ASYNC-IN-DONE ep=0x81 len=16 status=0 actual=16
	0000  08 00 00 18 ed 03 80 10  00 84 00 10 ae 02 00 00 |................|
[3279] +113.625920 ASYNC-IN-SUBMIT ep=0x81 len=0 type=BULK (in, awaiting data)
[3280] +113.731384 ASYNC-IN-DONE ep=0x81 len=0 status=2 actual=0
[3281] +113.731450 ASYNC-IN-SUBMIT ep=0x81 len=0 type=BULK (in, awaiting data)
[3282] +113.826266 ASYNC-IN-DONE ep=0x81 len=16 status=0 actual=16
	0000  08 00 00 18 ef 03 01 10  00 99 00 10 d2 22 00 00 |............."..|
[3283] +113.826361 ASYNC-IN-SUBMIT ep=0x81 len=0 type=BULK (in, awaiting data)
[3284] +113.932181 ASYNC-IN-DONE ep=0x81 len=0 status=2 actual=0
[3285] +113.932331 ASYNC-IN-SUBMIT ep=0x81 len=0 type=BULK (in, awaiting data)
[3286] +114.040511 ASYNC-IN-DONE ep=0x81 len=0 status=2 actual=0
[3287] +114.040585 ASYNC-IN-SUBMIT ep=0x81 len=0 type=BULK (in, awaiting data)
[3288] +114.066526 ASYNC-OUT ep=0x01 len=16 type=BULK 
	0000  08 00 00 18 80 10 ed 03  00 7f 00 10 fd 1a 00 00 |................|
[3289] +114.067053 ASYNC-OUT-DONE ep=0x01 len=0 status=0 actual=16
[3290] +114.152968 ASYNC-IN-DONE ep=0x81 len=0 status=2 actual=0
[3291] +114.153053 ASYNC-IN-SUBMIT ep=0x81 len=0 type=BULK (in, awaiting data)
[3292] +114.222603 ASYNC-OUT ep=0x01 len=16 type=BULK 
	0000  08 00 00 18 02 10 f0 03  00 6c 00 10 1e 10 00 00 |.........l......|
[3293] +114.222924 ASYNC-OUT-DONE ep=0x01 len=0 status=0 actual=16
[3294] +114.265868 ASYNC-IN-DONE ep=0x81 len=0 status=2 actual=0
[3295] +114.265965 ASYNC-IN-SUBMIT ep=0x81 len=0 type=BULK (in, awaiting data)
[3296] +114.326735 ASYNC-OUT ep=0x01 len=16 type=BULK 
	0000  08 00 00 18 01 10 ef 03  00 a5 00 10 14 1f 00 00 |................|
[3297] +114.327075 ASYNC-OUT-DONE ep=0x01 len=0 status=0 actual=16
[3298] +114.371660 ASYNC-IN-DONE ep=0x81 len=0 status=2 actual=0
[3299] +114.371729 ASYNC-IN-SUBMIT ep=0x81 len=0 type=BULK (in, awaiting data)
[3300] +114.428256 ASYNC-IN-DONE ep=0x81 len=16 status=0 actual=16
	0000  08 00 00 18 f0 03 02 10  00 70 00 10 09 02 00 00 |.........p......|
[3301] +114.428367 ASYNC-IN-SUBMIT ep=0x81 len=0 type=BULK (in, awaiting data)
[3302] +114.538201 ASYNC-IN-DONE ep=0x81 len=0 status=2 actual=0
[3303] +114.538308 ASYNC-IN-SUBMIT ep=0x81 len=0 type=BULK (in, awaiting data)
[3304] +114.629479 ASYNC-IN-DONE ep=0x81 len=16 status=0 actual=16
	0000  08 00 00 18 ed 03 80 10  00 85 00 10 ae 02 00 00 |................|
[3305] +114.629618 ASYNC-IN-SUBMIT ep=0x81 len=0 type=BULK (in, awaiting data)
[3306] +114.741675 ASYNC-IN-DONE ep=0x81 len=0 status=2 actual=0
[3307] +114.741763 ASYNC-IN-SUBMIT ep=0x81 len=0 type=BULK (in, awaiting data)
[3308] +114.830013 ASYNC-IN-DONE ep=0x81 len=16 status=0 actual=16
	0000  08 00 00 18 ef 03 01 10  00 9a 00 10 d2 22 00 00 |............."..|
[3309] +114.830151 ASYNC-IN-SUBMIT ep=0x81 len=0 type=BULK (in, awaiting data)
[3310] +114.942973 ASYNC-IN-DONE ep=0x81 len=0 status=2 actual=0
[3311] +114.943081 ASYNC-IN-SUBMIT ep=0x81 len=0 type=BULK (in, awaiting data)
[3312] +115.048413 ASYNC-IN-DONE ep=0x81 len=0 status=2 actual=0
[3313] +115.048512 ASYNC-IN-SUBMIT ep=0x81 len=0 type=BULK (in, awaiting data)
[3314] +115.104887 ASYNC-OUT ep=0x01 len=16 type=BULK 
	0000  08 00 00 18 80 10 ed 03  00 80 00 10 fd 1a 00 00 |................|
[3315] +115.105211 ASYNC-OUT-DONE ep=0x01 len=0 status=0 actual=16
[3316] +115.158368 ASYNC-IN-DONE ep=0x81 len=0 status=2 actual=0
[3317] +115.158441 ASYNC-IN-SUBMIT ep=0x81 len=0 type=BULK (in, awaiting data)
[3318] +115.260090 ASYNC-OUT ep=0x01 len=16 type=BULK 
	0000  08 00 00 18 02 10 f0 03  00 6d 00 10 1e 10 00 00 |.........m......|
[3319] +115.260420 ASYNC-OUT-DONE ep=0x01 len=0 status=0 actual=16
[3320] +115.262530 ASYNC-IN-DONE ep=0x81 len=0 status=2 actual=0
[3321] +115.262557 ASYNC-IN-SUBMIT ep=0x81 len=0 type=BULK (in, awaiting data)
[3322] +115.364197 ASYNC-OUT ep=0x01 len=16 type=BULK 
	0000  08 00 00 18 01 10 ef 03  00 a6 00 10 14 1f 00 00 |................|
[3323] +115.364531 ASYNC-OUT-DONE ep=0x01 len=0 status=0 actual=16
[3324] +115.365830 ASYNC-IN-DONE ep=0x81 len=0 status=2 actual=0
[3325] +115.365864 ASYNC-IN-SUBMIT ep=0x81 len=0 type=BULK (in, awaiting data)
[3326] +115.432056 ASYNC-IN-DONE ep=0x81 len=16 status=0 actual=16
	0000  08 00 00 18 f0 03 02 10  00 71 00 10 09 02 00 00 |.........q......|
[3327] +115.432195 ASYNC-IN-SUBMIT ep=0x81 len=0 type=BULK (in, awaiting data)
[3328] +115.540654 ASYNC-IN-DONE ep=0x81 len=0 status=2 actual=0
[3329] +115.540743 ASYNC-IN-SUBMIT ep=0x81 len=0 type=BULK (in, awaiting data)
[3330] +115.633287 ASYNC-IN-DONE ep=0x81 len=16 status=0 actual=16
	0000  08 00 00 18 ed 03 80 10  00 86 00 10 ae 02 00 00 |................|
[3331] +115.633416 ASYNC-IN-SUBMIT ep=0x81 len=0 type=BULK (in, awaiting data)
[3332] +115.746095 ASYNC-IN-DONE ep=0x81 len=0 status=2 actual=0
[3333] +115.746148 ASYNC-IN-SUBMIT ep=0x81 len=0 type=BULK (in, awaiting data)
[3334] +115.834041 ASYNC-IN-DONE ep=0x81 len=16 status=0 actual=16
	0000  08 00 00 18 ef 03 01 10  00 9b 00 10 d2 22 00 00 |............."..|
[3335] +115.834173 ASYNC-IN-SUBMIT ep=0x81 len=0 type=BULK (in, awaiting data)
[3336] +115.946489 ASYNC-IN-DONE ep=0x81 len=0 status=2 actual=0
[3337] +115.946582 ASYNC-IN-SUBMIT ep=0x81 len=0 type=BULK (in, awaiting data)
[3338] +116.050558 ASYNC-IN-DONE ep=0x81 len=0 status=2 actual=0
[3339] +116.050652 ASYNC-IN-SUBMIT ep=0x81 len=0 type=BULK (in, awaiting data)
[3340] +116.142505 ASYNC-OUT ep=0x01 len=16 type=BULK 
	0000  08 00 00 18 80 10 ed 03  00 81 00 10 fd 1a 00 00 |................|
[3341] +116.142803 ASYNC-OUT-DONE ep=0x01 len=0 status=0 actual=16
[3342] +116.156262 ASYNC-IN-DONE ep=0x81 len=0 status=2 actual=0
[3343] +116.156347 ASYNC-IN-SUBMIT ep=0x81 len=0 type=BULK (in, awaiting data)
[3344] +116.264471 ASYNC-IN-DONE ep=0x81 len=0 status=2 actual=0
[3345] +116.264578 ASYNC-IN-SUBMIT ep=0x81 len=0 type=BULK (in, awaiting data)
[3346] +116.298662 ASYNC-OUT ep=0x01 len=16 type=BULK 
	0000  08 00 00 18 02 10 f0 03  00 6e 00 10 1e 10 00 00 |.........n......|
[3347] +116.298968 ASYNC-OUT-DONE ep=0x01 len=0 status=0 actual=16
[3348] +116.376848 ASYNC-IN-DONE ep=0x81 len=0 status=2 actual=0
[3349] +116.376946 ASYNC-IN-SUBMIT ep=0x81 len=0 type=BULK (in, awaiting data)
[3350] +116.402772 ASYNC-OUT ep=0x01 len=16 type=BULK 
	0000  08 00 00 18 01 10 ef 03  00 a7 00 10 14 1f 00 00 |................|
[3351] +116.403034 ASYNC-OUT-DONE ep=0x01 len=0 status=0 actual=16
[3352] +116.435449 ASYNC-IN-DONE ep=0x81 len=16 status=0 actual=16
	0000  08 00 00 18 f0 03 02 10  00 72 00 10 09 02 00 00 |.........r......|
[3353] +116.435549 ASYNC-IN-SUBMIT ep=0x81 len=0 type=BULK (in, awaiting data)
[3354] +116.548402 ASYNC-IN-DONE ep=0x81 len=0 status=2 actual=0
[3355] +116.548494 ASYNC-IN-SUBMIT ep=0x81 len=0 type=BULK (in, awaiting data)
[3356] +116.636109 ASYNC-IN-DONE ep=0x81 len=16 status=0 actual=16
	0000  08 00 00 18 ed 03 80 10  00 87 00 10 ae 02 00 00 |................|
[3357] +116.636236 ASYNC-IN-SUBMIT ep=0x81 len=0 type=BULK (in, awaiting data)
[3358] +116.745912 ASYNC-IN-DONE ep=0x81 len=0 status=2 actual=0
[3359] +116.745993 ASYNC-IN-SUBMIT ep=0x81 len=0 type=BULK (in, awaiting data)
[3360] +116.836977 ASYNC-IN-DONE ep=0x81 len=16 status=0 actual=16
	0000  08 00 00 18 ef 03 01 10  00 9c 00 10 d2 22 00 00 |............."..|
[3361] +116.837101 ASYNC-IN-SUBMIT ep=0x81 len=0 type=BULK (in, awaiting data)
[3362] +116.938421 ASYNC-IN-DONE ep=0x81 len=0 status=2 actual=0
[3363] +116.938511 ASYNC-IN-SUBMIT ep=0x81 len=0 type=BULK (in, awaiting data)
[3364] +117.048900 ASYNC-IN-DONE ep=0x81 len=0 status=2 actual=0
[3365] +117.049008 ASYNC-IN-SUBMIT ep=0x81 len=0 type=BULK (in, awaiting data)
[3366] +117.151155 ASYNC-IN-DONE ep=0x81 len=0 status=2 actual=0
[3367] +117.151261 ASYNC-IN-SUBMIT ep=0x81 len=0 type=BULK (in, awaiting data)
[3368] +117.181233 ASYNC-OUT ep=0x01 len=16 type=BULK 
	0000  08 00 00 18 80 10 ed 03  00 82 00 10 fd 1a 00 00 |................|
[3369] +117.181555 ASYNC-OUT-DONE ep=0x01 len=0 status=0 actual=16
[3370] +117.264074 ASYNC-IN-DONE ep=0x81 len=0 status=2 actual=0
[3371] +117.264156 ASYNC-IN-SUBMIT ep=0x81 len=0 type=BULK (in, awaiting data)
[3372] +117.337333 ASYNC-OUT ep=0x01 len=16 type=BULK 
	0000  08 00 00 18 02 10 f0 03  00 6f 00 10 1e 10 00 00 |.........o......|
[3373] +117.337687 ASYNC-OUT-DONE ep=0x01 len=0 status=0 actual=16
[3374] +117.373323 ASYNC-IN-DONE ep=0x81 len=0 status=2 actual=0
[3375] +117.373381 ASYNC-IN-SUBMIT ep=0x81 len=0 type=BULK (in, awaiting data)
[3376] +117.438687 ASYNC-IN-DONE ep=0x81 len=16 status=0 actual=16
	0000  08 00 00 18 f0 03 02 10  00 73 00 10 09 02 00 00 |.........s......|
[3377] +117.438829 ASYNC-IN-SUBMIT ep=0x81 len=0 type=BULK (in, awaiting data)
[3378] +117.441185 ASYNC-OUT ep=0x01 len=16 type=BULK 
	0000  08 00 00 18 01 10 ef 03  00 a8 00 10 14 1f 00 00 |................|
[3379] +117.441489 ASYNC-OUT-DONE ep=0x01 len=0 status=0 actual=16
[3380] +117.551740 ASYNC-IN-DONE ep=0x81 len=0 status=2 actual=0
[3381] +117.551842 ASYNC-IN-SUBMIT ep=0x81 len=0 type=BULK (in, awaiting data)
[3382] +117.639801 ASYNC-IN-DONE ep=0x81 len=16 status=0 actual=16
	0000  08 00 00 18 ed 03 80 10  00 88 00 10 ae 02 00 00 |................|
[3383] +117.639941 ASYNC-IN-SUBMIT ep=0x81 len=0 type=BULK (in, awaiting data)
[3384] +117.749177 ASYNC-IN-DONE ep=0x81 len=0 status=2 actual=0
[3385] +117.749279 ASYNC-IN-SUBMIT ep=0x81 len=0 type=BULK (in, awaiting data)
[3386] +117.840174 ASYNC-IN-DONE ep=0x81 len=16 status=0 actual=16
	0000  08 00 00 18 ef 03 01 10  00 9d 00 10 d2 22 00 00 |............."..|
[3387] +117.840314 ASYNC-IN-SUBMIT ep=0x81 len=0 type=BULK (in, awaiting data)
[3388] +117.941505 ASYNC-IN-DONE ep=0x81 len=0 status=2 actual=0
[3389] +117.941582 ASYNC-IN-SUBMIT ep=0x81 len=0 type=BULK (in, awaiting data)
[3390] +118.053441 ASYNC-IN-DONE ep=0x81 len=0 status=2 actual=0
[3391] +118.053543 ASYNC-IN-SUBMIT ep=0x81 len=0 type=BULK (in, awaiting data)
[3392] +118.164356 ASYNC-IN-DONE ep=0x81 len=0 status=2 actual=0
[3393] +118.164411 ASYNC-IN-SUBMIT ep=0x81 len=0 type=BULK (in, awaiting data)
[3394] +118.221777 ASYNC-OUT ep=0x01 len=16 type=BULK 
	0000  08 00 00 18 80 10 ed 03  00 83 00 10 fd 1a 00 00 |................|
[3395] +118.222142 ASYNC-OUT-DONE ep=0x01 len=0 status=0 actual=16
[3396] +118.275353 ASYNC-IN-DONE ep=0x81 len=0 status=2 actual=0
[3397] +118.275454 ASYNC-IN-SUBMIT ep=0x81 len=0 type=BULK (in, awaiting data)
[3398] +118.377955 ASYNC-OUT ep=0x01 len=16 type=BULK 
	0000  08 00 00 18 02 10 f0 03  00 70 00 10 1e 10 00 00 |.........p......|
[3399] +118.378289 ASYNC-OUT-DONE ep=0x01 len=0 status=0 actual=16
[3400] +118.385069 ASYNC-IN-DONE ep=0x81 len=0 status=2 actual=0
[3401] +118.385108 ASYNC-IN-SUBMIT ep=0x81 len=0 type=BULK (in, awaiting data)
[3402] +118.442370 ASYNC-IN-DONE ep=0x81 len=16 status=0 actual=16
	0000  08 00 00 18 f0 03 02 10  00 74 00 10 09 02 00 00 |.........t......|
[3403] +118.442490 ASYNC-IN-SUBMIT ep=0x81 len=0 type=BULK (in, awaiting data)
[3404] +118.481965 ASYNC-OUT ep=0x01 len=16 type=BULK 
	0000  08 00 00 18 01 10 ef 03  00 a9 00 10 14 1f 00 00 |................|
[3405] +118.482235 ASYNC-OUT-DONE ep=0x01 len=0 status=0 actual=16
[3406] +118.548541 ASYNC-IN-DONE ep=0x81 len=0 status=2 actual=0
[3407] +118.548637 ASYNC-IN-SUBMIT ep=0x81 len=0 type=BULK (in, awaiting data)
[3408] +118.642740 ASYNC-IN-DONE ep=0x81 len=16 status=0 actual=16
	0000  08 00 00 18 ed 03 80 10  00 89 00 10 ae 02 00 00 |................|
[3409] +118.642839 ASYNC-IN-SUBMIT ep=0x81 len=0 type=BULK (in, awaiting data)
[3410] +118.753964 ASYNC-IN-DONE ep=0x81 len=0 status=2 actual=0
[3411] +118.754055 ASYNC-IN-SUBMIT ep=0x81 len=0 type=BULK (in, awaiting data)
[3412] +118.843460 ASYNC-IN-DONE ep=0x81 len=16 status=0 actual=16
	0000  08 00 00 18 ef 03 01 10  00 9e 00 10 d2 22 00 00 |............."..|
[3413] +118.843577 ASYNC-IN-SUBMIT ep=0x81 len=0 type=BULK (in, awaiting data)
[3414] +118.953843 ASYNC-IN-DONE ep=0x81 len=0 status=2 actual=0
[3415] +118.953943 ASYNC-IN-SUBMIT ep=0x81 len=0 type=BULK (in, awaiting data)
[3416] +119.056643 ASYNC-IN-DONE ep=0x81 len=0 status=2 actual=0
[3417] +119.056723 ASYNC-IN-SUBMIT ep=0x81 len=0 type=BULK (in, awaiting data)
[3418] +119.167036 ASYNC-IN-DONE ep=0x81 len=0 status=2 actual=0
[3419] +119.167116 ASYNC-IN-SUBMIT ep=0x81 len=0 type=BULK (in, awaiting data)
[3420] +119.259690 ASYNC-OUT ep=0x01 len=16 type=BULK 
	0000  08 00 00 18 80 10 ed 03  00 84 00 10 fd 1a 00 00 |................|
[3421] +119.260039 ASYNC-OUT-DONE ep=0x01 len=0 status=0 actual=16
[3422] +119.279602 ASYNC-IN-DONE ep=0x81 len=0 status=2 actual=0
[3423] +119.279688 ASYNC-IN-SUBMIT ep=0x81 len=0 type=BULK (in, awaiting data)
[3424] +119.389530 ASYNC-IN-DONE ep=0x81 len=0 status=2 actual=0
[3425] +119.389631 ASYNC-IN-SUBMIT ep=0x81 len=0 type=BULK (in, awaiting data)
[3426] +119.415416 ASYNC-OUT ep=0x01 len=16 type=BULK 
	0000  08 00 00 18 02 10 f0 03  00 71 00 10 1e 10 00 00 |.........q......|
[3427] +119.415756 ASYNC-OUT-DONE ep=0x01 len=0 status=0 actual=16
[3428] +119.445845 ASYNC-IN-DONE ep=0x81 len=16 status=0 actual=16
	0000  08 00 00 18 f0 03 02 10  00 75 00 10 09 02 00 00 |.........u......|
[3429] +119.445948 ASYNC-IN-SUBMIT ep=0x81 len=0 type=BULK (in, awaiting data)
[3430] +119.519023 ASYNC-OUT ep=0x01 len=16 type=BULK 
	0000  08 00 00 18 01 10 ef 03  00 aa 00 10 14 1f 00 00 |................|
[3431] +119.519353 ASYNC-OUT-DONE ep=0x01 len=0 status=0 actual=16
[3432] +119.557690 ASYNC-IN-DONE ep=0x81 len=0 status=2 actual=0
[3433] +119.557770 ASYNC-IN-SUBMIT ep=0x81 len=0 type=BULK (in, awaiting data)
[3434] +119.646488 ASYNC-IN-DONE ep=0x81 len=16 status=0 actual=16
	0000  08 00 00 18 ed 03 80 10  00 8a 00 10 ae 02 00 00 |................|
[3435] +119.646612 ASYNC-IN-SUBMIT ep=0x81 len=0 type=BULK (in, awaiting data)
[3436] +119.755243 ASYNC-IN-DONE ep=0x81 len=0 status=2 actual=0
[3437] +119.755338 ASYNC-IN-SUBMIT ep=0x81 len=0 type=BULK (in, awaiting data)
[3438] +119.846841 ASYNC-IN-DONE ep=0x81 len=16 status=0 actual=16
	0000  08 00 00 18 ef 03 01 10  00 9f 00 10 d2 22 00 00 |............."..|
[3439] +119.846946 ASYNC-IN-SUBMIT ep=0x81 len=0 type=BULK (in, awaiting data)
[3440] +119.950467 ASYNC-IN-DONE ep=0x81 len=0 status=2 actual=0
[3441] +119.950561 ASYNC-IN-SUBMIT ep=0x81 len=0 type=BULK (in, awaiting data)
[3442] +120.058764 ASYNC-IN-DONE ep=0x81 len=0 status=2 actual=0
[3443] +120.058860 ASYNC-IN-SUBMIT ep=0x81 len=0 type=BULK (in, awaiting data)
[3444] +120.164930 ASYNC-IN-DONE ep=0x81 len=0 status=2 actual=0
[3445] +120.165019 ASYNC-IN-SUBMIT ep=0x81 len=0 type=BULK (in, awaiting data)
[3446] +120.272117 ASYNC-IN-DONE ep=0x81 len=0 status=2 actual=0
[3447] +120.272204 ASYNC-IN-SUBMIT ep=0x81 len=0 type=BULK (in, awaiting data)
[3448] +120.298034 ASYNC-OUT ep=0x01 len=16 type=BULK 
	0000  08 00 00 18 80 10 ed 03  00 85 00 10 fd 1a 00 00 |................|
[3449] +120.298367 ASYNC-OUT-DONE ep=0x01 len=0 status=0 actual=16
[3450] +120.383870 ASYNC-IN-DONE ep=0x81 len=0 status=2 actual=0
[3451] +120.383972 ASYNC-IN-SUBMIT ep=0x81 len=0 type=BULK (in, awaiting data)
[3452] +120.448938 ASYNC-IN-DONE ep=0x81 len=16 status=0 actual=16
	0000  08 00 00 18 f0 03 02 10  00 76 00 10 09 02 00 00 |.........v......|
[3453] +120.449076 ASYNC-IN-SUBMIT ep=0x81 len=0 type=BULK (in, awaiting data)
[3454] +120.454170 ASYNC-OUT ep=0x01 len=16 type=BULK 
	0000  08 00 00 18 02 10 f0 03  00 72 00 10 1e 10 00 00 |.........r......|
[3455] +120.454375 ASYNC-OUT-DONE ep=0x01 len=0 status=0 actual=16
[3456] +120.558174 ASYNC-OUT ep=0x01 len=16 type=BULK 
	0000  08 00 00 18 01 10 ef 03  00 ab 00 10 14 1f 00 00 |................|
[3457] +120.558485 ASYNC-OUT-DONE ep=0x01 len=0 status=0 actual=16
[3458] +120.559754 ASYNC-IN-DONE ep=0x81 len=0 status=2 actual=0
[3459] +120.559788 ASYNC-IN-SUBMIT ep=0x81 len=0 type=BULK (in, awaiting data)
[3460] +120.649986 ASYNC-IN-DONE ep=0x81 len=16 status=0 actual=16
	0000  08 00 00 18 ed 03 80 10  00 8b 00 10 ae 02 00 00 |................|
[3461] +120.650115 ASYNC-IN-SUBMIT ep=0x81 len=0 type=BULK (in, awaiting data)
[3462] +120.753760 ASYNC-IN-DONE ep=0x81 len=0 status=2 actual=0
[3463] +120.753852 ASYNC-IN-SUBMIT ep=0x81 len=0 type=BULK (in, awaiting data)
[3464] +120.850489 ASYNC-IN-DONE ep=0x81 len=16 status=0 actual=16
	0000  08 00 00 18 ef 03 01 10  00 a0 00 10 d2 22 00 00 |............."..|
[3465] +120.850620 ASYNC-IN-SUBMIT ep=0x81 len=0 type=BULK (in, awaiting data)
[3466] +120.951319 ASYNC-IN-DONE ep=0x81 len=0 status=2 actual=0
[3467] +120.951411 ASYNC-IN-SUBMIT ep=0x81 len=0 type=BULK (in, awaiting data)
[3468] +121.060877 ASYNC-IN-DONE ep=0x81 len=0 status=2 actual=0
[3469] +121.060973 ASYNC-IN-SUBMIT ep=0x81 len=0 type=BULK (in, awaiting data)
[3470] +121.165967 ASYNC-IN-DONE ep=0x81 len=0 status=2 actual=0
[3471] +121.166073 ASYNC-IN-SUBMIT ep=0x81 len=0 type=BULK (in, awaiting data)
[3472] +121.277796 ASYNC-IN-DONE ep=0x81 len=0 status=2 actual=0
[3473] +121.277893 ASYNC-IN-SUBMIT ep=0x81 len=0 type=BULK (in, awaiting data)
[3474] +121.336886 ASYNC-OUT ep=0x01 len=16 type=BULK 
	0000  08 00 00 18 80 10 ed 03  00 86 00 10 fd 1a 00 00 |................|
[3475] +121.337228 ASYNC-OUT-DONE ep=0x01 len=0 status=0 actual=16
[3476] +121.390695 ASYNC-IN-DONE ep=0x81 len=0 status=2 actual=0
[3477] +121.390761 ASYNC-IN-SUBMIT ep=0x81 len=0 type=BULK (in, awaiting data)
[3478] +121.452502 ASYNC-IN-DONE ep=0x81 len=16 status=0 actual=16
	0000  08 00 00 18 f0 03 02 10  00 77 00 10 09 02 00 00 |.........w......|
[3479] +121.452636 ASYNC-IN-SUBMIT ep=0x81 len=0 type=BULK (in, awaiting data)
[3480] +121.492107 ASYNC-OUT ep=0x01 len=16 type=BULK 
	0000  08 00 00 18 02 10 f0 03  00 73 00 10 1e 10 00 00 |.........s......|
[3481] +121.492355 ASYNC-OUT-DONE ep=0x01 len=0 status=0 actual=16
[3482] +121.561957 ASYNC-IN-DONE ep=0x81 len=0 status=2 actual=0
[3483] +121.562060 ASYNC-IN-SUBMIT ep=0x81 len=0 type=BULK (in, awaiting data)
[3484] +121.596267 ASYNC-OUT ep=0x01 len=16 type=BULK 
	0000  08 00 00 18 01 10 ef 03  00 ac 00 10 14 1f 00 00 |................|
[3485] +121.596583 ASYNC-OUT-DONE ep=0x01 len=0 status=0 actual=16
[3486] +121.652901 ASYNC-IN-DONE ep=0x81 len=16 status=0 actual=16
	0000  08 00 00 18 ed 03 80 10  00 8c 00 10 ae 02 00 00 |................|
[3487] +121.653025 ASYNC-IN-SUBMIT ep=0x81 len=0 type=BULK (in, awaiting data)
[3488] +121.756727 ASYNC-IN-DONE ep=0x81 len=0 status=2 actual=0
[3489] +121.756855 ASYNC-IN-SUBMIT ep=0x81 len=0 type=BULK (in, awaiting data)
[3490] +121.854012 ASYNC-IN-DONE ep=0x81 len=16 status=0 actual=16
	0000  08 00 00 18 ef 03 01 10  00 a1 00 10 d2 22 00 00 |............."..|
[3491] +121.854138 ASYNC-IN-SUBMIT ep=0x81 len=0 type=BULK (in, awaiting data)
[3492] +121.955695 ASYNC-IN-DONE ep=0x81 len=0 status=2 actual=0
[3493] +121.955772 ASYNC-IN-SUBMIT ep=0x81 len=0 type=BULK (in, awaiting data)
[3494] +122.063079 ASYNC-IN-DONE ep=0x81 len=0 status=2 actual=0
[3495] +122.063172 ASYNC-IN-SUBMIT ep=0x81 len=0 type=BULK (in, awaiting data)
[3496] +122.175602 ASYNC-IN-DONE ep=0x81 len=0 status=2 actual=0
[3497] +122.175678 ASYNC-IN-SUBMIT ep=0x81 len=0 type=BULK (in, awaiting data)
[3498] +122.284575 ASYNC-IN-DONE ep=0x81 len=0 status=2 actual=0
[3499] +122.284684 ASYNC-IN-SUBMIT ep=0x81 len=0 type=BULK (in, awaiting data)
[3500] +122.374951 ASYNC-OUT ep=0x01 len=16 type=BULK 
	0000  08 00 00 18 80 10 ed 03  00 87 00 10 fd 1a 00 00 |................|
[3501] +122.375271 ASYNC-OUT-DONE ep=0x01 len=0 status=0 actual=16
[3502] +122.396506 ASYNC-IN-DONE ep=0x81 len=0 status=2 actual=0
[3503] +122.396590 ASYNC-IN-SUBMIT ep=0x81 len=0 type=BULK (in, awaiting data)
[3504] +122.456063 ASYNC-IN-DONE ep=0x81 len=16 status=0 actual=16
	0000  08 00 00 18 f0 03 02 10  00 78 00 10 09 02 00 00 |.........x......|
[3505] +122.456202 ASYNC-IN-SUBMIT ep=0x81 len=0 type=BULK (in, awaiting data)
[3506] +122.530699 ASYNC-OUT ep=0x01 len=16 type=BULK 
	0000  08 00 00 18 02 10 f0 03  00 74 00 10 1e 10 00 00 |.........t......|
[3507] +122.530950 ASYNC-OUT-DONE ep=0x01 len=0 status=0 actual=16
[3508] +122.563763 ASYNC-IN-DONE ep=0x81 len=0 status=2 actual=0
[3509] +122.563861 ASYNC-IN-SUBMIT ep=0x81 len=0 type=BULK (in, awaiting data)
[3510] +122.634821 ASYNC-OUT ep=0x01 len=16 type=BULK 
	0000  08 00 00 18 01 10 ef 03  00 ad 00 10 14 1f 00 00 |................|
[3511] +122.635094 ASYNC-OUT-DONE ep=0x01 len=0 status=0 actual=16
[3512] +122.656621 ASYNC-IN-DONE ep=0x81 len=16 status=0 actual=16
	0000  08 00 00 18 ed 03 80 10  00 8d 00 10 ae 02 00 00 |................|
[3513] +122.656760 ASYNC-IN-SUBMIT ep=0x81 len=0 type=BULK (in, awaiting data)
[3514] +122.769778 ASYNC-IN-DONE ep=0x81 len=0 status=2 actual=0
[3515] +122.769939 ASYNC-IN-SUBMIT ep=0x81 len=0 type=BULK (in, awaiting data)
[3516] +122.857023 ASYNC-IN-DONE ep=0x81 len=16 status=0 actual=16
	0000  08 00 00 18 ef 03 01 10  00 a2 00 10 d2 22 00 00 |............."..|
[3517] +122.857168 ASYNC-IN-SUBMIT ep=0x81 len=0 type=BULK (in, awaiting data)
[3518] +122.970013 ASYNC-IN-DONE ep=0x81 len=0 status=2 actual=0
[3519] +122.970112 ASYNC-IN-SUBMIT ep=0x81 len=0 type=BULK (in, awaiting data)
[3520] +123.082986 ASYNC-IN-DONE ep=0x81 len=0 status=2 actual=0
[3521] +123.083088 ASYNC-IN-SUBMIT ep=0x81 len=0 type=BULK (in, awaiting data)
[3522] +123.189822 ASYNC-IN-DONE ep=0x81 len=0 status=2 actual=0
[3523] +123.189913 ASYNC-IN-SUBMIT ep=0x81 len=0 type=BULK (in, awaiting data)
[3524] +123.302729 ASYNC-IN-DONE ep=0x81 len=0 status=2 actual=0
[3525] +123.302818 ASYNC-IN-SUBMIT ep=0x81 len=0 type=BULK (in, awaiting data)
[3526] +123.413772 ASYNC-OUT ep=0x01 len=16 type=BULK 
	0000  08 00 00 18 80 10 ed 03  00 88 00 10 fd 1a 00 00 |................|
[3527] +123.413924 ASYNC-IN-DONE ep=0x81 len=0 status=2 actual=0
[3528] +123.413957 ASYNC-IN-SUBMIT ep=0x81 len=0 type=BULK (in, awaiting data)
[3529] +123.414077 ASYNC-OUT-DONE ep=0x01 len=0 status=0 actual=16
[3530] +123.459458 ASYNC-IN-DONE ep=0x81 len=16 status=0 actual=16
	0000  08 00 00 18 f0 03 02 10  00 79 00 10 09 02 00 00 |.........y......|
[3531] +123.459591 ASYNC-IN-SUBMIT ep=0x81 len=0 type=BULK (in, awaiting data)
[3532] +123.565871 ASYNC-IN-DONE ep=0x81 len=0 status=2 actual=0
[3533] +123.565968 ASYNC-IN-SUBMIT ep=0x81 len=0 type=BULK (in, awaiting data)
[3534] +123.569890 ASYNC-OUT ep=0x01 len=16 type=BULK 
	0000  08 00 00 18 02 10 f0 03  00 75 00 10 1e 10 00 00 |.........u......|
[3535] +123.570121 ASYNC-OUT-DONE ep=0x01 len=0 status=0 actual=16
[3536] +123.660879 ASYNC-IN-DONE ep=0x81 len=16 status=0 actual=16
	0000  08 00 00 18 ed 03 80 10  00 8e 00 10 ae 02 00 00 |................|
[3537] +123.661022 ASYNC-IN-SUBMIT ep=0x81 len=0 type=BULK (in, awaiting data)
[3538] +123.674063 ASYNC-OUT ep=0x01 len=16 type=BULK 
	0000  08 00 00 18 01 10 ef 03  00 ae 00 10 14 1f 00 00 |................|
[3539] +123.674318 ASYNC-OUT-DONE ep=0x01 len=0 status=0 actual=16
[3540] +123.772869 ASYNC-IN-DONE ep=0x81 len=0 status=2 actual=0
[3541] +123.772947 ASYNC-IN-SUBMIT ep=0x81 len=0 type=BULK (in, awaiting data)
[3542] +123.861248 ASYNC-IN-DONE ep=0x81 len=16 status=0 actual=16
	0000  08 00 00 18 ef 03 01 10  00 a3 00 10 d2 22 00 00 |............."..|
[3543] +123.861386 ASYNC-IN-SUBMIT ep=0x81 len=0 type=BULK (in, awaiting data)
[3544] +123.974214 ASYNC-IN-DONE ep=0x81 len=0 status=2 actual=0
[3545] +123.974323 ASYNC-IN-SUBMIT ep=0x81 len=0 type=BULK (in, awaiting data)
[3546] +124.086682 ASYNC-IN-DONE ep=0x81 len=0 status=2 actual=0
[3547] +124.086784 ASYNC-IN-SUBMIT ep=0x81 len=0 type=BULK (in, awaiting data)
[3548] +124.187418 ASYNC-IN-DONE ep=0x81 len=0 status=2 actual=0
[3549] +124.187510 ASYNC-IN-SUBMIT ep=0x81 len=0 type=BULK (in, awaiting data)
[3550] +124.289037 ASYNC-IN-DONE ep=0x81 len=0 status=2 actual=0
[3551] +124.289132 ASYNC-IN-SUBMIT ep=0x81 len=0 type=BULK (in, awaiting data)
[3552] +124.399231 ASYNC-IN-DONE ep=0x81 len=0 status=2 actual=0
[3553] +124.399332 ASYNC-IN-SUBMIT ep=0x81 len=0 type=BULK (in, awaiting data)
[3554] +124.452537 ASYNC-OUT ep=0x01 len=16 type=BULK 
	0000  08 00 00 18 80 10 ed 03  00 89 00 10 fd 1a 00 00 |................|
[3555] +124.452799 ASYNC-OUT-DONE ep=0x01 len=0 status=0 actual=16
[3556] +124.462704 ASYNC-IN-DONE ep=0x81 len=16 status=0 actual=16
	0000  08 00 00 18 f0 03 02 10  00 7a 00 10 09 02 00 00 |.........z......|
[3557] +124.462797 ASYNC-IN-SUBMIT ep=0x81 len=0 type=BULK (in, awaiting data)
[3558] +124.567966 ASYNC-IN-DONE ep=0x81 len=0 status=2 actual=0
[3559] +124.568039 ASYNC-IN-SUBMIT ep=0x81 len=0 type=BULK (in, awaiting data)
[3560] +124.608695 ASYNC-OUT ep=0x01 len=16 type=BULK 
	0000  08 00 00 18 02 10 f0 03  00 76 00 10 1e 10 00 00 |.........v......|
[3561] +124.608992 ASYNC-OUT-DONE ep=0x01 len=0 status=0 actual=16
[3562] +124.663091 ASYNC-IN-DONE ep=0x81 len=16 status=0 actual=16
	0000  08 00 00 18 ed 03 80 10  00 8f 00 10 ae 02 00 00 |................|
[3563] +124.663215 ASYNC-IN-SUBMIT ep=0x81 len=0 type=BULK (in, awaiting data)
[3564] +124.710717 ASYNC-OUT ep=0x01 len=16 type=BULK 
	0000  08 00 00 18 01 10 ef 03  00 af 00 10 14 1f 00 00 |................|
[3565] +124.711037 ASYNC-OUT-DONE ep=0x01 len=0 status=0 actual=16
[3566] +124.775822 ASYNC-IN-DONE ep=0x81 len=0 status=2 actual=0
[3567] +124.775918 ASYNC-IN-SUBMIT ep=0x81 len=0 type=BULK (in, awaiting data)
[3568] +124.864185 ASYNC-IN-DONE ep=0x81 len=16 status=0 actual=16
	0000  08 00 00 18 ef 03 01 10  00 a4 00 10 d2 22 00 00 |............."..|
[3569] +124.864331 ASYNC-IN-SUBMIT ep=0x81 len=0 type=BULK (in, awaiting data)
[3570] +124.974000 ASYNC-IN-DONE ep=0x81 len=0 status=2 actual=0
[3571] +124.974104 ASYNC-IN-SUBMIT ep=0x81 len=0 type=BULK (in, awaiting data)
[3572] +125.082366 ASYNC-IN-DONE ep=0x81 len=0 status=2 actual=0
[3573] +125.082420 ASYNC-IN-SUBMIT ep=0x81 len=0 type=BULK (in, awaiting data)
[3574] +125.193989 ASYNC-IN-DONE ep=0x81 len=0 status=2 actual=0
[3575] +125.194094 ASYNC-IN-SUBMIT ep=0x81 len=0 type=BULK (in, awaiting data)
[3576] +125.306931 ASYNC-IN-DONE ep=0x81 len=0 status=2 actual=0
[3577] +125.307024 ASYNC-IN-SUBMIT ep=0x81 len=0 type=BULK (in, awaiting data)
[3578] +125.416096 ASYNC-IN-DONE ep=0x81 len=0 status=2 actual=0
[3579] +125.416184 ASYNC-IN-SUBMIT ep=0x81 len=0 type=BULK (in, awaiting data)
[3580] +125.466267 ASYNC-IN-DONE ep=0x81 len=16 status=0 actual=16
	0000  08 00 00 18 f0 03 02 10  00 7b 00 10 09 02 00 00 |.........{......|
[3581] +125.466400 ASYNC-IN-SUBMIT ep=0x81 len=0 type=BULK (in, awaiting data)
[3582] +125.488611 ASYNC-OUT ep=0x01 len=16 type=BULK 
	0000  08 00 00 18 80 10 ed 03  00 8a 00 10 fd 1a 00 00 |................|
[3583] +125.488856 ASYNC-OUT-DONE ep=0x01 len=0 status=0 actual=16
[3584] +125.570057 ASYNC-IN-DONE ep=0x81 len=0 status=2 actual=0
[3585] +125.570144 ASYNC-IN-SUBMIT ep=0x81 len=0 type=BULK (in, awaiting data)
[3586] +125.644754 ASYNC-OUT ep=0x01 len=16 type=BULK 
	0000  08 00 00 18 02 10 f0 03  00 77 00 10 1e 10 00 00 |.........w......|
[3587] +125.645078 ASYNC-OUT-DONE ep=0x01 len=0 status=0 actual=16
[3588] +125.666612 ASYNC-IN-DONE ep=0x81 len=16 status=0 actual=16
	0000  08 00 00 18 ed 03 80 10  00 90 00 10 ae 02 00 00 |................|
[3589] +125.666700 ASYNC-IN-SUBMIT ep=0x81 len=0 type=BULK (in, awaiting data)
[3590] +125.748915 ASYNC-OUT ep=0x01 len=16 type=BULK 
	0000  08 00 00 18 01 10 ef 03  00 b0 00 10 14 1f 00 00 |................|
[3591] +125.749254 ASYNC-OUT-DONE ep=0x01 len=0 status=0 actual=16
[3592] +125.775036 ASYNC-IN-DONE ep=0x81 len=0 status=2 actual=0
[3593] +125.775128 ASYNC-IN-SUBMIT ep=0x81 len=0 type=BULK (in, awaiting data)
[3594] +125.867129 ASYNC-IN-DONE ep=0x81 len=16 status=0 actual=16
	0000  08 00 00 18 ef 03 01 10  00 a5 00 10 d2 22 00 00 |............."..|
[3595] +125.867256 ASYNC-IN-SUBMIT ep=0x81 len=0 type=BULK (in, awaiting data)
[3596] +125.975302 ASYNC-IN-DONE ep=0x81 len=0 status=2 actual=0
[3597] +125.975398 ASYNC-IN-SUBMIT ep=0x81 len=0 type=BULK (in, awaiting data)
[3598] +126.075970 ASYNC-IN-DONE ep=0x81 len=0 status=2 actual=0
[3599] +126.076070 ASYNC-IN-SUBMIT ep=0x81 len=0 type=BULK (in, awaiting data)
[3600] +126.188935 ASYNC-IN-DONE ep=0x81 len=0 status=2 actual=0
[3601] +126.189013 ASYNC-IN-SUBMIT ep=0x81 len=0 type=BULK (in, awaiting data)
[3602] +126.300987 ASYNC-IN-DONE ep=0x81 len=0 status=2 actual=0
[3603] +126.301070 ASYNC-IN-SUBMIT ep=0x81 len=0 type=BULK (in, awaiting data)
[3604] +126.408628 ASYNC-IN-DONE ep=0x81 len=0 status=2 actual=0
[3605] +126.408719 ASYNC-IN-SUBMIT ep=0x81 len=0 type=BULK (in, awaiting data)
[3606] +126.469202 ASYNC-IN-DONE ep=0x81 len=16 status=0 actual=16
	0000  08 00 00 18 f0 03 02 10  00 7c 00 10 09 02 00 00 |.........|......|
[3607] +126.469326 ASYNC-IN-SUBMIT ep=0x81 len=0 type=BULK (in, awaiting data)
[3608] +126.526828 ASYNC-OUT ep=0x01 len=16 type=BULK 
	0000  08 00 00 18 80 10 ed 03  00 8b 00 10 fd 1a 00 00 |................|
[3609] +126.527163 ASYNC-OUT-DONE ep=0x01 len=0 status=0 actual=16
[3610] +126.571192 ASYNC-IN-DONE ep=0x81 len=0 status=2 actual=0
[3611] +126.571283 ASYNC-IN-SUBMIT ep=0x81 len=0 type=BULK (in, awaiting data)
[3612] +126.670280 ASYNC-IN-DONE ep=0x81 len=16 status=0 actual=16
	0000  08 00 00 18 ed 03 80 10  00 91 00 10 ae 02 00 00 |................|
[3613] +126.670409 ASYNC-IN-SUBMIT ep=0x81 len=0 type=BULK (in, awaiting data)
[3614] +126.682941 ASYNC-OUT ep=0x01 len=16 type=BULK 
	0000  08 00 00 18 02 10 f0 03  00 78 00 10 1e 10 00 00 |.........x......|
[3615] +126.683159 ASYNC-OUT-DONE ep=0x01 len=0 status=0 actual=16
[3616] +126.783268 ASYNC-IN-DONE ep=0x81 len=0 status=2 actual=0
[3617] +126.783351 ASYNC-IN-SUBMIT ep=0x81 len=0 type=BULK (in, awaiting data)
[3618] +126.787095 ASYNC-OUT ep=0x01 len=16 type=BULK 
	0000  08 00 00 18 01 10 ef 03  00 b1 00 10 14 1f 00 00 |................|
[3619] +126.787306 ASYNC-OUT-DONE ep=0x01 len=0 status=0 actual=16
[3620] +126.870721 ASYNC-IN-DONE ep=0x81 len=16 status=0 actual=16
	0000  08 00 00 18 ef 03 01 10  00 a6 00 10 d2 22 00 00 |............."..|
[3621] +126.870854 ASYNC-IN-SUBMIT ep=0x81 len=0 type=BULK (in, awaiting data)
[3622] +126.980735 ASYNC-IN-DONE ep=0x81 len=0 status=2 actual=0
[3623] +126.980833 ASYNC-IN-SUBMIT ep=0x81 len=0 type=BULK (in, awaiting data)
[3624] +127.083291 ASYNC-IN-DONE ep=0x81 len=0 status=2 actual=0
[3625] +127.083394 ASYNC-IN-SUBMIT ep=0x81 len=0 type=BULK (in, awaiting data)
[3626] +127.192472 ASYNC-IN-DONE ep=0x81 len=0 status=2 actual=0
[3627] +127.192583 ASYNC-IN-SUBMIT ep=0x81 len=0 type=BULK (in, awaiting data)
[3628] +127.299427 ASYNC-IN-DONE ep=0x81 len=0 status=2 actual=0
[3629] +127.299516 ASYNC-IN-SUBMIT ep=0x81 len=0 type=BULK (in, awaiting data)
[3630] +127.408258 ASYNC-IN-DONE ep=0x81 len=0 status=2 actual=0
[3631] +127.408344 ASYNC-IN-SUBMIT ep=0x81 len=0 type=BULK (in, awaiting data)
[3632] +127.472780 ASYNC-IN-DONE ep=0x81 len=16 status=0 actual=16
	0000  08 00 00 18 f0 03 02 10  00 7d 00 10 09 02 00 00 |.........}......|
[3633] +127.472879 ASYNC-IN-SUBMIT ep=0x81 len=0 type=BULK (in, awaiting data)
[3634] +127.564976 ASYNC-OUT ep=0x01 len=16 type=BULK 
	0000  08 00 00 18 80 10 ed 03  00 8c 00 10 fd 1a 00 00 |................|
[3635] +127.565311 ASYNC-OUT-DONE ep=0x01 len=0 status=0 actual=16
[3636] +127.583499 ASYNC-IN-DONE ep=0x81 len=0 status=2 actual=0
[3637] +127.583593 ASYNC-IN-SUBMIT ep=0x81 len=0 type=BULK (in, awaiting data)
[3638] +127.673323 ASYNC-IN-DONE ep=0x81 len=16 status=0 actual=16
	0000  08 00 00 18 ed 03 80 10  00 92 00 10 ae 02 00 00 |................|
[3639] +127.673454 ASYNC-IN-SUBMIT ep=0x81 len=0 type=BULK (in, awaiting data)
[3640] +127.721138 ASYNC-OUT ep=0x01 len=16 type=BULK 
	0000  08 00 00 18 02 10 f0 03  00 79 00 10 1e 10 00 00 |.........y......|
[3641] +127.721447 ASYNC-OUT-DONE ep=0x01 len=0 status=0 actual=16
[3642] +127.786203 ASYNC-IN-DONE ep=0x81 len=0 status=2 actual=0
[3643] +127.786270 ASYNC-IN-SUBMIT ep=0x81 len=0 type=BULK (in, awaiting data)
[3644] +127.825275 ASYNC-OUT ep=0x01 len=16 type=BULK 
	0000  08 00 00 18 01 10 ef 03  00 b2 00 10 14 1f 00 00 |................|
[3645] +127.825687 ASYNC-OUT-DONE ep=0x01 len=0 status=0 actual=16
[3646] +127.874381 ASYNC-IN-DONE ep=0x81 len=16 status=0 actual=16
	0000  08 00 00 18 ef 03 01 10  00 a7 00 10 d2 22 00 00 |............."..|
[3647] +127.874493 ASYNC-IN-SUBMIT ep=0x81 len=0 type=BULK (in, awaiting data)
[3648] +127.981307 ASYNC-IN-DONE ep=0x81 len=0 status=2 actual=0
[3649] +127.981394 ASYNC-IN-SUBMIT ep=0x81 len=0 type=BULK (in, awaiting data)
[3650] +128.094220 ASYNC-IN-DONE ep=0x81 len=0 status=2 actual=0
[3651] +128.094319 ASYNC-IN-SUBMIT ep=0x81 len=0 type=BULK (in, awaiting data)
[3652] +128.200235 ASYNC-IN-DONE ep=0x81 len=0 status=2 actual=0
[3653] +128.200321 ASYNC-IN-SUBMIT ep=0x81 len=0 type=BULK (in, awaiting data)
[3654] +128.301103 ASYNC-IN-DONE ep=0x81 len=0 status=2 actual=0
[3655] +128.301202 ASYNC-IN-SUBMIT ep=0x81 len=0 type=BULK (in, awaiting data)
[3656] +128.413019 ASYNC-IN-DONE ep=0x81 len=0 status=2 actual=0
[3657] +128.413092 ASYNC-IN-SUBMIT ep=0x81 len=0 type=BULK (in, awaiting data)
[3658] +128.476606 ASYNC-IN-DONE ep=0x81 len=16 status=0 actual=16
	0000  08 00 00 18 f0 03 02 10  00 7e 00 10 09 02 00 00 |.........~......|
[3659] +128.476740 ASYNC-IN-SUBMIT ep=0x81 len=0 type=BULK (in, awaiting data)
[3660] +128.583347 ASYNC-IN-DONE ep=0x81 len=0 status=2 actual=0
[3661] +128.583400 ASYNC-IN-SUBMIT ep=0x81 len=0 type=BULK (in, awaiting data)
[3662] +128.604579 ASYNC-OUT ep=0x01 len=16 type=BULK 
	0000  08 00 00 18 80 10 ed 03  00 8d 00 10 fd 1a 00 00 |................|
[3663] +128.604922 ASYNC-OUT-DONE ep=0x01 len=0 status=0 actual=16
[3664] +128.676977 ASYNC-IN-DONE ep=0x81 len=16 status=0 actual=16
	0000  08 00 00 18 ed 03 80 10  00 93 00 10 ae 02 00 00 |................|
[3665] +128.677040 ASYNC-IN-SUBMIT ep=0x81 len=0 type=BULK (in, awaiting data)
[3666] +128.760316 ASYNC-OUT ep=0x01 len=16 type=BULK 
	0000  08 00 00 18 02 10 f0 03  00 7a 00 10 1e 10 00 00 |.........z......|
[3667] +128.760657 ASYNC-OUT-DONE ep=0x01 len=0 status=0 actual=16
[3668] +128.789836 ASYNC-IN-DONE ep=0x81 len=0 status=2 actual=0
[3669] +128.789912 ASYNC-IN-SUBMIT ep=0x81 len=0 type=BULK (in, awaiting data)
[3670] +128.864396 ASYNC-OUT ep=0x01 len=16 type=BULK 
	0000  08 00 00 18 01 10 ef 03  00 b3 00 10 14 1f 00 00 |................|
[3671] +128.864695 ASYNC-OUT-DONE ep=0x01 len=0 status=0 actual=16
[3672] +128.877367 ASYNC-IN-DONE ep=0x81 len=16 status=0 actual=16
	0000  08 00 00 18 ef 03 01 10  00 a8 00 10 d2 22 00 00 |............."..|
[3673] +128.877447 ASYNC-IN-SUBMIT ep=0x81 len=0 type=BULK (in, awaiting data)
[3674] +128.988641 ASYNC-IN-DONE ep=0x81 len=0 status=2 actual=0
[3675] +128.988736 ASYNC-IN-SUBMIT ep=0x81 len=0 type=BULK (in, awaiting data)
[3676] +129.092255 ASYNC-IN-DONE ep=0x81 len=0 status=2 actual=0
[3677] +129.092338 ASYNC-IN-SUBMIT ep=0x81 len=0 type=BULK (in, awaiting data)
[3678] +129.205183 ASYNC-IN-DONE ep=0x81 len=0 status=2 actual=0
[3679] +129.205284 ASYNC-IN-SUBMIT ep=0x81 len=0 type=BULK (in, awaiting data)
[3680] +129.306427 ASYNC-IN-DONE ep=0x81 len=0 status=2 actual=0
[3681] +129.306500 ASYNC-IN-SUBMIT ep=0x81 len=0 type=BULK (in, awaiting data)
[3682] +129.419272 ASYNC-IN-DONE ep=0x81 len=0 status=2 actual=0
[3683] +129.419356 ASYNC-IN-SUBMIT ep=0x81 len=0 type=BULK (in, awaiting data)
[3684] +129.479518 ASYNC-IN-DONE ep=0x81 len=16 status=0 actual=16
	0000  08 00 00 18 f0 03 02 10  00 7f 00 10 09 02 00 00 |................|
[3685] +129.479618 ASYNC-IN-SUBMIT ep=0x81 len=0 type=BULK (in, awaiting data)
[3686] +129.592346 ASYNC-IN-DONE ep=0x81 len=0 status=2 actual=0
[3687] +129.592421 ASYNC-IN-SUBMIT ep=0x81 len=0 type=BULK (in, awaiting data)
[3688] +129.642505 ASYNC-OUT ep=0x01 len=16 type=BULK 
	0000  08 00 00 18 80 10 ed 03  00 8e 00 10 fd 1a 00 00 |................|
[3689] +129.642865 ASYNC-OUT-DONE ep=0x01 len=0 status=0 actual=16
[3690] +129.680589 ASYNC-IN-DONE ep=0x81 len=16 status=0 actual=16
	0000  08 00 00 18 ed 03 80 10  00 94 00 10 ae 02 00 00 |................|
[3691] +129.680729 ASYNC-IN-SUBMIT ep=0x81 len=0 type=BULK (in, awaiting data)
[3692] +129.792323 ASYNC-IN-DONE ep=0x81 len=0 status=2 actual=0
[3693] +129.792408 ASYNC-IN-SUBMIT ep=0x81 len=0 type=BULK (in, awaiting data)
[3694] +129.798147 ASYNC-OUT ep=0x01 len=16 type=BULK 
	0000  08 00 00 18 02 10 f0 03  00 7b 00 10 1e 10 00 00 |.........{......|
[3695] +129.798433 ASYNC-OUT-DONE ep=0x01 len=0 status=0 actual=16
[3696] +129.880889 ASYNC-IN-DONE ep=0x81 len=16 status=0 actual=16
	0000  08 00 00 18 ef 03 01 10  00 a9 00 10 d2 22 00 00 |............."..|
[3697] +129.880995 ASYNC-IN-SUBMIT ep=0x81 len=0 type=BULK (in, awaiting data)
[3698] +129.902227 ASYNC-OUT ep=0x01 len=16 type=BULK 
	0000  08 00 00 18 01 10 ef 03  00 b4 00 10 14 1f 00 00 |................|
[3699] +129.902456 ASYNC-OUT-DONE ep=0x01 len=0 status=0 actual=16
[3700] +129.992837 ASYNC-IN-DONE ep=0x81 len=0 status=2 actual=0
[3701] +129.992884 ASYNC-IN-SUBMIT ep=0x81 len=0 type=BULK (in, awaiting data)
[3702] +130.103023 ASYNC-IN-DONE ep=0x81 len=0 status=2 actual=0
[3703] +130.103126 ASYNC-IN-SUBMIT ep=0x81 len=0 type=BULK (in, awaiting data)
[3704] +130.208847 ASYNC-IN-DONE ep=0x81 len=0 status=2 actual=0
[3705] +130.208961 ASYNC-IN-SUBMIT ep=0x81 len=0 type=BULK (in, awaiting data)
[3706] +130.321807 ASYNC-IN-DONE ep=0x81 len=0 status=2 actual=0
[3707] +130.321902 ASYNC-IN-SUBMIT ep=0x81 len=0 type=BULK (in, awaiting data)
[3708] +130.434714 ASYNC-IN-DONE ep=0x81 len=0 status=2 actual=0
[3709] +130.434800 ASYNC-IN-SUBMIT ep=0x81 len=0 type=BULK (in, awaiting data)
[3710] +130.483543 ASYNC-IN-DONE ep=0x81 len=16 status=0 actual=16
	0000  08 00 00 18 f0 03 02 10  00 80 00 10 09 02 00 00 |................|
[3711] +130.483676 ASYNC-IN-SUBMIT ep=0x81 len=0 type=BULK (in, awaiting data)
[3712] +130.594268 ASYNC-IN-DONE ep=0x81 len=0 status=2 actual=0
[3713] +130.594379 ASYNC-IN-SUBMIT ep=0x81 len=0 type=BULK (in, awaiting data)
[3714] +130.680889 ASYNC-OUT ep=0x01 len=16 type=BULK 
	0000  08 00 00 18 80 10 ed 03  00 8f 00 10 fd 1a 00 00 |................|
[3715] +130.681228 ASYNC-OUT-DONE ep=0x01 len=0 status=0 actual=16
[3716] +130.683873 ASYNC-IN-DONE ep=0x81 len=16 status=0 actual=16
	0000  08 00 00 18 ed 03 80 10  00 95 00 10 ae 02 00 00 |................|
[3717] +130.683941 ASYNC-IN-SUBMIT ep=0x81 len=0 type=BULK (in, awaiting data)
[3718] +130.796785 ASYNC-IN-DONE ep=0x81 len=0 status=2 actual=0
[3719] +130.796890 ASYNC-IN-SUBMIT ep=0x81 len=0 type=BULK (in, awaiting data)
[3720] +130.837075 ASYNC-OUT ep=0x01 len=16 type=BULK 
	0000  08 00 00 18 02 10 f0 03  00 7c 00 10 1e 10 00 00 |.........|......|
[3721] +130.837410 ASYNC-OUT-DONE ep=0x01 len=0 status=0 actual=16
[3722] +130.884661 ASYNC-IN-DONE ep=0x81 len=16 status=0 actual=16
	0000  08 00 00 18 ef 03 01 10  00 aa 00 10 d2 22 00 00 |............."..|
[3723] +130.884807 ASYNC-IN-SUBMIT ep=0x81 len=0 type=BULK (in, awaiting data)
[3724] +130.941167 ASYNC-OUT ep=0x01 len=16 type=BULK 
	0000  08 00 00 18 01 10 ef 03  00 b5 00 10 14 1f 00 00 |................|
[3725] +130.941483 ASYNC-OUT-DONE ep=0x01 len=0 status=0 actual=16
[3726] +130.991908 ASYNC-IN-DONE ep=0x81 len=0 status=2 actual=0
[3727] +130.992013 ASYNC-IN-SUBMIT ep=0x81 len=0 type=BULK (in, awaiting data)
[3728] +131.093657 ASYNC-IN-DONE ep=0x81 len=0 status=2 actual=0
[3729] +131.093767 ASYNC-IN-SUBMIT ep=0x81 len=0 type=BULK (in, awaiting data)
[3730] +131.200413 ASYNC-IN-DONE ep=0x81 len=0 status=2 actual=0
[3731] +131.200523 ASYNC-IN-SUBMIT ep=0x81 len=0 type=BULK (in, awaiting data)
[3732] +131.307658 ASYNC-IN-DONE ep=0x81 len=0 status=2 actual=0
[3733] +131.307737 ASYNC-IN-SUBMIT ep=0x81 len=0 type=BULK (in, awaiting data)
[3734] +131.410374 ASYNC-IN-DONE ep=0x81 len=0 status=2 actual=0
[3735] +131.410474 ASYNC-IN-SUBMIT ep=0x81 len=0 type=BULK (in, awaiting data)
[3736] +131.486665 ASYNC-IN-DONE ep=0x81 len=16 status=0 actual=16
	0000  08 00 00 18 f0 03 02 10  00 81 00 10 09 02 00 00 |................|
[3737] +131.486747 ASYNC-IN-SUBMIT ep=0x81 len=0 type=BULK (in, awaiting data)
[3738] +131.594326 ASYNC-IN-DONE ep=0x81 len=0 status=2 actual=0
[3739] +131.594426 ASYNC-IN-SUBMIT ep=0x81 len=0 type=BULK (in, awaiting data)
[3740] +131.687820 ASYNC-IN-DONE ep=0x81 len=16 status=0 actual=16
	0000  08 00 00 18 ed 03 80 10  00 96 00 10 ae 02 00 00 |................|
[3741] +131.687939 ASYNC-IN-SUBMIT ep=0x81 len=0 type=BULK (in, awaiting data)
[3742] +131.721145 ASYNC-OUT ep=0x01 len=16 type=BULK 
	0000  08 00 00 18 80 10 ed 03  00 90 00 10 fd 1a 00 00 |................|
[3743] +131.721464 ASYNC-OUT-DONE ep=0x01 len=0 status=0 actual=16
[3744] +131.800538 ASYNC-IN-DONE ep=0x81 len=0 status=2 actual=0
[3745] +131.800629 ASYNC-IN-SUBMIT ep=0x81 len=0 type=BULK (in, awaiting data)
[3746] +131.877274 ASYNC-OUT ep=0x01 len=16 type=BULK 
	0000  08 00 00 18 02 10 f0 03  00 7d 00 10 1e 10 00 00 |.........}......|
[3747] +131.877621 ASYNC-OUT-DONE ep=0x01 len=0 status=0 actual=16
[3748] +131.888207 ASYNC-IN-DONE ep=0x81 len=16 status=0 actual=16
	0000  08 00 00 18 ef 03 01 10  00 ab 00 10 d2 22 00 00 |............."..|
[3749] +131.888290 ASYNC-IN-SUBMIT ep=0x81 len=0 type=BULK (in, awaiting data)
[3750] +131.980325 ASYNC-OUT ep=0x01 len=16 type=BULK 
	0000  08 00 00 18 01 10 ef 03  00 b6 00 10 14 1f 00 00 |................|
[3751] +131.980620 ASYNC-OUT-DONE ep=0x01 len=0 status=0 actual=16
[3752] +131.998928 ASYNC-IN-DONE ep=0x81 len=0 status=2 actual=0
[3753] +131.998978 ASYNC-IN-SUBMIT ep=0x81 len=0 type=BULK (in, awaiting data)
[3754] +132.109674 ASYNC-IN-DONE ep=0x81 len=0 status=2 actual=0
[3755] +132.109759 ASYNC-IN-SUBMIT ep=0x81 len=0 type=BULK (in, awaiting data)
[3756] +132.222574 ASYNC-IN-DONE ep=0x81 len=0 status=2 actual=0
[3757] +132.222670 ASYNC-IN-SUBMIT ep=0x81 len=0 type=BULK (in, awaiting data)
[3758] +132.335508 ASYNC-IN-DONE ep=0x81 len=0 status=2 actual=0
[3759] +132.335586 ASYNC-IN-SUBMIT ep=0x81 len=0 type=BULK (in, awaiting data)
[3760] +132.440400 ASYNC-IN-DONE ep=0x81 len=0 status=2 actual=0
[3761] +132.440496 ASYNC-IN-SUBMIT ep=0x81 len=0 type=BULK (in, awaiting data)
[3762] +132.489693 ASYNC-IN-DONE ep=0x81 len=16 status=0 actual=16
	0000  08 00 00 18 f0 03 02 10  00 82 00 10 09 02 00 00 |................|
[3763] +132.489795 ASYNC-IN-SUBMIT ep=0x81 len=0 type=BULK (in, awaiting data)
[3764] +132.597454 ASYNC-IN-DONE ep=0x81 len=0 status=2 actual=0
[3765] +132.597531 ASYNC-IN-SUBMIT ep=0x81 len=0 type=BULK (in, awaiting data)
[3766] +132.690408 ASYNC-IN-DONE ep=0x81 len=16 status=0 actual=16
	0000  08 00 00 18 ed 03 80 10  00 97 00 10 ae 02 00 00 |................|
[3767] +132.690525 ASYNC-IN-SUBMIT ep=0x81 len=0 type=BULK (in, awaiting data)
[3768] +132.759768 ASYNC-OUT ep=0x01 len=16 type=BULK 
	0000  08 00 00 18 80 10 ed 03  00 91 00 10 fd 1a 00 00 |................|
[3769] +132.760106 ASYNC-OUT-DONE ep=0x01 len=0 status=0 actual=16
[3770] +132.801300 ASYNC-IN-DONE ep=0x81 len=0 status=2 actual=0
[3771] +132.801382 ASYNC-IN-SUBMIT ep=0x81 len=0 type=BULK (in, awaiting data)
[3772] +132.890958 ASYNC-IN-DONE ep=0x81 len=16 status=0 actual=16
	0000  08 00 00 18 ef 03 01 10  00 ac 00 10 d2 22 00 00 |............."..|
[3773] +132.891085 ASYNC-IN-SUBMIT ep=0x81 len=0 type=BULK (in, awaiting data)
[3774] +132.915859 ASYNC-OUT ep=0x01 len=16 type=BULK 
	0000  08 00 00 18 02 10 f0 03  00 7e 00 10 1e 10 00 00 |.........~......|
[3775] +132.916149 ASYNC-OUT-DONE ep=0x01 len=0 status=0 actual=16
[3776] +132.994719 ASYNC-IN-DONE ep=0x81 len=0 status=2 actual=0
[3777] +132.994802 ASYNC-IN-SUBMIT ep=0x81 len=0 type=BULK (in, awaiting data)
[3778] +133.019973 ASYNC-OUT ep=0x01 len=16 type=BULK 
	0000  08 00 00 18 01 10 ef 03  00 b7 00 10 14 1f 00 00 |................|
[3779] +133.020265 ASYNC-OUT-DONE ep=0x01 len=0 status=0 actual=16
[3780] +133.105820 ASYNC-IN-DONE ep=0x81 len=0 status=2 actual=0
[3781] +133.105910 ASYNC-IN-SUBMIT ep=0x81 len=0 type=BULK (in, awaiting data)
[3782] +133.218748 ASYNC-IN-DONE ep=0x81 len=0 status=2 actual=0
[3783] +133.218825 ASYNC-IN-SUBMIT ep=0x81 len=0 type=BULK (in, awaiting data)
[3784] +133.325219 ASYNC-IN-DONE ep=0x81 len=0 status=2 actual=0
[3785] +133.325326 ASYNC-IN-SUBMIT ep=0x81 len=0 type=BULK (in, awaiting data)
[3786] +133.434638 ASYNC-IN-DONE ep=0x81 len=0 status=2 actual=0
[3787] +133.434737 ASYNC-IN-SUBMIT ep=0x81 len=0 type=BULK (in, awaiting data)
[3788] +133.493040 ASYNC-IN-DONE ep=0x81 len=16 status=0 actual=16
	0000  08 00 00 18 f0 03 02 10  00 83 00 10 09 02 00 00 |................|
[3789] +133.493166 ASYNC-IN-SUBMIT ep=0x81 len=0 type=BULK (in, awaiting data)
[3790] +133.605989 ASYNC-IN-DONE ep=0x81 len=0 status=2 actual=0
[3791] +133.606088 ASYNC-IN-SUBMIT ep=0x81 len=0 type=BULK (in, awaiting data)
[3792] +133.693463 ASYNC-IN-DONE ep=0x81 len=16 status=0 actual=16
	0000  08 00 00 18 ed 03 80 10  00 98 00 10 ae 02 00 00 |................|
[3793] +133.693606 ASYNC-IN-SUBMIT ep=0x81 len=0 type=BULK (in, awaiting data)
[3794] +133.798115 ASYNC-OUT ep=0x01 len=16 type=BULK 
	0000  08 00 00 18 80 10 ed 03  00 92 00 10 fd 1a 00 00 |................|
[3795] +133.798442 ASYNC-OUT-DONE ep=0x01 len=0 status=0 actual=16
[3796] +133.801275 ASYNC-IN-DONE ep=0x81 len=0 status=2 actual=0
[3797] +133.801311 ASYNC-IN-SUBMIT ep=0x81 len=0 type=BULK (in, awaiting data)
[3798] +133.894327 ASYNC-IN-DONE ep=0x81 len=16 status=0 actual=16
	0000  08 00 00 18 ef 03 01 10  00 ad 00 10 d2 22 00 00 |............."..|
[3799] +133.894469 ASYNC-IN-SUBMIT ep=0x81 len=0 type=BULK (in, awaiting data)
[3800] +133.953268 ASYNC-OUT ep=0x01 len=16 type=BULK 
	0000  08 00 00 18 02 10 f0 03  00 7f 00 10 1e 10 00 00 |................|
[3801] +133.953594 ASYNC-OUT-DONE ep=0x01 len=0 status=0 actual=16
[3802] +134.005506 ASYNC-IN-DONE ep=0x81 len=0 status=2 actual=0
[3803] +134.005595 ASYNC-IN-SUBMIT ep=0x81 len=0 type=BULK (in, awaiting data)
[3804] +134.057421 ASYNC-OUT ep=0x01 len=16 type=BULK 
	0000  08 00 00 18 01 10 ef 03  00 b8 00 10 14 1f 00 00 |................|
[3805] +134.057746 ASYNC-OUT-DONE ep=0x01 len=0 status=0 actual=16
[3806] +134.110612 ASYNC-IN-DONE ep=0x81 len=0 status=2 actual=0
[3807] +134.110706 ASYNC-IN-SUBMIT ep=0x81 len=0 type=BULK (in, awaiting data)
[3808] +134.222187 ASYNC-IN-DONE ep=0x81 len=0 status=2 actual=0
[3809] +134.222258 ASYNC-IN-SUBMIT ep=0x81 len=0 type=BULK (in, awaiting data)
[3810] +134.334135 ASYNC-IN-DONE ep=0x81 len=0 status=2 actual=0
[3811] +134.334217 ASYNC-IN-SUBMIT ep=0x81 len=0 type=BULK (in, awaiting data)
[3812] +134.435724 ASYNC-IN-DONE ep=0x81 len=0 status=2 actual=0
[3813] +134.435802 ASYNC-IN-SUBMIT ep=0x81 len=0 type=BULK (in, awaiting data)
[3814] +134.496273 ASYNC-IN-DONE ep=0x81 len=16 status=0 actual=16
	0000  08 00 00 18 f0 03 02 10  00 84 00 10 09 02 00 00 |................|
[3815] +134.496374 ASYNC-IN-SUBMIT ep=0x81 len=0 type=BULK (in, awaiting data)
[3816] +134.602607 ASYNC-IN-DONE ep=0x81 len=0 status=2 actual=0
[3817] +134.602700 ASYNC-IN-SUBMIT ep=0x81 len=0 type=BULK (in, awaiting data)
[3818] +134.697445 ASYNC-IN-DONE ep=0x81 len=16 status=0 actual=16
	0000  08 00 00 18 ed 03 80 10  00 99 00 10 ae 02 00 00 |................|
[3819] +134.697557 ASYNC-IN-SUBMIT ep=0x81 len=0 type=BULK (in, awaiting data)
[3820] +134.799348 ASYNC-IN-DONE ep=0x81 len=0 status=2 actual=0
[3821] +134.799401 ASYNC-IN-SUBMIT ep=0x81 len=0 type=BULK (in, awaiting data)
[3822] +134.835569 ASYNC-OUT ep=0x01 len=16 type=BULK 
	0000  08 00 00 18 80 10 ed 03  00 93 00 10 fd 1a 00 00 |................|
[3823] +134.835808 ASYNC-OUT-DONE ep=0x01 len=0 status=0 actual=16
[3824] +134.897794 ASYNC-IN-DONE ep=0x81 len=16 status=0 actual=16
	0000  08 00 00 18 ef 03 01 10  00 ae 00 10 d2 22 00 00 |............."..|
[3825] +134.897842 ASYNC-IN-SUBMIT ep=0x81 len=0 type=BULK (in, awaiting data)
[3826] +134.990190 ASYNC-OUT ep=0x01 len=16 type=BULK 
	0000  08 00 00 18 02 10 f0 03  00 80 00 10 1e 10 00 00 |................|
[3827] +134.990438 ASYNC-OUT-DONE ep=0x01 len=0 status=0 actual=16
[3828] +134.999767 ASYNC-IN-DONE ep=0x81 len=0 status=2 actual=0
[3829] +134.999785 ASYNC-IN-SUBMIT ep=0x81 len=0 type=BULK (in, awaiting data)
[3830] +135.094307 ASYNC-OUT ep=0x01 len=16 type=BULK 
	0000  08 00 00 18 01 10 ef 03  00 b9 00 10 14 1f 00 00 |................|
[3831] +135.094547 ASYNC-OUT-DONE ep=0x01 len=0 status=0 actual=16
[3832] +135.111609 ASYNC-IN-DONE ep=0x81 len=0 status=2 actual=0
[3833] +135.111636 ASYNC-IN-SUBMIT ep=0x81 len=0 type=BULK (in, awaiting data)
[3834] +135.212311 ASYNC-IN-DONE ep=0x81 len=0 status=2 actual=0
[3835] +135.212335 ASYNC-IN-SUBMIT ep=0x81 len=0 type=BULK (in, awaiting data)
### MARK IR-slot1-again
[3836] +135.325322 ASYNC-IN-DONE ep=0x81 len=0 status=2 actual=0
[3837] +135.325339 ASYNC-IN-SUBMIT ep=0x81 len=0 type=BULK (in, awaiting data)
[3838] +135.438132 ASYNC-IN-DONE ep=0x81 len=0 status=2 actual=0
[3839] +135.438182 ASYNC-IN-SUBMIT ep=0x81 len=0 type=BULK (in, awaiting data)
[3840] +135.499734 ASYNC-IN-DONE ep=0x81 len=16 status=0 actual=16
	0000  08 00 00 18 f0 03 02 10  00 85 00 10 09 02 00 00 |................|
[3841] +135.499773 ASYNC-IN-SUBMIT ep=0x81 len=0 type=BULK (in, awaiting data)
[3842] +135.600714 ASYNC-IN-DONE ep=0x81 len=0 status=2 actual=0
[3843] +135.600791 ASYNC-IN-SUBMIT ep=0x81 len=0 type=BULK (in, awaiting data)
[3844] +135.700198 ASYNC-IN-DONE ep=0x81 len=16 status=0 actual=16
	0000  08 00 00 18 ed 03 80 10  00 9a 00 10 ae 02 00 00 |................|
[3845] +135.700342 ASYNC-IN-SUBMIT ep=0x81 len=0 type=BULK (in, awaiting data)
[3846] +135.800704 ASYNC-IN-DONE ep=0x81 len=0 status=2 actual=0
[3847] +135.800775 ASYNC-IN-SUBMIT ep=0x81 len=0 type=BULK (in, awaiting data)
[3848] +135.873616 ASYNC-OUT ep=0x01 len=16 type=BULK 
	0000  08 00 00 18 80 10 ed 03  00 94 00 10 fd 1a 00 00 |................|
[3849] +135.873955 ASYNC-OUT-DONE ep=0x01 len=0 status=0 actual=16
[3850] +135.901044 ASYNC-IN-DONE ep=0x81 len=16 status=0 actual=16
	0000  08 00 00 18 ef 03 01 10  00 af 00 10 d2 22 00 00 |............."..|
[3851] +135.901142 ASYNC-IN-SUBMIT ep=0x81 len=0 type=BULK (in, awaiting data)
[3852] +136.003169 ASYNC-IN-DONE ep=0x81 len=0 status=2 actual=0
[3853] +136.003274 ASYNC-IN-SUBMIT ep=0x81 len=0 type=BULK (in, awaiting data)
[3854] +136.029047 ASYNC-OUT ep=0x01 len=16 type=BULK 
	0000  08 00 00 18 02 10 f0 03  00 81 00 10 1e 10 00 00 |................|
[3855] +136.029359 ASYNC-OUT-DONE ep=0x01 len=0 status=0 actual=16
[3856] +136.111481 ASYNC-IN-DONE ep=0x81 len=0 status=2 actual=0
[3857] +136.111562 ASYNC-IN-SUBMIT ep=0x81 len=0 type=BULK (in, awaiting data)
[3858] +136.132847 ASYNC-OUT ep=0x01 len=16 type=BULK 
	0000  08 00 00 18 01 10 ef 03  00 ba 00 10 14 1f 00 00 |................|
[3859] +136.133146 ASYNC-OUT-DONE ep=0x01 len=0 status=0 actual=16
[3860] +136.220382 ASYNC-IN-DONE ep=0x81 len=0 status=2 actual=0
[3861] +136.220453 ASYNC-IN-SUBMIT ep=0x81 len=0 type=BULK (in, awaiting data)
[3862] +136.325680 ASYNC-IN-DONE ep=0x81 len=0 status=2 actual=0
[3863] +136.325760 ASYNC-IN-SUBMIT ep=0x81 len=0 type=BULK (in, awaiting data)
[3864] +136.434118 ASYNC-IN-DONE ep=0x81 len=0 status=2 actual=0
[3865] +136.434185 ASYNC-IN-SUBMIT ep=0x81 len=0 type=BULK (in, awaiting data)
[3866] +136.503435 ASYNC-IN-DONE ep=0x81 len=16 status=0 actual=16
	0000  08 00 00 18 f0 03 02 10  00 86 00 10 09 02 00 00 |................|
[3867] +136.503537 ASYNC-IN-SUBMIT ep=0x81 len=0 type=BULK (in, awaiting data)
[3868] +136.616328 ASYNC-IN-DONE ep=0x81 len=0 status=2 actual=0
[3869] +136.616421 ASYNC-IN-SUBMIT ep=0x81 len=0 type=BULK (in, awaiting data)
[3870] +136.703765 ASYNC-IN-DONE ep=0x81 len=16 status=0 actual=16
	0000  08 00 00 18 ed 03 80 10  00 9b 00 10 ae 02 00 00 |................|
[3871] +136.703888 ASYNC-IN-SUBMIT ep=0x81 len=0 type=BULK (in, awaiting data)
[3872] +136.813932 ASYNC-IN-DONE ep=0x81 len=0 status=2 actual=0
[3873] +136.814007 ASYNC-IN-SUBMIT ep=0x81 len=0 type=BULK (in, awaiting data)
[3874] +136.904340 ASYNC-IN-DONE ep=0x81 len=16 status=0 actual=16
	0000  08 00 00 18 ef 03 01 10  00 b0 00 10 d2 22 00 00 |............."..|
[3875] +136.904470 ASYNC-IN-SUBMIT ep=0x81 len=0 type=BULK (in, awaiting data)
[3876] +136.911721 ASYNC-OUT ep=0x01 len=16 type=BULK 
	0000  08 00 00 18 80 10 ed 03  00 95 00 10 fd 1a 00 00 |................|
[3877] +136.911954 ASYNC-OUT-DONE ep=0x01 len=0 status=0 actual=16
[3878] +137.016008 ASYNC-IN-DONE ep=0x81 len=0 status=2 actual=0
[3879] +137.016102 ASYNC-IN-SUBMIT ep=0x81 len=0 type=BULK (in, awaiting data)
[3880] +137.067950 ASYNC-OUT ep=0x01 len=16 type=BULK 
	0000  08 00 00 18 02 10 f0 03  00 82 00 10 1e 10 00 00 |................|
[3881] +137.068282 ASYNC-OUT-DONE ep=0x01 len=0 status=0 actual=16
[3882] +137.126411 ASYNC-IN-DONE ep=0x81 len=0 status=2 actual=0
[3883] +137.126496 ASYNC-IN-SUBMIT ep=0x81 len=0 type=BULK (in, awaiting data)
[3884] +137.171074 ASYNC-OUT ep=0x01 len=16 type=BULK 
	0000  08 00 00 18 01 10 ef 03  00 bb 00 10 14 1f 00 00 |................|
[3885] +137.171416 ASYNC-OUT-DONE ep=0x01 len=0 status=0 actual=16
[3886] +137.231683 ASYNC-IN-DONE ep=0x81 len=0 status=2 actual=0
[3887] +137.231782 ASYNC-IN-SUBMIT ep=0x81 len=0 type=BULK (in, awaiting data)
[3888] +137.334303 ASYNC-IN-DONE ep=0x81 len=0 status=2 actual=0
[3889] +137.334388 ASYNC-IN-SUBMIT ep=0x81 len=0 type=BULK (in, awaiting data)
[3890] +137.443614 ASYNC-IN-DONE ep=0x81 len=0 status=2 actual=0
[3891] +137.443689 ASYNC-IN-SUBMIT ep=0x81 len=0 type=BULK (in, awaiting data)
[3892] +137.506411 ASYNC-IN-DONE ep=0x81 len=16 status=0 actual=16
	0000  08 00 00 18 f0 03 02 10  00 87 00 10 09 02 00 00 |................|
[3893] +137.506548 ASYNC-IN-SUBMIT ep=0x81 len=0 type=BULK (in, awaiting data)
[3894] +137.618063 ASYNC-IN-DONE ep=0x81 len=0 status=2 actual=0
[3895] +137.618122 ASYNC-IN-SUBMIT ep=0x81 len=0 type=BULK (in, awaiting data)
[3896] +137.707461 ASYNC-IN-DONE ep=0x81 len=16 status=0 actual=16
	0000  08 00 00 18 ed 03 80 10  00 9c 00 10 ae 02 00 00 |................|
[3897] +137.707498 ASYNC-IN-SUBMIT ep=0x81 len=0 type=BULK (in, awaiting data)
[3898] +137.817115 ASYNC-IN-DONE ep=0x81 len=0 status=2 actual=0
[3899] +137.817148 ASYNC-IN-SUBMIT ep=0x81 len=0 type=BULK (in, awaiting data)
[3900] +137.908544 ASYNC-IN-DONE ep=0x81 len=16 status=0 actual=16
	0000  08 00 00 18 ef 03 01 10  00 b1 00 10 d2 22 00 00 |............."..|
[3901] +137.908579 ASYNC-IN-SUBMIT ep=0x81 len=0 type=BULK (in, awaiting data)
[3902] +137.950263 ASYNC-OUT ep=0x01 len=16 type=BULK 
	0000  08 00 00 18 80 10 ed 03  00 96 00 10 fd 1a 00 00 |................|
[3903] +137.950549 ASYNC-OUT-DONE ep=0x01 len=0 status=0 actual=16
### MARK IR-clear
[3904] +138.018231 ASYNC-IN-DONE ep=0x81 len=0 status=2 actual=0
[3905] +138.018243 ASYNC-IN-SUBMIT ep=0x81 len=0 type=BULK (in, awaiting data)
[3906] +138.106124 ASYNC-OUT ep=0x01 len=16 type=BULK 
	0000  08 00 00 18 02 10 f0 03  00 83 00 10 1e 10 00 00 |................|
[3907] +138.106459 ASYNC-OUT-DONE ep=0x01 len=0 status=0 actual=16
[3908] +138.122289 ASYNC-IN-DONE ep=0x81 len=0 status=2 actual=0
[3909] +138.122314 ASYNC-IN-SUBMIT ep=0x81 len=0 type=BULK (in, awaiting data)
[3910] +138.209683 ASYNC-OUT ep=0x01 len=16 type=BULK 
	0000  08 00 00 18 01 10 ef 03  00 bc 00 10 14 1f 00 00 |................|
[3911] +138.209962 ASYNC-OUT-DONE ep=0x01 len=0 status=0 actual=16
[3912] +138.227836 ASYNC-IN-DONE ep=0x81 len=0 status=2 actual=0
[3913] +138.227852 ASYNC-IN-SUBMIT ep=0x81 len=0 type=BULK (in, awaiting data)
[3914] +138.329179 ASYNC-IN-DONE ep=0x81 len=0 status=2 actual=0
[3915] +138.329216 ASYNC-IN-SUBMIT ep=0x81 len=0 type=BULK (in, awaiting data)
[3916] +138.435271 ASYNC-IN-DONE ep=0x81 len=0 status=2 actual=0
[3917] +138.435336 ASYNC-IN-SUBMIT ep=0x81 len=0 type=BULK (in, awaiting data)
[3918] +138.510676 ASYNC-IN-DONE ep=0x81 len=16 status=0 actual=16
	0000  08 00 00 18 f0 03 02 10  00 88 00 10 09 02 00 00 |................|
[3919] +138.510777 ASYNC-IN-SUBMIT ep=0x81 len=0 type=BULK (in, awaiting data)
[3920] +138.622815 ASYNC-IN-DONE ep=0x81 len=0 status=2 actual=0
[3921] +138.622905 ASYNC-IN-SUBMIT ep=0x81 len=0 type=BULK (in, awaiting data)
[3922] +138.711033 ASYNC-IN-DONE ep=0x81 len=16 status=0 actual=16
	0000  08 00 00 18 ed 03 80 10  00 9d 00 10 ae 02 00 00 |................|
[3923] +138.711102 ASYNC-IN-SUBMIT ep=0x81 len=0 type=BULK (in, awaiting data)
[3924] +138.823640 ASYNC-IN-DONE ep=0x81 len=0 status=2 actual=0
[3925] +138.823693 ASYNC-IN-SUBMIT ep=0x81 len=0 type=BULK (in, awaiting data)
[3926] +138.911472 ASYNC-IN-DONE ep=0x81 len=16 status=0 actual=16
	0000  08 00 00 18 ef 03 01 10  00 b2 00 10 d2 22 00 00 |............."..|
[3927] +138.911570 ASYNC-IN-SUBMIT ep=0x81 len=0 type=BULK (in, awaiting data)
[3928] +138.988801 ASYNC-OUT ep=0x01 len=16 type=BULK 
	0000  08 00 00 18 80 10 ed 03  00 97 00 10 fd 1a 00 00 |................|
[3929] +138.989118 ASYNC-OUT-DONE ep=0x01 len=0 status=0 actual=16
[3930] +139.019519 ASYNC-IN-DONE ep=0x81 len=0 status=2 actual=0
[3931] +139.019597 ASYNC-IN-SUBMIT ep=0x81 len=0 type=BULK (in, awaiting data)
[3932] +139.120770 ASYNC-IN-DONE ep=0x81 len=0 status=2 actual=0
[3933] +139.120852 ASYNC-IN-SUBMIT ep=0x81 len=0 type=BULK (in, awaiting data)
[3934] +139.143450 ASYNC-OUT ep=0x01 len=16 type=BULK 
	0000  08 00 00 18 02 10 f0 03  00 84 00 10 1e 10 00 00 |................|
[3935] +139.143725 ASYNC-OUT-DONE ep=0x01 len=0 status=0 actual=16
[3936] +139.230972 ASYNC-IN-DONE ep=0x81 len=0 status=2 actual=0
[3937] +139.231048 ASYNC-IN-SUBMIT ep=0x81 len=0 type=BULK (in, awaiting data)
[3938] +139.247532 ASYNC-OUT ep=0x01 len=16 type=BULK 
	0000  08 00 00 18 01 10 ef 03  00 bd 00 10 14 1f 00 00 |................|
[3939] +139.247763 ASYNC-OUT-DONE ep=0x01 len=0 status=0 actual=16
[3940] +139.343885 ASYNC-IN-DONE ep=0x81 len=0 status=2 actual=0
[3941] +139.343938 ASYNC-IN-SUBMIT ep=0x81 len=0 type=BULK (in, awaiting data)
[3942] +139.450439 ASYNC-IN-DONE ep=0x81 len=0 status=2 actual=0
[3943] +139.450534 ASYNC-IN-SUBMIT ep=0x81 len=0 type=BULK (in, awaiting data)
[3944] +139.513542 ASYNC-IN-DONE ep=0x81 len=16 status=0 actual=16
	0000  08 00 00 18 f0 03 02 10  00 89 00 10 09 02 00 00 |................|
[3945] +139.513669 ASYNC-IN-SUBMIT ep=0x81 len=0 type=BULK (in, awaiting data)
[3946] +139.615218 ASYNC-IN-DONE ep=0x81 len=0 status=2 actual=0
[3947] +139.615318 ASYNC-IN-SUBMIT ep=0x81 len=0 type=BULK (in, awaiting data)
[3948] +139.713903 ASYNC-IN-DONE ep=0x81 len=16 status=0 actual=16
	0000  08 00 00 18 ed 03 80 10  00 9e 00 10 ae 02 00 00 |................|
[3949] +139.714006 ASYNC-IN-SUBMIT ep=0x81 len=0 type=BULK (in, awaiting data)
[3950] +139.826510 ASYNC-IN-DONE ep=0x81 len=0 status=2 actual=0
[3951] +139.826561 ASYNC-IN-SUBMIT ep=0x81 len=0 type=BULK (in, awaiting data)
[3952] +139.914235 ASYNC-IN-DONE ep=0x81 len=16 status=0 actual=16
	0000  08 00 00 18 ef 03 01 10  00 b3 00 10 d2 22 00 00 |............."..|
[3953] +139.914333 ASYNC-IN-SUBMIT ep=0x81 len=0 type=BULK (in, awaiting data)
[3954] +140.025269 ASYNC-OUT ep=0x01 len=16 type=BULK 
	0000  08 00 00 18 80 10 ed 03  00 98 00 10 fd 1a 00 00 |................|
[3955] +140.025634 ASYNC-OUT-DONE ep=0x01 len=0 status=0 actual=16
[3956] +140.026460 ASYNC-IN-DONE ep=0x81 len=0 status=2 actual=0
[3957] +140.026482 ASYNC-IN-SUBMIT ep=0x81 len=0 type=BULK (in, awaiting data)
[3958] +140.139009 ASYNC-IN-DONE ep=0x81 len=0 status=2 actual=0
[3959] +140.139102 ASYNC-IN-SUBMIT ep=0x81 len=0 type=BULK (in, awaiting data)
[3960] +140.180477 ASYNC-OUT ep=0x01 len=16 type=BULK 
	0000  08 00 00 18 02 10 f0 03  00 85 00 10 1e 10 00 00 |................|
[3961] +140.180786 ASYNC-OUT-DONE ep=0x01 len=0 status=0 actual=16
[3962] +140.247860 ASYNC-IN-DONE ep=0x81 len=0 status=2 actual=0
[3963] +140.247938 ASYNC-IN-SUBMIT ep=0x81 len=0 type=BULK (in, awaiting data)
[3964] +140.283668 ASYNC-OUT ep=0x01 len=16 type=BULK 
	0000  08 00 00 18 01 10 ef 03  00 be 00 10 14 1f 00 00 |................|
[3965] +140.284166 ASYNC-OUT-DONE ep=0x01 len=0 status=0 actual=16
[3966] +140.359473 ASYNC-IN-DONE ep=0x81 len=0 status=2 actual=0
[3967] +140.359564 ASYNC-IN-SUBMIT ep=0x81 len=0 type=BULK (in, awaiting data)
[3968] +140.472404 ASYNC-IN-DONE ep=0x81 len=0 status=2 actual=0
[3969] +140.472483 ASYNC-IN-SUBMIT ep=0x81 len=0 type=BULK (in, awaiting data)
[3970] +140.516231 ASYNC-IN-DONE ep=0x81 len=16 status=0 actual=16
	0000  08 00 00 18 f0 03 02 10  00 8a 00 10 09 02 00 00 |................|
[3971] +140.516327 ASYNC-IN-SUBMIT ep=0x81 len=0 type=BULK (in, awaiting data)
[3972] +140.620040 ASYNC-IN-DONE ep=0x81 len=0 status=2 actual=0
[3973] +140.620138 ASYNC-IN-SUBMIT ep=0x81 len=0 type=BULK (in, awaiting data)
[3974] +140.717409 ASYNC-IN-DONE ep=0x81 len=16 status=0 actual=16
	0000  08 00 00 18 ed 03 80 10  00 9f 00 10 ae 02 00 00 |................|
[3975] +140.717500 ASYNC-IN-SUBMIT ep=0x81 len=0 type=BULK (in, awaiting data)
[3976] +140.826515 ASYNC-IN-DONE ep=0x81 len=0 status=2 actual=0
[3977] +140.826557 ASYNC-IN-SUBMIT ep=0x81 len=0 type=BULK (in, awaiting data)
[3978] +140.917968 ASYNC-IN-DONE ep=0x81 len=16 status=0 actual=16
	0000  08 00 00 18 ef 03 01 10  00 b4 00 10 d2 22 00 00 |............."..|
[3979] +140.918070 ASYNC-IN-SUBMIT ep=0x81 len=0 type=BULK (in, awaiting data)
[3980] +141.030727 ASYNC-IN-DONE ep=0x81 len=0 status=2 actual=0
[3981] +141.030806 ASYNC-IN-SUBMIT ep=0x81 len=0 type=BULK (in, awaiting data)
[3982] +141.063788 ASYNC-OUT ep=0x01 len=16 type=BULK 
	0000  08 00 00 18 80 10 ed 03  00 99 00 10 fd 1a 00 00 |................|
[3983] +141.064136 ASYNC-OUT-DONE ep=0x01 len=0 status=0 actual=16
[3984] +141.138078 ASYNC-IN-DONE ep=0x81 len=0 status=2 actual=0
[3985] +141.138175 ASYNC-IN-SUBMIT ep=0x81 len=0 type=BULK (in, awaiting data)
[3986] +141.220002 ASYNC-OUT ep=0x01 len=16 type=BULK 
	0000  08 00 00 18 02 10 f0 03  00 86 00 10 1e 10 00 00 |................|
[3987] +141.220372 ASYNC-OUT-DONE ep=0x01 len=0 status=0 actual=16
[3988] +141.246774 ASYNC-IN-DONE ep=0x81 len=0 status=2 actual=0
[3989] +141.246831 ASYNC-IN-SUBMIT ep=0x81 len=0 type=BULK (in, awaiting data)
[3990] +141.324110 ASYNC-OUT ep=0x01 len=16 type=BULK 
	0000  08 00 00 18 01 10 ef 03  00 bf 00 10 14 1f 00 00 |................|
[3991] +141.324409 ASYNC-OUT-DONE ep=0x01 len=0 status=0 actual=16
[3992] +141.356302 ASYNC-IN-DONE ep=0x81 len=0 status=2 actual=0
[3993] +141.356344 ASYNC-IN-SUBMIT ep=0x81 len=0 type=BULK (in, awaiting data)
[3994] +141.466350 ASYNC-IN-DONE ep=0x81 len=0 status=2 actual=0
[3995] +141.466378 ASYNC-IN-SUBMIT ep=0x81 len=0 type=BULK (in, awaiting data)
[3996] +141.520235 ASYNC-IN-DONE ep=0x81 len=16 status=0 actual=16
	0000  08 00 00 18 f0 03 02 10  00 8b 00 10 09 02 00 00 |................|
[3997] +141.520273 ASYNC-IN-SUBMIT ep=0x81 len=0 type=BULK (in, awaiting data)
[3998] +141.633037 ASYNC-IN-DONE ep=0x81 len=0 status=2 actual=0
[3999] +141.633067 ASYNC-IN-SUBMIT ep=0x81 len=0 type=BULK (in, awaiting data)
[4000] +141.720694 ASYNC-IN-DONE ep=0x81 len=16 status=0 actual=16
	0000  08 00 00 18 ed 03 80 10  00 a0 00 10 ae 02 00 00 |................|
[4001] +141.720727 ASYNC-IN-SUBMIT ep=0x81 len=0 type=BULK (in, awaiting data)
[4002] +141.824576 ASYNC-IN-DONE ep=0x81 len=0 status=2 actual=0
[4003] +141.824624 ASYNC-IN-SUBMIT ep=0x81 len=0 type=BULK (in, awaiting data)
[4004] +141.921027 ASYNC-IN-DONE ep=0x81 len=16 status=0 actual=16
	0000  08 00 00 18 ef 03 01 10  00 b5 00 10 d2 22 00 00 |............."..|
[4005] +141.921056 ASYNC-IN-SUBMIT ep=0x81 len=0 type=BULK (in, awaiting data)
[4006] +142.023387 ASYNC-IN-DONE ep=0x81 len=0 status=2 actual=0
[4007] +142.023434 ASYNC-IN-SUBMIT ep=0x81 len=0 type=BULK (in, awaiting data)
[4008] +142.102481 ASYNC-OUT ep=0x01 len=16 type=BULK 
	0000  08 00 00 18 80 10 ed 03  00 9a 00 10 fd 1a 00 00 |................|
[4009] +142.102852 ASYNC-OUT-DONE ep=0x01 len=0 status=0 actual=16
[4010] +142.134609 ASYNC-IN-DONE ep=0x81 len=0 status=2 actual=0
[4011] +142.134697 ASYNC-IN-SUBMIT ep=0x81 len=0 type=BULK (in, awaiting data)
[4012] +142.247550 ASYNC-IN-DONE ep=0x81 len=0 status=2 actual=0
[4013] +142.247680 ASYNC-IN-SUBMIT ep=0x81 len=0 type=BULK (in, awaiting data)
[4014] +142.258162 ASYNC-OUT ep=0x01 len=16 type=BULK 
	0000  08 00 00 18 02 10 f0 03  00 87 00 10 1e 10 00 00 |................|
[4015] +142.258454 ASYNC-OUT-DONE ep=0x01 len=0 status=0 actual=16
[4016] +142.360561 ASYNC-IN-DONE ep=0x81 len=0 status=2 actual=0
[4017] +142.360639 ASYNC-IN-SUBMIT ep=0x81 len=0 type=BULK (in, awaiting data)
[4018] +142.361575 ASYNC-OUT ep=0x01 len=16 type=BULK 
	0000  08 00 00 18 01 10 ef 03  00 c0 00 10 14 1f 00 00 |................|
[4019] +142.361795 ASYNC-OUT-DONE ep=0x01 len=0 status=0 actual=16
[4020] +142.472908 ASYNC-IN-DONE ep=0x81 len=0 status=2 actual=0
[4021] +142.472993 ASYNC-IN-SUBMIT ep=0x81 len=0 type=BULK (in, awaiting data)
[4022] +142.523107 ASYNC-IN-DONE ep=0x81 len=16 status=0 actual=16
	0000  08 00 00 18 f0 03 02 10  00 8c 00 10 09 02 00 00 |................|
[4023] +142.523227 ASYNC-IN-SUBMIT ep=0x81 len=0 type=BULK (in, awaiting data)
[4024] +142.624634 ASYNC-IN-DONE ep=0x81 len=0 status=2 actual=0
[4025] +142.624728 ASYNC-IN-SUBMIT ep=0x81 len=0 type=BULK (in, awaiting data)
[4026] +142.724241 ASYNC-IN-DONE ep=0x81 len=16 status=0 actual=16
	0000  08 00 00 18 ed 03 80 10  00 a1 00 10 ae 02 00 00 |................|
[4027] +142.724345 ASYNC-IN-SUBMIT ep=0x81 len=0 type=BULK (in, awaiting data)
[4028] +142.824863 ASYNC-IN-DONE ep=0x81 len=0 status=2 actual=0
[4029] +142.824964 ASYNC-IN-SUBMIT ep=0x81 len=0 type=BULK (in, awaiting data)
[4030] +142.924623 ASYNC-IN-DONE ep=0x81 len=16 status=0 actual=16
	0000  08 00 00 18 ef 03 01 10  00 b6 00 10 d2 22 00 00 |............."..|
[4031] +142.924754 ASYNC-IN-SUBMIT ep=0x81 len=0 type=BULK (in, awaiting data)
[4032] +143.025329 ASYNC-IN-DONE ep=0x81 len=0 status=2 actual=0
[4033] +143.025407 ASYNC-IN-SUBMIT ep=0x81 len=0 type=BULK (in, awaiting data)
[4034] +143.138217 ASYNC-IN-DONE ep=0x81 len=0 status=2 actual=0
[4035] +143.138315 ASYNC-IN-SUBMIT ep=0x81 len=0 type=BULK (in, awaiting data)
[4036] +143.140207 ASYNC-OUT ep=0x01 len=16 type=BULK 
	0000  08 00 00 18 80 10 ed 03  00 9b 00 10 fd 1a 00 00 |................|
[4037] +143.140422 ASYNC-OUT-DONE ep=0x01 len=0 status=0 actual=16
[4038] +143.251161 ASYNC-IN-DONE ep=0x81 len=0 status=2 actual=0
[4039] +143.251263 ASYNC-IN-SUBMIT ep=0x81 len=0 type=BULK (in, awaiting data)
[4040] +143.296391 ASYNC-OUT ep=0x01 len=16 type=BULK 
	0000  08 00 00 18 02 10 f0 03  00 88 00 10 1e 10 00 00 |................|
[4041] +143.296706 ASYNC-OUT-DONE ep=0x01 len=0 status=0 actual=16
[4042] +143.359043 ASYNC-IN-DONE ep=0x81 len=0 status=2 actual=0
[4043] +143.359139 ASYNC-IN-SUBMIT ep=0x81 len=0 type=BULK (in, awaiting data)
[4044] +143.400394 ASYNC-OUT ep=0x01 len=16 type=BULK 
	0000  08 00 00 18 01 10 ef 03  00 c1 00 10 14 1f 00 00 |................|
[4045] +143.400734 ASYNC-OUT-DONE ep=0x01 len=0 status=0 actual=16
[4046] +143.471144 ASYNC-IN-DONE ep=0x81 len=0 status=2 actual=0
[4047] +143.471239 ASYNC-IN-SUBMIT ep=0x81 len=0 type=BULK (in, awaiting data)
[4048] +143.526666 ASYNC-IN-DONE ep=0x81 len=16 status=0 actual=16
	0000  08 00 00 18 f0 03 02 10  00 8d 00 10 09 02 00 00 |................|
[4049] +143.526814 ASYNC-IN-SUBMIT ep=0x81 len=0 type=BULK (in, awaiting data)
[4050] +143.639105 ASYNC-IN-DONE ep=0x81 len=0 status=2 actual=0
[4051] +143.639203 ASYNC-IN-SUBMIT ep=0x81 len=0 type=BULK (in, awaiting data)
[4052] +143.727162 ASYNC-IN-DONE ep=0x81 len=16 status=0 actual=16
	0000  08 00 00 18 ed 03 80 10  00 a2 00 10 ae 02 00 00 |................|
[4053] +143.727255 ASYNC-IN-SUBMIT ep=0x81 len=0 type=BULK (in, awaiting data)
[4054] +143.839121 ASYNC-IN-DONE ep=0x81 len=0 status=2 actual=0
[4055] +143.839221 ASYNC-IN-SUBMIT ep=0x81 len=0 type=BULK (in, awaiting data)
[4056] +143.928211 ASYNC-IN-DONE ep=0x81 len=16 status=0 actual=16
	0000  08 00 00 18 ef 03 01 10  00 b7 00 10 d2 22 00 00 |............."..|
[4057] +143.928315 ASYNC-IN-SUBMIT ep=0x81 len=0 type=BULK (in, awaiting data)
[4058] +144.039136 ASYNC-IN-DONE ep=0x81 len=0 status=2 actual=0
[4059] +144.039234 ASYNC-IN-SUBMIT ep=0x81 len=0 type=BULK (in, awaiting data)
[4060] +144.152011 ASYNC-IN-DONE ep=0x81 len=0 status=2 actual=0
[4061] +144.152099 ASYNC-IN-SUBMIT ep=0x81 len=0 type=BULK (in, awaiting data)
[4062] +144.178678 ASYNC-OUT ep=0x01 len=16 type=BULK 
	0000  08 00 00 18 80 10 ed 03  00 9c 00 10 fd 1a 00 00 |................|
[4063] +144.179030 ASYNC-OUT-DONE ep=0x01 len=0 status=0 actual=16
[4064] +144.253298 ASYNC-IN-DONE ep=0x81 len=0 status=2 actual=0
[4065] +144.253471 ASYNC-IN-SUBMIT ep=0x81 len=0 type=BULK (in, awaiting data)
[4066] +144.333604 ASYNC-OUT ep=0x01 len=16 type=BULK 
	0000  08 00 00 18 02 10 f0 03  00 89 00 10 1e 10 00 00 |................|
[4067] +144.333932 ASYNC-OUT-DONE ep=0x01 len=0 status=0 actual=16
[4068] +144.366332 ASYNC-IN-DONE ep=0x81 len=0 status=2 actual=0
[4069] +144.366391 ASYNC-IN-SUBMIT ep=0x81 len=0 type=BULK (in, awaiting data)
[4070] +144.437730 ASYNC-OUT ep=0x01 len=16 type=BULK 
	0000  08 00 00 18 01 10 ef 03  00 c2 00 10 14 1f 00 00 |................|
[4071] +144.438063 ASYNC-OUT-DONE ep=0x01 len=0 status=0 actual=16
[4072] +144.467802 ASYNC-IN-DONE ep=0x81 len=0 status=2 actual=0
[4073] +144.467865 ASYNC-IN-SUBMIT ep=0x81 len=0 type=BULK (in, awaiting data)
[4074] +144.530271 ASYNC-IN-DONE ep=0x81 len=16 status=0 actual=16
	0000  08 00 00 18 f0 03 02 10  00 8e 00 10 09 02 00 00 |................|
[4075] +144.530379 ASYNC-IN-SUBMIT ep=0x81 len=0 type=BULK (in, awaiting data)
[4076] +144.636517 ASYNC-IN-DONE ep=0x81 len=0 status=2 actual=0
[4077] +144.636617 ASYNC-IN-SUBMIT ep=0x81 len=0 type=BULK (in, awaiting data)
[4078] +144.730736 ASYNC-IN-DONE ep=0x81 len=16 status=0 actual=16
	0000  08 00 00 18 ed 03 80 10  00 a3 00 10 ae 02 00 00 |................|
[4079] +144.730879 ASYNC-IN-SUBMIT ep=0x81 len=0 type=BULK (in, awaiting data)
[4080] +144.832003 ASYNC-IN-DONE ep=0x81 len=0 status=2 actual=0
[4081] +144.832103 ASYNC-IN-SUBMIT ep=0x81 len=0 type=BULK (in, awaiting data)
[4082] +144.931119 ASYNC-IN-DONE ep=0x81 len=16 status=0 actual=16
	0000  08 00 00 18 ef 03 01 10  00 b8 00 10 d2 22 00 00 |............."..|
[4083] +144.931282 ASYNC-IN-SUBMIT ep=0x81 len=0 type=BULK (in, awaiting data)
[4084] +145.044182 ASYNC-IN-DONE ep=0x81 len=0 status=2 actual=0
[4085] +145.044292 ASYNC-IN-SUBMIT ep=0x81 len=0 type=BULK (in, awaiting data)
[4086] +145.156884 ASYNC-IN-DONE ep=0x81 len=0 status=2 actual=0
[4087] +145.156979 ASYNC-IN-SUBMIT ep=0x81 len=0 type=BULK (in, awaiting data)
[4088] +145.217521 ASYNC-OUT ep=0x01 len=16 type=BULK 
	0000  08 00 00 18 80 10 ed 03  00 9d 00 10 fd 1a 00 00 |................|
[4089] +145.217918 ASYNC-OUT-DONE ep=0x01 len=0 status=0 actual=16
[4090] +145.269627 ASYNC-IN-DONE ep=0x81 len=0 status=2 actual=0
[4091] +145.269717 ASYNC-IN-SUBMIT ep=0x81 len=0 type=BULK (in, awaiting data)
[4092] +145.373681 ASYNC-OUT ep=0x01 len=16 type=BULK 
	0000  08 00 00 18 02 10 f0 03  00 8a 00 10 1e 10 00 00 |................|
[4093] +145.373894 ASYNC-IN-DONE ep=0x81 len=0 status=2 actual=0
[4094] +145.373992 ASYNC-IN-SUBMIT ep=0x81 len=0 type=BULK (in, awaiting data)
[4095] +145.374201 ASYNC-OUT-DONE ep=0x01 len=0 status=0 actual=16
[4096] +145.477793 ASYNC-OUT ep=0x01 len=16 type=BULK 
	0000  08 00 00 18 01 10 ef 03  00 c3 00 10 14 1f 00 00 |................|
[4097] +145.478175 ASYNC-OUT-DONE ep=0x01 len=0 status=0 actual=16
[4098] +145.484935 ASYNC-IN-DONE ep=0x81 len=0 status=2 actual=0
[4099] +145.484997 ASYNC-IN-SUBMIT ep=0x81 len=0 type=BULK (in, awaiting data)
[4100] +145.533116 ASYNC-IN-DONE ep=0x81 len=16 status=0 actual=16
	0000  08 00 00 18 f0 03 02 10  00 8f 00 10 09 02 00 00 |................|
[4101] +145.533248 ASYNC-IN-SUBMIT ep=0x81 len=0 type=BULK (in, awaiting data)
[4102] +145.637583 ASYNC-IN-DONE ep=0x81 len=0 status=2 actual=0
[4103] +145.637671 ASYNC-IN-SUBMIT ep=0x81 len=0 type=BULK (in, awaiting data)
[4104] +145.734061 ASYNC-IN-DONE ep=0x81 len=16 status=0 actual=16
	0000  08 00 00 18 ed 03 80 10  00 a4 00 10 ae 02 00 00 |................|
[4105] +145.734212 ASYNC-IN-SUBMIT ep=0x81 len=0 type=BULK (in, awaiting data)
[4106] +145.843299 ASYNC-IN-DONE ep=0x81 len=0 status=2 actual=0
[4107] +145.843398 ASYNC-IN-SUBMIT ep=0x81 len=0 type=BULK (in, awaiting data)
[4108] +145.935487 ASYNC-IN-DONE ep=0x81 len=16 status=0 actual=16
	0000  08 00 00 18 ef 03 01 10  00 b9 00 10 d2 22 00 00 |............."..|
[4109] +145.935587 ASYNC-IN-SUBMIT ep=0x81 len=0 type=BULK (in, awaiting data)
[4110] +146.048451 ASYNC-IN-DONE ep=0x81 len=0 status=2 actual=0
[4111] +146.048539 ASYNC-IN-SUBMIT ep=0x81 len=0 type=BULK (in, awaiting data)
[4112] +146.153501 ASYNC-IN-DONE ep=0x81 len=0 status=2 actual=0
[4113] +146.153586 ASYNC-IN-SUBMIT ep=0x81 len=0 type=BULK (in, awaiting data)
[4114] +146.254701 ASYNC-IN-DONE ep=0x81 len=0 status=2 actual=0
[4115] +146.254798 ASYNC-IN-SUBMIT ep=0x81 len=0 type=BULK (in, awaiting data)
[4116] +146.257523 ASYNC-OUT ep=0x01 len=16 type=BULK 
	0000  08 00 00 18 80 10 ed 03  00 9e 00 10 fd 1a 00 00 |................|
[4117] +146.257739 ASYNC-OUT-DONE ep=0x01 len=0 status=0 actual=16
[4118] +146.367633 ASYNC-IN-DONE ep=0x81 len=0 status=2 actual=0
[4119] +146.367723 ASYNC-IN-SUBMIT ep=0x81 len=0 type=BULK (in, awaiting data)
[4120] +146.413728 ASYNC-OUT ep=0x01 len=16 type=BULK 
	0000  08 00 00 18 02 10 f0 03  00 8b 00 10 1e 10 00 00 |................|
[4121] +146.414060 ASYNC-OUT-DONE ep=0x01 len=0 status=0 actual=16
[4122] +146.474655 ASYNC-IN-DONE ep=0x81 len=0 status=2 actual=0
[4123] +146.474712 ASYNC-IN-SUBMIT ep=0x81 len=0 type=BULK (in, awaiting data)
[4124] +146.517789 ASYNC-OUT ep=0x01 len=16 type=BULK 
	0000  08 00 00 18 01 10 ef 03  00 c4 00 10 14 1f 00 00 |................|
[4125] +146.518038 ASYNC-OUT-DONE ep=0x01 len=0 status=0 actual=16
[4126] +146.537099 ASYNC-IN-DONE ep=0x81 len=16 status=0 actual=16
	0000  08 00 00 18 f0 03 02 10  00 90 00 10 09 02 00 00 |................|
[4127] +146.537227 ASYNC-IN-SUBMIT ep=0x81 len=0 type=BULK (in, awaiting data)
[4128] +146.650020 ASYNC-IN-DONE ep=0x81 len=0 status=2 actual=0
[4129] +146.650101 ASYNC-IN-SUBMIT ep=0x81 len=0 type=BULK (in, awaiting data)
[4130] +146.737496 ASYNC-IN-DONE ep=0x81 len=16 status=0 actual=16
	0000  08 00 00 18 ed 03 80 10  00 a5 00 10 ae 02 00 00 |................|
[4131] +146.737614 ASYNC-IN-SUBMIT ep=0x81 len=0 type=BULK (in, awaiting data)
[4132] +146.842677 ASYNC-IN-DONE ep=0x81 len=0 status=2 actual=0
[4133] +146.842766 ASYNC-IN-SUBMIT ep=0x81 len=0 type=BULK (in, awaiting data)
[4134] +146.938281 ASYNC-IN-DONE ep=0x81 len=16 status=0 actual=16
	0000  08 00 00 18 ef 03 01 10  00 ba 00 10 d2 22 00 00 |............."..|
[4135] +146.938419 ASYNC-IN-SUBMIT ep=0x81 len=0 type=BULK (in, awaiting data)
[4136] +147.047675 ASYNC-IN-DONE ep=0x81 len=0 status=2 actual=0
[4137] +147.047772 ASYNC-IN-SUBMIT ep=0x81 len=0 type=BULK (in, awaiting data)
[4138] +147.159976 ASYNC-IN-DONE ep=0x81 len=0 status=2 actual=0
[4139] +147.160056 ASYNC-IN-SUBMIT ep=0x81 len=0 type=BULK (in, awaiting data)
[4140] +147.270439 ASYNC-IN-DONE ep=0x81 len=0 status=2 actual=0
[4141] +147.270525 ASYNC-IN-SUBMIT ep=0x81 len=0 type=BULK (in, awaiting data)
[4142] +147.296316 ASYNC-OUT ep=0x01 len=16 type=BULK 
	0000  08 00 00 18 80 10 ed 03  00 9f 00 10 fd 1a 00 00 |................|
[4143] +147.296634 ASYNC-OUT-DONE ep=0x01 len=0 status=0 actual=16
[4144] +147.380819 ASYNC-IN-DONE ep=0x81 len=0 status=2 actual=0
[4145] +147.380895 ASYNC-IN-SUBMIT ep=0x81 len=0 type=BULK (in, awaiting data)
[4146] +147.451974 ASYNC-OUT ep=0x01 len=16 type=BULK 
	0000  08 00 00 18 02 10 f0 03  00 8c 00 10 1e 10 00 00 |................|
[4147] +147.452286 ASYNC-OUT-DONE ep=0x01 len=0 status=0 actual=16
[4148] +147.484939 ASYNC-IN-DONE ep=0x81 len=0 status=2 actual=0
[4149] +147.484990 ASYNC-IN-SUBMIT ep=0x81 len=0 type=BULK (in, awaiting data)
[4150] +147.540373 ASYNC-IN-DONE ep=0x81 len=16 status=0 actual=16
	0000  08 00 00 18 f0 03 02 10  00 91 00 10 09 02 00 00 |................|
[4151] +147.540496 ASYNC-IN-SUBMIT ep=0x81 len=0 type=BULK (in, awaiting data)
[4152] +147.556073 ASYNC-OUT ep=0x01 len=16 type=BULK 
	0000  08 00 00 18 01 10 ef 03  00 c5 00 10 14 1f 00 00 |................|
[4153] +147.556388 ASYNC-OUT-DONE ep=0x01 len=0 status=0 actual=16
[4154] +147.651694 ASYNC-IN-DONE ep=0x81 len=0 status=2 actual=0
[4155] +147.651791 ASYNC-IN-SUBMIT ep=0x81 len=0 type=BULK (in, awaiting data)
[4156] +147.740729 ASYNC-IN-DONE ep=0x81 len=16 status=0 actual=16
	0000  08 00 00 18 ed 03 80 10  00 a6 00 10 ae 02 00 00 |................|
[4157] +147.740824 ASYNC-IN-SUBMIT ep=0x81 len=0 type=BULK (in, awaiting data)
[4158] +147.845311 ASYNC-IN-DONE ep=0x81 len=0 status=2 actual=0
[4159] +147.845407 ASYNC-IN-SUBMIT ep=0x81 len=0 type=BULK (in, awaiting data)
[4160] +147.941168 ASYNC-IN-DONE ep=0x81 len=16 status=0 actual=16
	0000  08 00 00 18 ef 03 01 10  00 bb 00 10 d2 22 00 00 |............."..|
[4161] +147.941305 ASYNC-IN-SUBMIT ep=0x81 len=0 type=BULK (in, awaiting data)
[4162] +148.042738 ASYNC-IN-DONE ep=0x81 len=0 status=2 actual=0
[4163] +148.042830 ASYNC-IN-SUBMIT ep=0x81 len=0 type=BULK (in, awaiting data)
[4164] +148.154683 ASYNC-IN-DONE ep=0x81 len=0 status=2 actual=0
[4165] +148.154757 ASYNC-IN-SUBMIT ep=0x81 len=0 type=BULK (in, awaiting data)
[4166] +148.256817 ASYNC-IN-DONE ep=0x81 len=0 status=2 actual=0
[4167] +148.256901 ASYNC-IN-SUBMIT ep=0x81 len=0 type=BULK (in, awaiting data)
[4168] +148.334787 ASYNC-OUT ep=0x01 len=16 type=BULK 
	0000  08 00 00 18 80 10 ed 03  00 a0 00 10 fd 1a 00 00 |................|
[4169] +148.335105 ASYNC-OUT-DONE ep=0x01 len=0 status=0 actual=16
[4170] +148.357748 ASYNC-IN-DONE ep=0x81 len=0 status=2 actual=0
[4171] +148.357789 ASYNC-IN-SUBMIT ep=0x81 len=0 type=BULK (in, awaiting data)
[4172] +148.470557 ASYNC-IN-DONE ep=0x81 len=0 status=2 actual=0
[4173] +148.470584 ASYNC-IN-SUBMIT ep=0x81 len=0 type=BULK (in, awaiting data)
[4174] +148.490412 ASYNC-OUT ep=0x01 len=16 type=BULK 
	0000  08 00 00 18 02 10 f0 03  00 8d 00 10 1e 10 00 00 |................|
[4175] +148.490666 ASYNC-OUT-DONE ep=0x01 len=0 status=0 actual=16
[4176] +148.543175 ASYNC-IN-DONE ep=0x81 len=16 status=0 actual=16
	0000  08 00 00 18 f0 03 02 10  00 92 00 10 09 02 00 00 |................|
[4177] +148.543216 ASYNC-IN-SUBMIT ep=0x81 len=0 type=BULK (in, awaiting data)
[4178] +148.593299 ASYNC-OUT ep=0x01 len=16 type=BULK 
	0000  08 00 00 18 01 10 ef 03  00 c6 00 10 14 1f 00 00 |................|
[4179] +148.593700 ASYNC-OUT-DONE ep=0x01 len=0 status=0 actual=16
[4180] +148.650623 ASYNC-IN-DONE ep=0x81 len=0 status=2 actual=0
[4181] +148.650669 ASYNC-IN-SUBMIT ep=0x81 len=0 type=BULK (in, awaiting data)
[4182] +148.744090 ASYNC-IN-DONE ep=0x81 len=16 status=0 actual=16
	0000  08 00 00 18 ed 03 80 10  00 a7 00 10 ae 02 00 00 |................|
[4183] +148.744133 ASYNC-IN-SUBMIT ep=0x81 len=0 type=BULK (in, awaiting data)
[4184] +148.850910 ASYNC-IN-DONE ep=0x81 len=0 status=2 actual=0
[4185] +148.851011 ASYNC-IN-SUBMIT ep=0x81 len=0 type=BULK (in, awaiting data)
[4186] +148.944829 ASYNC-IN-DONE ep=0x81 len=16 status=0 actual=16
	0000  08 00 00 18 ef 03 01 10  00 bc 00 10 d2 22 00 00 |............."..|
[4187] +148.944945 ASYNC-IN-SUBMIT ep=0x81 len=0 type=BULK (in, awaiting data)
[4188] +149.050450 ASYNC-IN-DONE ep=0x81 len=0 status=2 actual=0
[4189] +149.050550 ASYNC-IN-SUBMIT ep=0x81 len=0 type=BULK (in, awaiting data)
[4190] +149.163380 ASYNC-IN-DONE ep=0x81 len=0 status=2 actual=0
[4191] +149.163474 ASYNC-IN-SUBMIT ep=0x81 len=0 type=BULK (in, awaiting data)
[4192] +149.267302 ASYNC-IN-DONE ep=0x81 len=0 status=2 actual=0
[4193] +149.267388 ASYNC-IN-SUBMIT ep=0x81 len=0 type=BULK (in, awaiting data)
[4194] +149.373072 ASYNC-OUT ep=0x01 len=16 type=BULK 
	0000  08 00 00 18 80 10 ed 03  00 a1 00 10 fd 1a 00 00 |................|
[4195] +149.373416 ASYNC-OUT-DONE ep=0x01 len=0 status=0 actual=16
[4196] +149.376187 ASYNC-IN-DONE ep=0x81 len=0 status=2 actual=0
[4197] +149.376226 ASYNC-IN-SUBMIT ep=0x81 len=0 type=BULK (in, awaiting data)
[4198] +149.487874 ASYNC-IN-DONE ep=0x81 len=0 status=2 actual=0
[4199] +149.487957 ASYNC-IN-SUBMIT ep=0x81 len=0 type=BULK (in, awaiting data)
[4200] +149.529227 ASYNC-OUT ep=0x01 len=16 type=BULK 
	0000  08 00 00 18 02 10 f0 03  00 8e 00 10 1e 10 00 00 |................|
[4201] +149.529473 ASYNC-OUT-DONE ep=0x01 len=0 status=0 actual=16
[4202] +149.546847 ASYNC-IN-DONE ep=0x81 len=16 status=0 actual=16
	0000  08 00 00 18 f0 03 02 10  00 93 00 10 09 02 00 00 |................|
[4203] +149.546911 ASYNC-IN-SUBMIT ep=0x81 len=0 type=BULK (in, awaiting data)
[4204] +149.633312 ASYNC-OUT ep=0x01 len=16 type=BULK 
	0000  08 00 00 18 01 10 ef 03  00 c7 00 10 14 1f 00 00 |................|
[4205] +149.633658 ASYNC-OUT-DONE ep=0x01 len=0 status=0 actual=16
[4206] +149.659081 ASYNC-IN-DONE ep=0x81 len=0 status=2 actual=0
[4207] +149.659242 ASYNC-IN-SUBMIT ep=0x81 len=0 type=BULK (in, awaiting data)
[4208] +149.747265 ASYNC-IN-DONE ep=0x81 len=16 status=0 actual=16
	0000  08 00 00 18 ed 03 80 10  00 a8 00 10 ae 02 00 00 |................|
[4209] +149.747388 ASYNC-IN-SUBMIT ep=0x81 len=0 type=BULK (in, awaiting data)
[4210] +149.853444 ASYNC-IN-DONE ep=0x81 len=0 status=2 actual=0
[4211] +149.853541 ASYNC-IN-SUBMIT ep=0x81 len=0 type=BULK (in, awaiting data)
[4212] +149.948094 ASYNC-IN-DONE ep=0x81 len=16 status=0 actual=16
	0000  08 00 00 18 ef 03 01 10  00 bd 00 10 d2 22 00 00 |............."..|
[4213] +149.948215 ASYNC-IN-SUBMIT ep=0x81 len=0 type=BULK (in, awaiting data)
[4214] +150.050473 ASYNC-IN-DONE ep=0x81 len=0 status=2 actual=0
[4215] +150.050552 ASYNC-IN-SUBMIT ep=0x81 len=0 type=BULK (in, awaiting data)
[4216] +150.151631 ASYNC-IN-DONE ep=0x81 len=0 status=2 actual=0
[4217] +150.151717 ASYNC-IN-SUBMIT ep=0x81 len=0 type=BULK (in, awaiting data)
[4218] +150.264193 ASYNC-IN-DONE ep=0x81 len=0 status=2 actual=0
[4219] +150.264288 ASYNC-IN-SUBMIT ep=0x81 len=0 type=BULK (in, awaiting data)
[4220] +150.374369 ASYNC-IN-DONE ep=0x81 len=0 status=2 actual=0
[4221] +150.374444 ASYNC-IN-SUBMIT ep=0x81 len=0 type=BULK (in, awaiting data)
[4222] +150.411930 ASYNC-OUT ep=0x01 len=16 type=BULK 
	0000  08 00 00 18 80 10 ed 03  00 a2 00 10 fd 1a 00 00 |................|
[4223] +150.412225 ASYNC-OUT-DONE ep=0x01 len=0 status=0 actual=16
[4224] +150.486989 ASYNC-IN-DONE ep=0x81 len=0 status=2 actual=0
[4225] +150.487094 ASYNC-IN-SUBMIT ep=0x81 len=0 type=BULK (in, awaiting data)
[4226] +150.549802 ASYNC-IN-DONE ep=0x81 len=16 status=0 actual=16
	0000  08 00 00 18 f0 03 02 10  00 94 00 10 09 02 00 00 |................|
[4227] +150.549930 ASYNC-IN-SUBMIT ep=0x81 len=0 type=BULK (in, awaiting data)
[4228] +150.566651 ASYNC-OUT ep=0x01 len=16 type=BULK 
	0000  08 00 00 18 02 10 f0 03  00 8f 00 10 1e 10 00 00 |................|
[4229] +150.566966 ASYNC-OUT-DONE ep=0x01 len=0 status=0 actual=16
[4230] +150.650707 ASYNC-IN-DONE ep=0x81 len=0 status=2 actual=0
[4231] +150.650738 ASYNC-IN-SUBMIT ep=0x81 len=0 type=BULK (in, awaiting data)
[4232] +150.670742 ASYNC-OUT ep=0x01 len=16 type=BULK 
	0000  08 00 00 18 01 10 ef 03  00 c8 00 10 14 1f 00 00 |................|
[4233] +150.670994 ASYNC-OUT-DONE ep=0x01 len=0 status=0 actual=16
[4234] +150.750890 ASYNC-IN-DONE ep=0x81 len=16 status=0 actual=16
	0000  08 00 00 18 ed 03 80 10  00 a9 00 10 ae 02 00 00 |................|
[4235] +150.751014 ASYNC-IN-SUBMIT ep=0x81 len=0 type=BULK (in, awaiting data)
[4236] +150.863798 ASYNC-IN-DONE ep=0x81 len=0 status=2 actual=0
[4237] +150.863873 ASYNC-IN-SUBMIT ep=0x81 len=0 type=BULK (in, awaiting data)
[4238] +150.951350 ASYNC-IN-DONE ep=0x81 len=16 status=0 actual=16
	0000  08 00 00 18 ef 03 01 10  00 be 00 10 d2 22 00 00 |............."..|
[4239] +150.951451 ASYNC-IN-SUBMIT ep=0x81 len=0 type=BULK (in, awaiting data)
[4240] +151.060914 ASYNC-IN-DONE ep=0x81 len=0 status=2 actual=0
[4241] +151.061013 ASYNC-IN-SUBMIT ep=0x81 len=0 type=BULK (in, awaiting data)
[4242] +151.165038 ASYNC-IN-DONE ep=0x81 len=0 status=2 actual=0
[4243] +151.165136 ASYNC-IN-SUBMIT ep=0x81 len=0 type=BULK (in, awaiting data)
[4244] +151.276406 ASYNC-IN-DONE ep=0x81 len=0 status=2 actual=0
[4245] +151.276484 ASYNC-IN-SUBMIT ep=0x81 len=0 type=BULK (in, awaiting data)
[4246] +151.389227 ASYNC-IN-DONE ep=0x81 len=0 status=2 actual=0
[4247] +151.389317 ASYNC-IN-SUBMIT ep=0x81 len=0 type=BULK (in, awaiting data)
[4248] +151.450531 ASYNC-OUT ep=0x01 len=16 type=BULK 
	0000  08 00 00 18 80 10 ed 03  00 a3 00 10 fd 1a 00 00 |................|
[4249] +151.450930 ASYNC-OUT-DONE ep=0x01 len=0 status=0 actual=16
[4250] +151.492891 ASYNC-IN-DONE ep=0x81 len=0 status=2 actual=0
[4251] +151.492970 ASYNC-IN-SUBMIT ep=0x81 len=0 type=BULK (in, awaiting data)
[4252] +151.553401 ASYNC-IN-DONE ep=0x81 len=16 status=0 actual=16
	0000  08 00 00 18 f0 03 02 10  00 95 00 10 09 02 00 00 |................|
[4253] +151.553557 ASYNC-IN-SUBMIT ep=0x81 len=0 type=BULK (in, awaiting data)
[4254] +151.605655 ASYNC-OUT ep=0x01 len=16 type=BULK 
	0000  08 00 00 18 02 10 f0 03  00 90 00 10 1e 10 00 00 |................|
[4255] +151.605916 ASYNC-OUT-DONE ep=0x01 len=0 status=0 actual=16
[4256] +151.657858 ASYNC-IN-DONE ep=0x81 len=0 status=2 actual=0
[4257] +151.657933 ASYNC-IN-SUBMIT ep=0x81 len=0 type=BULK (in, awaiting data)
[4258] +151.709300 ASYNC-OUT ep=0x01 len=16 type=BULK 
	0000  08 00 00 18 01 10 ef 03  00 c9 00 10 14 1f 00 00 |................|
[4259] +151.709589 ASYNC-OUT-DONE ep=0x01 len=0 status=0 actual=16
[4260] +151.753820 ASYNC-IN-DONE ep=0x81 len=16 status=0 actual=16
	0000  08 00 00 18 ed 03 80 10  00 aa 00 10 ae 02 00 00 |................|
[4261] +151.753905 ASYNC-IN-SUBMIT ep=0x81 len=0 type=BULK (in, awaiting data)
[4262] +151.866699 ASYNC-IN-DONE ep=0x81 len=0 status=2 actual=0
[4263] +151.866793 ASYNC-IN-SUBMIT ep=0x81 len=0 type=BULK (in, awaiting data)
[4264] +151.954900 ASYNC-IN-DONE ep=0x81 len=16 status=0 actual=16
	0000  08 00 00 18 ef 03 01 10  00 bf 00 10 d2 22 00 00 |............."..|
[4265] +151.955042 ASYNC-IN-SUBMIT ep=0x81 len=0 type=BULK (in, awaiting data)
[4266] +152.067887 ASYNC-IN-DONE ep=0x81 len=0 status=2 actual=0
[4267] +152.067975 ASYNC-IN-SUBMIT ep=0x81 len=0 type=BULK (in, awaiting data)
[4268] +152.176575 ASYNC-IN-DONE ep=0x81 len=0 status=2 actual=0
[4269] +152.176664 ASYNC-IN-SUBMIT ep=0x81 len=0 type=BULK (in, awaiting data)
[4270] +152.289247 ASYNC-IN-DONE ep=0x81 len=0 status=2 actual=0
[4271] +152.289343 ASYNC-IN-SUBMIT ep=0x81 len=0 type=BULK (in, awaiting data)
[4272] +152.402156 ASYNC-IN-DONE ep=0x81 len=0 status=2 actual=0
[4273] +152.402242 ASYNC-IN-SUBMIT ep=0x81 len=0 type=BULK (in, awaiting data)
[4274] +152.487860 ASYNC-OUT ep=0x01 len=16 type=BULK 
	0000  08 00 00 18 80 10 ed 03  00 a4 00 10 fd 1a 00 00 |................|
[4275] +152.488183 ASYNC-OUT-DONE ep=0x01 len=0 status=0 actual=16
[4276] +152.513999 ASYNC-IN-DONE ep=0x81 len=0 status=2 actual=0
[4277] +152.514057 ASYNC-IN-SUBMIT ep=0x81 len=0 type=BULK (in, awaiting data)
[4278] +152.556959 ASYNC-IN-DONE ep=0x81 len=16 status=0 actual=16
	0000  08 00 00 18 f0 03 02 10  00 96 00 10 09 02 00 00 |................|
[4279] +152.557073 ASYNC-IN-SUBMIT ep=0x81 len=0 type=BULK (in, awaiting data)
[4280] +152.643983 ASYNC-OUT ep=0x01 len=16 type=BULK 
	0000  08 00 00 18 02 10 f0 03  00 91 00 10 1e 10 00 00 |................|
[4281] +152.644295 ASYNC-OUT-DONE ep=0x01 len=0 status=0 actual=16
[4282] +152.668409 ASYNC-IN-DONE ep=0x81 len=0 status=2 actual=0
[4283] +152.668505 ASYNC-IN-SUBMIT ep=0x81 len=0 type=BULK (in, awaiting data)
[4284] +152.748092 ASYNC-OUT ep=0x01 len=16 type=BULK 
	0000  08 00 00 18 01 10 ef 03  00 ca 00 10 14 1f 00 00 |................|
[4285] +152.748368 ASYNC-OUT-DONE ep=0x01 len=0 status=0 actual=16
[4286] +152.757324 ASYNC-IN-DONE ep=0x81 len=16 status=0 actual=16
	0000  08 00 00 18 ed 03 80 10  00 ab 00 10 ae 02 00 00 |................|
[4287] +152.757450 ASYNC-IN-SUBMIT ep=0x81 len=0 type=BULK (in, awaiting data)
[4288] +152.864624 ASYNC-IN-DONE ep=0x81 len=0 status=2 actual=0
[4289] +152.864707 ASYNC-IN-SUBMIT ep=0x81 len=0 type=BULK (in, awaiting data)
[4290] +152.958215 ASYNC-IN-DONE ep=0x81 len=16 status=0 actual=16
	0000  08 00 00 18 ef 03 01 10  00 c0 00 10 d2 22 00 00 |............."..|
[4291] +152.958472 ASYNC-IN-SUBMIT ep=0x81 len=0 type=BULK (in, awaiting data)
[4292] +153.069925 ASYNC-IN-DONE ep=0x81 len=0 status=2 actual=0
[4293] +153.070001 ASYNC-IN-SUBMIT ep=0x81 len=0 type=BULK (in, awaiting data)
[4294] +153.175838 ASYNC-IN-DONE ep=0x81 len=0 status=2 actual=0
[4295] +153.175902 ASYNC-IN-SUBMIT ep=0x81 len=0 type=BULK (in, awaiting data)
[4296] +153.284614 ASYNC-IN-DONE ep=0x81 len=0 status=2 actual=0
[4297] +153.284713 ASYNC-IN-SUBMIT ep=0x81 len=0 type=BULK (in, awaiting data)
[4298] +153.397556 ASYNC-IN-DONE ep=0x81 len=0 status=2 actual=0
[4299] +153.397659 ASYNC-IN-SUBMIT ep=0x81 len=0 type=BULK (in, awaiting data)
[4300] +153.508090 ASYNC-IN-DONE ep=0x81 len=0 status=2 actual=0
[4301] +153.508182 ASYNC-IN-SUBMIT ep=0x81 len=0 type=BULK (in, awaiting data)
[4302] +153.526726 ASYNC-OUT ep=0x01 len=16 type=BULK 
	0000  08 00 00 18 80 10 ed 03  00 a5 00 10 fd 1a 00 00 |................|
[4303] +153.526988 ASYNC-OUT-DONE ep=0x01 len=0 status=0 actual=16
[4304] +153.560074 ASYNC-IN-DONE ep=0x81 len=16 status=0 actual=16
	0000  08 00 00 18 f0 03 02 10  00 97 00 10 09 02 00 00 |................|
[4305] +153.560210 ASYNC-IN-SUBMIT ep=0x81 len=0 type=BULK (in, awaiting data)
[4306] +153.663594 ASYNC-IN-DONE ep=0x81 len=0 status=2 actual=0
[4307] +153.663624 ASYNC-IN-SUBMIT ep=0x81 len=0 type=BULK (in, awaiting data)
[4308] +153.682890 ASYNC-OUT ep=0x01 len=16 type=BULK 
	0000  08 00 00 18 02 10 f0 03  00 92 00 10 1e 10 00 00 |................|
[4309] +153.683238 ASYNC-OUT-DONE ep=0x01 len=0 status=0 actual=16
[4310] +153.760815 ASYNC-IN-DONE ep=0x81 len=16 status=0 actual=16
	0000  08 00 00 18 ed 03 80 10  00 ac 00 10 ae 02 00 00 |................|
[4311] +153.760910 ASYNC-IN-SUBMIT ep=0x81 len=0 type=BULK (in, awaiting data)
[4312] +153.786921 ASYNC-OUT ep=0x01 len=16 type=BULK 
	0000  08 00 00 18 01 10 ef 03  00 cb 00 10 14 1f 00 00 |................|
[4313] +153.787178 ASYNC-OUT-DONE ep=0x01 len=0 status=0 actual=16
[4314] +153.864045 ASYNC-IN-DONE ep=0x81 len=0 status=2 actual=0
[4315] +153.864125 ASYNC-IN-SUBMIT ep=0x81 len=0 type=BULK (in, awaiting data)
[4316] +153.962077 ASYNC-IN-DONE ep=0x81 len=16 status=0 actual=16
	0000  08 00 00 18 ef 03 01 10  00 c1 00 10 d2 22 00 00 |............."..|
[4317] +153.962193 ASYNC-IN-SUBMIT ep=0x81 len=0 type=BULK (in, awaiting data)
[4318] +154.074801 ASYNC-IN-DONE ep=0x81 len=0 status=2 actual=0
[4319] +154.074898 ASYNC-IN-SUBMIT ep=0x81 len=0 type=BULK (in, awaiting data)
[4320] +154.184564 ASYNC-IN-DONE ep=0x81 len=0 status=2 actual=0
[4321] +154.184672 ASYNC-IN-SUBMIT ep=0x81 len=0 type=BULK (in, awaiting data)
[4322] +154.285080 ASYNC-IN-DONE ep=0x81 len=0 status=2 actual=0
[4323] +154.285181 ASYNC-IN-SUBMIT ep=0x81 len=0 type=BULK (in, awaiting data)
[4324] +154.397614 ASYNC-IN-DONE ep=0x81 len=0 status=2 actual=0
[4325] +154.397714 ASYNC-IN-SUBMIT ep=0x81 len=0 type=BULK (in, awaiting data)
[4326] +154.510524 ASYNC-IN-DONE ep=0x81 len=0 status=2 actual=0
[4327] +154.510581 ASYNC-IN-SUBMIT ep=0x81 len=0 type=BULK (in, awaiting data)
[4328] +154.563368 ASYNC-IN-DONE ep=0x81 len=16 status=0 actual=16
	0000  08 00 00 18 f0 03 02 10  00 98 00 10 09 02 00 00 |................|
[4329] +154.563483 ASYNC-IN-SUBMIT ep=0x81 len=0 type=BULK (in, awaiting data)
[4330] +154.567443 ASYNC-OUT ep=0x01 len=16 type=BULK 
	0000  08 00 00 18 80 10 ed 03  00 a6 00 10 fd 1a 00 00 |................|
[4331] +154.567705 ASYNC-OUT-DONE ep=0x01 len=0 status=0 actual=16
[4332] +154.671731 ASYNC-IN-DONE ep=0x81 len=0 status=2 actual=0
[4333] +154.671838 ASYNC-IN-SUBMIT ep=0x81 len=0 type=BULK (in, awaiting data)
[4334] +154.723477 ASYNC-OUT ep=0x01 len=16 type=BULK 
	0000  08 00 00 18 02 10 f0 03  00 93 00 10 1e 10 00 00 |................|
[4335] +154.723805 ASYNC-OUT-DONE ep=0x01 len=0 status=0 actual=16
[4336] +154.763776 ASYNC-IN-DONE ep=0x81 len=16 status=0 actual=16
	0000  08 00 00 18 ed 03 80 10  00 ad 00 10 ae 02 00 00 |................|
[4337] +154.763883 ASYNC-IN-SUBMIT ep=0x81 len=0 type=BULK (in, awaiting data)
[4338] +154.827008 ASYNC-OUT ep=0x01 len=16 type=BULK 
	0000  08 00 00 18 01 10 ef 03  00 cc 00 10 14 1f 00 00 |................|
[4339] +154.827325 ASYNC-OUT-DONE ep=0x01 len=0 status=0 actual=16
[4340] +154.874760 ASYNC-IN-DONE ep=0x81 len=0 status=2 actual=0
[4341] +154.874838 ASYNC-IN-SUBMIT ep=0x81 len=0 type=BULK (in, awaiting data)
[4342] +154.964517 ASYNC-IN-DONE ep=0x81 len=16 status=0 actual=16
	0000  08 00 00 18 ef 03 01 10  00 c2 00 10 d2 22 00 00 |............."..|
[4343] +154.964652 ASYNC-IN-SUBMIT ep=0x81 len=0 type=BULK (in, awaiting data)
[4344] +155.072175 ASYNC-IN-DONE ep=0x81 len=0 status=2 actual=0
[4345] +155.072275 ASYNC-IN-SUBMIT ep=0x81 len=0 type=BULK (in, awaiting data)
[4346] +155.180640 ASYNC-IN-DONE ep=0x81 len=0 status=2 actual=0
[4347] +155.180732 ASYNC-IN-SUBMIT ep=0x81 len=0 type=BULK (in, awaiting data)
[4348] +155.292788 ASYNC-IN-DONE ep=0x81 len=0 status=2 actual=0
[4349] +155.292885 ASYNC-IN-SUBMIT ep=0x81 len=0 type=BULK (in, awaiting data)
[4350] +155.403854 ASYNC-IN-DONE ep=0x81 len=0 status=2 actual=0
[4351] +155.403950 ASYNC-IN-SUBMIT ep=0x81 len=0 type=BULK (in, awaiting data)
[4352] +155.516789 ASYNC-IN-DONE ep=0x81 len=0 status=2 actual=0
[4353] +155.516884 ASYNC-IN-SUBMIT ep=0x81 len=0 type=BULK (in, awaiting data)
[4354] +155.566951 ASYNC-IN-DONE ep=0x81 len=16 status=0 actual=16
	0000  08 00 00 18 f0 03 02 10  00 99 00 10 09 02 00 00 |................|
[4355] +155.567090 ASYNC-IN-SUBMIT ep=0x81 len=0 type=BULK (in, awaiting data)
[4356] +155.607212 ASYNC-OUT ep=0x01 len=16 type=BULK 
	0000  08 00 00 18 80 10 ed 03  00 a7 00 10 fd 1a 00 00 |................|
[4357] +155.607537 ASYNC-OUT-DONE ep=0x01 len=0 status=0 actual=16
[4358] +155.675976 ASYNC-IN-DONE ep=0x81 len=0 status=2 actual=0
[4359] +155.676064 ASYNC-IN-SUBMIT ep=0x81 len=0 type=BULK (in, awaiting data)
[4360] +155.763398 ASYNC-OUT ep=0x01 len=16 type=BULK 
	0000  08 00 00 18 02 10 f0 03  00 94 00 10 1e 10 00 00 |................|
[4361] +155.763726 ASYNC-OUT-DONE ep=0x01 len=0 status=0 actual=16
[4362] +155.767300 ASYNC-IN-DONE ep=0x81 len=16 status=0 actual=16
	0000  08 00 00 18 ed 03 80 10  00 ae 00 10 ae 02 00 00 |................|
[4363] +155.767367 ASYNC-IN-SUBMIT ep=0x81 len=0 type=BULK (in, awaiting data)
[4364] +155.865853 ASYNC-OUT ep=0x01 len=16 type=BULK 
	0000  08 00 00 18 01 10 ef 03  00 cd 00 10 14 1f 00 00 |................|
[4365] +155.866201 ASYNC-OUT-DONE ep=0x01 len=0 status=0 actual=16
[4366] +155.873841 ASYNC-IN-DONE ep=0x81 len=0 status=2 actual=0
[4367] +155.873889 ASYNC-IN-SUBMIT ep=0x81 len=0 type=BULK (in, awaiting data)
[4368] +155.967742 ASYNC-IN-DONE ep=0x81 len=16 status=0 actual=16
	0000  08 00 00 18 ef 03 01 10  00 c3 00 10 d2 22 00 00 |............."..|
[4369] +155.967883 ASYNC-IN-SUBMIT ep=0x81 len=0 type=BULK (in, awaiting data)
[4370] +156.074875 ASYNC-IN-DONE ep=0x81 len=0 status=2 actual=0
[4371] +156.074971 ASYNC-IN-SUBMIT ep=0x81 len=0 type=BULK (in, awaiting data)
[4372] +156.187327 ASYNC-IN-DONE ep=0x81 len=0 status=2 actual=0
[4373] +156.187404 ASYNC-IN-SUBMIT ep=0x81 len=0 type=BULK (in, awaiting data)
[4374] +156.297615 ASYNC-IN-DONE ep=0x81 len=0 status=2 actual=0
[4375] +156.297718 ASYNC-IN-SUBMIT ep=0x81 len=0 type=BULK (in, awaiting data)
[4376] +156.410099 ASYNC-IN-DONE ep=0x81 len=0 status=2 actual=0
[4377] +156.410192 ASYNC-IN-SUBMIT ep=0x81 len=0 type=BULK (in, awaiting data)
[4378] +156.522596 ASYNC-IN-DONE ep=0x81 len=0 status=2 actual=0
[4379] +156.522685 ASYNC-IN-SUBMIT ep=0x81 len=0 type=BULK (in, awaiting data)
[4380] +156.570051 ASYNC-IN-DONE ep=0x81 len=16 status=0 actual=16
	0000  08 00 00 18 f0 03 02 10  00 9a 00 10 09 02 00 00 |................|
[4381] +156.570149 ASYNC-IN-SUBMIT ep=0x81 len=0 type=BULK (in, awaiting data)
[4382] +156.644339 ASYNC-OUT ep=0x01 len=16 type=BULK 
	0000  08 00 00 18 80 10 ed 03  00 a8 00 10 fd 1a 00 00 |................|
[4383] +156.644671 ASYNC-OUT-DONE ep=0x01 len=0 status=0 actual=16
[4384] +156.679920 ASYNC-IN-DONE ep=0x81 len=0 status=2 actual=0
[4385] +156.679970 ASYNC-IN-SUBMIT ep=0x81 len=0 type=BULK (in, awaiting data)
[4386] +156.770505 ASYNC-IN-DONE ep=0x81 len=16 status=0 actual=16
	0000  08 00 00 18 ed 03 80 10  00 af 00 10 ae 02 00 00 |................|
[4387] +156.770545 ASYNC-IN-SUBMIT ep=0x81 len=0 type=BULK (in, awaiting data)
[4388] +156.799541 ASYNC-OUT ep=0x01 len=16 type=BULK 
	0000  08 00 00 18 02 10 f0 03  00 95 00 10 1e 10 00 00 |................|
[4389] +156.799908 ASYNC-OUT-DONE ep=0x01 len=0 status=0 actual=16
[4390] +156.876359 ASYNC-IN-DONE ep=0x81 len=0 status=2 actual=0
[4391] +156.876445 ASYNC-IN-SUBMIT ep=0x81 len=0 type=BULK (in, awaiting data)
[4392] +156.902626 ASYNC-OUT ep=0x01 len=16 type=BULK 
	0000  08 00 00 18 01 10 ef 03  00 ce 00 10 14 1f 00 00 |................|
[4393] +156.902895 ASYNC-OUT-DONE ep=0x01 len=0 status=0 actual=16
[4394] +156.971366 ASYNC-IN-DONE ep=0x81 len=16 status=0 actual=16
	0000  08 00 00 18 ef 03 01 10  00 c4 00 10 d2 22 00 00 |............."..|
[4395] +156.971470 ASYNC-IN-SUBMIT ep=0x81 len=0 type=BULK (in, awaiting data)
[4396] +157.076454 ASYNC-IN-DONE ep=0x81 len=0 status=2 actual=0
[4397] +157.076556 ASYNC-IN-SUBMIT ep=0x81 len=0 type=BULK (in, awaiting data)
[4398] +157.189401 ASYNC-IN-DONE ep=0x81 len=0 status=2 actual=0
[4399] +157.189449 ASYNC-IN-SUBMIT ep=0x81 len=0 type=BULK (in, awaiting data)
[4400] +157.302275 ASYNC-IN-DONE ep=0x81 len=0 status=2 actual=0
[4401] +157.302373 ASYNC-IN-SUBMIT ep=0x81 len=0 type=BULK (in, awaiting data)
[4402] +157.415184 ASYNC-IN-DONE ep=0x81 len=0 status=2 actual=0
[4403] +157.415280 ASYNC-IN-SUBMIT ep=0x81 len=0 type=BULK (in, awaiting data)
[4404] +157.524718 ASYNC-IN-DONE ep=0x81 len=0 status=2 actual=0
[4405] +157.524820 ASYNC-IN-SUBMIT ep=0x81 len=0 type=BULK (in, awaiting data)
[4406] +157.573432 ASYNC-IN-DONE ep=0x81 len=16 status=0 actual=16
	0000  08 00 00 18 f0 03 02 10  00 9b 00 10 09 02 00 00 |................|
[4407] +157.573551 ASYNC-IN-SUBMIT ep=0x81 len=0 type=BULK (in, awaiting data)
[4408] +157.681781 ASYNC-OUT ep=0x01 len=16 type=BULK 
	0000  08 00 00 18 80 10 ed 03  00 a9 00 10 fd 1a 00 00 |................|
[4409] +157.681952 ASYNC-IN-DONE ep=0x81 len=0 status=2 actual=0
[4410] +157.682003 ASYNC-IN-SUBMIT ep=0x81 len=0 type=BULK (in, awaiting data)
[4411] +157.682147 ASYNC-OUT-DONE ep=0x01 len=0 status=0 actual=16
[4412] +157.774161 ASYNC-IN-DONE ep=0x81 len=16 status=0 actual=16
	0000  08 00 00 18 ed 03 80 10  00 b0 00 10 ae 02 00 00 |................|
[4413] +157.774255 ASYNC-IN-SUBMIT ep=0x81 len=0 type=BULK (in, awaiting data)
[4414] +157.837936 ASYNC-OUT ep=0x01 len=16 type=BULK 
	0000  08 00 00 18 02 10 f0 03  00 96 00 10 1e 10 00 00 |................|
[4415] +157.838268 ASYNC-OUT-DONE ep=0x01 len=0 status=0 actual=16
[4416] +157.882741 ASYNC-IN-DONE ep=0x81 len=0 status=2 actual=0
[4417] +157.882804 ASYNC-IN-SUBMIT ep=0x81 len=0 type=BULK (in, awaiting data)
[4418] +157.942018 ASYNC-OUT ep=0x01 len=16 type=BULK 
	0000  08 00 00 18 01 10 ef 03  00 cf 00 10 14 1f 00 00 |................|
[4419] +157.942308 ASYNC-OUT-DONE ep=0x01 len=0 status=0 actual=16
[4420] +157.974543 ASYNC-IN-DONE ep=0x81 len=16 status=0 actual=16
	0000  08 00 00 18 ef 03 01 10  00 c5 00 10 d2 22 00 00 |............."..|
[4421] +157.974665 ASYNC-IN-SUBMIT ep=0x81 len=0 type=BULK (in, awaiting data)
[4422] +158.085096 ASYNC-IN-DONE ep=0x81 len=0 status=2 actual=0
[4423] +158.085169 ASYNC-IN-SUBMIT ep=0x81 len=0 type=BULK (in, awaiting data)
[4424] +158.197925 ASYNC-IN-DONE ep=0x81 len=0 status=2 actual=0
[4425] +158.198015 ASYNC-IN-SUBMIT ep=0x81 len=0 type=BULK (in, awaiting data)
[4426] +158.306505 ASYNC-IN-DONE ep=0x81 len=0 status=2 actual=0
[4427] +158.306586 ASYNC-IN-SUBMIT ep=0x81 len=0 type=BULK (in, awaiting data)
[4428] +158.418130 ASYNC-IN-DONE ep=0x81 len=0 status=2 actual=0
[4429] +158.418221 ASYNC-IN-SUBMIT ep=0x81 len=0 type=BULK (in, awaiting data)
[4430] +158.525732 ASYNC-IN-DONE ep=0x81 len=0 status=2 actual=0
[4431] +158.525829 ASYNC-IN-SUBMIT ep=0x81 len=0 type=BULK (in, awaiting data)
[4432] +158.576911 ASYNC-IN-DONE ep=0x81 len=16 status=0 actual=16
	0000  08 00 00 18 f0 03 02 10  00 9c 00 10 09 02 00 00 |................|
[4433] +158.577035 ASYNC-IN-SUBMIT ep=0x81 len=0 type=BULK (in, awaiting data)
[4434] +158.685606 ASYNC-IN-DONE ep=0x81 len=0 status=2 actual=0
[4435] +158.685701 ASYNC-IN-SUBMIT ep=0x81 len=0 type=BULK (in, awaiting data)
[4436] +158.721905 ASYNC-OUT ep=0x01 len=16 type=BULK 
	0000  08 00 00 18 80 10 ed 03  00 aa 00 10 fd 1a 00 00 |................|
[4437] +158.722241 ASYNC-OUT-DONE ep=0x01 len=0 status=0 actual=16
[4438] +158.777451 ASYNC-IN-DONE ep=0x81 len=16 status=0 actual=16
	0000  08 00 00 18 ed 03 80 10  00 b1 00 10 ae 02 00 00 |................|
[4439] +158.777577 ASYNC-IN-SUBMIT ep=0x81 len=0 type=BULK (in, awaiting data)
[4440] +158.878068 ASYNC-OUT ep=0x01 len=16 type=BULK 
	0000  08 00 00 18 02 10 f0 03  00 97 00 10 1e 10 00 00 |................|
[4441] +158.878397 ASYNC-OUT-DONE ep=0x01 len=0 status=0 actual=16
[4442] +158.883802 ASYNC-IN-DONE ep=0x81 len=0 status=2 actual=0
[4443] +158.883847 ASYNC-IN-SUBMIT ep=0x81 len=0 type=BULK (in, awaiting data)
[4444] +158.977725 ASYNC-IN-DONE ep=0x81 len=16 status=0 actual=16
	0000  08 00 00 18 ef 03 01 10  00 c6 00 10 d2 22 00 00 |............."..|
[4445] +158.977824 ASYNC-IN-SUBMIT ep=0x81 len=0 type=BULK (in, awaiting data)
[4446] +158.982132 ASYNC-OUT ep=0x01 len=16 type=BULK 
	0000  08 00 00 18 01 10 ef 03  00 d0 00 10 14 1f 00 00 |................|
[4447] +158.982387 ASYNC-OUT-DONE ep=0x01 len=0 status=0 actual=16
[4448] +159.078757 ASYNC-IN-DONE ep=0x81 len=0 status=2 actual=0
[4449] +159.078866 ASYNC-IN-SUBMIT ep=0x81 len=0 type=BULK (in, awaiting data)
[4450] +159.189887 ASYNC-IN-DONE ep=0x81 len=0 status=2 actual=0
[4451] +159.189982 ASYNC-IN-SUBMIT ep=0x81 len=0 type=BULK (in, awaiting data)
[4452] +159.294918 ASYNC-IN-DONE ep=0x81 len=0 status=2 actual=0
[4453] +159.295017 ASYNC-IN-SUBMIT ep=0x81 len=0 type=BULK (in, awaiting data)
[4454] +159.400154 ASYNC-IN-DONE ep=0x81 len=0 status=2 actual=0
[4455] +159.400261 ASYNC-IN-SUBMIT ep=0x81 len=0 type=BULK (in, awaiting data)
[4456] +159.501306 ASYNC-IN-DONE ep=0x81 len=0 status=2 actual=0
[4457] +159.501438 ASYNC-IN-SUBMIT ep=0x81 len=0 type=BULK (in, awaiting data)
[4458] +159.579811 ASYNC-IN-DONE ep=0x81 len=16 status=0 actual=16
	0000  08 00 00 18 f0 03 02 10  00 9d 00 10 09 02 00 00 |................|
[4459] +159.579967 ASYNC-IN-SUBMIT ep=0x81 len=0 type=BULK (in, awaiting data)
[4460] +159.692803 ASYNC-IN-DONE ep=0x81 len=0 status=2 actual=0
[4461] +159.692911 ASYNC-IN-SUBMIT ep=0x81 len=0 type=BULK (in, awaiting data)
[4462] +159.761090 ASYNC-OUT ep=0x01 len=16 type=BULK 
	0000  08 00 00 18 80 10 ed 03  00 ab 00 10 fd 1a 00 00 |................|
[4463] +159.761405 ASYNC-OUT-DONE ep=0x01 len=0 status=0 actual=16
[4464] +159.780886 ASYNC-IN-DONE ep=0x81 len=16 status=0 actual=16
	0000  08 00 00 18 ed 03 80 10  00 b2 00 10 ae 02 00 00 |................|
[4465] +159.780988 ASYNC-IN-SUBMIT ep=0x81 len=0 type=BULK (in, awaiting data)
[4466] +159.889791 ASYNC-IN-DONE ep=0x81 len=0 status=2 actual=0
[4467] +159.889905 ASYNC-IN-SUBMIT ep=0x81 len=0 type=BULK (in, awaiting data)
[4468] +159.915344 ASYNC-OUT ep=0x01 len=16 type=BULK 
	0000  08 00 00 18 02 10 f0 03  00 98 00 10 1e 10 00 00 |................|
[4469] +159.915586 ASYNC-OUT-DONE ep=0x01 len=0 status=0 actual=16
[4470] +159.981517 ASYNC-IN-DONE ep=0x81 len=16 status=0 actual=16
	0000  08 00 00 18 ef 03 01 10  00 c7 00 10 d2 22 00 00 |............."..|
[4471] +159.981598 ASYNC-IN-SUBMIT ep=0x81 len=0 type=BULK (in, awaiting data)
[4472] +160.019425 ASYNC-OUT ep=0x01 len=16 type=BULK 
	0000  08 00 00 18 01 10 ef 03  00 d1 00 10 14 1f 00 00 |................|
[4473] +160.019800 ASYNC-OUT-DONE ep=0x01 len=0 status=0 actual=16
[4474] +160.087468 ASYNC-IN-DONE ep=0x81 len=0 status=2 actual=0
[4475] +160.087504 ASYNC-IN-SUBMIT ep=0x81 len=0 type=BULK (in, awaiting data)
[4476] +160.200204 ASYNC-IN-DONE ep=0x81 len=0 status=2 actual=0
[4477] +160.200237 ASYNC-IN-SUBMIT ep=0x81 len=0 type=BULK (in, awaiting data)
[4478] +160.302403 ASYNC-IN-DONE ep=0x81 len=0 status=2 actual=0
[4479] +160.302456 ASYNC-IN-SUBMIT ep=0x81 len=0 type=BULK (in, awaiting data)
[4480] +160.415266 ASYNC-IN-DONE ep=0x81 len=0 status=2 actual=0
[4481] +160.415378 ASYNC-IN-SUBMIT ep=0x81 len=0 type=BULK (in, awaiting data)
[4482] +160.528258 ASYNC-IN-DONE ep=0x81 len=0 status=2 actual=0
[4483] +160.528367 ASYNC-IN-SUBMIT ep=0x81 len=0 type=BULK (in, awaiting data)
[4484] +160.583500 ASYNC-IN-DONE ep=0x81 len=16 status=0 actual=16
	0000  08 00 00 18 f0 03 02 10  00 9e 00 10 09 02 00 00 |................|
[4485] +160.583647 ASYNC-IN-SUBMIT ep=0x81 len=0 type=BULK (in, awaiting data)
[4486] +160.694825 ASYNC-IN-DONE ep=0x81 len=0 status=2 actual=0
[4487] +160.694873 ASYNC-IN-SUBMIT ep=0x81 len=0 type=BULK (in, awaiting data)
[4488] +160.784660 ASYNC-IN-DONE ep=0x81 len=16 status=0 actual=16
	0000  08 00 00 18 ed 03 80 10  00 b3 00 10 ae 02 00 00 |................|
[4489] +160.784795 ASYNC-IN-SUBMIT ep=0x81 len=0 type=BULK (in, awaiting data)
[4490] +160.797309 ASYNC-OUT ep=0x01 len=16 type=BULK 
	0000  08 00 00 18 80 10 ed 03  00 ac 00 10 fd 1a 00 00 |................|
[4491] +160.797555 ASYNC-OUT-DONE ep=0x01 len=0 status=0 actual=16
[4492] +160.895743 ASYNC-IN-DONE ep=0x81 len=0 status=2 actual=0
[4493] +160.895834 ASYNC-IN-SUBMIT ep=0x81 len=0 type=BULK (in, awaiting data)
[4494] +160.953513 ASYNC-OUT ep=0x01 len=16 type=BULK 
	0000  08 00 00 18 02 10 f0 03  00 99 00 10 1e 10 00 00 |................|
[4495] +160.953829 ASYNC-OUT-DONE ep=0x01 len=0 status=0 actual=16
[4496] +160.984982 ASYNC-IN-DONE ep=0x81 len=16 status=0 actual=16
	0000  08 00 00 18 ef 03 01 10  00 c8 00 10 d2 22 00 00 |............."..|
[4497] +160.985075 ASYNC-IN-SUBMIT ep=0x81 len=0 type=BULK (in, awaiting data)
[4498] +161.057606 ASYNC-OUT ep=0x01 len=16 type=BULK 
	0000  08 00 00 18 01 10 ef 03  00 d2 00 10 14 1f 00 00 |................|
[4499] +161.057942 ASYNC-OUT-DONE ep=0x01 len=0 status=0 actual=16
[4500] +161.085378 ASYNC-IN-DONE ep=0x81 len=0 status=2 actual=0
[4501] +161.085472 ASYNC-IN-SUBMIT ep=0x81 len=0 type=BULK (in, awaiting data)
[4502] +161.189009 ASYNC-IN-DONE ep=0x81 len=0 status=2 actual=0
[4503] +161.189103 ASYNC-IN-SUBMIT ep=0x81 len=0 type=BULK (in, awaiting data)
[4504] +161.296402 ASYNC-IN-DONE ep=0x81 len=0 status=2 actual=0
[4505] +161.296423 ASYNC-IN-SUBMIT ep=0x81 len=0 type=BULK (in, awaiting data)
[4506] +161.369346 ASYNC-OUT ep=0x01 len=36 type=BULK 
	0000  1a 00 00 18 01 10 ef 03  00 d3 00 04 14 1f 00 00 |................|
	0010  01 00 02 00 0a 00 00 00  83 66 cd 03 f1 64 cc ff |.........f...d..|
	0020  65 80 00 00                                      |e...|
[4507] +161.369630 ASYNC-OUT-DONE ep=0x01 len=0 status=0 actual=36
[4508] +161.370989 ASYNC-IN-DONE ep=0x81 len=36 status=0 actual=36
	0000  19 00 00 18 ef 03 01 10  00 c9 00 04 e4 22 00 00 |............."..|
	0010  00 00 02 00 09 00 00 00  83 66 cd 03 f1 67 00 68 |.........f...g.h|
	0020  c0 86 70 00                                      |..p.|
[4509] +161.371031 ASYNC-IN-SUBMIT ep=0x81 len=0 type=BULK (in, awaiting data)
[4510] +161.386429 ASYNC-IN-DONE ep=0x81 len=16 status=0 actual=16
	0000  08 00 00 18 ef 03 01 10  00 ca 00 08 e4 22 00 00 |............."..|
[4511] +161.386447 ASYNC-IN-SUBMIT ep=0x81 len=0 type=BULK (in, awaiting data)
[4512] +161.421408 ASYNC-OUT ep=0x01 len=36 type=BULK 
	0000  1b 00 00 18 01 10 ef 03  00 d4 00 0c 25 1f 00 00 |............%...|
	0010  01 00 02 00 0b 00 00 00  83 66 cd 03 f2 64 0f 65 |.........f...d.e|
	0020  81 70 00 00                                      |.p..|
[4513] +161.421782 ASYNC-OUT-DONE ep=0x01 len=0 status=0 actual=36
[4514] +161.428346 ASYNC-IN-DONE ep=0x81 len=36 status=0 actual=36
	0000  19 00 00 18 ef 03 01 10  00 cb 00 04 f7 22 00 00 |............."..|
	0010  00 00 02 00 09 00 00 00  83 66 cd 03 f2 67 00 68 |.........f...g.h|
	0020  c0 86 70 00                                      |..p.|
[4515] +161.428385 ASYNC-IN-SUBMIT ep=0x81 len=0 type=BULK (in, awaiting data)
[4516] +161.472565 ASYNC-OUT ep=0x01 len=36 type=BULK 
	0000  1a 00 00 18 01 10 ef 03  00 d5 00 0c 36 1f 00 00 |............6...|
	0010  01 00 02 00 0a 00 00 00  83 66 cd 03 f3 64 cc fe |.........f...d..|
	0020  65 80 00 00                                      |e...|
[4517] +161.472799 ASYNC-OUT-DONE ep=0x01 len=0 status=0 actual=36
[4518] +161.474522 ASYNC-IN-DONE ep=0x81 len=36 status=0 actual=36
	0000  19 00 00 18 ef 03 01 10  00 cc 00 04 09 23 00 00 |.............#..|
	0010  00 00 02 00 09 00 00 00  83 66 cd 03 f3 67 00 68 |.........f...g.h|
	0020  c0 86 70 00                                      |..p.|
[4519] +161.474553 ASYNC-IN-SUBMIT ep=0x81 len=0 type=BULK (in, awaiting data)
[4520] +161.524313 ASYNC-OUT ep=0x01 len=16 type=BULK 
	0000  08 00 00 18 01 10 ef 03  00 d6 00 08 47 1f 00 00 |............G...|
[4521] +161.524585 ASYNC-OUT-DONE ep=0x01 len=0 status=0 actual=16
[4522] +161.577528 ASYNC-IN-DONE ep=0x81 len=0 status=2 actual=0
[4523] +161.577610 ASYNC-IN-SUBMIT ep=0x81 len=0 type=BULK (in, awaiting data)
[4524] +161.586939 ASYNC-IN-DONE ep=0x81 len=16 status=0 actual=16
	0000  08 00 00 18 ef 03 01 10  00 cd 00 08 09 23 00 00 |.............#..|
[4525] +161.587049 ASYNC-IN-SUBMIT ep=0x81 len=0 type=BULK (in, awaiting data)
[4526] +161.587185 ASYNC-IN-DONE ep=0x81 len=16 status=0 actual=16
	0000  08 00 00 18 f0 03 02 10  00 9f 00 10 09 02 00 00 |................|
[4527] +161.587222 ASYNC-IN-SUBMIT ep=0x81 len=0 type=BULK (in, awaiting data)
[4528] +161.679804 ASYNC-OUT ep=0x01 len=36 type=BULK 
	0000  1b 00 00 18 01 10 ef 03  00 d7 00 04 47 1f 00 00 |............G...|
	0010  01 00 02 00 0b 00 00 00  83 66 cd 03 f4 64 0d 65 |.........f...d.e|
	0020  81 65 02 00                                      |.e..|
[4529] +161.680029 ASYNC-OUT-DONE ep=0x01 len=0 status=0 actual=36
[4530] +161.680873 ASYNC-IN-DONE ep=0x81 len=36 status=0 actual=36
	0000  19 00 00 18 ef 03 01 10  00 ce 00 04 1c 23 00 00 |.............#..|
	0010  00 00 02 00 09 00 00 00  83 66 cd 03 f4 67 00 68 |.........f...g.h|
	0020  c0 86 70 00                                      |..p.|
[4531] +161.680917 ASYNC-IN-SUBMIT ep=0x81 len=0 type=BULK (in, awaiting data)
[4532] +161.730972 ASYNC-OUT ep=0x01 len=16 type=BULK 
	0000  08 00 00 18 01 10 ef 03  00 d8 00 08 58 1f 00 00 |............X...|
[4533] +161.731292 ASYNC-OUT-DONE ep=0x01 len=0 status=0 actual=16
[4534] +161.787574 ASYNC-IN-DONE ep=0x81 len=16 status=0 actual=16
	0000  08 00 00 18 ef 03 01 10  00 cf 00 08 1c 23 00 00 |.............#..|
[4535] +161.787609 ASYNC-IN-SUBMIT ep=0x81 len=0 type=BULK (in, awaiting data)
[4536] +161.787739 ASYNC-IN-DONE ep=0x81 len=16 status=0 actual=16
	0000  08 00 00 18 ed 03 80 10  00 b4 00 10 ae 02 00 00 |................|
[4537] +161.787758 ASYNC-IN-SUBMIT ep=0x81 len=0 type=BULK (in, awaiting data)
[4538] +161.834901 ASYNC-OUT ep=0x01 len=16 type=BULK 
	0000  08 00 00 18 80 10 ed 03  00 ad 00 10 fd 1a 00 00 |................|
[4539] +161.835170 ASYNC-OUT-DONE ep=0x01 len=0 status=0 actual=16
[4540] +161.900497 ASYNC-IN-DONE ep=0x81 len=0 status=2 actual=0
[4541] +161.900573 ASYNC-IN-SUBMIT ep=0x81 len=0 type=BULK (in, awaiting data)
[4542] +161.990747 ASYNC-OUT ep=0x01 len=16 type=BULK 
	0000  08 00 00 18 02 10 f0 03  00 9a 00 10 1e 10 00 00 |................|
[4543] +161.991176 ASYNC-OUT-DONE ep=0x01 len=0 status=0 actual=16
[4544] +162.009280 ASYNC-IN-DONE ep=0x81 len=0 status=2 actual=0
[4545] +162.009367 ASYNC-IN-SUBMIT ep=0x81 len=0 type=BULK (in, awaiting data)
[4546] +162.120989 ASYNC-IN-DONE ep=0x81 len=0 status=2 actual=0
[4547] +162.121073 ASYNC-IN-SUBMIT ep=0x81 len=0 type=BULK (in, awaiting data)
[4548] +162.225173 ASYNC-IN-DONE ep=0x81 len=0 status=2 actual=0
[4549] +162.225283 ASYNC-IN-SUBMIT ep=0x81 len=0 type=BULK (in, awaiting data)
[4550] +162.328111 ASYNC-IN-DONE ep=0x81 len=0 status=2 actual=0
[4551] +162.328194 ASYNC-IN-SUBMIT ep=0x81 len=0 type=BULK (in, awaiting data)
[4552] +162.433873 ASYNC-IN-DONE ep=0x81 len=0 status=2 actual=0
[4553] +162.434029 ASYNC-IN-SUBMIT ep=0x81 len=0 type=BULK (in, awaiting data)
[4554] +162.534946 ASYNC-IN-DONE ep=0x81 len=0 status=2 actual=0
[4555] +162.535094 ASYNC-IN-SUBMIT ep=0x81 len=0 type=BULK (in, awaiting data)
[4556] +162.590345 ASYNC-IN-DONE ep=0x81 len=16 status=0 actual=16
	0000  08 00 00 18 f0 03 02 10  00 a0 00 10 09 02 00 00 |................|
[4557] +162.590453 ASYNC-IN-SUBMIT ep=0x81 len=0 type=BULK (in, awaiting data)
[4558] +162.701256 ASYNC-IN-DONE ep=0x81 len=0 status=2 actual=0
[4559] +162.701338 ASYNC-IN-SUBMIT ep=0x81 len=0 type=BULK (in, awaiting data)
[4560] +162.771257 ASYNC-OUT ep=0x01 len=16 type=BULK 
	0000  08 00 00 18 01 10 ef 03  00 d9 00 10 58 1f 00 00 |............X...|
[4561] +162.771606 ASYNC-OUT-DONE ep=0x01 len=0 status=0 actual=16
[4562] +162.790729 ASYNC-IN-DONE ep=0x81 len=16 status=0 actual=16
	0000  08 00 00 18 ef 03 01 10  00 d0 00 10 1c 23 00 00 |.............#..|
[4563] +162.790850 ASYNC-IN-SUBMIT ep=0x81 len=0 type=BULK (in, awaiting data)
[4564] +162.791043 ASYNC-IN-DONE ep=0x81 len=16 status=0 actual=16
	0000  08 00 00 18 ed 03 80 10  00 b5 00 10 ae 02 00 00 |................|
[4565] +162.791119 ASYNC-IN-SUBMIT ep=0x81 len=0 type=BULK (in, awaiting data)
[4566] +162.874781 ASYNC-OUT ep=0x01 len=16 type=BULK 
	0000  08 00 00 18 80 10 ed 03  00 ae 00 10 fd 1a 00 00 |................|
[4567] +162.875156 ASYNC-OUT-DONE ep=0x01 len=0 status=0 actual=16
[4568] +162.900130 ASYNC-IN-DONE ep=0x81 len=0 status=2 actual=0
[4569] +162.900212 ASYNC-IN-SUBMIT ep=0x81 len=0 type=BULK (in, awaiting data)
[4570] +163.001399 ASYNC-IN-DONE ep=0x81 len=0 status=2 actual=0
[4571] +163.001478 ASYNC-IN-SUBMIT ep=0x81 len=0 type=BULK (in, awaiting data)
[4572] +163.030886 ASYNC-OUT ep=0x01 len=16 type=BULK 
	0000  08 00 00 18 02 10 f0 03  00 9b 00 10 1e 10 00 00 |................|
[4573] +163.031123 ASYNC-OUT-DONE ep=0x01 len=0 status=0 actual=16
[4574] +163.114287 ASYNC-IN-DONE ep=0x81 len=0 status=2 actual=0
[4575] +163.114345 ASYNC-IN-SUBMIT ep=0x81 len=0 type=BULK (in, awaiting data)
[4576] +163.226853 ASYNC-IN-DONE ep=0x81 len=0 status=2 actual=0
[4577] +163.226910 ASYNC-IN-SUBMIT ep=0x81 len=0 type=BULK (in, awaiting data)
[4578] +163.334356 ASYNC-IN-DONE ep=0x81 len=0 status=2 actual=0
[4579] +163.334473 ASYNC-IN-SUBMIT ep=0x81 len=0 type=BULK (in, awaiting data)
[4580] +163.445321 ASYNC-IN-DONE ep=0x81 len=0 status=2 actual=0
[4581] +163.445415 ASYNC-IN-SUBMIT ep=0x81 len=0 type=BULK (in, awaiting data)
[4582] +163.550666 ASYNC-IN-DONE ep=0x81 len=0 status=2 actual=0
[4583] +163.550740 ASYNC-IN-SUBMIT ep=0x81 len=0 type=BULK (in, awaiting data)
[4584] +163.593205 ASYNC-IN-DONE ep=0x81 len=16 status=0 actual=16
	0000  08 00 00 18 f0 03 02 10  00 a1 00 10 09 02 00 00 |................|
[4585] +163.593300 ASYNC-IN-SUBMIT ep=0x81 len=0 type=BULK (in, awaiting data)
[4586] +163.705105 ASYNC-IN-DONE ep=0x81 len=0 status=2 actual=0
[4587] +163.705200 ASYNC-IN-SUBMIT ep=0x81 len=0 type=BULK (in, awaiting data)
[4588] +163.794318 ASYNC-IN-DONE ep=0x81 len=16 status=0 actual=16
	0000  08 00 00 18 ef 03 01 10  00 d1 00 10 1c 23 00 00 |.............#..|
[4589] +163.794447 ASYNC-IN-SUBMIT ep=0x81 len=0 type=BULK (in, awaiting data)
[4590] +163.794657 ASYNC-IN-DONE ep=0x81 len=16 status=0 actual=16
	0000  08 00 00 18 ed 03 80 10  00 b6 00 10 ae 02 00 00 |................|
[4591] +163.794741 ASYNC-IN-SUBMIT ep=0x81 len=0 type=BULK (in, awaiting data)
[4592] +163.809454 ASYNC-OUT ep=0x01 len=16 type=BULK 
	0000  08 00 00 18 01 10 ef 03  00 da 00 10 58 1f 00 00 |............X...|
[4593] +163.809776 ASYNC-OUT-DONE ep=0x01 len=0 status=0 actual=16
[4594] +163.906084 ASYNC-IN-DONE ep=0x81 len=0 status=2 actual=0
[4595] +163.906168 ASYNC-IN-SUBMIT ep=0x81 len=0 type=BULK (in, awaiting data)
[4596] +163.912590 ASYNC-OUT ep=0x01 len=16 type=BULK 
	0000  08 00 00 18 80 10 ed 03  00 af 00 10 fd 1a 00 00 |................|
[4597] +163.912822 ASYNC-OUT-DONE ep=0x01 len=0 status=0 actual=16
[4598] +164.016930 ASYNC-IN-DONE ep=0x81 len=0 status=2 actual=0
[4599] +164.017023 ASYNC-IN-SUBMIT ep=0x81 len=0 type=BULK (in, awaiting data)
[4600] +164.068436 ASYNC-OUT ep=0x01 len=16 type=BULK 
	0000  08 00 00 18 02 10 f0 03  00 9c 00 10 1e 10 00 00 |................|
[4601] +164.068772 ASYNC-OUT-DONE ep=0x01 len=0 status=0 actual=16
[4602] +164.124925 ASYNC-IN-DONE ep=0x81 len=0 status=2 actual=0
[4603] +164.125005 ASYNC-IN-SUBMIT ep=0x81 len=0 type=BULK (in, awaiting data)
[4604] +164.225771 ASYNC-IN-DONE ep=0x81 len=0 status=2 actual=0
[4605] +164.225940 ASYNC-IN-SUBMIT ep=0x81 len=0 type=BULK (in, awaiting data)
[4606] +164.335161 ASYNC-IN-DONE ep=0x81 len=0 status=2 actual=0
[4607] +164.335236 ASYNC-IN-SUBMIT ep=0x81 len=0 type=BULK (in, awaiting data)
[4608] +164.447727 ASYNC-IN-DONE ep=0x81 len=0 status=2 actual=0
[4609] +164.447815 ASYNC-IN-SUBMIT ep=0x81 len=0 type=BULK (in, awaiting data)
[4610] +164.551693 ASYNC-IN-DONE ep=0x81 len=0 status=2 actual=0
[4611] +164.551786 ASYNC-IN-SUBMIT ep=0x81 len=0 type=BULK (in, awaiting data)
[4612] +164.596687 ASYNC-IN-DONE ep=0x81 len=16 status=0 actual=16
	0000  08 00 00 18 f0 03 02 10  00 a2 00 10 09 02 00 00 |................|
[4613] +164.596812 ASYNC-IN-SUBMIT ep=0x81 len=0 type=BULK (in, awaiting data)
[4614] +164.705123 ASYNC-IN-DONE ep=0x81 len=0 status=2 actual=0
[4615] +164.705222 ASYNC-IN-SUBMIT ep=0x81 len=0 type=BULK (in, awaiting data)
[4616] +164.797557 ASYNC-IN-DONE ep=0x81 len=16 status=0 actual=16
	0000  08 00 00 18 ef 03 01 10  00 d2 00 10 1c 23 00 00 |.............#..|
[4617] +164.797687 ASYNC-IN-SUBMIT ep=0x81 len=0 type=BULK (in, awaiting data)
[4618] +164.797872 ASYNC-IN-DONE ep=0x81 len=16 status=0 actual=16
	0000  08 00 00 18 ed 03 80 10  00 b7 00 10 ae 02 00 00 |................|
[4619] +164.797933 ASYNC-IN-SUBMIT ep=0x81 len=0 type=BULK (in, awaiting data)
[4620] +164.847635 ASYNC-OUT ep=0x01 len=16 type=BULK 
	0000  08 00 00 18 01 10 ef 03  00 db 00 10 58 1f 00 00 |............X...|
[4621] +164.847972 ASYNC-OUT-DONE ep=0x01 len=0 status=0 actual=16
[4622] +164.899051 ASYNC-IN-DONE ep=0x81 len=0 status=2 actual=0
[4623] +164.899168 ASYNC-IN-SUBMIT ep=0x81 len=0 type=BULK (in, awaiting data)
[4624] +164.950946 ASYNC-OUT ep=0x01 len=16 type=BULK 
	0000  08 00 00 18 80 10 ed 03  00 b0 00 10 fd 1a 00 00 |................|
[4625] +164.951237 ASYNC-OUT-DONE ep=0x01 len=0 status=0 actual=16
[4626] +165.009719 ASYNC-IN-DONE ep=0x81 len=0 status=2 actual=0
[4627] +165.009810 ASYNC-IN-SUBMIT ep=0x81 len=0 type=BULK (in, awaiting data)
[4628] +165.105658 ASYNC-OUT ep=0x01 len=16 type=BULK 
	0000  08 00 00 18 02 10 f0 03  00 9d 00 10 1e 10 00 00 |................|
[4629] +165.106012 ASYNC-OUT-DONE ep=0x01 len=0 status=0 actual=16
[4630] +165.113434 ASYNC-IN-DONE ep=0x81 len=0 status=2 actual=0
[4631] +165.113461 ASYNC-IN-SUBMIT ep=0x81 len=0 type=BULK (in, awaiting data)
[4632] +165.226294 ASYNC-IN-DONE ep=0x81 len=0 status=2 actual=0
[4633] +165.226365 ASYNC-IN-SUBMIT ep=0x81 len=0 type=BULK (in, awaiting data)
[4634] +165.335172 ASYNC-IN-DONE ep=0x81 len=0 status=2 actual=0
[4635] +165.335246 ASYNC-IN-SUBMIT ep=0x81 len=0 type=BULK (in, awaiting data)
[4636] +165.436324 ASYNC-IN-DONE ep=0x81 len=0 status=2 actual=0
[4637] +165.436347 ASYNC-IN-SUBMIT ep=0x81 len=0 type=BULK (in, awaiting data)
[4638] +165.540791 ASYNC-IN-DONE ep=0x81 len=0 status=2 actual=0
[4639] +165.540810 ASYNC-IN-SUBMIT ep=0x81 len=0 type=BULK (in, awaiting data)
[4640] +165.600152 ASYNC-IN-DONE ep=0x81 len=16 status=0 actual=16
	0000  08 00 00 18 f0 03 02 10  00 a3 00 10 09 02 00 00 |................|
[4641] +165.600192 ASYNC-IN-SUBMIT ep=0x81 len=0 type=BULK (in, awaiting data)
[4642] +165.710262 ASYNC-IN-DONE ep=0x81 len=0 status=2 actual=0
[4643] +165.710295 ASYNC-IN-SUBMIT ep=0x81 len=0 type=BULK (in, awaiting data)
[4644] +165.800544 ASYNC-IN-DONE ep=0x81 len=16 status=0 actual=16
	0000  08 00 00 18 ef 03 01 10  00 d3 00 10 1c 23 00 00 |.............#..|
[4645] +165.800588 ASYNC-IN-SUBMIT ep=0x81 len=0 type=BULK (in, awaiting data)
[4646] +165.800725 ASYNC-IN-DONE ep=0x81 len=16 status=0 actual=16
	0000  08 00 00 18 ed 03 80 10  00 b8 00 10 ae 02 00 00 |................|
[4647] +165.800742 ASYNC-IN-SUBMIT ep=0x81 len=0 type=BULK (in, awaiting data)
[4648] +165.883569 ASYNC-OUT ep=0x01 len=16 type=BULK 
	0000  08 00 00 18 01 10 ef 03  00 dc 00 10 58 1f 00 00 |............X...|
[4649] +165.883896 ASYNC-OUT-DONE ep=0x01 len=0 status=0 actual=16
[4650] +165.902535 ASYNC-IN-DONE ep=0x81 len=0 status=2 actual=0
[4651] +165.902617 ASYNC-IN-SUBMIT ep=0x81 len=0 type=BULK (in, awaiting data)
[4652] +165.987138 ASYNC-OUT ep=0x01 len=16 type=BULK 
	0000  08 00 00 18 80 10 ed 03  00 b1 00 10 fd 1a 00 00 |................|
[4653] +165.987433 ASYNC-OUT-DONE ep=0x01 len=0 status=0 actual=16
[4654] +166.015287 ASYNC-IN-DONE ep=0x81 len=0 status=2 actual=0
[4655] +166.015384 ASYNC-IN-SUBMIT ep=0x81 len=0 type=BULK (in, awaiting data)
[4656] +166.126867 ASYNC-IN-DONE ep=0x81 len=0 status=2 actual=0
[4657] +166.126954 ASYNC-IN-SUBMIT ep=0x81 len=0 type=BULK (in, awaiting data)
[4658] +166.141950 ASYNC-OUT ep=0x01 len=16 type=BULK 
	0000  08 00 00 18 02 10 f0 03  00 9e 00 10 1e 10 00 00 |................|
[4659] +166.142283 ASYNC-OUT-DONE ep=0x01 len=0 status=0 actual=16
[4660] +166.228402 ASYNC-IN-DONE ep=0x81 len=0 status=2 actual=0
[4661] +166.228482 ASYNC-IN-SUBMIT ep=0x81 len=0 type=BULK (in, awaiting data)
[4662] +166.341288 ASYNC-IN-DONE ep=0x81 len=0 status=2 actual=0
[4663] +166.341392 ASYNC-IN-SUBMIT ep=0x81 len=0 type=BULK (in, awaiting data)
[4664] +166.454209 ASYNC-IN-DONE ep=0x81 len=0 status=2 actual=0
[4665] +166.454307 ASYNC-IN-SUBMIT ep=0x81 len=0 type=BULK (in, awaiting data)
[4666] +166.564993 ASYNC-IN-DONE ep=0x81 len=0 status=2 actual=0
[4667] +166.565077 ASYNC-IN-SUBMIT ep=0x81 len=0 type=BULK (in, awaiting data)
[4668] +166.603402 ASYNC-IN-DONE ep=0x81 len=16 status=0 actual=16
	0000  08 00 00 18 f0 03 02 10  00 a4 00 10 09 02 00 00 |................|
[4669] +166.603515 ASYNC-IN-SUBMIT ep=0x81 len=0 type=BULK (in, awaiting data)
[4670] +166.716309 ASYNC-IN-DONE ep=0x81 len=0 status=2 actual=0
[4671] +166.716400 ASYNC-IN-SUBMIT ep=0x81 len=0 type=BULK (in, awaiting data)
[4672] +166.803864 ASYNC-IN-DONE ep=0x81 len=16 status=0 actual=16
	0000  08 00 00 18 ef 03 01 10  00 d4 00 10 1c 23 00 00 |.............#..|
[4673] +166.804001 ASYNC-IN-SUBMIT ep=0x81 len=0 type=BULK (in, awaiting data)
[4674] +166.804192 ASYNC-IN-DONE ep=0x81 len=16 status=0 actual=16
	0000  08 00 00 18 ed 03 80 10  00 b9 00 10 ae 02 00 00 |................|
[4675] +166.804277 ASYNC-IN-SUBMIT ep=0x81 len=0 type=BULK (in, awaiting data)
[4676] +166.905488 ASYNC-IN-DONE ep=0x81 len=0 status=2 actual=0
[4677] +166.905561 ASYNC-IN-SUBMIT ep=0x81 len=0 type=BULK (in, awaiting data)
[4678] +166.920769 ASYNC-OUT ep=0x01 len=16 type=BULK 
	0000  08 00 00 18 01 10 ef 03  00 dd 00 10 58 1f 00 00 |............X...|
[4679] +166.921021 ASYNC-OUT-DONE ep=0x01 len=0 status=0 actual=16
[4680] +167.014860 ASYNC-IN-DONE ep=0x81 len=0 status=2 actual=0
[4681] +167.014954 ASYNC-IN-SUBMIT ep=0x81 len=0 type=BULK (in, awaiting data)
[4682] +167.023944 ASYNC-OUT ep=0x01 len=16 type=BULK 
	0000  08 00 00 18 80 10 ed 03  00 b2 00 10 fd 1a 00 00 |................|
[4683] +167.024262 ASYNC-OUT-DONE ep=0x01 len=0 status=0 actual=16
[4684] +167.123524 ASYNC-IN-DONE ep=0x81 len=0 status=2 actual=0
[4685] +167.123620 ASYNC-IN-SUBMIT ep=0x81 len=0 type=BULK (in, awaiting data)
[4686] +167.180060 ASYNC-OUT ep=0x01 len=16 type=BULK 
	0000  08 00 00 18 02 10 f0 03  00 9f 00 10 1e 10 00 00 |................|
[4687] +167.180372 ASYNC-OUT-DONE ep=0x01 len=0 status=0 actual=16
[4688] +167.236418 ASYNC-IN-DONE ep=0x81 len=0 status=2 actual=0
[4689] +167.236499 ASYNC-IN-SUBMIT ep=0x81 len=0 type=BULK (in, awaiting data)
[4690] +167.338168 ASYNC-IN-DONE ep=0x81 len=0 status=2 actual=0
[4691] +167.338266 ASYNC-IN-SUBMIT ep=0x81 len=0 type=BULK (in, awaiting data)
[4692] +167.439811 ASYNC-IN-DONE ep=0x81 len=0 status=2 actual=0
[4693] +167.439902 ASYNC-IN-SUBMIT ep=0x81 len=0 type=BULK (in, awaiting data)
[4694] +167.551931 ASYNC-IN-DONE ep=0x81 len=0 status=2 actual=0
[4695] +167.552033 ASYNC-IN-SUBMIT ep=0x81 len=0 type=BULK (in, awaiting data)
[4696] +167.606643 ASYNC-IN-DONE ep=0x81 len=16 status=0 actual=16
	0000  08 00 00 18 f0 03 02 10  00 a5 00 10 09 02 00 00 |................|
[4697] +167.606778 ASYNC-IN-SUBMIT ep=0x81 len=0 type=BULK (in, awaiting data)
[4698] +167.718605 ASYNC-IN-DONE ep=0x81 len=0 status=2 actual=0
[4699] +167.718707 ASYNC-IN-SUBMIT ep=0x81 len=0 type=BULK (in, awaiting data)
[4700] +167.807354 ASYNC-IN-DONE ep=0x81 len=16 status=0 actual=16
	0000  08 00 00 18 ef 03 01 10  00 d5 00 10 1c 23 00 00 |.............#..|
[4701] +167.807448 ASYNC-IN-SUBMIT ep=0x81 len=0 type=BULK (in, awaiting data)
[4702] +167.807572 ASYNC-IN-DONE ep=0x81 len=16 status=0 actual=16
	0000  08 00 00 18 ed 03 80 10  00 ba 00 10 ae 02 00 00 |................|
[4703] +167.807612 ASYNC-IN-SUBMIT ep=0x81 len=0 type=BULK (in, awaiting data)
[4704] +167.914926 ASYNC-IN-DONE ep=0x81 len=0 status=2 actual=0
[4705] +167.915015 ASYNC-IN-SUBMIT ep=0x81 len=0 type=BULK (in, awaiting data)
[4706] +167.955971 ASYNC-OUT ep=0x01 len=16 type=BULK 
	0000  08 00 00 18 01 10 ef 03  00 de 00 10 58 1f 00 00 |............X...|
[4707] +167.956294 ASYNC-OUT-DONE ep=0x01 len=0 status=0 actual=16
[4708] +168.025228 ASYNC-IN-DONE ep=0x81 len=0 status=2 actual=0
[4709] +168.025335 ASYNC-IN-SUBMIT ep=0x81 len=0 type=BULK (in, awaiting data)
[4710] +168.060062 ASYNC-OUT ep=0x01 len=16 type=BULK 
	0000  08 00 00 18 80 10 ed 03  00 b3 00 10 fd 1a 00 00 |................|
[4711] +168.060364 ASYNC-OUT-DONE ep=0x01 len=0 status=0 actual=16
[4712] +168.133667 ASYNC-IN-DONE ep=0x81 len=0 status=2 actual=0
[4713] +168.133720 ASYNC-IN-SUBMIT ep=0x81 len=0 type=BULK (in, awaiting data)
[4714] +168.216221 ASYNC-OUT ep=0x01 len=16 type=BULK 
	0000  08 00 00 18 02 10 f0 03  00 a0 00 10 1e 10 00 00 |................|
[4715] +168.216563 ASYNC-OUT-DONE ep=0x01 len=0 status=0 actual=16
[4716] +168.234910 ASYNC-IN-DONE ep=0x81 len=0 status=2 actual=0
[4717] +168.234980 ASYNC-IN-SUBMIT ep=0x81 len=0 type=BULK (in, awaiting data)
[4718] +168.342773 ASYNC-IN-DONE ep=0x81 len=0 status=2 actual=0
[4719] +168.342926 ASYNC-IN-SUBMIT ep=0x81 len=0 type=BULK (in, awaiting data)
[4720] +168.455736 ASYNC-IN-DONE ep=0x81 len=0 status=2 actual=0
[4721] +168.455826 ASYNC-IN-SUBMIT ep=0x81 len=0 type=BULK (in, awaiting data)
[4722] +168.567804 ASYNC-IN-DONE ep=0x81 len=0 status=2 actual=0
[4723] +168.567900 ASYNC-IN-SUBMIT ep=0x81 len=0 type=BULK (in, awaiting data)
[4724] +168.610323 ASYNC-IN-DONE ep=0x81 len=16 status=0 actual=16
	0000  08 00 00 18 f0 03 02 10  00 a6 00 10 09 02 00 00 |................|
[4725] +168.610474 ASYNC-IN-SUBMIT ep=0x81 len=0 type=BULK (in, awaiting data)
[4726] +168.714939 ASYNC-IN-DONE ep=0x81 len=0 status=2 actual=0
[4727] +168.715038 ASYNC-IN-SUBMIT ep=0x81 len=0 type=BULK (in, awaiting data)
[4728] +168.811363 ASYNC-IN-DONE ep=0x81 len=16 status=0 actual=16
	0000  08 00 00 18 ef 03 01 10  00 d6 00 10 1c 23 00 00 |.............#..|
[4729] +168.811478 ASYNC-IN-SUBMIT ep=0x81 len=0 type=BULK (in, awaiting data)
[4730] +168.811621 ASYNC-IN-DONE ep=0x81 len=16 status=0 actual=16
	0000  08 00 00 18 ed 03 80 10  00 bb 00 10 ae 02 00 00 |................|
[4731] +168.811659 ASYNC-IN-SUBMIT ep=0x81 len=0 type=BULK (in, awaiting data)
[4732] +168.923328 ASYNC-IN-DONE ep=0x81 len=0 status=2 actual=0
[4733] +168.923444 ASYNC-IN-SUBMIT ep=0x81 len=0 type=BULK (in, awaiting data)
[4734] +168.993471 ASYNC-OUT ep=0x01 len=16 type=BULK 
	0000  08 00 00 18 01 10 ef 03  00 df 00 10 58 1f 00 00 |............X...|
[4735] +168.993823 ASYNC-OUT-DONE ep=0x01 len=0 status=0 actual=16
[4736] +169.023872 ASYNC-IN-DONE ep=0x81 len=0 status=2 actual=0
[4737] +169.023961 ASYNC-IN-SUBMIT ep=0x81 len=0 type=BULK (in, awaiting data)
[4738] +169.097654 ASYNC-OUT ep=0x01 len=16 type=BULK 
	0000  08 00 00 18 80 10 ed 03  00 b4 00 10 fd 1a 00 00 |................|
[4739] +169.098058 ASYNC-OUT-DONE ep=0x01 len=0 status=0 actual=16
[4740] +169.136803 ASYNC-IN-DONE ep=0x81 len=0 status=2 actual=0
[4741] +169.136894 ASYNC-IN-SUBMIT ep=0x81 len=0 type=BULK (in, awaiting data)
[4742] +169.239551 ASYNC-IN-DONE ep=0x81 len=0 status=2 actual=0
[4743] +169.239645 ASYNC-IN-SUBMIT ep=0x81 len=0 type=BULK (in, awaiting data)
[4744] +169.252826 ASYNC-OUT ep=0x01 len=16 type=BULK 
	0000  08 00 00 18 02 10 f0 03  00 a1 00 10 1e 10 00 00 |................|
[4745] +169.253200 ASYNC-OUT-DONE ep=0x01 len=0 status=0 actual=16
[4746] +169.351989 ASYNC-IN-DONE ep=0x81 len=0 status=2 actual=0
[4747] +169.352077 ASYNC-IN-SUBMIT ep=0x81 len=0 type=BULK (in, awaiting data)
[4748] +169.464002 ASYNC-IN-DONE ep=0x81 len=0 status=2 actual=0
[4749] +169.464099 ASYNC-IN-SUBMIT ep=0x81 len=0 type=BULK (in, awaiting data)
[4750] +169.575844 ASYNC-IN-DONE ep=0x81 len=0 status=2 actual=0
[4751] +169.575946 ASYNC-IN-SUBMIT ep=0x81 len=0 type=BULK (in, awaiting data)
[4752] +169.613476 ASYNC-IN-DONE ep=0x81 len=16 status=0 actual=16
	0000  08 00 00 18 f0 03 02 10  00 a7 00 10 09 02 00 00 |................|
[4753] +169.613605 ASYNC-IN-SUBMIT ep=0x81 len=0 type=BULK (in, awaiting data)
[4754] +169.720449 ASYNC-IN-DONE ep=0x81 len=0 status=2 actual=0
[4755] +169.720545 ASYNC-IN-SUBMIT ep=0x81 len=0 type=BULK (in, awaiting data)
[4756] +169.814288 ASYNC-IN-DONE ep=0x81 len=16 status=0 actual=16
	0000  08 00 00 18 ef 03 01 10  00 d7 00 10 1c 23 00 00 |.............#..|
[4757] +169.814416 ASYNC-IN-SUBMIT ep=0x81 len=0 type=BULK (in, awaiting data)
[4758] +169.814613 ASYNC-IN-DONE ep=0x81 len=16 status=0 actual=16
	0000  08 00 00 18 ed 03 80 10  00 bc 00 10 ae 02 00 00 |................|
[4759] +169.814678 ASYNC-IN-SUBMIT ep=0x81 len=0 type=BULK (in, awaiting data)
[4760] +169.919743 ASYNC-IN-DONE ep=0x81 len=0 status=2 actual=0
[4761] +169.919841 ASYNC-IN-SUBMIT ep=0x81 len=0 type=BULK (in, awaiting data)
[4762] +170.031111 ASYNC-IN-DONE ep=0x81 len=0 status=2 actual=0
[4763] +170.031190 ASYNC-IN-SUBMIT ep=0x81 len=0 type=BULK (in, awaiting data)
[4764] +170.032206 ASYNC-OUT ep=0x01 len=16 type=BULK 
	0000  08 00 00 18 01 10 ef 03  00 e0 00 10 58 1f 00 00 |............X...|
[4765] +170.032408 ASYNC-OUT-DONE ep=0x01 len=0 status=0 actual=16
[4766] +170.135453 ASYNC-OUT ep=0x01 len=16 type=BULK 
	0000  08 00 00 18 80 10 ed 03  00 b5 00 10 fd 1a 00 00 |................|
[4767] +170.135626 ASYNC-IN-DONE ep=0x81 len=0 status=2 actual=0
[4768] +170.135696 ASYNC-IN-SUBMIT ep=0x81 len=0 type=BULK (in, awaiting data)
[4769] +170.135836 ASYNC-OUT-DONE ep=0x01 len=0 status=0 actual=16
[4770] +170.238354 ASYNC-IN-DONE ep=0x81 len=0 status=2 actual=0
[4771] +170.238442 ASYNC-IN-SUBMIT ep=0x81 len=0 type=BULK (in, awaiting data)
[4772] +170.289351 ASYNC-OUT ep=0x01 len=16 type=BULK 
	0000  08 00 00 18 02 10 f0 03  00 a2 00 10 1e 10 00 00 |................|
[4773] +170.289704 ASYNC-OUT-DONE ep=0x01 len=0 status=0 actual=16
[4774] +170.345154 ASYNC-IN-DONE ep=0x81 len=0 status=2 actual=0
[4775] +170.345243 ASYNC-IN-SUBMIT ep=0x81 len=0 type=BULK (in, awaiting data)
[4776] +170.456129 ASYNC-IN-DONE ep=0x81 len=0 status=2 actual=0
[4777] +170.456227 ASYNC-IN-SUBMIT ep=0x81 len=0 type=BULK (in, awaiting data)
[4778] +170.557871 ASYNC-IN-DONE ep=0x81 len=0 status=2 actual=0
[4779] +170.557977 ASYNC-IN-SUBMIT ep=0x81 len=0 type=BULK (in, awaiting data)
[4780] +170.616647 ASYNC-IN-DONE ep=0x81 len=16 status=0 actual=16
	0000  08 00 00 18 f0 03 02 10  00 a8 00 10 09 02 00 00 |................|
[4781] +170.616741 ASYNC-IN-SUBMIT ep=0x81 len=0 type=BULK (in, awaiting data)
[4782] +170.729553 ASYNC-IN-DONE ep=0x81 len=0 status=2 actual=0
[4783] +170.729652 ASYNC-IN-SUBMIT ep=0x81 len=0 type=BULK (in, awaiting data)
[4784] +170.817275 ASYNC-IN-DONE ep=0x81 len=16 status=0 actual=16
	0000  08 00 00 18 ef 03 01 10  00 d8 00 10 1c 23 00 00 |.............#..|
[4785] +170.817326 ASYNC-IN-SUBMIT ep=0x81 len=0 type=BULK (in, awaiting data)
[4786] +170.817449 ASYNC-IN-DONE ep=0x81 len=16 status=0 actual=16
	0000  08 00 00 18 ed 03 80 10  00 bd 00 10 ae 02 00 00 |................|
[4787] +170.817468 ASYNC-IN-SUBMIT ep=0x81 len=0 type=BULK (in, awaiting data)
[4788] +170.930289 ASYNC-IN-DONE ep=0x81 len=0 status=2 actual=0
[4789] +170.930460 ASYNC-IN-SUBMIT ep=0x81 len=0 type=BULK (in, awaiting data)
[4790] +171.034241 ASYNC-IN-DONE ep=0x81 len=0 status=2 actual=0
[4791] +171.034285 ASYNC-IN-SUBMIT ep=0x81 len=0 type=BULK (in, awaiting data)
[4792] +171.067446 ASYNC-OUT ep=0x01 len=16 type=BULK 
	0000  08 00 00 18 01 10 ef 03  00 e1 00 10 58 1f 00 00 |............X...|
[4793] +171.067739 ASYNC-OUT-DONE ep=0x01 len=0 status=0 actual=16
[4794] +171.145619 ASYNC-IN-DONE ep=0x81 len=0 status=2 actual=0
[4795] +171.145703 ASYNC-IN-SUBMIT ep=0x81 len=0 type=BULK (in, awaiting data)
[4796] +171.171549 ASYNC-OUT ep=0x01 len=16 type=BULK 
	0000  08 00 00 18 80 10 ed 03  00 b6 00 10 fd 1a 00 00 |................|
[4797] +171.171821 ASYNC-OUT-DONE ep=0x01 len=0 status=0 actual=16
[4798] +171.249790 ASYNC-IN-DONE ep=0x81 len=0 status=2 actual=0
[4799] +171.249858 ASYNC-IN-SUBMIT ep=0x81 len=0 type=BULK (in, awaiting data)
[4800] +171.327026 ASYNC-OUT ep=0x01 len=16 type=BULK 
	0000  08 00 00 18 02 10 f0 03  00 a3 00 10 1e 10 00 00 |................|
[4801] +171.327267 ASYNC-OUT-DONE ep=0x01 len=0 status=0 actual=16
[4802] +171.355617 ASYNC-IN-DONE ep=0x81 len=0 status=2 actual=0
[4803] +171.355676 ASYNC-IN-SUBMIT ep=0x81 len=0 type=BULK (in, awaiting data)
[4804] +171.468064 ASYNC-IN-DONE ep=0x81 len=0 status=2 actual=0
[4805] +171.468142 ASYNC-IN-SUBMIT ep=0x81 len=0 type=BULK (in, awaiting data)
[4806] +171.577916 ASYNC-IN-DONE ep=0x81 len=0 status=2 actual=0
[4807] +171.578022 ASYNC-IN-SUBMIT ep=0x81 len=0 type=BULK (in, awaiting data)
[4808] +171.620194 ASYNC-IN-DONE ep=0x81 len=16 status=0 actual=16
	0000  08 00 00 18 f0 03 02 10  00 a9 00 10 09 02 00 00 |................|
[4809] +171.620292 ASYNC-IN-SUBMIT ep=0x81 len=0 type=BULK (in, awaiting data)
[4810] +171.731882 ASYNC-IN-DONE ep=0x81 len=0 status=2 actual=0
[4811] +171.731974 ASYNC-IN-SUBMIT ep=0x81 len=0 type=BULK (in, awaiting data)
[4812] +171.820922 ASYNC-IN-DONE ep=0x81 len=16 status=0 actual=16
	0000  08 00 00 18 ef 03 01 10  00 d9 00 10 1c 23 00 00 |.............#..|
[4813] +171.821029 ASYNC-IN-SUBMIT ep=0x81 len=0 type=BULK (in, awaiting data)
[4814] +171.821182 ASYNC-IN-DONE ep=0x81 len=16 status=0 actual=16
	0000  08 00 00 18 ed 03 80 10  00 be 00 10 ae 02 00 00 |................|
[4815] +171.821223 ASYNC-IN-SUBMIT ep=0x81 len=0 type=BULK (in, awaiting data)
[4816] +171.931651 ASYNC-IN-DONE ep=0x81 len=0 status=2 actual=0
[4817] +171.931732 ASYNC-IN-SUBMIT ep=0x81 len=0 type=BULK (in, awaiting data)
[4818] +172.044513 ASYNC-IN-DONE ep=0x81 len=0 status=2 actual=0
[4819] +172.044613 ASYNC-IN-SUBMIT ep=0x81 len=0 type=BULK (in, awaiting data)
[4820] +172.106719 ASYNC-OUT ep=0x01 len=16 type=BULK 
	0000  08 00 00 18 01 10 ef 03  00 e2 00 10 58 1f 00 00 |............X...|
[4821] +172.107052 ASYNC-OUT-DONE ep=0x01 len=0 status=0 actual=16
[4822] +172.150530 ASYNC-IN-DONE ep=0x81 len=0 status=2 actual=0
[4823] +172.150621 ASYNC-IN-SUBMIT ep=0x81 len=0 type=BULK (in, awaiting data)
[4824] +172.210137 ASYNC-OUT ep=0x01 len=16 type=BULK 
	0000  08 00 00 18 80 10 ed 03  00 b7 00 10 fd 1a 00 00 |................|
[4825] +172.210466 ASYNC-OUT-DONE ep=0x01 len=0 status=0 actual=16
[4826] +172.254383 ASYNC-IN-DONE ep=0x81 len=0 status=2 actual=0
[4827] +172.254466 ASYNC-IN-SUBMIT ep=0x81 len=0 type=BULK (in, awaiting data)
[4828] +172.360284 ASYNC-IN-DONE ep=0x81 len=0 status=2 actual=0
[4829] +172.360383 ASYNC-IN-SUBMIT ep=0x81 len=0 type=BULK (in, awaiting data)
[4830] +172.365346 ASYNC-OUT ep=0x01 len=16 type=BULK 
	0000  08 00 00 18 02 10 f0 03  00 a4 00 10 1e 10 00 00 |................|
[4831] +172.365578 ASYNC-OUT-DONE ep=0x01 len=0 status=0 actual=16
[4832] +172.470258 ASYNC-IN-DONE ep=0x81 len=0 status=2 actual=0
[4833] +172.470351 ASYNC-IN-SUBMIT ep=0x81 len=0 type=BULK (in, awaiting data)
[4834] +172.581599 ASYNC-IN-DONE ep=0x81 len=0 status=2 actual=0
[4835] +172.581676 ASYNC-IN-SUBMIT ep=0x81 len=0 type=BULK (in, awaiting data)
[4836] +172.623307 ASYNC-IN-DONE ep=0x81 len=16 status=0 actual=16
	0000  08 00 00 18 f0 03 02 10  00 aa 00 10 09 02 00 00 |................|
[4837] +172.623460 ASYNC-IN-SUBMIT ep=0x81 len=0 type=BULK (in, awaiting data)
[4838] +172.736234 ASYNC-IN-DONE ep=0x81 len=0 status=2 actual=0
[4839] +172.736310 ASYNC-IN-SUBMIT ep=0x81 len=0 type=BULK (in, awaiting data)
[4840] +172.824162 ASYNC-IN-DONE ep=0x81 len=16 status=0 actual=16
	0000  08 00 00 18 ef 03 01 10  00 da 00 10 1c 23 00 00 |.............#..|
[4841] +172.824281 ASYNC-IN-SUBMIT ep=0x81 len=0 type=BULK (in, awaiting data)
[4842] +172.824475 ASYNC-IN-DONE ep=0x81 len=16 status=0 actual=16
	0000  08 00 00 18 ed 03 80 10  00 bf 00 10 ae 02 00 00 |................|
[4843] +172.824541 ASYNC-IN-SUBMIT ep=0x81 len=0 type=BULK (in, awaiting data)
[4844] +172.935955 ASYNC-IN-DONE ep=0x81 len=0 status=2 actual=0
[4845] +172.936049 ASYNC-IN-SUBMIT ep=0x81 len=0 type=BULK (in, awaiting data)
[4846] +173.037414 ASYNC-IN-DONE ep=0x81 len=0 status=2 actual=0
[4847] +173.037511 ASYNC-IN-SUBMIT ep=0x81 len=0 type=BULK (in, awaiting data)
[4848] +173.144138 ASYNC-OUT ep=0x01 len=16 type=BULK 
	0000  08 00 00 18 01 10 ef 03  00 e3 00 10 58 1f 00 00 |............X...|
[4849] +173.144494 ASYNC-OUT-DONE ep=0x01 len=0 status=0 actual=16
[4850] +173.148928 ASYNC-IN-DONE ep=0x81 len=0 status=2 actual=0
[4851] +173.148982 ASYNC-IN-SUBMIT ep=0x81 len=0 type=BULK (in, awaiting data)
[4852] +173.247278 ASYNC-OUT ep=0x01 len=16 type=BULK 
	0000  08 00 00 18 80 10 ed 03  00 b8 00 10 fd 1a 00 00 |................|
[4853] +173.247662 ASYNC-OUT-DONE ep=0x01 len=0 status=0 actual=16
[4854] +173.261416 ASYNC-IN-DONE ep=0x81 len=0 status=2 actual=0
[4855] +173.261458 ASYNC-IN-SUBMIT ep=0x81 len=0 type=BULK (in, awaiting data)
[4856] +173.372774 ASYNC-IN-DONE ep=0x81 len=0 status=2 actual=0
[4857] +173.372859 ASYNC-IN-SUBMIT ep=0x81 len=0 type=BULK (in, awaiting data)
[4858] +173.403363 ASYNC-OUT ep=0x01 len=16 type=BULK 
	0000  08 00 00 18 02 10 f0 03  00 a5 00 10 1e 10 00 00 |................|
[4859] +173.403698 ASYNC-OUT-DONE ep=0x01 len=0 status=0 actual=16
[4860] +173.482325 ASYNC-IN-DONE ep=0x81 len=0 status=2 actual=0
[4861] +173.482399 ASYNC-IN-SUBMIT ep=0x81 len=0 type=BULK (in, awaiting data)
[4862] +173.584302 ASYNC-IN-DONE ep=0x81 len=0 status=2 actual=0
[4863] +173.584396 ASYNC-IN-SUBMIT ep=0x81 len=0 type=BULK (in, awaiting data)
[4864] +173.626526 ASYNC-IN-DONE ep=0x81 len=16 status=0 actual=16
	0000  08 00 00 18 f0 03 02 10  00 ab 00 10 09 02 00 00 |................|
[4865] +173.626573 ASYNC-IN-SUBMIT ep=0x81 len=0 type=BULK (in, awaiting data)
[4866] +173.739436 ASYNC-IN-DONE ep=0x81 len=0 status=2 actual=0
[4867] +173.739529 ASYNC-IN-SUBMIT ep=0x81 len=0 type=BULK (in, awaiting data)
[4868] +173.827287 ASYNC-IN-DONE ep=0x81 len=16 status=0 actual=16
	0000  08 00 00 18 ef 03 01 10  00 db 00 10 1c 23 00 00 |.............#..|
[4869] +173.827408 ASYNC-IN-SUBMIT ep=0x81 len=0 type=BULK (in, awaiting data)
[4870] +173.827609 ASYNC-IN-DONE ep=0x81 len=16 status=0 actual=16
	0000  08 00 00 18 ed 03 80 10  00 c0 00 10 ae 02 00 00 |................|
[4871] +173.827687 ASYNC-IN-SUBMIT ep=0x81 len=0 type=BULK (in, awaiting data)
[4872] +173.934964 ASYNC-IN-DONE ep=0x81 len=0 status=2 actual=0
[4873] +173.935066 ASYNC-IN-SUBMIT ep=0x81 len=0 type=BULK (in, awaiting data)
[4874] +174.047902 ASYNC-IN-DONE ep=0x81 len=0 status=2 actual=0
[4875] +174.048001 ASYNC-IN-SUBMIT ep=0x81 len=0 type=BULK (in, awaiting data)
[4876] +174.159459 ASYNC-IN-DONE ep=0x81 len=0 status=2 actual=0
[4877] +174.159547 ASYNC-IN-SUBMIT ep=0x81 len=0 type=BULK (in, awaiting data)
[4878] +174.180829 ASYNC-OUT ep=0x01 len=16 type=BULK 
	0000  08 00 00 18 01 10 ef 03  00 e4 00 10 58 1f 00 00 |............X...|
[4879] +174.181162 ASYNC-OUT-DONE ep=0x01 len=0 status=0 actual=16
[4880] +174.272367 ASYNC-IN-DONE ep=0x81 len=0 status=2 actual=0
[4881] +174.272457 ASYNC-IN-SUBMIT ep=0x81 len=0 type=BULK (in, awaiting data)
[4882] +174.284071 ASYNC-OUT ep=0x01 len=16 type=BULK 
	0000  08 00 00 18 80 10 ed 03  00 b9 00 10 fd 1a 00 00 |................|
[4883] +174.284367 ASYNC-OUT-DONE ep=0x01 len=0 status=0 actual=16
[4884] +174.384249 ASYNC-IN-DONE ep=0x81 len=0 status=2 actual=0
[4885] +174.384334 ASYNC-IN-SUBMIT ep=0x81 len=0 type=BULK (in, awaiting data)
[4886] +174.440244 ASYNC-OUT ep=0x01 len=16 type=BULK 
	0000  08 00 00 18 02 10 f0 03  00 a6 00 10 1e 10 00 00 |................|
[4887] +174.440571 ASYNC-OUT-DONE ep=0x01 len=0 status=0 actual=16
[4888] +174.494934 ASYNC-IN-DONE ep=0x81 len=0 status=2 actual=0
[4889] +174.494991 ASYNC-IN-SUBMIT ep=0x81 len=0 type=BULK (in, awaiting data)
[4890] +174.607793 ASYNC-IN-DONE ep=0x81 len=0 status=2 actual=0
[4891] +174.607884 ASYNC-IN-SUBMIT ep=0x81 len=0 type=BULK (in, awaiting data)
[4892] +174.630078 ASYNC-IN-DONE ep=0x81 len=16 status=0 actual=16
	0000  08 00 00 18 f0 03 02 10  00 ac 00 10 09 02 00 00 |................|
[4893] +174.630200 ASYNC-IN-SUBMIT ep=0x81 len=0 type=BULK (in, awaiting data)
[4894] +174.733834 ASYNC-IN-DONE ep=0x81 len=0 status=2 actual=0
[4895] +174.733899 ASYNC-IN-SUBMIT ep=0x81 len=0 type=BULK (in, awaiting data)
[4896] +174.830809 ASYNC-IN-DONE ep=0x81 len=16 status=0 actual=16
	0000  08 00 00 18 ef 03 01 10  00 dc 00 10 1c 23 00 00 |.............#..|
[4897] +174.830943 ASYNC-IN-SUBMIT ep=0x81 len=0 type=BULK (in, awaiting data)
[4898] +174.831128 ASYNC-IN-DONE ep=0x81 len=16 status=0 actual=16
	0000  08 00 00 18 ed 03 80 10  00 c1 00 10 ae 02 00 00 |................|
[4899] +174.831192 ASYNC-IN-SUBMIT ep=0x81 len=0 type=BULK (in, awaiting data)
[4900] +174.935019 ASYNC-IN-DONE ep=0x81 len=0 status=2 actual=0
[4901] +174.935117 ASYNC-IN-SUBMIT ep=0x81 len=0 type=BULK (in, awaiting data)
[4902] +175.042873 ASYNC-IN-DONE ep=0x81 len=0 status=2 actual=0
[4903] +175.042965 ASYNC-IN-SUBMIT ep=0x81 len=0 type=BULK (in, awaiting data)
[4904] +175.154933 ASYNC-IN-DONE ep=0x81 len=0 status=2 actual=0
[4905] +175.155008 ASYNC-IN-SUBMIT ep=0x81 len=0 type=BULK (in, awaiting data)
[4906] +175.218497 ASYNC-OUT ep=0x01 len=16 type=BULK 
	0000  08 00 00 18 01 10 ef 03  00 e5 00 10 58 1f 00 00 |............X...|
[4907] +175.218855 ASYNC-OUT-DONE ep=0x01 len=0 status=0 actual=16
[4908] +175.264500 ASYNC-IN-DONE ep=0x81 len=0 status=2 actual=0
[4909] +175.264586 ASYNC-IN-SUBMIT ep=0x81 len=0 type=BULK (in, awaiting data)
[4910] +175.322634 ASYNC-OUT ep=0x01 len=16 type=BULK 
	0000  08 00 00 18 80 10 ed 03  00 ba 00 10 fd 1a 00 00 |................|
[4911] +175.322995 ASYNC-OUT-DONE ep=0x01 len=0 status=0 actual=16
[4912] +175.374781 ASYNC-IN-DONE ep=0x81 len=0 status=2 actual=0
[4913] +175.374857 ASYNC-IN-SUBMIT ep=0x81 len=0 type=BULK (in, awaiting data)
[4914] +175.476239 ASYNC-IN-DONE ep=0x81 len=0 status=2 actual=0
[4915] +175.476345 ASYNC-IN-SUBMIT ep=0x81 len=0 type=BULK (in, awaiting data)
[4916] +175.478737 ASYNC-OUT ep=0x01 len=16 type=BULK 
	0000  08 00 00 18 02 10 f0 03  00 a7 00 10 1e 10 00 00 |................|
[4917] +175.478944 ASYNC-OUT-DONE ep=0x01 len=0 status=0 actual=16
[4918] +175.583014 ASYNC-IN-DONE ep=0x81 len=0 status=2 actual=0
[4919] +175.583118 ASYNC-IN-SUBMIT ep=0x81 len=0 type=BULK (in, awaiting data)
[4920] +175.634166 ASYNC-IN-DONE ep=0x81 len=16 status=0 actual=16
	0000  08 00 00 18 f0 03 02 10  00 ad 00 10 09 02 00 00 |................|
[4921] +175.634344 ASYNC-IN-SUBMIT ep=0x81 len=0 type=BULK (in, awaiting data)
[4922] +175.747036 ASYNC-IN-DONE ep=0x81 len=0 status=2 actual=0
[4923] +175.747134 ASYNC-IN-SUBMIT ep=0x81 len=0 type=BULK (in, awaiting data)
[4924] +175.834506 ASYNC-IN-DONE ep=0x81 len=16 status=0 actual=16
	0000  08 00 00 18 ef 03 01 10  00 dd 00 10 1c 23 00 00 |.............#..|
[4925] +175.834590 ASYNC-IN-SUBMIT ep=0x81 len=0 type=BULK (in, awaiting data)
[4926] +175.834729 ASYNC-IN-DONE ep=0x81 len=16 status=0 actual=16
	0000  08 00 00 18 ed 03 80 10  00 c2 00 10 ae 02 00 00 |................|
[4927] +175.834781 ASYNC-IN-SUBMIT ep=0x81 len=0 type=BULK (in, awaiting data)
[4928] +175.947560 ASYNC-IN-DONE ep=0x81 len=0 status=2 actual=0
[4929] +175.947658 ASYNC-IN-SUBMIT ep=0x81 len=0 type=BULK (in, awaiting data)
[4930] +176.050066 ASYNC-IN-DONE ep=0x81 len=0 status=2 actual=0
[4931] +176.050148 ASYNC-IN-SUBMIT ep=0x81 len=0 type=BULK (in, awaiting data)
[4932] +176.162948 ASYNC-IN-DONE ep=0x81 len=0 status=2 actual=0
[4933] +176.163051 ASYNC-IN-SUBMIT ep=0x81 len=0 type=BULK (in, awaiting data)
[4934] +176.257978 ASYNC-OUT ep=0x01 len=16 type=BULK 
	0000  08 00 00 18 01 10 ef 03  00 e6 00 10 58 1f 00 00 |............X...|
[4935] +176.258334 ASYNC-OUT-DONE ep=0x01 len=0 status=0 actual=16
[4936] +176.275201 ASYNC-IN-DONE ep=0x81 len=0 status=2 actual=0
[4937] +176.275260 ASYNC-IN-SUBMIT ep=0x81 len=0 type=BULK (in, awaiting data)
[4938] +176.362100 ASYNC-OUT ep=0x01 len=16 type=BULK 
	0000  08 00 00 18 80 10 ed 03  00 bb 00 10 fd 1a 00 00 |................|
[4939] +176.362429 ASYNC-OUT-DONE ep=0x01 len=0 status=0 actual=16
[4940] +176.385994 ASYNC-IN-DONE ep=0x81 len=0 status=2 actual=0
[4941] +176.386073 ASYNC-IN-SUBMIT ep=0x81 len=0 type=BULK (in, awaiting data)
[4942] +176.497823 ASYNC-IN-DONE ep=0x81 len=0 status=2 actual=0
[4943] +176.497923 ASYNC-IN-SUBMIT ep=0x81 len=0 type=BULK (in, awaiting data)
[4944] +176.518314 ASYNC-OUT ep=0x01 len=16 type=BULK 
	0000  08 00 00 18 02 10 f0 03  00 a8 00 10 1e 10 00 00 |................|
[4945] +176.518725 ASYNC-OUT-DONE ep=0x01 len=0 status=0 actual=16
[4946] +176.610756 ASYNC-IN-DONE ep=0x81 len=0 status=2 actual=0
[4947] +176.610846 ASYNC-IN-SUBMIT ep=0x81 len=0 type=BULK (in, awaiting data)
[4948] +176.637100 ASYNC-IN-DONE ep=0x81 len=16 status=0 actual=16
	0000  08 00 00 18 f0 03 02 10  00 ae 00 10 09 02 00 00 |................|
[4949] +176.637190 ASYNC-IN-SUBMIT ep=0x81 len=0 type=BULK (in, awaiting data)
[4950] +176.744776 ASYNC-IN-DONE ep=0x81 len=0 status=2 actual=0
[4951] +176.744871 ASYNC-IN-SUBMIT ep=0x81 len=0 type=BULK (in, awaiting data)
[4952] +176.837932 ASYNC-IN-DONE ep=0x81 len=16 status=0 actual=16
	0000  08 00 00 18 ef 03 01 10  00 de 00 10 1c 23 00 00 |.............#..|
[4953] +176.838065 ASYNC-IN-SUBMIT ep=0x81 len=0 type=BULK (in, awaiting data)
[4954] +176.838252 ASYNC-IN-DONE ep=0x81 len=16 status=0 actual=16
	0000  08 00 00 18 ed 03 80 10  00 c3 00 10 ae 02 00 00 |................|
[4955] +176.838313 ASYNC-IN-SUBMIT ep=0x81 len=0 type=BULK (in, awaiting data)
[4956] +176.943018 ASYNC-IN-DONE ep=0x81 len=0 status=2 actual=0
[4957] +176.943121 ASYNC-IN-SUBMIT ep=0x81 len=0 type=BULK (in, awaiting data)
[4958] +177.051105 ASYNC-IN-DONE ep=0x81 len=0 status=2 actual=0
[4959] +177.051201 ASYNC-IN-SUBMIT ep=0x81 len=0 type=BULK (in, awaiting data)
[4960] +177.162407 ASYNC-IN-DONE ep=0x81 len=0 status=2 actual=0
[4961] +177.162497 ASYNC-IN-SUBMIT ep=0x81 len=0 type=BULK (in, awaiting data)
[4962] +177.275307 ASYNC-IN-DONE ep=0x81 len=0 status=2 actual=0
[4963] +177.275410 ASYNC-IN-SUBMIT ep=0x81 len=0 type=BULK (in, awaiting data)
[4964] +177.298102 ASYNC-OUT ep=0x01 len=16 type=BULK 
	0000  08 00 00 18 01 10 ef 03  00 e7 00 10 58 1f 00 00 |............X...|
[4965] +177.298502 ASYNC-OUT-DONE ep=0x01 len=0 status=0 actual=16
[4966] +177.376082 ASYNC-IN-DONE ep=0x81 len=0 status=2 actual=0
[4967] +177.376183 ASYNC-IN-SUBMIT ep=0x81 len=0 type=BULK (in, awaiting data)
[4968] +177.402223 ASYNC-OUT ep=0x01 len=16 type=BULK 
	0000  08 00 00 18 80 10 ed 03  00 bc 00 10 fd 1a 00 00 |................|
[4969] +177.402538 ASYNC-OUT-DONE ep=0x01 len=0 status=0 actual=16
[4970] +177.480566 ASYNC-IN-DONE ep=0x81 len=0 status=2 actual=0
[4971] +177.480667 ASYNC-IN-SUBMIT ep=0x81 len=0 type=BULK (in, awaiting data)
[4972] +177.557022 ASYNC-OUT ep=0x01 len=16 type=BULK 
	0000  08 00 00 18 02 10 f0 03  00 a9 00 10 1e 10 00 00 |................|
[4973] +177.557351 ASYNC-OUT-DONE ep=0x01 len=0 status=0 actual=16
[4974] +177.589961 ASYNC-IN-DONE ep=0x81 len=0 status=2 actual=0
[4975] +177.590027 ASYNC-IN-SUBMIT ep=0x81 len=0 type=BULK (in, awaiting data)
[4976] +177.639872 ASYNC-IN-DONE ep=0x81 len=16 status=0 actual=16
	0000  08 00 00 18 f0 03 02 10  00 af 00 10 09 02 00 00 |................|
[4977] +177.639952 ASYNC-IN-SUBMIT ep=0x81 len=0 type=BULK (in, awaiting data)
[4978] +177.742972 ASYNC-IN-DONE ep=0x81 len=0 status=2 actual=0
[4979] +177.743070 ASYNC-IN-SUBMIT ep=0x81 len=0 type=BULK (in, awaiting data)
[4980] +177.841178 ASYNC-IN-DONE ep=0x81 len=16 status=0 actual=16
	0000  08 00 00 18 ef 03 01 10  00 df 00 10 1c 23 00 00 |.............#..|
[4981] +177.841312 ASYNC-IN-SUBMIT ep=0x81 len=0 type=BULK (in, awaiting data)
[4982] +177.841514 ASYNC-IN-DONE ep=0x81 len=16 status=0 actual=16
	0000  08 00 00 18 ed 03 80 10  00 c4 00 10 ae 02 00 00 |................|
[4983] +177.841588 ASYNC-IN-SUBMIT ep=0x81 len=0 type=BULK (in, awaiting data)
[4984] +177.954314 ASYNC-IN-DONE ep=0x81 len=0 status=2 actual=0
[4985] +177.954387 ASYNC-IN-SUBMIT ep=0x81 len=0 type=BULK (in, awaiting data)
[4986] +178.067242 ASYNC-IN-DONE ep=0x81 len=0 status=2 actual=0
[4987] +178.067336 ASYNC-IN-SUBMIT ep=0x81 len=0 type=BULK (in, awaiting data)
[4988] +178.169679 ASYNC-IN-DONE ep=0x81 len=0 status=2 actual=0
[4989] +178.169764 ASYNC-IN-SUBMIT ep=0x81 len=0 type=BULK (in, awaiting data)
[4990] +178.274999 ASYNC-IN-DONE ep=0x81 len=0 status=2 actual=0
[4991] +178.275099 ASYNC-IN-SUBMIT ep=0x81 len=0 type=BULK (in, awaiting data)
[4992] +178.337310 ASYNC-OUT ep=0x01 len=16 type=BULK 
	0000  08 00 00 18 01 10 ef 03  00 e8 00 10 58 1f 00 00 |............X...|
[4993] +178.337651 ASYNC-OUT-DONE ep=0x01 len=0 status=0 actual=16
[4994] +178.387931 ASYNC-IN-DONE ep=0x81 len=0 status=2 actual=0
[4995] +178.388023 ASYNC-IN-SUBMIT ep=0x81 len=0 type=BULK (in, awaiting data)
[4996] +178.441357 ASYNC-OUT ep=0x01 len=16 type=BULK 
	0000  08 00 00 18 80 10 ed 03  00 bd 00 10 fd 1a 00 00 |................|
[4997] +178.441618 ASYNC-OUT-DONE ep=0x01 len=0 status=0 actual=16
[4998] +178.492948 ASYNC-IN-DONE ep=0x81 len=0 status=2 actual=0
[4999] +178.493038 ASYNC-IN-SUBMIT ep=0x81 len=0 type=BULK (in, awaiting data)
[5000] +178.597132 ASYNC-OUT ep=0x01 len=16 type=BULK 
	0000  08 00 00 18 02 10 f0 03  00 aa 00 10 1e 10 00 00 |................|
[5001] +178.597459 ASYNC-OUT-DONE ep=0x01 len=0 status=0 actual=16
[5002] +178.602198 ASYNC-IN-DONE ep=0x81 len=0 status=2 actual=0
[5003] +178.602234 ASYNC-IN-SUBMIT ep=0x81 len=0 type=BULK (in, awaiting data)
[5004] +178.643427 ASYNC-IN-DONE ep=0x81 len=16 status=0 actual=16
	0000  08 00 00 18 f0 03 02 10  00 b0 00 10 09 02 00 00 |................|
[5005] +178.643542 ASYNC-IN-SUBMIT ep=0x81 len=0 type=BULK (in, awaiting data)
[5006] +178.751809 ASYNC-IN-DONE ep=0x81 len=0 status=2 actual=0
[5007] +178.751888 ASYNC-IN-SUBMIT ep=0x81 len=0 type=BULK (in, awaiting data)
[5008] +178.843955 ASYNC-IN-DONE ep=0x81 len=16 status=0 actual=16
	0000  08 00 00 18 ef 03 01 10  00 e0 00 10 1c 23 00 00 |.............#..|
[5009] +178.844056 ASYNC-IN-SUBMIT ep=0x81 len=0 type=BULK (in, awaiting data)
[5010] +178.844185 ASYNC-IN-DONE ep=0x81 len=16 status=0 actual=16
	0000  08 00 00 18 ed 03 80 10  00 c5 00 10 ae 02 00 00 |................|
[5011] +178.844218 ASYNC-IN-SUBMIT ep=0x81 len=0 type=BULK (in, awaiting data)
[5012] +178.953358 ASYNC-IN-DONE ep=0x81 len=0 status=2 actual=0
[5013] +178.953459 ASYNC-IN-SUBMIT ep=0x81 len=0 type=BULK (in, awaiting data)
[5014] +179.066297 ASYNC-IN-DONE ep=0x81 len=0 status=2 actual=0
[5015] +179.066399 ASYNC-IN-SUBMIT ep=0x81 len=0 type=BULK (in, awaiting data)
[5016] +179.171724 ASYNC-IN-DONE ep=0x81 len=0 status=2 actual=0
[5017] +179.171814 ASYNC-IN-SUBMIT ep=0x81 len=0 type=BULK (in, awaiting data)
[5018] +179.274949 ASYNC-IN-DONE ep=0x81 len=0 status=2 actual=0
[5019] +179.275035 ASYNC-IN-SUBMIT ep=0x81 len=0 type=BULK (in, awaiting data)
[5020] +179.374541 ASYNC-OUT ep=0x01 len=16 type=BULK 
	0000  08 00 00 18 01 10 ef 03  00 e9 00 10 58 1f 00 00 |............X...|
[5021] +179.374920 ASYNC-OUT-DONE ep=0x01 len=0 status=0 actual=16
[5022] +179.376206 ASYNC-IN-DONE ep=0x81 len=0 status=2 actual=0
[5023] +179.376264 ASYNC-IN-SUBMIT ep=0x81 len=0 type=BULK (in, awaiting data)
[5024] +179.478649 ASYNC-OUT ep=0x01 len=16 type=BULK 
	0000  08 00 00 18 80 10 ed 03  00 be 00 10 fd 1a 00 00 |................|
[5025] +179.478993 ASYNC-OUT-DONE ep=0x01 len=0 status=0 actual=16
[5026] +179.484877 ASYNC-IN-DONE ep=0x81 len=0 status=2 actual=0
[5027] +179.484942 ASYNC-IN-SUBMIT ep=0x81 len=0 type=BULK (in, awaiting data)
[5028] +179.587232 ASYNC-IN-DONE ep=0x81 len=0 status=2 actual=0
[5029] +179.587299 ASYNC-IN-SUBMIT ep=0x81 len=0 type=BULK (in, awaiting data)
[5030] +179.634848 ASYNC-OUT ep=0x01 len=16 type=BULK 
	0000  08 00 00 18 02 10 f0 03  00 ab 00 10 1e 10 00 00 |................|
[5031] +179.635139 ASYNC-OUT-DONE ep=0x01 len=0 status=0 actual=16
[5032] +179.646706 ASYNC-IN-DONE ep=0x81 len=16 status=0 actual=16
	0000  08 00 00 18 f0 03 02 10  00 b1 00 10 09 02 00 00 |................|
[5033] +179.646821 ASYNC-IN-SUBMIT ep=0x81 len=0 type=BULK (in, awaiting data)
[5034] +179.759658 ASYNC-IN-DONE ep=0x81 len=0 status=2 actual=0
[5035] +179.759758 ASYNC-IN-SUBMIT ep=0x81 len=0 type=BULK (in, awaiting data)
[5036] +179.847506 ASYNC-IN-DONE ep=0x81 len=16 status=0 actual=16
	0000  08 00 00 18 ef 03 01 10  00 e1 00 10 1c 23 00 00 |.............#..|
[5037] +179.847599 ASYNC-IN-SUBMIT ep=0x81 len=0 type=BULK (in, awaiting data)
[5038] +179.847731 ASYNC-IN-DONE ep=0x81 len=16 status=0 actual=16
	0000  08 00 00 18 ed 03 80 10  00 c6 00 10 ae 02 00 00 |................|
[5039] +179.847764 ASYNC-IN-SUBMIT ep=0x81 len=0 type=BULK (in, awaiting data)
[5040] +179.960491 ASYNC-IN-DONE ep=0x81 len=0 status=2 actual=0
[5041] +179.960575 ASYNC-IN-SUBMIT ep=0x81 len=0 type=BULK (in, awaiting data)
[5042] +180.070113 ASYNC-IN-DONE ep=0x81 len=0 status=2 actual=0
[5043] +180.070208 ASYNC-IN-SUBMIT ep=0x81 len=0 type=BULK (in, awaiting data)
[5044] +180.173769 ASYNC-IN-DONE ep=0x81 len=0 status=2 actual=0
[5045] +180.173867 ASYNC-IN-SUBMIT ep=0x81 len=0 type=BULK (in, awaiting data)
[5046] +180.275933 ASYNC-IN-DONE ep=0x81 len=0 status=2 actual=0
[5047] +180.276024 ASYNC-IN-SUBMIT ep=0x81 len=0 type=BULK (in, awaiting data)
[5048] +180.388121 ASYNC-IN-DONE ep=0x81 len=0 status=2 actual=0
[5049] +180.388195 ASYNC-IN-SUBMIT ep=0x81 len=0 type=BULK (in, awaiting data)
[5050] +180.414022 ASYNC-OUT ep=0x01 len=16 type=BULK 
	0000  08 00 00 18 01 10 ef 03  00 ea 00 10 58 1f 00 00 |............X...|
[5051] +180.414277 ASYNC-OUT-DONE ep=0x01 len=0 status=0 actual=16
[5052] +180.492952 ASYNC-IN-DONE ep=0x81 len=0 status=2 actual=0
[5053] +180.493042 ASYNC-IN-SUBMIT ep=0x81 len=0 type=BULK (in, awaiting data)
[5054] +180.518101 ASYNC-OUT ep=0x01 len=16 type=BULK 
	0000  08 00 00 18 80 10 ed 03  00 bf 00 10 fd 1a 00 00 |................|
[5055] +180.518339 ASYNC-OUT-DONE ep=0x01 len=0 status=0 actual=16
[5056] +180.602018 ASYNC-IN-DONE ep=0x81 len=0 status=2 actual=0
[5057] +180.602124 ASYNC-IN-SUBMIT ep=0x81 len=0 type=BULK (in, awaiting data)
[5058] +180.649922 ASYNC-IN-DONE ep=0x81 len=16 status=0 actual=16
	0000  08 00 00 18 f0 03 02 10  00 b2 00 10 09 02 00 00 |................|
[5059] +180.650078 ASYNC-IN-SUBMIT ep=0x81 len=0 type=BULK (in, awaiting data)
[5060] +180.672666 ASYNC-OUT ep=0x01 len=16 type=BULK 
	0000  08 00 00 18 02 10 f0 03  00 ac 00 10 1e 10 00 00 |................|
[5061] +180.672972 ASYNC-OUT-DONE ep=0x01 len=0 status=0 actual=16
[5062] +180.760324 ASYNC-IN-DONE ep=0x81 len=0 status=2 actual=0
[5063] +180.760385 ASYNC-IN-SUBMIT ep=0x81 len=0 type=BULK (in, awaiting data)
[5064] +180.850716 ASYNC-IN-DONE ep=0x81 len=16 status=0 actual=16
	0000  08 00 00 18 ef 03 01 10  00 e2 00 10 1c 23 00 00 |.............#..|
[5065] +180.850770 ASYNC-IN-SUBMIT ep=0x81 len=0 type=BULK (in, awaiting data)
[5066] +180.850992 ASYNC-IN-DONE ep=0x81 len=16 status=0 actual=16
	0000  08 00 00 18 ed 03 80 10  00 c7 00 10 ae 02 00 00 |................|
[5067] +180.851031 ASYNC-IN-SUBMIT ep=0x81 len=0 type=BULK (in, awaiting data)
[5068] +180.959146 ASYNC-IN-DONE ep=0x81 len=0 status=2 actual=0
[5069] +180.959220 ASYNC-IN-SUBMIT ep=0x81 len=0 type=BULK (in, awaiting data)
[5070] +181.067355 ASYNC-IN-DONE ep=0x81 len=0 status=2 actual=0
[5071] +181.067454 ASYNC-IN-SUBMIT ep=0x81 len=0 type=BULK (in, awaiting data)
[5072] +181.175000 ASYNC-IN-DONE ep=0x81 len=0 status=2 actual=0
[5073] +181.175104 ASYNC-IN-SUBMIT ep=0x81 len=0 type=BULK (in, awaiting data)
[5074] +181.282671 ASYNC-IN-DONE ep=0x81 len=0 status=2 actual=0
[5075] +181.282752 ASYNC-IN-SUBMIT ep=0x81 len=0 type=BULK (in, awaiting data)
[5076] +181.383953 ASYNC-IN-DONE ep=0x81 len=0 status=2 actual=0
[5077] +181.384057 ASYNC-IN-SUBMIT ep=0x81 len=0 type=BULK (in, awaiting data)
[5078] +181.451273 ASYNC-OUT ep=0x01 len=16 type=BULK 
	0000  08 00 00 18 01 10 ef 03  00 eb 00 10 58 1f 00 00 |............X...|
[5079] +181.451583 ASYNC-OUT-DONE ep=0x01 len=0 status=0 actual=16
[5080] +181.489181 ASYNC-IN-DONE ep=0x81 len=0 status=2 actual=0
[5081] +181.489273 ASYNC-IN-SUBMIT ep=0x81 len=0 type=BULK (in, awaiting data)
[5082] +181.554834 ASYNC-OUT ep=0x01 len=16 type=BULK 
	0000  08 00 00 18 80 10 ed 03  00 c0 00 10 fd 1a 00 00 |................|
[5083] +181.555113 ASYNC-OUT-DONE ep=0x01 len=0 status=0 actual=16
[5084] +181.598588 ASYNC-IN-DONE ep=0x81 len=0 status=2 actual=0
[5085] +181.598683 ASYNC-IN-SUBMIT ep=0x81 len=0 type=BULK (in, awaiting data)
[5086] +181.653495 ASYNC-IN-DONE ep=0x81 len=16 status=0 actual=16
	0000  08 00 00 18 f0 03 02 10  00 b3 00 10 09 02 00 00 |................|
[5087] +181.653563 ASYNC-IN-SUBMIT ep=0x81 len=0 type=BULK (in, awaiting data)
[5088] +181.711023 ASYNC-OUT ep=0x01 len=16 type=BULK 
	0000  08 00 00 18 02 10 f0 03  00 ad 00 10 1e 10 00 00 |................|
[5089] +181.711374 ASYNC-OUT-DONE ep=0x01 len=0 status=0 actual=16
[5090] +181.766358 ASYNC-IN-DONE ep=0x81 len=0 status=2 actual=0
[5091] +181.766420 ASYNC-IN-SUBMIT ep=0x81 len=0 type=BULK (in, awaiting data)
[5092] +181.853903 ASYNC-IN-DONE ep=0x81 len=16 status=0 actual=16
	0000  08 00 00 18 ef 03 01 10  00 e3 00 10 1c 23 00 00 |.............#..|
[5093] +181.854017 ASYNC-IN-SUBMIT ep=0x81 len=0 type=BULK (in, awaiting data)
[5094] +181.854192 ASYNC-IN-DONE ep=0x81 len=16 status=0 actual=16
	0000  08 00 00 18 ed 03 80 10  00 c8 00 10 ae 02 00 00 |................|
[5095] +181.854257 ASYNC-IN-SUBMIT ep=0x81 len=0 type=BULK (in, awaiting data)
[5096] +181.959340 ASYNC-IN-DONE ep=0x81 len=0 status=2 actual=0
[5097] +181.959422 ASYNC-IN-SUBMIT ep=0x81 len=0 type=BULK (in, awaiting data)
[5098] +182.068102 ASYNC-IN-DONE ep=0x81 len=0 status=2 actual=0
[5099] +182.068198 ASYNC-IN-SUBMIT ep=0x81 len=0 type=BULK (in, awaiting data)
[5100] +182.177011 ASYNC-IN-DONE ep=0x81 len=0 status=2 actual=0
[5101] +182.177111 ASYNC-IN-SUBMIT ep=0x81 len=0 type=BULK (in, awaiting data)
[5102] +182.286811 ASYNC-IN-DONE ep=0x81 len=0 status=2 actual=0
[5103] +182.286910 ASYNC-IN-SUBMIT ep=0x81 len=0 type=BULK (in, awaiting data)
[5104] +182.397846 ASYNC-IN-DONE ep=0x81 len=0 status=2 actual=0
[5105] +182.397931 ASYNC-IN-SUBMIT ep=0x81 len=0 type=BULK (in, awaiting data)
[5106] +182.488517 ASYNC-OUT ep=0x01 len=16 type=BULK 
	0000  08 00 00 18 01 10 ef 03  00 ec 00 10 58 1f 00 00 |............X...|
[5107] +182.488838 ASYNC-OUT-DONE ep=0x01 len=0 status=0 actual=16
[5108] +182.505025 ASYNC-IN-DONE ep=0x81 len=0 status=2 actual=0
[5109] +182.505112 ASYNC-IN-SUBMIT ep=0x81 len=0 type=BULK (in, awaiting data)
[5110] +182.592599 ASYNC-OUT ep=0x01 len=16 type=BULK 
	0000  08 00 00 18 80 10 ed 03  00 c1 00 10 fd 1a 00 00 |................|
[5111] +182.592933 ASYNC-OUT-DONE ep=0x01 len=0 status=0 actual=16
[5112] +182.617903 ASYNC-IN-DONE ep=0x81 len=0 status=2 actual=0
[5113] +182.617970 ASYNC-IN-SUBMIT ep=0x81 len=0 type=BULK (in, awaiting data)
[5114] +182.656723 ASYNC-IN-DONE ep=0x81 len=16 status=0 actual=16
	0000  08 00 00 18 f0 03 02 10  00 b4 00 10 09 02 00 00 |................|
[5115] +182.656836 ASYNC-IN-SUBMIT ep=0x81 len=0 type=BULK (in, awaiting data)
[5116] +182.748236 ASYNC-OUT ep=0x01 len=16 type=BULK 
	0000  08 00 00 18 02 10 f0 03  00 ae 00 10 1e 10 00 00 |................|
[5117] +182.748571 ASYNC-OUT-DONE ep=0x01 len=0 status=0 actual=16
[5118] +182.769612 ASYNC-IN-DONE ep=0x81 len=0 status=2 actual=0
[5119] +182.769660 ASYNC-IN-SUBMIT ep=0x81 len=0 type=BULK (in, awaiting data)
[5120] +182.857874 ASYNC-IN-DONE ep=0x81 len=16 status=0 actual=16
	0000  08 00 00 18 ef 03 01 10  00 e4 00 10 1c 23 00 00 |.............#..|
[5121] +182.857977 ASYNC-IN-SUBMIT ep=0x81 len=0 type=BULK (in, awaiting data)
[5122] +182.858144 ASYNC-IN-DONE ep=0x81 len=16 status=0 actual=16
	0000  08 00 00 18 ed 03 80 10  00 c9 00 10 ae 02 00 00 |................|
[5123] +182.858201 ASYNC-IN-SUBMIT ep=0x81 len=0 type=BULK (in, awaiting data)
[5124] +182.959662 ASYNC-IN-DONE ep=0x81 len=0 status=2 actual=0
[5125] +182.959751 ASYNC-IN-SUBMIT ep=0x81 len=0 type=BULK (in, awaiting data)
[5126] +183.068828 ASYNC-IN-DONE ep=0x81 len=0 status=2 actual=0
[5127] +183.068906 ASYNC-IN-SUBMIT ep=0x81 len=0 type=BULK (in, awaiting data)
[5128] +183.179061 ASYNC-IN-DONE ep=0x81 len=0 status=2 actual=0
[5129] +183.179154 ASYNC-IN-SUBMIT ep=0x81 len=0 type=BULK (in, awaiting data)
[5130] +183.290817 ASYNC-IN-DONE ep=0x81 len=0 status=2 actual=0
[5131] +183.290903 ASYNC-IN-SUBMIT ep=0x81 len=0 type=BULK (in, awaiting data)
[5132] +183.402017 ASYNC-IN-DONE ep=0x81 len=0 status=2 actual=0
[5133] +183.402120 ASYNC-IN-SUBMIT ep=0x81 len=0 type=BULK (in, awaiting data)
[5134] +183.508386 ASYNC-IN-DONE ep=0x81 len=0 status=2 actual=0
[5135] +183.508477 ASYNC-IN-SUBMIT ep=0x81 len=0 type=BULK (in, awaiting data)
[5136] +183.528078 ASYNC-OUT ep=0x01 len=16 type=BULK 
	0000  08 00 00 18 01 10 ef 03  00 ed 00 10 58 1f 00 00 |............X...|
[5137] +183.528387 ASYNC-OUT-DONE ep=0x01 len=0 status=0 actual=16
[5138] +183.620015 ASYNC-IN-DONE ep=0x81 len=0 status=2 actual=0
[5139] +183.620117 ASYNC-IN-SUBMIT ep=0x81 len=0 type=BULK (in, awaiting data)
[5140] +183.631843 ASYNC-OUT ep=0x01 len=16 type=BULK 
	0000  08 00 00 18 80 10 ed 03  00 c2 00 10 fd 1a 00 00 |................|
[5141] +183.632144 ASYNC-OUT-DONE ep=0x01 len=0 status=0 actual=16
[5142] +183.660676 ASYNC-IN-DONE ep=0x81 len=16 status=0 actual=16
	0000  08 00 00 18 f0 03 02 10  00 b5 00 10 09 02 00 00 |................|
[5143] +183.660768 ASYNC-IN-SUBMIT ep=0x81 len=0 type=BULK (in, awaiting data)
[5144] +183.761439 ASYNC-IN-DONE ep=0x81 len=0 status=2 actual=0
[5145] +183.761539 ASYNC-IN-SUBMIT ep=0x81 len=0 type=BULK (in, awaiting data)
[5146] +183.787318 ASYNC-OUT ep=0x01 len=16 type=BULK 
	0000  08 00 00 18 02 10 f0 03  00 af 00 10 1e 10 00 00 |................|
[5147] +183.787578 ASYNC-OUT-DONE ep=0x01 len=0 status=0 actual=16
[5148] +183.861141 ASYNC-IN-DONE ep=0x81 len=16 status=0 actual=16
	0000  08 00 00 18 ef 03 01 10  00 e5 00 10 1c 23 00 00 |.............#..|
[5149] +183.861276 ASYNC-IN-SUBMIT ep=0x81 len=0 type=BULK (in, awaiting data)
[5150] +183.861482 ASYNC-IN-DONE ep=0x81 len=16 status=0 actual=16
	0000  08 00 00 18 ed 03 80 10  00 ca 00 10 ae 02 00 00 |................|
[5151] +183.861552 ASYNC-IN-SUBMIT ep=0x81 len=0 type=BULK (in, awaiting data)
[5152] +183.974341 ASYNC-IN-DONE ep=0x81 len=0 status=2 actual=0
[5153] +183.974434 ASYNC-IN-SUBMIT ep=0x81 len=0 type=BULK (in, awaiting data)
[5154] +184.087249 ASYNC-IN-DONE ep=0x81 len=0 status=2 actual=0
[5155] +184.087351 ASYNC-IN-SUBMIT ep=0x81 len=0 type=BULK (in, awaiting data)
[5156] +184.200120 ASYNC-IN-DONE ep=0x81 len=0 status=2 actual=0
[5157] +184.200201 ASYNC-IN-SUBMIT ep=0x81 len=0 type=BULK (in, awaiting data)
[5158] +184.313004 ASYNC-IN-DONE ep=0x81 len=0 status=2 actual=0
[5159] +184.313103 ASYNC-IN-SUBMIT ep=0x81 len=0 type=BULK (in, awaiting data)
[5160] +184.424973 ASYNC-IN-DONE ep=0x81 len=0 status=2 actual=0
[5161] +184.425053 ASYNC-IN-SUBMIT ep=0x81 len=0 type=BULK (in, awaiting data)
[5162] +184.533957 ASYNC-IN-DONE ep=0x81 len=0 status=2 actual=0
[5163] +184.534043 ASYNC-IN-SUBMIT ep=0x81 len=0 type=BULK (in, awaiting data)
[5164] +184.565795 ASYNC-OUT ep=0x01 len=16 type=BULK 
	0000  08 00 00 18 01 10 ef 03  00 ee 00 10 58 1f 00 00 |............X...|
[5165] +184.566080 ASYNC-OUT-DONE ep=0x01 len=0 status=0 actual=16
[5166] +184.634770 ASYNC-IN-DONE ep=0x81 len=0 status=2 actual=0
[5167] +184.634855 ASYNC-IN-SUBMIT ep=0x81 len=0 type=BULK (in, awaiting data)
[5168] +184.663778 ASYNC-IN-DONE ep=0x81 len=16 status=0 actual=16
	0000  08 00 00 18 f0 03 02 10  00 b6 00 10 09 02 00 00 |................|
[5169] +184.663895 ASYNC-IN-SUBMIT ep=0x81 len=0 type=BULK (in, awaiting data)
[5170] +184.669526 ASYNC-OUT ep=0x01 len=16 type=BULK 
	0000  08 00 00 18 80 10 ed 03  00 c3 00 10 fd 1a 00 00 |................|
[5171] +184.669732 ASYNC-OUT-DONE ep=0x01 len=0 status=0 actual=16
[5172] +184.774989 ASYNC-IN-DONE ep=0x81 len=0 status=2 actual=0
[5173] +184.775083 ASYNC-IN-SUBMIT ep=0x81 len=0 type=BULK (in, awaiting data)
[5174] +184.825353 ASYNC-OUT ep=0x01 len=16 type=BULK 
	0000  08 00 00 18 02 10 f0 03  00 b0 00 10 1e 10 00 00 |................|
[5175] +184.825685 ASYNC-OUT-DONE ep=0x01 len=0 status=0 actual=16
[5176] +184.864128 ASYNC-IN-DONE ep=0x81 len=16 status=0 actual=16
	0000  08 00 00 18 ef 03 01 10  00 e6 00 10 1c 23 00 00 |.............#..|
[5177] +184.864224 ASYNC-IN-SUBMIT ep=0x81 len=0 type=BULK (in, awaiting data)
[5178] +184.864354 ASYNC-IN-DONE ep=0x81 len=16 status=0 actual=16
	0000  08 00 00 18 ed 03 80 10  00 cb 00 10 ae 02 00 00 |................|
[5179] +184.864396 ASYNC-IN-SUBMIT ep=0x81 len=0 type=BULK (in, awaiting data)
[5180] +184.967598 ASYNC-IN-DONE ep=0x81 len=0 status=2 actual=0
[5181] +184.967680 ASYNC-IN-SUBMIT ep=0x81 len=0 type=BULK (in, awaiting data)
[5182] +185.075000 ASYNC-IN-DONE ep=0x81 len=0 status=2 actual=0
[5183] +185.075109 ASYNC-IN-SUBMIT ep=0x81 len=0 type=BULK (in, awaiting data)
[5184] +185.183178 ASYNC-IN-DONE ep=0x81 len=0 status=2 actual=0
[5185] +185.183250 ASYNC-IN-SUBMIT ep=0x81 len=0 type=BULK (in, awaiting data)
[5186] +185.293910 ASYNC-IN-DONE ep=0x81 len=0 status=2 actual=0
[5187] +185.294004 ASYNC-IN-SUBMIT ep=0x81 len=0 type=BULK (in, awaiting data)
[5188] +185.406737 ASYNC-IN-DONE ep=0x81 len=0 status=2 actual=0
[5189] +185.406818 ASYNC-IN-SUBMIT ep=0x81 len=0 type=BULK (in, awaiting data)
[5190] +185.514988 ASYNC-IN-DONE ep=0x81 len=0 status=2 actual=0
[5191] +185.515077 ASYNC-IN-SUBMIT ep=0x81 len=0 type=BULK (in, awaiting data)
[5192] +185.606061 ASYNC-OUT ep=0x01 len=16 type=BULK 
	0000  08 00 00 18 01 10 ef 03  00 ef 00 10 58 1f 00 00 |............X...|
[5193] +185.606330 ASYNC-OUT-DONE ep=0x01 len=0 status=0 actual=16
[5194] +185.617478 ASYNC-IN-DONE ep=0x81 len=0 status=2 actual=0
[5195] +185.617602 ASYNC-IN-SUBMIT ep=0x81 len=0 type=BULK (in, awaiting data)
[5196] +185.666483 ASYNC-IN-DONE ep=0x81 len=16 status=0 actual=16
	0000  08 00 00 18 f0 03 02 10  00 b7 00 10 09 02 00 00 |................|
[5197] +185.666600 ASYNC-IN-SUBMIT ep=0x81 len=0 type=BULK (in, awaiting data)
[5198] +185.710198 ASYNC-OUT ep=0x01 len=16 type=BULK 
	0000  08 00 00 18 80 10 ed 03  00 c4 00 10 fd 1a 00 00 |................|
[5199] +185.710539 ASYNC-OUT-DONE ep=0x01 len=0 status=0 actual=16
[5200] +185.775650 ASYNC-IN-DONE ep=0x81 len=0 status=2 actual=0
[5201] +185.775730 ASYNC-IN-SUBMIT ep=0x81 len=0 type=BULK (in, awaiting data)
[5202] +185.866382 ASYNC-OUT ep=0x01 len=16 type=BULK 
	0000  08 00 00 18 02 10 f0 03  00 b1 00 10 1e 10 00 00 |................|
[5203] +185.866693 ASYNC-OUT-DONE ep=0x01 len=0 status=0 actual=16
[5204] +185.867815 ASYNC-IN-DONE ep=0x81 len=16 status=0 actual=16
	0000  08 00 00 18 ef 03 01 10  00 e7 00 10 1c 23 00 00 |.............#..|
[5205] +185.867875 ASYNC-IN-SUBMIT ep=0x81 len=0 type=BULK (in, awaiting data)
[5206] +185.868028 ASYNC-IN-DONE ep=0x81 len=16 status=0 actual=16
	0000  08 00 00 18 ed 03 80 10  00 cc 00 10 ae 02 00 00 |................|
[5207] +185.868083 ASYNC-IN-SUBMIT ep=0x81 len=0 type=BULK (in, awaiting data)
[5208] +185.976085 ASYNC-IN-DONE ep=0x81 len=0 status=2 actual=0
[5209] +185.976166 ASYNC-IN-SUBMIT ep=0x81 len=0 type=BULK (in, awaiting data)
[5210] +186.076996 ASYNC-IN-DONE ep=0x81 len=0 status=2 actual=0
[5211] +186.077094 ASYNC-IN-SUBMIT ep=0x81 len=0 type=BULK (in, awaiting data)
[5212] +186.185239 ASYNC-IN-DONE ep=0x81 len=0 status=2 actual=0
[5213] +186.185318 ASYNC-IN-SUBMIT ep=0x81 len=0 type=BULK (in, awaiting data)
[5214] +186.297859 ASYNC-IN-DONE ep=0x81 len=0 status=2 actual=0
[5215] +186.297933 ASYNC-IN-SUBMIT ep=0x81 len=0 type=BULK (in, awaiting data)
[5216] +186.407344 ASYNC-IN-DONE ep=0x81 len=0 status=2 actual=0
[5217] +186.407424 ASYNC-IN-SUBMIT ep=0x81 len=0 type=BULK (in, awaiting data)
[5218] +186.516582 ASYNC-IN-DONE ep=0x81 len=0 status=2 actual=0
[5219] +186.516689 ASYNC-IN-SUBMIT ep=0x81 len=0 type=BULK (in, awaiting data)
[5220] +186.620651 ASYNC-IN-DONE ep=0x81 len=0 status=2 actual=0
[5221] +186.620743 ASYNC-IN-SUBMIT ep=0x81 len=0 type=BULK (in, awaiting data)
[5222] +186.646542 ASYNC-OUT ep=0x01 len=16 type=BULK 
	0000  08 00 00 18 01 10 ef 03  00 f0 00 10 58 1f 00 00 |............X...|
[5223] +186.646791 ASYNC-OUT-DONE ep=0x01 len=0 status=0 actual=16
[5224] +186.670521 ASYNC-IN-DONE ep=0x81 len=16 status=0 actual=16
	0000  08 00 00 18 f0 03 02 10  00 b8 00 10 09 02 00 00 |................|
[5225] +186.670650 ASYNC-IN-SUBMIT ep=0x81 len=0 type=BULK (in, awaiting data)
[5226] +186.750651 ASYNC-OUT ep=0x01 len=16 type=BULK 
	0000  08 00 00 18 80 10 ed 03  00 c5 00 10 fd 1a 00 00 |................|
[5227] +186.750907 ASYNC-OUT-DONE ep=0x01 len=0 status=0 actual=16
[5228] +186.777012 ASYNC-IN-DONE ep=0x81 len=0 status=2 actual=0
[5229] +186.777066 ASYNC-IN-SUBMIT ep=0x81 len=0 type=BULK (in, awaiting data)
[5230] +186.870856 ASYNC-IN-DONE ep=0x81 len=16 status=0 actual=16
	0000  08 00 00 18 ef 03 01 10  00 e8 00 10 1c 23 00 00 |.............#..|
[5231] +186.870956 ASYNC-IN-SUBMIT ep=0x81 len=0 type=BULK (in, awaiting data)
[5232] +186.871138 ASYNC-IN-DONE ep=0x81 len=16 status=0 actual=16
	0000  08 00 00 18 ed 03 80 10  00 cd 00 10 ae 02 00 00 |................|
[5233] +186.871195 ASYNC-IN-SUBMIT ep=0x81 len=0 type=BULK (in, awaiting data)
[5234] +186.906807 ASYNC-OUT ep=0x01 len=16 type=BULK 
	0000  08 00 00 18 02 10 f0 03  00 b2 00 10 1e 10 00 00 |................|
[5235] +186.907151 ASYNC-OUT-DONE ep=0x01 len=0 status=0 actual=16
[5236] +186.981185 ASYNC-IN-DONE ep=0x81 len=0 status=2 actual=0
[5237] +186.981282 ASYNC-IN-SUBMIT ep=0x81 len=0 type=BULK (in, awaiting data)
[5238] +187.093699 ASYNC-IN-DONE ep=0x81 len=0 status=2 actual=0
[5239] +187.093777 ASYNC-IN-SUBMIT ep=0x81 len=0 type=BULK (in, awaiting data)
[5240] +187.196698 ASYNC-IN-DONE ep=0x81 len=0 status=2 actual=0
[5241] +187.196773 ASYNC-IN-SUBMIT ep=0x81 len=0 type=BULK (in, awaiting data)
[5242] +187.308534 ASYNC-IN-DONE ep=0x81 len=0 status=2 actual=0
[5243] +187.308570 ASYNC-IN-SUBMIT ep=0x81 len=0 type=BULK (in, awaiting data)
[5244] +187.421396 ASYNC-IN-DONE ep=0x81 len=0 status=2 actual=0
[5245] +187.421483 ASYNC-IN-SUBMIT ep=0x81 len=0 type=BULK (in, awaiting data)
[5246] +187.534282 ASYNC-IN-DONE ep=0x81 len=0 status=2 actual=0
[5247] +187.534378 ASYNC-IN-SUBMIT ep=0x81 len=0 type=BULK (in, awaiting data)
[5248] +187.647235 ASYNC-IN-DONE ep=0x81 len=0 status=2 actual=0
[5249] +187.647321 ASYNC-IN-SUBMIT ep=0x81 len=0 type=BULK (in, awaiting data)
[5250] +187.673340 ASYNC-IN-DONE ep=0x81 len=16 status=0 actual=16
	0000  08 00 00 18 f0 03 02 10  00 b9 00 10 09 02 00 00 |................|
[5251] +187.673451 ASYNC-IN-SUBMIT ep=0x81 len=0 type=BULK (in, awaiting data)
[5252] +187.684942 ASYNC-OUT ep=0x01 len=16 type=BULK 
	0000  08 00 00 18 01 10 ef 03  00 f1 00 10 58 1f 00 00 |............X...|
[5253] +187.685236 ASYNC-OUT-DONE ep=0x01 len=0 status=0 actual=16
[5254] +187.786296 ASYNC-IN-DONE ep=0x81 len=0 status=2 actual=0
[5255] +187.786401 ASYNC-IN-SUBMIT ep=0x81 len=0 type=BULK (in, awaiting data)
[5256] +187.789051 ASYNC-OUT ep=0x01 len=16 type=BULK 
	0000  08 00 00 18 80 10 ed 03  00 c6 00 10 fd 1a 00 00 |................|
[5257] +187.789350 ASYNC-OUT-DONE ep=0x01 len=0 status=0 actual=16
[5258] +187.874532 ASYNC-IN-DONE ep=0x81 len=16 status=0 actual=16
	0000  08 00 00 18 ef 03 01 10  00 e9 00 10 1c 23 00 00 |.............#..|
[5259] +187.874655 ASYNC-IN-SUBMIT ep=0x81 len=0 type=BULK (in, awaiting data)
[5260] +187.874859 ASYNC-IN-DONE ep=0x81 len=16 status=0 actual=16
	0000  08 00 00 18 ed 03 80 10  00 ce 00 10 ae 02 00 00 |................|
[5261] +187.874944 ASYNC-IN-SUBMIT ep=0x81 len=0 type=BULK (in, awaiting data)
[5262] +187.945243 ASYNC-OUT ep=0x01 len=16 type=BULK 
	0000  08 00 00 18 02 10 f0 03  00 b3 00 10 1e 10 00 00 |................|
[5263] +187.945573 ASYNC-OUT-DONE ep=0x01 len=0 status=0 actual=16
[5264] +187.987768 ASYNC-IN-DONE ep=0x81 len=0 status=2 actual=0
[5265] +187.987865 ASYNC-IN-SUBMIT ep=0x81 len=0 type=BULK (in, awaiting data)
[5266] +188.089195 ASYNC-IN-DONE ep=0x81 len=0 status=2 actual=0
[5267] +188.089282 ASYNC-IN-SUBMIT ep=0x81 len=0 type=BULK (in, awaiting data)
[5268] +188.201975 ASYNC-IN-DONE ep=0x81 len=0 status=2 actual=0
[5269] +188.202056 ASYNC-IN-SUBMIT ep=0x81 len=0 type=BULK (in, awaiting data)
[5270] +188.303472 ASYNC-IN-DONE ep=0x81 len=0 status=2 actual=0
[5271] +188.303571 ASYNC-IN-SUBMIT ep=0x81 len=0 type=BULK (in, awaiting data)
[5272] +188.414537 ASYNC-IN-DONE ep=0x81 len=0 status=2 actual=0
[5273] +188.414638 ASYNC-IN-SUBMIT ep=0x81 len=0 type=BULK (in, awaiting data)
[5274] +188.525470 ASYNC-IN-DONE ep=0x81 len=0 status=2 actual=0
[5275] +188.525646 ASYNC-IN-SUBMIT ep=0x81 len=0 type=BULK (in, awaiting data)
[5276] +188.635021 ASYNC-IN-DONE ep=0x81 len=0 status=2 actual=0
[5277] +188.635123 ASYNC-IN-SUBMIT ep=0x81 len=0 type=BULK (in, awaiting data)
[5278] +188.676483 ASYNC-IN-DONE ep=0x81 len=16 status=0 actual=16
	0000  08 00 00 18 f0 03 02 10  00 ba 00 10 09 02 00 00 |................|
[5279] +188.676581 ASYNC-IN-SUBMIT ep=0x81 len=0 type=BULK (in, awaiting data)
[5280] +188.722822 ASYNC-OUT ep=0x01 len=16 type=BULK 
	0000  08 00 00 18 01 10 ef 03  00 f2 00 10 58 1f 00 00 |............X...|
[5281] +188.723160 ASYNC-OUT-DONE ep=0x01 len=0 status=0 actual=16
[5282] +188.784321 ASYNC-IN-DONE ep=0x81 len=0 status=2 actual=0
[5283] +188.784403 ASYNC-IN-SUBMIT ep=0x81 len=0 type=BULK (in, awaiting data)
[5284] +188.826925 ASYNC-OUT ep=0x01 len=16 type=BULK 
	0000  08 00 00 18 80 10 ed 03  00 c7 00 10 fd 1a 00 00 |................|
[5285] +188.827231 ASYNC-OUT-DONE ep=0x01 len=0 status=0 actual=16
[5286] +188.877342 ASYNC-IN-DONE ep=0x81 len=16 status=0 actual=16
	0000  08 00 00 18 ef 03 01 10  00 ea 00 10 1c 23 00 00 |.............#..|
[5287] +188.877473 ASYNC-IN-SUBMIT ep=0x81 len=0 type=BULK (in, awaiting data)
[5288] +188.877654 ASYNC-IN-DONE ep=0x81 len=16 status=0 actual=16
	0000  08 00 00 18 ed 03 80 10  00 cf 00 10 ae 02 00 00 |................|
[5289] +188.877709 ASYNC-IN-SUBMIT ep=0x81 len=0 type=BULK (in, awaiting data)
[5290] +188.983120 ASYNC-OUT ep=0x01 len=16 type=BULK 
	0000  08 00 00 18 02 10 f0 03  00 b4 00 10 1e 10 00 00 |................|
[5291] +188.983274 ASYNC-IN-DONE ep=0x81 len=0 status=2 actual=0
[5292] +188.983319 ASYNC-IN-SUBMIT ep=0x81 len=0 type=BULK (in, awaiting data)
[5293] +188.983462 ASYNC-OUT-DONE ep=0x01 len=0 status=0 actual=16
[5294] +189.087070 ASYNC-IN-DONE ep=0x81 len=0 status=2 actual=0
[5295] +189.087159 ASYNC-IN-SUBMIT ep=0x81 len=0 type=BULK (in, awaiting data)
[5296] +189.189542 ASYNC-IN-DONE ep=0x81 len=0 status=2 actual=0
[5297] +189.189645 ASYNC-IN-SUBMIT ep=0x81 len=0 type=BULK (in, awaiting data)
[5298] +189.302461 ASYNC-IN-DONE ep=0x81 len=0 status=2 actual=0
[5299] +189.302537 ASYNC-IN-SUBMIT ep=0x81 len=0 type=BULK (in, awaiting data)
[5300] +189.415340 ASYNC-IN-DONE ep=0x81 len=0 status=2 actual=0
[5301] +189.415439 ASYNC-IN-SUBMIT ep=0x81 len=0 type=BULK (in, awaiting data)
[5302] +189.525843 ASYNC-IN-DONE ep=0x81 len=0 status=2 actual=0
[5303] +189.525939 ASYNC-IN-SUBMIT ep=0x81 len=0 type=BULK (in, awaiting data)
[5304] +189.626489 ASYNC-IN-DONE ep=0x81 len=0 status=2 actual=0
[5305] +189.626609 ASYNC-IN-SUBMIT ep=0x81 len=0 type=BULK (in, awaiting data)
[5306] +189.680349 ASYNC-IN-DONE ep=0x81 len=16 status=0 actual=16
	0000  08 00 00 18 f0 03 02 10  00 bb 00 10 09 02 00 00 |................|
[5307] +189.680511 ASYNC-IN-SUBMIT ep=0x81 len=0 type=BULK (in, awaiting data)
[5308] +189.762971 ASYNC-OUT ep=0x01 len=16 type=BULK 
	0000  08 00 00 18 01 10 ef 03  00 f3 00 10 58 1f 00 00 |............X...|
[5309] +189.763310 ASYNC-OUT-DONE ep=0x01 len=0 status=0 actual=16
[5310] +189.793176 ASYNC-IN-DONE ep=0x81 len=0 status=2 actual=0
[5311] +189.793225 ASYNC-IN-SUBMIT ep=0x81 len=0 type=BULK (in, awaiting data)
[5312] +189.867138 ASYNC-OUT ep=0x01 len=16 type=BULK 
	0000  08 00 00 18 80 10 ed 03  00 c8 00 10 fd 1a 00 00 |................|
[5313] +189.867500 ASYNC-OUT-DONE ep=0x01 len=0 status=0 actual=16
[5314] +189.880696 ASYNC-IN-DONE ep=0x81 len=16 status=0 actual=16
	0000  08 00 00 18 ef 03 01 10  00 eb 00 10 1c 23 00 00 |.............#..|
[5315] +189.880776 ASYNC-IN-SUBMIT ep=0x81 len=0 type=BULK (in, awaiting data)
[5316] +189.880950 ASYNC-IN-DONE ep=0x81 len=16 status=0 actual=16
	0000  08 00 00 18 ed 03 80 10  00 d0 00 10 ae 02 00 00 |................|
[5317] +189.881037 ASYNC-IN-SUBMIT ep=0x81 len=0 type=BULK (in, awaiting data)
[5318] +189.993796 ASYNC-IN-DONE ep=0x81 len=0 status=2 actual=0
[5319] +189.993885 ASYNC-IN-SUBMIT ep=0x81 len=0 type=BULK (in, awaiting data)
[5320] +190.022642 ASYNC-OUT ep=0x01 len=16 type=BULK 
	0000  08 00 00 18 02 10 f0 03  00 b5 00 10 1e 10 00 00 |................|
[5321] +190.023012 ASYNC-OUT-DONE ep=0x01 len=0 status=0 actual=16
[5322] +190.099778 ASYNC-IN-DONE ep=0x81 len=0 status=2 actual=0
[5323] +190.099882 ASYNC-IN-SUBMIT ep=0x81 len=0 type=BULK (in, awaiting data)
[5324] +190.208761 ASYNC-IN-DONE ep=0x81 len=0 status=2 actual=0
[5325] +190.208871 ASYNC-IN-SUBMIT ep=0x81 len=0 type=BULK (in, awaiting data)
[5326] +190.318367 ASYNC-IN-DONE ep=0x81 len=0 status=2 actual=0
[5327] +190.318486 ASYNC-IN-SUBMIT ep=0x81 len=0 type=BULK (in, awaiting data)
[5328] +190.425187 ASYNC-IN-DONE ep=0x81 len=0 status=2 actual=0
[5329] +190.425273 ASYNC-IN-SUBMIT ep=0x81 len=0 type=BULK (in, awaiting data)
[5330] +190.530188 ASYNC-IN-DONE ep=0x81 len=0 status=2 actual=0
[5331] +190.530302 ASYNC-IN-SUBMIT ep=0x81 len=0 type=BULK (in, awaiting data)
[5332] +190.642987 ASYNC-IN-DONE ep=0x81 len=0 status=2 actual=0
[5333] +190.643076 ASYNC-IN-SUBMIT ep=0x81 len=0 type=BULK (in, awaiting data)
[5334] +190.683718 ASYNC-IN-DONE ep=0x81 len=16 status=0 actual=16
	0000  08 00 00 18 f0 03 02 10  00 bc 00 10 09 02 00 00 |................|
[5335] +190.683830 ASYNC-IN-SUBMIT ep=0x81 len=0 type=BULK (in, awaiting data)
[5336] +190.796348 ASYNC-IN-DONE ep=0x81 len=0 status=2 actual=0
[5337] +190.796434 ASYNC-IN-SUBMIT ep=0x81 len=0 type=BULK (in, awaiting data)
[5338] +190.801162 ASYNC-OUT ep=0x01 len=16 type=BULK 
	0000  08 00 00 18 01 10 ef 03  00 f4 00 10 58 1f 00 00 |............X...|
[5339] +190.801380 ASYNC-OUT-DONE ep=0x01 len=0 status=0 actual=16
[5340] +190.884129 ASYNC-IN-DONE ep=0x81 len=16 status=0 actual=16
	0000  08 00 00 18 ef 03 01 10  00 ec 00 10 1c 23 00 00 |.............#..|
[5341] +190.884240 ASYNC-IN-SUBMIT ep=0x81 len=0 type=BULK (in, awaiting data)
[5342] +190.884385 ASYNC-IN-DONE ep=0x81 len=16 status=0 actual=16
	0000  08 00 00 18 ed 03 80 10  00 d1 00 10 ae 02 00 00 |................|
[5343] +190.884436 ASYNC-IN-SUBMIT ep=0x81 len=0 type=BULK (in, awaiting data)
[5344] +190.904413 ASYNC-OUT ep=0x01 len=16 type=BULK 
	0000  08 00 00 18 80 10 ed 03  00 c9 00 10 fd 1a 00 00 |................|
[5345] +190.904708 ASYNC-OUT-DONE ep=0x01 len=0 status=0 actual=16
[5346] +190.987490 ASYNC-IN-DONE ep=0x81 len=0 status=2 actual=0
[5347] +190.987579 ASYNC-IN-SUBMIT ep=0x81 len=0 type=BULK (in, awaiting data)
[5348] +191.060111 ASYNC-OUT ep=0x01 len=16 type=BULK 
	0000  08 00 00 18 02 10 f0 03  00 b6 00 10 1e 10 00 00 |................|
[5349] +191.060415 ASYNC-OUT-DONE ep=0x01 len=0 status=0 actual=16
[5350] +191.097873 ASYNC-IN-DONE ep=0x81 len=0 status=2 actual=0
[5351] +191.097966 ASYNC-IN-SUBMIT ep=0x81 len=0 type=BULK (in, awaiting data)
[5352] +191.210524 ASYNC-IN-DONE ep=0x81 len=0 status=2 actual=0
[5353] +191.210633 ASYNC-IN-SUBMIT ep=0x81 len=0 type=BULK (in, awaiting data)
[5354] +191.318927 ASYNC-IN-DONE ep=0x81 len=0 status=2 actual=0
[5355] +191.319018 ASYNC-IN-SUBMIT ep=0x81 len=0 type=BULK (in, awaiting data)
[5356] +191.427255 ASYNC-IN-DONE ep=0x81 len=0 status=2 actual=0
[5357] +191.427438 ASYNC-IN-SUBMIT ep=0x81 len=0 type=BULK (in, awaiting data)
[5358] +191.534943 ASYNC-IN-DONE ep=0x81 len=0 status=2 actual=0
[5359] +191.535005 ASYNC-IN-SUBMIT ep=0x81 len=0 type=BULK (in, awaiting data)
[5360] +191.635882 ASYNC-IN-DONE ep=0x81 len=0 status=2 actual=0
[5361] +191.635967 ASYNC-IN-SUBMIT ep=0x81 len=0 type=BULK (in, awaiting data)
[5362] +191.687281 ASYNC-IN-DONE ep=0x81 len=16 status=0 actual=16
	0000  08 00 00 18 f0 03 02 10  00 bd 00 10 09 02 00 00 |................|
[5363] +191.687453 ASYNC-IN-SUBMIT ep=0x81 len=0 type=BULK (in, awaiting data)
[5364] +191.794961 ASYNC-IN-DONE ep=0x81 len=0 status=2 actual=0
[5365] +191.795011 ASYNC-IN-SUBMIT ep=0x81 len=0 type=BULK (in, awaiting data)
[5366] +191.838213 ASYNC-OUT ep=0x01 len=16 type=BULK 
	0000  08 00 00 18 01 10 ef 03  00 f5 00 10 58 1f 00 00 |............X...|
[5367] +191.838548 ASYNC-OUT-DONE ep=0x01 len=0 status=0 actual=16
[5368] +191.887578 ASYNC-IN-DONE ep=0x81 len=16 status=0 actual=16
	0000  08 00 00 18 ef 03 01 10  00 ed 00 10 1c 23 00 00 |.............#..|
[5369] +191.887642 ASYNC-IN-SUBMIT ep=0x81 len=0 type=BULK (in, awaiting data)
[5370] +191.887776 ASYNC-IN-DONE ep=0x81 len=16 status=0 actual=16
	0000  08 00 00 18 ed 03 80 10  00 d2 00 10 ae 02 00 00 |................|
[5371] +191.887802 ASYNC-IN-SUBMIT ep=0x81 len=0 type=BULK (in, awaiting data)
[5372] +191.941521 ASYNC-OUT ep=0x01 len=16 type=BULK 
	0000  08 00 00 18 80 10 ed 03  00 ca 00 10 fd 1a 00 00 |................|
[5373] +191.941866 ASYNC-OUT-DONE ep=0x01 len=0 status=0 actual=16
[5374] +192.000590 ASYNC-IN-DONE ep=0x81 len=0 status=2 actual=0
[5375] +192.000678 ASYNC-IN-SUBMIT ep=0x81 len=0 type=BULK (in, awaiting data)
[5376] +192.097126 ASYNC-OUT ep=0x01 len=16 type=BULK 
	0000  08 00 00 18 02 10 f0 03  00 b7 00 10 1e 10 00 00 |................|
[5377] +192.097509 ASYNC-OUT-DONE ep=0x01 len=0 status=0 actual=16
[5378] +192.113480 ASYNC-IN-DONE ep=0x81 len=0 status=2 actual=0
[5379] +192.113573 ASYNC-IN-SUBMIT ep=0x81 len=0 type=BULK (in, awaiting data)
[5380] +192.226388 ASYNC-IN-DONE ep=0x81 len=0 status=2 actual=0
[5381] +192.226493 ASYNC-IN-SUBMIT ep=0x81 len=0 type=BULK (in, awaiting data)
[5382] +192.334616 ASYNC-IN-DONE ep=0x81 len=0 status=2 actual=0
[5383] +192.334702 ASYNC-IN-SUBMIT ep=0x81 len=0 type=BULK (in, awaiting data)
[5384] +192.443243 ASYNC-IN-DONE ep=0x81 len=0 status=2 actual=0
[5385] +192.443347 ASYNC-IN-SUBMIT ep=0x81 len=0 type=BULK (in, awaiting data)
[5386] +192.556225 ASYNC-IN-DONE ep=0x81 len=0 status=2 actual=0
[5387] +192.556311 ASYNC-IN-SUBMIT ep=0x81 len=0 type=BULK (in, awaiting data)
[5388] +192.669107 ASYNC-IN-DONE ep=0x81 len=0 status=2 actual=0
[5389] +192.669206 ASYNC-IN-SUBMIT ep=0x81 len=0 type=BULK (in, awaiting data)
[5390] +192.690458 ASYNC-IN-DONE ep=0x81 len=16 status=0 actual=16
	0000  08 00 00 18 f0 03 02 10  00 be 00 10 09 02 00 00 |................|
[5391] +192.690590 ASYNC-IN-SUBMIT ep=0x81 len=0 type=BULK (in, awaiting data)
[5392] +192.803428 ASYNC-IN-DONE ep=0x81 len=0 status=2 actual=0
[5393] +192.803517 ASYNC-IN-SUBMIT ep=0x81 len=0 type=BULK (in, awaiting data)
[5394] +192.876614 ASYNC-OUT ep=0x01 len=16 type=BULK 
	0000  08 00 00 18 01 10 ef 03  00 f6 00 10 58 1f 00 00 |............X...|
[5395] +192.876954 ASYNC-OUT-DONE ep=0x01 len=0 status=0 actual=16
[5396] +192.890848 ASYNC-IN-DONE ep=0x81 len=16 status=0 actual=16
	0000  08 00 00 18 ef 03 01 10  00 ee 00 10 1c 23 00 00 |.............#..|
[5397] +192.890959 ASYNC-IN-SUBMIT ep=0x81 len=0 type=BULK (in, awaiting data)
[5398] +192.891098 ASYNC-IN-DONE ep=0x81 len=16 status=0 actual=16
	0000  08 00 00 18 ed 03 80 10  00 d3 00 10 ae 02 00 00 |................|
[5399] +192.891146 ASYNC-IN-SUBMIT ep=0x81 len=0 type=BULK (in, awaiting data)
[5400] +192.980269 ASYNC-OUT ep=0x01 len=16 type=BULK 
	0000  08 00 00 18 80 10 ed 03  00 cb 00 10 fd 1a 00 00 |................|
[5401] +192.980660 ASYNC-OUT-DONE ep=0x01 len=0 status=0 actual=16
[5402] +193.002127 ASYNC-IN-DONE ep=0x81 len=0 status=2 actual=0
[5403] +193.002219 ASYNC-IN-SUBMIT ep=0x81 len=0 type=BULK (in, awaiting data)
[5404] +193.114563 ASYNC-IN-DONE ep=0x81 len=0 status=2 actual=0
[5405] +193.114651 ASYNC-IN-SUBMIT ep=0x81 len=0 type=BULK (in, awaiting data)
[5406] +193.136413 ASYNC-OUT ep=0x01 len=16 type=BULK 
	0000  08 00 00 18 02 10 f0 03  00 b8 00 10 1e 10 00 00 |................|
[5407] +193.136728 ASYNC-OUT-DONE ep=0x01 len=0 status=0 actual=16
[5408] +193.220233 ASYNC-IN-DONE ep=0x81 len=0 status=2 actual=0
[5409] +193.220335 ASYNC-IN-SUBMIT ep=0x81 len=0 type=BULK (in, awaiting data)
[5410] +193.331321 ASYNC-IN-DONE ep=0x81 len=0 status=2 actual=0
[5411] +193.331422 ASYNC-IN-SUBMIT ep=0x81 len=0 type=BULK (in, awaiting data)
[5412] +193.433369 ASYNC-IN-DONE ep=0x81 len=0 status=2 actual=0
[5413] +193.433480 ASYNC-IN-SUBMIT ep=0x81 len=0 type=BULK (in, awaiting data)
[5414] +193.544369 ASYNC-IN-DONE ep=0x81 len=0 status=2 actual=0
[5415] +193.544473 ASYNC-IN-SUBMIT ep=0x81 len=0 type=BULK (in, awaiting data)
[5416] +193.654996 ASYNC-IN-DONE ep=0x81 len=0 status=2 actual=0
[5417] +193.655088 ASYNC-IN-SUBMIT ep=0x81 len=0 type=BULK (in, awaiting data)
[5418] +193.693325 ASYNC-IN-DONE ep=0x81 len=16 status=0 actual=16
	0000  08 00 00 18 f0 03 02 10  00 bf 00 10 09 02 00 00 |................|
[5419] +193.693426 ASYNC-IN-SUBMIT ep=0x81 len=0 type=BULK (in, awaiting data)
[5420] +193.806257 ASYNC-IN-DONE ep=0x81 len=0 status=2 actual=0
[5421] +193.806351 ASYNC-IN-SUBMIT ep=0x81 len=0 type=BULK (in, awaiting data)
[5422] +193.893861 ASYNC-IN-DONE ep=0x81 len=16 status=0 actual=16
	0000  08 00 00 18 ef 03 01 10  00 ef 00 10 1c 23 00 00 |.............#..|
[5423] +193.894006 ASYNC-IN-SUBMIT ep=0x81 len=0 type=BULK (in, awaiting data)
[5424] +193.894206 ASYNC-IN-DONE ep=0x81 len=16 status=0 actual=16
	0000  08 00 00 18 ed 03 80 10  00 d4 00 10 ae 02 00 00 |................|
[5425] +193.894289 ASYNC-IN-SUBMIT ep=0x81 len=0 type=BULK (in, awaiting data)
[5426] +193.914329 ASYNC-OUT ep=0x01 len=16 type=BULK 
	0000  08 00 00 18 01 10 ef 03  00 f7 00 10 58 1f 00 00 |............X...|
[5427] +193.914642 ASYNC-OUT-DONE ep=0x01 len=0 status=0 actual=16
[5428] +194.001754 ASYNC-IN-DONE ep=0x81 len=0 status=2 actual=0
[5429] +194.001871 ASYNC-IN-SUBMIT ep=0x81 len=0 type=BULK (in, awaiting data)
[5430] +194.018435 ASYNC-OUT ep=0x01 len=16 type=BULK 
	0000  08 00 00 18 80 10 ed 03  00 cc 00 10 fd 1a 00 00 |................|
[5431] +194.018784 ASYNC-OUT-DONE ep=0x01 len=0 status=0 actual=16
[5432] +194.114280 ASYNC-IN-DONE ep=0x81 len=0 status=2 actual=0
[5433] +194.114351 ASYNC-IN-SUBMIT ep=0x81 len=0 type=BULK (in, awaiting data)
[5434] +194.173835 ASYNC-OUT ep=0x01 len=16 type=BULK 
	0000  08 00 00 18 02 10 f0 03  00 b9 00 10 1e 10 00 00 |................|
[5435] +194.174202 ASYNC-OUT-DONE ep=0x01 len=0 status=0 actual=16
[5436] +194.214983 ASYNC-IN-DONE ep=0x81 len=0 status=2 actual=0
[5437] +194.215087 ASYNC-IN-SUBMIT ep=0x81 len=0 type=BULK (in, awaiting data)
[5438] +194.327424 ASYNC-IN-DONE ep=0x81 len=0 status=2 actual=0
[5439] +194.327512 ASYNC-IN-SUBMIT ep=0x81 len=0 type=BULK (in, awaiting data)
[5440] +194.433387 ASYNC-IN-DONE ep=0x81 len=0 status=2 actual=0
[5441] +194.433480 ASYNC-IN-SUBMIT ep=0x81 len=0 type=BULK (in, awaiting data)
[5442] +194.546338 ASYNC-IN-DONE ep=0x81 len=0 status=2 actual=0
[5443] +194.546437 ASYNC-IN-SUBMIT ep=0x81 len=0 type=BULK (in, awaiting data)
[5444] +194.655043 ASYNC-IN-DONE ep=0x81 len=0 status=2 actual=0
[5445] +194.655156 ASYNC-IN-SUBMIT ep=0x81 len=0 type=BULK (in, awaiting data)
[5446] +194.697011 ASYNC-IN-DONE ep=0x81 len=16 status=0 actual=16
	0000  08 00 00 18 f0 03 02 10  00 c0 00 10 09 02 00 00 |................|
[5447] +194.697160 ASYNC-IN-SUBMIT ep=0x81 len=0 type=BULK (in, awaiting data)
[5448] +194.806278 ASYNC-IN-DONE ep=0x81 len=0 status=2 actual=0
[5449] +194.806386 ASYNC-IN-SUBMIT ep=0x81 len=0 type=BULK (in, awaiting data)
[5450] +194.897388 ASYNC-IN-DONE ep=0x81 len=16 status=0 actual=16
	0000  08 00 00 18 ef 03 01 10  00 f0 00 10 1c 23 00 00 |.............#..|
[5451] +194.897499 ASYNC-IN-SUBMIT ep=0x81 len=0 type=BULK (in, awaiting data)
[5452] +194.897643 ASYNC-IN-DONE ep=0x81 len=16 status=0 actual=16
	0000  08 00 00 18 ed 03 80 10  00 d5 00 10 ae 02 00 00 |................|
[5453] +194.897695 ASYNC-IN-SUBMIT ep=0x81 len=0 type=BULK (in, awaiting data)
[5454] +194.952982 ASYNC-OUT ep=0x01 len=16 type=BULK 
	0000  08 00 00 18 01 10 ef 03  00 f8 00 10 58 1f 00 00 |............X...|
[5455] +194.953302 ASYNC-OUT-DONE ep=0x01 len=0 status=0 actual=16
[5456] +195.005160 ASYNC-IN-DONE ep=0x81 len=0 status=2 actual=0
[5457] +195.005243 ASYNC-IN-SUBMIT ep=0x81 len=0 type=BULK (in, awaiting data)
[5458] +195.056851 ASYNC-OUT ep=0x01 len=16 type=BULK 
	0000  08 00 00 18 80 10 ed 03  00 cd 00 10 fd 1a 00 00 |................|
[5459] +195.057123 ASYNC-OUT-DONE ep=0x01 len=0 status=0 actual=16
[5460] +195.116638 ASYNC-IN-DONE ep=0x81 len=0 status=2 actual=0
[5461] +195.116706 ASYNC-IN-SUBMIT ep=0x81 len=0 type=BULK (in, awaiting data)
[5462] +195.212167 ASYNC-OUT ep=0x01 len=16 type=BULK 
	0000  08 00 00 18 02 10 f0 03  00 ba 00 10 1e 10 00 00 |................|
[5463] +195.212466 ASYNC-OUT-DONE ep=0x01 len=0 status=0 actual=16
[5464] +195.223205 ASYNC-IN-DONE ep=0x81 len=0 status=2 actual=0
[5465] +195.223281 ASYNC-IN-SUBMIT ep=0x81 len=0 type=BULK (in, awaiting data)
[5466] +195.334992 ASYNC-IN-DONE ep=0x81 len=0 status=2 actual=0
[5467] +195.335077 ASYNC-IN-SUBMIT ep=0x81 len=0 type=BULK (in, awaiting data)
[5468] +195.443775 ASYNC-IN-DONE ep=0x81 len=0 status=2 actual=0
[5469] +195.443873 ASYNC-IN-SUBMIT ep=0x81 len=0 type=BULK (in, awaiting data)
[5470] +195.555024 ASYNC-IN-DONE ep=0x81 len=0 status=2 actual=0
[5471] +195.555121 ASYNC-IN-SUBMIT ep=0x81 len=0 type=BULK (in, awaiting data)
[5472] +195.664012 ASYNC-IN-DONE ep=0x81 len=0 status=2 actual=0
[5473] +195.664149 ASYNC-IN-SUBMIT ep=0x81 len=0 type=BULK (in, awaiting data)
[5474] +195.699798 ASYNC-IN-DONE ep=0x81 len=16 status=0 actual=16
	0000  08 00 00 18 f0 03 02 10  00 c1 00 10 09 02 00 00 |................|
[5475] +195.699839 ASYNC-IN-SUBMIT ep=0x81 len=0 type=BULK (in, awaiting data)
[5476] +195.812090 ASYNC-IN-DONE ep=0x81 len=0 status=2 actual=0
[5477] +195.812125 ASYNC-IN-SUBMIT ep=0x81 len=0 type=BULK (in, awaiting data)
