# hxsniff attached pid=24969
[0] +0.359365 OPEN 0e41:4246 rc=0
[1] +0.359495 CLAIM interface=0 rc=0 (LIBUSB_SUCCESS / LIBUSB_TRANSFER_COMPLETED)
[2] +0.359502 RELEASE interface=0
[3] +0.359604 OPEN 0e41:4246 rc=0
[4] +0.359735 CLAIM interface=0 rc=0 (LIBUSB_SUCCESS / LIBUSB_TRANSFER_COMPLETED)
[5] +0.582370 ASYNC-IN-SUBMIT ep=0x81 len=0 type=BULK (in, awaiting data)
[6] +0.687089 ASYNC-IN-DONE ep=0x81 len=0 status=2 actual=0
[7] +0.687191 ASYNC-IN-SUBMIT ep=0x81 len=0 type=BULK (in, awaiting data)
[8] +0.790093 ASYNC-IN-DONE ep=0x81 len=0 status=2 actual=0
[9] +0.790202 ASYNC-IN-SUBMIT ep=0x81 len=0 type=BULK (in, awaiting data)
[10] +0.894199 ASYNC-IN-DONE ep=0x81 len=0 status=2 actual=0
[11] +0.894290 ASYNC-IN-SUBMIT ep=0x81 len=0 type=BULK (in, awaiting data)
[12] +1.001015 ASYNC-IN-DONE ep=0x81 len=0 status=2 actual=0
[13] +1.001125 ASYNC-IN-SUBMIT ep=0x81 len=0 type=BULK (in, awaiting data)
[14] +1.111370 ASYNC-IN-DONE ep=0x81 len=0 status=2 actual=0
[15] +1.111438 ASYNC-IN-SUBMIT ep=0x81 len=0 type=BULK (in, awaiting data)
[16] +1.224213 ASYNC-IN-DONE ep=0x81 len=0 status=2 actual=0
[17] +1.224290 ASYNC-IN-SUBMIT ep=0x81 len=0 type=BULK (in, awaiting data)
[18] +1.330323 ASYNC-IN-DONE ep=0x81 len=0 status=2 actual=0
[19] +1.330378 ASYNC-IN-SUBMIT ep=0x81 len=0 type=BULK (in, awaiting data)
[20] +1.443122 ASYNC-IN-DONE ep=0x81 len=0 status=2 actual=0
[21] +1.443205 ASYNC-IN-SUBMIT ep=0x81 len=0 type=BULK (in, awaiting data)
[22] +1.555653 ASYNC-IN-DONE ep=0x81 len=0 status=2 actual=0
[23] +1.555743 ASYNC-IN-SUBMIT ep=0x81 len=0 type=BULK (in, awaiting data)
[24] +1.624048 ASYNC-OUT ep=0x01 len=20 type=BULK 
	0000  0c 00 00 28 01 10 ef 03  00 00 00 02 00 01 00 21 |...(...........!|
	0010  00 10 00 00                                      |....|
[25] +1.624268 ASYNC-OUT-DONE ep=0x01 len=0 status=0 actual=20
[26] +1.624666 ASYNC-IN-DONE ep=0x81 len=20 status=0 actual=20
	0000  0c 00 00 28 ef 03 01 10  00 00 00 02 00 01 00 01 |...(............|
	0010  00 02 00 00                                      |....|
[27] +1.624707 ASYNC-IN-SUBMIT ep=0x81 len=0 type=BULK (in, awaiting data)
[28] +1.646038 ASYNC-OUT ep=0x01 len=28 type=BULK 
	0000  11 00 00 18 01 10 ef 03  00 02 00 04 00 10 00 00 |................|
	0010  01 00 05 00 01 00 00 00  05 00 00 00             |............|
[29] +1.646262 ASYNC-OUT-DONE ep=0x01 len=0 status=0 actual=28
[30] +1.646860 ASYNC-IN-DONE ep=0x81 len=48 status=0 actual=48
	0000  28 00 00 18 ef 03 01 10  00 02 00 04 09 02 00 00 |(...............|
	0010  00 00 05 00 18 00 00 00  05 50 33 33 4d 61 69 6e |.........P33Main|
	0020  00 00 00 00 d3 c7 30 00  00 00 80 03 11 66 39 10 |......0......f9.|
[31] +1.646922 ASYNC-IN-SUBMIT ep=0x81 len=0 type=BULK (in, awaiting data)
[32] +1.697661 ASYNC-OUT ep=0x01 len=16 type=BULK 
	0000  08 00 00 18 01 10 ef 03  00 03 00 08 20 10 00 00 |............ ...|
[33] +1.698069 ASYNC-OUT-DONE ep=0x01 len=0 status=0 actual=16
[34] +1.758518 ASYNC-IN-DONE ep=0x81 len=0 status=2 actual=0
[35] +1.758562 ASYNC-IN-SUBMIT ep=0x81 len=0 type=BULK (in, awaiting data)
[36] +1.787014 ASYNC-IN-DONE ep=0x81 len=16 status=0 actual=16
	0000  08 00 00 18 ef 03 01 10  00 03 00 08 09 02 00 00 |................|
[37] +1.787055 ASYNC-IN-SUBMIT ep=0x81 len=0 type=BULK (in, awaiting data)
[38] +1.899819 ASYNC-IN-DONE ep=0x81 len=0 status=2 actual=0
[39] +1.899895 ASYNC-IN-SUBMIT ep=0x81 len=0 type=BULK (in, awaiting data)
[40] +2.011802 ASYNC-IN-DONE ep=0x81 len=0 status=2 actual=0
[41] +2.011837 ASYNC-IN-SUBMIT ep=0x81 len=0 type=BULK (in, awaiting data)
[42] +2.120068 ASYNC-IN-DONE ep=0x81 len=0 status=2 actual=0
[43] +2.120106 ASYNC-IN-SUBMIT ep=0x81 len=0 type=BULK (in, awaiting data)
[44] +2.221531 ASYNC-IN-DONE ep=0x81 len=0 status=2 actual=0
[45] +2.221563 ASYNC-IN-SUBMIT ep=0x81 len=0 type=BULK (in, awaiting data)
[46] +2.331609 ASYNC-IN-DONE ep=0x81 len=0 status=2 actual=0
[47] +2.331674 ASYNC-IN-SUBMIT ep=0x81 len=0 type=BULK (in, awaiting data)
[48] +2.444523 ASYNC-IN-DONE ep=0x81 len=0 status=2 actual=0
[49] +2.444624 ASYNC-IN-SUBMIT ep=0x81 len=0 type=BULK (in, awaiting data)
[50] +2.556080 ASYNC-IN-DONE ep=0x81 len=0 status=2 actual=0
[51] +2.556184 ASYNC-IN-SUBMIT ep=0x81 len=0 type=BULK (in, awaiting data)
[52] +2.648120 ASYNC-OUT ep=0x01 len=16 type=BULK 
	0000  08 00 00 18 01 10 ef 03  00 04 00 02 20 10 00 00 |............ ...|
[53] +2.648382 ASYNC-OUT-DONE ep=0x01 len=0 status=0 actual=16
[54] +2.648771 ASYNC-IN-DONE ep=0x81 len=16 status=0 actual=16
	0000  08 00 00 18 ef 03 01 10  00 04 00 02 09 02 00 00 |................|
[55] +2.648824 ASYNC-IN-SUBMIT ep=0x81 len=0 type=BULK (in, awaiting data)
[56] +2.752884 ASYNC-IN-DONE ep=0x81 len=0 status=2 actual=0
[57] +2.752948 ASYNC-IN-SUBMIT ep=0x81 len=0 type=BULK (in, awaiting data)
[58] +2.854833 ASYNC-IN-DONE ep=0x81 len=0 status=2 actual=0
[59] +4.119273 RELEASE interface=0
[60] +4.123948 OPEN 0e41:4246 rc=0
[61] +4.124800 CLAIM interface=0 rc=0 (LIBUSB_SUCCESS / LIBUSB_TRANSFER_COMPLETED)
[62] +4.124835 RELEASE interface=0
[63] +4.125332 OPEN 0e41:4246 rc=0
[64] +4.125852 CLAIM interface=0 rc=0 (LIBUSB_SUCCESS / LIBUSB_TRANSFER_COMPLETED)
[65] +4.344433 ASYNC-IN-SUBMIT ep=0x81 len=0 type=BULK (in, awaiting data)
[66] +4.457176 ASYNC-IN-DONE ep=0x81 len=0 status=2 actual=0
[67] +4.457248 ASYNC-IN-SUBMIT ep=0x81 len=0 type=BULK (in, awaiting data)
[68] +4.570033 ASYNC-IN-DONE ep=0x81 len=0 status=2 actual=0
[69] +4.571732 ASYNC-IN-SUBMIT ep=0x81 len=0 type=BULK (in, awaiting data)
[70] +4.684530 ASYNC-IN-DONE ep=0x81 len=0 status=2 actual=0
[71] +4.684610 ASYNC-IN-SUBMIT ep=0x81 len=0 type=BULK (in, awaiting data)
[72] +4.794114 ASYNC-IN-DONE ep=0x81 len=0 status=2 actual=0
[73] +4.794192 ASYNC-IN-SUBMIT ep=0x81 len=0 type=BULK (in, awaiting data)
[74] +4.904683 ASYNC-IN-DONE ep=0x81 len=0 status=2 actual=0
[75] +4.904784 ASYNC-IN-SUBMIT ep=0x81 len=0 type=BULK (in, awaiting data)
[76] +5.017679 ASYNC-IN-DONE ep=0x81 len=0 status=2 actual=0
[77] +5.017769 ASYNC-IN-SUBMIT ep=0x81 len=0 type=BULK (in, awaiting data)
[78] +5.130611 ASYNC-IN-DONE ep=0x81 len=0 status=2 actual=0
[79] +5.130713 ASYNC-IN-SUBMIT ep=0x81 len=0 type=BULK (in, awaiting data)
[80] +5.232863 ASYNC-IN-DONE ep=0x81 len=0 status=2 actual=0
[81] +5.232972 ASYNC-IN-SUBMIT ep=0x81 len=0 type=BULK (in, awaiting data)
[82] +5.345790 ASYNC-IN-DONE ep=0x81 len=0 status=2 actual=0
[83] +5.345870 ASYNC-IN-SUBMIT ep=0x81 len=0 type=BULK (in, awaiting data)
[84] +5.389266 ASYNC-OUT ep=0x01 len=20 type=BULK 
	0000  0c 00 00 28 80 10 ed 03  00 00 00 02 00 01 00 21 |...(...........!|
	0010  00 10 00 00                                      |....|
[85] +5.389609 ASYNC-OUT-DONE ep=0x01 len=0 status=0 actual=20
[86] +5.390022 ASYNC-IN-DONE ep=0x81 len=20 status=0 actual=20
	0000  0c 00 00 28 ed 03 80 10  00 00 00 02 00 01 00 01 |...(............|
	0010  00 02 00 00                                      |....|
[87] +5.390075 ASYNC-IN-SUBMIT ep=0x81 len=0 type=BULK (in, awaiting data)
[88] +5.397414 ASYNC-OUT ep=0x01 len=28 type=BULK 
	0000  11 00 00 18 80 10 ed 03  00 02 00 04 00 10 00 00 |................|
	0010  01 00 06 00 01 00 00 00  06 00 00 00             |............|
[89] +5.397668 ASYNC-OUT-DONE ep=0x01 len=0 status=0 actual=28
[90] +5.399407 ASYNC-IN-DONE ep=0x81 len=28 status=0 actual=28
	0000  11 00 00 18 ed 03 80 10  00 02 00 04 09 02 00 00 |................|
	0010  00 00 06 00 01 00 00 00  06 50 33 33             |.........P33|
[91] +5.399504 ASYNC-IN-SUBMIT ep=0x81 len=0 type=BULK (in, awaiting data)
[92] +5.399572 ASYNC-OUT ep=0x01 len=20 type=BULK 
	0000  0c 00 00 28 02 10 f0 03  00 00 00 02 00 01 00 21 |...(...........!|
	0010  00 10 00 00                                      |....|
[93] +5.399794 ASYNC-OUT-DONE ep=0x01 len=0 status=0 actual=20
[94] +5.400245 ASYNC-IN-DONE ep=0x81 len=20 status=0 actual=20
	0000  0c 00 00 28 f0 03 02 10  00 00 00 02 00 01 00 01 |...(............|
	0010  00 02 00 00                                      |....|
[95] +5.400323 ASYNC-IN-SUBMIT ep=0x81 len=0 type=BULK (in, awaiting data)
[96] +5.449448 ASYNC-OUT ep=0x01 len=16 type=BULK 
	0000  08 00 00 18 80 10 ed 03  00 03 00 08 09 10 00 00 |................|
[97] +5.449586 ASYNC-OUT ep=0x01 len=28 type=BULK 
	0000  11 00 00 18 02 10 f0 03  00 02 00 04 00 10 00 00 |................|
	0010  01 00 04 00 01 00 00 00  04 00 00 00             |............|
[98] +5.449708 ASYNC-OUT-DONE ep=0x01 len=0 status=0 actual=16
[99] +5.449810 ASYNC-OUT-DONE ep=0x01 len=0 status=0 actual=28
[100] +5.450436 ASYNC-IN-DONE ep=0x81 len=28 status=0 actual=28
	0000  11 00 00 18 f0 03 02 10  00 02 00 04 09 02 00 00 |................|
	0010  00 00 04 00 01 00 00 00  04 50 33 33             |.........P33|
[101] +5.450522 ASYNC-IN-SUBMIT ep=0x81 len=0 type=BULK (in, awaiting data)
[102] +5.450585 ASYNC-OUT ep=0x01 len=20 type=BULK 
	0000  0c 00 00 28 01 10 ef 03  00 00 00 02 00 01 00 21 |...(...........!|
	0010  00 10 00 00                                      |....|
[103] +5.450799 ASYNC-OUT-DONE ep=0x01 len=0 status=0 actual=20
[104] +5.451222 ASYNC-IN-DONE ep=0x81 len=20 status=0 actual=20
	0000  0c 00 00 28 ef 03 01 10  00 00 00 02 00 01 00 01 |...(............|
	0010  00 02 00 00                                      |....|
[105] +5.451291 ASYNC-IN-SUBMIT ep=0x81 len=0 type=BULK (in, awaiting data)
[106] +5.463895 ASYNC-IN-DONE ep=0x81 len=40 status=0 actual=40
	0000  1d 00 00 18 f0 03 02 10  00 03 00 04 09 02 00 00 |................|
	0010  00 00 04 00 0d 00 00 00  82 69 16 6a 84 52 00 44 |.........i.j.R.D|
	0020  0a 79 1b 6a c0 c7 30 00                          |.y.j..0.|
[107] +5.463997 ASYNC-IN-SUBMIT ep=0x81 len=0 type=BULK (in, awaiting data)
[108] +5.500254 ASYNC-OUT ep=0x01 len=16 type=BULK 
	0000  08 00 00 18 02 10 f0 03  00 03 00 08 09 10 00 00 |................|
[109] +5.500356 ASYNC-OUT ep=0x01 len=28 type=BULK 
	0000  11 00 00 18 01 10 ef 03  00 02 00 04 00 10 00 00 |................|
	0010  01 00 02 00 01 00 00 00  02 00 00 00             |............|
[110] +5.500451 ASYNC-OUT-DONE ep=0x01 len=0 status=0 actual=16
[111] +5.500510 ASYNC-OUT-DONE ep=0x01 len=0 status=0 actual=28
[112] +5.501184 ASYNC-IN-DONE ep=0x81 len=28 status=0 actual=28
	0000  11 00 00 18 ef 03 01 10  00 02 00 04 09 02 00 00 |................|
	0010  00 00 05 00 01 00 00 00  02 69 16 6a             |.........i.j|
[113] +5.501224 ASYNC-IN-SUBMIT ep=0x81 len=0 type=BULK (in, awaiting data)
[114] +5.539148 ASYNC-IN-DONE ep=0x81 len=40 status=0 actual=40
	0000  1d 00 00 18 f0 03 02 10  00 04 00 04 09 02 00 00 |................|
	0010  00 00 04 00 0d 00 00 00  82 69 16 6a 84 52 00 44 |.........i.j.R.D|
	0020  0a 79 1b 6a c0 c7 30 00                          |.y.j..0.|
[115] +5.539228 ASYNC-IN-SUBMIT ep=0x81 len=0 type=BULK (in, awaiting data)
[116] +5.552305 ASYNC-OUT ep=0x01 len=16 type=BULK 
	0000  08 00 00 18 02 10 f0 03  00 04 00 08 33 10 00 00 |............3...|
[117] +5.552446 ASYNC-OUT ep=0x01 len=16 type=BULK 
	0000  08 00 00 18 01 10 ef 03  00 03 00 08 09 10 00 00 |................|
[118] +5.552554 ASYNC-OUT-DONE ep=0x01 len=0 status=0 actual=16
[119] +5.552626 ASYNC-OUT-DONE ep=0x01 len=0 status=0 actual=16
[120] +5.600243 ASYNC-IN-DONE ep=0x81 len=16 status=0 actual=16
	0000  08 00 00 18 ef 03 01 10  00 03 00 08 09 02 00 00 |................|
[121] +5.600297 ASYNC-IN-SUBMIT ep=0x81 len=0 type=BULK (in, awaiting data)
[122] +5.600439 ASYNC-IN-DONE ep=0x81 len=16 status=0 actual=16
	0000  08 00 00 18 ed 03 80 10  00 03 00 08 09 02 00 00 |................|
[123] +5.600460 ASYNC-IN-SUBMIT ep=0x81 len=0 type=BULK (in, awaiting data)
[124] +5.600581 ASYNC-IN-DONE ep=0x81 len=16 status=0 actual=16
	0000  08 00 00 18 f0 03 02 10  00 05 00 08 09 02 00 00 |................|
[125] +5.600600 ASYNC-IN-SUBMIT ep=0x81 len=0 type=BULK (in, awaiting data)
[126] +5.604328 ASYNC-OUT ep=0x01 len=36 type=BULK 
	0000  19 00 00 18 80 10 ed 03  00 04 00 04 09 10 00 00 |................|
	0010  01 00 06 00 09 00 00 00  83 66 cd 03 e8 64 4c 65 |.........f...dLe|
	0020  80 00 00 00                                      |....|
[127] +5.604609 ASYNC-OUT-DONE ep=0x01 len=0 status=0 actual=36
[128] +5.605669 ASYNC-IN-DONE ep=0x81 len=92 status=0 actual=92
	0000  54 00 00 18 ed 03 80 10  00 04 00 04 1a 02 00 00 |T...............|
	0010  00 00 06 00 44 00 00 00  83 66 cd 03 e8 67 00 68 |....D....f...g.h|
	0020  82 3f c2 37 9b ca 42 dc  00 00 ca 3f 34 fd f4 ca |.?.7..B....?4...|
	0030  00 00 00 00 ca 44 fa 00  00 ca 3f 34 fd f4 ca 00 |.....D....?4....|
	0040  00 00 00 ca 45 fa 00 00  ca 3f 34 fd f4 ca 00 00 |....E....?4.....|
	0050  00 00 ca 41 9f 33 33 ca  46 9d 08 00             |...A.33.F...|
[129] +5.605766 ASYNC-IN-SUBMIT ep=0x81 len=0 type=BULK (in, awaiting data)
[130] +5.615372 ASYNC-IN-DONE ep=0x81 len=40 status=0 actual=40
	0000  1d 00 00 18 f0 03 02 10  00 06 00 04 09 02 00 00 |................|
	0010  00 00 04 00 0d 00 00 00  82 69 16 6a 84 52 00 44 |.........i.j.R.D|
	0020  0a 79 1b 6a c0 ca 42 dc                          |.y.j..B.|
[131] +5.615417 ASYNC-IN-SUBMIT ep=0x81 len=0 type=BULK (in, awaiting data)
[132] +5.656409 ASYNC-OUT ep=0x01 len=36 type=BULK 
	0000  1c 00 00 18 80 10 ed 03  00 05 00 0c 55 10 00 00 |............U...|
	0010  01 00 06 00 0c 00 00 00  83 66 cd 03 e9 64 18 65 |.........f...d.e|
	0020  81 76 cc 80                                      |.v..|
[133] +5.656578 ASYNC-OUT ep=0x01 len=16 type=BULK 
	0000  08 00 00 18 02 10 f0 03  00 05 00 08 48 10 00 00 |............H...|
[134] +5.656685 ASYNC-OUT-DONE ep=0x01 len=0 status=0 actual=36
[135] +5.656728 ASYNC-OUT-DONE ep=0x01 len=0 status=0 actual=16
[136] +5.657771 ASYNC-IN-DONE ep=0x81 len=40 status=0 actual=40
	0000  1f 00 00 18 ed 03 80 10  00 05 00 04 2e 02 00 00 |................|
	0010  00 00 06 00 0f 00 00 00  83 66 cd 03 e9 67 00 68 |.........f...g.h|
	0020  82 76 cd 00 80 77 00 dc                          |.v...w..|
[137] +5.657831 ASYNC-IN-SUBMIT ep=0x81 len=0 type=BULK (in, awaiting data)
[138] +5.689174 ASYNC-IN-DONE ep=0x81 len=40 status=0 actual=40
	0000  1d 00 00 18 f0 03 02 10  00 07 00 04 09 02 00 00 |................|
	0010  00 00 04 00 0d 00 00 00  82 69 16 6a 84 52 00 44 |.........i.j.R.D|
	0020  0a 79 1b 6a c0 77 00 dc                          |.y.j.w..|
[139] +5.689344 ASYNC-IN-SUBMIT ep=0x81 len=0 type=BULK (in, awaiting data)
[140] +5.707438 ASYNC-OUT ep=0x01 len=36 type=BULK 
	0000  19 00 00 18 80 10 ed 03  00 06 00 0c 6c 10 00 00 |............l...|
	0010  01 00 06 00 09 00 00 00  83 66 cd 03 ea 64 17 65 |.........f...d.e|
	0020  c0 00 00 00                                      |....|
[141] +5.707643 ASYNC-OUT ep=0x01 len=16 type=BULK 
	0000  08 00 00 18 02 10 f0 03  00 06 00 08 5d 10 00 00 |............]...|
[142] +5.707775 ASYNC-OUT-DONE ep=0x01 len=0 status=0 actual=36
[143] +5.707844 ASYNC-OUT-DONE ep=0x01 len=0 status=0 actual=16
[144] +5.708801 ASYNC-IN-DONE ep=0x81 len=64 status=0 actual=64
	0000  38 00 00 18 ed 03 80 10  00 06 00 04 3f 02 00 00 |8...........?...|
	0010  00 00 06 00 28 00 00 00  83 66 cd 03 ea 67 00 68 |....(....f...g.h|
	0020  86 6b cd 00 00 6c cd 00  42 6d ab 44 49 52 3a 52 |.k...l..Bm.DIR:R|
	0030  65 6c 69 65 66 00 75 c2  53 92 cd 1f 08 00 5c 00 |elief.u.S.....\.|
[145] +5.708909 ASYNC-IN-SUBMIT ep=0x81 len=0 type=BULK (in, awaiting data)
[146] +5.759535 ASYNC-OUT ep=0x01 len=36 type=BULK 
	0000  19 00 00 18 80 10 ed 03  00 07 00 0c 9c 10 00 00 |................|
	0010  01 00 06 00 09 00 00 00  83 66 cd 03 eb 64 16 65 |.........f...d.e|
	0020  c0 00 00 00                                      |....|
[147] +5.759867 ASYNC-OUT-DONE ep=0x01 len=0 status=0 actual=36
[148] +5.776993 ASYNC-IN-DONE ep=0x81 len=272 status=0 actual=272
	0000  08 01 00 18 ed 03 80 10  00 07 00 04 50 02 00 00 |............P...|
	0010  00 00 a8 28 b3 0a 00 00  83 66 cd 03 eb 67 00 68 |...(.....f...g.h|
	0020  da 0a a8 a9 6c 36 2d 68  65 6c 69 78 00 da 00 30 |....l6-helix...0|
	0030  3d 00 00 00 60 00 00 00  1c 03 00 00 1e 03 00 00 |=...`...........|
	0040  ca 03 00 00 d6 03 00 00  c6 04 00 00 f3 04 00 00 |................|
	0050  3e 00 00 00 f9 04 00 00  a8 0a 00 00 a8 0a 00 00 |>...............|
	0060  89 07 83 24 a4 50 33 33  00 23 ce 03 80 00 00 25 |...$.P33.#.....%|
	0070  b2 76 33 2e 37 31 2d 33  32 2d 67 31 30 33 39 36 |.v3.71-32-g10396|
	0080  36 31 00 00 82 15 01 16  dc 00 14 82 13 00 14 82 |61..............|
	0090  05 01 07 83 02 03 03 03  04 93 c2 ca c2 40 00 00 |.............@..|
	00a0  ca 3f 00 00 00 82 13 06  14 85 18 83 17 c3 19 27 |.?.............'|
	00b0  1a 37 09 12 0a c3 0b 83  02 0c 03 0c 04 9c ca 3e |.7.............>|
	00c0  cc cc cc ca 3f 19 99 9a  ca 3f 2e 14 7c ca 3f 00 |....?....?..|.?.|
	00d0  00 00 ca 00 00 00 00 ca  3f 66 66 66 ca 3f 80 00 |........?fff.?..|
	00e0  00 ca 3f 00 00 00 ca 00  00 00 00 ca 00 00 00 00 |..?.............|
	00f0  ca 3f 26 66 66 ca 3f 00  00 00 0c 83 02 06 03 05 |.?&ff.?.........|
	0100  04 96 ca 40 40 00 00 ca  42 a0 00 00 ca 45 fa 00 |...@@...B....E..|
[149] +5.777397 ASYNC-IN-SUBMIT ep=0x81 len=0 type=BULK (in, awaiting data)
[150] +5.777457 ASYNC-OUT ep=0x01 len=16 type=BULK 
	0000  08 00 00 18 80 10 ed 03  00 08 00 08 9c 11 00 00 |................|
[151] +5.777573 ASYNC-IN-DONE ep=0x81 len=272 status=0 actual=272
	0000  08 01 00 18 ed 03 80 10  00 08 00 04 50 02 00 00 |............P...|
	0010  00 ca 00 00 00 00 ca 00  00 00 00 08 82 13 08 14 |................|
	0020  c0 82 13 08 14 c0 82 13  08 14 c0 82 13 08 14 c0 |................|
	0030  82 13 06 14 85 18 83 17  c2 19 cc f6 1a ff 09 08 |................|
	0040  0a c3 0b 83 02 07 03 06  04 97 ca 3f 38 51 ec ca |...........?8Q..|
	0050  3c 75 c2 80 ca 43 02 00  00 ca 46 5a c0 00 ca 3e |<u...C....FZ...>|
	0060  d1 eb 84 ca 00 00 00 00  c3 0c 83 02 00 03 00 04 |................|
	0070  90 82 13 08 14 c0 82 13  08 14 c0 82 13 01 14 82 |................|
	0080  06 01 07 83 02 02 03 02  04 92 ca 3f 00 00 00 ca |...........?....|
	0090  40 40 00 00 82 13 02 14  83 0e 82 05 00 07 83 02 |@@..............|
	00a0  00 03 00 04 90 0f 84 08  cd 01 01 0d 02 0a c3 07 |................|
	00b0  83 02 03 03 03 04 93 ca  3f 00 00 00 ca 3f 00 00 |........?....?..|
	00c0  00 c2 12 c3 82 13 08 14  c0 82 13 06 14 85 18 83 |................|
	00d0  17 c2 19 58 1a ff 09 08  0a c3 0b 83 02 0e 03 0d |...X............|
	00e0  04 9e ca 3f 09 ba 5e ca  3e 4c cc d0 ca 41 9f 33 |...?..^.>L...A.3|
	00f0  33 ca 46 9d 08 00 ca 3f  00 00 00 ca 00 00 00 00 |3.F....?........|
	0100  ca 3f 40 00 00 00 ca 3c  b4 39 40 ca 3e fa e1 48 |.?@....<.9@.>..H|
[152] +5.777942 ASYNC-IN-SUBMIT ep=0x81 len=0 type=BULK (in, awaiting data)
[153] +5.777983 ASYNC-OUT ep=0x01 len=16 type=BULK 
	0000  08 00 00 18 80 10 ed 03  00 09 00 08 9c 12 00 00 |................|
[154] +5.778087 ASYNC-OUT-DONE ep=0x01 len=0 status=0 actual=16
[155] +5.778123 ASYNC-IN-DONE ep=0x81 len=272 status=0 actual=272
	0000  08 01 00 18 ed 03 80 10  00 09 00 04 50 02 00 00 |............P...|
	0010  ca 3f 80 00 00 c3 06 c3  0c 83 02 00 03 00 04 90 |.?..............|
	0020  82 13 06 14 85 18 83 17  c2 19 cc f4 1a ff 09 08 |................|
	0030  0a c3 0b 83 02 07 03 06  04 97 ca 3f 42 8f 5c ca |...........?B.\.|
	0040  3e e1 47 b0 ca 43 66 00  00 ca 46 7d 20 00 ca 3f |>.G..Cf...F} ..?|
	0050  00 00 00 ca 00 00 00 00  c3 0c 83 02 00 03 00 04 |................|
	0060  90 82 13 06 14 85 18 83  17 c2 19 cc f5 1a ff 09 |................|
	0070  08 0a c3 0b 83 02 05 03  04 04 95 ca 3e 8f 5c 28 |............>.\(|
	0080  00 ca 3f 4c cc cc ca 3f  80 00 00 c3 0c 83 02 00 |..?L...?........|
	0090  03 00 04 90 82 13 06 14  85 18 83 17 c2 19 cc 87 |................|
	00a0  1a ff 09 01 0a c3 0b 83  02 0c 03 0c 04 9c ca 42 |...............B|
	00b0  dc 00 00 ca 3f 34 fd f4  ca 00 00 00 00 ca 44 50 |....?4........DP|
	00c0  c0 00 ca 3f 34 fd f4 ca  c0 a3 33 33 ca 45 fa 00 |...?4.....33.E..|
	00d0  00 ca 3f 34 fd f4 ca 00  00 00 00 ca 42 98 00 00 |..?4........B...|
	00e0  ca 46 56 10 00 ca 00 00  00 00 0c 83 02 00 03 00 |.FV.............|
	00f0  04 90 82 13 08 14 c0 82  13 08 14 c0 82 13 08 14 |................|
	0100  c0 82 13 03 14 83 10 82  06 00 07 83 02 00 03 00 |................|
[156] +5.778460 ASYNC-IN-SUBMIT ep=0x81 len=0 type=BULK (in, awaiting data)
[157] +5.778494 ASYNC-OUT ep=0x01 len=16 type=BULK 
	0000  08 00 00 18 80 10 ed 03  00 0a 00 08 9c 13 00 00 |................|
[158] +5.778581 ASYNC-OUT-DONE ep=0x01 len=0 status=0 actual=16
[159] +5.778612 ASYNC-IN-DONE ep=0x81 len=272 status=0 actual=272
	0000  08 01 00 18 ed 03 80 10  00 0a 00 04 50 02 00 00 |............P...|
	0010  04 90 11 84 08 cc 97 0d  07 0a c3 07 83 02 06 03 |................|
	0020  06 04 96 ca 00 00 00 00  ca 3f 00 00 00 ca 00 00 |.........?......|
	0030  00 00 ca 3f 00 00 00 c2  ca 00 00 00 00 12 c3 01 |...?............|
	0040  c0 03 82 07 02 08 95 93  87 0a 00 0b 85 00 01 05 |................|
	0050  b0 4d 6f 64 2f 43 68 6f  72 75 73 20 45 63 68 6f |.Mod/Chorus Echo|
	0060  00 06 ce 00 06 ff 00 07  c3 08 0c 0c c2 0e a1 00 |................|
	0070  0d c2 10 00 0f c2 87 0a  01 0b 85 00 01 05 a5 4f |...............O|
	0080  63 74 6f 00 06 ce 00 ff  2d 00 07 c3 08 0d 0c c2 |cto.....-.......|
	0090  0e a1 00 0d c2 10 00 0f  c2 87 0a 02 0b 85 00 01 |................|
	00a0  05 ae 50 61 72 74 69 63  6c 65 20 56 65 72 62 00 |..Particle Verb.|
	00b0  06 ce 00 ff 2d 00 07 c3  08 0e 0c c2 0e a1 00 0d |....-...........|
	00c0  c2 10 00 0f c2 91 87 0a  00 0b 85 00 01 05 a6 50 |...............P|
	00d0  6c 61 74 65 00 06 ce 00  ff 2d 00 07 c3 08 06 0c |late.....-......|
	00e0  c2 0e a1 00 0d c2 10 00  0f c2 c0 c0 c0 04 9a c0 |................|
	00f0  c0 c0 c0 c0 c0 c0 c0 c0  c0 02 82 00 9d d1 00 00 |................|
	0100  d1 00 00 d1 00 00 d1 00  00 d1 00 00 d1 00 00 d1 |................|
[160] +5.778958 ASYNC-IN-SUBMIT ep=0x81 len=0 type=BULK (in, awaiting data)
[161] +5.778991 ASYNC-OUT ep=0x01 len=16 type=BULK 
	0000  08 00 00 18 80 10 ed 03  00 0b 00 08 9c 14 00 00 |................|
[162] +5.779070 ASYNC-OUT-DONE ep=0x01 len=0 status=0 actual=16
[163] +5.779099 ASYNC-IN-DONE ep=0x81 len=272 status=0 actual=272
	0000  08 01 00 18 ed 03 80 10  00 0b 00 04 50 02 00 00 |............P...|
	0010  00 00 d1 00 00 d1 00 00  d1 00 00 d1 00 00 d1 00 |................|
	0020  00 d1 00 00 01 9d 97 cc  00 cc 00 cc 00 cc 00 cc |................|
	0030  00 cc 00 cc 00 97 cc 00  cc 00 cc 00 cc 00 cc 00 |................|
	0040  cc 00 cc 00 97 cc 00 cc  00 cc 00 cc 00 cc 00 cc |................|
	0050  00 cc 00 97 cc 00 cc 00  cc 00 cc 00 cc 00 cc 00 |................|
	0060  cc 00 97 cc 00 cc 00 cc  00 cc 00 cc 00 cc 00 cc |................|
	0070  00 97 cc 00 cc 00 cc 00  cc 00 cc 00 cc 00 cc 00 |................|
	0080  97 cc 00 cc 00 cc 00 cc  00 cc 00 cc 00 cc 00 97 |................|
	0090  cc 00 cc 00 cc 00 cc 00  cc 00 cc 00 cc 00 97 cc |................|
	00a0  00 cc 00 cc 00 cc 00 cc  00 cc 00 cc 00 97 cc 00 |................|
	00b0  cc 00 cc 00 cc 00 cc 00  cc 00 cc 00 97 cc 00 cc |................|
	00c0  00 cc 00 cc 00 cc 00 cc  00 cc 00 97 cc 00 cc 00 |................|
	00d0  cc 00 cc 00 cc 00 cc 00  cc 00 97 cc 00 cc 00 cc |................|
	00e0  00 cc 00 cc 00 cc 00 cc  00 05 8f 10 ca 42 f0 00 |.............B..|
	00f0  00 2d 00 2e ca bd cc cc  d0 2f ca bd cc cc d0 30 |.-......./.....0|
	0100  00 31 c3 32 00 33 00 34  00 35 00 36 00 37 00 38 |.1.2.3.4.5.6.7.8|
[164] +5.779429 ASYNC-IN-SUBMIT ep=0x81 len=0 type=BULK (in, awaiting data)
[165] +5.779461 ASYNC-OUT ep=0x01 len=16 type=BULK 
	0000  08 00 00 18 80 10 ed 03  00 0c 00 08 9c 15 00 00 |................|
[166] +5.779538 ASYNC-OUT-DONE ep=0x01 len=0 status=0 actual=16
[167] +5.779567 ASYNC-IN-DONE ep=0x81 len=272 status=0 actual=272
	0000  08 01 00 18 ed 03 80 10  00 0c 00 04 50 02 00 00 |............P...|
	0010  c2 1e 00 cc 86 00 06 82  62 01 1a 00 0a 86 06 00 |........b.......|
	0020  07 00 08 00 09 14 0a 93  88 00 c3 01 9b 93 0d c2 |................|
	0030  97 00 00 00 00 00 00 00  93 0d c2 97 00 00 00 00 |................|
	0040  00 00 00 93 0d c2 97 00  00 00 00 00 00 00 93 0d |................|
	0050  c2 97 00 00 00 00 00 00  00 93 0d c2 97 00 00 00 |................|
	0060  00 00 00 00 93 0d c2 97  00 00 00 00 00 00 00 93 |................|
	0070  0d c2 97 00 00 00 00 00  00 00 93 0d c2 97 00 00 |................|
	0080  00 00 00 00 00 93 0d c2  97 00 00 00 00 00 00 00 |................|
	0090  93 0d c2 97 00 00 00 00  00 00 00 93 0d c2 97 00 |................|
	00a0  00 00 00 00 00 00 02 dc  00 40 93 c2 40 c0 93 c2 |.........@..@...|
	00b0  40 c0 93 c2 40 c0 93 c2  40 c0 93 c2 40 c0 93 c2 |@...@...@...@...|
	00c0  40 c0 93 c2 40 c0 93 c2  40 c0 93 c2 40 c0 93 c2 |@...@...@...@...|
	00d0  40 c0 93 c2 40 c0 93 c2  40 c0 93 c2 40 c0 93 c2 |@...@...@...@...|
	00e0  40 c0 93 c2 40 c0 93 c2  40 c0 93 c2 40 c0 93 c2 |@...@...@...@...|
	00f0  40 c0 93 c2 40 c0 93 c2  40 c0 93 c2 40 c0 93 c2 |@...@...@...@...|
	0100  40 c0 93 c2 40 c0 93 c2  40 c0 93 c2 40 c0 93 c2 |@...@...@...@...|
[168] +5.779913 ASYNC-IN-SUBMIT ep=0x81 len=0 type=BULK (in, awaiting data)
[169] +5.779951 ASYNC-OUT ep=0x01 len=16 type=BULK 
	0000  08 00 00 18 80 10 ed 03  00 0d 00 08 9c 16 00 00 |................|
[170] +5.780023 ASYNC-OUT-DONE ep=0x01 len=0 status=0 actual=16
[171] +5.780139 ASYNC-OUT-DONE ep=0x01 len=0 status=0 actual=16
[172] +5.780221 ASYNC-IN-DONE ep=0x81 len=272 status=0 actual=272
	0000  08 01 00 18 ed 03 80 10  00 0d 00 04 50 02 00 00 |............P...|
	0010  40 c0 93 c2 40 c0 93 c2  40 c0 93 c2 40 c0 93 c2 |@...@...@...@...|
	0020  40 c0 93 c2 40 c0 93 c2  40 c0 93 c2 40 c0 93 c2 |@...@...@...@...|
	0030  40 c0 93 c2 40 c0 93 c2  40 c0 93 c2 40 c0 93 c2 |@...@...@...@...|
	0040  40 c0 93 c2 40 c0 93 c2  40 c0 93 c2 40 c0 93 c2 |@...@...@...@...|
	0050  40 c0 93 c2 40 c0 93 c2  40 c0 93 c2 40 c0 93 c2 |@...@...@...@...|
	0060  40 c0 93 c2 40 c0 93 c2  40 c0 93 c2 40 c0 93 c2 |@...@...@...@...|
	0070  40 c0 93 c2 40 c0 93 c2  40 c0 93 c2 40 c0 93 c2 |@...@...@...@...|
	0080  40 c0 93 c2 40 c0 93 c2  40 c0 93 c2 40 c0 93 c2 |@...@...@...@...|
	0090  40 c0 93 c2 40 c0 93 c2  40 c0 93 c2 40 c0 93 c2 |@...@...@...@...|
	00a0  40 c0 93 c2 40 c0 93 c2  40 c0 03 dc 00 14 92 c2 |@...@...@.......|
	00b0  c2 92 c2 c3 92 c2 c3 92  c2 c3 92 c2 c3 92 c2 c3 |................|
	00c0  92 c2 c3 92 c2 c3 92 c2  c3 92 c2 c2 92 c2 c3 92 |................|
	00d0  c2 c3 92 c2 c3 92 c2 c3  92 c2 c3 92 c2 c3 92 c2 |................|
	00e0  c3 92 c2 c3 92 c2 c3 92  c2 c2 04 ab 53 4e 41 50 |............SNAP|
	00f0  53 48 4f 54 20 31 00 0e  c2 05 ca 42 f0 00 00 0c |SHOT 1.....B....|
	0100  00 88 00 c3 01 9b 93 0d  c2 97 00 00 00 00 00 00 |................|
[173] +5.780544 ASYNC-IN-SUBMIT ep=0x81 len=0 type=BULK (in, awaiting data)
[174] +5.780577 ASYNC-OUT ep=0x01 len=16 type=BULK 
	0000  08 00 00 18 80 10 ed 03  00 0e 00 08 9c 17 00 00 |................|
[175] +5.780752 ASYNC-OUT-DONE ep=0x01 len=0 status=0 actual=16
[176] +5.780840 ASYNC-IN-DONE ep=0x81 len=272 status=0 actual=272
	0000  08 01 00 18 ed 03 80 10  00 0e 00 04 50 02 00 00 |............P...|
	0010  00 93 0d c2 97 00 00 00  00 00 00 00 93 0d c2 97 |................|
	0020  00 00 00 00 00 00 00 93  0d c2 97 00 00 00 00 00 |................|
	0030  00 00 93 0d c2 97 00 00  00 00 00 00 00 93 0d c2 |................|
	0040  97 00 00 00 00 00 00 00  93 0d c2 97 00 00 00 00 |................|
	0050  00 00 00 93 0d c2 97 00  00 00 00 00 00 00 93 0d |................|
	0060  c2 97 00 00 00 00 00 00  00 93 0d c2 97 00 00 00 |................|
	0070  00 00 00 00 93 0d c2 97  00 00 00 00 00 00 00 02 |................|
	0080  dc 00 40 93 c2 40 c0 93  c2 40 c0 93 c2 40 c0 93 |..@..@...@...@..|
	0090  c2 40 c0 93 c2 40 c0 93  c2 40 c0 93 c2 40 c0 93 |.@...@...@...@..|
	00a0  c2 40 c0 93 c2 40 c0 93  c2 40 c0 93 c2 40 c0 93 |.@...@...@...@..|
	00b0  c2 40 c0 93 c2 40 c0 93  c2 40 c0 93 c2 40 c0 93 |.@...@...@...@..|
	00c0  c2 40 c0 93 c2 40 c0 93  c2 40 c0 93 c2 40 c0 93 |.@...@...@...@..|
	00d0  c2 40 c0 93 c2 40 c0 93  c2 40 c0 93 c2 40 c0 93 |.@...@...@...@..|
	00e0  c2 40 c0 93 c2 40 c0 93  c2 40 c0 93 c2 40 c0 93 |.@...@...@...@..|
	00f0  c2 40 c0 93 c2 40 c0 93  c2 40 c0 93 c2 40 c0 93 |.@...@...@...@..|
	0100  c2 40 c0 93 c2 40 c0 93  c2 40 c0 93 c2 40 c0 93 |.@...@...@...@..|
[177] +5.781172 ASYNC-IN-SUBMIT ep=0x81 len=0 type=BULK (in, awaiting data)
[178] +5.781209 ASYNC-OUT ep=0x01 len=16 type=BULK 
	0000  08 00 00 18 80 10 ed 03  00 0f 00 08 9c 18 00 00 |................|
[179] +5.781354 ASYNC-IN-DONE ep=0x81 len=272 status=0 actual=272
	0000  08 01 00 18 ed 03 80 10  00 0f 00 04 50 02 00 00 |............P...|
	0010  c2 40 c0 93 c2 40 c0 93  c2 40 c0 93 c2 40 c0 93 |.@...@...@...@..|
	0020  c2 40 c0 93 c2 40 c0 93  c2 40 c0 93 c2 40 c0 93 |.@...@...@...@..|
	0030  c2 40 c0 93 c2 40 c0 93  c2 40 c0 93 c2 40 c0 93 |.@...@...@...@..|
	0040  c2 40 c0 93 c2 40 c0 93  c2 40 c0 93 c2 40 c0 93 |.@...@...@...@..|
	0050  c2 40 c0 93 c2 40 c0 93  c2 40 c0 93 c2 40 c0 93 |.@...@...@...@..|
	0060  c2 40 c0 93 c2 40 c0 93  c2 40 c0 93 c2 40 c0 93 |.@...@...@...@..|
	0070  c2 40 c0 93 c2 40 c0 93  c2 40 c0 93 c2 40 c0 93 |.@...@...@...@..|
	0080  c2 40 c0 03 dc 00 14 92  c2 c2 92 c2 c3 92 c2 c3 |.@..............|
	0090  92 c2 c3 92 c2 c3 92 c2  c3 92 c2 c3 92 c2 c3 92 |................|
	00a0  c2 c3 92 c2 c2 92 c2 c3  92 c2 c3 92 c2 c3 92 c2 |................|
	00b0  c3 92 c2 c3 92 c2 c3 92  c2 c3 92 c2 c3 92 c2 c3 |................|
	00c0  92 c2 c2 04 ab 53 4e 41  50 53 48 4f 54 20 32 00 |.....SNAPSHOT 2.|
	00d0  0e c2 05 ca 42 f0 00 00  0c 00 88 00 c3 01 9b 93 |....B...........|
	00e0  0d c2 97 00 00 00 00 00  00 00 93 0d c2 97 00 00 |................|
	00f0  00 00 00 00 00 93 0d c2  97 00 00 00 00 00 00 00 |................|
	0100  93 0d c2 97 00 00 00 00  00 00 00 93 0d c2 97 00 |................|
[180] +5.781703 ASYNC-IN-SUBMIT ep=0x81 len=0 type=BULK (in, awaiting data)
[181] +5.781737 ASYNC-OUT ep=0x01 len=16 type=BULK 
	0000  08 00 00 18 80 10 ed 03  00 10 00 08 9c 19 00 00 |................|
[182] +5.781809 ASYNC-OUT-DONE ep=0x01 len=0 status=0 actual=16
[183] +5.781929 ASYNC-OUT-DONE ep=0x01 len=0 status=0 actual=16
[184] +5.782037 ASYNC-IN-DONE ep=0x81 len=272 status=0 actual=272
	0000  08 01 00 18 ed 03 80 10  00 10 00 04 50 02 00 00 |............P...|
	0010  00 00 00 00 00 00 93 0d  c2 97 00 00 00 00 00 00 |................|
	0020  00 93 0d c2 97 00 00 00  00 00 00 00 93 0d c2 97 |................|
	0030  00 00 00 00 00 00 00 93  0d c2 97 00 00 00 00 00 |................|
	0040  00 00 93 0d c2 97 00 00  00 00 00 00 00 93 0d c2 |................|
	0050  97 00 00 00 00 00 00 00  02 dc 00 40 93 c2 40 c0 |...........@..@.|
	0060  93 c2 40 c0 93 c2 40 c0  93 c2 40 c0 93 c2 40 c0 |..@...@...@...@.|
	0070  93 c2 40 c0 93 c2 40 c0  93 c2 40 c0 93 c2 40 c0 |..@...@...@...@.|
	0080  93 c2 40 c0 93 c2 40 c0  93 c2 40 c0 93 c2 40 c0 |..@...@...@...@.|
	0090  93 c2 40 c0 93 c2 40 c0  93 c2 40 c0 93 c2 40 c0 |..@...@...@...@.|
	00a0  93 c2 40 c0 93 c2 40 c0  93 c2 40 c0 93 c2 40 c0 |..@...@...@...@.|
	00b0  93 c2 40 c0 93 c2 40 c0  93 c2 40 c0 93 c2 40 c0 |..@...@...@...@.|
	00c0  93 c2 40 c0 93 c2 40 c0  93 c2 40 c0 93 c2 40 c0 |..@...@...@...@.|
	00d0  93 c2 40 c0 93 c2 40 c0  93 c2 40 c0 93 c2 40 c0 |..@...@...@...@.|
	00e0  93 c2 40 c0 93 c2 40 c0  93 c2 40 c0 93 c2 40 c0 |..@...@...@...@.|
	00f0  93 c2 40 c0 93 c2 40 c0  93 c2 40 c0 93 c2 40 c0 |..@...@...@...@.|
	0100  93 c2 40 c0 93 c2 40 c0  93 c2 40 c0 93 c2 40 c0 |..@...@...@...@.|
[185] +5.782364 ASYNC-IN-SUBMIT ep=0x81 len=0 type=BULK (in, awaiting data)
[186] +5.782395 ASYNC-OUT ep=0x01 len=16 type=BULK 
	0000  08 00 00 18 80 10 ed 03  00 11 00 08 9c 1a 00 00 |................|
[187] +5.782518 ASYNC-IN-DONE ep=0x81 len=204 status=0 actual=204
	0000  c3 00 00 18 ed 03 80 10  00 11 00 04 50 02 00 00 |............P...|
	0010  93 c2 40 c0 93 c2 40 c0  93 c2 40 c0 93 c2 40 c0 |..@...@...@...@.|
	0020  93 c2 40 c0 93 c2 40 c0  93 c2 40 c0 93 c2 40 c0 |..@...@...@...@.|
	0030  93 c2 40 c0 93 c2 40 c0  93 c2 40 c0 93 c2 40 c0 |..@...@...@...@.|
	0040  93 c2 40 c0 93 c2 40 c0  93 c2 40 c0 93 c2 40 c0 |..@...@...@...@.|
	0050  93 c2 40 c0 93 c2 40 c0  93 c2 40 c0 03 dc 00 14 |..@...@...@.....|
	0060  92 c2 c2 92 c2 c3 92 c2  c3 92 c2 c3 92 c2 c3 92 |................|
	0070  c2 c3 92 c2 c3 92 c2 c3  92 c2 c3 92 c2 c2 92 c2 |................|
	0080  c3 92 c2 c3 92 c2 c3 92  c2 c3 92 c2 c3 92 c2 c3 |................|
	0090  92 c2 c3 92 c2 c3 92 c2  c3 92 c2 c2 04 ab 53 4e |..............SN|
	00a0  41 50 53 48 4f 54 20 33  00 0e c2 05 ca 42 f0 00 |APSHOT 3.....B..|
	00b0  00 0c 00 0d dc 00 14 c3  c3 c3 c3 c3 c3 c3 c3 c3 |................|
	00c0  c3 c3 c3 c3 c3 c3 c3 c3  c3 c3 c3 c0             |............|
[188] +5.782770 ASYNC-IN-SUBMIT ep=0x81 len=0 type=BULK (in, awaiting data)
[189] +5.782827 ASYNC-OUT-DONE ep=0x01 len=0 status=0 actual=16
[190] +5.783414 ASYNC-IN-DONE ep=0x81 len=40 status=0 actual=40
	0000  1d 00 00 18 f0 03 02 10  00 08 00 04 09 02 00 00 |................|
	0010  00 00 04 00 0d 00 00 00  82 69 16 6a 84 52 00 44 |.........i.j.R.D|
	0020  0a 79 1b 6a c0 c2 40 c0                          |.y.j..@.|
[191] +5.783497 ASYNC-IN-SUBMIT ep=0x81 len=0 type=BULK (in, awaiting data)
[192] +5.801323 ASYNC-IN-DONE ep=0x81 len=16 status=0 actual=16
	0000  08 00 00 18 ed 03 80 10  00 12 00 08 50 02 00 00 |............P...|
[193] +5.801382 ASYNC-IN-SUBMIT ep=0x81 len=0 type=BULK (in, awaiting data)
[194] +5.811578 ASYNC-OUT ep=0x01 len=36 type=BULK 
	0000  1b 00 00 18 80 10 ed 03  00 12 00 0c 57 1b 00 00 |............W...|
	0010  01 00 06 00 0b 00 00 00  83 66 cd 03 ec 64 18 65 |.........f...d.e|
	0020  81 76 0e 00                                      |.v..|
[195] +5.811718 ASYNC-OUT ep=0x01 len=16 type=BULK 
	0000  08 00 00 18 02 10 f0 03  00 07 00 08 72 10 00 00 |............r...|
[196] +5.811855 ASYNC-OUT-DONE ep=0x01 len=0 status=0 actual=36
[197] +5.811895 ASYNC-OUT-DONE ep=0x01 len=0 status=0 actual=16
[198] +5.814724 ASYNC-IN-DONE ep=0x81 len=40 status=0 actual=40
	0000  1f 00 00 18 ed 03 80 10  00 13 00 04 63 02 00 00 |............c...|
	0010  00 00 06 00 0f 00 00 00  83 66 cd 03 ec 67 00 68 |.........f...g.h|
	0020  82 76 cd 00 0e 77 00 c0                          |.v...w..|
[199] +5.814814 ASYNC-IN-SUBMIT ep=0x81 len=0 type=BULK (in, awaiting data)
[200] +5.839096 ASYNC-IN-DONE ep=0x81 len=40 status=0 actual=40
	0000  1d 00 00 18 f0 03 02 10  00 09 00 04 09 02 00 00 |................|
	0010  00 00 04 00 0d 00 00 00  82 69 16 6a 84 52 00 44 |.........i.j.R.D|
	0020  0a 79 1b 6a c0 77 00 c0                          |.y.j.w..|
[201] +5.839211 ASYNC-IN-SUBMIT ep=0x81 len=0 type=BULK (in, awaiting data)
[202] +5.863615 ASYNC-OUT ep=0x01 len=36 type=BULK 
	0000  1b 00 00 18 80 10 ed 03  00 13 00 0c 6e 1b 00 00 |............n...|
	0010  01 00 06 00 0b 00 00 00  83 66 cd 03 ed 64 18 65 |.........f...d.e|
	0020  81 76 49 00                                      |.vI.|
[203] +5.863771 ASYNC-OUT ep=0x01 len=16 type=BULK 
	0000  08 00 00 18 02 10 f0 03  00 08 00 08 87 10 00 00 |................|
[204] +5.863873 ASYNC-OUT-DONE ep=0x01 len=0 status=0 actual=36
[205] +5.863949 ASYNC-OUT-DONE ep=0x01 len=0 status=0 actual=16
[206] +5.864927 ASYNC-IN-DONE ep=0x81 len=40 status=0 actual=40
	0000  1f 00 00 18 ed 03 80 10  00 14 00 04 76 02 00 00 |............v...|
	0010  00 00 06 00 0f 00 00 00  83 66 cd 03 ed 67 00 68 |.........f...g.h|
	0020  82 76 cd 00 49 77 00 c0                          |.v..Iw..|
[207] +5.865013 ASYNC-IN-SUBMIT ep=0x81 len=0 type=BULK (in, awaiting data)
[208] +5.915702 ASYNC-OUT ep=0x01 len=36 type=BULK 
	0000  1c 00 00 18 80 10 ed 03  00 14 00 0c 85 1b 00 00 |................|
	0010  01 00 06 00 0c 00 00 00  83 66 cd 03 ee 64 18 65 |.........f...d.e|
	0020  81 76 cc 88                                      |.v..|
[209] +5.915872 ASYNC-IN-DONE ep=0x81 len=40 status=0 actual=40
	0000  1d 00 00 18 f0 03 02 10  00 0a 00 04 09 02 00 00 |................|
	0010  00 00 04 00 0d 00 00 00  82 69 16 6a 84 52 00 44 |.........i.j.R.D|
	0020  0a 79 1b 6a c0 77 00 c0                          |.y.j.w..|
[210] +5.915990 ASYNC-IN-SUBMIT ep=0x81 len=0 type=BULK (in, awaiting data)
[211] +5.916065 ASYNC-OUT-DONE ep=0x01 len=0 status=0 actual=36
[212] +5.916841 ASYNC-IN-DONE ep=0x81 len=40 status=0 actual=40
	0000  1f 00 00 18 ed 03 80 10  00 15 00 04 8a 02 00 00 |................|
	0010  00 00 06 00 0f 00 00 00  83 66 cd 03 ee 67 00 68 |.........f...g.h|
	0020  82 76 cd 00 88 77 00 c0                          |.v...w..|
[213] +5.916929 ASYNC-IN-SUBMIT ep=0x81 len=0 type=BULK (in, awaiting data)
[214] +5.967743 ASYNC-OUT ep=0x01 len=16 type=BULK 
	0000  08 00 00 18 80 10 ed 03  00 15 00 08 9c 1b 00 00 |................|
[215] +5.967935 ASYNC-OUT ep=0x01 len=16 type=BULK 
	0000  08 00 00 18 02 10 f0 03  00 09 00 08 9c 10 00 00 |................|
[216] +5.968034 ASYNC-OUT ep=0x01 len=36 type=BULK 
	0000  1a 00 00 18 01 10 ef 03  00 04 00 04 09 10 00 00 |................|
	0010  01 00 02 00 0a 00 00 00  83 66 cd 03 e8 64 cc fe |.........f...d..|
	0020  65 80 00 00                                      |e...|
[217] +5.968181 ASYNC-OUT-DONE ep=0x01 len=0 status=0 actual=16
[218] +5.968237 ASYNC-OUT-DONE ep=0x01 len=0 status=0 actual=16
[219] +5.968299 ASYNC-OUT-DONE ep=0x01 len=0 status=0 actual=36
[220] +5.969142 ASYNC-IN-DONE ep=0x81 len=36 status=0 actual=36
	0000  19 00 00 18 ef 03 01 10  00 04 00 04 1b 02 00 00 |................|
	0010  00 00 02 00 09 00 00 00  83 66 cd 03 e8 67 00 68 |.........f...g.h|
	0020  c0 76 cd 00                                      |.v..|
[221] +5.969253 ASYNC-IN-SUBMIT ep=0x81 len=0 type=BULK (in, awaiting data)
[222] +5.989493 ASYNC-IN-DONE ep=0x81 len=40 status=0 actual=40
	0000  1d 00 00 18 f0 03 02 10  00 0b 00 04 09 02 00 00 |................|
	0010  00 00 04 00 0d 00 00 00  82 69 16 6a 84 52 00 44 |.........i.j.R.D|
	0020  0a 79 1b 6a c0 77 00 c0                          |.y.j.w..|
[223] +5.989586 ASYNC-IN-SUBMIT ep=0x81 len=0 type=BULK (in, awaiting data)
[224] +6.001766 ASYNC-IN-DONE ep=0x81 len=16 status=0 actual=16
	0000  08 00 00 18 ef 03 01 10  00 05 00 08 1b 02 00 00 |................|
[225] +6.001800 ASYNC-IN-SUBMIT ep=0x81 len=0 type=BULK (in, awaiting data)
[226] +6.001953 ASYNC-IN-DONE ep=0x81 len=16 status=0 actual=16
	0000  08 00 00 18 ed 03 80 10  00 16 00 08 8a 02 00 00 |................|
[227] +6.001981 ASYNC-IN-SUBMIT ep=0x81 len=0 type=BULK (in, awaiting data)
[228] +6.019780 ASYNC-OUT ep=0x01 len=16 type=BULK 
	0000  08 00 00 18 02 10 f0 03  00 0a 00 08 b1 10 00 00 |................|
[229] +6.019911 ASYNC-OUT ep=0x01 len=16 type=BULK 
	0000  08 00 00 18 01 10 ef 03  00 05 00 08 1a 10 00 00 |................|
[230] +6.019994 ASYNC-OUT-DONE ep=0x01 len=0 status=0 actual=16
[231] +6.020080 ASYNC-OUT-DONE ep=0x01 len=0 status=0 actual=16
[232] +6.063879 ASYNC-IN-DONE ep=0x81 len=40 status=0 actual=40
	0000  1d 00 00 18 f0 03 02 10  00 0c 00 04 09 02 00 00 |................|
	0010  00 00 04 00 0d 00 00 00  82 69 16 6a 84 52 00 44 |.........i.j.R.D|
	0020  0a 79 1b 6a c0 77 00 c0                          |.y.j.w..|
[233] +6.063911 ASYNC-IN-SUBMIT ep=0x81 len=0 type=BULK (in, awaiting data)
[234] +6.071837 ASYNC-OUT ep=0x01 len=36 type=BULK 
	0000  1b 00 00 18 80 10 ed 03  00 16 00 04 9c 1b 00 00 |................|
	0010  01 00 06 00 0b 00 00 00  83 66 cd 03 ef 64 18 65 |.........f...d.e|
	0020  81 76 1b 00                                      |.v..|
[235] +6.072026 ASYNC-OUT ep=0x01 len=16 type=BULK 
	0000  08 00 00 18 02 10 f0 03  00 0b 00 08 c6 10 00 00 |................|
[236] +6.072162 ASYNC-OUT-DONE ep=0x01 len=0 status=0 actual=36
[237] +6.072274 ASYNC-OUT-DONE ep=0x01 len=0 status=0 actual=16
[238] +6.073195 ASYNC-IN-DONE ep=0x81 len=40 status=0 actual=40
	0000  1f 00 00 18 ed 03 80 10  00 17 00 04 9d 02 00 00 |................|
	0010  00 00 06 00 0f 00 00 00  83 66 cd 03 ef 67 00 68 |.........f...g.h|
	0020  82 76 cd 00 1b 77 c2 c0                          |.v...w..|
[239] +6.073229 ASYNC-IN-SUBMIT ep=0x81 len=0 type=BULK (in, awaiting data)
[240] +6.123925 ASYNC-OUT ep=0x01 len=36 type=BULK 
	0000  19 00 00 18 80 10 ed 03  00 17 00 0c b3 1b 00 00 |................|
	0010  01 00 06 00 09 00 00 00  83 66 cd 03 f0 64 63 65 |.........f...dce|
	0020  80 00 00 00                                      |....|
[241] +6.124068 ASYNC-OUT ep=0x01 len=36 type=BULK 
	0000  19 00 00 18 01 10 ef 03  00 06 00 04 1a 10 00 00 |................|
	0010  01 00 02 00 09 00 00 00  83 66 cd 03 e9 64 00 65 |.........f...d.e|
	0020  c0 00 00 00                                      |....|
[242] +6.124165 ASYNC-OUT-DONE ep=0x01 len=0 status=0 actual=36
[243] +6.124248 ASYNC-OUT-DONE ep=0x01 len=0 status=0 actual=36
[244] +6.125289 ASYNC-IN-DONE ep=0x81 len=36 status=0 actual=36
	0000  1b 00 00 18 ed 03 80 10  00 18 00 04 ae 02 00 00 |................|
	0010  00 00 06 00 0b 00 00 00  83 66 cd 03 f0 67 00 68 |.........f...g.h|
	0020  81 3f c2 00                                      |.?..|
[245] +6.125344 ASYNC-IN-SUBMIT ep=0x81 len=0 type=BULK (in, awaiting data)
[246] +6.127577 ASYNC-IN-DONE ep=0x81 len=48 status=0 actual=48
	0000  26 00 00 18 ef 03 01 10  00 06 00 04 2c 02 00 00 |&...........,...|
	0010  00 00 00 00 16 00 00 00  83 66 cd 03 e9 67 00 68 |.........f...g.h|
	0020  91 81 cd 00 00 a8 50 52  45 53 45 54 53 00 40 c0 |......PRESETS.@.|
[247] +6.127613 ASYNC-IN-SUBMIT ep=0x81 len=0 type=BULK (in, awaiting data)
[248] +6.139783 ASYNC-IN-DONE ep=0x81 len=40 status=0 actual=40
	0000  1d 00 00 18 f0 03 02 10  00 0d 00 04 09 02 00 00 |................|
	0010  00 00 04 00 0d 00 00 00  82 69 16 6a 84 52 00 44 |.........i.j.R.D|
	0020  0a 79 1b 6a c0 a8 50 52                          |.y.j..PR|
[249] +6.139813 ASYNC-IN-SUBMIT ep=0x81 len=0 type=BULK (in, awaiting data)
[250] +6.175980 ASYNC-OUT ep=0x01 len=16 type=BULK 
	0000  08 00 00 18 80 10 ed 03  00 18 00 08 c6 1b 00 00 |................|
[251] +6.176134 ASYNC-OUT ep=0x01 len=16 type=BULK 
	0000  08 00 00 18 02 10 f0 03  00 0c 00 08 db 10 00 00 |................|
[252] +6.176218 ASYNC-OUT-DONE ep=0x01 len=0 status=0 actual=16
[253] +6.176263 ASYNC-OUT ep=0x01 len=40 type=BULK 
	0000  1d 00 00 18 01 10 ef 03  00 07 00 0c 38 10 00 00 |............8...|
	0010  01 00 02 00 0d 00 00 00  83 66 cd 03 ea 64 01 65 |.........f...d.e|
	0020  82 6b 00 65 02 00 00 00                          |.k.e....|
[254] +6.176342 ASYNC-OUT-DONE ep=0x01 len=0 status=0 actual=16
[255] +6.176431 ASYNC-OUT-DONE ep=0x01 len=0 status=0 actual=40
[256] +6.202458 ASYNC-IN-DONE ep=0x81 len=16 status=0 actual=16
	0000  08 00 00 18 ef 03 01 10  00 07 00 08 41 02 00 00 |............A...|
[257] +6.202479 ASYNC-IN-SUBMIT ep=0x81 len=0 type=BULK (in, awaiting data)
[258] +6.202703 ASYNC-IN-DONE ep=0x81 len=16 status=0 actual=16
	0000  08 00 00 18 ed 03 80 10  00 19 00 08 ae 02 00 00 |................|
[259] +6.202718 ASYNC-IN-SUBMIT ep=0x81 len=0 type=BULK (in, awaiting data)
[260] +6.216597 ASYNC-IN-DONE ep=0x81 len=40 status=0 actual=40
	0000  1d 00 00 18 f0 03 02 10  00 0e 00 04 09 02 00 00 |................|
	0010  00 00 04 00 0d 00 00 00  82 69 16 6a 84 52 00 44 |.........i.j.R.D|
	0020  0a 79 1b 6a c0 a8 50 52                          |.y.j..PR|
[261] +6.216630 ASYNC-IN-SUBMIT ep=0x81 len=0 type=BULK (in, awaiting data)
[262] +6.228013 ASYNC-OUT ep=0x01 len=16 type=BULK 
	0000  08 00 00 18 02 10 f0 03  00 0d 00 08 f0 10 00 00 |................|
[263] +6.228212 ASYNC-OUT-DONE ep=0x01 len=0 status=0 actual=16
[264] +6.289374 ASYNC-IN-DONE ep=0x81 len=40 status=0 actual=40
	0000  1d 00 00 18 f0 03 02 10  00 0f 00 04 09 02 00 00 |................|
	0010  00 00 04 00 0d 00 00 00  82 69 16 6a 84 52 00 44 |.........i.j.R.D|
	0020  0a 79 1b 6a c0 a8 50 52                          |.y.j..PR|
[265] +6.289434 ASYNC-IN-SUBMIT ep=0x81 len=0 type=BULK (in, awaiting data)
[266] +6.318061 ASYNC-IN-DONE ep=0x81 len=272 status=0 actual=272
	0000  08 01 00 18 ef 03 01 10  00 08 00 04 41 02 00 00 |............A...|
	0010  00 00 02 00 31 0e 00 00  83 66 cd 03 ea 67 00 68 |....1....f...g.h|
	0020  dc 00 7e 81 cd 00 00 84  cd 00 6d ac 43 54 2d 42 |..~.......m.CT-B|
	0030  6c 61 63 6b 65 6e 64 00  7b c2 7c c2 7d 00 81 cd |lackend.{.|.}...|
	0040  00 01 84 cd 00 6d ab 43  54 2d 44 61 79 20 43 4c |.....m.CT-Day CL|
	0050  4e 00 7b c2 7c c2 7d 00  81 cd 00 02 84 cd 00 6d |N.{.|.}........m|
	0060  ab 43 54 2d 44 61 79 20  52 68 79 00 7b c2 7c c2 |.CT-Day Rhy.{.|.|
	0070  7d 00 81 cd 00 03 84 cd  00 6d ad 43 54 2d 45 6e |}........m.CT-En|
	0080  74 65 72 20 52 68 79 00  7b c2 7c c2 7d 00 81 cd |ter Rhy.{.|.}...|
	0090  00 04 84 cd 00 6d ae 43  54 2d 4d 61 73 74 65 72 |.....m.CT-Master|
	00a0  20 43 4c 4e 00 7b c2 7c  c2 7d 00 81 cd 00 05 84 | CLN.{.|.}......|
	00b0  cd 00 6d af 43 54 2d 4d  61 73 74 65 72 20 4c 65 |..m.CT-Master Le|
	00c0  61 64 00 7b c2 7c c2 7d  00 81 cd 00 06 84 cd 00 |ad.{.|.}........|
	00d0  6d ae 43 54 2d 4d 61 73  74 65 72 20 52 68 79 00 |m.CT-Master Rhy.|
	00e0  7b c2 7c c2 7d 00 81 cd  00 07 84 cd 00 6d a7 43 |{.|.}........m.C|
	00f0  54 2d 53 61 64 00 7b c2  7c c2 7d 00 81 cd 00 08 |T-Sad.{.|.}.....|
	0100  84 cd 00 6d ad 43 54 2d  55 6e 66 6f 20 4c 65 61 |...m.CT-Unfo Lea|
[267] +6.318181 ASYNC-IN-SUBMIT ep=0x81 len=0 type=BULK (in, awaiting data)
[268] +6.318277 ASYNC-OUT ep=0x01 len=16 type=BULK 
	0000  08 00 00 18 01 10 ef 03  00 08 00 08 38 11 00 00 |............8...|
[269] +6.318423 ASYNC-IN-DONE ep=0x81 len=272 status=0 actual=272
	0000  08 01 00 18 ef 03 01 10  00 09 00 04 41 02 00 00 |............A...|
	0010  64 00 7b c2 7c c2 7d 00  81 cd 00 09 84 cd 00 6d |d.{.|.}........m|
	0020  ac 43 54 2d 55 6e 66 6f  20 52 68 79 00 7b c2 7c |.CT-Unfo Rhy.{.||
	0030  c2 7d 00 81 cd 00 0a 84  cd 00 6d af 46 58 3a 53 |.}........m.FX:S|
	0040  6f 66 74 20 46 69 6c 74  65 72 00 7b c2 7c c2 7d |oft Filter.{.|.}|
	0050  00 81 cd 00 0b 84 cd 00  6d ac 46 58 3a 53 6f 6c |........m.FX:Sol|
	0060  69 74 75 64 65 00 7b c2  7c c2 7d 00 81 cd 00 0c |itude.{.|.}.....|
	0070  84 cd 00 6d b0 46 58 3a  35 74 68 20 54 68 65 6e |...m.FX:5th Then|
	0080  20 37 74 68 00 7b c2 7c  c2 7d 00 81 cd 00 0d 84 | 7th.{.|.}......|
	0090  cd 00 6d aa 46 58 3a 53  79 6e 65 72 47 00 7b c2 |..m.FX:SynerG.{.|
	00a0  7c c2 7d 00 81 cd 00 0e  84 cd 00 6d ac 46 58 3a ||.}........m.FX:|
	00b0  54 77 69 6c 69 67 68 74  00 7b c2 7c c2 7d 00 81 |Twilight.{.|.}..|
	00c0  cd 00 0f 84 cd 00 6d ae  46 58 3a 57 61 79 20 53 |......m.FX:Way S|
	00d0  74 6f 6b 65 64 00 7b c2  7c c2 7d 00 81 cd 00 10 |toked.{.|.}.....|
	00e0  84 cd 00 6d ae 46 58 3a  42 65 61 63 68 20 46 75 |...m.FX:Beach Fu|
	00f0  7a 7a 00 7b c2 7c c2 7d  00 81 cd 00 11 84 cd 00 |zz.{.|.}........|
	0100  6d ae 46 58 3a 53 6c 75  64 67 65 67 61 7a 65 00 |m.FX:Sludgegaze.|
[270] +6.318511 ASYNC-IN-SUBMIT ep=0x81 len=0 type=BULK (in, awaiting data)
[271] +6.318551 ASYNC-OUT ep=0x01 len=16 type=BULK 
	0000  08 00 00 18 01 10 ef 03  00 09 00 08 38 12 00 00 |............8...|
[272] +6.318604 ASYNC-OUT-DONE ep=0x01 len=0 status=0 actual=16
[273] +6.318711 ASYNC-OUT-DONE ep=0x01 len=0 status=0 actual=16
[274] +6.318807 ASYNC-IN-DONE ep=0x81 len=272 status=0 actual=272
	0000  08 01 00 18 ef 03 01 10  00 0a 00 04 41 02 00 00 |............A...|
	0010  7b c2 7c c2 7d 00 81 cd  00 12 84 cd 00 6d ae 46 |{.|.}........m.F|
	0020  58 3a 54 72 65 6d 65 6e  74 69 6e 65 00 7b c2 7c |X:Trementine.{.||
	0030  c2 7d 00 81 cd 00 13 84  cd 00 6d b0 46 58 3a 48 |.}........m.FX:H|
	0040  6f 72 72 6f 72 20 53 63  6f 72 65 00 7b c2 7c c2 |orror Score.{.|.|
	0050  7d 00 81 cd 00 14 84 cd  00 6d af 46 58 3a 53 65 |}........m.FX:Se|
	0060  74 20 74 6f 20 53 74 75  6e 00 7b c2 7c c2 7d 00 |t to Stun.{.|.}.|
	0070  81 cd 00 15 84 cd 00 6d  b0 44 49 52 3a 55 53 44 |.......m.DIR:USD|
	0080  6f 75 62 6c 65 4e 72 6d  00 7b c2 7c c2 7d 00 81 |oubleNrm.{.|.}..|
	0090  cd 00 16 84 cd 00 6d ae  44 49 52 3a 45 73 73 65 |......m.DIR:Esse|
	00a0  78 20 41 33 30 00 7b c2  7c c2 7d 00 81 cd 00 17 |x A30.{.|.}.....|
	00b0  84 cd 00 6d b1 44 49 52  3a 43 61 6c 69 52 65 63 |...m.DIR:CaliRec|
	00c0  74 69 66 72 65 00 7b c2  7c c2 7d 00 81 cd 00 18 |tifre.{.|.}.....|
	00d0  84 cd 00 6d b1 44 49 52  3a 4a 61 7a 7a 52 69 76 |...m.DIR:JazzRiv|
	00e0  65 74 31 32 30 00 7b c2  7c c2 7d 00 81 cd 00 19 |et120.{.|.}.....|
	00f0  84 cd 00 6d af 44 49 52  3a 4d 61 74 63 68 73 74 |...m.DIR:Matchst|
	0100  69 63 6b 00 7b c2 7c c2  7d 00 81 cd 00 1a 84 cd |ick.{.|.}.......|
[275] +6.318889 ASYNC-IN-SUBMIT ep=0x81 len=0 type=BULK (in, awaiting data)
[276] +6.318923 ASYNC-OUT ep=0x01 len=16 type=BULK 
	0000  08 00 00 18 01 10 ef 03  00 0a 00 08 38 13 00 00 |............8...|
[277] +6.319052 ASYNC-OUT-DONE ep=0x01 len=0 status=0 actual=16
[278] +6.319714 ASYNC-IN-DONE ep=0x81 len=272 status=0 actual=272
	0000  08 01 00 18 ef 03 01 10  00 0b 00 04 41 02 00 00 |............A...|
	0010  00 6d b1 44 49 52 3a 43  61 72 74 6f 67 72 61 70 |.m.DIR:Cartograp|
	0020  68 65 72 00 7b c2 7c c2  7d 00 81 cd 00 1b 84 cd |her.{.|.}.......|
	0030  00 6d ae 44 49 52 3a 4c  69 74 69 67 61 74 6f 72 |.m.DIR:Litigator|
	0040  00 7b c2 7c c2 7d 00 81  cd 00 1c 84 cd 00 6d ad |.{.|.}........m.|
	0050  44 49 52 3a 44 65 72 61  69 6c 65 64 00 7b c2 7c |DIR:Derailed.{.||
	0060  c2 7d 00 81 cd 00 1d 84  cd 00 6d ad 44 49 52 3a |.}........m.DIR:|
	0070  4d 61 68 61 64 65 76 61  00 7b c2 7c c2 7d 00 81 |Mahadeva.{.|.}..|
	0080  cd 00 1e 84 cd 00 6d b0  44 49 52 3a 50 6c 61 63 |......m.DIR:Plac|
	0090  61 74 65 72 43 6c 6e 00  7b c2 7c c2 7d 00 81 cd |aterCln.{.|.}...|
	00a0  00 1f 84 cd 00 6d b0 44  49 52 3a 50 6c 61 63 61 |.....m.DIR:Placa|
	00b0  74 65 72 44 72 74 00 7b  c2 7c c2 7d 00 81 cd 00 |terDrt.{.|.}....|
	00c0  20 84 cd 00 6d b0 44 49  52 3a 41 4e 47 4c 20 4d | ...m.DIR:ANGL M|
	00d0  65 74 65 6f 72 00 7b c2  7c c2 7d 00 81 cd 00 21 |eteor.{.|.}....!|
	00e0  84 cd 00 6d b1 44 49 52  3a 41 72 63 68 65 74 79 |...m.DIR:Archety|
	00f0  70 65 43 6c 6e 00 7b c2  7c c2 7d 00 81 cd 00 22 |peCln.{.|.}...."|
	0100  84 cd 00 6d b1 44 49 52  3a 43 61 6c 69 54 65 78 |...m.DIR:CaliTex|
[279] +6.319835 ASYNC-IN-SUBMIT ep=0x81 len=0 type=BULK (in, awaiting data)
[280] +6.319888 ASYNC-OUT ep=0x01 len=16 type=BULK 
	0000  08 00 00 18 01 10 ef 03  00 0b 00 08 38 14 00 00 |............8...|
[281] +6.320032 ASYNC-IN-DONE ep=0x81 len=272 status=0 actual=272
	0000  08 01 00 18 ef 03 01 10  00 0c 00 04 41 02 00 00 |............A...|
	0010  61 73 43 68 32 00 7b c2  7c c2 7d 00 81 cd 00 23 |asCh2.{.|.}....#|
	0020  84 cd 00 6d b1 44 49 52  3a 41 72 63 68 65 74 79 |...m.DIR:Archety|
	0030  70 65 4c 65 64 00 7b c2  7c c2 7d 00 81 cd 00 24 |peLed.{.|.}....$|
	0040  84 cd 00 6d b0 44 49 52  3a 57 68 6f 57 61 74 74 |...m.DIR:WhoWatt|
	0050  20 31 30 30 00 7b c2 7c  c2 7d 00 81 cd 00 25 84 | 100.{.|.}....%.|
	0060  cd 00 6d b1 44 49 52 3a  56 6f 6c 74 61 67 65 51 |..m.DIR:VoltageQ|
	0070  75 65 65 6e 00 7b c2 7c  c2 7d 00 81 cd 00 26 84 |ueen.{.|.}....&.|
	0080  cd 00 6d b0 44 49 52 3a  4d 61 6e 64 61 72 69 6e |..m.DIR:Mandarin|
	0090  20 38 30 00 7b c2 7c c2  7d 00 81 cd 00 27 84 cd | 80.{.|.}....'..|
	00a0  00 6d af 44 49 52 3a 48  74 6c 20 43 61 6c 69 4a |.m.DIR:Htl CaliJ|
	00b0  53 00 7b c2 7c c2 7d 00  81 cd 00 28 84 cd 00 6d |S.{.|.}....(...m|
	00c0  b1 44 49 52 3a 41 6c 77  79 73 53 61 74 63 68 4a |.DIR:AlwysSatchJ|
	00d0  53 00 7b c2 7c c2 7d 00  81 cd 00 29 84 cd 00 6d |S.{.|.}....)...m|
	00e0  af 44 49 52 3a 45 4a 20  44 6f 76 65 72 4a 53 00 |.DIR:EJ DoverJS.|
	00f0  7b c2 7c c2 7d 00 81 cd  00 2a 84 cd 00 6d b1 44 |{.|.}....*...m.D|
	0100  49 52 3a 53 65 61 72 65  64 20 47 75 79 4a 53 00 |IR:Seared GuyJS.|
[282] +6.320123 ASYNC-IN-SUBMIT ep=0x81 len=0 type=BULK (in, awaiting data)
[283] +6.320144 ASYNC-OUT-DONE ep=0x01 len=0 status=0 actual=16
[284] +6.320174 ASYNC-OUT ep=0x01 len=16 type=BULK 
	0000  08 00 00 18 01 10 ef 03  00 0c 00 08 38 15 00 00 |............8...|
[285] +6.320361 ASYNC-OUT-DONE ep=0x01 len=0 status=0 actual=16
[286] +6.320722 ASYNC-IN-DONE ep=0x81 len=272 status=0 actual=272
	0000  08 01 00 18 ef 03 01 10  00 0d 00 04 41 02 00 00 |............A...|
	0010  7b c2 7c c2 7d 00 81 cd  00 2b 84 cd 00 6d b1 44 |{.|.}....+...m.D|
	0020  49 52 3a 4a 42 65 63 6b  4c 76 65 72 73 4a 53 00 |IR:JBeckLversJS.|
	0030  7b c2 7c c2 7d 00 81 cd  00 2c 84 cd 00 6d b1 44 |{.|.}....,...m.D|
	0040  49 52 3a 50 74 72 63 69  47 4d 6f 6f 6e 4a 53 00 |IR:PtrciGMoonJS.|
	0050  7b c2 7c c2 7d 00 81 cd  00 2d 84 cd 00 6d ac 44 |{.|.}....-...m.D|
	0060  49 52 3a 54 65 78 61 73  4a 53 00 7b c2 7c c2 7d |IR:TexasJS.{.|.}|
	0070  00 81 cd 00 2e 84 cd 00  6d b1 44 49 52 3a 53 74 |........m.DIR:St|
	0080  65 65 6c 79 20 4b 69 64  4a 53 00 7b c2 7c c2 7d |eely KidJS.{.|.}|
	0090  00 81 cd 00 2f 84 cd 00  6d ae 44 49 52 3a 56 48 |..../...m.DIR:VH|
	00a0  20 4a 75 6d 70 4a 53 00  7b c2 7c c2 7d 00 81 cd | JumpJS.{.|.}...|
	00b0  00 30 84 cd 00 6d ae 44  49 52 3a 57 68 6f 57 61 |.0...m.DIR:WhoWa|
	00c0  74 74 4a 53 00 7b c2 7c  c2 7d 00 81 cd 00 31 84 |ttJS.{.|.}....1.|
	00d0  cd 00 6d b1 44 49 52 3a  52 65 6c 61 74 69 76 69 |..m.DIR:Relativi|
	00e0  74 79 47 44 00 7b c2 7c  c2 7d 00 81 cd 00 32 84 |tyGD.{.|.}....2.|
	00f0  cd 00 6d ac 44 49 52 3a  42 72 6f 77 6e 47 44 00 |..m.DIR:BrownGD.|
	0100  7b c2 7c c2 7d 00 81 cd  00 33 84 cd 00 6d ab 44 |{.|.}....3...m.D|
[287] +6.320805 ASYNC-IN-SUBMIT ep=0x81 len=0 type=BULK (in, awaiting data)
[288] +6.320858 ASYNC-OUT ep=0x01 len=16 type=BULK 
	0000  08 00 00 18 01 10 ef 03  00 0d 00 08 38 16 00 00 |............8...|
[289] +6.321089 ASYNC-OUT-DONE ep=0x01 len=0 status=0 actual=16
[290] +6.321298 ASYNC-IN-DONE ep=0x81 len=272 status=0 actual=272
	0000  08 01 00 18 ef 03 01 10  00 0e 00 04 41 02 00 00 |............A...|
	0010  49 52 3a 53 69 6c 6b 47  44 00 7b c2 7c c2 7d 00 |IR:SilkGD.{.|.}.|
	0020  81 cd 00 34 84 cd 00 6d  b1 44 49 52 3a 54 68 65 |...4...m.DIR:The|
	0030  20 44 6f 63 74 65 72 47  44 00 7b c2 7c c2 7d 00 | DocterGD.{.|.}.|
	0040  81 cd 00 35 84 cd 00 6d  ae 44 49 52 3a 56 69 6e |...5...m.DIR:Vin|
	0050  74 61 67 65 47 44 00 7b  c2 7c c2 7d 00 81 cd 00 |tageGD.{.|.}....|
	0060  36 84 cd 00 6d b0 44 49  52 3a 45 6d 69 6e 20 47 |6...m.DIR:Emin G|
	0070  61 6c 6c 6f 70 00 7b c2  7c c2 7d 00 81 cd 00 37 |allop.{.|.}....7|
	0080  84 cd 00 6d b0 44 49 52  3a 42 72 6f 77 6e 20 53 |...m.DIR:Brown S|
	0090  75 67 61 72 00 7b c2 7c  c2 7d 00 81 cd 00 38 84 |ugar.{.|.}....8.|
	00a0  cd 00 6d b1 44 49 52 3a  20 46 69 6c 74 72 64 20 |..m.DIR: Filtrd |
	00b0  46 75 7a 7a 00 7b c2 7c  c2 7d 00 81 cd 00 39 84 |Fuzz.{.|.}....9.|
	00c0  cd 00 6d b1 44 49 52 3a  45 76 65 72 79 20 42 72 |..m.DIR:Every Br|
	00d0  65 61 74 68 00 7b c2 7c  c2 7d 00 81 cd 00 3a 84 |eath.{.|.}....:.|
	00e0  cd 00 6d b1 44 49 52 3a  4e 6f 20 4e 61 6d 65 20 |..m.DIR:No Name |
	00f0  4c 61 6e 65 00 7b c2 7c  c2 7d 00 81 cd 00 3b 84 |Lane.{.|.}....;.|
	0100  cd 00 6d af 44 49 52 3a  24 20 46 6f 72 20 4e 61 |..m.DIR:$ For Na|
[291] +6.321381 ASYNC-IN-SUBMIT ep=0x81 len=0 type=BULK (in, awaiting data)
[292] +6.321433 ASYNC-OUT ep=0x01 len=16 type=BULK 
	0000  08 00 00 18 01 10 ef 03  00 0e 00 08 38 17 00 00 |............8...|
[293] +6.321606 ASYNC-OUT-DONE ep=0x01 len=0 status=0 actual=16
[294] +6.321820 ASYNC-IN-DONE ep=0x81 len=272 status=0 actual=272
	0000  08 01 00 18 ef 03 01 10  00 0f 00 04 41 02 00 00 |............A...|
	0010  64 61 00 7b c2 7c c2 7d  00 81 cd 00 3c 84 cd 00 |da.{.|.}....<...|
	0020  6d ac 44 49 52 3a 53 75  6c 74 61 6e 73 00 7b c2 |m.DIR:Sultans.{.|
	0030  7c c2 7d 00 81 cd 00 3d  84 cd 00 6d b1 44 49 52 ||.}....=...m.DIR|
	0040  3a 48 65 61 72 74 62 72  65 61 6b 65 72 00 7b c2 |:Heartbreaker.{.|
	0050  7c c2 7d 00 81 cd 00 3e  84 cd 00 6d ae 44 49 52 ||.}....>...m.DIR|
	0060  3a 48 61 6e 67 61 72 20  31 39 00 7b c2 7c c2 7d |:Hangar 19.{.|.}|
	0070  00 81 cd 00 3f 84 cd 00  6d ad 44 49 52 3a 47 6c |....?...m.DIR:Gl|
	0080  6f 73 73 61 72 79 00 7b  c2 7c c2 7d 00 81 cd 00 |ossary.{.|.}....|
	0090  40 84 cd 00 6d b0 44 49  52 3a 50 6f 70 20 4d 79 |@...m.DIR:Pop My|
	00a0  20 50 75 6e 6b 00 7b c2  7c c2 7d 00 81 cd 00 41 | Punk.{.|.}....A|
	00b0  84 cd 00 6d b0 44 49 52  3a 42 61 64 6f 6e 6b 75 |...m.DIR:Badonku|
	00c0  6c 6f 75 73 00 7b c2 7c  c2 7d 00 81 cd 00 42 84 |lous.{.|.}....B.|
	00d0  cd 00 6d ab 44 49 52 3a  52 65 6c 69 65 66 00 7b |..m.DIR:Relief.{|
	00e0  c2 7c c2 7d 00 81 cd 00  43 84 cd 00 6d af 44 49 |.|.}....C...m.DI|
	00f0  52 3a 44 6a 65 6e 74 6c  65 6d 61 6e 00 7b c2 7c |R:Djentleman.{.||
	0100  c2 7d 00 81 cd 00 44 84  cd 00 6d b1 44 49 52 3a |.}....D...m.DIR:|
[295] +6.321895 ASYNC-IN-SUBMIT ep=0x81 len=0 type=BULK (in, awaiting data)
[296] +6.321928 ASYNC-OUT ep=0x01 len=16 type=BULK 
	0000  08 00 00 18 01 10 ef 03  00 0f 00 08 38 18 00 00 |............8...|
[297] +6.322048 ASYNC-OUT-DONE ep=0x01 len=0 status=0 actual=16
[298] +6.322450 ASYNC-IN-DONE ep=0x81 len=272 status=0 actual=272
	0000  08 01 00 18 ef 03 01 10  00 10 00 04 41 02 00 00 |............A...|
	0010  53 6e 75 66 66 6c 75 70  61 67 75 73 00 7b c2 7c |Snufflupagus.{.||
	0020  c2 7d 00 81 cd 00 45 84  cd 00 6d b1 44 49 52 3a |.}....E...m.DIR:|
	0030  47 6f 74 68 20 6f 72 20  4d 6f 64 3f 00 7b c2 7c |Goth or Mod?.{.||
	0040  c2 7d 00 81 cd 00 46 84  cd 00 6d af 44 49 52 3a |.}....F...m.DIR:|
	0050  32 2f 33 20 42 65 61 72  64 73 00 7b c2 7c c2 7d |2/3 Beards.{.|.}|
	0060  00 81 cd 00 47 84 cd 00  6d b1 44 49 52 3a 54 65 |....G...m.DIR:Te|
	0070  68 20 42 72 30 30 74 61  6c 7a 00 7b c2 7c c2 7d |h Br00talz.{.|.}|
	0080  00 81 cd 00 48 84 cd 00  6d b0 34 43 4d 3a 43 6c |....H...m.4CM:Cl|
	0090  65 61 6e 20 53 74 61 72  74 00 7b c2 7c c2 7d 00 |ean Start.{.|.}.|
	00a0  81 cd 00 49 84 cd 00 6d  b0 34 43 4d 3a 44 6f 74 |...I...m.4CM:Dot|
	00b0  20 38 20 44 65 6c 61 79  00 7b c2 7c c2 7d 00 81 | 8 Delay.{.|.}..|
	00c0  cd 00 4a 84 cd 00 6d b0  34 43 4d 3a 50 72 65 61 |..J...m.4CM:Prea|
	00d0  6d 70 20 53 77 61 70 00  7b c2 7c c2 7d 00 81 cd |mp Swap.{.|.}...|
	00e0  00 4b 84 cd 00 6d b0 34  43 4d 3a 4e 61 73 68 76 |.K...m.4CM:Nashv|
	00f0  6c 20 53 6f 6c 6f 00 7b  c2 7c c2 7d 00 81 cd 00 |l Solo.{.|.}....|
	0100  4c 84 cd 00 6d ae 34 43  4d 3a 45 70 69 63 20 4c |L...m.4CM:Epic L|
[299] +6.322572 ASYNC-IN-SUBMIT ep=0x81 len=0 type=BULK (in, awaiting data)
[300] +6.322635 ASYNC-OUT ep=0x01 len=16 type=BULK 
	0000  08 00 00 18 01 10 ef 03  00 10 00 08 38 19 00 00 |............8...|
[301] +6.322822 ASYNC-OUT-DONE ep=0x01 len=0 status=0 actual=16
[302] +6.323007 ASYNC-IN-DONE ep=0x81 len=272 status=0 actual=272
	0000  08 01 00 18 ef 03 01 10  00 11 00 04 41 02 00 00 |............A...|
	0010  65 61 64 00 7b c2 7c c2  7d 00 81 cd 00 4d 84 cd |ead.{.|.}....M..|
	0020  00 6d ac 34 43 4d 3a 43  72 75 6e 63 68 79 00 7b |.m.4CM:Crunchy.{|
	0030  c2 7c c2 7d 00 81 cd 00  4e 84 cd 00 6d ac 42 41 |.|.}....N...m.BA|
	0040  53 3a 41 71 75 61 20 35  31 00 7b c2 7c c2 7d 00 |S:Aqua 51.{.|.}.|
	0050  81 cd 00 4f 84 cd 00 6d  ac 42 41 53 3a 53 56 54 |...O...m.BAS:SVT|
	0060  20 4e 72 6d 00 7b c2 7c  c2 7d 00 81 cd 00 50 84 | Nrm.{.|.}....P.|
	0070  cd 00 6d ae 42 41 53 3a  53 56 54 2d 34 20 50 72 |..m.BAS:SVT-4 Pr|
	0080  6f 00 7b c2 7c c2 7d 00  81 cd 00 51 84 cd 00 6d |o.{.|.}....Q...m|
	0090  af 42 41 53 3a 57 6f 6f  64 79 20 42 6c 75 65 00 |.BAS:Woody Blue.|
	00a0  7b c2 7c c2 7d 00 81 cd  00 52 84 cd 00 6d af 42 |{.|.}....R...m.B|
	00b0  41 53 3a 54 75 63 6b 20  6e 27 20 47 6f 00 7b c2 |AS:Tuck n' Go.{.|
	00c0  7c c2 7d 00 81 cd 00 53  84 cd 00 6d b0 42 41 53 ||.}....S...m.BAS|
	00d0  3a 44 65 6c 20 53 6f 6c  20 33 30 30 00 7b c2 7c |:Del Sol 300.{.||
	00e0  c2 7d 00 81 cd 00 54 84  cd 00 6d b1 42 41 53 3a |.}....T...m.BAS:|
	00f0  43 61 6c 69 20 34 30 30  20 43 68 31 00 7b c2 7c |Cali 400 Ch1.{.||
	0100  c2 7d 00 81 cd 00 55 84  cd 00 6d b1 42 41 53 3a |.}....U...m.BAS:|
[303] +6.323092 ASYNC-IN-SUBMIT ep=0x81 len=0 type=BULK (in, awaiting data)
[304] +6.323145 ASYNC-OUT ep=0x01 len=16 type=BULK 
	0000  08 00 00 18 01 10 ef 03  00 11 00 08 38 1a 00 00 |............8...|
[305] +6.323337 ASYNC-OUT-DONE ep=0x01 len=0 status=0 actual=16
[306] +6.323562 ASYNC-IN-DONE ep=0x81 len=272 status=0 actual=272
	0000  08 01 00 18 ef 03 01 10  00 12 00 04 41 02 00 00 |............A...|
	0010  42 75 73 79 20 4f 6e 65  20 43 68 31 00 7b c2 7c |Busy One Ch1.{.||
	0020  c2 7d 00 81 cd 00 56 84  cd 00 6d ae 42 41 53 3a |.}....V...m.BAS:|
	0030  54 79 4b 30 20 4c 69 6b  65 00 7b c2 7c c2 7d 00 |TyK0 Like.{.|.}.|
	0040  81 cd 00 57 84 cd 00 6d  ad 42 41 53 3a 50 6f 6e |...W...m.BAS:Pon|
	0050  79 20 31 55 70 00 7b c2  7c c2 7d 00 81 cd 00 58 |y 1Up.{.|.}....X|
	0060  84 cd 00 6d ac 42 41 53  3a 53 75 62 20 44 75 62 |...m.BAS:Sub Dub|
	0070  00 7b c2 7c c2 7d 00 81  cd 00 59 84 cd 00 6d ad |.{.|.}....Y...m.|
	0080  42 41 53 3a 50 68 61 74  20 52 61 74 00 7b c2 7c |BAS:Phat Rat.{.||
	0090  c2 7d 00 81 cd 00 5a 84  cd 00 6d ae 42 41 53 3a |.}....Z...m.BAS:|
	00a0  53 79 6e 74 68 65 74 69  6b 00 7b c2 7c c2 7d 00 |Synthetik.{.|.}.|
	00b0  81 cd 00 5b 84 cd 00 6d  ab 41 43 4f 3a 53 74 75 |...[...m.ACO:Stu|
	00c0  64 69 6f 00 7b c2 7c c2  7d 00 81 cd 00 5c 84 cd |dio.{.|.}....\..|
	00d0  00 6d af 41 43 4f 3a 53  6f 6e 67 77 72 69 74 65 |.m.ACO:Songwrite|
	00e0  72 00 7b c2 7c c2 7d 00  81 cd 00 5d 84 cd 00 6d |r.{.|.}....]...m|
	00f0  ae 41 43 4f 3a 4f 75 74  20 54 68 65 72 65 00 7b |.ACO:Out There.{|
	0100  c2 7c c2 7d 00 81 cd 00  5e 84 cd 00 6d aa 4b 45 |.|.}....^...m.KE|
[307] +6.323649 ASYNC-IN-SUBMIT ep=0x81 len=0 type=BULK (in, awaiting data)
[308] +6.323700 ASYNC-OUT ep=0x01 len=16 type=BULK 
	0000  08 00 00 18 01 10 ef 03  00 12 00 08 38 1b 00 00 |............8...|
[309] +6.323879 ASYNC-OUT-DONE ep=0x01 len=0 status=0 actual=16
[310] +6.324129 ASYNC-IN-DONE ep=0x81 len=272 status=0 actual=272
	0000  08 01 00 18 ef 03 01 10  00 13 00 04 41 02 00 00 |............A...|
	0010  59 3a 47 72 69 74 7a 00  7b c2 7c c2 7d 00 81 cd |Y:Gritz.{.|.}...|
	0020  00 5f 84 cd 00 6d af 4b  45 59 3a 41 74 6d 6f 73 |._...m.KEY:Atmos|
	0030  70 68 65 72 65 00 7b c2  7c c2 7d 00 81 cd 00 60 |phere.{.|.}....`|
	0040  84 cd 00 6d ac 4b 45 59  3a 45 63 68 6f 65 7a 7a |...m.KEY:Echoezz|
	0050  00 7b c2 7c c2 7d 00 81  cd 00 61 84 cd 00 6d ab |.{.|.}....a...m.|
	0060  4e 65 77 20 50 72 65 73  65 74 00 7b c2 7c c2 7d |New Preset.{.|.}|
	0070  00 81 cd 00 62 84 cd 00  6d ab 4e 65 77 20 50 72 |....b...m.New Pr|
	0080  65 73 65 74 00 7b c2 7c  c2 7d 00 81 cd 00 64 84 |eset.{.|.}....d.|
	0090  cd 00 6d ab 4e 65 77 20  50 72 65 73 65 74 00 7b |..m.New Preset.{|
	00a0  c2 7c c2 7d 00 81 cd 00  63 84 cd 00 6d ab 4e 65 |.|.}....c...m.Ne|
	00b0  77 20 50 72 65 73 65 74  00 7b c2 7c c2 7d 00 81 |w Preset.{.|.}..|
	00c0  cd 00 65 84 cd 00 6d ab  4e 65 77 20 50 72 65 73 |..e...m.New Pres|
	00d0  65 74 00 7b c2 7c c2 7d  00 81 cd 00 66 84 cd 00 |et.{.|.}....f...|
	00e0  6d ab 4e 65 77 20 50 72  65 73 65 74 00 7b c2 7c |m.New Preset.{.||
	00f0  c2 7d 00 81 cd 00 67 84  cd 00 6d ab 4e 65 77 20 |.}....g...m.New |
	0100  50 72 65 73 65 74 00 7b  c2 7c c2 7d 00 81 cd 00 |Preset.{.|.}....|
[311] +6.324223 ASYNC-IN-SUBMIT ep=0x81 len=0 type=BULK (in, awaiting data)
[312] +6.324274 ASYNC-OUT ep=0x01 len=16 type=BULK 
	0000  08 00 00 18 01 10 ef 03  00 13 00 08 38 1c 00 00 |............8...|
[313] +6.324451 ASYNC-OUT-DONE ep=0x01 len=0 status=0 actual=16
[314] +6.324705 ASYNC-IN-DONE ep=0x81 len=272 status=0 actual=272
	0000  08 01 00 18 ef 03 01 10  00 14 00 04 41 02 00 00 |............A...|
	0010  68 84 cd 00 6d ab 4e 65  77 20 50 72 65 73 65 74 |h...m.New Preset|
	0020  00 7b c2 7c c2 7d 00 81  cd 00 69 84 cd 00 6d ab |.{.|.}....i...m.|
	0030  4e 65 77 20 50 72 65 73  65 74 00 7b c2 7c c2 7d |New Preset.{.|.}|
	0040  00 81 cd 00 6a 84 cd 00  6d ab 4e 65 77 20 50 72 |....j...m.New Pr|
	0050  65 73 65 74 00 7b c2 7c  c2 7d 00 81 cd 00 6b 84 |eset.{.|.}....k.|
	0060  cd 00 6d ab 4e 65 77 20  50 72 65 73 65 74 00 7b |..m.New Preset.{|
	0070  c2 7c c2 7d 00 81 cd 00  6c 84 cd 00 6d ab 4e 65 |.|.}....l...m.Ne|
	0080  77 20 50 72 65 73 65 74  00 7b c2 7c c2 7d 00 81 |w Preset.{.|.}..|
	0090  cd 00 6d 84 cd 00 6d ab  4e 65 77 20 50 72 65 73 |..m...m.New Pres|
	00a0  65 74 00 7b c2 7c c2 7d  00 81 cd 00 6e 84 cd 00 |et.{.|.}....n...|
	00b0  6d ab 4e 65 77 20 50 72  65 73 65 74 00 7b c2 7c |m.New Preset.{.||
	00c0  c2 7d 00 81 cd 00 6f 84  cd 00 6d ab 4e 65 77 20 |.}....o...m.New |
	00d0  50 72 65 73 65 74 00 7b  c2 7c c2 7d 00 81 cd 00 |Preset.{.|.}....|
	00e0  70 84 cd 00 6d ab 4e 65  77 20 50 72 65 73 65 74 |p...m.New Preset|
	00f0  00 7b c2 7c c2 7d 00 81  cd 00 71 84 cd 00 6d ab |.{.|.}....q...m.|
	0100  4e 65 77 20 50 72 65 73  65 74 00 7b c2 7c c2 7d |New Preset.{.|.}|
[315] +6.324795 ASYNC-IN-SUBMIT ep=0x81 len=0 type=BULK (in, awaiting data)
[316] +6.324847 ASYNC-OUT ep=0x01 len=16 type=BULK 
	0000  08 00 00 18 01 10 ef 03  00 14 00 08 38 1d 00 00 |............8...|
[317] +6.325042 ASYNC-OUT-DONE ep=0x01 len=0 status=0 actual=16
[318] +6.325262 ASYNC-IN-DONE ep=0x81 len=272 status=0 actual=272
	0000  08 01 00 18 ef 03 01 10  00 15 00 04 41 02 00 00 |............A...|
	0010  00 81 cd 00 72 84 cd 00  6d ab 4e 65 77 20 50 72 |....r...m.New Pr|
	0020  65 73 65 74 00 7b c2 7c  c2 7d 00 81 cd 00 73 84 |eset.{.|.}....s.|
	0030  cd 00 6d ab 4e 65 77 20  50 72 65 73 65 74 00 7b |..m.New Preset.{|
	0040  c2 7c c2 7d 00 81 cd 00  74 84 cd 00 6d ab 4e 65 |.|.}....t...m.Ne|
	0050  77 20 50 72 65 73 65 74  00 7b c2 7c c2 7d 00 81 |w Preset.{.|.}..|
	0060  cd 00 75 84 cd 00 6d ab  4e 65 77 20 50 72 65 73 |..u...m.New Pres|
	0070  65 74 00 7b c2 7c c2 7d  00 81 cd 00 76 84 cd 00 |et.{.|.}....v...|
	0080  6d ab 4e 65 77 20 50 72  65 73 65 74 00 7b c2 7c |m.New Preset.{.||
	0090  c2 7d 00 81 cd 00 77 84  cd 00 6d ab 4e 65 77 20 |.}....w...m.New |
	00a0  50 72 65 73 65 74 00 7b  c2 7c c2 7d 00 81 cd 00 |Preset.{.|.}....|
	00b0  78 84 cd 00 6d ab 4e 65  77 20 50 72 65 73 65 74 |x...m.New Preset|
	00c0  00 7b c2 7c c2 7d 00 81  cd 00 79 84 cd 00 6d ab |.{.|.}....y...m.|
	00d0  4e 65 77 20 50 72 65 73  65 74 00 7b c2 7c c2 7d |New Preset.{.|.}|
	00e0  00 81 cd 00 7a 84 cd 00  6d ab 4e 65 77 20 50 72 |....z...m.New Pr|
	00f0  65 73 65 74 00 7b c2 7c  c2 7d 00 81 cd 00 7b 84 |eset.{.|.}....{.|
	0100  cd 00 6d ab 4e 65 77 20  50 72 65 73 65 74 00 7b |..m.New Preset.{|
[319] +6.325352 ASYNC-IN-SUBMIT ep=0x81 len=0 type=BULK (in, awaiting data)
[320] +6.325412 ASYNC-OUT ep=0x01 len=16 type=BULK 
	0000  08 00 00 18 01 10 ef 03  00 15 00 08 38 1e 00 00 |............8...|
[321] +6.325631 ASYNC-OUT-DONE ep=0x01 len=0 status=0 actual=16
[322] +6.325779 ASYNC-IN-DONE ep=0x81 len=76 status=0 actual=76
	0000  41 00 00 18 ef 03 01 10  00 16 00 04 41 02 00 00 |A...........A...|
	0010  c2 7c c2 7d 00 81 cd 00  7c 84 cd 00 6d ab 4e 65 |.|.}....|...m.Ne|
	0020  77 20 50 72 65 73 65 74  00 7b c2 7c c2 7d 00 81 |w Preset.{.|.}..|
	0030  cd 00 7d 84 cd 00 6d ab  4e 65 77 20 50 72 65 73 |..}...m.New Pres|
	0040  65 74 00 7b c2 7c c2 7d  00 84 cd 00             |et.{.|.}....|
[323] +6.325813 ASYNC-IN-SUBMIT ep=0x81 len=0 type=BULK (in, awaiting data)
[324] +6.332095 ASYNC-OUT ep=0x01 len=16 type=BULK 
	0000  08 00 00 18 02 10 f0 03  00 0e 00 08 05 11 00 00 |................|
[325] +6.332244 ASYNC-OUT ep=0x01 len=36 type=BULK 
	0000  19 00 00 18 01 10 ef 03  00 16 00 0c 71 1e 00 00 |............q...|
	0010  01 00 02 00 09 00 00 00  83 66 cd 03 eb 64 70 65 |.........f...dpe|
	0020  c0 00 00 00                                      |....|
[326] +6.332346 ASYNC-OUT-DONE ep=0x01 len=0 status=0 actual=16
[327] +6.332450 ASYNC-OUT-DONE ep=0x01 len=0 status=0 actual=36
[328] +6.333234 ASYNC-IN-DONE ep=0x81 len=36 status=0 actual=36
	0000  19 00 00 18 ef 03 01 10  00 17 00 04 52 02 00 00 |............R...|
	0010  00 00 02 00 09 00 00 00  83 66 cd 03 eb 67 00 68 |.........f...g.h|
	0020  c0 20 50 72                                      |. Pr|
[329] +6.333286 ASYNC-IN-SUBMIT ep=0x81 len=0 type=BULK (in, awaiting data)
[330] +6.363903 ASYNC-IN-DONE ep=0x81 len=40 status=0 actual=40
	0000  1d 00 00 18 f0 03 02 10  00 10 00 04 09 02 00 00 |................|
	0010  00 00 04 00 0d 00 00 00  82 69 16 6a 84 52 00 44 |.........i.j.R.D|
	0020  0a 79 1b 6a c0 73 65 74                          |.y.j.set|
[331] +6.363946 ASYNC-IN-SUBMIT ep=0x81 len=0 type=BULK (in, awaiting data)
[332] +6.384153 ASYNC-OUT ep=0x01 len=16 type=BULK 
	0000  08 00 00 18 02 10 f0 03  00 0f 00 08 1a 11 00 00 |................|
[333] +6.384282 ASYNC-OUT ep=0x01 len=36 type=BULK 
	0000  1b 00 00 18 01 10 ef 03  00 17 00 0c 82 1e 00 00 |................|
	0010  01 00 02 00 0b 00 00 00  83 66 cd 03 ec 64 0d 65 |.........f...d.e|
	0020  81 65 02 00                                      |.e..|
[334] +6.384395 ASYNC-OUT-DONE ep=0x01 len=0 status=0 actual=16
[335] +6.384517 ASYNC-OUT-DONE ep=0x01 len=0 status=0 actual=36
[336] +6.385522 ASYNC-IN-DONE ep=0x81 len=36 status=0 actual=36
	0000  19 00 00 18 ef 03 01 10  00 18 00 04 65 02 00 00 |............e...|
	0010  00 00 02 00 09 00 00 00  83 66 cd 03 ec 67 00 68 |.........f...g.h|
	0020  c0 79 1b 6a                                      |.y.j|
[337] +6.385544 ASYNC-IN-SUBMIT ep=0x81 len=0 type=BULK (in, awaiting data)
[338] +6.403086 ASYNC-IN-DONE ep=0x81 len=16 status=0 actual=16
	0000  08 00 00 18 ef 03 01 10  00 19 00 08 65 02 00 00 |............e...|
[339] +6.403104 ASYNC-IN-SUBMIT ep=0x81 len=0 type=BULK (in, awaiting data)
[340] +6.436223 ASYNC-OUT ep=0x01 len=16 type=BULK 
	0000  08 00 00 18 01 10 ef 03  00 18 00 08 93 1e 00 00 |................|
[341] +6.436493 ASYNC-OUT-DONE ep=0x01 len=0 status=0 actual=16
[342] +6.439166 ASYNC-IN-DONE ep=0x81 len=40 status=0 actual=40
	0000  1d 00 00 18 f0 03 02 10  00 11 00 04 09 02 00 00 |................|
	0010  00 00 04 00 0d 00 00 00  82 69 16 6a 84 52 00 44 |.........i.j.R.D|
	0020  0a 79 1b 6a c0 73 65 74                          |.y.j.set|
[343] +6.439220 ASYNC-IN-SUBMIT ep=0x81 len=0 type=BULK (in, awaiting data)
[344] +6.488275 ASYNC-OUT ep=0x01 len=16 type=BULK 
	0000  08 00 00 18 02 10 f0 03  00 10 00 08 2f 11 00 00 |............/...|
[345] +6.488586 ASYNC-OUT-DONE ep=0x01 len=0 status=0 actual=16
[346] +6.516668 ASYNC-IN-DONE ep=0x81 len=40 status=0 actual=40
	0000  1d 00 00 18 f0 03 02 10  00 12 00 04 09 02 00 00 |................|
	0010  00 00 04 00 0d 00 00 00  82 69 16 6a 84 52 00 44 |.........i.j.R.D|
	0020  0a 79 1b 6a c0 73 65 74                          |.y.j.set|
[347] +6.516701 ASYNC-IN-SUBMIT ep=0x81 len=0 type=BULK (in, awaiting data)
[348] +6.540332 ASYNC-OUT ep=0x01 len=16 type=BULK 
	0000  08 00 00 18 02 10 f0 03  00 11 00 08 44 11 00 00 |............D...|
[349] +6.540591 ASYNC-OUT-DONE ep=0x01 len=0 status=0 actual=16
[350] +6.589563 ASYNC-IN-DONE ep=0x81 len=40 status=0 actual=40
	0000  1d 00 00 18 f0 03 02 10  00 13 00 04 09 02 00 00 |................|
	0010  00 00 04 00 0d 00 00 00  82 69 16 6a 84 52 00 44 |.........i.j.R.D|
	0020  0a 79 1b 6a c0 73 65 74                          |.y.j.set|
[351] +6.589647 ASYNC-IN-SUBMIT ep=0x81 len=0 type=BULK (in, awaiting data)
[352] +6.592350 ASYNC-OUT ep=0x01 len=16 type=BULK 
	0000  08 00 00 18 02 10 f0 03  00 12 00 08 59 11 00 00 |............Y...|
[353] +6.592570 ASYNC-OUT-DONE ep=0x01 len=0 status=0 actual=16
[354] +6.663980 ASYNC-IN-DONE ep=0x81 len=40 status=0 actual=40
	0000  1d 00 00 18 f0 03 02 10  00 14 00 04 09 02 00 00 |................|
	0010  00 00 04 00 0d 00 00 00  82 69 16 6a 84 52 00 44 |.........i.j.R.D|
	0020  0a 79 1b 6a c0 73 65 74                          |.y.j.set|
[355] +6.664103 ASYNC-IN-SUBMIT ep=0x81 len=0 type=BULK (in, awaiting data)
[356] +6.696439 ASYNC-OUT ep=0x01 len=16 type=BULK 
	0000  08 00 00 18 02 10 f0 03  00 13 00 08 6e 11 00 00 |............n...|
[357] +6.696672 ASYNC-OUT-DONE ep=0x01 len=0 status=0 actual=16
[358] +6.739188 ASYNC-IN-DONE ep=0x81 len=40 status=0 actual=40
	0000  1d 00 00 18 f0 03 02 10  00 15 00 04 09 02 00 00 |................|
	0010  00 00 04 00 0d 00 00 00  82 69 16 6a 84 52 00 44 |.........i.j.R.D|
	0020  0a 79 1b 6a c0 73 65 74                          |.y.j.set|
[359] +6.739295 ASYNC-IN-SUBMIT ep=0x81 len=0 type=BULK (in, awaiting data)
[360] +6.748474 ASYNC-OUT ep=0x01 len=16 type=BULK 
	0000  08 00 00 18 02 10 f0 03  00 14 00 08 83 11 00 00 |................|
[361] +6.748684 ASYNC-OUT-DONE ep=0x01 len=0 status=0 actual=16
[362] +6.814003 ASYNC-IN-DONE ep=0x81 len=40 status=0 actual=40
	0000  1d 00 00 18 f0 03 02 10  00 16 00 04 09 02 00 00 |................|
	0010  00 00 04 00 0d 00 00 00  82 69 16 6a 84 52 00 44 |.........i.j.R.D|
	0020  0a 79 1b 6a c0 73 65 74                          |.y.j.set|
[363] +6.814162 ASYNC-IN-SUBMIT ep=0x81 len=0 type=BULK (in, awaiting data)
[364] +6.852633 ASYNC-OUT ep=0x01 len=16 type=BULK 
	0000  08 00 00 18 02 10 f0 03  00 15 00 08 98 11 00 00 |................|
[365] +6.852925 ASYNC-OUT-DONE ep=0x01 len=0 status=0 actual=16
[366] +6.889129 ASYNC-IN-DONE ep=0x81 len=40 status=0 actual=40
	0000  1d 00 00 18 f0 03 02 10  00 17 00 04 09 02 00 00 |................|
	0010  00 00 04 00 0d 00 00 00  82 69 16 6a 84 52 00 44 |.........i.j.R.D|
	0020  0a 79 1b 6a c0 73 65 74                          |.y.j.set|
[367] +6.889242 ASYNC-IN-SUBMIT ep=0x81 len=0 type=BULK (in, awaiting data)
[368] +6.904626 ASYNC-OUT ep=0x01 len=16 type=BULK 
	0000  08 00 00 18 02 10 f0 03  00 16 00 08 ad 11 00 00 |................|
[369] +6.904834 ASYNC-OUT-DONE ep=0x01 len=0 status=0 actual=16
[370] +6.963988 ASYNC-IN-DONE ep=0x81 len=40 status=0 actual=40
	0000  1d 00 00 18 f0 03 02 10  00 18 00 04 09 02 00 00 |................|
	0010  00 00 04 00 0d 00 00 00  82 69 16 6a 84 52 00 44 |.........i.j.R.D|
	0020  0a 79 1b 6a c0 73 65 74                          |.y.j.set|
[371] +6.964120 ASYNC-IN-SUBMIT ep=0x81 len=0 type=BULK (in, awaiting data)
[372] +7.008743 ASYNC-OUT ep=0x01 len=16 type=BULK 
	0000  08 00 00 18 02 10 f0 03  00 17 00 08 c2 11 00 00 |................|
[373] +7.009001 ASYNC-OUT-DONE ep=0x01 len=0 status=0 actual=16
[374] +7.039428 ASYNC-IN-DONE ep=0x81 len=40 status=0 actual=40
	0000  1d 00 00 18 f0 03 02 10  00 19 00 04 09 02 00 00 |................|
	0010  00 00 04 00 0d 00 00 00  82 69 16 6a 84 52 00 44 |.........i.j.R.D|
	0020  0a 79 1b 6a c0 73 65 74                          |.y.j.set|
[375] +7.039558 ASYNC-IN-SUBMIT ep=0x81 len=0 type=BULK (in, awaiting data)
[376] +7.060772 ASYNC-OUT ep=0x01 len=16 type=BULK 
	0000  08 00 00 18 02 10 f0 03  00 18 00 08 d7 11 00 00 |................|
[377] +7.061054 ASYNC-OUT-DONE ep=0x01 len=0 status=0 actual=16
[378] +7.114192 ASYNC-IN-DONE ep=0x81 len=40 status=0 actual=40
	0000  1d 00 00 18 f0 03 02 10  00 1a 00 04 09 02 00 00 |................|
	0010  00 00 04 00 0d 00 00 00  82 69 16 6a 84 52 00 44 |.........i.j.R.D|
	0020  0a 79 1b 6a c0 73 65 74                          |.y.j.set|
[379] +7.114330 ASYNC-IN-SUBMIT ep=0x81 len=0 type=BULK (in, awaiting data)
[380] +7.164903 ASYNC-OUT ep=0x01 len=16 type=BULK 
	0000  08 00 00 18 02 10 f0 03  00 19 00 08 ec 11 00 00 |................|
[381] +7.165193 ASYNC-OUT-DONE ep=0x01 len=0 status=0 actual=16
[382] +7.189621 ASYNC-IN-DONE ep=0x81 len=40 status=0 actual=40
	0000  1d 00 00 18 f0 03 02 10  00 1b 00 04 09 02 00 00 |................|
	0010  00 00 04 00 0d 00 00 00  82 69 16 6a 84 52 00 44 |.........i.j.R.D|
	0020  0a 79 1b 6a c0 73 65 74                          |.y.j.set|
[383] +7.189751 ASYNC-IN-SUBMIT ep=0x81 len=0 type=BULK (in, awaiting data)
[384] +7.205677 ASYNC-IN-DONE ep=0x81 len=16 status=0 actual=16
	0000  08 00 00 18 ed 03 80 10  00 1a 00 10 ae 02 00 00 |................|
[385] +7.205723 ASYNC-IN-SUBMIT ep=0x81 len=0 type=BULK (in, awaiting data)
[386] +7.216927 ASYNC-OUT ep=0x01 len=16 type=BULK 
	0000  08 00 00 18 80 10 ed 03  00 19 00 10 c6 1b 00 00 |................|
[387] +7.217070 ASYNC-OUT ep=0x01 len=16 type=BULK 
	0000  08 00 00 18 02 10 f0 03  00 1a 00 08 01 12 00 00 |................|
[388] +7.217193 ASYNC-OUT-DONE ep=0x01 len=0 status=0 actual=16
[389] +7.217262 ASYNC-OUT-DONE ep=0x01 len=0 status=0 actual=16
[390] +7.263891 ASYNC-IN-DONE ep=0x81 len=40 status=0 actual=40
	0000  1d 00 00 18 f0 03 02 10  00 1c 00 04 09 02 00 00 |................|
	0010  00 00 04 00 0d 00 00 00  82 69 16 6a 84 52 00 44 |.........i.j.R.D|
	0020  0a 79 1b 6a c0 73 65 74                          |.y.j.set|
[391] +7.263983 ASYNC-IN-SUBMIT ep=0x81 len=0 type=BULK (in, awaiting data)
[392] +7.268935 ASYNC-OUT ep=0x01 len=16 type=BULK 
	0000  08 00 00 18 02 10 f0 03  00 1b 00 08 16 12 00 00 |................|
[393] +7.269086 ASYNC-OUT-DONE ep=0x01 len=0 status=0 actual=16
[394] +7.339070 ASYNC-IN-DONE ep=0x81 len=40 status=0 actual=40
	0000  1d 00 00 18 f0 03 02 10  00 1d 00 04 09 02 00 00 |................|
	0010  00 00 04 00 0d 00 00 00  82 69 16 6a 84 52 00 44 |.........i.j.R.D|
	0020  0a 79 1b 6a c0 73 65 74                          |.y.j.set|
[395] +7.339163 ASYNC-IN-SUBMIT ep=0x81 len=0 type=BULK (in, awaiting data)
[396] +7.373030 ASYNC-OUT ep=0x01 len=16 type=BULK 
	0000  08 00 00 18 02 10 f0 03  00 1c 00 08 2b 12 00 00 |............+...|
[397] +7.373250 ASYNC-OUT-DONE ep=0x01 len=0 status=0 actual=16
[398] +7.406104 ASYNC-IN-DONE ep=0x81 len=16 status=0 actual=16
	0000  08 00 00 18 ef 03 01 10  00 1a 00 10 65 02 00 00 |............e...|
[399] +7.406197 ASYNC-IN-SUBMIT ep=0x81 len=0 type=BULK (in, awaiting data)
[400] +7.413866 ASYNC-IN-DONE ep=0x81 len=40 status=0 actual=40
	0000  1d 00 00 18 f0 03 02 10  00 1e 00 04 09 02 00 00 |................|
	0010  00 00 04 00 0d 00 00 00  82 69 16 6a 84 52 00 44 |.........i.j.R.D|
	0020  0a 79 1b 6a c0 73 65 74                          |.y.j.set|
[401] +7.413960 ASYNC-IN-SUBMIT ep=0x81 len=0 type=BULK (in, awaiting data)
[402] +7.425080 ASYNC-OUT ep=0x01 len=16 type=BULK 
	0000  08 00 00 18 02 10 f0 03  00 1d 00 08 40 12 00 00 |............@...|
[403] +7.425274 ASYNC-OUT-DONE ep=0x01 len=0 status=0 actual=16
[404] +7.477133 ASYNC-OUT ep=0x01 len=16 type=BULK 
	0000  08 00 00 18 01 10 ef 03  00 19 00 10 93 1e 00 00 |................|
[405] +7.477359 ASYNC-OUT-DONE ep=0x01 len=0 status=0 actual=16
[406] +7.489761 ASYNC-IN-DONE ep=0x81 len=40 status=0 actual=40
	0000  1d 00 00 18 f0 03 02 10  00 1f 00 04 09 02 00 00 |................|
	0010  00 00 04 00 0d 00 00 00  82 69 16 6a 84 52 00 44 |.........i.j.R.D|
	0020  0a 79 1b 6a c0 73 65 74                          |.y.j.set|
[407] +7.489860 ASYNC-IN-SUBMIT ep=0x81 len=0 type=BULK (in, awaiting data)
[408] +7.528298 ASYNC-OUT ep=0x01 len=16 type=BULK 
	0000  08 00 00 18 02 10 f0 03  00 1e 00 08 55 12 00 00 |............U...|
[409] +7.528503 ASYNC-OUT-DONE ep=0x01 len=0 status=0 actual=16
[410] +7.563816 ASYNC-IN-DONE ep=0x81 len=40 status=0 actual=40
	0000  1d 00 00 18 f0 03 02 10  00 20 00 04 09 02 00 00 |......... ......|
	0010  00 00 04 00 0d 00 00 00  82 69 16 6a 84 52 00 44 |.........i.j.R.D|
	0020  0a 79 1b 6a c0 73 65 74                          |.y.j.set|
[411] +7.563912 ASYNC-IN-SUBMIT ep=0x81 len=0 type=BULK (in, awaiting data)
[412] +7.579607 ASYNC-OUT ep=0x01 len=16 type=BULK 
	0000  08 00 00 18 02 10 f0 03  00 1f 00 08 6a 12 00 00 |............j...|
[413] +7.579857 ASYNC-OUT-DONE ep=0x01 len=0 status=0 actual=16
[414] +7.639433 ASYNC-IN-DONE ep=0x81 len=40 status=0 actual=40
	0000  1d 00 00 18 f0 03 02 10  00 21 00 04 09 02 00 00 |.........!......|
	0010  00 00 04 00 0d 00 00 00  82 69 16 6a 84 52 00 44 |.........i.j.R.D|
	0020  0a 79 1b 6a c0 73 65 74                          |.y.j.set|
[415] +7.639546 ASYNC-IN-SUBMIT ep=0x81 len=0 type=BULK (in, awaiting data)
[416] +7.683703 ASYNC-OUT ep=0x01 len=16 type=BULK 
	0000  08 00 00 18 02 10 f0 03  00 20 00 08 7f 12 00 00 |......... ......|
[417] +7.684019 ASYNC-OUT-DONE ep=0x01 len=0 status=0 actual=16
[418] +7.713822 ASYNC-IN-DONE ep=0x81 len=40 status=0 actual=40
	0000  1d 00 00 18 f0 03 02 10  00 22 00 04 09 02 00 00 |........."......|
	0010  00 00 04 00 0d 00 00 00  82 69 16 6a 84 52 00 44 |.........i.j.R.D|
	0020  0a 79 1b 6a c0 73 65 74                          |.y.j.set|
[419] +7.713974 ASYNC-IN-SUBMIT ep=0x81 len=0 type=BULK (in, awaiting data)
[420] +7.735728 ASYNC-OUT ep=0x01 len=16 type=BULK 
	0000  08 00 00 18 02 10 f0 03  00 21 00 08 94 12 00 00 |.........!......|
[421] +7.735929 ASYNC-OUT-DONE ep=0x01 len=0 status=0 actual=16
[422] +7.789718 ASYNC-IN-DONE ep=0x81 len=40 status=0 actual=40
	0000  1d 00 00 18 f0 03 02 10  00 23 00 04 09 02 00 00 |.........#......|
	0010  00 00 04 00 0d 00 00 00  82 69 16 6a 84 52 00 44 |.........i.j.R.D|
	0020  0a 79 1b 6a c0 73 65 74                          |.y.j.set|
[423] +7.789869 ASYNC-IN-SUBMIT ep=0x81 len=0 type=BULK (in, awaiting data)
[424] +7.839813 ASYNC-OUT ep=0x01 len=16 type=BULK 
	0000  08 00 00 18 02 10 f0 03  00 22 00 08 a9 12 00 00 |........."......|
[425] +7.840065 ASYNC-OUT-DONE ep=0x01 len=0 status=0 actual=16
[426] +7.864140 ASYNC-IN-DONE ep=0x81 len=40 status=0 actual=40
	0000  1d 00 00 18 f0 03 02 10  00 24 00 04 09 02 00 00 |.........$......|
	0010  00 00 04 00 0d 00 00 00  82 69 16 6a 84 52 00 44 |.........i.j.R.D|
	0020  0a 79 1b 6a c0 73 65 74                          |.y.j.set|
[427] +7.864257 ASYNC-IN-SUBMIT ep=0x81 len=0 type=BULK (in, awaiting data)
[428] +7.891947 ASYNC-OUT ep=0x01 len=16 type=BULK 
	0000  08 00 00 18 02 10 f0 03  00 23 00 08 be 12 00 00 |.........#......|
[429] +7.892118 ASYNC-OUT-DONE ep=0x01 len=0 status=0 actual=16
[430] +7.939455 ASYNC-IN-DONE ep=0x81 len=40 status=0 actual=40
	0000  1d 00 00 18 f0 03 02 10  00 25 00 04 09 02 00 00 |.........%......|
	0010  00 00 04 00 0d 00 00 00  82 69 16 6a 84 52 00 44 |.........i.j.R.D|
	0020  0a 79 1b 6a c0 73 65 74                          |.y.j.set|
[431] +7.939565 ASYNC-IN-SUBMIT ep=0x81 len=0 type=BULK (in, awaiting data)
[432] +7.943587 ASYNC-OUT ep=0x01 len=16 type=BULK 
	0000  08 00 00 18 02 10 f0 03  00 24 00 08 d3 12 00 00 |.........$......|
[433] +7.943780 ASYNC-OUT-DONE ep=0x01 len=0 status=0 actual=16
[434] +8.013856 ASYNC-IN-DONE ep=0x81 len=40 status=0 actual=40
	0000  1d 00 00 18 f0 03 02 10  00 26 00 04 09 02 00 00 |.........&......|
	0010  00 00 04 00 0d 00 00 00  82 69 16 6a 84 52 00 44 |.........i.j.R.D|
	0020  0a 79 1b 6a c0 73 65 74                          |.y.j.set|
[435] +8.013962 ASYNC-IN-SUBMIT ep=0x81 len=0 type=BULK (in, awaiting data)
[436] +8.047048 ASYNC-OUT ep=0x01 len=16 type=BULK 
	0000  08 00 00 18 02 10 f0 03  00 25 00 08 e8 12 00 00 |.........%......|
[437] +8.047351 ASYNC-OUT-DONE ep=0x01 len=0 status=0 actual=16
[438] +8.089459 ASYNC-IN-DONE ep=0x81 len=40 status=0 actual=40
	0000  1d 00 00 18 f0 03 02 10  00 27 00 04 09 02 00 00 |.........'......|
	0010  00 00 04 00 0d 00 00 00  82 69 16 6a 84 52 00 44 |.........i.j.R.D|
	0020  0a 79 1b 6a c0 73 65 74                          |.y.j.set|
[439] +8.089542 ASYNC-IN-SUBMIT ep=0x81 len=0 type=BULK (in, awaiting data)
[440] +8.098123 ASYNC-OUT ep=0x01 len=16 type=BULK 
	0000  08 00 00 18 02 10 f0 03  00 26 00 08 fd 12 00 00 |.........&......|
[441] +8.098356 ASYNC-OUT-DONE ep=0x01 len=0 status=0 actual=16
[442] +8.164124 ASYNC-IN-DONE ep=0x81 len=40 status=0 actual=40
	0000  1d 00 00 18 f0 03 02 10  00 28 00 04 09 02 00 00 |.........(......|
	0010  00 00 04 00 0d 00 00 00  82 69 16 6a 84 52 00 44 |.........i.j.R.D|
	0020  0a 79 1b 6a c0 73 65 74                          |.y.j.set|
[443] +8.164242 ASYNC-IN-SUBMIT ep=0x81 len=0 type=BULK (in, awaiting data)
[444] +8.201358 ASYNC-OUT ep=0x01 len=16 type=BULK 
	0000  08 00 00 18 02 10 f0 03  00 27 00 08 12 13 00 00 |.........'......|
[445] +8.201607 ASYNC-OUT-DONE ep=0x01 len=0 status=0 actual=16
[446] +8.208481 ASYNC-IN-DONE ep=0x81 len=16 status=0 actual=16
	0000  08 00 00 18 ed 03 80 10  00 1b 00 10 ae 02 00 00 |................|
[447] +8.208541 ASYNC-IN-SUBMIT ep=0x81 len=0 type=BULK (in, awaiting data)
[448] +8.239417 ASYNC-IN-DONE ep=0x81 len=40 status=0 actual=40
	0000  1d 00 00 18 f0 03 02 10  00 29 00 04 09 02 00 00 |.........)......|
	0010  00 00 04 00 0d 00 00 00  82 69 16 6a 84 52 00 44 |.........i.j.R.D|
	0020  0a 79 1b 6a c0 73 65 74                          |.y.j.set|
[449] +8.239513 ASYNC-IN-SUBMIT ep=0x81 len=0 type=BULK (in, awaiting data)
[450] +8.253387 ASYNC-OUT ep=0x01 len=16 type=BULK 
	0000  08 00 00 18 80 10 ed 03  00 1a 00 10 c6 1b 00 00 |................|
[451] +8.253474 ASYNC-OUT ep=0x01 len=16 type=BULK 
	0000  08 00 00 18 02 10 f0 03  00 28 00 08 27 13 00 00 |.........(..'...|
[452] +8.253604 ASYNC-OUT-DONE ep=0x01 len=0 status=0 actual=16
[453] +8.253673 ASYNC-OUT-DONE ep=0x01 len=0 status=0 actual=16
[454] +8.313819 ASYNC-IN-DONE ep=0x81 len=40 status=0 actual=40
	0000  1d 00 00 18 f0 03 02 10  00 2a 00 04 09 02 00 00 |.........*......|
	0010  00 00 04 00 0d 00 00 00  82 69 16 6a 84 52 00 44 |.........i.j.R.D|
	0020  0a 79 1b 6a c0 73 65 74                          |.y.j.set|
[455] +8.313897 ASYNC-IN-SUBMIT ep=0x81 len=0 type=BULK (in, awaiting data)
[456] +8.357531 ASYNC-OUT ep=0x01 len=16 type=BULK 
	0000  08 00 00 18 02 10 f0 03  00 29 00 08 3c 13 00 00 |.........)..<...|
[457] +8.357772 ASYNC-OUT-DONE ep=0x01 len=0 status=0 actual=16
[458] +8.389315 ASYNC-IN-DONE ep=0x81 len=40 status=0 actual=40
	0000  1d 00 00 18 f0 03 02 10  00 2b 00 04 09 02 00 00 |.........+......|
	0010  00 00 04 00 0d 00 00 00  82 69 16 6a 84 52 00 44 |.........i.j.R.D|
	0020  0a 79 1b 6a c0 73 65 74                          |.y.j.set|
[459] +8.389392 ASYNC-IN-SUBMIT ep=0x81 len=0 type=BULK (in, awaiting data)
[460] +8.409334 ASYNC-IN-DONE ep=0x81 len=16 status=0 actual=16
	0000  08 00 00 18 ef 03 01 10  00 1b 00 10 65 02 00 00 |............e...|
[461] +8.409446 ASYNC-IN-SUBMIT ep=0x81 len=0 type=BULK (in, awaiting data)
[462] +8.409538 ASYNC-OUT ep=0x01 len=16 type=BULK 
	0000  08 00 00 18 02 10 f0 03  00 2a 00 08 51 13 00 00 |.........*..Q...|
[463] +8.409763 ASYNC-OUT-DONE ep=0x01 len=0 status=0 actual=16
[464] +8.464174 ASYNC-IN-DONE ep=0x81 len=40 status=0 actual=40
	0000  1d 00 00 18 f0 03 02 10  00 2c 00 04 09 02 00 00 |.........,......|
	0010  00 00 04 00 0d 00 00 00  82 69 16 6a 84 52 00 44 |.........i.j.R.D|
	0020  0a 79 1b 6a c0 73 65 74                          |.y.j.set|
[465] +8.464313 ASYNC-IN-SUBMIT ep=0x81 len=0 type=BULK (in, awaiting data)
[466] +8.513669 ASYNC-OUT ep=0x01 len=16 type=BULK 
	0000  08 00 00 18 02 10 f0 03  00 2b 00 08 66 13 00 00 |.........+..f...|
[467] +8.513786 ASYNC-OUT ep=0x01 len=16 type=BULK 
	0000  08 00 00 18 01 10 ef 03  00 1a 00 10 93 1e 00 00 |................|
[468] +8.513910 ASYNC-OUT-DONE ep=0x01 len=0 status=0 actual=16
[469] +8.513975 ASYNC-OUT-DONE ep=0x01 len=0 status=0 actual=16
[470] +8.539069 ASYNC-IN-DONE ep=0x81 len=40 status=0 actual=40
	0000  1d 00 00 18 f0 03 02 10  00 2d 00 04 09 02 00 00 |.........-......|
	0010  00 00 04 00 0d 00 00 00  82 69 16 6a 84 52 00 44 |.........i.j.R.D|
	0020  0a 79 1b 6a c0 73 65 74                          |.y.j.set|
[471] +8.539161 ASYNC-IN-SUBMIT ep=0x81 len=0 type=BULK (in, awaiting data)
[472] +8.565682 ASYNC-OUT ep=0x01 len=16 type=BULK 
	0000  08 00 00 18 02 10 f0 03  00 2c 00 08 7b 13 00 00 |.........,..{...|
[473] +8.565899 ASYNC-OUT-DONE ep=0x01 len=0 status=0 actual=16
[474] +8.614113 ASYNC-IN-DONE ep=0x81 len=40 status=0 actual=40
	0000  1d 00 00 18 f0 03 02 10  00 2e 00 04 09 02 00 00 |................|
	0010  00 00 04 00 0d 00 00 00  82 69 16 6a 84 52 00 44 |.........i.j.R.D|
	0020  0a 79 1b 6a c0 73 65 74                          |.y.j.set|
[475] +8.614219 ASYNC-IN-SUBMIT ep=0x81 len=0 type=BULK (in, awaiting data)
[476] +8.617737 ASYNC-OUT ep=0x01 len=16 type=BULK 
	0000  08 00 00 18 02 10 f0 03  00 2d 00 08 90 13 00 00 |.........-......|
[477] +8.617928 ASYNC-OUT-DONE ep=0x01 len=0 status=0 actual=16
[478] +8.689293 ASYNC-IN-DONE ep=0x81 len=40 status=0 actual=40
	0000  1d 00 00 18 f0 03 02 10  00 2f 00 04 09 02 00 00 |........./......|
	0010  00 00 04 00 0d 00 00 00  82 69 16 6a 84 52 00 44 |.........i.j.R.D|
	0020  0a 79 1b 6a c0 73 65 74                          |.y.j.set|
[479] +8.689415 ASYNC-IN-SUBMIT ep=0x81 len=0 type=BULK (in, awaiting data)
[480] +8.721659 ASYNC-OUT ep=0x01 len=16 type=BULK 
	0000  08 00 00 18 02 10 f0 03  00 2e 00 08 a5 13 00 00 |................|
[481] +8.721874 ASYNC-OUT-DONE ep=0x01 len=0 status=0 actual=16
[482] +8.764209 ASYNC-IN-DONE ep=0x81 len=40 status=0 actual=40
	0000  1d 00 00 18 f0 03 02 10  00 30 00 04 09 02 00 00 |.........0......|
	0010  00 00 04 00 0d 00 00 00  82 69 16 6a 84 52 00 44 |.........i.j.R.D|
	0020  0a 79 1b 6a c0 73 65 74                          |.y.j.set|
[483] +8.764322 ASYNC-IN-SUBMIT ep=0x81 len=0 type=BULK (in, awaiting data)
[484] +8.773697 ASYNC-OUT ep=0x01 len=16 type=BULK 
	0000  08 00 00 18 02 10 f0 03  00 2f 00 08 ba 13 00 00 |........./......|
[485] +8.773914 ASYNC-OUT-DONE ep=0x01 len=0 status=0 actual=16
[486] +8.839326 ASYNC-IN-DONE ep=0x81 len=40 status=0 actual=40
	0000  1d 00 00 18 f0 03 02 10  00 31 00 04 09 02 00 00 |.........1......|
	0010  00 00 04 00 0d 00 00 00  82 69 16 6a 84 52 00 44 |.........i.j.R.D|
	0020  0a 79 1b 6a c0 73 65 74                          |.y.j.set|
[487] +8.839464 ASYNC-IN-SUBMIT ep=0x81 len=0 type=BULK (in, awaiting data)
[488] +8.877780 ASYNC-OUT ep=0x01 len=16 type=BULK 
	0000  08 00 00 18 02 10 f0 03  00 30 00 08 cf 13 00 00 |.........0......|
[489] +8.877997 ASYNC-OUT-DONE ep=0x01 len=0 status=0 actual=16
[490] +8.914063 ASYNC-IN-DONE ep=0x81 len=40 status=0 actual=40
	0000  1d 00 00 18 f0 03 02 10  00 32 00 04 09 02 00 00 |.........2......|
	0010  00 00 04 00 0d 00 00 00  82 69 16 6a 84 52 00 44 |.........i.j.R.D|
	0020  0a 79 1b 6a c0 73 65 74                          |.y.j.set|
[491] +8.914180 ASYNC-IN-SUBMIT ep=0x81 len=0 type=BULK (in, awaiting data)
[492] +8.929819 ASYNC-OUT ep=0x01 len=16 type=BULK 
	0000  08 00 00 18 02 10 f0 03  00 31 00 08 e4 13 00 00 |.........1......|
[493] +8.930011 ASYNC-OUT-DONE ep=0x01 len=0 status=0 actual=16
[494] +8.989525 ASYNC-IN-DONE ep=0x81 len=40 status=0 actual=40
	0000  1d 00 00 18 f0 03 02 10  00 33 00 04 09 02 00 00 |.........3......|
	0010  00 00 04 00 0d 00 00 00  82 69 16 6a 84 52 00 44 |.........i.j.R.D|
	0020  0a 79 1b 6a c0 73 65 74                          |.y.j.set|
[495] +8.989638 ASYNC-IN-SUBMIT ep=0x81 len=0 type=BULK (in, awaiting data)
[496] +9.033048 ASYNC-OUT ep=0x01 len=16 type=BULK 
	0000  08 00 00 18 02 10 f0 03  00 32 00 08 f9 13 00 00 |.........2......|
[497] +9.033292 ASYNC-OUT-DONE ep=0x01 len=0 status=0 actual=16
[498] +9.063951 ASYNC-IN-DONE ep=0x81 len=40 status=0 actual=40
	0000  1d 00 00 18 f0 03 02 10  00 34 00 04 09 02 00 00 |.........4......|
	0010  00 00 04 00 0d 00 00 00  82 69 16 6a 84 52 00 44 |.........i.j.R.D|
	0020  0a 79 1b 6a c0 73 65 74                          |.y.j.set|
[499] +9.064031 ASYNC-IN-SUBMIT ep=0x81 len=0 type=BULK (in, awaiting data)
[500] +9.084345 ASYNC-OUT ep=0x01 len=16 type=BULK 
	0000  08 00 00 18 02 10 f0 03  00 33 00 08 0e 14 00 00 |.........3......|
[501] +9.084530 ASYNC-OUT-DONE ep=0x01 len=0 status=0 actual=16
[502] +9.139223 ASYNC-IN-DONE ep=0x81 len=40 status=0 actual=40
	0000  1d 00 00 18 f0 03 02 10  00 35 00 04 09 02 00 00 |.........5......|
	0010  00 00 04 00 0d 00 00 00  82 69 16 6a 84 52 00 44 |.........i.j.R.D|
	0020  0a 79 1b 6a c0 73 65 74                          |.y.j.set|
[503] +9.139308 ASYNC-IN-SUBMIT ep=0x81 len=0 type=BULK (in, awaiting data)
[504] +9.187124 ASYNC-OUT ep=0x01 len=16 type=BULK 
	0000  08 00 00 18 02 10 f0 03  00 34 00 08 23 14 00 00 |.........4..#...|
[505] +9.187335 ASYNC-OUT-DONE ep=0x01 len=0 status=0 actual=16
[506] +9.212206 ASYNC-IN-DONE ep=0x81 len=16 status=0 actual=16
	0000  08 00 00 18 ed 03 80 10  00 1c 00 10 ae 02 00 00 |................|
[507] +9.212246 ASYNC-IN-SUBMIT ep=0x81 len=0 type=BULK (in, awaiting data)
[508] +9.214038 ASYNC-IN-DONE ep=0x81 len=40 status=0 actual=40
	0000  1d 00 00 18 f0 03 02 10  00 36 00 04 09 02 00 00 |.........6......|
	0010  00 00 04 00 0d 00 00 00  82 69 16 6a 84 52 00 44 |.........i.j.R.D|
	0020  0a 79 1b 6a c0 73 65 74                          |.y.j.set|
[509] +9.214107 ASYNC-IN-SUBMIT ep=0x81 len=0 type=BULK (in, awaiting data)
### MARK rename-preset
[510] +9.238958 ASYNC-OUT ep=0x01 len=16 type=BULK 
	0000  08 00 00 18 02 10 f0 03  00 35 00 08 38 14 00 00 |.........5..8...|
[511] +9.239201 ASYNC-OUT-DONE ep=0x01 len=0 status=0 actual=16
[512] +9.289123 ASYNC-IN-DONE ep=0x81 len=40 status=0 actual=40
	0000  1d 00 00 18 f0 03 02 10  00 37 00 04 09 02 00 00 |.........7......|
	0010  00 00 04 00 0d 00 00 00  82 69 16 6a 84 52 00 44 |.........i.j.R.D|
	0020  0a 79 1b 6a c0 73 65 74                          |.y.j.set|
[513] +9.289169 ASYNC-IN-SUBMIT ep=0x81 len=0 type=BULK (in, awaiting data)
[514] +9.290524 ASYNC-OUT ep=0x01 len=16 type=BULK 
	0000  08 00 00 18 80 10 ed 03  00 1b 00 10 c6 1b 00 00 |................|
[515] +9.290605 ASYNC-OUT ep=0x01 len=16 type=BULK 
	0000  08 00 00 18 02 10 f0 03  00 36 00 08 4d 14 00 00 |.........6..M...|
[516] +9.290678 ASYNC-OUT-DONE ep=0x01 len=0 status=0 actual=16
[517] +9.290751 ASYNC-OUT-DONE ep=0x01 len=0 status=0 actual=16
[518] +9.363896 ASYNC-IN-DONE ep=0x81 len=40 status=0 actual=40
	0000  1d 00 00 18 f0 03 02 10  00 38 00 04 09 02 00 00 |.........8......|
	0010  00 00 04 00 0d 00 00 00  82 69 16 6a 84 52 00 44 |.........i.j.R.D|
	0020  0a 79 1b 6a c0 73 65 74                          |.y.j.set|
[519] +9.363936 ASYNC-IN-SUBMIT ep=0x81 len=0 type=BULK (in, awaiting data)
[520] +9.394053 ASYNC-OUT ep=0x01 len=16 type=BULK 
	0000  08 00 00 18 02 10 f0 03  00 37 00 08 62 14 00 00 |.........7..b...|
[521] +9.394298 ASYNC-OUT-DONE ep=0x01 len=0 status=0 actual=16
[522] +9.414098 ASYNC-IN-DONE ep=0x81 len=16 status=0 actual=16
	0000  08 00 00 18 ef 03 01 10  00 1c 00 10 65 02 00 00 |............e...|
[523] +9.414142 ASYNC-IN-SUBMIT ep=0x81 len=0 type=BULK (in, awaiting data)
[524] +9.514662 ASYNC-IN-DONE ep=0x81 len=40 status=0 actual=40
	0000  1d 00 00 18 f0 03 02 10  00 39 00 04 09 02 00 00 |.........9......|
	0010  00 00 04 00 0d 00 00 00  82 69 16 6a 84 52 00 44 |.........i.j.R.D|
	0020  0a 79 1b 6a c0 73 65 74                          |.y.j.set|
[525] +9.514768 ASYNC-IN-SUBMIT ep=0x81 len=0 type=BULK (in, awaiting data)
[526] +9.549686 ASYNC-OUT ep=0x01 len=16 type=BULK 
	0000  08 00 00 18 02 10 f0 03  00 38 00 08 77 14 00 00 |.........8..w...|
[527] +9.549812 ASYNC-OUT ep=0x01 len=16 type=BULK 
	0000  08 00 00 18 01 10 ef 03  00 1b 00 10 93 1e 00 00 |................|
[528] +9.549936 ASYNC-OUT-DONE ep=0x01 len=0 status=0 actual=16
[529] +9.549983 ASYNC-OUT-DONE ep=0x01 len=0 status=0 actual=16
[530] +9.589570 ASYNC-IN-DONE ep=0x81 len=40 status=0 actual=40
	0000  1d 00 00 18 f0 03 02 10  00 3a 00 04 09 02 00 00 |.........:......|
	0010  00 00 04 00 0d 00 00 00  82 69 16 6a 84 52 00 44 |.........i.j.R.D|
	0020  0a 79 1b 6a c0 73 65 74                          |.y.j.set|
[531] +9.589679 ASYNC-IN-SUBMIT ep=0x81 len=0 type=BULK (in, awaiting data)
[532] +9.601707 ASYNC-OUT ep=0x01 len=16 type=BULK 
	0000  08 00 00 18 02 10 f0 03  00 39 00 08 8c 14 00 00 |.........9......|
[533] +9.601935 ASYNC-OUT-DONE ep=0x01 len=0 status=0 actual=16
[534] +9.664015 ASYNC-IN-DONE ep=0x81 len=40 status=0 actual=40
	0000  1d 00 00 18 f0 03 02 10  00 3b 00 04 09 02 00 00 |.........;......|
	0010  00 00 04 00 0d 00 00 00  82 69 16 6a 84 52 00 44 |.........i.j.R.D|
	0020  0a 79 1b 6a c0 73 65 74                          |.y.j.set|
[535] +9.664089 ASYNC-IN-SUBMIT ep=0x81 len=0 type=BULK (in, awaiting data)
[536] +9.705791 ASYNC-OUT ep=0x01 len=16 type=BULK 
	0000  08 00 00 18 02 10 f0 03  00 3a 00 08 a1 14 00 00 |.........:......|
[537] +9.706051 ASYNC-OUT-DONE ep=0x01 len=0 status=0 actual=16
[538] +9.739178 ASYNC-IN-DONE ep=0x81 len=40 status=0 actual=40
	0000  1d 00 00 18 f0 03 02 10  00 3c 00 04 09 02 00 00 |.........<......|
	0010  00 00 04 00 0d 00 00 00  82 69 16 6a 84 52 00 44 |.........i.j.R.D|
	0020  0a 79 1b 6a c0 73 65 74                          |.y.j.set|
[539] +9.739286 ASYNC-IN-SUBMIT ep=0x81 len=0 type=BULK (in, awaiting data)
[540] +9.757827 ASYNC-OUT ep=0x01 len=16 type=BULK 
	0000  08 00 00 18 02 10 f0 03  00 3b 00 08 b6 14 00 00 |.........;......|
[541] +9.758027 ASYNC-OUT-DONE ep=0x01 len=0 status=0 actual=16
[542] +9.815447 ASYNC-IN-DONE ep=0x81 len=40 status=0 actual=40
	0000  1d 00 00 18 f0 03 02 10  00 3d 00 04 09 02 00 00 |.........=......|
	0010  00 00 04 00 0d 00 00 00  82 69 16 6a 84 52 00 44 |.........i.j.R.D|
	0020  0a 79 1b 6a c0 73 65 74                          |.y.j.set|
[543] +9.815581 ASYNC-IN-SUBMIT ep=0x81 len=0 type=BULK (in, awaiting data)
[544] +9.861903 ASYNC-OUT ep=0x01 len=16 type=BULK 
	0000  08 00 00 18 02 10 f0 03  00 3c 00 08 cb 14 00 00 |.........<......|
[545] +9.862126 ASYNC-OUT-DONE ep=0x01 len=0 status=0 actual=16
[546] +9.889063 ASYNC-IN-DONE ep=0x81 len=40 status=0 actual=40
	0000  1d 00 00 18 f0 03 02 10  00 3e 00 04 09 02 00 00 |.........>......|
	0010  00 00 04 00 0d 00 00 00  82 69 16 6a 84 52 00 44 |.........i.j.R.D|
	0020  0a 79 1b 6a c0 73 65 74                          |.y.j.set|
[547] +9.889178 ASYNC-IN-SUBMIT ep=0x81 len=0 type=BULK (in, awaiting data)
[548] +9.913936 ASYNC-OUT ep=0x01 len=16 type=BULK 
	0000  08 00 00 18 02 10 f0 03  00 3d 00 08 e0 14 00 00 |.........=......|
[549] +9.914168 ASYNC-OUT-DONE ep=0x01 len=0 status=0 actual=16
[550] +9.964172 ASYNC-IN-DONE ep=0x81 len=40 status=0 actual=40
	0000  1d 00 00 18 f0 03 02 10  00 3f 00 04 09 02 00 00 |.........?......|
	0010  00 00 04 00 0d 00 00 00  82 69 16 6a 84 52 00 44 |.........i.j.R.D|
	0020  0a 79 1b 6a c0 73 65 74                          |.y.j.set|
[551] +9.964290 ASYNC-IN-SUBMIT ep=0x81 len=0 type=BULK (in, awaiting data)
[552] +9.965972 ASYNC-OUT ep=0x01 len=16 type=BULK 
	0000  08 00 00 18 02 10 f0 03  00 3e 00 08 f5 14 00 00 |.........>......|
[553] +9.966163 ASYNC-OUT-DONE ep=0x01 len=0 status=0 actual=16
[554] +10.039492 ASYNC-IN-DONE ep=0x81 len=40 status=0 actual=40
	0000  1d 00 00 18 f0 03 02 10  00 40 00 04 09 02 00 00 |.........@......|
	0010  00 00 04 00 0d 00 00 00  82 69 16 6a 84 52 00 44 |.........i.j.R.D|
	0020  0a 79 1b 6a c0 73 65 74                          |.y.j.set|
[555] +10.039632 ASYNC-IN-SUBMIT ep=0x81 len=0 type=BULK (in, awaiting data)
[556] +10.070063 ASYNC-OUT ep=0x01 len=16 type=BULK 
	0000  08 00 00 18 02 10 f0 03  00 3f 00 08 0a 15 00 00 |.........?......|
[557] +10.070302 ASYNC-OUT-DONE ep=0x01 len=0 status=0 actual=16
[558] +10.116465 ASYNC-IN-DONE ep=0x81 len=40 status=0 actual=40
	0000  1d 00 00 18 f0 03 02 10  00 41 00 04 09 02 00 00 |.........A......|
	0010  00 00 04 00 0d 00 00 00  82 69 16 6a 84 52 00 44 |.........i.j.R.D|
	0020  0a 79 1b 6a c0 73 65 74                          |.y.j.set|
[559] +10.116625 ASYNC-IN-SUBMIT ep=0x81 len=0 type=BULK (in, awaiting data)
[560] +10.122095 ASYNC-OUT ep=0x01 len=16 type=BULK 
	0000  08 00 00 18 02 10 f0 03  00 40 00 08 1f 15 00 00 |.........@......|
[561] +10.122313 ASYNC-OUT-DONE ep=0x01 len=0 status=0 actual=16
[562] +10.189489 ASYNC-IN-DONE ep=0x81 len=40 status=0 actual=40
	0000  1d 00 00 18 f0 03 02 10  00 42 00 04 09 02 00 00 |.........B......|
	0010  00 00 04 00 0d 00 00 00  82 69 16 6a 84 52 00 44 |.........i.j.R.D|
	0020  0a 79 1b 6a c0 73 65 74                          |.y.j.set|
[563] +10.189605 ASYNC-IN-SUBMIT ep=0x81 len=0 type=BULK (in, awaiting data)
[564] +10.215908 ASYNC-IN-DONE ep=0x81 len=16 status=0 actual=16
	0000  08 00 00 18 ed 03 80 10  00 1d 00 10 ae 02 00 00 |................|
[565] +10.215999 ASYNC-IN-SUBMIT ep=0x81 len=0 type=BULK (in, awaiting data)
[566] +10.226178 ASYNC-OUT ep=0x01 len=16 type=BULK 
	0000  08 00 00 18 02 10 f0 03  00 41 00 08 34 15 00 00 |.........A..4...|
[567] +10.226358 ASYNC-OUT-DONE ep=0x01 len=0 status=0 actual=16
[568] +10.263838 ASYNC-IN-DONE ep=0x81 len=40 status=0 actual=40
	0000  1d 00 00 18 f0 03 02 10  00 43 00 04 09 02 00 00 |.........C......|
	0010  00 00 04 00 0d 00 00 00  82 69 16 6a 84 52 00 44 |.........i.j.R.D|
	0020  0a 79 1b 6a c0 73 65 74                          |.y.j.set|
[569] +10.263966 ASYNC-IN-SUBMIT ep=0x81 len=0 type=BULK (in, awaiting data)
[570] +10.277310 ASYNC-OUT ep=0x01 len=16 type=BULK 
	0000  08 00 00 18 02 10 f0 03  00 42 00 08 49 15 00 00 |.........B..I...|
[571] +10.277552 ASYNC-OUT-DONE ep=0x01 len=0 status=0 actual=16
[572] +10.329343 ASYNC-OUT ep=0x01 len=16 type=BULK 
	0000  08 00 00 18 80 10 ed 03  00 1c 00 10 c6 1b 00 00 |................|
[573] +10.329607 ASYNC-OUT-DONE ep=0x01 len=0 status=0 actual=16
[574] +10.339826 ASYNC-IN-DONE ep=0x81 len=40 status=0 actual=40
	0000  1d 00 00 18 f0 03 02 10  00 44 00 04 09 02 00 00 |.........D......|
	0010  00 00 04 00 0d 00 00 00  82 69 16 6a 84 52 00 44 |.........i.j.R.D|
	0020  0a 79 1b 6a c0 73 65 74                          |.y.j.set|
[575] +10.339946 ASYNC-IN-SUBMIT ep=0x81 len=0 type=BULK (in, awaiting data)
[576] +10.381163 ASYNC-OUT ep=0x01 len=16 type=BULK 
	0000  08 00 00 18 02 10 f0 03  00 43 00 08 5e 15 00 00 |.........C..^...|
[577] +10.381398 ASYNC-OUT-DONE ep=0x01 len=0 status=0 actual=16
[578] +10.416862 ASYNC-IN-DONE ep=0x81 len=16 status=0 actual=16
	0000  08 00 00 18 ef 03 01 10  00 1d 00 10 65 02 00 00 |............e...|
[579] +10.416985 ASYNC-IN-SUBMIT ep=0x81 len=0 type=BULK (in, awaiting data)
[580] +10.417151 ASYNC-IN-DONE ep=0x81 len=40 status=0 actual=40
	0000  1d 00 00 18 f0 03 02 10  00 45 00 04 09 02 00 00 |.........E......|
	0010  00 00 04 00 0d 00 00 00  82 69 16 6a 84 52 00 44 |.........i.j.R.D|
	0020  0a 79 1b 6a c0 73 65 74                          |.y.j.set|
[581] +10.417201 ASYNC-IN-SUBMIT ep=0x81 len=0 type=BULK (in, awaiting data)
[582] +10.433245 ASYNC-OUT ep=0x01 len=16 type=BULK 
	0000  08 00 00 18 02 10 f0 03  00 44 00 08 73 15 00 00 |.........D..s...|
[583] +10.433550 ASYNC-OUT-DONE ep=0x01 len=0 status=0 actual=16
[584] +10.489437 ASYNC-IN-DONE ep=0x81 len=40 status=0 actual=40
	0000  1d 00 00 18 f0 03 02 10  00 46 00 04 09 02 00 00 |.........F......|
	0010  00 00 04 00 0d 00 00 00  82 69 16 6a 84 52 00 44 |.........i.j.R.D|
	0020  0a 79 1b 6a c0 73 65 74                          |.y.j.set|
[585] +10.489527 ASYNC-IN-SUBMIT ep=0x81 len=0 type=BULK (in, awaiting data)
[586] +10.537317 ASYNC-OUT ep=0x01 len=16 type=BULK 
	0000  08 00 00 18 02 10 f0 03  00 45 00 08 88 15 00 00 |.........E......|
[587] +10.537552 ASYNC-OUT-DONE ep=0x01 len=0 status=0 actual=16
[588] +10.563823 ASYNC-IN-DONE ep=0x81 len=40 status=0 actual=40
	0000  1d 00 00 18 f0 03 02 10  00 47 00 04 09 02 00 00 |.........G......|
	0010  00 00 04 00 0d 00 00 00  82 69 16 6a 84 52 00 44 |.........i.j.R.D|
	0020  0a 79 1b 6a c0 73 65 74                          |.y.j.set|
[589] +10.563940 ASYNC-IN-SUBMIT ep=0x81 len=0 type=BULK (in, awaiting data)
[590] +10.588803 ASYNC-OUT ep=0x01 len=16 type=BULK 
	0000  08 00 00 18 02 10 f0 03  00 46 00 08 9d 15 00 00 |.........F......|
[591] +10.588954 ASYNC-OUT ep=0x01 len=16 type=BULK 
	0000  08 00 00 18 01 10 ef 03  00 1c 00 10 93 1e 00 00 |................|
[592] +10.589047 ASYNC-OUT-DONE ep=0x01 len=0 status=0 actual=16
[593] +10.589096 ASYNC-OUT-DONE ep=0x01 len=0 status=0 actual=16
[594] +10.639435 ASYNC-IN-DONE ep=0x81 len=40 status=0 actual=40
	0000  1d 00 00 18 f0 03 02 10  00 48 00 04 09 02 00 00 |.........H......|
	0010  00 00 04 00 0d 00 00 00  82 69 16 6a 84 52 00 44 |.........i.j.R.D|
	0020  0a 79 1b 6a c0 73 65 74                          |.y.j.set|
[595] +10.639564 ASYNC-IN-SUBMIT ep=0x81 len=0 type=BULK (in, awaiting data)
[596] +10.639945 ASYNC-OUT ep=0x01 len=16 type=BULK 
	0000  08 00 00 18 02 10 f0 03  00 47 00 08 b2 15 00 00 |.........G......|
[597] +10.640117 ASYNC-OUT-DONE ep=0x01 len=0 status=0 actual=16
[598] +10.718037 ASYNC-IN-DONE ep=0x81 len=40 status=0 actual=40
	0000  1d 00 00 18 f0 03 02 10  00 49 00 04 09 02 00 00 |.........I......|
	0010  00 00 04 00 0d 00 00 00  82 69 16 6a 84 52 00 44 |.........i.j.R.D|
	0020  0a 79 1b 6a c0 73 65 74                          |.y.j.set|
[599] +10.718190 ASYNC-IN-SUBMIT ep=0x81 len=0 type=BULK (in, awaiting data)
[600] +10.744042 ASYNC-OUT ep=0x01 len=16 type=BULK 
	0000  08 00 00 18 02 10 f0 03  00 48 00 08 c7 15 00 00 |.........H......|
[601] +10.744264 ASYNC-OUT-DONE ep=0x01 len=0 status=0 actual=16
[602] +10.789358 ASYNC-IN-DONE ep=0x81 len=40 status=0 actual=40
	0000  1d 00 00 18 f0 03 02 10  00 4a 00 04 09 02 00 00 |.........J......|
	0010  00 00 04 00 0d 00 00 00  82 69 16 6a 84 52 00 44 |.........i.j.R.D|
	0020  0a 79 1b 6a c0 73 65 74                          |.y.j.set|
[603] +10.789459 ASYNC-IN-SUBMIT ep=0x81 len=0 type=BULK (in, awaiting data)
[604] +10.796063 ASYNC-OUT ep=0x01 len=16 type=BULK 
	0000  08 00 00 18 02 10 f0 03  00 49 00 08 dc 15 00 00 |.........I......|
[605] +10.796239 ASYNC-OUT-DONE ep=0x01 len=0 status=0 actual=16
[606] +10.864210 ASYNC-IN-DONE ep=0x81 len=40 status=0 actual=40
	0000  1d 00 00 18 f0 03 02 10  00 4b 00 04 09 02 00 00 |.........K......|
	0010  00 00 04 00 0d 00 00 00  82 69 16 6a 84 52 00 44 |.........i.j.R.D|
	0020  0a 79 1b 6a c0 73 65 74                          |.y.j.set|
[607] +10.864374 ASYNC-IN-SUBMIT ep=0x81 len=0 type=BULK (in, awaiting data)
[608] +10.899369 ASYNC-OUT ep=0x01 len=16 type=BULK 
	0000  08 00 00 18 02 10 f0 03  00 4a 00 08 f1 15 00 00 |.........J......|
[609] +10.899642 ASYNC-OUT-DONE ep=0x01 len=0 status=0 actual=16
[610] +10.939381 ASYNC-IN-DONE ep=0x81 len=40 status=0 actual=40
	0000  1d 00 00 18 f0 03 02 10  00 4c 00 04 09 02 00 00 |.........L......|
	0010  00 00 04 00 0d 00 00 00  82 69 16 6a 84 52 00 44 |.........i.j.R.D|
	0020  0a 79 1b 6a c0 73 65 74                          |.y.j.set|
[611] +10.939483 ASYNC-IN-SUBMIT ep=0x81 len=0 type=BULK (in, awaiting data)
[612] +10.951397 ASYNC-OUT ep=0x01 len=16 type=BULK 
	0000  08 00 00 18 02 10 f0 03  00 4b 00 08 06 16 00 00 |.........K......|
[613] +10.951618 ASYNC-OUT-DONE ep=0x01 len=0 status=0 actual=16
[614] +11.014862 ASYNC-IN-DONE ep=0x81 len=40 status=0 actual=40
	0000  1d 00 00 18 f0 03 02 10  00 4d 00 04 09 02 00 00 |.........M......|
	0010  00 00 04 00 0d 00 00 00  82 69 16 6a 84 52 00 44 |.........i.j.R.D|
	0020  0a 79 1b 6a c0 73 65 74                          |.y.j.set|
[615] +11.015001 ASYNC-IN-SUBMIT ep=0x81 len=0 type=BULK (in, awaiting data)
[616] +11.055287 ASYNC-OUT ep=0x01 len=16 type=BULK 
	0000  08 00 00 18 02 10 f0 03  00 4c 00 08 1b 16 00 00 |.........L......|
[617] +11.055512 ASYNC-OUT-DONE ep=0x01 len=0 status=0 actual=16
[618] +11.089390 ASYNC-IN-DONE ep=0x81 len=40 status=0 actual=40
	0000  1d 00 00 18 f0 03 02 10  00 4e 00 04 09 02 00 00 |.........N......|
	0010  00 00 04 00 0d 00 00 00  82 69 16 6a 84 52 00 44 |.........i.j.R.D|
	0020  0a 79 1b 6a c0 73 65 74                          |.y.j.set|
[619] +11.089507 ASYNC-IN-SUBMIT ep=0x81 len=0 type=BULK (in, awaiting data)
[620] +11.106483 ASYNC-OUT ep=0x01 len=16 type=BULK 
	0000  08 00 00 18 02 10 f0 03  00 4d 00 08 30 16 00 00 |.........M..0...|
[621] +11.106714 ASYNC-OUT-DONE ep=0x01 len=0 status=0 actual=16
[622] +11.164173 ASYNC-IN-DONE ep=0x81 len=40 status=0 actual=40
	0000  1d 00 00 18 f0 03 02 10  00 4f 00 04 09 02 00 00 |.........O......|
	0010  00 00 04 00 0d 00 00 00  82 69 16 6a 84 52 00 44 |.........i.j.R.D|
	0020  0a 79 1b 6a c0 73 65 74                          |.y.j.set|
[623] +11.164289 ASYNC-IN-SUBMIT ep=0x81 len=0 type=BULK (in, awaiting data)
[624] +11.209982 ASYNC-OUT ep=0x01 len=16 type=BULK 
	0000  08 00 00 18 02 10 f0 03  00 4e 00 08 45 16 00 00 |.........N..E...|
[625] +11.210225 ASYNC-OUT-DONE ep=0x01 len=0 status=0 actual=16
[626] +11.218814 ASYNC-IN-DONE ep=0x81 len=16 status=0 actual=16
	0000  08 00 00 18 ed 03 80 10  00 1e 00 10 ae 02 00 00 |................|
[627] +11.218881 ASYNC-IN-SUBMIT ep=0x81 len=0 type=BULK (in, awaiting data)
[628] +11.239375 ASYNC-IN-DONE ep=0x81 len=40 status=0 actual=40
	0000  1d 00 00 18 f0 03 02 10  00 50 00 04 09 02 00 00 |.........P......|
	0010  00 00 04 00 0d 00 00 00  82 69 16 6a 84 52 00 44 |.........i.j.R.D|
	0020  0a 79 1b 6a c0 73 65 74                          |.y.j.set|
[629] +11.239483 ASYNC-IN-SUBMIT ep=0x81 len=0 type=BULK (in, awaiting data)
[630] +11.262021 ASYNC-OUT ep=0x01 len=16 type=BULK 
	0000  08 00 00 18 02 10 f0 03  00 4f 00 08 5a 16 00 00 |.........O..Z...|
[631] +11.262284 ASYNC-OUT-DONE ep=0x01 len=0 status=0 actual=16
[632] +11.314054 ASYNC-IN-DONE ep=0x81 len=40 status=0 actual=40
	0000  1d 00 00 18 f0 03 02 10  00 51 00 04 09 02 00 00 |.........Q......|
	0010  00 00 04 00 0d 00 00 00  82 69 16 6a 84 52 00 44 |.........i.j.R.D|
	0020  0a 79 1b 6a c0 73 65 74                          |.y.j.set|
[633] +11.314166 ASYNC-IN-SUBMIT ep=0x81 len=0 type=BULK (in, awaiting data)
[634] +11.366096 ASYNC-OUT ep=0x01 len=16 type=BULK 
	0000  08 00 00 18 80 10 ed 03  00 1d 00 10 c6 1b 00 00 |................|
[635] +11.366199 ASYNC-OUT ep=0x01 len=16 type=BULK 
	0000  08 00 00 18 02 10 f0 03  00 50 00 08 6f 16 00 00 |.........P..o...|
[636] +11.366322 ASYNC-OUT-DONE ep=0x01 len=0 status=0 actual=16
[637] +11.366367 ASYNC-OUT-DONE ep=0x01 len=0 status=0 actual=16
[638] +11.389168 ASYNC-IN-DONE ep=0x81 len=40 status=0 actual=40
	0000  1d 00 00 18 f0 03 02 10  00 52 00 04 09 02 00 00 |.........R......|
	0010  00 00 04 00 0d 00 00 00  82 69 16 6a 84 52 00 44 |.........i.j.R.D|
	0020  0a 79 1b 6a c0 73 65 74                          |.y.j.set|
[639] +11.389269 ASYNC-IN-SUBMIT ep=0x81 len=0 type=BULK (in, awaiting data)
[640] +11.418166 ASYNC-OUT ep=0x01 len=16 type=BULK 
	0000  08 00 00 18 02 10 f0 03  00 51 00 08 84 16 00 00 |.........Q......|
[641] +11.418397 ASYNC-OUT-DONE ep=0x01 len=0 status=0 actual=16
[642] +11.419447 ASYNC-IN-DONE ep=0x81 len=16 status=0 actual=16
	0000  08 00 00 18 ef 03 01 10  00 1e 00 10 65 02 00 00 |............e...|
[643] +11.419515 ASYNC-IN-SUBMIT ep=0x81 len=0 type=BULK (in, awaiting data)
[644] +11.464058 ASYNC-IN-DONE ep=0x81 len=40 status=0 actual=40
	0000  1d 00 00 18 f0 03 02 10  00 53 00 04 09 02 00 00 |.........S......|
	0010  00 00 04 00 0d 00 00 00  82 69 16 6a 84 52 00 44 |.........i.j.R.D|
	0020  0a 79 1b 6a c0 73 65 74                          |.y.j.set|
[645] +11.464152 ASYNC-IN-SUBMIT ep=0x81 len=0 type=BULK (in, awaiting data)
[646] +11.470220 ASYNC-OUT ep=0x01 len=16 type=BULK 
	0000  08 00 00 18 02 10 f0 03  00 52 00 08 99 16 00 00 |.........R......|
[647] +11.470495 ASYNC-OUT-DONE ep=0x01 len=0 status=0 actual=16
[648] +11.539275 ASYNC-IN-DONE ep=0x81 len=40 status=0 actual=40
	0000  1d 00 00 18 f0 03 02 10  00 54 00 04 09 02 00 00 |.........T......|
	0010  00 00 04 00 0d 00 00 00  82 69 16 6a 84 52 00 44 |.........i.j.R.D|
	0020  0a 79 1b 6a c0 73 65 74                          |.y.j.set|
[649] +11.539415 ASYNC-IN-SUBMIT ep=0x81 len=0 type=BULK (in, awaiting data)
[650] +11.574271 ASYNC-OUT ep=0x01 len=16 type=BULK 
	0000  08 00 00 18 02 10 f0 03  00 53 00 08 ae 16 00 00 |.........S......|
[651] +11.574512 ASYNC-OUT-DONE ep=0x01 len=0 status=0 actual=16
[652] +11.614026 ASYNC-IN-DONE ep=0x81 len=40 status=0 actual=40
	0000  1d 00 00 18 f0 03 02 10  00 55 00 04 09 02 00 00 |.........U......|
	0010  00 00 04 00 0d 00 00 00  82 69 16 6a 84 52 00 44 |.........i.j.R.D|
	0020  0a 79 1b 6a c0 73 65 74                          |.y.j.set|
[653] +11.614132 ASYNC-IN-SUBMIT ep=0x81 len=0 type=BULK (in, awaiting data)
[654] +11.625785 ASYNC-OUT ep=0x01 len=16 type=BULK 
	0000  08 00 00 18 02 10 f0 03  00 54 00 08 c3 16 00 00 |.........T......|
[655] +11.625858 ASYNC-OUT ep=0x01 len=16 type=BULK 
	0000  08 00 00 18 01 10 ef 03  00 1d 00 10 93 1e 00 00 |................|
[656] +11.625931 ASYNC-OUT-DONE ep=0x01 len=0 status=0 actual=16
[657] +11.626005 ASYNC-OUT-DONE ep=0x01 len=0 status=0 actual=16
[658] +11.689164 ASYNC-IN-DONE ep=0x81 len=40 status=0 actual=40
	0000  1d 00 00 18 f0 03 02 10  00 56 00 04 09 02 00 00 |.........V......|
	0010  00 00 04 00 0d 00 00 00  82 69 16 6a 84 52 00 44 |.........i.j.R.D|
	0020  0a 79 1b 6a c0 73 65 74                          |.y.j.set|
[659] +11.689271 ASYNC-IN-SUBMIT ep=0x81 len=0 type=BULK (in, awaiting data)
[660] +11.729882 ASYNC-OUT ep=0x01 len=16 type=BULK 
	0000  08 00 00 18 02 10 f0 03  00 55 00 08 d8 16 00 00 |.........U......|
[661] +11.730119 ASYNC-OUT-DONE ep=0x01 len=0 status=0 actual=16
[662] +11.764051 ASYNC-IN-DONE ep=0x81 len=40 status=0 actual=40
	0000  1d 00 00 18 f0 03 02 10  00 57 00 04 09 02 00 00 |.........W......|
	0010  00 00 04 00 0d 00 00 00  82 69 16 6a 84 52 00 44 |.........i.j.R.D|
	0020  0a 79 1b 6a c0 73 65 74                          |.y.j.set|
[663] +11.764150 ASYNC-IN-SUBMIT ep=0x81 len=0 type=BULK (in, awaiting data)
[664] +11.781480 ASYNC-OUT ep=0x01 len=16 type=BULK 
	0000  08 00 00 18 02 10 f0 03  00 56 00 08 ed 16 00 00 |.........V......|
[665] +11.781708 ASYNC-OUT-DONE ep=0x01 len=0 status=0 actual=16
[666] +11.838883 ASYNC-IN-DONE ep=0x81 len=40 status=0 actual=40
	0000  1d 00 00 18 f0 03 02 10  00 58 00 04 09 02 00 00 |.........X......|
	0010  00 00 04 00 0d 00 00 00  82 69 16 6a 84 52 00 44 |.........i.j.R.D|
	0020  0a 79 1b 6a c0 73 65 74                          |.y.j.set|
[667] +11.839002 ASYNC-IN-SUBMIT ep=0x81 len=0 type=BULK (in, awaiting data)
[668] +11.885603 ASYNC-OUT ep=0x01 len=16 type=BULK 
	0000  08 00 00 18 02 10 f0 03  00 57 00 08 02 17 00 00 |.........W......|
[669] +11.885872 ASYNC-OUT-DONE ep=0x01 len=0 status=0 actual=16
[670] +11.913996 ASYNC-IN-DONE ep=0x81 len=40 status=0 actual=40
	0000  1d 00 00 18 f0 03 02 10  00 59 00 04 09 02 00 00 |.........Y......|
	0010  00 00 04 00 0d 00 00 00  82 69 16 6a 84 52 00 44 |.........i.j.R.D|
	0020  0a 79 1b 6a c0 73 65 74                          |.y.j.set|
[671] +11.914102 ASYNC-IN-SUBMIT ep=0x81 len=0 type=BULK (in, awaiting data)
[672] +11.936664 ASYNC-OUT ep=0x01 len=16 type=BULK 
	0000  08 00 00 18 02 10 f0 03  00 58 00 08 17 17 00 00 |.........X......|
[673] +11.936853 ASYNC-OUT-DONE ep=0x01 len=0 status=0 actual=16
[674] +11.989572 ASYNC-IN-DONE ep=0x81 len=40 status=0 actual=40
	0000  1d 00 00 18 f0 03 02 10  00 5a 00 04 09 02 00 00 |.........Z......|
	0010  00 00 04 00 0d 00 00 00  82 69 16 6a 84 52 00 44 |.........i.j.R.D|
	0020  0a 79 1b 6a c0 73 65 74                          |.y.j.set|
[675] +11.989677 ASYNC-IN-SUBMIT ep=0x81 len=0 type=BULK (in, awaiting data)
[676] +12.040743 ASYNC-OUT ep=0x01 len=16 type=BULK 
	0000  08 00 00 18 02 10 f0 03  00 59 00 08 2c 17 00 00 |.........Y..,...|
[677] +12.040943 ASYNC-OUT-DONE ep=0x01 len=0 status=0 actual=16
[678] +12.064341 ASYNC-IN-DONE ep=0x81 len=40 status=0 actual=40
	0000  1d 00 00 18 f0 03 02 10  00 5b 00 04 09 02 00 00 |.........[......|
	0010  00 00 04 00 0d 00 00 00  82 69 16 6a 84 52 00 44 |.........i.j.R.D|
	0020  0a 79 1b 6a c0 73 65 74                          |.y.j.set|
[679] +12.064457 ASYNC-IN-SUBMIT ep=0x81 len=0 type=BULK (in, awaiting data)
[680] +12.092850 ASYNC-OUT ep=0x01 len=16 type=BULK 
	0000  08 00 00 18 02 10 f0 03  00 5a 00 08 41 17 00 00 |.........Z..A...|
[681] +12.093108 ASYNC-OUT-DONE ep=0x01 len=0 status=0 actual=16
[682] +12.139162 ASYNC-IN-DONE ep=0x81 len=40 status=0 actual=40
	0000  1d 00 00 18 f0 03 02 10  00 5c 00 04 09 02 00 00 |.........\......|
	0010  00 00 04 00 0d 00 00 00  82 69 16 6a 84 52 00 44 |.........i.j.R.D|
	0020  0a 79 1b 6a c0 73 65 74                          |.y.j.set|
[683] +12.139232 ASYNC-IN-SUBMIT ep=0x81 len=0 type=BULK (in, awaiting data)
[684] +12.144881 ASYNC-OUT ep=0x01 len=16 type=BULK 
	0000  08 00 00 18 02 10 f0 03  00 5b 00 08 56 17 00 00 |.........[..V...|
[685] +12.145111 ASYNC-OUT-DONE ep=0x01 len=0 status=0 actual=16
[686] +12.213893 ASYNC-IN-DONE ep=0x81 len=40 status=0 actual=40
	0000  1d 00 00 18 f0 03 02 10  00 5d 00 04 09 02 00 00 |.........]......|
	0010  00 00 04 00 0d 00 00 00  82 69 16 6a 84 52 00 44 |.........i.j.R.D|
	0020  0a 79 1b 6a c0 73 65 74                          |.y.j.set|
[687] +12.214008 ASYNC-IN-SUBMIT ep=0x81 len=0 type=BULK (in, awaiting data)
[688] +12.222069 ASYNC-IN-DONE ep=0x81 len=16 status=0 actual=16
	0000  08 00 00 18 ed 03 80 10  00 1f 00 10 ae 02 00 00 |................|
[689] +12.222117 ASYNC-IN-SUBMIT ep=0x81 len=0 type=BULK (in, awaiting data)
[690] +12.248975 ASYNC-OUT ep=0x01 len=16 type=BULK 
	0000  08 00 00 18 02 10 f0 03  00 5c 00 08 6b 17 00 00 |.........\..k...|
[691] +12.249229 ASYNC-OUT-DONE ep=0x01 len=0 status=0 actual=16
[692] +12.289080 ASYNC-IN-DONE ep=0x81 len=40 status=0 actual=40
	0000  1d 00 00 18 f0 03 02 10  00 5e 00 04 09 02 00 00 |.........^......|
	0010  00 00 04 00 0d 00 00 00  82 69 16 6a 84 52 00 44 |.........i.j.R.D|
	0020  0a 79 1b 6a c0 73 65 74                          |.y.j.set|
[693] +12.289133 ASYNC-IN-SUBMIT ep=0x81 len=0 type=BULK (in, awaiting data)
[694] +12.300485 ASYNC-OUT ep=0x01 len=16 type=BULK 
	0000  08 00 00 18 02 10 f0 03  00 5d 00 08 80 17 00 00 |.........]......|
[695] +12.300694 ASYNC-OUT-DONE ep=0x01 len=0 status=0 actual=16
[696] +12.364274 ASYNC-IN-DONE ep=0x81 len=40 status=0 actual=40
	0000  1d 00 00 18 f0 03 02 10  00 5f 00 04 09 02 00 00 |........._......|
	0010  00 00 04 00 0d 00 00 00  82 69 16 6a 84 52 00 44 |.........i.j.R.D|
	0020  0a 79 1b 6a c0 73 65 74                          |.y.j.set|
[697] +12.364390 ASYNC-IN-SUBMIT ep=0x81 len=0 type=BULK (in, awaiting data)
[698] +12.404491 ASYNC-OUT ep=0x01 len=16 type=BULK 
	0000  08 00 00 18 80 10 ed 03  00 1e 00 10 c6 1b 00 00 |................|
[699] +12.404630 ASYNC-OUT ep=0x01 len=16 type=BULK 
	0000  08 00 00 18 02 10 f0 03  00 5e 00 08 95 17 00 00 |.........^......|
[700] +12.404735 ASYNC-OUT-DONE ep=0x01 len=0 status=0 actual=16
[701] +12.404773 ASYNC-OUT-DONE ep=0x01 len=0 status=0 actual=16
[702] +12.422875 ASYNC-IN-DONE ep=0x81 len=16 status=0 actual=16
	0000  08 00 00 18 ef 03 01 10  00 1f 00 10 65 02 00 00 |............e...|
[703] +12.422965 ASYNC-IN-SUBMIT ep=0x81 len=0 type=BULK (in, awaiting data)
[704] +12.439150 ASYNC-IN-DONE ep=0x81 len=40 status=0 actual=40
	0000  1d 00 00 18 f0 03 02 10  00 60 00 04 09 02 00 00 |.........`......|
	0010  00 00 04 00 0d 00 00 00  82 69 16 6a 84 52 00 44 |.........i.j.R.D|
	0020  0a 79 1b 6a c0 73 65 74                          |.y.j.set|
[705] +12.439244 ASYNC-IN-SUBMIT ep=0x81 len=0 type=BULK (in, awaiting data)
[706] +12.456518 ASYNC-OUT ep=0x01 len=16 type=BULK 
	0000  08 00 00 18 02 10 f0 03  00 5f 00 08 aa 17 00 00 |........._......|
[707] +12.456805 ASYNC-OUT-DONE ep=0x01 len=0 status=0 actual=16
[708] +12.513910 ASYNC-IN-DONE ep=0x81 len=40 status=0 actual=40
	0000  1d 00 00 18 f0 03 02 10  00 61 00 04 09 02 00 00 |.........a......|
	0010  00 00 04 00 0d 00 00 00  82 69 16 6a 84 52 00 44 |.........i.j.R.D|
	0020  0a 79 1b 6a c0 73 65 74                          |.y.j.set|
[709] +12.514037 ASYNC-IN-SUBMIT ep=0x81 len=0 type=BULK (in, awaiting data)
[710] +12.558320 ASYNC-OUT ep=0x01 len=16 type=BULK 
	0000  08 00 00 18 02 10 f0 03  00 60 00 08 bf 17 00 00 |.........`......|
[711] +12.558546 ASYNC-OUT-DONE ep=0x01 len=0 status=0 actual=16
[712] +12.589128 ASYNC-IN-DONE ep=0x81 len=40 status=0 actual=40
	0000  1d 00 00 18 f0 03 02 10  00 62 00 04 09 02 00 00 |.........b......|
	0010  00 00 04 00 0d 00 00 00  82 69 16 6a 84 52 00 44 |.........i.j.R.D|
	0020  0a 79 1b 6a c0 73 65 74                          |.y.j.set|
[713] +12.589230 ASYNC-IN-SUBMIT ep=0x81 len=0 type=BULK (in, awaiting data)
[714] +12.609627 ASYNC-OUT ep=0x01 len=16 type=BULK 
	0000  08 00 00 18 02 10 f0 03  00 61 00 08 d4 17 00 00 |.........a......|
[715] +12.609850 ASYNC-OUT-DONE ep=0x01 len=0 status=0 actual=16
[716] +12.660768 ASYNC-OUT ep=0x01 len=16 type=BULK 
	0000  08 00 00 18 01 10 ef 03  00 1e 00 10 93 1e 00 00 |................|
[717] +12.661025 ASYNC-OUT-DONE ep=0x01 len=0 status=0 actual=16
[718] +12.663868 ASYNC-IN-DONE ep=0x81 len=40 status=0 actual=40
	0000  1d 00 00 18 f0 03 02 10  00 63 00 04 09 02 00 00 |.........c......|
	0010  00 00 04 00 0d 00 00 00  82 69 16 6a 84 52 00 44 |.........i.j.R.D|
	0020  0a 79 1b 6a c0 73 65 74                          |.y.j.set|
[719] +12.663970 ASYNC-IN-SUBMIT ep=0x81 len=0 type=BULK (in, awaiting data)
[720] +12.712774 ASYNC-OUT ep=0x01 len=16 type=BULK 
	0000  08 00 00 18 02 10 f0 03  00 62 00 08 e9 17 00 00 |.........b......|
[721] +12.712985 ASYNC-OUT-DONE ep=0x01 len=0 status=0 actual=16
[722] +12.739100 ASYNC-IN-DONE ep=0x81 len=40 status=0 actual=40
	0000  1d 00 00 18 f0 03 02 10  00 64 00 04 09 02 00 00 |.........d......|
	0010  00 00 04 00 0d 00 00 00  82 69 16 6a 84 52 00 44 |.........i.j.R.D|
	0020  0a 79 1b 6a c0 73 65 74                          |.y.j.set|
[723] +12.739196 ASYNC-IN-SUBMIT ep=0x81 len=0 type=BULK (in, awaiting data)
[724] +12.763610 ASYNC-OUT ep=0x01 len=16 type=BULK 
	0000  08 00 00 18 02 10 f0 03  00 63 00 08 fe 17 00 00 |.........c......|
[725] +12.763883 ASYNC-OUT-DONE ep=0x01 len=0 status=0 actual=16
[726] +12.813896 ASYNC-IN-DONE ep=0x81 len=40 status=0 actual=40
	0000  1d 00 00 18 f0 03 02 10  00 65 00 04 09 02 00 00 |.........e......|
	0010  00 00 04 00 0d 00 00 00  82 69 16 6a 84 52 00 44 |.........i.j.R.D|
	0020  0a 79 1b 6a c0 73 65 74                          |.y.j.set|
[727] +12.813962 ASYNC-IN-SUBMIT ep=0x81 len=0 type=BULK (in, awaiting data)
[728] +12.815673 ASYNC-OUT ep=0x01 len=16 type=BULK 
	0000  08 00 00 18 02 10 f0 03  00 64 00 08 13 18 00 00 |.........d......|
[729] +12.815938 ASYNC-OUT-DONE ep=0x01 len=0 status=0 actual=16
[730] +12.889378 ASYNC-IN-DONE ep=0x81 len=40 status=0 actual=40
	0000  1d 00 00 18 f0 03 02 10  00 66 00 04 09 02 00 00 |.........f......|
	0010  00 00 04 00 0d 00 00 00  82 69 16 6a 84 52 00 44 |.........i.j.R.D|
	0020  0a 79 1b 6a c0 73 65 74                          |.y.j.set|
[731] +12.889426 ASYNC-IN-SUBMIT ep=0x81 len=0 type=BULK (in, awaiting data)
[732] +12.918387 ASYNC-OUT ep=0x01 len=16 type=BULK 
	0000  08 00 00 18 02 10 f0 03  00 65 00 08 28 18 00 00 |.........e..(...|
[733] +12.918572 ASYNC-OUT-DONE ep=0x01 len=0 status=0 actual=16
[734] +12.963873 ASYNC-IN-DONE ep=0x81 len=40 status=0 actual=40
	0000  1d 00 00 18 f0 03 02 10  00 67 00 04 09 02 00 00 |.........g......|
	0010  00 00 04 00 0d 00 00 00  82 69 16 6a 84 52 00 44 |.........i.j.R.D|
	0020  0a 79 1b 6a c0 73 65 74                          |.y.j.set|
[735] +12.963982 ASYNC-IN-SUBMIT ep=0x81 len=0 type=BULK (in, awaiting data)
[736] +12.970401 ASYNC-OUT ep=0x01 len=16 type=BULK 
	0000  08 00 00 18 02 10 f0 03  00 66 00 08 3d 18 00 00 |.........f..=...|
[737] +12.970548 ASYNC-OUT-DONE ep=0x01 len=0 status=0 actual=16
[738] +13.040024 ASYNC-IN-DONE ep=0x81 len=40 status=0 actual=40
	0000  1d 00 00 18 f0 03 02 10  00 68 00 04 09 02 00 00 |.........h......|
	0010  00 00 04 00 0d 00 00 00  82 69 16 6a 84 52 00 44 |.........i.j.R.D|
	0020  0a 79 1b 6a c0 73 65 74                          |.y.j.set|
[739] +13.040152 ASYNC-IN-SUBMIT ep=0x81 len=0 type=BULK (in, awaiting data)
[740] +13.074485 ASYNC-OUT ep=0x01 len=16 type=BULK 
	0000  08 00 00 18 02 10 f0 03  00 67 00 08 52 18 00 00 |.........g..R...|
[741] +13.074782 ASYNC-OUT-DONE ep=0x01 len=0 status=0 actual=16
[742] +13.152658 ASYNC-IN-DONE ep=0x81 len=0 status=2 actual=0
[743] +13.152736 ASYNC-IN-SUBMIT ep=0x81 len=0 type=BULK (in, awaiting data)
[744] +13.189390 ASYNC-IN-DONE ep=0x81 len=40 status=0 actual=40
	0000  1d 00 00 18 f0 03 02 10  00 69 00 04 09 02 00 00 |.........i......|
	0010  00 00 04 00 0d 00 00 00  82 69 16 6a 84 52 00 44 |.........i.j.R.D|
	0020  0a 79 1b 6a c0 73 65 74                          |.y.j.set|
[745] +13.189491 ASYNC-IN-SUBMIT ep=0x81 len=0 type=BULK (in, awaiting data)
[746] +13.225396 ASYNC-IN-DONE ep=0x81 len=16 status=0 actual=16
	0000  08 00 00 18 ed 03 80 10  00 20 00 10 ae 02 00 00 |......... ......|
[747] +13.225446 ASYNC-IN-SUBMIT ep=0x81 len=0 type=BULK (in, awaiting data)
[748] +13.229596 ASYNC-OUT ep=0x01 len=16 type=BULK 
	0000  08 00 00 18 02 10 f0 03  00 68 00 08 67 18 00 00 |.........h..g...|
[749] +13.229762 ASYNC-OUT-DONE ep=0x01 len=0 status=0 actual=16
[750] +13.263821 ASYNC-IN-DONE ep=0x81 len=40 status=0 actual=40
	0000  1d 00 00 18 f0 03 02 10  00 6a 00 04 09 02 00 00 |.........j......|
	0010  00 00 04 00 0d 00 00 00  82 69 16 6a 84 52 00 44 |.........i.j.R.D|
	0020  0a 79 1b 6a c0 73 65 74                          |.y.j.set|
[751] +13.263939 ASYNC-IN-SUBMIT ep=0x81 len=0 type=BULK (in, awaiting data)
[752] +13.281068 ASYNC-OUT ep=0x01 len=16 type=BULK 
	0000  08 00 00 18 02 10 f0 03  00 69 00 08 7c 18 00 00 |.........i..|...|
[753] +13.281327 ASYNC-OUT-DONE ep=0x01 len=0 status=0 actual=16
[754] +13.340553 ASYNC-IN-DONE ep=0x81 len=40 status=0 actual=40
	0000  1d 00 00 18 f0 03 02 10  00 6b 00 04 09 02 00 00 |.........k......|
	0010  00 00 04 00 0d 00 00 00  82 69 16 6a 84 52 00 44 |.........i.j.R.D|
	0020  0a 79 1b 6a c0 73 65 74                          |.y.j.set|
[755] +13.340679 ASYNC-IN-SUBMIT ep=0x81 len=0 type=BULK (in, awaiting data)
[756] +13.385221 ASYNC-OUT ep=0x01 len=16 type=BULK 
	0000  08 00 00 18 02 10 f0 03  00 6a 00 08 91 18 00 00 |.........j......|
[757] +13.385488 ASYNC-OUT-DONE ep=0x01 len=0 status=0 actual=16
[758] +13.414177 ASYNC-IN-DONE ep=0x81 len=40 status=0 actual=40
	0000  1d 00 00 18 f0 03 02 10  00 6c 00 04 09 02 00 00 |.........l......|
	0010  00 00 04 00 0d 00 00 00  82 69 16 6a 84 52 00 44 |.........i.j.R.D|
	0020  0a 79 1b 6a c0 73 65 74                          |.y.j.set|
[759] +13.414301 ASYNC-IN-SUBMIT ep=0x81 len=0 type=BULK (in, awaiting data)
[760] +13.426102 ASYNC-IN-DONE ep=0x81 len=16 status=0 actual=16
	0000  08 00 00 18 ef 03 01 10  00 20 00 10 65 02 00 00 |......... ..e...|
[761] +13.426166 ASYNC-IN-SUBMIT ep=0x81 len=0 type=BULK (in, awaiting data)
[762] +13.436746 ASYNC-OUT ep=0x01 len=16 type=BULK 
	0000  08 00 00 18 80 10 ed 03  00 1f 00 10 c6 1b 00 00 |................|
[763] +13.436862 ASYNC-OUT ep=0x01 len=16 type=BULK 
	0000  08 00 00 18 02 10 f0 03  00 6b 00 08 a6 18 00 00 |.........k......|
[764] +13.436969 ASYNC-OUT-DONE ep=0x01 len=0 status=0 actual=16
[765] +13.437051 ASYNC-OUT-DONE ep=0x01 len=0 status=0 actual=16
[766] +13.489329 ASYNC-IN-DONE ep=0x81 len=40 status=0 actual=40
	0000  1d 00 00 18 f0 03 02 10  00 6d 00 04 09 02 00 00 |.........m......|
	0010  00 00 04 00 0d 00 00 00  82 69 16 6a 84 52 00 44 |.........i.j.R.D|
	0020  0a 79 1b 6a c0 73 65 74                          |.y.j.set|
[767] +13.489427 ASYNC-IN-SUBMIT ep=0x81 len=0 type=BULK (in, awaiting data)
[768] +13.540851 ASYNC-OUT ep=0x01 len=16 type=BULK 
	0000  08 00 00 18 02 10 f0 03  00 6c 00 08 bb 18 00 00 |.........l......|
[769] +13.541055 ASYNC-OUT-DONE ep=0x01 len=0 status=0 actual=16
[770] +13.564120 ASYNC-IN-DONE ep=0x81 len=40 status=0 actual=40
	0000  1d 00 00 18 f0 03 02 10  00 6e 00 04 09 02 00 00 |.........n......|
	0010  00 00 04 00 0d 00 00 00  82 69 16 6a 84 52 00 44 |.........i.j.R.D|
	0020  0a 79 1b 6a c0 73 65 74                          |.y.j.set|
[771] +13.564213 ASYNC-IN-SUBMIT ep=0x81 len=0 type=BULK (in, awaiting data)
[772] +13.591963 ASYNC-OUT ep=0x01 len=16 type=BULK 
	0000  08 00 00 18 02 10 f0 03  00 6d 00 08 d0 18 00 00 |.........m......|
[773] +13.592204 ASYNC-OUT-DONE ep=0x01 len=0 status=0 actual=16
[774] +13.641556 ASYNC-IN-DONE ep=0x81 len=40 status=0 actual=40
	0000  1d 00 00 18 f0 03 02 10  00 6f 00 04 09 02 00 00 |.........o......|
	0010  00 00 04 00 0d 00 00 00  82 69 16 6a 84 52 00 44 |.........i.j.R.D|
	0020  0a 79 1b 6a c0 73 65 74                          |.y.j.set|
[775] +13.641664 ASYNC-IN-SUBMIT ep=0x81 len=0 type=BULK (in, awaiting data)
[776] +13.643586 ASYNC-OUT ep=0x01 len=16 type=BULK 
	0000  08 00 00 18 02 10 f0 03  00 6e 00 08 e5 18 00 00 |.........n......|
[777] +13.643787 ASYNC-OUT-DONE ep=0x01 len=0 status=0 actual=16
[778] +13.694061 ASYNC-OUT ep=0x01 len=16 type=BULK 
	0000  08 00 00 18 01 10 ef 03  00 1f 00 10 93 1e 00 00 |................|
[779] +13.694280 ASYNC-OUT-DONE ep=0x01 len=0 status=0 actual=16
[780] +13.714105 ASYNC-IN-DONE ep=0x81 len=40 status=0 actual=40
	0000  1d 00 00 18 f0 03 02 10  00 70 00 04 09 02 00 00 |.........p......|
	0010  00 00 04 00 0d 00 00 00  82 69 16 6a 84 52 00 44 |.........i.j.R.D|
	0020  0a 79 1b 6a c0 73 65 74                          |.y.j.set|
[781] +13.714204 ASYNC-IN-SUBMIT ep=0x81 len=0 type=BULK (in, awaiting data)
[782] +13.746095 ASYNC-OUT ep=0x01 len=16 type=BULK 
	0000  08 00 00 18 02 10 f0 03  00 6f 00 08 fa 18 00 00 |.........o......|
[783] +13.746314 ASYNC-OUT-DONE ep=0x01 len=0 status=0 actual=16
[784] +13.789674 ASYNC-IN-DONE ep=0x81 len=40 status=0 actual=40
	0000  1d 00 00 18 f0 03 02 10  00 71 00 04 09 02 00 00 |.........q......|
	0010  00 00 04 00 0d 00 00 00  82 69 16 6a 84 52 00 44 |.........i.j.R.D|
	0020  0a 79 1b 6a c0 73 65 74                          |.y.j.set|
[785] +13.789790 ASYNC-IN-SUBMIT ep=0x81 len=0 type=BULK (in, awaiting data)
[786] +13.798150 ASYNC-OUT ep=0x01 len=16 type=BULK 
	0000  08 00 00 18 02 10 f0 03  00 70 00 08 0f 19 00 00 |.........p......|
[787] +13.798472 ASYNC-OUT-DONE ep=0x01 len=0 status=0 actual=16
[788] +13.864159 ASYNC-IN-DONE ep=0x81 len=40 status=0 actual=40
	0000  1d 00 00 18 f0 03 02 10  00 72 00 04 09 02 00 00 |.........r......|
	0010  00 00 04 00 0d 00 00 00  82 69 16 6a 84 52 00 44 |.........i.j.R.D|
	0020  0a 79 1b 6a c0 73 65 74                          |.y.j.set|
[789] +13.864277 ASYNC-IN-SUBMIT ep=0x81 len=0 type=BULK (in, awaiting data)
[790] +13.902221 ASYNC-OUT ep=0x01 len=16 type=BULK 
	0000  08 00 00 18 02 10 f0 03  00 71 00 08 24 19 00 00 |.........q..$...|
[791] +13.902443 ASYNC-OUT-DONE ep=0x01 len=0 status=0 actual=16
[792] +13.941960 ASYNC-IN-DONE ep=0x81 len=40 status=0 actual=40
	0000  1d 00 00 18 f0 03 02 10  00 73 00 04 09 02 00 00 |.........s......|
	0010  00 00 04 00 0d 00 00 00  82 69 16 6a 84 52 00 44 |.........i.j.R.D|
	0020  0a 79 1b 6a c0 73 65 74                          |.y.j.set|
[793] +13.942081 ASYNC-IN-SUBMIT ep=0x81 len=0 type=BULK (in, awaiting data)
[794] +13.953423 ASYNC-OUT ep=0x01 len=16 type=BULK 
	0000  08 00 00 18 02 10 f0 03  00 72 00 08 39 19 00 00 |.........r..9...|
[795] +13.953709 ASYNC-OUT-DONE ep=0x01 len=0 status=0 actual=16
[796] +14.014150 ASYNC-IN-DONE ep=0x81 len=40 status=0 actual=40
	0000  1d 00 00 18 f0 03 02 10  00 74 00 04 09 02 00 00 |.........t......|
	0010  00 00 04 00 0d 00 00 00  82 69 16 6a 84 52 00 44 |.........i.j.R.D|
	0020  0a 79 1b 6a c0 73 65 74                          |.y.j.set|
[797] +14.014261 ASYNC-IN-SUBMIT ep=0x81 len=0 type=BULK (in, awaiting data)
[798] +14.055249 ASYNC-OUT ep=0x01 len=16 type=BULK 
	0000  08 00 00 18 02 10 f0 03  00 73 00 08 4e 19 00 00 |.........s..N...|
[799] +14.055475 ASYNC-OUT-DONE ep=0x01 len=0 status=0 actual=16
[800] +14.089315 ASYNC-IN-DONE ep=0x81 len=40 status=0 actual=40
	0000  1d 00 00 18 f0 03 02 10  00 75 00 04 09 02 00 00 |.........u......|
	0010  00 00 04 00 0d 00 00 00  82 69 16 6a 84 52 00 44 |.........i.j.R.D|
	0020  0a 79 1b 6a c0 73 65 74                          |.y.j.set|
[801] +14.089426 ASYNC-IN-SUBMIT ep=0x81 len=0 type=BULK (in, awaiting data)
[802] +14.107277 ASYNC-OUT ep=0x01 len=16 type=BULK 
	0000  08 00 00 18 02 10 f0 03  00 74 00 08 63 19 00 00 |.........t..c...|
[803] +14.107499 ASYNC-OUT-DONE ep=0x01 len=0 status=0 actual=16
[804] +14.164105 ASYNC-IN-DONE ep=0x81 len=40 status=0 actual=40
	0000  1d 00 00 18 f0 03 02 10  00 76 00 04 09 02 00 00 |.........v......|
	0010  00 00 04 00 0d 00 00 00  82 69 16 6a 84 52 00 44 |.........i.j.R.D|
	0020  0a 79 1b 6a c0 73 65 74                          |.y.j.set|
[805] +14.164255 ASYNC-IN-SUBMIT ep=0x81 len=0 type=BULK (in, awaiting data)
[806] +14.211372 ASYNC-OUT ep=0x01 len=16 type=BULK 
	0000  08 00 00 18 02 10 f0 03  00 75 00 08 78 19 00 00 |.........u..x...|
[807] +14.211671 ASYNC-OUT-DONE ep=0x01 len=0 status=0 actual=16
[808] +14.228455 ASYNC-IN-DONE ep=0x81 len=16 status=0 actual=16
	0000  08 00 00 18 ed 03 80 10  00 21 00 10 ae 02 00 00 |.........!......|
[809] +14.228543 ASYNC-IN-SUBMIT ep=0x81 len=0 type=BULK (in, awaiting data)
[810] +14.239253 ASYNC-IN-DONE ep=0x81 len=40 status=0 actual=40
	0000  1d 00 00 18 f0 03 02 10  00 77 00 04 09 02 00 00 |.........w......|
	0010  00 00 04 00 0d 00 00 00  82 69 16 6a 84 52 00 44 |.........i.j.R.D|
	0020  0a 79 1b 6a c0 73 65 74                          |.y.j.set|
[811] +14.239382 ASYNC-IN-SUBMIT ep=0x81 len=0 type=BULK (in, awaiting data)
[812] +14.263395 ASYNC-OUT ep=0x01 len=16 type=BULK 
	0000  08 00 00 18 02 10 f0 03  00 76 00 08 8d 19 00 00 |.........v......|
[813] +14.263568 ASYNC-OUT-DONE ep=0x01 len=0 status=0 actual=16
[814] +14.313948 ASYNC-IN-DONE ep=0x81 len=40 status=0 actual=40
	0000  1d 00 00 18 f0 03 02 10  00 78 00 04 09 02 00 00 |.........x......|
	0010  00 00 04 00 0d 00 00 00  82 69 16 6a 84 52 00 44 |.........i.j.R.D|
	0020  0a 79 1b 6a c0 73 65 74                          |.y.j.set|
[815] +14.314071 ASYNC-IN-SUBMIT ep=0x81 len=0 type=BULK (in, awaiting data)
[816] +14.314874 ASYNC-OUT ep=0x01 len=16 type=BULK 
	0000  08 00 00 18 02 10 f0 03  00 77 00 08 a2 19 00 00 |.........w......|
[817] +14.315012 ASYNC-OUT-DONE ep=0x01 len=0 status=0 actual=16
[818] +14.389229 ASYNC-IN-DONE ep=0x81 len=40 status=0 actual=40
	0000  1d 00 00 18 f0 03 02 10  00 79 00 04 09 02 00 00 |.........y......|
	0010  00 00 04 00 0d 00 00 00  82 69 16 6a 84 52 00 44 |.........i.j.R.D|
	0020  0a 79 1b 6a c0 73 65 74                          |.y.j.set|
[819] +14.389384 ASYNC-IN-SUBMIT ep=0x81 len=0 type=BULK (in, awaiting data)
[820] +14.419042 ASYNC-OUT ep=0x01 len=16 type=BULK 
	0000  08 00 00 18 02 10 f0 03  00 78 00 08 b7 19 00 00 |.........x......|
[821] +14.419313 ASYNC-OUT-DONE ep=0x01 len=0 status=0 actual=16
[822] +14.429278 ASYNC-IN-DONE ep=0x81 len=16 status=0 actual=16
	0000  08 00 00 18 ef 03 01 10  00 21 00 10 65 02 00 00 |.........!..e...|
[823] +14.429349 ASYNC-IN-SUBMIT ep=0x81 len=0 type=BULK (in, awaiting data)
[824] +14.464364 ASYNC-IN-DONE ep=0x81 len=40 status=0 actual=40
	0000  1d 00 00 18 f0 03 02 10  00 7a 00 04 09 02 00 00 |.........z......|
	0010  00 00 04 00 0d 00 00 00  82 69 16 6a 84 52 00 44 |.........i.j.R.D|
	0020  0a 79 1b 6a c0 73 65 74                          |.y.j.set|
[825] +14.464490 ASYNC-IN-SUBMIT ep=0x81 len=0 type=BULK (in, awaiting data)
[826] +14.471090 ASYNC-OUT ep=0x01 len=16 type=BULK 
	0000  08 00 00 18 80 10 ed 03  00 20 00 10 c6 1b 00 00 |......... ......|
[827] +14.471216 ASYNC-OUT ep=0x01 len=16 type=BULK 
	0000  08 00 00 18 02 10 f0 03  00 79 00 08 cc 19 00 00 |.........y......|
[828] +14.471334 ASYNC-OUT-DONE ep=0x01 len=0 status=0 actual=16
[829] +14.471420 ASYNC-OUT-DONE ep=0x01 len=0 status=0 actual=16
[830] +14.539235 ASYNC-IN-DONE ep=0x81 len=40 status=0 actual=40
	0000  1d 00 00 18 f0 03 02 10  00 7b 00 04 09 02 00 00 |.........{......|
	0010  00 00 04 00 0d 00 00 00  82 69 16 6a 84 52 00 44 |.........i.j.R.D|
	0020  0a 79 1b 6a c0 73 65 74                          |.y.j.set|
[831] +14.539356 ASYNC-IN-SUBMIT ep=0x81 len=0 type=BULK (in, awaiting data)
[832] +14.575163 ASYNC-OUT ep=0x01 len=16 type=BULK 
	0000  08 00 00 18 02 10 f0 03  00 7a 00 08 e1 19 00 00 |.........z......|
[833] +14.575362 ASYNC-OUT-DONE ep=0x01 len=0 status=0 actual=16
[834] +14.614007 ASYNC-IN-DONE ep=0x81 len=40 status=0 actual=40
	0000  1d 00 00 18 f0 03 02 10  00 7c 00 04 09 02 00 00 |.........|......|
	0010  00 00 04 00 0d 00 00 00  82 69 16 6a 84 52 00 44 |.........i.j.R.D|
	0020  0a 79 1b 6a c0 73 65 74                          |.y.j.set|
[835] +14.614110 ASYNC-IN-SUBMIT ep=0x81 len=0 type=BULK (in, awaiting data)
[836] +14.627205 ASYNC-OUT ep=0x01 len=16 type=BULK 
	0000  08 00 00 18 02 10 f0 03  00 7b 00 08 f6 19 00 00 |.........{......|
[837] +14.627411 ASYNC-OUT-DONE ep=0x01 len=0 status=0 actual=16
[838] +14.689218 ASYNC-IN-DONE ep=0x81 len=40 status=0 actual=40
	0000  1d 00 00 18 f0 03 02 10  00 7d 00 04 09 02 00 00 |.........}......|
	0010  00 00 04 00 0d 00 00 00  82 69 16 6a 84 52 00 44 |.........i.j.R.D|
	0020  0a 79 1b 6a c0 73 65 74                          |.y.j.set|
[839] +14.689334 ASYNC-IN-SUBMIT ep=0x81 len=0 type=BULK (in, awaiting data)
[840] +14.731267 ASYNC-OUT ep=0x01 len=16 type=BULK 
	0000  08 00 00 18 02 10 f0 03  00 7c 00 08 0b 1a 00 00 |.........|......|
[841] +14.731358 ASYNC-OUT ep=0x01 len=16 type=BULK 
	0000  08 00 00 18 01 10 ef 03  00 20 00 10 93 1e 00 00 |......... ......|
[842] +14.731466 ASYNC-OUT-DONE ep=0x01 len=0 status=0 actual=16
[843] +14.731551 ASYNC-OUT-DONE ep=0x01 len=0 status=0 actual=16
[844] +14.764033 ASYNC-IN-DONE ep=0x81 len=40 status=0 actual=40
	0000  1d 00 00 18 f0 03 02 10  00 7e 00 04 09 02 00 00 |.........~......|
	0010  00 00 04 00 0d 00 00 00  82 69 16 6a 84 52 00 44 |.........i.j.R.D|
	0020  0a 79 1b 6a c0 73 65 74                          |.y.j.set|
[845] +14.764111 ASYNC-IN-SUBMIT ep=0x81 len=0 type=BULK (in, awaiting data)
[846] +14.783372 ASYNC-OUT ep=0x01 len=16 type=BULK 
	0000  08 00 00 18 02 10 f0 03  00 7d 00 08 20 1a 00 00 |.........}.. ...|
[847] +14.783671 ASYNC-OUT-DONE ep=0x01 len=0 status=0 actual=16
[848] +14.839186 ASYNC-IN-DONE ep=0x81 len=40 status=0 actual=40
	0000  1d 00 00 18 f0 03 02 10  00 7f 00 04 09 02 00 00 |................|
	0010  00 00 04 00 0d 00 00 00  82 69 16 6a 84 52 00 44 |.........i.j.R.D|
	0020  0a 79 1b 6a c0 73 65 74                          |.y.j.set|
[849] +14.839313 ASYNC-IN-SUBMIT ep=0x81 len=0 type=BULK (in, awaiting data)
[850] +14.887473 ASYNC-OUT ep=0x01 len=16 type=BULK 
	0000  08 00 00 18 02 10 f0 03  00 7e 00 08 35 1a 00 00 |.........~..5...|
[851] +14.887719 ASYNC-OUT-DONE ep=0x01 len=0 status=0 actual=16
[852] +14.914012 ASYNC-IN-DONE ep=0x81 len=40 status=0 actual=40
	0000  1d 00 00 18 f0 03 02 10  00 80 00 04 09 02 00 00 |................|
	0010  00 00 04 00 0d 00 00 00  82 69 16 6a 84 52 00 44 |.........i.j.R.D|
	0020  0a 79 1b 6a c0 73 65 74                          |.y.j.set|
[853] +14.914113 ASYNC-IN-SUBMIT ep=0x81 len=0 type=BULK (in, awaiting data)
[854] +14.939494 ASYNC-OUT ep=0x01 len=16 type=BULK 
	0000  08 00 00 18 02 10 f0 03  00 7f 00 08 4a 1a 00 00 |............J...|
[855] +14.939689 ASYNC-OUT-DONE ep=0x01 len=0 status=0 actual=16
[856] +14.989175 ASYNC-IN-DONE ep=0x81 len=40 status=0 actual=40
	0000  1d 00 00 18 f0 03 02 10  00 81 00 04 09 02 00 00 |................|
	0010  00 00 04 00 0d 00 00 00  82 69 16 6a 84 52 00 44 |.........i.j.R.D|
	0020  0a 79 1b 6a c0 73 65 74                          |.y.j.set|
[857] +14.989250 ASYNC-IN-SUBMIT ep=0x81 len=0 type=BULK (in, awaiting data)
[858] +14.990935 ASYNC-OUT ep=0x01 len=16 type=BULK 
	0000  08 00 00 18 02 10 f0 03  00 80 00 08 5f 1a 00 00 |............_...|
[859] +14.991062 ASYNC-OUT-DONE ep=0x01 len=0 status=0 actual=16
[860] +15.063985 ASYNC-IN-DONE ep=0x81 len=40 status=0 actual=40
	0000  1d 00 00 18 f0 03 02 10  00 82 00 04 09 02 00 00 |................|
	0010  00 00 04 00 0d 00 00 00  82 69 16 6a 84 52 00 44 |.........i.j.R.D|
	0020  0a 79 1b 6a c0 73 65 74                          |.y.j.set|
[861] +15.064133 ASYNC-IN-SUBMIT ep=0x81 len=0 type=BULK (in, awaiting data)
[862] +15.095110 ASYNC-OUT ep=0x01 len=16 type=BULK 
	0000  08 00 00 18 02 10 f0 03  00 81 00 08 74 1a 00 00 |............t...|
[863] +15.095428 ASYNC-OUT-DONE ep=0x01 len=0 status=0 actual=16
[864] +15.139211 ASYNC-IN-DONE ep=0x81 len=40 status=0 actual=40
	0000  1d 00 00 18 f0 03 02 10  00 83 00 04 09 02 00 00 |................|
	0010  00 00 04 00 0d 00 00 00  82 69 16 6a 84 52 00 44 |.........i.j.R.D|
	0020  0a 79 1b 6a c0 73 65 74                          |.y.j.set|
[865] +15.139253 ASYNC-IN-SUBMIT ep=0x81 len=0 type=BULK (in, awaiting data)
[866] +15.147155 ASYNC-OUT ep=0x01 len=16 type=BULK 
	0000  08 00 00 18 02 10 f0 03  00 82 00 08 89 1a 00 00 |................|
[867] +15.147427 ASYNC-OUT-DONE ep=0x01 len=0 status=0 actual=16
[868] +15.213896 ASYNC-IN-DONE ep=0x81 len=40 status=0 actual=40
	0000  1d 00 00 18 f0 03 02 10  00 84 00 04 09 02 00 00 |................|
	0010  00 00 04 00 0d 00 00 00  82 69 16 6a 84 52 00 44 |.........i.j.R.D|
	0020  0a 79 1b 6a c0 73 65 74                          |.y.j.set|
[869] +15.213948 ASYNC-IN-SUBMIT ep=0x81 len=0 type=BULK (in, awaiting data)
[870] +15.232215 ASYNC-IN-DONE ep=0x81 len=16 status=0 actual=16
	0000  08 00 00 18 ed 03 80 10  00 22 00 10 ae 02 00 00 |........."......|
[871] +15.232284 ASYNC-IN-SUBMIT ep=0x81 len=0 type=BULK (in, awaiting data)
[872] +15.251224 ASYNC-OUT ep=0x01 len=16 type=BULK 
	0000  08 00 00 18 02 10 f0 03  00 83 00 08 9e 1a 00 00 |................|
[873] +15.251459 ASYNC-OUT-DONE ep=0x01 len=0 status=0 actual=16
[874] +15.289151 ASYNC-IN-DONE ep=0x81 len=40 status=0 actual=40
	0000  1d 00 00 18 f0 03 02 10  00 85 00 04 09 02 00 00 |................|
	0010  00 00 04 00 0d 00 00 00  82 69 16 6a 84 52 00 44 |.........i.j.R.D|
	0020  0a 79 1b 6a c0 73 65 74                          |.y.j.set|
[875] +15.289249 ASYNC-IN-SUBMIT ep=0x81 len=0 type=BULK (in, awaiting data)
[876] +15.303261 ASYNC-OUT ep=0x01 len=16 type=BULK 
	0000  08 00 00 18 02 10 f0 03  00 84 00 08 b3 1a 00 00 |................|
[877] +15.303450 ASYNC-OUT-DONE ep=0x01 len=0 status=0 actual=16
[878] +15.363918 ASYNC-IN-DONE ep=0x81 len=40 status=0 actual=40
	0000  1d 00 00 18 f0 03 02 10  00 86 00 04 09 02 00 00 |................|
	0010  00 00 04 00 0d 00 00 00  82 69 16 6a 84 52 00 44 |.........i.j.R.D|
	0020  0a 79 1b 6a c0 73 65 74                          |.y.j.set|
[879] +15.364034 ASYNC-IN-SUBMIT ep=0x81 len=0 type=BULK (in, awaiting data)
[880] +15.407351 ASYNC-OUT ep=0x01 len=16 type=BULK 
	0000  08 00 00 18 02 10 f0 03  00 85 00 08 c8 1a 00 00 |................|
[881] +15.407562 ASYNC-OUT-DONE ep=0x01 len=0 status=0 actual=16
[882] +15.433192 ASYNC-IN-DONE ep=0x81 len=16 status=0 actual=16
	0000  08 00 00 18 ef 03 01 10  00 22 00 10 65 02 00 00 |........."..e...|
[883] +15.433251 ASYNC-IN-SUBMIT ep=0x81 len=0 type=BULK (in, awaiting data)
[884] +15.439145 ASYNC-IN-DONE ep=0x81 len=40 status=0 actual=40
	0000  1d 00 00 18 f0 03 02 10  00 87 00 04 09 02 00 00 |................|
	0010  00 00 04 00 0d 00 00 00  82 69 16 6a 84 52 00 44 |.........i.j.R.D|
	0020  0a 79 1b 6a c0 73 65 74                          |.y.j.set|
[885] +15.439239 ASYNC-IN-SUBMIT ep=0x81 len=0 type=BULK (in, awaiting data)
[886] +15.459406 ASYNC-OUT ep=0x01 len=16 type=BULK 
	0000  08 00 00 18 02 10 f0 03  00 86 00 08 dd 1a 00 00 |................|
[887] +15.459605 ASYNC-OUT-DONE ep=0x01 len=0 status=0 actual=16
[888] +15.511482 ASYNC-OUT ep=0x01 len=16 type=BULK 
	0000  08 00 00 18 80 10 ed 03  00 21 00 10 c6 1b 00 00 |.........!......|
[889] +15.511750 ASYNC-OUT-DONE ep=0x01 len=0 status=0 actual=16
[890] +15.513901 ASYNC-IN-DONE ep=0x81 len=40 status=0 actual=40
	0000  1d 00 00 18 f0 03 02 10  00 88 00 04 09 02 00 00 |................|
	0010  00 00 04 00 0d 00 00 00  82 69 16 6a 84 52 00 44 |.........i.j.R.D|
	0020  0a 79 1b 6a c0 73 65 74                          |.y.j.set|
[891] +15.514024 ASYNC-IN-SUBMIT ep=0x81 len=0 type=BULK (in, awaiting data)
[892] +15.563505 ASYNC-OUT ep=0x01 len=16 type=BULK 
	0000  08 00 00 18 02 10 f0 03  00 87 00 08 f2 1a 00 00 |................|
[893] +15.563693 ASYNC-OUT-DONE ep=0x01 len=0 status=0 actual=16
[894] +15.589652 ASYNC-IN-DONE ep=0x81 len=40 status=0 actual=40
	0000  1d 00 00 18 f0 03 02 10  00 89 00 04 09 02 00 00 |................|
	0010  00 00 04 00 0d 00 00 00  82 69 16 6a 84 52 00 44 |.........i.j.R.D|
	0020  0a 79 1b 6a c0 73 65 74                          |.y.j.set|
[895] +15.589763 ASYNC-IN-SUBMIT ep=0x81 len=0 type=BULK (in, awaiting data)
[896] +15.615586 ASYNC-OUT ep=0x01 len=16 type=BULK 
	0000  08 00 00 18 02 10 f0 03  00 88 00 08 07 1b 00 00 |................|
[897] +15.615831 ASYNC-OUT-DONE ep=0x01 len=0 status=0 actual=16
[898] +15.663902 ASYNC-IN-DONE ep=0x81 len=40 status=0 actual=40
	0000  1d 00 00 18 f0 03 02 10  00 8a 00 04 09 02 00 00 |................|
	0010  00 00 04 00 0d 00 00 00  82 69 16 6a 84 52 00 44 |.........i.j.R.D|
	0020  0a 79 1b 6a c0 73 65 74                          |.y.j.set|
[899] +15.664043 ASYNC-IN-SUBMIT ep=0x81 len=0 type=BULK (in, awaiting data)
[900] +15.666803 ASYNC-OUT ep=0x01 len=16 type=BULK 
	0000  08 00 00 18 02 10 f0 03  00 89 00 08 1c 1b 00 00 |................|
[901] +15.667025 ASYNC-OUT-DONE ep=0x01 len=0 status=0 actual=16
[902] +15.739476 ASYNC-IN-DONE ep=0x81 len=40 status=0 actual=40
	0000  1d 00 00 18 f0 03 02 10  00 8b 00 04 09 02 00 00 |................|
	0010  00 00 04 00 0d 00 00 00  82 69 16 6a 84 52 00 44 |.........i.j.R.D|
	0020  0a 79 1b 6a c0 73 65 74                          |.y.j.set|
[903] +15.739627 ASYNC-IN-SUBMIT ep=0x81 len=0 type=BULK (in, awaiting data)
[904] +15.770942 ASYNC-OUT ep=0x01 len=16 type=BULK 
	0000  08 00 00 18 02 10 f0 03  00 8a 00 08 31 1b 00 00 |............1...|
[905] +15.771109 ASYNC-OUT ep=0x01 len=16 type=BULK 
	0000  08 00 00 18 01 10 ef 03  00 21 00 10 93 1e 00 00 |.........!......|
[906] +15.771231 ASYNC-OUT-DONE ep=0x01 len=0 status=0 actual=16
[907] +15.771321 ASYNC-OUT-DONE ep=0x01 len=0 status=0 actual=16
[908] +15.814181 ASYNC-IN-DONE ep=0x81 len=40 status=0 actual=40
	0000  1d 00 00 18 f0 03 02 10  00 8c 00 04 09 02 00 00 |................|
	0010  00 00 04 00 0d 00 00 00  82 69 16 6a 84 52 00 44 |.........i.j.R.D|
	0020  0a 79 1b 6a c0 73 65 74                          |.y.j.set|
[909] +15.814309 ASYNC-IN-SUBMIT ep=0x81 len=0 type=BULK (in, awaiting data)
[910] +15.822945 ASYNC-OUT ep=0x01 len=16 type=BULK 
	0000  08 00 00 18 02 10 f0 03  00 8b 00 08 46 1b 00 00 |............F...|
[911] +15.823153 ASYNC-OUT-DONE ep=0x01 len=0 status=0 actual=16
[912] +15.889785 ASYNC-IN-DONE ep=0x81 len=40 status=0 actual=40
	0000  1d 00 00 18 f0 03 02 10  00 8d 00 04 09 02 00 00 |................|
	0010  00 00 04 00 0d 00 00 00  82 69 16 6a 84 52 00 44 |.........i.j.R.D|
	0020  0a 79 1b 6a c0 73 65 74                          |.y.j.set|
[913] +15.889826 ASYNC-IN-SUBMIT ep=0x81 len=0 type=BULK (in, awaiting data)
[914] +15.927458 ASYNC-OUT ep=0x01 len=16 type=BULK 
	0000  08 00 00 18 02 10 f0 03  00 8c 00 08 5b 1b 00 00 |............[...|
[915] +15.927718 ASYNC-OUT-DONE ep=0x01 len=0 status=0 actual=16
[916] +15.963993 ASYNC-IN-DONE ep=0x81 len=40 status=0 actual=40
	0000  1d 00 00 18 f0 03 02 10  00 8e 00 04 09 02 00 00 |................|
	0010  00 00 04 00 0d 00 00 00  82 69 16 6a 84 52 00 44 |.........i.j.R.D|
	0020  0a 79 1b 6a c0 73 65 74                          |.y.j.set|
[917] +15.964043 ASYNC-IN-SUBMIT ep=0x81 len=0 type=BULK (in, awaiting data)
[918] +15.979478 ASYNC-OUT ep=0x01 len=16 type=BULK 
	0000  08 00 00 18 02 10 f0 03  00 8d 00 08 70 1b 00 00 |............p...|
[919] +15.979684 ASYNC-OUT-DONE ep=0x01 len=0 status=0 actual=16
[920] +16.039364 ASYNC-IN-DONE ep=0x81 len=40 status=0 actual=40
	0000  1d 00 00 18 f0 03 02 10  00 8f 00 04 09 02 00 00 |................|
	0010  00 00 04 00 0d 00 00 00  82 69 16 6a 84 52 00 44 |.........i.j.R.D|
	0020  0a 79 1b 6a c0 73 65 74                          |.y.j.set|
[921] +16.039409 ASYNC-IN-SUBMIT ep=0x81 len=0 type=BULK (in, awaiting data)
[922] +16.082990 ASYNC-OUT ep=0x01 len=16 type=BULK 
	0000  08 00 00 18 02 10 f0 03  00 8e 00 08 85 1b 00 00 |................|
[923] +16.083181 ASYNC-OUT-DONE ep=0x01 len=0 status=0 actual=16
[924] +16.114137 ASYNC-IN-DONE ep=0x81 len=40 status=0 actual=40
	0000  1d 00 00 18 f0 03 02 10  00 90 00 04 09 02 00 00 |................|
	0010  00 00 04 00 0d 00 00 00  82 69 16 6a 84 52 00 44 |.........i.j.R.D|
	0020  0a 79 1b 6a c0 73 65 74                          |.y.j.set|
[925] +16.114177 ASYNC-IN-SUBMIT ep=0x81 len=0 type=BULK (in, awaiting data)
[926] +16.135077 ASYNC-OUT ep=0x01 len=16 type=BULK 
	0000  08 00 00 18 02 10 f0 03  00 8f 00 08 9a 1b 00 00 |................|
[927] +16.135370 ASYNC-OUT-DONE ep=0x01 len=0 status=0 actual=16
[928] +16.189385 ASYNC-IN-DONE ep=0x81 len=40 status=0 actual=40
	0000  1d 00 00 18 f0 03 02 10  00 91 00 04 09 02 00 00 |................|
	0010  00 00 04 00 0d 00 00 00  82 69 16 6a 84 52 00 44 |.........i.j.R.D|
	0020  0a 79 1b 6a c0 73 65 74                          |.y.j.set|
[929] +16.189439 ASYNC-IN-SUBMIT ep=0x81 len=0 type=BULK (in, awaiting data)
[930] +16.235721 ASYNC-IN-DONE ep=0x81 len=16 status=0 actual=16
	0000  08 00 00 18 ed 03 80 10  00 23 00 10 ae 02 00 00 |.........#......|
[931] +16.235757 ASYNC-IN-SUBMIT ep=0x81 len=0 type=BULK (in, awaiting data)
[932] +16.239183 ASYNC-OUT ep=0x01 len=16 type=BULK 
	0000  08 00 00 18 02 10 f0 03  00 90 00 08 af 1b 00 00 |................|
[933] +16.239468 ASYNC-OUT-DONE ep=0x01 len=0 status=0 actual=16
[934] +16.264155 ASYNC-IN-DONE ep=0x81 len=40 status=0 actual=40
	0000  1d 00 00 18 f0 03 02 10  00 92 00 04 09 02 00 00 |................|
	0010  00 00 04 00 0d 00 00 00  82 69 16 6a 84 52 00 44 |.........i.j.R.D|
	0020  0a 79 1b 6a c0 73 65 74                          |.y.j.set|
[935] +16.264191 ASYNC-IN-SUBMIT ep=0x81 len=0 type=BULK (in, awaiting data)
[936] +16.291235 ASYNC-OUT ep=0x01 len=16 type=BULK 
	0000  08 00 00 18 02 10 f0 03  00 91 00 08 c4 1b 00 00 |................|
[937] +16.291487 ASYNC-OUT-DONE ep=0x01 len=0 status=0 actual=16
[938] +16.339688 ASYNC-IN-DONE ep=0x81 len=40 status=0 actual=40
	0000  1d 00 00 18 f0 03 02 10  00 93 00 04 09 02 00 00 |................|
	0010  00 00 04 00 0d 00 00 00  82 69 16 6a 84 52 00 44 |.........i.j.R.D|
	0020  0a 79 1b 6a c0 73 65 74                          |.y.j.set|
[939] +16.339801 ASYNC-IN-SUBMIT ep=0x81 len=0 type=BULK (in, awaiting data)
[940] +16.343261 ASYNC-OUT ep=0x01 len=16 type=BULK 
	0000  08 00 00 18 02 10 f0 03  00 92 00 08 d9 1b 00 00 |................|
[941] +16.343455 ASYNC-OUT-DONE ep=0x01 len=0 status=0 actual=16
[942] +16.414139 ASYNC-IN-DONE ep=0x81 len=40 status=0 actual=40
	0000  1d 00 00 18 f0 03 02 10  00 94 00 04 09 02 00 00 |................|
	0010  00 00 04 00 0d 00 00 00  82 69 16 6a 84 52 00 44 |.........i.j.R.D|
	0020  0a 79 1b 6a c0 73 65 74                          |.y.j.set|
[943] +16.414252 ASYNC-IN-SUBMIT ep=0x81 len=0 type=BULK (in, awaiting data)
[944] +16.436051 ASYNC-IN-DONE ep=0x81 len=16 status=0 actual=16
	0000  08 00 00 18 ef 03 01 10  00 23 00 10 65 02 00 00 |.........#..e...|
[945] +16.436110 ASYNC-IN-SUBMIT ep=0x81 len=0 type=BULK (in, awaiting data)
[946] +16.447389 ASYNC-OUT ep=0x01 len=16 type=BULK 
	0000  08 00 00 18 02 10 f0 03  00 93 00 08 ee 1b 00 00 |................|
[947] +16.447586 ASYNC-OUT-DONE ep=0x01 len=0 status=0 actual=16
[948] +16.488915 ASYNC-IN-DONE ep=0x81 len=40 status=0 actual=40
	0000  1d 00 00 18 f0 03 02 10  00 95 00 04 09 02 00 00 |................|
	0010  00 00 04 00 0d 00 00 00  82 69 16 6a 84 52 00 44 |.........i.j.R.D|
	0020  0a 79 1b 6a c0 73 65 74                          |.y.j.set|
[949] +16.489016 ASYNC-IN-SUBMIT ep=0x81 len=0 type=BULK (in, awaiting data)
[950] +16.499458 ASYNC-OUT ep=0x01 len=16 type=BULK 
	0000  08 00 00 18 02 10 f0 03  00 94 00 08 03 1c 00 00 |................|
[951] +16.499680 ASYNC-OUT-DONE ep=0x01 len=0 status=0 actual=16
[952] +16.551507 ASYNC-OUT ep=0x01 len=16 type=BULK 
	0000  08 00 00 18 80 10 ed 03  00 22 00 10 c6 1b 00 00 |........."......|
[953] +16.551726 ASYNC-OUT-DONE ep=0x01 len=0 status=0 actual=16
[954] +16.564148 ASYNC-IN-DONE ep=0x81 len=40 status=0 actual=40
	0000  1d 00 00 18 f0 03 02 10  00 96 00 04 09 02 00 00 |................|
	0010  00 00 04 00 0d 00 00 00  82 69 16 6a 84 52 00 44 |.........i.j.R.D|
	0020  0a 79 1b 6a c0 73 65 74                          |.y.j.set|
[955] +16.564241 ASYNC-IN-SUBMIT ep=0x81 len=0 type=BULK (in, awaiting data)
[956] +16.603567 ASYNC-OUT ep=0x01 len=16 type=BULK 
	0000  08 00 00 18 02 10 f0 03  00 95 00 08 18 1c 00 00 |................|
[957] +16.603832 ASYNC-OUT-DONE ep=0x01 len=0 status=0 actual=16
[958] +16.639653 ASYNC-IN-DONE ep=0x81 len=40 status=0 actual=40
	0000  1d 00 00 18 f0 03 02 10  00 97 00 04 09 02 00 00 |................|
	0010  00 00 04 00 0d 00 00 00  82 69 16 6a 84 52 00 44 |.........i.j.R.D|
	0020  0a 79 1b 6a c0 73 65 74                          |.y.j.set|
[959] +16.639691 ASYNC-IN-SUBMIT ep=0x81 len=0 type=BULK (in, awaiting data)
[960] +16.655700 ASYNC-OUT ep=0x01 len=16 type=BULK 
	0000  08 00 00 18 02 10 f0 03  00 96 00 08 2d 1c 00 00 |............-...|
[961] +16.656032 ASYNC-OUT-DONE ep=0x01 len=0 status=0 actual=16
[962] +16.714085 ASYNC-IN-DONE ep=0x81 len=40 status=0 actual=40
	0000  1d 00 00 18 f0 03 02 10  00 98 00 04 09 02 00 00 |................|
	0010  00 00 04 00 0d 00 00 00  82 69 16 6a 84 52 00 44 |.........i.j.R.D|
	0020  0a 79 1b 6a c0 73 65 74                          |.y.j.set|
[963] +16.714133 ASYNC-IN-SUBMIT ep=0x81 len=0 type=BULK (in, awaiting data)
[964] +16.759773 ASYNC-OUT ep=0x01 len=16 type=BULK 
	0000  08 00 00 18 02 10 f0 03  00 97 00 08 42 1c 00 00 |............B...|
[965] +16.760109 ASYNC-OUT-DONE ep=0x01 len=0 status=0 actual=16
[966] +16.789412 ASYNC-IN-DONE ep=0x81 len=40 status=0 actual=40
	0000  1d 00 00 18 f0 03 02 10  00 99 00 04 09 02 00 00 |................|
	0010  00 00 04 00 0d 00 00 00  82 69 16 6a 84 52 00 44 |.........i.j.R.D|
	0020  0a 79 1b 6a c0 73 65 74                          |.y.j.set|
[967] +16.789572 ASYNC-IN-SUBMIT ep=0x81 len=0 type=BULK (in, awaiting data)
[968] +16.811817 ASYNC-OUT ep=0x01 len=16 type=BULK 
	0000  08 00 00 18 02 10 f0 03  00 98 00 08 57 1c 00 00 |............W...|
[969] +16.811994 ASYNC-OUT ep=0x01 len=16 type=BULK 
	0000  08 00 00 18 01 10 ef 03  00 22 00 10 93 1e 00 00 |........."......|
[970] +16.812131 ASYNC-OUT-DONE ep=0x01 len=0 status=0 actual=16
[971] +16.812186 ASYNC-OUT-DONE ep=0x01 len=0 status=0 actual=16
[972] +16.863852 ASYNC-IN-DONE ep=0x81 len=40 status=0 actual=40
	0000  1d 00 00 18 f0 03 02 10  00 9a 00 04 09 02 00 00 |................|
	0010  00 00 04 00 0d 00 00 00  82 69 16 6a 84 52 00 44 |.........i.j.R.D|
	0020  0a 79 1b 6a c0 73 65 74                          |.y.j.set|
[973] +16.864009 ASYNC-IN-SUBMIT ep=0x81 len=0 type=BULK (in, awaiting data)
[974] +16.915234 ASYNC-OUT ep=0x01 len=16 type=BULK 
	0000  08 00 00 18 02 10 f0 03  00 99 00 08 6c 1c 00 00 |............l...|
[975] +16.915525 ASYNC-OUT-DONE ep=0x01 len=0 status=0 actual=16
[976] +16.939363 ASYNC-IN-DONE ep=0x81 len=40 status=0 actual=40
	0000  1d 00 00 18 f0 03 02 10  00 9b 00 04 09 02 00 00 |................|
	0010  00 00 04 00 0d 00 00 00  82 69 16 6a 84 52 00 44 |.........i.j.R.D|
	0020  0a 79 1b 6a c0 73 65 74                          |.y.j.set|
[977] +16.939437 ASYNC-IN-SUBMIT ep=0x81 len=0 type=BULK (in, awaiting data)
[978] +16.967212 ASYNC-OUT ep=0x01 len=16 type=BULK 
	0000  08 00 00 18 02 10 f0 03  00 9a 00 08 81 1c 00 00 |................|
[979] +16.967451 ASYNC-OUT-DONE ep=0x01 len=0 status=0 actual=16
[980] +17.014508 ASYNC-IN-DONE ep=0x81 len=40 status=0 actual=40
	0000  1d 00 00 18 f0 03 02 10  00 9c 00 04 09 02 00 00 |................|
	0010  00 00 04 00 0d 00 00 00  82 69 16 6a 84 52 00 44 |.........i.j.R.D|
	0020  0a 79 1b 6a c0 73 65 74                          |.y.j.set|
[981] +17.014612 ASYNC-IN-SUBMIT ep=0x81 len=0 type=BULK (in, awaiting data)
[982] +17.019258 ASYNC-OUT ep=0x01 len=16 type=BULK 
	0000  08 00 00 18 02 10 f0 03  00 9b 00 08 96 1c 00 00 |................|
[983] +17.019446 ASYNC-OUT-DONE ep=0x01 len=0 status=0 actual=16
[984] +17.089409 ASYNC-IN-DONE ep=0x81 len=40 status=0 actual=40
	0000  1d 00 00 18 f0 03 02 10  00 9d 00 04 09 02 00 00 |................|
	0010  00 00 04 00 0d 00 00 00  82 69 16 6a 84 52 00 44 |.........i.j.R.D|
	0020  0a 79 1b 6a c0 73 65 74                          |.y.j.set|
[985] +17.089522 ASYNC-IN-SUBMIT ep=0x81 len=0 type=BULK (in, awaiting data)
[986] +17.123337 ASYNC-OUT ep=0x01 len=16 type=BULK 
	0000  08 00 00 18 02 10 f0 03  00 9c 00 08 ab 1c 00 00 |................|
[987] +17.123543 ASYNC-OUT-DONE ep=0x01 len=0 status=0 actual=16
[988] +17.163873 ASYNC-IN-DONE ep=0x81 len=40 status=0 actual=40
	0000  1d 00 00 18 f0 03 02 10  00 9e 00 04 09 02 00 00 |................|
	0010  00 00 04 00 0d 00 00 00  82 69 16 6a 84 52 00 44 |.........i.j.R.D|
	0020  0a 79 1b 6a c0 73 65 74                          |.y.j.set|
[989] +17.163983 ASYNC-IN-SUBMIT ep=0x81 len=0 type=BULK (in, awaiting data)
[990] +17.175428 ASYNC-OUT ep=0x01 len=16 type=BULK 
	0000  08 00 00 18 02 10 f0 03  00 9d 00 08 c0 1c 00 00 |................|
[991] +17.175629 ASYNC-OUT-DONE ep=0x01 len=0 status=0 actual=16
[992] +17.239670 ASYNC-IN-DONE ep=0x81 len=16 status=0 actual=16
	0000  08 00 00 18 ed 03 80 10  00 24 00 10 ae 02 00 00 |.........$......|
[993] +17.239791 ASYNC-IN-SUBMIT ep=0x81 len=0 type=BULK (in, awaiting data)
[994] +17.239952 ASYNC-IN-DONE ep=0x81 len=40 status=0 actual=40
	0000  1d 00 00 18 f0 03 02 10  00 9f 00 04 09 02 00 00 |................|
	0010  00 00 04 00 0d 00 00 00  82 69 16 6a 84 52 00 44 |.........i.j.R.D|
	0020  0a 79 1b 6a c0 73 65 74                          |.y.j.set|
[995] +17.240046 ASYNC-IN-SUBMIT ep=0x81 len=0 type=BULK (in, awaiting data)
[996] +17.279527 ASYNC-OUT ep=0x01 len=16 type=BULK 
	0000  08 00 00 18 02 10 f0 03  00 9e 00 08 d5 1c 00 00 |................|
[997] +17.279760 ASYNC-OUT-DONE ep=0x01 len=0 status=0 actual=16
[998] +17.314517 ASYNC-IN-DONE ep=0x81 len=40 status=0 actual=40
	0000  1d 00 00 18 f0 03 02 10  00 a0 00 04 09 02 00 00 |................|
	0010  00 00 04 00 0d 00 00 00  82 69 16 6a 84 52 00 44 |.........i.j.R.D|
	0020  0a 79 1b 6a c0 73 65 74                          |.y.j.set|
[999] +17.314627 ASYNC-IN-SUBMIT ep=0x81 len=0 type=BULK (in, awaiting data)
[1000] +17.330851 ASYNC-OUT ep=0x01 len=16 type=BULK 
	0000  08 00 00 18 02 10 f0 03  00 9f 00 08 ea 1c 00 00 |................|
[1001] +17.331090 ASYNC-OUT-DONE ep=0x01 len=0 status=0 actual=16
[1002] +17.388914 ASYNC-IN-DONE ep=0x81 len=40 status=0 actual=40
	0000  1d 00 00 18 f0 03 02 10  00 a1 00 04 09 02 00 00 |................|
	0010  00 00 04 00 0d 00 00 00  82 69 16 6a 84 52 00 44 |.........i.j.R.D|
	0020  0a 79 1b 6a c0 73 65 74                          |.y.j.set|
[1003] +17.389047 ASYNC-IN-SUBMIT ep=0x81 len=0 type=BULK (in, awaiting data)
[1004] +17.434969 ASYNC-OUT ep=0x01 len=16 type=BULK 
	0000  08 00 00 18 02 10 f0 03  00 a0 00 08 ff 1c 00 00 |................|
[1005] +17.435271 ASYNC-OUT-DONE ep=0x01 len=0 status=0 actual=16
[1006] +17.439965 ASYNC-IN-DONE ep=0x81 len=16 status=0 actual=16
	0000  08 00 00 18 ef 03 01 10  00 24 00 10 65 02 00 00 |.........$..e...|
[1007] +17.440026 ASYNC-IN-SUBMIT ep=0x81 len=0 type=BULK (in, awaiting data)
[1008] +17.464116 ASYNC-IN-DONE ep=0x81 len=40 status=0 actual=40
	0000  1d 00 00 18 f0 03 02 10  00 a2 00 04 09 02 00 00 |................|
	0010  00 00 04 00 0d 00 00 00  82 69 16 6a 84 52 00 44 |.........i.j.R.D|
	0020  0a 79 1b 6a c0 73 65 74                          |.y.j.set|
[1009] +17.464259 ASYNC-IN-SUBMIT ep=0x81 len=0 type=BULK (in, awaiting data)
[1010] +17.486991 ASYNC-OUT ep=0x01 len=16 type=BULK 
	0000  08 00 00 18 02 10 f0 03  00 a1 00 08 14 1d 00 00 |................|
[1011] +17.487226 ASYNC-OUT-DONE ep=0x01 len=0 status=0 actual=16
[1012] +17.538204 ASYNC-OUT ep=0x01 len=52 type=BULK 
	0000  2b 00 00 18 01 10 ef 03  00 23 00 04 93 1e 00 00 |+........#......|
	0010  01 00 02 00 1b 00 00 00  83 66 cd 03 ed 64 06 65 |.........f...d.e|
	0020  83 6b 00 6c 42 6d ac 44  49 52 3a 52 65 6c 69 65 |.k.lBm.DIR:Relie|
	0030  66 31 00 00                                      |f1..|
[1013] +17.538434 ASYNC-OUT-DONE ep=0x01 len=0 status=0 actual=52
[1014] +17.541164 ASYNC-IN-DONE ep=0x81 len=36 status=0 actual=36
	0000  19 00 00 18 ef 03 01 10  00 25 00 04 88 02 00 00 |.........%......|
	0010  00 00 02 00 09 00 00 00  83 66 cd 03 ed 67 01 68 |.........f...g.h|
	0020  c0 79 1b 6a                                      |.y.j|
[1015] +17.541204 ASYNC-IN-SUBMIT ep=0x81 len=0 type=BULK (in, awaiting data)
[1016] +17.541699 ASYNC-IN-DONE ep=0x81 len=40 status=0 actual=40
	0000  1d 00 00 18 f0 03 02 10  00 a3 00 04 09 02 00 00 |................|
	0010  00 00 04 00 0d 00 00 00  82 69 16 6a 84 52 00 44 |.........i.j.R.D|
	0020  0a 79 1b 6a c0 73 65 74                          |.y.j.set|
[1017] +17.541731 ASYNC-IN-SUBMIT ep=0x81 len=0 type=BULK (in, awaiting data)
[1018] +17.566544 ASYNC-IN-DONE ep=0x81 len=56 status=0 actual=56
	0000  2f 00 00 18 f0 03 02 10  00 a4 00 04 09 02 00 00 |/...............|
	0010  00 00 04 00 1f 00 00 00  82 69 06 6a 84 52 01 44 |.........i.j.R.D|
	0020  01 79 08 6a 83 6b 00 6c  42 6d ac 44 49 52 3a 52 |.y.j.k.lBm.DIR:R|
	0030  65 6c 69 65 66 31 00 ab                          |elief1..|
[1019] +17.566622 ASYNC-IN-SUBMIT ep=0x81 len=0 type=BULK (in, awaiting data)
[1020] +17.566968 ASYNC-IN-DONE ep=0x81 len=40 status=0 actual=40
	0000  1d 00 00 18 f0 03 02 10  00 a5 00 04 09 02 00 00 |................|
	0010  00 00 04 00 0d 00 00 00  82 69 01 6a 83 66 cd 03 |.........i.j.f..|
	0020  ed 67 00 68 c0 6b 00 6c                          |.g.h.k.l|
[1021] +17.566994 ASYNC-IN-SUBMIT ep=0x81 len=0 type=BULK (in, awaiting data)
[1022] +17.589564 ASYNC-OUT ep=0x01 len=16 type=BULK 
	0000  08 00 00 18 80 10 ed 03  00 23 00 10 c6 1b 00 00 |.........#......|
[1023] +17.589745 ASYNC-OUT ep=0x01 len=16 type=BULK 
	0000  08 00 00 18 02 10 f0 03  00 a2 00 08 65 1d 00 00 |............e...|
[1024] +17.589833 ASYNC-OUT-DONE ep=0x01 len=0 status=0 actual=16
[1025] +17.589886 ASYNC-OUT ep=0x01 len=16 type=BULK 
	0000  08 00 00 18 01 10 ef 03  00 24 00 08 a4 1e 00 00 |.........$......|
[1026] +17.589974 ASYNC-OUT-DONE ep=0x01 len=0 status=0 actual=16
[1027] +17.590078 ASYNC-OUT-DONE ep=0x01 len=0 status=0 actual=16
[1028] +17.614071 ASYNC-IN-DONE ep=0x81 len=40 status=0 actual=40
	0000  1d 00 00 18 f0 03 02 10  00 a6 00 04 09 02 00 00 |................|
	0010  00 00 04 00 0d 00 00 00  82 69 16 6a 84 52 00 44 |.........i.j.R.D|
	0020  0a 79 1b 6a c0 6b 00 6c                          |.y.j.k.l|
[1029] +17.614113 ASYNC-IN-SUBMIT ep=0x81 len=0 type=BULK (in, awaiting data)
[1030] +17.640392 ASYNC-IN-DONE ep=0x81 len=16 status=0 actual=16
	0000  08 00 00 18 ef 03 01 10  00 26 00 08 88 02 00 00 |.........&......|
[1031] +17.640442 ASYNC-IN-SUBMIT ep=0x81 len=0 type=BULK (in, awaiting data)
[1032] +17.641629 ASYNC-OUT ep=0x01 len=16 type=BULK 
	0000  08 00 00 18 02 10 f0 03  00 a3 00 08 7a 1d 00 00 |............z...|
[1033] +17.641906 ASYNC-OUT-DONE ep=0x01 len=0 status=0 actual=16
[1034] +17.689543 ASYNC-IN-DONE ep=0x81 len=40 status=0 actual=40
	0000  1d 00 00 18 f0 03 02 10  00 a7 00 04 09 02 00 00 |................|
	0010  00 00 04 00 0d 00 00 00  82 69 16 6a 84 52 00 44 |.........i.j.R.D|
	0020  0a 79 1b 6a c0 6b 00 6c                          |.y.j.k.l|
[1035] +17.689632 ASYNC-IN-SUBMIT ep=0x81 len=0 type=BULK (in, awaiting data)
[1036] +17.693656 ASYNC-OUT ep=0x01 len=16 type=BULK 
	0000  08 00 00 18 02 10 f0 03  00 a4 00 08 8f 1d 00 00 |................|
[1037] +17.693853 ASYNC-OUT-DONE ep=0x01 len=0 status=0 actual=16
[1038] +17.764472 ASYNC-IN-DONE ep=0x81 len=40 status=0 actual=40
	0000  1d 00 00 18 f0 03 02 10  00 a8 00 04 09 02 00 00 |................|
	0010  00 00 04 00 0d 00 00 00  82 69 16 6a 84 52 00 44 |.........i.j.R.D|
	0020  0a 79 1b 6a c0 6b 00 6c                          |.y.j.k.l|
[1039] +17.764590 ASYNC-IN-SUBMIT ep=0x81 len=0 type=BULK (in, awaiting data)
[1040] +17.797756 ASYNC-OUT ep=0x01 len=16 type=BULK 
	0000  08 00 00 18 02 10 f0 03  00 a5 00 08 a4 1d 00 00 |................|
[1041] +17.798008 ASYNC-OUT-DONE ep=0x01 len=0 status=0 actual=16
[1042] +17.842011 ASYNC-IN-DONE ep=0x81 len=40 status=0 actual=40
	0000  1d 00 00 18 f0 03 02 10  00 a9 00 04 09 02 00 00 |................|
	0010  00 00 04 00 0d 00 00 00  82 69 16 6a 84 52 00 44 |.........i.j.R.D|
	0020  0a 79 1b 6a c0 6b 00 6c                          |.y.j.k.l|
[1043] +17.842124 ASYNC-IN-SUBMIT ep=0x81 len=0 type=BULK (in, awaiting data)
[1044] +17.849787 ASYNC-OUT ep=0x01 len=16 type=BULK 
	0000  08 00 00 18 02 10 f0 03  00 a6 00 08 b9 1d 00 00 |................|
[1045] +17.849992 ASYNC-OUT-DONE ep=0x01 len=0 status=0 actual=16
[1046] +17.914053 ASYNC-IN-DONE ep=0x81 len=40 status=0 actual=40
	0000  1d 00 00 18 f0 03 02 10  00 aa 00 04 09 02 00 00 |................|
	0010  00 00 04 00 0d 00 00 00  82 69 16 6a 84 52 00 44 |.........i.j.R.D|
	0020  0a 79 1b 6a c0 6b 00 6c                          |.y.j.k.l|
[1047] +17.914172 ASYNC-IN-SUBMIT ep=0x81 len=0 type=BULK (in, awaiting data)
[1048] +17.953888 ASYNC-OUT ep=0x01 len=16 type=BULK 
	0000  08 00 00 18 02 10 f0 03  00 a7 00 08 ce 1d 00 00 |................|
[1049] +17.954110 ASYNC-OUT-DONE ep=0x01 len=0 status=0 actual=16
[1050] +17.989189 ASYNC-IN-DONE ep=0x81 len=40 status=0 actual=40
	0000  1d 00 00 18 f0 03 02 10  00 ab 00 04 09 02 00 00 |................|
	0010  00 00 04 00 0d 00 00 00  82 69 16 6a 84 52 00 44 |.........i.j.R.D|
	0020  0a 79 1b 6a c0 6b 00 6c                          |.y.j.k.l|
[1051] +17.989310 ASYNC-IN-SUBMIT ep=0x81 len=0 type=BULK (in, awaiting data)
[1052] +18.005940 ASYNC-OUT ep=0x01 len=16 type=BULK 
	0000  08 00 00 18 02 10 f0 03  00 a8 00 08 e3 1d 00 00 |................|
[1053] +18.006146 ASYNC-OUT-DONE ep=0x01 len=0 status=0 actual=16
[1054] +18.063992 ASYNC-IN-DONE ep=0x81 len=40 status=0 actual=40
	0000  1d 00 00 18 f0 03 02 10  00 ac 00 04 09 02 00 00 |................|
	0010  00 00 04 00 0d 00 00 00  82 69 16 6a 84 52 00 44 |.........i.j.R.D|
	0020  0a 79 1b 6a c0 6b 00 6c                          |.y.j.k.l|
[1055] +18.064084 ASYNC-IN-SUBMIT ep=0x81 len=0 type=BULK (in, awaiting data)
[1056] +18.109662 ASYNC-OUT ep=0x01 len=16 type=BULK 
	0000  08 00 00 18 02 10 f0 03  00 a9 00 08 f8 1d 00 00 |................|
[1057] +18.109896 ASYNC-OUT-DONE ep=0x01 len=0 status=0 actual=16
[1058] +18.142920 ASYNC-IN-DONE ep=0x81 len=40 status=0 actual=40
	0000  1d 00 00 18 f0 03 02 10  00 ad 00 04 09 02 00 00 |................|
	0010  00 00 04 00 0d 00 00 00  82 69 16 6a 84 52 00 44 |.........i.j.R.D|
	0020  0a 79 1b 6a c0 6b 00 6c                          |.y.j.k.l|
[1059] +18.143032 ASYNC-IN-SUBMIT ep=0x81 len=0 type=BULK (in, awaiting data)
[1060] +18.161694 ASYNC-OUT ep=0x01 len=16 type=BULK 
	0000  08 00 00 18 02 10 f0 03  00 aa 00 08 0d 1e 00 00 |................|
[1061] +18.161894 ASYNC-OUT-DONE ep=0x01 len=0 status=0 actual=16
[1062] +18.213896 ASYNC-IN-DONE ep=0x81 len=40 status=0 actual=40
	0000  1d 00 00 18 f0 03 02 10  00 ae 00 04 09 02 00 00 |................|
	0010  00 00 04 00 0d 00 00 00  82 69 16 6a 84 52 00 44 |.........i.j.R.D|
	0020  0a 79 1b 6a c0 6b 00 6c                          |.y.j.k.l|
[1063] +18.213995 ASYNC-IN-SUBMIT ep=0x81 len=0 type=BULK (in, awaiting data)
[1064] +18.242588 ASYNC-IN-DONE ep=0x81 len=16 status=0 actual=16
	0000  08 00 00 18 ed 03 80 10  00 25 00 10 ae 02 00 00 |.........%......|
[1065] +18.242652 ASYNC-IN-SUBMIT ep=0x81 len=0 type=BULK (in, awaiting data)
[1066] +18.265776 ASYNC-OUT ep=0x01 len=16 type=BULK 
	0000  08 00 00 18 02 10 f0 03  00 ab 00 08 22 1e 00 00 |............"...|
[1067] +18.265978 ASYNC-OUT-DONE ep=0x01 len=0 status=0 actual=16
[1068] +18.289123 ASYNC-IN-DONE ep=0x81 len=40 status=0 actual=40
	0000  1d 00 00 18 f0 03 02 10  00 af 00 04 09 02 00 00 |................|
	0010  00 00 04 00 0d 00 00 00  82 69 16 6a 84 52 00 44 |.........i.j.R.D|
	0020  0a 79 1b 6a c0 6b 00 6c                          |.y.j.k.l|
[1069] +18.289220 ASYNC-IN-SUBMIT ep=0x81 len=0 type=BULK (in, awaiting data)
[1070] +18.317830 ASYNC-OUT ep=0x01 len=16 type=BULK 
	0000  08 00 00 18 02 10 f0 03  00 ac 00 08 37 1e 00 00 |............7...|
[1071] +18.318052 ASYNC-OUT-DONE ep=0x01 len=0 status=0 actual=16
[1072] +18.363912 ASYNC-IN-DONE ep=0x81 len=40 status=0 actual=40
	0000  1d 00 00 18 f0 03 02 10  00 b0 00 04 09 02 00 00 |................|
	0010  00 00 04 00 0d 00 00 00  82 69 16 6a 84 52 00 44 |.........i.j.R.D|
	0020  0a 79 1b 6a c0 6b 00 6c                          |.y.j.k.l|
[1073] +18.364034 ASYNC-IN-SUBMIT ep=0x81 len=0 type=BULK (in, awaiting data)
[1074] +18.369869 ASYNC-OUT ep=0x01 len=16 type=BULK 
	0000  08 00 00 18 02 10 f0 03  00 ad 00 08 4c 1e 00 00 |............L...|
[1075] +18.370071 ASYNC-OUT-DONE ep=0x01 len=0 status=0 actual=16
[1076] +18.439651 ASYNC-IN-DONE ep=0x81 len=40 status=0 actual=40
	0000  1d 00 00 18 f0 03 02 10  00 b1 00 04 09 02 00 00 |................|
	0010  00 00 04 00 0d 00 00 00  82 69 16 6a 84 52 00 44 |.........i.j.R.D|
	0020  0a 79 1b 6a c0 6b 00 6c                          |.y.j.k.l|
[1077] +18.439755 ASYNC-IN-SUBMIT ep=0x81 len=0 type=BULK (in, awaiting data)
[1078] +18.473957 ASYNC-OUT ep=0x01 len=16 type=BULK 
	0000  08 00 00 18 02 10 f0 03  00 ae 00 08 61 1e 00 00 |............a...|
[1079] +18.474174 ASYNC-OUT-DONE ep=0x01 len=0 status=0 actual=16
[1080] +18.514171 ASYNC-IN-DONE ep=0x81 len=40 status=0 actual=40
	0000  1d 00 00 18 f0 03 02 10  00 b2 00 04 09 02 00 00 |................|
	0010  00 00 04 00 0d 00 00 00  82 69 16 6a 84 52 00 44 |.........i.j.R.D|
	0020  0a 79 1b 6a c0 6b 00 6c                          |.y.j.k.l|
[1081] +18.514264 ASYNC-IN-SUBMIT ep=0x81 len=0 type=BULK (in, awaiting data)
[1082] +18.525858 ASYNC-OUT ep=0x01 len=16 type=BULK 
	0000  08 00 00 18 02 10 f0 03  00 af 00 08 76 1e 00 00 |............v...|
[1083] +18.526071 ASYNC-OUT-DONE ep=0x01 len=0 status=0 actual=16
[1084] +18.589450 ASYNC-IN-DONE ep=0x81 len=40 status=0 actual=40
	0000  1d 00 00 18 f0 03 02 10  00 b3 00 04 09 02 00 00 |................|
	0010  00 00 04 00 0d 00 00 00  82 69 16 6a 84 52 00 44 |.........i.j.R.D|
	0020  0a 79 1b 6a c0 6b 00 6c                          |.y.j.k.l|
[1085] +18.589552 ASYNC-IN-SUBMIT ep=0x81 len=0 type=BULK (in, awaiting data)
[1086] +18.629704 ASYNC-OUT ep=0x01 len=16 type=BULK 
	0000  08 00 00 18 80 10 ed 03  00 24 00 10 c6 1b 00 00 |.........$......|
[1087] +18.629811 ASYNC-OUT ep=0x01 len=16 type=BULK 
	0000  08 00 00 18 02 10 f0 03  00 b0 00 08 8b 1e 00 00 |................|
[1088] +18.629904 ASYNC-OUT ep=0x01 len=16 type=BULK 
	0000  08 00 00 18 01 10 ef 03  00 25 00 10 a4 1e 00 00 |.........%......|
[1089] +18.629989 ASYNC-OUT-DONE ep=0x01 len=0 status=0 actual=16
[1090] +18.630040 ASYNC-OUT-DONE ep=0x01 len=0 status=0 actual=16
[1091] +18.630110 ASYNC-OUT-DONE ep=0x01 len=0 status=0 actual=16
[1092] +18.643630 ASYNC-IN-DONE ep=0x81 len=16 status=0 actual=16
	0000  08 00 00 18 ef 03 01 10  00 27 00 10 88 02 00 00 |.........'......|
[1093] +18.643699 ASYNC-IN-SUBMIT ep=0x81 len=0 type=BULK (in, awaiting data)
[1094] +18.663833 ASYNC-IN-DONE ep=0x81 len=40 status=0 actual=40
	0000  1d 00 00 18 f0 03 02 10  00 b4 00 04 09 02 00 00 |................|
	0010  00 00 04 00 0d 00 00 00  82 69 16 6a 84 52 00 44 |.........i.j.R.D|
	0020  0a 79 1b 6a c0 6b 00 6c                          |.y.j.k.l|
[1095] +18.663934 ASYNC-IN-SUBMIT ep=0x81 len=0 type=BULK (in, awaiting data)
[1096] +18.681267 ASYNC-OUT ep=0x01 len=16 type=BULK 
	0000  08 00 00 18 02 10 f0 03  00 b1 00 08 a0 1e 00 00 |................|
[1097] +18.681469 ASYNC-OUT-DONE ep=0x01 len=0 status=0 actual=16
[1098] +18.739648 ASYNC-IN-DONE ep=0x81 len=40 status=0 actual=40
	0000  1d 00 00 18 f0 03 02 10  00 b5 00 04 09 02 00 00 |................|
	0010  00 00 04 00 0d 00 00 00  82 69 16 6a 84 52 00 44 |.........i.j.R.D|
	0020  0a 79 1b 6a c0 6b 00 6c                          |.y.j.k.l|
[1099] +18.739755 ASYNC-IN-SUBMIT ep=0x81 len=0 type=BULK (in, awaiting data)
[1100] +18.785372 ASYNC-OUT ep=0x01 len=16 type=BULK 
	0000  08 00 00 18 02 10 f0 03  00 b2 00 08 b5 1e 00 00 |................|
[1101] +18.785587 ASYNC-OUT-DONE ep=0x01 len=0 status=0 actual=16
[1102] +18.813790 ASYNC-IN-DONE ep=0x81 len=40 status=0 actual=40
	0000  1d 00 00 18 f0 03 02 10  00 b6 00 04 09 02 00 00 |................|
	0010  00 00 04 00 0d 00 00 00  82 69 16 6a 84 52 00 44 |.........i.j.R.D|
	0020  0a 79 1b 6a c0 6b 00 6c                          |.y.j.k.l|
[1103] +18.813897 ASYNC-IN-SUBMIT ep=0x81 len=0 type=BULK (in, awaiting data)
[1104] +18.837465 ASYNC-OUT ep=0x01 len=16 type=BULK 
	0000  08 00 00 18 02 10 f0 03  00 b3 00 08 ca 1e 00 00 |................|
[1105] +18.837698 ASYNC-OUT-DONE ep=0x01 len=0 status=0 actual=16
[1106] +18.889803 ASYNC-IN-DONE ep=0x81 len=40 status=0 actual=40
	0000  1d 00 00 18 f0 03 02 10  00 b7 00 04 09 02 00 00 |................|
	0010  00 00 04 00 0d 00 00 00  82 69 16 6a 84 52 00 44 |.........i.j.R.D|
	0020  0a 79 1b 6a c0 6b 00 6c                          |.y.j.k.l|
[1107] +18.889909 ASYNC-IN-SUBMIT ep=0x81 len=0 type=BULK (in, awaiting data)
[1108] +18.941545 ASYNC-OUT ep=0x01 len=16 type=BULK 
	0000  08 00 00 18 02 10 f0 03  00 b4 00 08 df 1e 00 00 |................|
[1109] +18.941764 ASYNC-OUT-DONE ep=0x01 len=0 status=0 actual=16
[1110] +18.963797 ASYNC-IN-DONE ep=0x81 len=40 status=0 actual=40
	0000  1d 00 00 18 f0 03 02 10  00 b8 00 04 09 02 00 00 |................|
	0010  00 00 04 00 0d 00 00 00  82 69 16 6a 84 52 00 44 |.........i.j.R.D|
	0020  0a 79 1b 6a c0 6b 00 6c                          |.y.j.k.l|
[1111] +18.963889 ASYNC-IN-SUBMIT ep=0x81 len=0 type=BULK (in, awaiting data)
[1112] +18.993582 ASYNC-OUT ep=0x01 len=16 type=BULK 
	0000  08 00 00 18 02 10 f0 03  00 b5 00 08 f4 1e 00 00 |................|
[1113] +18.993792 ASYNC-OUT-DONE ep=0x01 len=0 status=0 actual=16
[1114] +19.039344 ASYNC-IN-DONE ep=0x81 len=40 status=0 actual=40
	0000  1d 00 00 18 f0 03 02 10  00 b9 00 04 09 02 00 00 |................|
	0010  00 00 04 00 0d 00 00 00  82 69 16 6a 84 52 00 44 |.........i.j.R.D|
	0020  0a 79 1b 6a c0 6b 00 6c                          |.y.j.k.l|
[1115] +19.039443 ASYNC-IN-SUBMIT ep=0x81 len=0 type=BULK (in, awaiting data)
[1116] +19.045656 ASYNC-OUT ep=0x01 len=16 type=BULK 
	0000  08 00 00 18 02 10 f0 03  00 b6 00 08 09 1f 00 00 |................|
[1117] +19.045838 ASYNC-OUT-DONE ep=0x01 len=0 status=0 actual=16
[1118] +19.114199 ASYNC-IN-DONE ep=0x81 len=40 status=0 actual=40
	0000  1d 00 00 18 f0 03 02 10  00 ba 00 04 09 02 00 00 |................|
	0010  00 00 04 00 0d 00 00 00  82 69 16 6a 84 52 00 44 |.........i.j.R.D|
	0020  0a 79 1b 6a c0 6b 00 6c                          |.y.j.k.l|
[1119] +19.114295 ASYNC-IN-SUBMIT ep=0x81 len=0 type=BULK (in, awaiting data)
[1120] +19.149488 ASYNC-OUT ep=0x01 len=16 type=BULK 
	0000  08 00 00 18 02 10 f0 03  00 b7 00 08 1e 1f 00 00 |................|
[1121] +19.149752 ASYNC-OUT-DONE ep=0x01 len=0 status=0 actual=16
[1122] +19.189677 ASYNC-IN-DONE ep=0x81 len=40 status=0 actual=40
	0000  1d 00 00 18 f0 03 02 10  00 bb 00 04 09 02 00 00 |................|
	0010  00 00 04 00 0d 00 00 00  82 69 16 6a 84 52 00 44 |.........i.j.R.D|
	0020  0a 79 1b 6a c0 6b 00 6c                          |.y.j.k.l|
[1123] +19.189795 ASYNC-IN-SUBMIT ep=0x81 len=0 type=BULK (in, awaiting data)
[1124] +19.201534 ASYNC-OUT ep=0x01 len=16 type=BULK 
	0000  08 00 00 18 02 10 f0 03  00 b8 00 08 33 1f 00 00 |............3...|
[1125] +19.201791 ASYNC-OUT-DONE ep=0x01 len=0 status=0 actual=16
[1126] +19.245343 ASYNC-IN-DONE ep=0x81 len=16 status=0 actual=16
	0000  08 00 00 18 ed 03 80 10  00 26 00 10 ae 02 00 00 |.........&......|
[1127] +19.245426 ASYNC-IN-SUBMIT ep=0x81 len=0 type=BULK (in, awaiting data)
[1128] +19.264449 ASYNC-IN-DONE ep=0x81 len=40 status=0 actual=40
	0000  1d 00 00 18 f0 03 02 10  00 bc 00 04 09 02 00 00 |................|
	0010  00 00 04 00 0d 00 00 00  82 69 16 6a 84 52 00 44 |.........i.j.R.D|
	0020  0a 79 1b 6a c0 6b 00 6c                          |.y.j.k.l|
[1129] +19.264534 ASYNC-IN-SUBMIT ep=0x81 len=0 type=BULK (in, awaiting data)
[1130] +19.304880 ASYNC-OUT ep=0x01 len=16 type=BULK 
	0000  08 00 00 18 02 10 f0 03  00 b9 00 08 48 1f 00 00 |............H...|
[1131] +19.305110 ASYNC-OUT-DONE ep=0x01 len=0 status=0 actual=16
[1132] +19.339248 ASYNC-IN-DONE ep=0x81 len=40 status=0 actual=40
	0000  1d 00 00 18 f0 03 02 10  00 bd 00 04 09 02 00 00 |................|
	0010  00 00 04 00 0d 00 00 00  82 69 16 6a 84 52 00 44 |.........i.j.R.D|
	0020  0a 79 1b 6a c0 6b 00 6c                          |.y.j.k.l|
[1133] +19.339381 ASYNC-IN-SUBMIT ep=0x81 len=0 type=BULK (in, awaiting data)
[1134] +19.356098 ASYNC-OUT ep=0x01 len=16 type=BULK 
	0000  08 00 00 18 02 10 f0 03  00 ba 00 08 5d 1f 00 00 |............]...|
[1135] +19.356364 ASYNC-OUT-DONE ep=0x01 len=0 status=0 actual=16
[1136] +19.414066 ASYNC-IN-DONE ep=0x81 len=40 status=0 actual=40
	0000  1d 00 00 18 f0 03 02 10  00 be 00 04 09 02 00 00 |................|
	0010  00 00 04 00 0d 00 00 00  82 69 16 6a 84 52 00 44 |.........i.j.R.D|
	0020  0a 79 1b 6a c0 6b 00 6c                          |.y.j.k.l|
[1137] +19.414206 ASYNC-IN-SUBMIT ep=0x81 len=0 type=BULK (in, awaiting data)
[1138] +19.460176 ASYNC-OUT ep=0x01 len=16 type=BULK 
	0000  08 00 00 18 02 10 f0 03  00 bb 00 08 72 1f 00 00 |............r...|
[1139] +19.460378 ASYNC-OUT-DONE ep=0x01 len=0 status=0 actual=16
[1140] +19.488811 ASYNC-IN-DONE ep=0x81 len=40 status=0 actual=40
	0000  1d 00 00 18 f0 03 02 10  00 bf 00 04 09 02 00 00 |................|
	0010  00 00 04 00 0d 00 00 00  82 69 16 6a 84 52 00 44 |.........i.j.R.D|
	0020  0a 79 1b 6a c0 6b 00 6c                          |.y.j.k.l|
[1141] +19.488901 ASYNC-IN-SUBMIT ep=0x81 len=0 type=BULK (in, awaiting data)
[1142] +19.511222 ASYNC-OUT ep=0x01 len=16 type=BULK 
	0000  08 00 00 18 02 10 f0 03  00 bc 00 08 87 1f 00 00 |................|
[1143] +19.511425 ASYNC-OUT-DONE ep=0x01 len=0 status=0 actual=16
[1144] +19.564027 ASYNC-IN-DONE ep=0x81 len=40 status=0 actual=40
	0000  1d 00 00 18 f0 03 02 10  00 c0 00 04 09 02 00 00 |................|
	0010  00 00 04 00 0d 00 00 00  82 69 16 6a 84 52 00 44 |.........i.j.R.D|
	0020  0a 79 1b 6a c0 6b 00 6c                          |.y.j.k.l|
[1145] +19.564153 ASYNC-IN-SUBMIT ep=0x81 len=0 type=BULK (in, awaiting data)
[1146] +19.614962 ASYNC-OUT ep=0x01 len=16 type=BULK 
	0000  08 00 00 18 02 10 f0 03  00 bd 00 08 9c 1f 00 00 |................|
[1147] +19.615229 ASYNC-OUT-DONE ep=0x01 len=0 status=0 actual=16
[1148] +19.639558 ASYNC-IN-DONE ep=0x81 len=40 status=0 actual=40
	0000  1d 00 00 18 f0 03 02 10  00 c1 00 04 09 02 00 00 |................|
	0010  00 00 04 00 0d 00 00 00  82 69 16 6a 84 52 00 44 |.........i.j.R.D|
	0020  0a 79 1b 6a c0 6b 00 6c                          |.y.j.k.l|
[1149] +19.639671 ASYNC-IN-SUBMIT ep=0x81 len=0 type=BULK (in, awaiting data)
[1150] +19.646549 ASYNC-IN-DONE ep=0x81 len=16 status=0 actual=16
	0000  08 00 00 18 ef 03 01 10  00 28 00 10 88 02 00 00 |.........(......|
[1151] +19.646608 ASYNC-IN-SUBMIT ep=0x81 len=0 type=BULK (in, awaiting data)
[1152] +19.666983 ASYNC-OUT ep=0x01 len=16 type=BULK 
	0000  08 00 00 18 80 10 ed 03  00 25 00 10 c6 1b 00 00 |.........%......|
[1153] +19.667087 ASYNC-OUT ep=0x01 len=16 type=BULK 
	0000  08 00 00 18 02 10 f0 03  00 be 00 08 b1 1f 00 00 |................|
[1154] +19.667178 ASYNC-OUT ep=0x01 len=16 type=BULK 
	0000  08 00 00 18 01 10 ef 03  00 26 00 10 a4 1e 00 00 |.........&......|
[1155] +19.667265 ASYNC-OUT-DONE ep=0x01 len=0 status=0 actual=16
[1156] +19.667312 ASYNC-OUT-DONE ep=0x01 len=0 status=0 actual=16
[1157] +19.667376 ASYNC-OUT-DONE ep=0x01 len=0 status=0 actual=16
[1158] +19.714012 ASYNC-IN-DONE ep=0x81 len=40 status=0 actual=40
	0000  1d 00 00 18 f0 03 02 10  00 c2 00 04 09 02 00 00 |................|
	0010  00 00 04 00 0d 00 00 00  82 69 16 6a 84 52 00 44 |.........i.j.R.D|
	0020  0a 79 1b 6a c0 6b 00 6c                          |.y.j.k.l|
[1159] +19.714088 ASYNC-IN-SUBMIT ep=0x81 len=0 type=BULK (in, awaiting data)
[1160] +19.718813 ASYNC-OUT ep=0x01 len=16 type=BULK 
	0000  08 00 00 18 02 10 f0 03  00 bf 00 08 c6 1f 00 00 |................|
[1161] +19.718935 ASYNC-OUT-DONE ep=0x01 len=0 status=0 actual=16
[1162] +19.789251 ASYNC-IN-DONE ep=0x81 len=40 status=0 actual=40
	0000  1d 00 00 18 f0 03 02 10  00 c3 00 04 09 02 00 00 |................|
	0010  00 00 04 00 0d 00 00 00  82 69 16 6a 84 52 00 44 |.........i.j.R.D|
	0020  0a 79 1b 6a c0 6b 00 6c                          |.y.j.k.l|
[1163] +19.789312 ASYNC-IN-SUBMIT ep=0x81 len=0 type=BULK (in, awaiting data)
[1164] +19.822239 ASYNC-OUT ep=0x01 len=16 type=BULK 
	0000  08 00 00 18 02 10 f0 03  00 c0 00 08 db 1f 00 00 |................|
[1165] +19.822558 ASYNC-OUT-DONE ep=0x01 len=0 status=0 actual=16
[1166] +19.864007 ASYNC-IN-DONE ep=0x81 len=40 status=0 actual=40
	0000  1d 00 00 18 f0 03 02 10  00 c4 00 04 09 02 00 00 |................|
	0010  00 00 04 00 0d 00 00 00  82 69 16 6a 84 52 00 44 |.........i.j.R.D|
	0020  0a 79 1b 6a c0 6b 00 6c                          |.y.j.k.l|
[1167] +19.864122 ASYNC-IN-SUBMIT ep=0x81 len=0 type=BULK (in, awaiting data)
[1168] +19.874252 ASYNC-OUT ep=0x01 len=16 type=BULK 
	0000  08 00 00 18 02 10 f0 03  00 c1 00 08 f0 1f 00 00 |................|
[1169] +19.874468 ASYNC-OUT-DONE ep=0x01 len=0 status=0 actual=16
[1170] +19.939141 ASYNC-IN-DONE ep=0x81 len=40 status=0 actual=40
	0000  1d 00 00 18 f0 03 02 10  00 c5 00 04 09 02 00 00 |................|
	0010  00 00 04 00 0d 00 00 00  82 69 16 6a 84 52 00 44 |.........i.j.R.D|
	0020  0a 79 1b 6a c0 6b 00 6c                          |.y.j.k.l|
[1171] +19.939257 ASYNC-IN-SUBMIT ep=0x81 len=0 type=BULK (in, awaiting data)
[1172] +19.978383 ASYNC-OUT ep=0x01 len=16 type=BULK 
	0000  08 00 00 18 02 10 f0 03  00 c2 00 08 05 20 00 00 |............. ..|
[1173] +19.978628 ASYNC-OUT-DONE ep=0x01 len=0 status=0 actual=16
[1174] +20.014336 ASYNC-IN-DONE ep=0x81 len=40 status=0 actual=40
	0000  1d 00 00 18 f0 03 02 10  00 c6 00 04 09 02 00 00 |................|
	0010  00 00 04 00 0d 00 00 00  82 69 16 6a 84 52 00 44 |.........i.j.R.D|
	0020  0a 79 1b 6a c0 6b 00 6c                          |.y.j.k.l|
[1175] +20.014489 ASYNC-IN-SUBMIT ep=0x81 len=0 type=BULK (in, awaiting data)
[1176] +20.030404 ASYNC-OUT ep=0x01 len=16 type=BULK 
	0000  08 00 00 18 02 10 f0 03  00 c3 00 08 1a 20 00 00 |............. ..|
[1177] +20.030635 ASYNC-OUT-DONE ep=0x01 len=0 status=0 actual=16
[1178] +20.089126 ASYNC-IN-DONE ep=0x81 len=40 status=0 actual=40
	0000  1d 00 00 18 f0 03 02 10  00 c7 00 04 09 02 00 00 |................|
	0010  00 00 04 00 0d 00 00 00  82 69 16 6a 84 52 00 44 |.........i.j.R.D|
	0020  0a 79 1b 6a c0 6b 00 6c                          |.y.j.k.l|
[1179] +20.089252 ASYNC-IN-SUBMIT ep=0x81 len=0 type=BULK (in, awaiting data)
[1180] +20.133549 ASYNC-OUT ep=0x01 len=16 type=BULK 
	0000  08 00 00 18 02 10 f0 03  00 c4 00 08 2f 20 00 00 |............/ ..|
[1181] +20.133914 ASYNC-OUT-DONE ep=0x01 len=0 status=0 actual=16
[1182] +20.163871 ASYNC-IN-DONE ep=0x81 len=40 status=0 actual=40
	0000  1d 00 00 18 f0 03 02 10  00 c8 00 04 09 02 00 00 |................|
	0010  00 00 04 00 0d 00 00 00  82 69 16 6a 84 52 00 44 |.........i.j.R.D|
	0020  0a 79 1b 6a c0 6b 00 6c                          |.y.j.k.l|
[1183] +20.163941 ASYNC-IN-SUBMIT ep=0x81 len=0 type=BULK (in, awaiting data)
[1184] +20.185569 ASYNC-OUT ep=0x01 len=16 type=BULK 
	0000  08 00 00 18 02 10 f0 03  00 c5 00 08 44 20 00 00 |............D ..|
[1185] +20.185788 ASYNC-OUT-DONE ep=0x01 len=0 status=0 actual=16
[1186] +20.239517 ASYNC-IN-DONE ep=0x81 len=40 status=0 actual=40
	0000  1d 00 00 18 f0 03 02 10  00 c9 00 04 09 02 00 00 |................|
	0010  00 00 04 00 0d 00 00 00  82 69 16 6a 84 52 00 44 |.........i.j.R.D|
	0020  0a 79 1b 6a c0 6b 00 6c                          |.y.j.k.l|
[1187] +20.239652 ASYNC-IN-SUBMIT ep=0x81 len=0 type=BULK (in, awaiting data)
[1188] +20.248532 ASYNC-IN-DONE ep=0x81 len=16 status=0 actual=16
	0000  08 00 00 18 ed 03 80 10  00 27 00 10 ae 02 00 00 |.........'......|
[1189] +20.248600 ASYNC-IN-SUBMIT ep=0x81 len=0 type=BULK (in, awaiting data)
[1190] +20.289448 ASYNC-OUT ep=0x01 len=16 type=BULK 
	0000  08 00 00 18 02 10 f0 03  00 c6 00 08 59 20 00 00 |............Y ..|
[1191] +20.289730 ASYNC-OUT-DONE ep=0x01 len=0 status=0 actual=16
[1192] +20.314279 ASYNC-IN-DONE ep=0x81 len=40 status=0 actual=40
	0000  1d 00 00 18 f0 03 02 10  00 ca 00 04 09 02 00 00 |................|
	0010  00 00 04 00 0d 00 00 00  82 69 16 6a 84 52 00 44 |.........i.j.R.D|
	0020  0a 79 1b 6a c0 6b 00 6c                          |.y.j.k.l|
[1193] +20.314389 ASYNC-IN-SUBMIT ep=0x81 len=0 type=BULK (in, awaiting data)
[1194] +20.340969 ASYNC-OUT ep=0x01 len=16 type=BULK 
	0000  08 00 00 18 02 10 f0 03  00 c7 00 08 6e 20 00 00 |............n ..|
[1195] +20.341197 ASYNC-OUT-DONE ep=0x01 len=0 status=0 actual=16
[1196] +20.389127 ASYNC-IN-DONE ep=0x81 len=40 status=0 actual=40
	0000  1d 00 00 18 f0 03 02 10  00 cb 00 04 09 02 00 00 |................|
	0010  00 00 04 00 0d 00 00 00  82 69 16 6a 84 52 00 44 |.........i.j.R.D|
	0020  0a 79 1b 6a c0 6b 00 6c                          |.y.j.k.l|
[1197] +20.389261 ASYNC-IN-SUBMIT ep=0x81 len=0 type=BULK (in, awaiting data)
[1198] +20.393002 ASYNC-OUT ep=0x01 len=16 type=BULK 
	0000  08 00 00 18 02 10 f0 03  00 c8 00 08 83 20 00 00 |............. ..|
[1199] +20.393196 ASYNC-OUT-DONE ep=0x01 len=0 status=0 actual=16
[1200] +20.464191 ASYNC-IN-DONE ep=0x81 len=40 status=0 actual=40
	0000  1d 00 00 18 f0 03 02 10  00 cc 00 04 09 02 00 00 |................|
	0010  00 00 04 00 0d 00 00 00  82 69 16 6a 84 52 00 44 |.........i.j.R.D|
	0020  0a 79 1b 6a c0 6b 00 6c                          |.y.j.k.l|
[1201] +20.464304 ASYNC-IN-SUBMIT ep=0x81 len=0 type=BULK (in, awaiting data)
[1202] +20.496150 ASYNC-OUT ep=0x01 len=16 type=BULK 
	0000  08 00 00 18 02 10 f0 03  00 c9 00 08 98 20 00 00 |............. ..|
[1203] +20.496366 ASYNC-OUT-DONE ep=0x01 len=0 status=0 actual=16
[1204] +20.539110 ASYNC-IN-DONE ep=0x81 len=40 status=0 actual=40
	0000  1d 00 00 18 f0 03 02 10  00 cd 00 04 09 02 00 00 |................|
	0010  00 00 04 00 0d 00 00 00  82 69 16 6a 84 52 00 44 |.........i.j.R.D|
	0020  0a 79 1b 6a c0 6b 00 6c                          |.y.j.k.l|
[1205] +20.539228 ASYNC-IN-SUBMIT ep=0x81 len=0 type=BULK (in, awaiting data)
[1206] +20.548190 ASYNC-OUT ep=0x01 len=16 type=BULK 
	0000  08 00 00 18 02 10 f0 03  00 ca 00 08 ad 20 00 00 |............. ..|
[1207] +20.548393 ASYNC-OUT-DONE ep=0x01 len=0 status=0 actual=16
[1208] +20.613946 ASYNC-IN-DONE ep=0x81 len=40 status=0 actual=40
	0000  1d 00 00 18 f0 03 02 10  00 ce 00 04 09 02 00 00 |................|
	0010  00 00 04 00 0d 00 00 00  82 69 16 6a 84 52 00 44 |.........i.j.R.D|
	0020  0a 79 1b 6a c0 6b 00 6c                          |.y.j.k.l|
[1209] +20.614116 ASYNC-IN-SUBMIT ep=0x81 len=0 type=BULK (in, awaiting data)
[1210] +20.650160 ASYNC-IN-DONE ep=0x81 len=16 status=0 actual=16
	0000  08 00 00 18 ef 03 01 10  00 29 00 10 88 02 00 00 |.........)......|
[1211] +20.650213 ASYNC-IN-SUBMIT ep=0x81 len=0 type=BULK (in, awaiting data)
[1212] +20.651356 ASYNC-OUT ep=0x01 len=16 type=BULK 
	0000  08 00 00 18 02 10 f0 03  00 cb 00 08 c2 20 00 00 |............. ..|
[1213] +20.651545 ASYNC-OUT-DONE ep=0x01 len=0 status=0 actual=16
[1214] +20.689126 ASYNC-IN-DONE ep=0x81 len=40 status=0 actual=40
	0000  1d 00 00 18 f0 03 02 10  00 cf 00 04 09 02 00 00 |................|
	0010  00 00 04 00 0d 00 00 00  82 69 16 6a 84 52 00 44 |.........i.j.R.D|
	0020  0a 79 1b 6a c0 6b 00 6c                          |.y.j.k.l|
[1215] +20.689195 ASYNC-IN-SUBMIT ep=0x81 len=0 type=BULK (in, awaiting data)
[1216] +20.702826 ASYNC-OUT ep=0x01 len=16 type=BULK 
	0000  08 00 00 18 80 10 ed 03  00 26 00 10 c6 1b 00 00 |.........&......|
[1217] +20.702907 ASYNC-OUT ep=0x01 len=16 type=BULK 
	0000  08 00 00 18 02 10 f0 03  00 cc 00 08 d7 20 00 00 |............. ..|
[1218] +20.702952 ASYNC-OUT ep=0x01 len=16 type=BULK 
	0000  08 00 00 18 01 10 ef 03  00 27 00 10 a4 1e 00 00 |.........'......|
[1219] +20.702978 ASYNC-OUT-DONE ep=0x01 len=0 status=0 actual=16
[1220] +20.703050 ASYNC-OUT-DONE ep=0x01 len=0 status=0 actual=16
[1221] +20.703060 ASYNC-OUT-DONE ep=0x01 len=0 status=0 actual=16
[1222] +20.764959 ASYNC-IN-DONE ep=0x81 len=40 status=0 actual=40
	0000  1d 00 00 18 f0 03 02 10  00 d0 00 04 09 02 00 00 |................|
	0010  00 00 04 00 0d 00 00 00  82 69 16 6a 84 52 00 44 |.........i.j.R.D|
	0020  0a 79 1b 6a c0 6b 00 6c                          |.y.j.k.l|
[1223] +20.765031 ASYNC-IN-SUBMIT ep=0x81 len=0 type=BULK (in, awaiting data)
[1224] +20.806093 ASYNC-OUT ep=0x01 len=16 type=BULK 
	0000  08 00 00 18 02 10 f0 03  00 cd 00 08 ec 20 00 00 |............. ..|
[1225] +20.806403 ASYNC-OUT-DONE ep=0x01 len=0 status=0 actual=16
[1226] +20.839498 ASYNC-IN-DONE ep=0x81 len=40 status=0 actual=40
	0000  1d 00 00 18 f0 03 02 10  00 d1 00 04 09 02 00 00 |................|
	0010  00 00 04 00 0d 00 00 00  82 69 16 6a 84 52 00 44 |.........i.j.R.D|
	0020  0a 79 1b 6a c0 6b 00 6c                          |.y.j.k.l|
[1227] +20.839660 ASYNC-IN-SUBMIT ep=0x81 len=0 type=BULK (in, awaiting data)
[1228] +20.858129 ASYNC-OUT ep=0x01 len=16 type=BULK 
	0000  08 00 00 18 02 10 f0 03  00 ce 00 08 01 21 00 00 |.............!..|
[1229] +20.858394 ASYNC-OUT-DONE ep=0x01 len=0 status=0 actual=16
[1230] +20.913865 ASYNC-IN-DONE ep=0x81 len=40 status=0 actual=40
	0000  1d 00 00 18 f0 03 02 10  00 d2 00 04 09 02 00 00 |................|
	0010  00 00 04 00 0d 00 00 00  82 69 16 6a 84 52 00 44 |.........i.j.R.D|
	0020  0a 79 1b 6a c0 6b 00 6c                          |.y.j.k.l|
[1231] +20.913972 ASYNC-IN-SUBMIT ep=0x81 len=0 type=BULK (in, awaiting data)
[1232] +20.962185 ASYNC-OUT ep=0x01 len=16 type=BULK 
	0000  08 00 00 18 02 10 f0 03  00 cf 00 08 16 21 00 00 |.............!..|
[1233] +20.962404 ASYNC-OUT-DONE ep=0x01 len=0 status=0 actual=16
[1234] +20.989804 ASYNC-IN-DONE ep=0x81 len=40 status=0 actual=40
	0000  1d 00 00 18 f0 03 02 10  00 d3 00 04 09 02 00 00 |................|
	0010  00 00 04 00 0d 00 00 00  82 69 16 6a 84 52 00 44 |.........i.j.R.D|
	0020  0a 79 1b 6a c0 6b 00 6c                          |.y.j.k.l|
[1235] +20.989907 ASYNC-IN-SUBMIT ep=0x81 len=0 type=BULK (in, awaiting data)
[1236] +21.014223 ASYNC-OUT ep=0x01 len=16 type=BULK 
	0000  08 00 00 18 02 10 f0 03  00 d0 00 08 2b 21 00 00 |............+!..|
[1237] +21.014414 ASYNC-OUT-DONE ep=0x01 len=0 status=0 actual=16
[1238] +21.066153 ASYNC-IN-DONE ep=0x81 len=40 status=0 actual=40
	0000  1d 00 00 18 f0 03 02 10  00 d4 00 04 09 02 00 00 |................|
	0010  00 00 04 00 0d 00 00 00  82 69 16 6a 84 52 00 44 |.........i.j.R.D|
	0020  0a 79 1b 6a c0 6b 00 6c                          |.y.j.k.l|
[1239] +21.066258 ASYNC-IN-SUBMIT ep=0x81 len=0 type=BULK (in, awaiting data)
[1240] +21.118306 ASYNC-OUT ep=0x01 len=16 type=BULK 
	0000  08 00 00 18 02 10 f0 03  00 d1 00 08 40 21 00 00 |............@!..|
[1241] +21.118555 ASYNC-OUT-DONE ep=0x01 len=0 status=0 actual=16
[1242] +21.139380 ASYNC-IN-DONE ep=0x81 len=40 status=0 actual=40
	0000  1d 00 00 18 f0 03 02 10  00 d5 00 04 09 02 00 00 |................|
	0010  00 00 04 00 0d 00 00 00  82 69 16 6a 84 52 00 44 |.........i.j.R.D|
	0020  0a 79 1b 6a c0 6b 00 6c                          |.y.j.k.l|
[1243] +21.139479 ASYNC-IN-SUBMIT ep=0x81 len=0 type=BULK (in, awaiting data)
[1244] +21.170358 ASYNC-OUT ep=0x01 len=16 type=BULK 
	0000  08 00 00 18 02 10 f0 03  00 d2 00 08 55 21 00 00 |............U!..|
[1245] +21.170613 ASYNC-OUT-DONE ep=0x01 len=0 status=0 actual=16
[1246] +21.213875 ASYNC-IN-DONE ep=0x81 len=40 status=0 actual=40
	0000  1d 00 00 18 f0 03 02 10  00 d6 00 04 09 02 00 00 |................|
	0010  00 00 04 00 0d 00 00 00  82 69 16 6a 84 52 00 44 |.........i.j.R.D|
	0020  0a 79 1b 6a c0 6b 00 6c                          |.y.j.k.l|
[1247] +21.213989 ASYNC-IN-SUBMIT ep=0x81 len=0 type=BULK (in, awaiting data)
[1248] +21.222437 ASYNC-OUT ep=0x01 len=16 type=BULK 
	0000  08 00 00 18 02 10 f0 03  00 d3 00 08 6a 21 00 00 |............j!..|
[1249] +21.222658 ASYNC-OUT-DONE ep=0x01 len=0 status=0 actual=16
[1250] +21.252295 ASYNC-IN-DONE ep=0x81 len=16 status=0 actual=16
	0000  08 00 00 18 ed 03 80 10  00 28 00 10 ae 02 00 00 |.........(......|
[1251] +21.252380 ASYNC-IN-SUBMIT ep=0x81 len=0 type=BULK (in, awaiting data)
[1252] +21.289849 ASYNC-IN-DONE ep=0x81 len=40 status=0 actual=40
	0000  1d 00 00 18 f0 03 02 10  00 d7 00 04 09 02 00 00 |................|
	0010  00 00 04 00 0d 00 00 00  82 69 16 6a 84 52 00 44 |.........i.j.R.D|
	0020  0a 79 1b 6a c0 6b 00 6c                          |.y.j.k.l|
[1253] +21.290001 ASYNC-IN-SUBMIT ep=0x81 len=0 type=BULK (in, awaiting data)
[1254] +21.326379 ASYNC-OUT ep=0x01 len=16 type=BULK 
	0000  08 00 00 18 02 10 f0 03  00 d4 00 08 7f 21 00 00 |.............!..|
[1255] +21.326659 ASYNC-OUT-DONE ep=0x01 len=0 status=0 actual=16
[1256] +21.366825 ASYNC-IN-DONE ep=0x81 len=40 status=0 actual=40
	0000  1d 00 00 18 f0 03 02 10  00 d8 00 04 09 02 00 00 |................|
	0010  00 00 04 00 0d 00 00 00  82 69 16 6a 84 52 00 44 |.........i.j.R.D|
	0020  0a 79 1b 6a c0 6b 00 6c                          |.y.j.k.l|
[1257] +21.366992 ASYNC-IN-SUBMIT ep=0x81 len=0 type=BULK (in, awaiting data)
[1258] +21.377998 ASYNC-OUT ep=0x01 len=16 type=BULK 
	0000  08 00 00 18 02 10 f0 03  00 d5 00 08 94 21 00 00 |.............!..|
[1259] +21.378277 ASYNC-OUT-DONE ep=0x01 len=0 status=0 actual=16
[1260] +21.439644 ASYNC-IN-DONE ep=0x81 len=40 status=0 actual=40
	0000  1d 00 00 18 f0 03 02 10  00 d9 00 04 09 02 00 00 |................|
	0010  00 00 04 00 0d 00 00 00  82 69 16 6a 84 52 00 44 |.........i.j.R.D|
	0020  0a 79 1b 6a c0 6b 00 6c                          |.y.j.k.l|
[1261] +21.439801 ASYNC-IN-SUBMIT ep=0x81 len=0 type=BULK (in, awaiting data)
[1262] +21.482025 ASYNC-OUT ep=0x01 len=16 type=BULK 
	0000  08 00 00 18 02 10 f0 03  00 d6 00 08 a9 21 00 00 |.............!..|
[1263] +21.482331 ASYNC-OUT-DONE ep=0x01 len=0 status=0 actual=16
[1264] +21.514031 ASYNC-IN-DONE ep=0x81 len=40 status=0 actual=40
	0000  1d 00 00 18 f0 03 02 10  00 da 00 04 09 02 00 00 |................|
	0010  00 00 04 00 0d 00 00 00  82 69 16 6a 84 52 00 44 |.........i.j.R.D|
	0020  0a 79 1b 6a c0 6b 00 6c                          |.y.j.k.l|
[1265] +21.514165 ASYNC-IN-SUBMIT ep=0x81 len=0 type=BULK (in, awaiting data)
[1266] +21.534057 ASYNC-OUT ep=0x01 len=16 type=BULK 
	0000  08 00 00 18 02 10 f0 03  00 d7 00 08 be 21 00 00 |.............!..|
[1267] +21.534312 ASYNC-OUT-DONE ep=0x01 len=0 status=0 actual=16
[1268] +21.588968 ASYNC-IN-DONE ep=0x81 len=40 status=0 actual=40
	0000  1d 00 00 18 f0 03 02 10  00 db 00 04 09 02 00 00 |................|
	0010  00 00 04 00 0d 00 00 00  82 69 16 6a 84 52 00 44 |.........i.j.R.D|
	0020  0a 79 1b 6a c0 6b 00 6c                          |.y.j.k.l|
[1269] +21.589138 ASYNC-IN-SUBMIT ep=0x81 len=0 type=BULK (in, awaiting data)
[1270] +21.637630 ASYNC-OUT ep=0x01 len=16 type=BULK 
	0000  08 00 00 18 02 10 f0 03  00 d8 00 08 d3 21 00 00 |.............!..|
[1271] +21.637889 ASYNC-OUT-DONE ep=0x01 len=0 status=0 actual=16
[1272] +21.653251 ASYNC-IN-DONE ep=0x81 len=16 status=0 actual=16
	0000  08 00 00 18 ef 03 01 10  00 2a 00 10 88 02 00 00 |.........*......|
[1273] +21.653312 ASYNC-IN-SUBMIT ep=0x81 len=0 type=BULK (in, awaiting data)
[1274] +21.664091 ASYNC-IN-DONE ep=0x81 len=40 status=0 actual=40
	0000  1d 00 00 18 f0 03 02 10  00 dc 00 04 09 02 00 00 |................|
	0010  00 00 04 00 0d 00 00 00  82 69 16 6a 84 52 00 44 |.........i.j.R.D|
	0020  0a 79 1b 6a c0 6b 00 6c                          |.y.j.k.l|
[1275] +21.664206 ASYNC-IN-SUBMIT ep=0x81 len=0 type=BULK (in, awaiting data)
[1276] +21.689690 ASYNC-OUT ep=0x01 len=16 type=BULK 
	0000  08 00 00 18 02 10 f0 03  00 d9 00 08 e8 21 00 00 |.............!..|
[1277] +21.689897 ASYNC-OUT-DONE ep=0x01 len=0 status=0 actual=16
[1278] +21.739594 ASYNC-IN-DONE ep=0x81 len=40 status=0 actual=40
	0000  1d 00 00 18 f0 03 02 10  00 dd 00 04 09 02 00 00 |................|
	0010  00 00 04 00 0d 00 00 00  82 69 16 6a 84 52 00 44 |.........i.j.R.D|
	0020  0a 79 1b 6a c0 6b 00 6c                          |.y.j.k.l|
[1279] +21.739709 ASYNC-IN-SUBMIT ep=0x81 len=0 type=BULK (in, awaiting data)
[1280] +21.741426 ASYNC-OUT ep=0x01 len=16 type=BULK 
	0000  08 00 00 18 80 10 ed 03  00 27 00 10 c6 1b 00 00 |.........'......|
[1281] +21.741514 ASYNC-OUT ep=0x01 len=16 type=BULK 
	0000  08 00 00 18 02 10 f0 03  00 da 00 08 fd 21 00 00 |.............!..|
[1282] +21.741565 ASYNC-OUT ep=0x01 len=52 type=BULK 
	0000  2a 00 00 18 01 10 ef 03  00 28 00 14 a4 1e 00 00 |*........(......|
	0010  01 00 02 00 1a 00 00 00  83 66 cd 03 ee 64 06 65 |.........f...d.e|
	0020  83 6b 00 6c 42 6d ab 44  49 52 3a 52 65 6c 69 65 |.k.lBm.DIR:Relie|
	0030  66 00 00 00                                      |f...|
[1283] +21.741636 ASYNC-OUT-DONE ep=0x01 len=0 status=0 actual=16
[1284] +21.741679 ASYNC-OUT-DONE ep=0x01 len=0 status=0 actual=16
[1285] +21.741746 ASYNC-OUT-DONE ep=0x01 len=0 status=0 actual=52
[1286] +21.742926 ASYNC-IN-DONE ep=0x81 len=36 status=0 actual=36
	0000  19 00 00 18 ef 03 01 10  00 2b 00 04 aa 02 00 00 |.........+......|
	0010  00 00 02 00 09 00 00 00  83 66 cd 03 ee 67 01 68 |.........f...g.h|
	0020  c0 79 1b 6a                                      |.y.j|
[1287] +21.742999 ASYNC-IN-SUBMIT ep=0x81 len=0 type=BULK (in, awaiting data)
[1288] +21.768084 ASYNC-IN-DONE ep=0x81 len=56 status=0 actual=56
	0000  2e 00 00 18 f0 03 02 10  00 de 00 04 09 02 00 00 |................|
	0010  00 00 04 00 1e 00 00 00  82 69 06 6a 84 52 01 44 |.........i.j.R.D|
	0020  01 79 08 6a 83 6b 00 6c  42 6d ab 44 49 52 3a 52 |.y.j.k.lBm.DIR:R|
	0030  65 6c 69 65 66 00 00 ab                          |elief...|
[1289] +21.768165 ASYNC-IN-SUBMIT ep=0x81 len=0 type=BULK (in, awaiting data)
[1290] +21.768504 ASYNC-IN-DONE ep=0x81 len=40 status=0 actual=40
	0000  1d 00 00 18 f0 03 02 10  00 df 00 04 09 02 00 00 |................|
	0010  00 00 04 00 0d 00 00 00  82 69 01 6a 83 66 cd 03 |.........i.j.f..|
	0020  ee 67 00 68 c0 6b 00 6c                          |.g.h.k.l|
[1291] +21.768568 ASYNC-IN-SUBMIT ep=0x81 len=0 type=BULK (in, awaiting data)
[1292] +21.792809 ASYNC-OUT ep=0x01 len=16 type=BULK 
	0000  08 00 00 18 02 10 f0 03  00 db 00 08 38 22 00 00 |............8"..|
[1293] +21.792924 ASYNC-OUT ep=0x01 len=16 type=BULK 
	0000  08 00 00 18 01 10 ef 03  00 29 00 08 b5 1e 00 00 |.........)......|
[1294] +21.793001 ASYNC-OUT-DONE ep=0x01 len=0 status=0 actual=16
[1295] +21.793060 ASYNC-OUT-DONE ep=0x01 len=0 status=0 actual=16
[1296] +21.814175 ASYNC-IN-DONE ep=0x81 len=40 status=0 actual=40
	0000  1d 00 00 18 f0 03 02 10  00 e0 00 04 09 02 00 00 |................|
	0010  00 00 04 00 0d 00 00 00  82 69 16 6a 84 52 00 44 |.........i.j.R.D|
	0020  0a 79 1b 6a c0 6b 00 6c                          |.y.j.k.l|
[1297] +21.814394 ASYNC-IN-SUBMIT ep=0x81 len=0 type=BULK (in, awaiting data)
[1298] +21.844940 ASYNC-OUT ep=0x01 len=16 type=BULK 
	0000  08 00 00 18 02 10 f0 03  00 dc 00 08 4d 22 00 00 |............M"..|
[1299] +21.845227 ASYNC-OUT-DONE ep=0x01 len=0 status=0 actual=16
[1300] +21.854508 ASYNC-IN-DONE ep=0x81 len=16 status=0 actual=16
	0000  08 00 00 18 ef 03 01 10  00 2c 00 08 aa 02 00 00 |.........,......|
[1301] +21.854543 ASYNC-IN-SUBMIT ep=0x81 len=0 type=BULK (in, awaiting data)
[1302] +21.889235 ASYNC-IN-DONE ep=0x81 len=40 status=0 actual=40
	0000  1d 00 00 18 f0 03 02 10  00 e1 00 04 09 02 00 00 |................|
	0010  00 00 04 00 0d 00 00 00  82 69 16 6a 84 52 00 44 |.........i.j.R.D|
	0020  0a 79 1b 6a c0 6b 00 6c                          |.y.j.k.l|
[1303] +21.889283 ASYNC-IN-SUBMIT ep=0x81 len=0 type=BULK (in, awaiting data)
[1304] +21.896993 ASYNC-OUT ep=0x01 len=16 type=BULK 
	0000  08 00 00 18 02 10 f0 03  00 dd 00 08 62 22 00 00 |............b"..|
[1305] +21.897268 ASYNC-OUT-DONE ep=0x01 len=0 status=0 actual=16
[1306] +21.964124 ASYNC-IN-DONE ep=0x81 len=40 status=0 actual=40
	0000  1d 00 00 18 f0 03 02 10  00 e2 00 04 09 02 00 00 |................|
	0010  00 00 04 00 0d 00 00 00  82 69 16 6a 84 52 00 44 |.........i.j.R.D|
	0020  0a 79 1b 6a c0 6b 00 6c                          |.y.j.k.l|
[1307] +21.964267 ASYNC-IN-SUBMIT ep=0x81 len=0 type=BULK (in, awaiting data)
[1308] +22.001066 ASYNC-OUT ep=0x01 len=16 type=BULK 
	0000  08 00 00 18 02 10 f0 03  00 de 00 08 77 22 00 00 |............w"..|
[1309] +22.001306 ASYNC-OUT-DONE ep=0x01 len=0 status=0 actual=16
[1310] +22.039220 ASYNC-IN-DONE ep=0x81 len=40 status=0 actual=40
	0000  1d 00 00 18 f0 03 02 10  00 e3 00 04 09 02 00 00 |................|
	0010  00 00 04 00 0d 00 00 00  82 69 16 6a 84 52 00 44 |.........i.j.R.D|
	0020  0a 79 1b 6a c0 6b 00 6c                          |.y.j.k.l|
[1311] +22.039331 ASYNC-IN-SUBMIT ep=0x81 len=0 type=BULK (in, awaiting data)
[1312] +22.053100 ASYNC-OUT ep=0x01 len=16 type=BULK 
	0000  08 00 00 18 02 10 f0 03  00 df 00 08 8c 22 00 00 |............."..|
[1313] +22.053301 ASYNC-OUT-DONE ep=0x01 len=0 status=0 actual=16
[1314] +22.114057 ASYNC-IN-DONE ep=0x81 len=40 status=0 actual=40
	0000  1d 00 00 18 f0 03 02 10  00 e4 00 04 09 02 00 00 |................|
	0010  00 00 04 00 0d 00 00 00  82 69 16 6a 84 52 00 44 |.........i.j.R.D|
	0020  0a 79 1b 6a c0 6b 00 6c                          |.y.j.k.l|
[1315] +22.114175 ASYNC-IN-SUBMIT ep=0x81 len=0 type=BULK (in, awaiting data)
[1316] +22.157220 ASYNC-OUT ep=0x01 len=16 type=BULK 
	0000  08 00 00 18 02 10 f0 03  00 e0 00 08 a1 22 00 00 |............."..|
[1317] +22.157434 ASYNC-OUT-DONE ep=0x01 len=0 status=0 actual=16
[1318] +22.189213 ASYNC-IN-DONE ep=0x81 len=40 status=0 actual=40
	0000  1d 00 00 18 f0 03 02 10  00 e5 00 04 09 02 00 00 |................|
	0010  00 00 04 00 0d 00 00 00  82 69 16 6a 84 52 00 44 |.........i.j.R.D|
	0020  0a 79 1b 6a c0 6b 00 6c                          |.y.j.k.l|
[1319] +22.189323 ASYNC-IN-SUBMIT ep=0x81 len=0 type=BULK (in, awaiting data)
[1320] +22.209237 ASYNC-OUT ep=0x01 len=16 type=BULK 
	0000  08 00 00 18 02 10 f0 03  00 e1 00 08 b6 22 00 00 |............."..|
[1321] +22.209430 ASYNC-OUT-DONE ep=0x01 len=0 status=0 actual=16
[1322] +22.255674 ASYNC-IN-DONE ep=0x81 len=16 status=0 actual=16
	0000  08 00 00 18 ed 03 80 10  00 29 00 10 ae 02 00 00 |.........)......|
[1323] +22.255739 ASYNC-IN-SUBMIT ep=0x81 len=0 type=BULK (in, awaiting data)
[1324] +22.263978 ASYNC-IN-DONE ep=0x81 len=40 status=0 actual=40
	0000  1d 00 00 18 f0 03 02 10  00 e6 00 04 09 02 00 00 |................|
	0010  00 00 04 00 0d 00 00 00  82 69 16 6a 84 52 00 44 |.........i.j.R.D|
	0020  0a 79 1b 6a c0 6b 00 6c                          |.y.j.k.l|
[1325] +22.264067 ASYNC-IN-SUBMIT ep=0x81 len=0 type=BULK (in, awaiting data)
[1326] +22.313346 ASYNC-OUT ep=0x01 len=16 type=BULK 
	0000  08 00 00 18 02 10 f0 03  00 e2 00 08 cb 22 00 00 |............."..|
[1327] +22.313576 ASYNC-OUT-DONE ep=0x01 len=0 status=0 actual=16
[1328] +22.339301 ASYNC-IN-DONE ep=0x81 len=40 status=0 actual=40
	0000  1d 00 00 18 f0 03 02 10  00 e7 00 04 09 02 00 00 |................|
	0010  00 00 04 00 0d 00 00 00  82 69 16 6a 84 52 00 44 |.........i.j.R.D|
	0020  0a 79 1b 6a c0 6b 00 6c                          |.y.j.k.l|
[1329] +22.339404 ASYNC-IN-SUBMIT ep=0x81 len=0 type=BULK (in, awaiting data)
[1330] +22.365373 ASYNC-OUT ep=0x01 len=16 type=BULK 
	0000  08 00 00 18 02 10 f0 03  00 e3 00 08 e0 22 00 00 |............."..|
[1331] +22.365571 ASYNC-OUT-DONE ep=0x01 len=0 status=0 actual=16
[1332] +22.413976 ASYNC-IN-DONE ep=0x81 len=40 status=0 actual=40
	0000  1d 00 00 18 f0 03 02 10  00 e8 00 04 09 02 00 00 |................|
	0010  00 00 04 00 0d 00 00 00  82 69 16 6a 84 52 00 44 |.........i.j.R.D|
	0020  0a 79 1b 6a c0 6b 00 6c                          |.y.j.k.l|
[1333] +22.414069 ASYNC-IN-SUBMIT ep=0x81 len=0 type=BULK (in, awaiting data)
[1334] +22.417443 ASYNC-OUT ep=0x01 len=16 type=BULK 
	0000  08 00 00 18 02 10 f0 03  00 e4 00 08 f5 22 00 00 |............."..|
[1335] +22.417641 ASYNC-OUT-DONE ep=0x01 len=0 status=0 actual=16
[1336] +22.489260 ASYNC-IN-DONE ep=0x81 len=40 status=0 actual=40
	0000  1d 00 00 18 f0 03 02 10  00 e9 00 04 09 02 00 00 |................|
	0010  00 00 04 00 0d 00 00 00  82 69 16 6a 84 52 00 44 |.........i.j.R.D|
	0020  0a 79 1b 6a c0 6b 00 6c                          |.y.j.k.l|
[1337] +22.489379 ASYNC-IN-SUBMIT ep=0x81 len=0 type=BULK (in, awaiting data)
[1338] +22.521539 ASYNC-OUT ep=0x01 len=16 type=BULK 
	0000  08 00 00 18 02 10 f0 03  00 e5 00 08 0a 23 00 00 |.............#..|
[1339] +22.521798 ASYNC-OUT-DONE ep=0x01 len=0 status=0 actual=16
[1340] +22.563963 ASYNC-IN-DONE ep=0x81 len=40 status=0 actual=40
	0000  1d 00 00 18 f0 03 02 10  00 ea 00 04 09 02 00 00 |................|
	0010  00 00 04 00 0d 00 00 00  82 69 16 6a 84 52 00 44 |.........i.j.R.D|
	0020  0a 79 1b 6a c0 6b 00 6c                          |.y.j.k.l|
[1341] +22.564068 ASYNC-IN-SUBMIT ep=0x81 len=0 type=BULK (in, awaiting data)
[1342] +22.573584 ASYNC-OUT ep=0x01 len=16 type=BULK 
	0000  08 00 00 18 02 10 f0 03  00 e6 00 08 1f 23 00 00 |.............#..|
[1343] +22.573801 ASYNC-OUT-DONE ep=0x01 len=0 status=0 actual=16
[1344] +22.639482 ASYNC-IN-DONE ep=0x81 len=40 status=0 actual=40
	0000  1d 00 00 18 f0 03 02 10  00 eb 00 04 09 02 00 00 |................|
	0010  00 00 04 00 0d 00 00 00  82 69 16 6a 84 52 00 44 |.........i.j.R.D|
	0020  0a 79 1b 6a c0 6b 00 6c                          |.y.j.k.l|
[1345] +22.639583 ASYNC-IN-SUBMIT ep=0x81 len=0 type=BULK (in, awaiting data)
[1346] +22.677680 ASYNC-OUT ep=0x01 len=16 type=BULK 
	0000  08 00 00 18 02 10 f0 03  00 e7 00 08 34 23 00 00 |............4#..|
[1347] +22.677899 ASYNC-OUT-DONE ep=0x01 len=0 status=0 actual=16
[1348] +22.713900 ASYNC-IN-DONE ep=0x81 len=40 status=0 actual=40
	0000  1d 00 00 18 f0 03 02 10  00 ec 00 04 09 02 00 00 |................|
	0010  00 00 04 00 0d 00 00 00  82 69 16 6a 84 52 00 44 |.........i.j.R.D|
	0020  0a 79 1b 6a c0 6b 00 6c                          |.y.j.k.l|
[1349] +22.713997 ASYNC-IN-SUBMIT ep=0x81 len=0 type=BULK (in, awaiting data)
[1350] +22.729737 ASYNC-OUT ep=0x01 len=16 type=BULK 
	0000  08 00 00 18 02 10 f0 03  00 e8 00 08 49 23 00 00 |............I#..|
[1351] +22.729940 ASYNC-OUT-DONE ep=0x01 len=0 status=0 actual=16
[1352] +22.781773 ASYNC-OUT ep=0x01 len=16 type=BULK 
	0000  08 00 00 18 80 10 ed 03  00 28 00 10 c6 1b 00 00 |.........(......|
[1353] +22.781981 ASYNC-OUT-DONE ep=0x01 len=0 status=0 actual=16
[1354] +22.789461 ASYNC-IN-DONE ep=0x81 len=40 status=0 actual=40
	0000  1d 00 00 18 f0 03 02 10  00 ed 00 04 09 02 00 00 |................|
	0010  00 00 04 00 0d 00 00 00  82 69 16 6a 84 52 00 44 |.........i.j.R.D|
	0020  0a 79 1b 6a c0 6b 00 6c                          |.y.j.k.l|
[1355] +22.789558 ASYNC-IN-SUBMIT ep=0x81 len=0 type=BULK (in, awaiting data)
[1356] +22.833814 ASYNC-OUT ep=0x01 len=16 type=BULK 
	0000  08 00 00 18 02 10 f0 03  00 e9 00 08 5e 23 00 00 |............^#..|
[1357] +22.833934 ASYNC-OUT ep=0x01 len=16 type=BULK 
	0000  08 00 00 18 01 10 ef 03  00 2a 00 10 b5 1e 00 00 |.........*......|
[1358] +22.834040 ASYNC-OUT-DONE ep=0x01 len=0 status=0 actual=16
[1359] +22.834114 ASYNC-OUT-DONE ep=0x01 len=0 status=0 actual=16
[1360] +22.857546 ASYNC-IN-DONE ep=0x81 len=16 status=0 actual=16
	0000  08 00 00 18 ef 03 01 10  00 2d 00 10 aa 02 00 00 |.........-......|
[1361] +22.857607 ASYNC-IN-SUBMIT ep=0x81 len=0 type=BULK (in, awaiting data)
[1362] +22.863858 ASYNC-IN-DONE ep=0x81 len=40 status=0 actual=40
	0000  1d 00 00 18 f0 03 02 10  00 ee 00 04 09 02 00 00 |................|
	0010  00 00 04 00 0d 00 00 00  82 69 16 6a 84 52 00 44 |.........i.j.R.D|
	0020  0a 79 1b 6a c0 6b 00 6c                          |.y.j.k.l|
[1363] +22.863951 ASYNC-IN-SUBMIT ep=0x81 len=0 type=BULK (in, awaiting data)
[1364] +22.885852 ASYNC-OUT ep=0x01 len=16 type=BULK 
	0000  08 00 00 18 02 10 f0 03  00 ea 00 08 73 23 00 00 |............s#..|
[1365] +22.886061 ASYNC-OUT-DONE ep=0x01 len=0 status=0 actual=16
[1366] +22.939480 ASYNC-IN-DONE ep=0x81 len=40 status=0 actual=40
	0000  1d 00 00 18 f0 03 02 10  00 ef 00 04 09 02 00 00 |................|
	0010  00 00 04 00 0d 00 00 00  82 69 16 6a 84 52 00 44 |.........i.j.R.D|
	0020  0a 79 1b 6a c0 6b 00 6c                          |.y.j.k.l|
[1367] +22.939586 ASYNC-IN-SUBMIT ep=0x81 len=0 type=BULK (in, awaiting data)
[1368] +22.989935 ASYNC-OUT ep=0x01 len=16 type=BULK 
	0000  08 00 00 18 02 10 f0 03  00 eb 00 08 88 23 00 00 |.............#..|
[1369] +22.990160 ASYNC-OUT-DONE ep=0x01 len=0 status=0 actual=16
[1370] +23.014154 ASYNC-IN-DONE ep=0x81 len=40 status=0 actual=40
	0000  1d 00 00 18 f0 03 02 10  00 f0 00 04 09 02 00 00 |................|
	0010  00 00 04 00 0d 00 00 00  82 69 16 6a 84 52 00 44 |.........i.j.R.D|
	0020  0a 79 1b 6a c0 6b 00 6c                          |.y.j.k.l|
[1371] +23.014254 ASYNC-IN-SUBMIT ep=0x81 len=0 type=BULK (in, awaiting data)
[1372] +23.041962 ASYNC-OUT ep=0x01 len=16 type=BULK 
	0000  08 00 00 18 02 10 f0 03  00 ec 00 08 9d 23 00 00 |.............#..|
[1373] +23.042163 ASYNC-OUT-DONE ep=0x01 len=0 status=0 actual=16
[1374] +23.089472 ASYNC-IN-DONE ep=0x81 len=40 status=0 actual=40
	0000  1d 00 00 18 f0 03 02 10  00 f1 00 04 09 02 00 00 |................|
	0010  00 00 04 00 0d 00 00 00  82 69 16 6a 84 52 00 44 |.........i.j.R.D|
	0020  0a 79 1b 6a c0 6b 00 6c                          |.y.j.k.l|
[1375] +23.089570 ASYNC-IN-SUBMIT ep=0x81 len=0 type=BULK (in, awaiting data)
[1376] +23.093999 ASYNC-OUT ep=0x01 len=16 type=BULK 
	0000  08 00 00 18 02 10 f0 03  00 ed 00 08 b2 23 00 00 |.............#..|
[1377] +23.094179 ASYNC-OUT-DONE ep=0x01 len=0 status=0 actual=16
[1378] +23.163821 ASYNC-IN-DONE ep=0x81 len=40 status=0 actual=40
	0000  1d 00 00 18 f0 03 02 10  00 f2 00 04 09 02 00 00 |................|
	0010  00 00 04 00 0d 00 00 00  82 69 16 6a 84 52 00 44 |.........i.j.R.D|
	0020  0a 79 1b 6a c0 6b 00 6c                          |.y.j.k.l|
[1379] +23.163919 ASYNC-IN-SUBMIT ep=0x81 len=0 type=BULK (in, awaiting data)
[1380] +23.198063 ASYNC-OUT ep=0x01 len=16 type=BULK 
	0000  08 00 00 18 02 10 f0 03  00 ee 00 08 c7 23 00 00 |.............#..|
[1381] +23.198208 ASYNC-OUT-DONE ep=0x01 len=0 status=0 actual=16
[1382] +23.239445 ASYNC-IN-DONE ep=0x81 len=40 status=0 actual=40
	0000  1d 00 00 18 f0 03 02 10  00 f3 00 04 09 02 00 00 |................|
	0010  00 00 04 00 0d 00 00 00  82 69 16 6a 84 52 00 44 |.........i.j.R.D|
	0020  0a 79 1b 6a c0 6b 00 6c                          |.y.j.k.l|
[1383] +23.239545 ASYNC-IN-SUBMIT ep=0x81 len=0 type=BULK (in, awaiting data)
[1384] +23.250102 ASYNC-OUT ep=0x01 len=16 type=BULK 
	0000  08 00 00 18 02 10 f0 03  00 ef 00 08 dc 23 00 00 |.............#..|
[1385] +23.250300 ASYNC-OUT-DONE ep=0x01 len=0 status=0 actual=16
[1386] +23.258511 ASYNC-IN-DONE ep=0x81 len=16 status=0 actual=16
	0000  08 00 00 18 ed 03 80 10  00 2a 00 10 ae 02 00 00 |.........*......|
[1387] +23.258570 ASYNC-IN-SUBMIT ep=0x81 len=0 type=BULK (in, awaiting data)
[1388] +23.314112 ASYNC-IN-DONE ep=0x81 len=40 status=0 actual=40
	0000  1d 00 00 18 f0 03 02 10  00 f4 00 04 09 02 00 00 |................|
	0010  00 00 04 00 0d 00 00 00  82 69 16 6a 84 52 00 44 |.........i.j.R.D|
	0020  0a 79 1b 6a c0 6b 00 6c                          |.y.j.k.l|
[1389] +23.314211 ASYNC-IN-SUBMIT ep=0x81 len=0 type=BULK (in, awaiting data)
[1390] +23.353743 ASYNC-OUT ep=0x01 len=16 type=BULK 
	0000  08 00 00 18 02 10 f0 03  00 f0 00 08 f1 23 00 00 |.............#..|
[1391] +23.353966 ASYNC-OUT-DONE ep=0x01 len=0 status=0 actual=16
[1392] +23.389416 ASYNC-IN-DONE ep=0x81 len=40 status=0 actual=40
	0000  1d 00 00 18 f0 03 02 10  00 f5 00 04 09 02 00 00 |................|
	0010  00 00 04 00 0d 00 00 00  82 69 16 6a 84 52 00 44 |.........i.j.R.D|
	0020  0a 79 1b 6a c0 6b 00 6c                          |.y.j.k.l|
[1393] +23.389511 ASYNC-IN-SUBMIT ep=0x81 len=0 type=BULK (in, awaiting data)
[1394] +23.405775 ASYNC-OUT ep=0x01 len=16 type=BULK 
	0000  08 00 00 18 02 10 f0 03  00 f1 00 08 06 24 00 00 |.............$..|
[1395] +23.405964 ASYNC-OUT-DONE ep=0x01 len=0 status=0 actual=16
[1396] +23.463815 ASYNC-IN-DONE ep=0x81 len=40 status=0 actual=40
	0000  1d 00 00 18 f0 03 02 10  00 f6 00 04 09 02 00 00 |................|
	0010  00 00 04 00 0d 00 00 00  82 69 16 6a 84 52 00 44 |.........i.j.R.D|
	0020  0a 79 1b 6a c0 6b 00 6c                          |.y.j.k.l|
[1397] +23.463926 ASYNC-IN-SUBMIT ep=0x81 len=0 type=BULK (in, awaiting data)
[1398] +23.509872 ASYNC-OUT ep=0x01 len=16 type=BULK 
	0000  08 00 00 18 02 10 f0 03  00 f2 00 08 1b 24 00 00 |.............$..|
[1399] +23.510094 ASYNC-OUT-DONE ep=0x01 len=0 status=0 actual=16
[1400] +23.539347 ASYNC-IN-DONE ep=0x81 len=40 status=0 actual=40
	0000  1d 00 00 18 f0 03 02 10  00 f7 00 04 09 02 00 00 |................|
	0010  00 00 04 00 0d 00 00 00  82 69 16 6a 84 52 00 44 |.........i.j.R.D|
	0020  0a 79 1b 6a c0 6b 00 6c                          |.y.j.k.l|
[1401] +23.539451 ASYNC-IN-SUBMIT ep=0x81 len=0 type=BULK (in, awaiting data)
[1402] +23.561936 ASYNC-OUT ep=0x01 len=16 type=BULK 
	0000  08 00 00 18 02 10 f0 03  00 f3 00 08 30 24 00 00 |............0$..|
[1403] +23.562137 ASYNC-OUT-DONE ep=0x01 len=0 status=0 actual=16
[1404] +23.614113 ASYNC-IN-DONE ep=0x81 len=40 status=0 actual=40
	0000  1d 00 00 18 f0 03 02 10  00 f8 00 04 09 02 00 00 |................|
	0010  00 00 04 00 0d 00 00 00  82 69 16 6a 84 52 00 44 |.........i.j.R.D|
	0020  0a 79 1b 6a c0 6b 00 6c                          |.y.j.k.l|
[1405] +23.614216 ASYNC-IN-SUBMIT ep=0x81 len=0 type=BULK (in, awaiting data)
[1406] +23.666051 ASYNC-OUT ep=0x01 len=16 type=BULK 
	0000  08 00 00 18 02 10 f0 03  00 f4 00 08 45 24 00 00 |............E$..|
[1407] +23.666310 ASYNC-OUT-DONE ep=0x01 len=0 status=0 actual=16
[1408] +23.689391 ASYNC-IN-DONE ep=0x81 len=40 status=0 actual=40
	0000  1d 00 00 18 f0 03 02 10  00 f9 00 04 09 02 00 00 |................|
	0010  00 00 04 00 0d 00 00 00  82 69 16 6a 84 52 00 44 |.........i.j.R.D|
	0020  0a 79 1b 6a c0 6b 00 6c                          |.y.j.k.l|
[1409] +23.689489 ASYNC-IN-SUBMIT ep=0x81 len=0 type=BULK (in, awaiting data)
[1410] +23.718051 ASYNC-OUT ep=0x01 len=16 type=BULK 
	0000  08 00 00 18 02 10 f0 03  00 f5 00 08 5a 24 00 00 |............Z$..|
[1411] +23.718253 ASYNC-OUT-DONE ep=0x01 len=0 status=0 actual=16
[1412] +23.764254 ASYNC-IN-DONE ep=0x81 len=40 status=0 actual=40
	0000  1d 00 00 18 f0 03 02 10  00 fa 00 04 09 02 00 00 |................|
	0010  00 00 04 00 0d 00 00 00  82 69 16 6a 84 52 00 44 |.........i.j.R.D|
	0020  0a 79 1b 6a c0 6b 00 6c                          |.y.j.k.l|
[1413] +23.764420 ASYNC-IN-SUBMIT ep=0x81 len=0 type=BULK (in, awaiting data)
[1414] +23.770106 ASYNC-OUT ep=0x01 len=16 type=BULK 
	0000  08 00 00 18 02 10 f0 03  00 f6 00 08 6f 24 00 00 |............o$..|
[1415] +23.770331 ASYNC-OUT-DONE ep=0x01 len=0 status=0 actual=16
[1416] +23.822164 ASYNC-OUT ep=0x01 len=16 type=BULK 
	0000  08 00 00 18 80 10 ed 03  00 29 00 10 c6 1b 00 00 |.........)......|
[1417] +23.822422 ASYNC-OUT-DONE ep=0x01 len=0 status=0 actual=16
[1418] +23.839385 ASYNC-IN-DONE ep=0x81 len=40 status=0 actual=40
	0000  1d 00 00 18 f0 03 02 10  00 fb 00 04 09 02 00 00 |................|
	0010  00 00 04 00 0d 00 00 00  82 69 16 6a 84 52 00 44 |.........i.j.R.D|
	0020  0a 79 1b 6a c0 6b 00 6c                          |.y.j.k.l|
[1419] +23.839490 ASYNC-IN-SUBMIT ep=0x81 len=0 type=BULK (in, awaiting data)
[1420] +23.860611 ASYNC-IN-DONE ep=0x81 len=16 status=0 actual=16
	0000  08 00 00 18 ef 03 01 10  00 2e 00 10 aa 02 00 00 |................|
[1421] +23.860673 ASYNC-IN-SUBMIT ep=0x81 len=0 type=BULK (in, awaiting data)
[1422] +23.873523 ASYNC-OUT ep=0x01 len=16 type=BULK 
	0000  08 00 00 18 02 10 f0 03  00 f7 00 08 84 24 00 00 |.............$..|
[1423] +23.873610 ASYNC-OUT ep=0x01 len=16 type=BULK 
	0000  08 00 00 18 01 10 ef 03  00 2b 00 10 b5 1e 00 00 |.........+......|
[1424] +23.873746 ASYNC-OUT-DONE ep=0x01 len=0 status=0 actual=16
[1425] +23.873783 ASYNC-OUT-DONE ep=0x01 len=0 status=0 actual=16
[1426] +23.913834 ASYNC-IN-DONE ep=0x81 len=40 status=0 actual=40
	0000  1d 00 00 18 f0 03 02 10  00 fc 00 04 09 02 00 00 |................|
	0010  00 00 04 00 0d 00 00 00  82 69 16 6a 84 52 00 44 |.........i.j.R.D|
	0020  0a 79 1b 6a c0 6b 00 6c                          |.y.j.k.l|
[1427] +23.913934 ASYNC-IN-SUBMIT ep=0x81 len=0 type=BULK (in, awaiting data)
[1428] +23.925587 ASYNC-OUT ep=0x01 len=16 type=BULK 
	0000  08 00 00 18 02 10 f0 03  00 f8 00 08 99 24 00 00 |.............$..|
[1429] +23.925805 ASYNC-OUT-DONE ep=0x01 len=0 status=0 actual=16
[1430] +23.989844 ASYNC-IN-DONE ep=0x81 len=40 status=0 actual=40
	0000  1d 00 00 18 f0 03 02 10  00 fd 00 04 09 02 00 00 |................|
	0010  00 00 04 00 0d 00 00 00  82 69 16 6a 84 52 00 44 |.........i.j.R.D|
	0020  0a 79 1b 6a c0 6b 00 6c                          |.y.j.k.l|
[1431] +23.989966 ASYNC-IN-SUBMIT ep=0x81 len=0 type=BULK (in, awaiting data)
[1432] +24.029761 ASYNC-OUT ep=0x01 len=16 type=BULK 
	0000  08 00 00 18 02 10 f0 03  00 f9 00 08 ae 24 00 00 |.............$..|
[1433] +24.029977 ASYNC-OUT-DONE ep=0x01 len=0 status=0 actual=16
[1434] +24.063794 ASYNC-IN-DONE ep=0x81 len=40 status=0 actual=40
	0000  1d 00 00 18 f0 03 02 10  00 fe 00 04 09 02 00 00 |................|
	0010  00 00 04 00 0d 00 00 00  82 69 16 6a 84 52 00 44 |.........i.j.R.D|
	0020  0a 79 1b 6a c0 6b 00 6c                          |.y.j.k.l|
[1435] +24.063893 ASYNC-IN-SUBMIT ep=0x81 len=0 type=BULK (in, awaiting data)
[1436] +24.081792 ASYNC-OUT ep=0x01 len=16 type=BULK 
	0000  08 00 00 18 02 10 f0 03  00 fa 00 08 c3 24 00 00 |.............$..|
[1437] +24.082005 ASYNC-OUT-DONE ep=0x01 len=0 status=0 actual=16
[1438] +24.139430 ASYNC-IN-DONE ep=0x81 len=40 status=0 actual=40
	0000  1d 00 00 18 f0 03 02 10  00 ff 00 04 09 02 00 00 |................|
	0010  00 00 04 00 0d 00 00 00  82 69 16 6a 84 52 00 44 |.........i.j.R.D|
	0020  0a 79 1b 6a c0 6b 00 6c                          |.y.j.k.l|
[1439] +24.139533 ASYNC-IN-SUBMIT ep=0x81 len=0 type=BULK (in, awaiting data)
[1440] +24.185880 ASYNC-OUT ep=0x01 len=16 type=BULK 
	0000  08 00 00 18 02 10 f0 03  00 fb 00 08 d8 24 00 00 |.............$..|
[1441] +24.186100 ASYNC-OUT-DONE ep=0x01 len=0 status=0 actual=16
[1442] +24.213830 ASYNC-IN-DONE ep=0x81 len=40 status=0 actual=40
	0000  1d 00 00 18 f0 03 02 10  00 00 00 04 09 02 00 00 |................|
	0010  00 00 04 00 0d 00 00 00  82 69 16 6a 84 52 00 44 |.........i.j.R.D|
	0020  0a 79 1b 6a c0 6b 00 6c                          |.y.j.k.l|
[1443] +24.213925 ASYNC-IN-SUBMIT ep=0x81 len=0 type=BULK (in, awaiting data)
[1444] +24.237924 ASYNC-OUT ep=0x01 len=16 type=BULK 
	0000  08 00 00 18 02 10 f0 03  00 fc 00 08 ed 24 00 00 |.............$..|
[1445] +24.238116 ASYNC-OUT-DONE ep=0x01 len=0 status=0 actual=16
[1446] +24.262666 ASYNC-IN-DONE ep=0x81 len=16 status=0 actual=16
	0000  08 00 00 18 ed 03 80 10  00 2b 00 10 ae 02 00 00 |.........+......|
[1447] +24.262750 ASYNC-IN-SUBMIT ep=0x81 len=0 type=BULK (in, awaiting data)
[1448] +24.289491 ASYNC-IN-DONE ep=0x81 len=40 status=0 actual=40
	0000  1d 00 00 18 f0 03 02 10  00 01 00 04 09 02 00 00 |................|
	0010  00 00 04 00 0d 00 00 00  82 69 16 6a 84 52 00 44 |.........i.j.R.D|
	0020  0a 79 1b 6a c0 6b 00 6c                          |.y.j.k.l|
[1449] +24.289598 ASYNC-IN-SUBMIT ep=0x81 len=0 type=BULK (in, awaiting data)
[1450] +24.289962 ASYNC-OUT ep=0x01 len=16 type=BULK 
	0000  08 00 00 18 02 10 f0 03  00 fd 00 08 02 25 00 00 |.............%..|
[1451] +24.290150 ASYNC-OUT-DONE ep=0x01 len=0 status=0 actual=16
[1452] +24.364166 ASYNC-IN-DONE ep=0x81 len=40 status=0 actual=40
	0000  1d 00 00 18 f0 03 02 10  00 02 00 04 09 02 00 00 |................|
	0010  00 00 04 00 0d 00 00 00  82 69 16 6a 84 52 00 44 |.........i.j.R.D|
	0020  0a 79 1b 6a c0 6b 00 6c                          |.y.j.k.l|
[1453] +24.364274 ASYNC-IN-SUBMIT ep=0x81 len=0 type=BULK (in, awaiting data)
[1454] +24.393452 ASYNC-OUT ep=0x01 len=16 type=BULK 
	0000  08 00 00 18 02 10 f0 03  00 fe 00 08 17 25 00 00 |.............%..|
[1455] +24.393644 ASYNC-OUT-DONE ep=0x01 len=0 status=0 actual=16
[1456] +24.439225 ASYNC-IN-DONE ep=0x81 len=40 status=0 actual=40
	0000  1d 00 00 18 f0 03 02 10  00 03 00 04 09 02 00 00 |................|
	0010  00 00 04 00 0d 00 00 00  82 69 16 6a 84 52 00 44 |.........i.j.R.D|
	0020  0a 79 1b 6a c0 6b 00 6c                          |.y.j.k.l|
[1457] +24.439321 ASYNC-IN-SUBMIT ep=0x81 len=0 type=BULK (in, awaiting data)
[1458] +24.445489 ASYNC-OUT ep=0x01 len=16 type=BULK 
	0000  08 00 00 18 02 10 f0 03  00 ff 00 08 2c 25 00 00 |............,%..|
[1459] +24.445669 ASYNC-OUT-DONE ep=0x01 len=0 status=0 actual=16
[1460] +24.514100 ASYNC-IN-DONE ep=0x81 len=40 status=0 actual=40
	0000  1d 00 00 18 f0 03 02 10  00 04 00 04 09 02 00 00 |................|
	0010  00 00 04 00 0d 00 00 00  82 69 16 6a 84 52 00 44 |.........i.j.R.D|
	0020  0a 79 1b 6a c0 6b 00 6c                          |.y.j.k.l|
[1461] +24.514199 ASYNC-IN-SUBMIT ep=0x81 len=0 type=BULK (in, awaiting data)
[1462] +24.549619 ASYNC-OUT ep=0x01 len=16 type=BULK 
	0000  08 00 00 18 02 10 f0 03  00 00 00 08 41 25 00 00 |............A%..|
[1463] +24.549828 ASYNC-OUT-DONE ep=0x01 len=0 status=0 actual=16
[1464] +24.588903 ASYNC-IN-DONE ep=0x81 len=40 status=0 actual=40
	0000  1d 00 00 18 f0 03 02 10  00 05 00 04 09 02 00 00 |................|
	0010  00 00 04 00 0d 00 00 00  82 69 16 6a 84 52 00 44 |.........i.j.R.D|
	0020  0a 79 1b 6a c0 6b 00 6c                          |.y.j.k.l|
[1465] +24.588996 ASYNC-IN-SUBMIT ep=0x81 len=0 type=BULK (in, awaiting data)
[1466] +24.601684 ASYNC-OUT ep=0x01 len=16 type=BULK 
	0000  08 00 00 18 02 10 f0 03  00 01 00 08 56 25 00 00 |............V%..|
[1467] +24.601884 ASYNC-OUT-DONE ep=0x01 len=0 status=0 actual=16
[1468] +24.664876 ASYNC-IN-DONE ep=0x81 len=40 status=0 actual=40
	0000  1d 00 00 18 f0 03 02 10  00 06 00 04 09 02 00 00 |................|
	0010  00 00 04 00 0d 00 00 00  82 69 16 6a 84 52 00 44 |.........i.j.R.D|
	0020  0a 79 1b 6a c0 6b 00 6c                          |.y.j.k.l|
[1469] +24.664981 ASYNC-IN-SUBMIT ep=0x81 len=0 type=BULK (in, awaiting data)
[1470] +24.705083 ASYNC-OUT ep=0x01 len=16 type=BULK 
	0000  08 00 00 18 02 10 f0 03  00 02 00 08 6b 25 00 00 |............k%..|
[1471] +24.705322 ASYNC-OUT-DONE ep=0x01 len=0 status=0 actual=16
[1472] +24.739205 ASYNC-IN-DONE ep=0x81 len=40 status=0 actual=40
	0000  1d 00 00 18 f0 03 02 10  00 07 00 04 09 02 00 00 |................|
	0010  00 00 04 00 0d 00 00 00  82 69 16 6a 84 52 00 44 |.........i.j.R.D|
	0020  0a 79 1b 6a c0 6b 00 6c                          |.y.j.k.l|
[1473] +24.739299 ASYNC-IN-SUBMIT ep=0x81 len=0 type=BULK (in, awaiting data)
[1474] +24.757118 ASYNC-OUT ep=0x01 len=16 type=BULK 
	0000  08 00 00 18 02 10 f0 03  00 03 00 08 80 25 00 00 |.............%..|
[1475] +24.757312 ASYNC-OUT-DONE ep=0x01 len=0 status=0 actual=16
[1476] +24.814087 ASYNC-IN-DONE ep=0x81 len=40 status=0 actual=40
	0000  1d 00 00 18 f0 03 02 10  00 08 00 04 09 02 00 00 |................|
	0010  00 00 04 00 0d 00 00 00  82 69 16 6a 84 52 00 44 |.........i.j.R.D|
	0020  0a 79 1b 6a c0 6b 00 6c                          |.y.j.k.l|
[1477] +24.814177 ASYNC-IN-SUBMIT ep=0x81 len=0 type=BULK (in, awaiting data)
[1478] +24.861242 ASYNC-OUT ep=0x01 len=16 type=BULK 
	0000  08 00 00 18 80 10 ed 03  00 2a 00 10 c6 1b 00 00 |.........*......|
[1479] +24.861347 ASYNC-OUT ep=0x01 len=16 type=BULK 
	0000  08 00 00 18 02 10 f0 03  00 04 00 08 95 25 00 00 |.............%..|
[1480] +24.861461 ASYNC-OUT-DONE ep=0x01 len=0 status=0 actual=16
[1481] +24.861535 ASYNC-OUT-DONE ep=0x01 len=0 status=0 actual=16
[1482] +24.864854 ASYNC-IN-DONE ep=0x81 len=16 status=0 actual=16
	0000  08 00 00 18 ef 03 01 10  00 2f 00 10 aa 02 00 00 |........./......|
[1483] +24.864920 ASYNC-IN-SUBMIT ep=0x81 len=0 type=BULK (in, awaiting data)
[1484] +24.889357 ASYNC-IN-DONE ep=0x81 len=40 status=0 actual=40
	0000  1d 00 00 18 f0 03 02 10  00 09 00 04 09 02 00 00 |................|
	0010  00 00 04 00 0d 00 00 00  82 69 16 6a 84 52 00 44 |.........i.j.R.D|
	0020  0a 79 1b 6a c0 6b 00 6c                          |.y.j.k.l|
[1485] +24.889450 ASYNC-IN-SUBMIT ep=0x81 len=0 type=BULK (in, awaiting data)
[1486] +24.913274 ASYNC-OUT ep=0x01 len=16 type=BULK 
	0000  08 00 00 18 02 10 f0 03  00 05 00 08 aa 25 00 00 |.............%..|
[1487] +24.913364 ASYNC-OUT ep=0x01 len=16 type=BULK 
	0000  08 00 00 18 01 10 ef 03  00 2c 00 10 b5 1e 00 00 |.........,......|
[1488] +24.913475 ASYNC-OUT-DONE ep=0x01 len=0 status=0 actual=16
[1489] +24.913556 ASYNC-OUT-DONE ep=0x01 len=0 status=0 actual=16
[1490] +24.965416 ASYNC-IN-DONE ep=0x81 len=40 status=0 actual=40
	0000  1d 00 00 18 f0 03 02 10  00 0a 00 04 09 02 00 00 |................|
	0010  00 00 04 00 0d 00 00 00  82 69 16 6a 84 52 00 44 |.........i.j.R.D|
	0020  0a 79 1b 6a c0 6b 00 6c                          |.y.j.k.l|
[1491] +24.965510 ASYNC-IN-SUBMIT ep=0x81 len=0 type=BULK (in, awaiting data)
[1492] +25.017355 ASYNC-OUT ep=0x01 len=16 type=BULK 
	0000  08 00 00 18 02 10 f0 03  00 06 00 08 bf 25 00 00 |.............%..|
[1493] +25.017549 ASYNC-OUT-DONE ep=0x01 len=0 status=0 actual=16
[1494] +25.038851 ASYNC-IN-DONE ep=0x81 len=40 status=0 actual=40
	0000  1d 00 00 18 f0 03 02 10  00 0b 00 04 09 02 00 00 |................|
	0010  00 00 04 00 0d 00 00 00  82 69 16 6a 84 52 00 44 |.........i.j.R.D|
	0020  0a 79 1b 6a c0 6b 00 6c                          |.y.j.k.l|
[1495] +25.038940 ASYNC-IN-SUBMIT ep=0x81 len=0 type=BULK (in, awaiting data)
[1496] +25.069426 ASYNC-OUT ep=0x01 len=16 type=BULK 
	0000  08 00 00 18 02 10 f0 03  00 07 00 08 d4 25 00 00 |.............%..|
[1497] +25.069643 ASYNC-OUT-DONE ep=0x01 len=0 status=0 actual=16
[1498] +25.114127 ASYNC-IN-DONE ep=0x81 len=40 status=0 actual=40
	0000  1d 00 00 18 f0 03 02 10  00 0c 00 04 09 02 00 00 |................|
	0010  00 00 04 00 0d 00 00 00  82 69 16 6a 84 52 00 44 |.........i.j.R.D|
	0020  0a 79 1b 6a c0 6b 00 6c                          |.y.j.k.l|
[1499] +25.114233 ASYNC-IN-SUBMIT ep=0x81 len=0 type=BULK (in, awaiting data)
[1500] +25.120657 ASYNC-OUT ep=0x01 len=16 type=BULK 
	0000  08 00 00 18 02 10 f0 03  00 08 00 08 e9 25 00 00 |.............%..|
[1501] +25.120863 ASYNC-OUT-DONE ep=0x01 len=0 status=0 actual=16
[1502] +25.189144 ASYNC-IN-DONE ep=0x81 len=40 status=0 actual=40
	0000  1d 00 00 18 f0 03 02 10  00 0d 00 04 09 02 00 00 |................|
	0010  00 00 04 00 0d 00 00 00  82 69 16 6a 84 52 00 44 |.........i.j.R.D|
	0020  0a 79 1b 6a c0 6b 00 6c                          |.y.j.k.l|
[1503] +25.189242 ASYNC-IN-SUBMIT ep=0x81 len=0 type=BULK (in, awaiting data)
[1504] +25.224738 ASYNC-OUT ep=0x01 len=16 type=BULK 
	0000  08 00 00 18 02 10 f0 03  00 09 00 08 fe 25 00 00 |.............%..|
[1505] +25.224930 ASYNC-OUT-DONE ep=0x01 len=0 status=0 actual=16
[1506] +25.266610 ASYNC-IN-DONE ep=0x81 len=16 status=0 actual=16
	0000  08 00 00 18 ed 03 80 10  00 2c 00 10 ae 02 00 00 |.........,......|
[1507] +25.266678 ASYNC-IN-SUBMIT ep=0x81 len=0 type=BULK (in, awaiting data)
[1508] +25.266914 ASYNC-IN-DONE ep=0x81 len=40 status=0 actual=40
	0000  1d 00 00 18 f0 03 02 10  00 0e 00 04 09 02 00 00 |................|
	0010  00 00 04 00 0d 00 00 00  82 69 16 6a 84 52 00 44 |.........i.j.R.D|
	0020  0a 79 1b 6a c0 6b 00 6c                          |.y.j.k.l|
[1509] +25.267012 ASYNC-IN-SUBMIT ep=0x81 len=0 type=BULK (in, awaiting data)
[1510] +25.275854 ASYNC-OUT ep=0x01 len=16 type=BULK 
	0000  08 00 00 18 02 10 f0 03  00 0a 00 08 13 26 00 00 |.............&..|
[1511] +25.276054 ASYNC-OUT-DONE ep=0x01 len=0 status=0 actual=16
[1512] +25.339179 ASYNC-IN-DONE ep=0x81 len=40 status=0 actual=40
	0000  1d 00 00 18 f0 03 02 10  00 0f 00 04 09 02 00 00 |................|
	0010  00 00 04 00 0d 00 00 00  82 69 16 6a 84 52 00 44 |.........i.j.R.D|
	0020  0a 79 1b 6a c0 6b 00 6c                          |.y.j.k.l|
[1513] +25.339278 ASYNC-IN-SUBMIT ep=0x81 len=0 type=BULK (in, awaiting data)
[1514] +25.379917 ASYNC-OUT ep=0x01 len=16 type=BULK 
	0000  08 00 00 18 02 10 f0 03  00 0b 00 08 28 26 00 00 |............(&..|
[1515] +25.380111 ASYNC-OUT-DONE ep=0x01 len=0 status=0 actual=16
[1516] +25.414011 ASYNC-IN-DONE ep=0x81 len=40 status=0 actual=40
	0000  1d 00 00 18 f0 03 02 10  00 10 00 04 09 02 00 00 |................|
	0010  00 00 04 00 0d 00 00 00  82 69 16 6a 84 52 00 44 |.........i.j.R.D|
	0020  0a 79 1b 6a c0 6b 00 6c                          |.y.j.k.l|
[1517] +25.414104 ASYNC-IN-SUBMIT ep=0x81 len=0 type=BULK (in, awaiting data)
[1518] +25.431873 ASYNC-OUT ep=0x01 len=16 type=BULK 
	0000  08 00 00 18 02 10 f0 03  00 0c 00 08 3d 26 00 00 |............=&..|
[1519] +25.432101 ASYNC-OUT-DONE ep=0x01 len=0 status=0 actual=16
[1520] +25.489231 ASYNC-IN-DONE ep=0x81 len=40 status=0 actual=40
	0000  1d 00 00 18 f0 03 02 10  00 11 00 04 09 02 00 00 |................|
	0010  00 00 04 00 0d 00 00 00  82 69 16 6a 84 52 00 44 |.........i.j.R.D|
	0020  0a 79 1b 6a c0 6b 00 6c                          |.y.j.k.l|
[1521] +25.489330 ASYNC-IN-SUBMIT ep=0x81 len=0 type=BULK (in, awaiting data)
[1522] +25.535924 ASYNC-OUT ep=0x01 len=16 type=BULK 
	0000  08 00 00 18 02 10 f0 03  00 0d 00 08 52 26 00 00 |............R&..|
[1523] +25.536117 ASYNC-OUT-DONE ep=0x01 len=0 status=0 actual=16
[1524] +25.567418 ASYNC-IN-DONE ep=0x81 len=40 status=0 actual=40
	0000  1d 00 00 18 f0 03 02 10  00 12 00 04 09 02 00 00 |................|
	0010  00 00 04 00 0d 00 00 00  82 69 16 6a 84 52 00 44 |.........i.j.R.D|
	0020  0a 79 1b 6a c0 6b 00 6c                          |.y.j.k.l|
[1525] +25.567513 ASYNC-IN-SUBMIT ep=0x81 len=0 type=BULK (in, awaiting data)
[1526] +25.587960 ASYNC-OUT ep=0x01 len=16 type=BULK 
	0000  08 00 00 18 02 10 f0 03  00 0e 00 08 67 26 00 00 |............g&..|
[1527] +25.588161 ASYNC-OUT-DONE ep=0x01 len=0 status=0 actual=16
[1528] +25.639214 ASYNC-IN-DONE ep=0x81 len=40 status=0 actual=40
	0000  1d 00 00 18 f0 03 02 10  00 13 00 04 09 02 00 00 |................|
	0010  00 00 04 00 0d 00 00 00  82 69 16 6a 84 52 00 44 |.........i.j.R.D|
	0020  0a 79 1b 6a c0 6b 00 6c                          |.y.j.k.l|
[1529] +25.639307 ASYNC-IN-SUBMIT ep=0x81 len=0 type=BULK (in, awaiting data)
[1530] +25.639996 ASYNC-OUT ep=0x01 len=16 type=BULK 
	0000  08 00 00 18 02 10 f0 03  00 0f 00 08 7c 26 00 00 |............|&..|
[1531] +25.640176 ASYNC-OUT-DONE ep=0x01 len=0 status=0 actual=16
[1532] +25.714029 ASYNC-IN-DONE ep=0x81 len=40 status=0 actual=40
	0000  1d 00 00 18 f0 03 02 10  00 14 00 04 09 02 00 00 |................|
	0010  00 00 04 00 0d 00 00 00  82 69 16 6a 84 52 00 44 |.........i.j.R.D|
	0020  0a 79 1b 6a c0 6b 00 6c                          |.y.j.k.l|
[1533] +25.714135 ASYNC-IN-SUBMIT ep=0x81 len=0 type=BULK (in, awaiting data)
[1534] +25.744115 ASYNC-OUT ep=0x01 len=16 type=BULK 
	0000  08 00 00 18 02 10 f0 03  00 10 00 08 91 26 00 00 |.............&..|
[1535] +25.744874 ASYNC-OUT-DONE ep=0x01 len=0 status=0 actual=16
[1536] +25.788835 ASYNC-IN-DONE ep=0x81 len=40 status=0 actual=40
	0000  1d 00 00 18 f0 03 02 10  00 15 00 04 09 02 00 00 |................|
	0010  00 00 04 00 0d 00 00 00  82 69 16 6a 84 52 00 44 |.........i.j.R.D|
	0020  0a 79 1b 6a c0 6b 00 6c                          |.y.j.k.l|
[1537] +25.788944 ASYNC-IN-SUBMIT ep=0x81 len=0 type=BULK (in, awaiting data)
[1538] +25.795548 ASYNC-OUT ep=0x01 len=16 type=BULK 
	0000  08 00 00 18 02 10 f0 03  00 11 00 08 a6 26 00 00 |.............&..|
[1539] +25.795765 ASYNC-OUT-DONE ep=0x01 len=0 status=0 actual=16
[1540] +25.868268 ASYNC-IN-DONE ep=0x81 len=16 status=0 actual=16
	0000  08 00 00 18 ef 03 01 10  00 30 00 10 aa 02 00 00 |.........0......|
[1541] +25.868344 ASYNC-IN-SUBMIT ep=0x81 len=0 type=BULK (in, awaiting data)
[1542] +25.868566 ASYNC-IN-DONE ep=0x81 len=40 status=0 actual=40
	0000  1d 00 00 18 f0 03 02 10  00 16 00 04 09 02 00 00 |................|
	0010  00 00 04 00 0d 00 00 00  82 69 16 6a 84 52 00 44 |.........i.j.R.D|
	0020  0a 79 1b 6a c0 6b 00 6c                          |.y.j.k.l|
[1543] +25.868662 ASYNC-IN-SUBMIT ep=0x81 len=0 type=BULK (in, awaiting data)
[1544] +25.899675 ASYNC-OUT ep=0x01 len=16 type=BULK 
	0000  08 00 00 18 80 10 ed 03  00 2b 00 10 c6 1b 00 00 |.........+......|
[1545] +25.899764 ASYNC-OUT ep=0x01 len=16 type=BULK 
	0000  08 00 00 18 02 10 f0 03  00 12 00 08 bb 26 00 00 |.............&..|
[1546] +25.899871 ASYNC-OUT-DONE ep=0x01 len=0 status=0 actual=16
[1547] +25.899946 ASYNC-OUT-DONE ep=0x01 len=0 status=0 actual=16
[1548] +25.939166 ASYNC-IN-DONE ep=0x81 len=40 status=0 actual=40
	0000  1d 00 00 18 f0 03 02 10  00 17 00 04 09 02 00 00 |................|
	0010  00 00 04 00 0d 00 00 00  82 69 16 6a 84 52 00 44 |.........i.j.R.D|
	0020  0a 79 1b 6a c0 6b 00 6c                          |.y.j.k.l|
[1549] +25.939290 ASYNC-IN-SUBMIT ep=0x81 len=0 type=BULK (in, awaiting data)
[1550] +25.951611 ASYNC-OUT ep=0x01 len=16 type=BULK 
	0000  08 00 00 18 02 10 f0 03  00 13 00 08 d0 26 00 00 |.............&..|
[1551] +25.951721 ASYNC-OUT ep=0x01 len=16 type=BULK 
	0000  08 00 00 18 01 10 ef 03  00 2d 00 10 b5 1e 00 00 |.........-......|
[1552] +25.951821 ASYNC-OUT-DONE ep=0x01 len=0 status=0 actual=16
[1553] +25.951880 ASYNC-OUT-DONE ep=0x01 len=0 status=0 actual=16
[1554] +26.014040 ASYNC-IN-DONE ep=0x81 len=40 status=0 actual=40
	0000  1d 00 00 18 f0 03 02 10  00 18 00 04 09 02 00 00 |................|
	0010  00 00 04 00 0d 00 00 00  82 69 16 6a 84 52 00 44 |.........i.j.R.D|
	0020  0a 79 1b 6a c0 6b 00 6c                          |.y.j.k.l|
[1555] +26.014197 ASYNC-IN-SUBMIT ep=0x81 len=0 type=BULK (in, awaiting data)
[1556] +26.055685 ASYNC-OUT ep=0x01 len=16 type=BULK 
	0000  08 00 00 18 02 10 f0 03  00 14 00 08 e5 26 00 00 |.............&..|
[1557] +26.055955 ASYNC-OUT-DONE ep=0x01 len=0 status=0 actual=16
[1558] +26.089227 ASYNC-IN-DONE ep=0x81 len=40 status=0 actual=40
	0000  1d 00 00 18 f0 03 02 10  00 19 00 04 09 02 00 00 |................|
	0010  00 00 04 00 0d 00 00 00  82 69 16 6a 84 52 00 44 |.........i.j.R.D|
	0020  0a 79 1b 6a c0 6b 00 6c                          |.y.j.k.l|
[1559] +26.089383 ASYNC-IN-SUBMIT ep=0x81 len=0 type=BULK (in, awaiting data)
[1560] +26.107732 ASYNC-OUT ep=0x01 len=16 type=BULK 
	0000  08 00 00 18 02 10 f0 03  00 15 00 08 fa 26 00 00 |.............&..|
[1561] +26.107965 ASYNC-OUT-DONE ep=0x01 len=0 status=0 actual=16
[1562] +26.164229 ASYNC-IN-DONE ep=0x81 len=40 status=0 actual=40
	0000  1d 00 00 18 f0 03 02 10  00 1a 00 04 09 02 00 00 |................|
	0010  00 00 04 00 0d 00 00 00  82 69 16 6a 84 52 00 44 |.........i.j.R.D|
	0020  0a 79 1b 6a c0 6b 00 6c                          |.y.j.k.l|
[1563] +26.164337 ASYNC-IN-SUBMIT ep=0x81 len=0 type=BULK (in, awaiting data)
[1564] +26.211837 ASYNC-OUT ep=0x01 len=16 type=BULK 
	0000  08 00 00 18 02 10 f0 03  00 16 00 08 0f 27 00 00 |.............'..|
[1565] +26.212077 ASYNC-OUT-DONE ep=0x01 len=0 status=0 actual=16
[1566] +26.239097 ASYNC-IN-DONE ep=0x81 len=40 status=0 actual=40
	0000  1d 00 00 18 f0 03 02 10  00 1b 00 04 09 02 00 00 |................|
	0010  00 00 04 00 0d 00 00 00  82 69 16 6a 84 52 00 44 |.........i.j.R.D|
	0020  0a 79 1b 6a c0 6b 00 6c                          |.y.j.k.l|
[1567] +26.239196 ASYNC-IN-SUBMIT ep=0x81 len=0 type=BULK (in, awaiting data)
[1568] +26.263728 ASYNC-OUT ep=0x01 len=16 type=BULK 
	0000  08 00 00 18 02 10 f0 03  00 17 00 08 24 27 00 00 |............$'..|
[1569] +26.263959 ASYNC-OUT-DONE ep=0x01 len=0 status=0 actual=16
[1570] +26.269456 ASYNC-IN-DONE ep=0x81 len=16 status=0 actual=16
	0000  08 00 00 18 ed 03 80 10  00 2d 00 10 ae 02 00 00 |.........-......|
[1571] +26.269516 ASYNC-IN-SUBMIT ep=0x81 len=0 type=BULK (in, awaiting data)
[1572] +26.314215 ASYNC-IN-DONE ep=0x81 len=40 status=0 actual=40
	0000  1d 00 00 18 f0 03 02 10  00 1c 00 04 09 02 00 00 |................|
	0010  00 00 04 00 0d 00 00 00  82 69 16 6a 84 52 00 44 |.........i.j.R.D|
	0020  0a 79 1b 6a c0 6b 00 6c                          |.y.j.k.l|
[1573] +26.314322 ASYNC-IN-SUBMIT ep=0x81 len=0 type=BULK (in, awaiting data)
[1574] +26.315738 ASYNC-OUT ep=0x01 len=16 type=BULK 
	0000  08 00 00 18 02 10 f0 03  00 18 00 08 39 27 00 00 |............9'..|
[1575] +26.315931 ASYNC-OUT-DONE ep=0x01 len=0 status=0 actual=16
[1576] +26.389138 ASYNC-IN-DONE ep=0x81 len=40 status=0 actual=40
	0000  1d 00 00 18 f0 03 02 10  00 1d 00 04 09 02 00 00 |................|
	0010  00 00 04 00 0d 00 00 00  82 69 16 6a 84 52 00 44 |.........i.j.R.D|
	0020  0a 79 1b 6a c0 6b 00 6c                          |.y.j.k.l|
[1577] +26.389257 ASYNC-IN-SUBMIT ep=0x81 len=0 type=BULK (in, awaiting data)
[1578] +26.419827 ASYNC-OUT ep=0x01 len=16 type=BULK 
	0000  08 00 00 18 02 10 f0 03  00 19 00 08 4e 27 00 00 |............N'..|
[1579] +26.420026 ASYNC-OUT-DONE ep=0x01 len=0 status=0 actual=16
[1580] +26.463843 ASYNC-IN-DONE ep=0x81 len=40 status=0 actual=40
	0000  1d 00 00 18 f0 03 02 10  00 1e 00 04 09 02 00 00 |................|
	0010  00 00 04 00 0d 00 00 00  82 69 16 6a 84 52 00 44 |.........i.j.R.D|
	0020  0a 79 1b 6a c0 6b 00 6c                          |.y.j.k.l|
[1581] +26.463947 ASYNC-IN-SUBMIT ep=0x81 len=0 type=BULK (in, awaiting data)
[1582] +26.471487 ASYNC-OUT ep=0x01 len=16 type=BULK 
	0000  08 00 00 18 02 10 f0 03  00 1a 00 08 63 27 00 00 |............c'..|
[1583] +26.471710 ASYNC-OUT-DONE ep=0x01 len=0 status=0 actual=16
[1584] +26.539487 ASYNC-IN-DONE ep=0x81 len=40 status=0 actual=40
	0000  1d 00 00 18 f0 03 02 10  00 1f 00 04 09 02 00 00 |................|
	0010  00 00 04 00 0d 00 00 00  82 69 16 6a 84 52 00 44 |.........i.j.R.D|
	0020  0a 79 1b 6a c0 6b 00 6c                          |.y.j.k.l|
[1585] +26.539599 ASYNC-IN-SUBMIT ep=0x81 len=0 type=BULK (in, awaiting data)
[1586] +26.575578 ASYNC-OUT ep=0x01 len=16 type=BULK 
	0000  08 00 00 18 02 10 f0 03  00 1b 00 08 78 27 00 00 |............x'..|
[1587] +26.575788 ASYNC-OUT-DONE ep=0x01 len=0 status=0 actual=16
[1588] +26.613784 ASYNC-IN-DONE ep=0x81 len=40 status=0 actual=40
	0000  1d 00 00 18 f0 03 02 10  00 20 00 04 09 02 00 00 |......... ......|
	0010  00 00 04 00 0d 00 00 00  82 69 16 6a 84 52 00 44 |.........i.j.R.D|
	0020  0a 79 1b 6a c0 6b 00 6c                          |.y.j.k.l|
[1589] +26.613888 ASYNC-IN-SUBMIT ep=0x81 len=0 type=BULK (in, awaiting data)
[1590] +26.627621 ASYNC-OUT ep=0x01 len=16 type=BULK 
	0000  08 00 00 18 02 10 f0 03  00 1c 00 08 8d 27 00 00 |.............'..|
[1591] +26.627816 ASYNC-OUT-DONE ep=0x01 len=0 status=0 actual=16
[1592] +26.689487 ASYNC-IN-DONE ep=0x81 len=40 status=0 actual=40
	0000  1d 00 00 18 f0 03 02 10  00 21 00 04 09 02 00 00 |.........!......|
	0010  00 00 04 00 0d 00 00 00  82 69 16 6a 84 52 00 44 |.........i.j.R.D|
	0020  0a 79 1b 6a c0 6b 00 6c                          |.y.j.k.l|
[1593] +26.689593 ASYNC-IN-SUBMIT ep=0x81 len=0 type=BULK (in, awaiting data)
[1594] +26.731115 ASYNC-OUT ep=0x01 len=16 type=BULK 
	0000  08 00 00 18 02 10 f0 03  00 1d 00 08 a2 27 00 00 |.............'..|
[1595] +26.731344 ASYNC-OUT-DONE ep=0x01 len=0 status=0 actual=16
[1596] +26.764188 ASYNC-IN-DONE ep=0x81 len=40 status=0 actual=40
	0000  1d 00 00 18 f0 03 02 10  00 22 00 04 09 02 00 00 |........."......|
	0010  00 00 04 00 0d 00 00 00  82 69 16 6a 84 52 00 44 |.........i.j.R.D|
	0020  0a 79 1b 6a c0 6b 00 6c                          |.y.j.k.l|
[1597] +26.764289 ASYNC-IN-SUBMIT ep=0x81 len=0 type=BULK (in, awaiting data)
[1598] +26.783136 ASYNC-OUT ep=0x01 len=16 type=BULK 
	0000  08 00 00 18 02 10 f0 03  00 1e 00 08 b7 27 00 00 |.............'..|
[1599] +26.783342 ASYNC-OUT-DONE ep=0x01 len=0 status=0 actual=16
[1600] +26.839393 ASYNC-IN-DONE ep=0x81 len=40 status=0 actual=40
	0000  1d 00 00 18 f0 03 02 10  00 23 00 04 09 02 00 00 |.........#......|
	0010  00 00 04 00 0d 00 00 00  82 69 16 6a 84 52 00 44 |.........i.j.R.D|
	0020  0a 79 1b 6a c0 6b 00 6c                          |.y.j.k.l|
[1601] +26.839523 ASYNC-IN-SUBMIT ep=0x81 len=0 type=BULK (in, awaiting data)
[1602] +26.870657 ASYNC-IN-DONE ep=0x81 len=16 status=0 actual=16
	0000  08 00 00 18 ef 03 01 10  00 31 00 10 aa 02 00 00 |.........1......|
[1603] +26.870715 ASYNC-IN-SUBMIT ep=0x81 len=0 type=BULK (in, awaiting data)
[1604] +26.887248 ASYNC-OUT ep=0x01 len=16 type=BULK 
	0000  08 00 00 18 02 10 f0 03  00 1f 00 08 cc 27 00 00 |.............'..|
[1605] +26.887462 ASYNC-OUT-DONE ep=0x01 len=0 status=0 actual=16
[1606] +26.913772 ASYNC-IN-DONE ep=0x81 len=40 status=0 actual=40
	0000  1d 00 00 18 f0 03 02 10  00 24 00 04 09 02 00 00 |.........$......|
	0010  00 00 04 00 0d 00 00 00  82 69 16 6a 84 52 00 44 |.........i.j.R.D|
	0020  0a 79 1b 6a c0 6b 00 6c                          |.y.j.k.l|
[1607] +26.913880 ASYNC-IN-SUBMIT ep=0x81 len=0 type=BULK (in, awaiting data)
[1608] +26.939301 ASYNC-OUT ep=0x01 len=16 type=BULK 
	0000  08 00 00 18 80 10 ed 03  00 2c 00 10 c6 1b 00 00 |.........,......|
[1609] +26.939389 ASYNC-OUT ep=0x01 len=16 type=BULK 
	0000  08 00 00 18 02 10 f0 03  00 20 00 08 e1 27 00 00 |......... ...'..|
[1610] +26.939497 ASYNC-OUT-DONE ep=0x01 len=0 status=0 actual=16
[1611] +26.939572 ASYNC-OUT-DONE ep=0x01 len=0 status=0 actual=16
[1612] +26.989787 ASYNC-IN-DONE ep=0x81 len=40 status=0 actual=40
	0000  1d 00 00 18 f0 03 02 10  00 25 00 04 09 02 00 00 |.........%......|
	0010  00 00 04 00 0d 00 00 00  82 69 16 6a 84 52 00 44 |.........i.j.R.D|
	0020  0a 79 1b 6a c0 6b 00 6c                          |.y.j.k.l|
[1613] +26.989903 ASYNC-IN-SUBMIT ep=0x81 len=0 type=BULK (in, awaiting data)
[1614] +26.991346 ASYNC-OUT ep=0x01 len=16 type=BULK 
	0000  08 00 00 18 02 10 f0 03  00 21 00 08 f6 27 00 00 |.........!...'..|
[1615] +26.991433 ASYNC-OUT ep=0x01 len=16 type=BULK 
	0000  08 00 00 18 01 10 ef 03  00 2e 00 10 b5 1e 00 00 |................|
[1616] +26.991538 ASYNC-OUT-DONE ep=0x01 len=0 status=0 actual=16
[1617] +26.991628 ASYNC-OUT-DONE ep=0x01 len=0 status=0 actual=16
[1618] +27.063783 ASYNC-IN-DONE ep=0x81 len=40 status=0 actual=40
	0000  1d 00 00 18 f0 03 02 10  00 26 00 04 09 02 00 00 |.........&......|
	0010  00 00 04 00 0d 00 00 00  82 69 16 6a 84 52 00 44 |.........i.j.R.D|
	0020  0a 79 1b 6a c0 6b 00 6c                          |.y.j.k.l|
[1619] +27.063880 ASYNC-IN-SUBMIT ep=0x81 len=0 type=BULK (in, awaiting data)
[1620] +27.095446 ASYNC-OUT ep=0x01 len=16 type=BULK 
	0000  08 00 00 18 02 10 f0 03  00 22 00 08 0b 28 00 00 |........."...(..|
[1621] +27.095656 ASYNC-OUT-DONE ep=0x01 len=0 status=0 actual=16
[1622] +27.139422 ASYNC-IN-DONE ep=0x81 len=40 status=0 actual=40
	0000  1d 00 00 18 f0 03 02 10  00 27 00 04 09 02 00 00 |.........'......|
	0010  00 00 04 00 0d 00 00 00  82 69 16 6a 84 52 00 44 |.........i.j.R.D|
	0020  0a 79 1b 6a c0 6b 00 6c                          |.y.j.k.l|
[1623] +27.139518 ASYNC-IN-SUBMIT ep=0x81 len=0 type=BULK (in, awaiting data)
[1624] +27.147546 ASYNC-OUT ep=0x01 len=16 type=BULK 
	0000  08 00 00 18 02 10 f0 03  00 23 00 08 20 28 00 00 |.........#.. (..|
[1625] +27.147761 ASYNC-OUT-DONE ep=0x01 len=0 status=0 actual=16
[1626] +27.213821 ASYNC-IN-DONE ep=0x81 len=40 status=0 actual=40
	0000  1d 00 00 18 f0 03 02 10  00 28 00 04 09 02 00 00 |.........(......|
	0010  00 00 04 00 0d 00 00 00  82 69 16 6a 84 52 00 44 |.........i.j.R.D|
	0020  0a 79 1b 6a c0 6b 00 6c                          |.y.j.k.l|
[1627] +27.213934 ASYNC-IN-SUBMIT ep=0x81 len=0 type=BULK (in, awaiting data)
[1628] +27.251625 ASYNC-OUT ep=0x01 len=16 type=BULK 
	0000  08 00 00 18 02 10 f0 03  00 24 00 08 35 28 00 00 |.........$..5(..|
[1629] +27.251836 ASYNC-OUT-DONE ep=0x01 len=0 status=0 actual=16
[1630] +27.272183 ASYNC-IN-DONE ep=0x81 len=16 status=0 actual=16
	0000  08 00 00 18 ed 03 80 10  00 2e 00 10 ae 02 00 00 |................|
[1631] +27.272239 ASYNC-IN-SUBMIT ep=0x81 len=0 type=BULK (in, awaiting data)
[1632] +27.289435 ASYNC-IN-DONE ep=0x81 len=40 status=0 actual=40
	0000  1d 00 00 18 f0 03 02 10  00 29 00 04 09 02 00 00 |.........)......|
	0010  00 00 04 00 0d 00 00 00  82 69 16 6a 84 52 00 44 |.........i.j.R.D|
	0020  0a 79 1b 6a c0 6b 00 6c                          |.y.j.k.l|
[1633] +27.289527 ASYNC-IN-SUBMIT ep=0x81 len=0 type=BULK (in, awaiting data)
[1634] +27.303639 ASYNC-OUT ep=0x01 len=16 type=BULK 
	0000  08 00 00 18 02 10 f0 03  00 25 00 08 4a 28 00 00 |.........%..J(..|
[1635] +27.303890 ASYNC-OUT-DONE ep=0x01 len=0 status=0 actual=16
[1636] +27.364143 ASYNC-IN-DONE ep=0x81 len=40 status=0 actual=40
	0000  1d 00 00 18 f0 03 02 10  00 2a 00 04 09 02 00 00 |.........*......|
	0010  00 00 04 00 0d 00 00 00  82 69 16 6a 84 52 00 44 |.........i.j.R.D|
	0020  0a 79 1b 6a c0 6b 00 6c                          |.y.j.k.l|
[1637] +27.364243 ASYNC-IN-SUBMIT ep=0x81 len=0 type=BULK (in, awaiting data)
[1638] +27.407500 ASYNC-OUT ep=0x01 len=16 type=BULK 
	0000  08 00 00 18 02 10 f0 03  00 26 00 08 5f 28 00 00 |.........&.._(..|
[1639] +27.407690 ASYNC-OUT-DONE ep=0x01 len=0 status=0 actual=16
[1640] +27.439376 ASYNC-IN-DONE ep=0x81 len=40 status=0 actual=40
	0000  1d 00 00 18 f0 03 02 10  00 2b 00 04 09 02 00 00 |.........+......|
	0010  00 00 04 00 0d 00 00 00  82 69 16 6a 84 52 00 44 |.........i.j.R.D|
	0020  0a 79 1b 6a c0 6b 00 6c                          |.y.j.k.l|
[1641] +27.439470 ASYNC-IN-SUBMIT ep=0x81 len=0 type=BULK (in, awaiting data)
[1642] +27.459546 ASYNC-OUT ep=0x01 len=16 type=BULK 
	0000  08 00 00 18 02 10 f0 03  00 27 00 08 74 28 00 00 |.........'..t(..|
[1643] +27.459770 ASYNC-OUT-DONE ep=0x01 len=0 status=0 actual=16
[1644] +27.514162 ASYNC-IN-DONE ep=0x81 len=40 status=0 actual=40
	0000  1d 00 00 18 f0 03 02 10  00 2c 00 04 09 02 00 00 |.........,......|
	0010  00 00 04 00 0d 00 00 00  82 69 16 6a 84 52 00 44 |.........i.j.R.D|
	0020  0a 79 1b 6a c0 6b 00 6c                          |.y.j.k.l|
[1645] +27.514262 ASYNC-IN-SUBMIT ep=0x81 len=0 type=BULK (in, awaiting data)
[1646] +27.563621 ASYNC-OUT ep=0x01 len=16 type=BULK 
	0000  08 00 00 18 02 10 f0 03  00 28 00 08 89 28 00 00 |.........(...(..|
[1647] +27.563872 ASYNC-OUT-DONE ep=0x01 len=0 status=0 actual=16
[1648] +27.589327 ASYNC-IN-DONE ep=0x81 len=40 status=0 actual=40
	0000  1d 00 00 18 f0 03 02 10  00 2d 00 04 09 02 00 00 |.........-......|
	0010  00 00 04 00 0d 00 00 00  82 69 16 6a 84 52 00 44 |.........i.j.R.D|
	0020  0a 79 1b 6a c0 6b 00 6c                          |.y.j.k.l|
[1649] +27.589420 ASYNC-IN-SUBMIT ep=0x81 len=0 type=BULK (in, awaiting data)
[1650] +27.615660 ASYNC-OUT ep=0x01 len=16 type=BULK 
	0000  08 00 00 18 02 10 f0 03  00 29 00 08 9e 28 00 00 |.........)...(..|
[1651] +27.615846 ASYNC-OUT-DONE ep=0x01 len=0 status=0 actual=16
[1652] +27.664125 ASYNC-IN-DONE ep=0x81 len=40 status=0 actual=40
	0000  1d 00 00 18 f0 03 02 10  00 2e 00 04 09 02 00 00 |................|
	0010  00 00 04 00 0d 00 00 00  82 69 16 6a 84 52 00 44 |.........i.j.R.D|
	0020  0a 79 1b 6a c0 6b 00 6c                          |.y.j.k.l|
[1653] +27.664231 ASYNC-IN-SUBMIT ep=0x81 len=0 type=BULK (in, awaiting data)
[1654] +27.667703 ASYNC-OUT ep=0x01 len=16 type=BULK 
	0000  08 00 00 18 02 10 f0 03  00 2a 00 08 b3 28 00 00 |.........*...(..|
[1655] +27.667901 ASYNC-OUT-DONE ep=0x01 len=0 status=0 actual=16
[1656] +27.739662 ASYNC-IN-DONE ep=0x81 len=40 status=0 actual=40
	0000  1d 00 00 18 f0 03 02 10  00 2f 00 04 09 02 00 00 |........./......|
	0010  00 00 04 00 0d 00 00 00  82 69 16 6a 84 52 00 44 |.........i.j.R.D|
	0020  0a 79 1b 6a c0 6b 00 6c                          |.y.j.k.l|
[1657] +27.739761 ASYNC-IN-SUBMIT ep=0x81 len=0 type=BULK (in, awaiting data)
[1658] +27.771812 ASYNC-OUT ep=0x01 len=16 type=BULK 
	0000  08 00 00 18 02 10 f0 03  00 2b 00 08 c8 28 00 00 |.........+...(..|
[1659] +27.772024 ASYNC-OUT-DONE ep=0x01 len=0 status=0 actual=16
[1660] +27.814123 ASYNC-IN-DONE ep=0x81 len=40 status=0 actual=40
	0000  1d 00 00 18 f0 03 02 10  00 30 00 04 09 02 00 00 |.........0......|
	0010  00 00 04 00 0d 00 00 00  82 69 16 6a 84 52 00 44 |.........i.j.R.D|
	0020  0a 79 1b 6a c0 6b 00 6c                          |.y.j.k.l|
[1661] +27.814213 ASYNC-IN-SUBMIT ep=0x81 len=0 type=BULK (in, awaiting data)
[1662] +27.823643 ASYNC-OUT ep=0x01 len=16 type=BULK 
	0000  08 00 00 18 02 10 f0 03  00 2c 00 08 dd 28 00 00 |.........,...(..|
[1663] +27.823864 ASYNC-OUT-DONE ep=0x01 len=0 status=0 actual=16
[1664] +27.874185 ASYNC-IN-DONE ep=0x81 len=16 status=0 actual=16
	0000  08 00 00 18 ef 03 01 10  00 32 00 10 aa 02 00 00 |.........2......|
[1665] +27.874245 ASYNC-IN-SUBMIT ep=0x81 len=0 type=BULK (in, awaiting data)
[1666] +27.888913 ASYNC-IN-DONE ep=0x81 len=40 status=0 actual=40
	0000  1d 00 00 18 f0 03 02 10  00 31 00 04 09 02 00 00 |.........1......|
	0010  00 00 04 00 0d 00 00 00  82 69 16 6a 84 52 00 44 |.........i.j.R.D|
	0020  0a 79 1b 6a c0 6b 00 6c                          |.y.j.k.l|
[1667] +27.889004 ASYNC-IN-SUBMIT ep=0x81 len=0 type=BULK (in, awaiting data)
[1668] +27.927715 ASYNC-OUT ep=0x01 len=16 type=BULK 
	0000  08 00 00 18 02 10 f0 03  00 2d 00 08 f2 28 00 00 |.........-...(..|
[1669] +27.927918 ASYNC-OUT-DONE ep=0x01 len=0 status=0 actual=16
[1670] +27.964049 ASYNC-IN-DONE ep=0x81 len=40 status=0 actual=40
	0000  1d 00 00 18 f0 03 02 10  00 32 00 04 09 02 00 00 |.........2......|
	0010  00 00 04 00 0d 00 00 00  82 69 16 6a 84 52 00 44 |.........i.j.R.D|
	0020  0a 79 1b 6a c0 6b 00 6c                          |.y.j.k.l|
[1671] +27.964142 ASYNC-IN-SUBMIT ep=0x81 len=0 type=BULK (in, awaiting data)
[1672] +27.979767 ASYNC-OUT ep=0x01 len=16 type=BULK 
	0000  08 00 00 18 80 10 ed 03  00 2d 00 10 c6 1b 00 00 |.........-......|
[1673] +27.979866 ASYNC-OUT ep=0x01 len=16 type=BULK 
	0000  08 00 00 18 02 10 f0 03  00 2e 00 08 07 29 00 00 |.............)..|
[1674] +27.979986 ASYNC-OUT-DONE ep=0x01 len=0 status=0 actual=16
[1675] +27.980057 ASYNC-OUT-DONE ep=0x01 len=0 status=0 actual=16
[1676] +28.031798 ASYNC-OUT ep=0x01 len=16 type=BULK 
	0000  08 00 00 18 01 10 ef 03  00 2f 00 10 b5 1e 00 00 |........./......|
[1677] +28.031999 ASYNC-OUT-DONE ep=0x01 len=0 status=0 actual=16
[1678] +28.038849 ASYNC-IN-DONE ep=0x81 len=40 status=0 actual=40
	0000  1d 00 00 18 f0 03 02 10  00 33 00 04 09 02 00 00 |.........3......|
	0010  00 00 04 00 0d 00 00 00  82 69 16 6a 84 52 00 44 |.........i.j.R.D|
	0020  0a 79 1b 6a c0 6b 00 6c                          |.y.j.k.l|
[1679] +28.038939 ASYNC-IN-SUBMIT ep=0x81 len=0 type=BULK (in, awaiting data)
[1680] +28.082958 ASYNC-OUT ep=0x01 len=16 type=BULK 
	0000  08 00 00 18 02 10 f0 03  00 2f 00 08 1c 29 00 00 |........./...)..|
[1681] +28.083169 ASYNC-OUT-DONE ep=0x01 len=0 status=0 actual=16
[1682] +28.114070 ASYNC-IN-DONE ep=0x81 len=40 status=0 actual=40
	0000  1d 00 00 18 f0 03 02 10  00 34 00 04 09 02 00 00 |.........4......|
	0010  00 00 04 00 0d 00 00 00  82 69 16 6a 84 52 00 44 |.........i.j.R.D|
	0020  0a 79 1b 6a c0 6b 00 6c                          |.y.j.k.l|
[1683] +28.114152 ASYNC-IN-SUBMIT ep=0x81 len=0 type=BULK (in, awaiting data)
[1684] +28.134930 ASYNC-OUT ep=0x01 len=16 type=BULK 
	0000  08 00 00 18 02 10 f0 03  00 30 00 08 31 29 00 00 |.........0..1)..|
[1685] +28.135182 ASYNC-OUT-DONE ep=0x01 len=0 status=0 actual=16
[1686] +28.189553 ASYNC-IN-DONE ep=0x81 len=40 status=0 actual=40
	0000  1d 00 00 18 f0 03 02 10  00 35 00 04 09 02 00 00 |.........5......|
	0010  00 00 04 00 0d 00 00 00  82 69 16 6a 84 52 00 44 |.........i.j.R.D|
	0020  0a 79 1b 6a c0 6b 00 6c                          |.y.j.k.l|
[1687] +28.189697 ASYNC-IN-SUBMIT ep=0x81 len=0 type=BULK (in, awaiting data)
[1688] +28.239025 ASYNC-OUT ep=0x01 len=16 type=BULK 
	0000  08 00 00 18 02 10 f0 03  00 31 00 08 46 29 00 00 |.........1..F)..|
[1689] +28.239257 ASYNC-OUT-DONE ep=0x01 len=0 status=0 actual=16
[1690] +28.264020 ASYNC-IN-DONE ep=0x81 len=40 status=0 actual=40
	0000  1d 00 00 18 f0 03 02 10  00 36 00 04 09 02 00 00 |.........6......|
	0010  00 00 04 00 0d 00 00 00  82 69 16 6a 84 52 00 44 |.........i.j.R.D|
	0020  0a 79 1b 6a c0 6b 00 6c                          |.y.j.k.l|
[1691] +28.264116 ASYNC-IN-SUBMIT ep=0x81 len=0 type=BULK (in, awaiting data)
[1692] +28.275571 ASYNC-IN-DONE ep=0x81 len=16 status=0 actual=16
	0000  08 00 00 18 ed 03 80 10  00 2f 00 10 ae 02 00 00 |........./......|
[1693] +28.275635 ASYNC-IN-SUBMIT ep=0x81 len=0 type=BULK (in, awaiting data)
[1694] +28.291055 ASYNC-OUT ep=0x01 len=16 type=BULK 
	0000  08 00 00 18 02 10 f0 03  00 32 00 08 5b 29 00 00 |.........2..[)..|
[1695] +28.291250 ASYNC-OUT-DONE ep=0x01 len=0 status=0 actual=16
[1696] +28.339221 ASYNC-IN-DONE ep=0x81 len=40 status=0 actual=40
	0000  1d 00 00 18 f0 03 02 10  00 37 00 04 09 02 00 00 |.........7......|
	0010  00 00 04 00 0d 00 00 00  82 69 16 6a 84 52 00 44 |.........i.j.R.D|
	0020  0a 79 1b 6a c0 6b 00 6c                          |.y.j.k.l|
[1697] +28.339319 ASYNC-IN-SUBMIT ep=0x81 len=0 type=BULK (in, awaiting data)
[1698] +28.343119 ASYNC-OUT ep=0x01 len=16 type=BULK 
	0000  08 00 00 18 02 10 f0 03  00 33 00 08 70 29 00 00 |.........3..p)..|
[1699] +28.343334 ASYNC-OUT-DONE ep=0x01 len=0 status=0 actual=16
[1700] +28.414319 ASYNC-IN-DONE ep=0x81 len=40 status=0 actual=40
	0000  1d 00 00 18 f0 03 02 10  00 38 00 04 09 02 00 00 |.........8......|
	0010  00 00 04 00 0d 00 00 00  82 69 16 6a 84 52 00 44 |.........i.j.R.D|
	0020  0a 79 1b 6a c0 6b 00 6c                          |.y.j.k.l|
[1701] +28.414418 ASYNC-IN-SUBMIT ep=0x81 len=0 type=BULK (in, awaiting data)
[1702] +28.446790 ASYNC-OUT ep=0x01 len=16 type=BULK 
	0000  08 00 00 18 02 10 f0 03  00 34 00 08 85 29 00 00 |.........4...)..|
[1703] +28.447008 ASYNC-OUT-DONE ep=0x01 len=0 status=0 actual=16
[1704] +28.490713 ASYNC-IN-DONE ep=0x81 len=40 status=0 actual=40
	0000  1d 00 00 18 f0 03 02 10  00 39 00 04 09 02 00 00 |.........9......|
	0010  00 00 04 00 0d 00 00 00  82 69 16 6a 84 52 00 44 |.........i.j.R.D|
	0020  0a 79 1b 6a c0 6b 00 6c                          |.y.j.k.l|
[1705] +28.490811 ASYNC-IN-SUBMIT ep=0x81 len=0 type=BULK (in, awaiting data)
[1706] +28.498823 ASYNC-OUT ep=0x01 len=16 type=BULK 
	0000  08 00 00 18 02 10 f0 03  00 35 00 08 9a 29 00 00 |.........5...)..|
[1707] +28.499007 ASYNC-OUT-DONE ep=0x01 len=0 status=0 actual=16
[1708] +28.564011 ASYNC-IN-DONE ep=0x81 len=40 status=0 actual=40
	0000  1d 00 00 18 f0 03 02 10  00 3a 00 04 09 02 00 00 |.........:......|
	0010  00 00 04 00 0d 00 00 00  82 69 16 6a 84 52 00 44 |.........i.j.R.D|
	0020  0a 79 1b 6a c0 6b 00 6c                          |.y.j.k.l|
[1709] +28.564108 ASYNC-IN-SUBMIT ep=0x81 len=0 type=BULK (in, awaiting data)
[1710] +28.602899 ASYNC-OUT ep=0x01 len=16 type=BULK 
	0000  08 00 00 18 02 10 f0 03  00 36 00 08 af 29 00 00 |.........6...)..|
[1711] +28.603099 ASYNC-OUT-DONE ep=0x01 len=0 status=0 actual=16
[1712] +28.639191 ASYNC-IN-DONE ep=0x81 len=40 status=0 actual=40
	0000  1d 00 00 18 f0 03 02 10  00 3b 00 04 09 02 00 00 |.........;......|
	0010  00 00 04 00 0d 00 00 00  82 69 16 6a 84 52 00 44 |.........i.j.R.D|
	0020  0a 79 1b 6a c0 6b 00 6c                          |.y.j.k.l|
[1713] +28.639285 ASYNC-IN-SUBMIT ep=0x81 len=0 type=BULK (in, awaiting data)
[1714] +28.654304 ASYNC-OUT ep=0x01 len=16 type=BULK 
	0000  08 00 00 18 02 10 f0 03  00 37 00 08 c4 29 00 00 |.........7...)..|
[1715] +28.654509 ASYNC-OUT-DONE ep=0x01 len=0 status=0 actual=16
[1716] +28.714337 ASYNC-IN-DONE ep=0x81 len=40 status=0 actual=40
	0000  1d 00 00 18 f0 03 02 10  00 3c 00 04 09 02 00 00 |.........<......|
	0010  00 00 04 00 0d 00 00 00  82 69 16 6a 84 52 00 44 |.........i.j.R.D|
	0020  0a 79 1b 6a c0 6b 00 6c                          |.y.j.k.l|
[1717] +28.714444 ASYNC-IN-SUBMIT ep=0x81 len=0 type=BULK (in, awaiting data)
[1718] +28.758326 ASYNC-OUT ep=0x01 len=16 type=BULK 
	0000  08 00 00 18 02 10 f0 03  00 38 00 08 d9 29 00 00 |.........8...)..|
[1719] +28.758546 ASYNC-OUT-DONE ep=0x01 len=0 status=0 actual=16
[1720] +28.791386 ASYNC-IN-DONE ep=0x81 len=40 status=0 actual=40
	0000  1d 00 00 18 f0 03 02 10  00 3d 00 04 09 02 00 00 |.........=......|
	0010  00 00 04 00 0d 00 00 00  82 69 16 6a 84 52 00 44 |.........i.j.R.D|
	0020  0a 79 1b 6a c0 6b 00 6c                          |.y.j.k.l|
[1721] +28.791484 ASYNC-IN-SUBMIT ep=0x81 len=0 type=BULK (in, awaiting data)
[1722] +28.809749 ASYNC-OUT ep=0x01 len=16 type=BULK 
	0000  08 00 00 18 02 10 f0 03  00 39 00 08 ee 29 00 00 |.........9...)..|
[1723] +28.809946 ASYNC-OUT-DONE ep=0x01 len=0 status=0 actual=16
[1724] +28.863892 ASYNC-IN-DONE ep=0x81 len=40 status=0 actual=40
	0000  1d 00 00 18 f0 03 02 10  00 3e 00 04 09 02 00 00 |.........>......|
	0010  00 00 04 00 0d 00 00 00  82 69 16 6a 84 52 00 44 |.........i.j.R.D|
	0020  0a 79 1b 6a c0 6b 00 6c                          |.y.j.k.l|
[1725] +28.863995 ASYNC-IN-SUBMIT ep=0x81 len=0 type=BULK (in, awaiting data)
[1726] +28.877105 ASYNC-IN-DONE ep=0x81 len=16 status=0 actual=16
	0000  08 00 00 18 ef 03 01 10  00 33 00 10 aa 02 00 00 |.........3......|
[1727] +28.877170 ASYNC-IN-SUBMIT ep=0x81 len=0 type=BULK (in, awaiting data)
[1728] +28.913839 ASYNC-OUT ep=0x01 len=16 type=BULK 
	0000  08 00 00 18 02 10 f0 03  00 3a 00 08 03 2a 00 00 |.........:...*..|
[1729] +28.914053 ASYNC-OUT-DONE ep=0x01 len=0 status=0 actual=16
[1730] +28.939479 ASYNC-IN-DONE ep=0x81 len=40 status=0 actual=40
	0000  1d 00 00 18 f0 03 02 10  00 3f 00 04 09 02 00 00 |.........?......|
	0010  00 00 04 00 0d 00 00 00  82 69 16 6a 84 52 00 44 |.........i.j.R.D|
	0020  0a 79 1b 6a c0 6b 00 6c                          |.y.j.k.l|
[1731] +28.939568 ASYNC-IN-SUBMIT ep=0x81 len=0 type=BULK (in, awaiting data)
[1732] +28.965883 ASYNC-OUT ep=0x01 len=16 type=BULK 
	0000  08 00 00 18 02 10 f0 03  00 3b 00 08 18 2a 00 00 |.........;...*..|
[1733] +28.966087 ASYNC-OUT-DONE ep=0x01 len=0 status=0 actual=16
[1734] +29.013868 ASYNC-IN-DONE ep=0x81 len=40 status=0 actual=40
	0000  1d 00 00 18 f0 03 02 10  00 40 00 04 09 02 00 00 |.........@......|
	0010  00 00 04 00 0d 00 00 00  82 69 16 6a 84 52 00 44 |.........i.j.R.D|
	0020  0a 79 1b 6a c0 6b 00 6c                          |.y.j.k.l|
[1735] +29.013961 ASYNC-IN-SUBMIT ep=0x81 len=0 type=BULK (in, awaiting data)
[1736] +29.017915 ASYNC-OUT ep=0x01 len=16 type=BULK 
	0000  08 00 00 18 80 10 ed 03  00 2e 00 10 c6 1b 00 00 |................|
[1737] +29.018005 ASYNC-OUT ep=0x01 len=16 type=BULK 
	0000  08 00 00 18 02 10 f0 03  00 3c 00 08 2d 2a 00 00 |.........<..-*..|
[1738] +29.018123 ASYNC-OUT-DONE ep=0x01 len=0 status=0 actual=16
[1739] +29.018192 ASYNC-OUT-DONE ep=0x01 len=0 status=0 actual=16
[1740] +29.069953 ASYNC-OUT ep=0x01 len=16 type=BULK 
	0000  08 00 00 18 01 10 ef 03  00 30 00 10 b5 1e 00 00 |.........0......|
[1741] +29.070143 ASYNC-OUT-DONE ep=0x01 len=0 status=0 actual=16
[1742] +29.092194 ASYNC-IN-DONE ep=0x81 len=40 status=0 actual=40
	0000  1d 00 00 18 f0 03 02 10  00 41 00 04 09 02 00 00 |.........A......|
	0010  00 00 04 00 0d 00 00 00  82 69 16 6a 84 52 00 44 |.........i.j.R.D|
	0020  0a 79 1b 6a c0 6b 00 6c                          |.y.j.k.l|
[1743] +29.092286 ASYNC-IN-SUBMIT ep=0x81 len=0 type=BULK (in, awaiting data)
[1744] +29.122002 ASYNC-OUT ep=0x01 len=16 type=BULK 
	0000  08 00 00 18 02 10 f0 03  00 3d 00 08 42 2a 00 00 |.........=..B*..|
[1745] +29.122193 ASYNC-OUT-DONE ep=0x01 len=0 status=0 actual=16
[1746] +29.163847 ASYNC-IN-DONE ep=0x81 len=40 status=0 actual=40
	0000  1d 00 00 18 f0 03 02 10  00 42 00 04 09 02 00 00 |.........B......|
	0010  00 00 04 00 0d 00 00 00  82 69 16 6a 84 52 00 44 |.........i.j.R.D|
	0020  0a 79 1b 6a c0 6b 00 6c                          |.y.j.k.l|
[1747] +29.163943 ASYNC-IN-SUBMIT ep=0x81 len=0 type=BULK (in, awaiting data)
[1748] +29.174056 ASYNC-OUT ep=0x01 len=16 type=BULK 
	0000  08 00 00 18 02 10 f0 03  00 3e 00 08 57 2a 00 00 |.........>..W*..|
[1749] +29.174254 ASYNC-OUT-DONE ep=0x01 len=0 status=0 actual=16
[1750] +29.239455 ASYNC-IN-DONE ep=0x81 len=40 status=0 actual=40
	0000  1d 00 00 18 f0 03 02 10  00 43 00 04 09 02 00 00 |.........C......|
	0010  00 00 04 00 0d 00 00 00  82 69 16 6a 84 52 00 44 |.........i.j.R.D|
	0020  0a 79 1b 6a c0 6b 00 6c                          |.y.j.k.l|
[1751] +29.239559 ASYNC-IN-SUBMIT ep=0x81 len=0 type=BULK (in, awaiting data)
[1752] +29.278133 ASYNC-OUT ep=0x01 len=16 type=BULK 
	0000  08 00 00 18 02 10 f0 03  00 3f 00 08 6c 2a 00 00 |.........?..l*..|
[1753] +29.278342 ASYNC-OUT-DONE ep=0x01 len=0 status=0 actual=16
[1754] +29.278827 ASYNC-IN-DONE ep=0x81 len=16 status=0 actual=16
	0000  08 00 00 18 ed 03 80 10  00 30 00 10 ae 02 00 00 |.........0......|
[1755] +29.278887 ASYNC-IN-SUBMIT ep=0x81 len=0 type=BULK (in, awaiting data)
[1756] +29.313871 ASYNC-IN-DONE ep=0x81 len=40 status=0 actual=40
	0000  1d 00 00 18 f0 03 02 10  00 44 00 04 09 02 00 00 |.........D......|
	0010  00 00 04 00 0d 00 00 00  82 69 16 6a 84 52 00 44 |.........i.j.R.D|
	0020  0a 79 1b 6a c0 6b 00 6c                          |.y.j.k.l|
[1757] +29.313964 ASYNC-IN-SUBMIT ep=0x81 len=0 type=BULK (in, awaiting data)
[1758] +29.330166 ASYNC-OUT ep=0x01 len=16 type=BULK 
	0000  08 00 00 18 02 10 f0 03  00 40 00 08 81 2a 00 00 |.........@...*..|
[1759] +29.330363 ASYNC-OUT-DONE ep=0x01 len=0 status=0 actual=16
[1760] +29.389490 ASYNC-IN-DONE ep=0x81 len=40 status=0 actual=40
	0000  1d 00 00 18 f0 03 02 10  00 45 00 04 09 02 00 00 |.........E......|
	0010  00 00 04 00 0d 00 00 00  82 69 16 6a 84 52 00 44 |.........i.j.R.D|
	0020  0a 79 1b 6a c0 6b 00 6c                          |.y.j.k.l|
[1761] +29.389582 ASYNC-IN-SUBMIT ep=0x81 len=0 type=BULK (in, awaiting data)
[1762] +29.434239 ASYNC-OUT ep=0x01 len=16 type=BULK 
	0000  08 00 00 18 02 10 f0 03  00 41 00 08 96 2a 00 00 |.........A...*..|
[1763] +29.434445 ASYNC-OUT-DONE ep=0x01 len=0 status=0 actual=16
[1764] +29.463781 ASYNC-IN-DONE ep=0x81 len=40 status=0 actual=40
	0000  1d 00 00 18 f0 03 02 10  00 46 00 04 09 02 00 00 |.........F......|
	0010  00 00 04 00 0d 00 00 00  82 69 16 6a 84 52 00 44 |.........i.j.R.D|
	0020  0a 79 1b 6a c0 6b 00 6c                          |.y.j.k.l|
[1765] +29.463883 ASYNC-IN-SUBMIT ep=0x81 len=0 type=BULK (in, awaiting data)
[1766] +29.486274 ASYNC-OUT ep=0x01 len=16 type=BULK 
	0000  08 00 00 18 02 10 f0 03  00 42 00 08 ab 2a 00 00 |.........B...*..|
[1767] +29.486462 ASYNC-OUT-DONE ep=0x01 len=0 status=0 actual=16
[1768] +29.539415 ASYNC-IN-DONE ep=0x81 len=40 status=0 actual=40
	0000  1d 00 00 18 f0 03 02 10  00 47 00 04 09 02 00 00 |.........G......|
	0010  00 00 04 00 0d 00 00 00  82 69 16 6a 84 52 00 44 |.........i.j.R.D|
	0020  0a 79 1b 6a c0 6b 00 6c                          |.y.j.k.l|
[1769] +29.539513 ASYNC-IN-SUBMIT ep=0x81 len=0 type=BULK (in, awaiting data)
[1770] +29.590371 ASYNC-OUT ep=0x01 len=16 type=BULK 
	0000  08 00 00 18 02 10 f0 03  00 43 00 08 c0 2a 00 00 |.........C...*..|
[1771] +29.590573 ASYNC-OUT-DONE ep=0x01 len=0 status=0 actual=16
[1772] +29.614138 ASYNC-IN-DONE ep=0x81 len=40 status=0 actual=40
	0000  1d 00 00 18 f0 03 02 10  00 48 00 04 09 02 00 00 |.........H......|
	0010  00 00 04 00 0d 00 00 00  82 69 16 6a 84 52 00 44 |.........i.j.R.D|
	0020  0a 79 1b 6a c0 6b 00 6c                          |.y.j.k.l|
[1773] +29.614227 ASYNC-IN-SUBMIT ep=0x81 len=0 type=BULK (in, awaiting data)
[1774] +29.642405 ASYNC-OUT ep=0x01 len=16 type=BULK 
	0000  08 00 00 18 02 10 f0 03  00 44 00 08 d5 2a 00 00 |.........D...*..|
[1775] +29.642596 ASYNC-OUT-DONE ep=0x01 len=0 status=0 actual=16
[1776] +29.689428 ASYNC-IN-DONE ep=0x81 len=40 status=0 actual=40
	0000  1d 00 00 18 f0 03 02 10  00 49 00 04 09 02 00 00 |.........I......|
	0010  00 00 04 00 0d 00 00 00  82 69 16 6a 84 52 00 44 |.........i.j.R.D|
	0020  0a 79 1b 6a c0 6b 00 6c                          |.y.j.k.l|
[1777] +29.689536 ASYNC-IN-SUBMIT ep=0x81 len=0 type=BULK (in, awaiting data)
[1778] +29.694446 ASYNC-OUT ep=0x01 len=16 type=BULK 
	0000  08 00 00 18 02 10 f0 03  00 45 00 08 ea 2a 00 00 |.........E...*..|
[1779] +29.694643 ASYNC-OUT-DONE ep=0x01 len=0 status=0 actual=16
[1780] +29.764130 ASYNC-IN-DONE ep=0x81 len=40 status=0 actual=40
	0000  1d 00 00 18 f0 03 02 10  00 4a 00 04 09 02 00 00 |.........J......|
	0010  00 00 04 00 0d 00 00 00  82 69 16 6a 84 52 00 44 |.........i.j.R.D|
	0020  0a 79 1b 6a c0 6b 00 6c                          |.y.j.k.l|
[1781] +29.764221 ASYNC-IN-SUBMIT ep=0x81 len=0 type=BULK (in, awaiting data)
[1782] +29.798533 ASYNC-OUT ep=0x01 len=16 type=BULK 
	0000  08 00 00 18 02 10 f0 03  00 46 00 08 ff 2a 00 00 |.........F...*..|
[1783] +29.798767 ASYNC-OUT-DONE ep=0x01 len=0 status=0 actual=16
[1784] +29.839728 ASYNC-IN-DONE ep=0x81 len=40 status=0 actual=40
	0000  1d 00 00 18 f0 03 02 10  00 4b 00 04 09 02 00 00 |.........K......|
	0010  00 00 04 00 0d 00 00 00  82 69 16 6a 84 52 00 44 |.........i.j.R.D|
	0020  0a 79 1b 6a c0 6b 00 6c                          |.y.j.k.l|
[1785] +29.839862 ASYNC-IN-SUBMIT ep=0x81 len=0 type=BULK (in, awaiting data)
[1786] +29.849737 ASYNC-OUT ep=0x01 len=16 type=BULK 
	0000  08 00 00 18 02 10 f0 03  00 47 00 08 14 2b 00 00 |.........G...+..|
[1787] +29.849954 ASYNC-OUT-DONE ep=0x01 len=0 status=0 actual=16
[1788] +29.881061 ASYNC-IN-DONE ep=0x81 len=16 status=0 actual=16
	0000  08 00 00 18 ef 03 01 10  00 34 00 10 aa 02 00 00 |.........4......|
[1789] +29.881122 ASYNC-IN-SUBMIT ep=0x81 len=0 type=BULK (in, awaiting data)
[1790] +29.914238 ASYNC-IN-DONE ep=0x81 len=40 status=0 actual=40
	0000  1d 00 00 18 f0 03 02 10  00 4c 00 04 09 02 00 00 |.........L......|
	0010  00 00 04 00 0d 00 00 00  82 69 16 6a 84 52 00 44 |.........i.j.R.D|
	0020  0a 79 1b 6a c0 6b 00 6c                          |.y.j.k.l|
[1791] +29.914338 ASYNC-IN-SUBMIT ep=0x81 len=0 type=BULK (in, awaiting data)
[1792] +29.953829 ASYNC-OUT ep=0x01 len=16 type=BULK 
	0000  08 00 00 18 02 10 f0 03  00 48 00 08 29 2b 00 00 |.........H..)+..|
[1793] +29.954045 ASYNC-OUT-DONE ep=0x01 len=0 status=0 actual=16
[1794] +29.989375 ASYNC-IN-DONE ep=0x81 len=40 status=0 actual=40
	0000  1d 00 00 18 f0 03 02 10  00 4d 00 04 09 02 00 00 |.........M......|
	0010  00 00 04 00 0d 00 00 00  82 69 16 6a 84 52 00 44 |.........i.j.R.D|
	0020  0a 79 1b 6a c0 6b 00 6c                          |.y.j.k.l|
[1795] +29.989486 ASYNC-IN-SUBMIT ep=0x81 len=0 type=BULK (in, awaiting data)
[1796] +30.005502 ASYNC-OUT ep=0x01 len=16 type=BULK 
	0000  08 00 00 18 02 10 f0 03  00 49 00 08 3e 2b 00 00 |.........I..>+..|
[1797] +30.005707 ASYNC-OUT-DONE ep=0x01 len=0 status=0 actual=16
[1798] +30.057548 ASYNC-OUT ep=0x01 len=16 type=BULK 
	0000  08 00 00 18 80 10 ed 03  00 2f 00 10 c6 1b 00 00 |........./......|
[1799] +30.057759 ASYNC-OUT-DONE ep=0x01 len=0 status=0 actual=16
[1800] +30.064146 ASYNC-IN-DONE ep=0x81 len=40 status=0 actual=40
	0000  1d 00 00 18 f0 03 02 10  00 4e 00 04 09 02 00 00 |.........N......|
	0010  00 00 04 00 0d 00 00 00  82 69 16 6a 84 52 00 44 |.........i.j.R.D|
	0020  0a 79 1b 6a c0 6b 00 6c                          |.y.j.k.l|
[1801] +30.064236 ASYNC-IN-SUBMIT ep=0x81 len=0 type=BULK (in, awaiting data)
[1802] +30.109596 ASYNC-OUT ep=0x01 len=16 type=BULK 
	0000  08 00 00 18 02 10 f0 03  00 4a 00 08 53 2b 00 00 |.........J..S+..|
[1803] +30.109703 ASYNC-OUT ep=0x01 len=16 type=BULK 
	0000  08 00 00 18 01 10 ef 03  00 31 00 10 b5 1e 00 00 |.........1......|
[1804] +30.109879 ASYNC-OUT-DONE ep=0x01 len=0 status=0 actual=16
[1805] +30.109930 ASYNC-OUT-DONE ep=0x01 len=0 status=0 actual=16
[1806] +30.139704 ASYNC-IN-DONE ep=0x81 len=40 status=0 actual=40
	0000  1d 00 00 18 f0 03 02 10  00 4f 00 04 09 02 00 00 |.........O......|
	0010  00 00 04 00 0d 00 00 00  82 69 16 6a 84 52 00 44 |.........i.j.R.D|
	0020  0a 79 1b 6a c0 6b 00 6c                          |.y.j.k.l|
[1807] +30.139807 ASYNC-IN-SUBMIT ep=0x81 len=0 type=BULK (in, awaiting data)
[1808] +30.161640 ASYNC-OUT ep=0x01 len=16 type=BULK 
	0000  08 00 00 18 02 10 f0 03  00 4b 00 08 68 2b 00 00 |.........K..h+..|
[1809] +30.161869 ASYNC-OUT-DONE ep=0x01 len=0 status=0 actual=16
[1810] +30.214465 ASYNC-IN-DONE ep=0x81 len=40 status=0 actual=40
	0000  1d 00 00 18 f0 03 02 10  00 50 00 04 09 02 00 00 |.........P......|
	0010  00 00 04 00 0d 00 00 00  82 69 16 6a 84 52 00 44 |.........i.j.R.D|
	0020  0a 79 1b 6a c0 6b 00 6c                          |.y.j.k.l|
[1811] +30.214571 ASYNC-IN-SUBMIT ep=0x81 len=0 type=BULK (in, awaiting data)
[1812] +30.265742 ASYNC-OUT ep=0x01 len=16 type=BULK 
	0000  08 00 00 18 02 10 f0 03  00 4c 00 08 7d 2b 00 00 |.........L..}+..|
[1813] +30.265946 ASYNC-OUT-DONE ep=0x01 len=0 status=0 actual=16
[1814] +30.282283 ASYNC-IN-DONE ep=0x81 len=16 status=0 actual=16
	0000  08 00 00 18 ed 03 80 10  00 31 00 10 ae 02 00 00 |.........1......|
[1815] +30.282337 ASYNC-IN-SUBMIT ep=0x81 len=0 type=BULK (in, awaiting data)
[1816] +30.288901 ASYNC-IN-DONE ep=0x81 len=40 status=0 actual=40
	0000  1d 00 00 18 f0 03 02 10  00 51 00 04 09 02 00 00 |.........Q......|
	0010  00 00 04 00 0d 00 00 00  82 69 16 6a 84 52 00 44 |.........i.j.R.D|
	0020  0a 79 1b 6a c0 6b 00 6c                          |.y.j.k.l|
[1817] +30.289002 ASYNC-IN-SUBMIT ep=0x81 len=0 type=BULK (in, awaiting data)
[1818] +30.317786 ASYNC-OUT ep=0x01 len=16 type=BULK 
	0000  08 00 00 18 02 10 f0 03  00 4d 00 08 92 2b 00 00 |.........M...+..|
[1819] +30.317952 ASYNC-OUT-DONE ep=0x01 len=0 status=0 actual=16
[1820] +30.364068 ASYNC-IN-DONE ep=0x81 len=40 status=0 actual=40
	0000  1d 00 00 18 f0 03 02 10  00 52 00 04 09 02 00 00 |.........R......|
	0010  00 00 04 00 0d 00 00 00  82 69 16 6a 84 52 00 44 |.........i.j.R.D|
	0020  0a 79 1b 6a c0 6b 00 6c                          |.y.j.k.l|
[1821] +30.364210 ASYNC-IN-SUBMIT ep=0x81 len=0 type=BULK (in, awaiting data)
[1822] +30.369833 ASYNC-OUT ep=0x01 len=16 type=BULK 
	0000  08 00 00 18 02 10 f0 03  00 4e 00 08 a7 2b 00 00 |.........N...+..|
[1823] +30.370031 ASYNC-OUT-DONE ep=0x01 len=0 status=0 actual=16
[1824] +30.439289 ASYNC-IN-DONE ep=0x81 len=40 status=0 actual=40
	0000  1d 00 00 18 f0 03 02 10  00 53 00 04 09 02 00 00 |.........S......|
	0010  00 00 04 00 0d 00 00 00  82 69 16 6a 84 52 00 44 |.........i.j.R.D|
	0020  0a 79 1b 6a c0 6b 00 6c                          |.y.j.k.l|
[1825] +30.439392 ASYNC-IN-SUBMIT ep=0x81 len=0 type=BULK (in, awaiting data)
[1826] +30.473908 ASYNC-OUT ep=0x01 len=16 type=BULK 
	0000  08 00 00 18 02 10 f0 03  00 4f 00 08 bc 2b 00 00 |.........O...+..|
[1827] +30.474116 ASYNC-OUT-DONE ep=0x01 len=0 status=0 actual=16
[1828] +30.514374 ASYNC-IN-DONE ep=0x81 len=40 status=0 actual=40
	0000  1d 00 00 18 f0 03 02 10  00 54 00 04 09 02 00 00 |.........T......|
	0010  00 00 04 00 0d 00 00 00  82 69 16 6a 84 52 00 44 |.........i.j.R.D|
	0020  0a 79 1b 6a c0 6b 00 6c                          |.y.j.k.l|
[1829] +30.514451 ASYNC-IN-SUBMIT ep=0x81 len=0 type=BULK (in, awaiting data)
[1830] +30.525961 ASYNC-OUT ep=0x01 len=16 type=BULK 
	0000  08 00 00 18 02 10 f0 03  00 50 00 08 d1 2b 00 00 |.........P...+..|
[1831] +30.526181 ASYNC-OUT-DONE ep=0x01 len=0 status=0 actual=16
[1832] +30.588827 ASYNC-IN-DONE ep=0x81 len=40 status=0 actual=40
	0000  1d 00 00 18 f0 03 02 10  00 55 00 04 09 02 00 00 |.........U......|
	0010  00 00 04 00 0d 00 00 00  82 69 16 6a 84 52 00 44 |.........i.j.R.D|
	0020  0a 79 1b 6a c0 6b 00 6c                          |.y.j.k.l|
[1833] +30.588924 ASYNC-IN-SUBMIT ep=0x81 len=0 type=BULK (in, awaiting data)
[1834] +30.630022 ASYNC-OUT ep=0x01 len=16 type=BULK 
	0000  08 00 00 18 02 10 f0 03  00 51 00 08 e6 2b 00 00 |.........Q...+..|
[1835] +30.630217 ASYNC-OUT-DONE ep=0x01 len=0 status=0 actual=16
[1836] +30.664058 ASYNC-IN-DONE ep=0x81 len=40 status=0 actual=40
	0000  1d 00 00 18 f0 03 02 10  00 56 00 04 09 02 00 00 |.........V......|
	0010  00 00 04 00 0d 00 00 00  82 69 16 6a 84 52 00 44 |.........i.j.R.D|
	0020  0a 79 1b 6a c0 6b 00 6c                          |.y.j.k.l|
[1837] +30.664162 ASYNC-IN-SUBMIT ep=0x81 len=0 type=BULK (in, awaiting data)
[1838] +30.682064 ASYNC-OUT ep=0x01 len=16 type=BULK 
	0000  08 00 00 18 02 10 f0 03  00 52 00 08 fb 2b 00 00 |.........R...+..|
[1839] +30.682285 ASYNC-OUT-DONE ep=0x01 len=0 status=0 actual=16
[1840] +30.738833 ASYNC-IN-DONE ep=0x81 len=40 status=0 actual=40
	0000  1d 00 00 18 f0 03 02 10  00 57 00 04 09 02 00 00 |.........W......|
	0010  00 00 04 00 0d 00 00 00  82 69 16 6a 84 52 00 44 |.........i.j.R.D|
	0020  0a 79 1b 6a c0 6b 00 6c                          |.y.j.k.l|
[1841] +30.738940 ASYNC-IN-SUBMIT ep=0x81 len=0 type=BULK (in, awaiting data)
[1842] +30.786156 ASYNC-OUT ep=0x01 len=16 type=BULK 
	0000  08 00 00 18 02 10 f0 03  00 53 00 08 10 2c 00 00 |.........S...,..|
[1843] +30.786376 ASYNC-OUT-DONE ep=0x01 len=0 status=0 actual=16
[1844] +30.814000 ASYNC-IN-DONE ep=0x81 len=40 status=0 actual=40
	0000  1d 00 00 18 f0 03 02 10  00 58 00 04 09 02 00 00 |.........X......|
	0010  00 00 04 00 0d 00 00 00  82 69 16 6a 84 52 00 44 |.........i.j.R.D|
	0020  0a 79 1b 6a c0 6b 00 6c                          |.y.j.k.l|
[1845] +30.814095 ASYNC-IN-SUBMIT ep=0x81 len=0 type=BULK (in, awaiting data)
[1846] +30.837594 ASYNC-OUT ep=0x01 len=16 type=BULK 
	0000  08 00 00 18 02 10 f0 03  00 54 00 08 25 2c 00 00 |.........T..%,..|
[1847] +30.837803 ASYNC-OUT-DONE ep=0x01 len=0 status=0 actual=16
[1848] +30.884295 ASYNC-IN-DONE ep=0x81 len=16 status=0 actual=16
	0000  08 00 00 18 ef 03 01 10  00 35 00 10 aa 02 00 00 |.........5......|
[1849] +30.884367 ASYNC-IN-SUBMIT ep=0x81 len=0 type=BULK (in, awaiting data)
[1850] +30.889211 ASYNC-IN-DONE ep=0x81 len=40 status=0 actual=40
	0000  1d 00 00 18 f0 03 02 10  00 59 00 04 09 02 00 00 |.........Y......|
	0010  00 00 04 00 0d 00 00 00  82 69 16 6a 84 52 00 44 |.........i.j.R.D|
	0020  0a 79 1b 6a c0 6b 00 6c                          |.y.j.k.l|
[1851] +30.889306 ASYNC-IN-SUBMIT ep=0x81 len=0 type=BULK (in, awaiting data)
[1852] +30.940740 ASYNC-OUT ep=0x01 len=16 type=BULK 
	0000  08 00 00 18 02 10 f0 03  00 55 00 08 3a 2c 00 00 |.........U..:,..|
[1853] +30.940941 ASYNC-OUT-DONE ep=0x01 len=0 status=0 actual=16
[1854] +30.963915 ASYNC-IN-DONE ep=0x81 len=40 status=0 actual=40
	0000  1d 00 00 18 f0 03 02 10  00 5a 00 04 09 02 00 00 |.........Z......|
	0010  00 00 04 00 0d 00 00 00  82 69 16 6a 84 52 00 44 |.........i.j.R.D|
	0020  0a 79 1b 6a c0 6b 00 6c                          |.y.j.k.l|
[1855] +30.964015 ASYNC-IN-SUBMIT ep=0x81 len=0 type=BULK (in, awaiting data)
[1856] +30.992779 ASYNC-OUT ep=0x01 len=16 type=BULK 
	0000  08 00 00 18 02 10 f0 03  00 56 00 08 4f 2c 00 00 |.........V..O,..|
[1857] +30.992975 ASYNC-OUT-DONE ep=0x01 len=0 status=0 actual=16
[1858] +31.039086 ASYNC-IN-DONE ep=0x81 len=40 status=0 actual=40
	0000  1d 00 00 18 f0 03 02 10  00 5b 00 04 09 02 00 00 |.........[......|
	0010  00 00 04 00 0d 00 00 00  82 69 16 6a 84 52 00 44 |.........i.j.R.D|
	0020  0a 79 1b 6a c0 6b 00 6c                          |.y.j.k.l|
[1859] +31.039180 ASYNC-IN-SUBMIT ep=0x81 len=0 type=BULK (in, awaiting data)
[1860] +31.044811 ASYNC-OUT ep=0x01 len=16 type=BULK 
	0000  08 00 00 18 02 10 f0 03  00 57 00 08 64 2c 00 00 |.........W..d,..|
[1861] +31.044992 ASYNC-OUT-DONE ep=0x01 len=0 status=0 actual=16
[1862] +31.096873 ASYNC-OUT ep=0x01 len=16 type=BULK 
	0000  08 00 00 18 80 10 ed 03  00 30 00 10 c6 1b 00 00 |.........0......|
[1863] +31.097404 ASYNC-OUT-DONE ep=0x01 len=0 status=0 actual=16
[1864] +31.113901 ASYNC-IN-DONE ep=0x81 len=40 status=0 actual=40
	0000  1d 00 00 18 f0 03 02 10  00 5c 00 04 09 02 00 00 |.........\......|
	0010  00 00 04 00 0d 00 00 00  82 69 16 6a 84 52 00 44 |.........i.j.R.D|
	0020  0a 79 1b 6a c0 6b 00 6c                          |.y.j.k.l|
[1865] +31.113982 ASYNC-IN-SUBMIT ep=0x81 len=0 type=BULK (in, awaiting data)
[1866] +31.149065 ASYNC-OUT ep=0x01 len=16 type=BULK 
	0000  08 00 00 18 02 10 f0 03  00 58 00 08 79 2c 00 00 |.........X..y,..|
[1867] +31.149276 ASYNC-OUT ep=0x01 len=16 type=BULK 
	0000  08 00 00 18 01 10 ef 03  00 32 00 10 b5 1e 00 00 |.........2......|
[1868] +31.149424 ASYNC-OUT-DONE ep=0x01 len=0 status=0 actual=16
[1869] +31.149487 ASYNC-OUT-DONE ep=0x01 len=0 status=0 actual=16
[1870] +31.189497 ASYNC-IN-DONE ep=0x81 len=40 status=0 actual=40
	0000  1d 00 00 18 f0 03 02 10  00 5d 00 04 09 02 00 00 |.........]......|
	0010  00 00 04 00 0d 00 00 00  82 69 16 6a 84 52 00 44 |.........i.j.R.D|
	0020  0a 79 1b 6a c0 6b 00 6c                          |.y.j.k.l|
[1871] +31.189617 ASYNC-IN-SUBMIT ep=0x81 len=0 type=BULK (in, awaiting data)
[1872] +31.201060 ASYNC-OUT ep=0x01 len=16 type=BULK 
	0000  08 00 00 18 02 10 f0 03  00 59 00 08 8e 2c 00 00 |.........Y...,..|
[1873] +31.201257 ASYNC-OUT-DONE ep=0x01 len=0 status=0 actual=16
[1874] +31.263920 ASYNC-IN-DONE ep=0x81 len=40 status=0 actual=40
	0000  1d 00 00 18 f0 03 02 10  00 5e 00 04 09 02 00 00 |.........^......|
	0010  00 00 04 00 0d 00 00 00  82 69 16 6a 84 52 00 44 |.........i.j.R.D|
	0020  0a 79 1b 6a c0 6b 00 6c                          |.y.j.k.l|
[1875] +31.264038 ASYNC-IN-SUBMIT ep=0x81 len=0 type=BULK (in, awaiting data)
[1876] +31.285557 ASYNC-IN-DONE ep=0x81 len=16 status=0 actual=16
	0000  08 00 00 18 ed 03 80 10  00 32 00 10 ae 02 00 00 |.........2......|
[1877] +31.285615 ASYNC-IN-SUBMIT ep=0x81 len=0 type=BULK (in, awaiting data)
[1878] +31.305024 ASYNC-OUT ep=0x01 len=16 type=BULK 
	0000  08 00 00 18 02 10 f0 03  00 5a 00 08 a3 2c 00 00 |.........Z...,..|
[1879] +31.305155 ASYNC-OUT-DONE ep=0x01 len=0 status=0 actual=16
[1880] +31.339203 ASYNC-IN-DONE ep=0x81 len=40 status=0 actual=40
	0000  1d 00 00 18 f0 03 02 10  00 5f 00 04 09 02 00 00 |........._......|
	0010  00 00 04 00 0d 00 00 00  82 69 16 6a 84 52 00 44 |.........i.j.R.D|
	0020  0a 79 1b 6a c0 6b 00 6c                          |.y.j.k.l|
[1881] +31.339330 ASYNC-IN-SUBMIT ep=0x81 len=0 type=BULK (in, awaiting data)
[1882] +31.356148 ASYNC-OUT ep=0x01 len=16 type=BULK 
	0000  08 00 00 18 02 10 f0 03  00 5b 00 08 b8 2c 00 00 |.........[...,..|
[1883] +31.356366 ASYNC-OUT-DONE ep=0x01 len=0 status=0 actual=16
[1884] +31.413964 ASYNC-IN-DONE ep=0x81 len=40 status=0 actual=40
	0000  1d 00 00 18 f0 03 02 10  00 60 00 04 09 02 00 00 |.........`......|
	0010  00 00 04 00 0d 00 00 00  82 69 16 6a 84 52 00 44 |.........i.j.R.D|
	0020  0a 79 1b 6a c0 6b 00 6c                          |.y.j.k.l|
[1885] +31.414074 ASYNC-IN-SUBMIT ep=0x81 len=0 type=BULK (in, awaiting data)
[1886] +31.460229 ASYNC-OUT ep=0x01 len=16 type=BULK 
	0000  08 00 00 18 02 10 f0 03  00 5c 00 08 cd 2c 00 00 |.........\...,..|
[1887] +31.460452 ASYNC-OUT-DONE ep=0x01 len=0 status=0 actual=16
[1888] +31.489560 ASYNC-IN-DONE ep=0x81 len=40 status=0 actual=40
	0000  1d 00 00 18 f0 03 02 10  00 61 00 04 09 02 00 00 |.........a......|
	0010  00 00 04 00 0d 00 00 00  82 69 16 6a 84 52 00 44 |.........i.j.R.D|
	0020  0a 79 1b 6a c0 6b 00 6c                          |.y.j.k.l|
[1889] +31.489670 ASYNC-IN-SUBMIT ep=0x81 len=0 type=BULK (in, awaiting data)
[1890] +31.512293 ASYNC-OUT ep=0x01 len=16 type=BULK 
	0000  08 00 00 18 02 10 f0 03  00 5d 00 08 e2 2c 00 00 |.........]...,..|
[1891] +31.512500 ASYNC-OUT-DONE ep=0x01 len=0 status=0 actual=16
[1892] +31.563966 ASYNC-IN-DONE ep=0x81 len=40 status=0 actual=40
	0000  1d 00 00 18 f0 03 02 10  00 62 00 04 09 02 00 00 |.........b......|
	0010  00 00 04 00 0d 00 00 00  82 69 16 6a 84 52 00 44 |.........i.j.R.D|
	0020  0a 79 1b 6a c0 6b 00 6c                          |.y.j.k.l|
[1893] +31.564066 ASYNC-IN-SUBMIT ep=0x81 len=0 type=BULK (in, awaiting data)
[1894] +31.564306 ASYNC-OUT ep=0x01 len=16 type=BULK 
	0000  08 00 00 18 02 10 f0 03  00 5e 00 08 f7 2c 00 00 |.........^...,..|
[1895] +31.564472 ASYNC-OUT-DONE ep=0x01 len=0 status=0 actual=16
[1896] +31.639136 ASYNC-IN-DONE ep=0x81 len=40 status=0 actual=40
	0000  1d 00 00 18 f0 03 02 10  00 63 00 04 09 02 00 00 |.........c......|
	0010  00 00 04 00 0d 00 00 00  82 69 16 6a 84 52 00 44 |.........i.j.R.D|
	0020  0a 79 1b 6a c0 6b 00 6c                          |.y.j.k.l|
[1897] +31.639249 ASYNC-IN-SUBMIT ep=0x81 len=0 type=BULK (in, awaiting data)
[1898] +31.668413 ASYNC-OUT ep=0x01 len=16 type=BULK 
	0000  08 00 00 18 02 10 f0 03  00 5f 00 08 0c 2d 00 00 |........._...-..|
[1899] +31.668626 ASYNC-OUT-DONE ep=0x01 len=0 status=0 actual=16
[1900] +31.713945 ASYNC-IN-DONE ep=0x81 len=40 status=0 actual=40
	0000  1d 00 00 18 f0 03 02 10  00 64 00 04 09 02 00 00 |.........d......|
	0010  00 00 04 00 0d 00 00 00  82 69 16 6a 84 52 00 44 |.........i.j.R.D|
	0020  0a 79 1b 6a c0 6b 00 6c                          |.y.j.k.l|
[1901] +31.714042 ASYNC-IN-SUBMIT ep=0x81 len=0 type=BULK (in, awaiting data)
[1902] +31.720432 ASYNC-OUT ep=0x01 len=16 type=BULK 
	0000  08 00 00 18 02 10 f0 03  00 60 00 08 21 2d 00 00 |.........`..!-..|
[1903] +31.720639 ASYNC-OUT-DONE ep=0x01 len=0 status=0 actual=16
[1904] +31.789127 ASYNC-IN-DONE ep=0x81 len=40 status=0 actual=40
	0000  1d 00 00 18 f0 03 02 10  00 65 00 04 09 02 00 00 |.........e......|
	0010  00 00 04 00 0d 00 00 00  82 69 16 6a 84 52 00 44 |.........i.j.R.D|
	0020  0a 79 1b 6a c0 6b 00 6c                          |.y.j.k.l|
[1905] +31.789207 ASYNC-IN-SUBMIT ep=0x81 len=0 type=BULK (in, awaiting data)
[1906] +31.824510 ASYNC-OUT ep=0x01 len=16 type=BULK 
	0000  08 00 00 18 02 10 f0 03  00 61 00 08 36 2d 00 00 |.........a..6-..|
[1907] +31.824733 ASYNC-OUT-DONE ep=0x01 len=0 status=0 actual=16
[1908] +31.863929 ASYNC-IN-DONE ep=0x81 len=40 status=0 actual=40
	0000  1d 00 00 18 f0 03 02 10  00 66 00 04 09 02 00 00 |.........f......|
	0010  00 00 04 00 0d 00 00 00  82 69 16 6a 84 52 00 44 |.........i.j.R.D|
	0020  0a 79 1b 6a c0 6b 00 6c                          |.y.j.k.l|
[1909] +31.864031 ASYNC-IN-SUBMIT ep=0x81 len=0 type=BULK (in, awaiting data)
[1910] +31.876543 ASYNC-OUT ep=0x01 len=16 type=BULK 
	0000  08 00 00 18 02 10 f0 03  00 62 00 08 4b 2d 00 00 |.........b..K-..|
[1911] +31.876741 ASYNC-OUT-DONE ep=0x01 len=0 status=0 actual=16
[1912] +31.887157 ASYNC-IN-DONE ep=0x81 len=16 status=0 actual=16
	0000  08 00 00 18 ef 03 01 10  00 36 00 10 aa 02 00 00 |.........6......|
[1913] +31.887211 ASYNC-IN-SUBMIT ep=0x81 len=0 type=BULK (in, awaiting data)
[1914] +31.939499 ASYNC-IN-DONE ep=0x81 len=40 status=0 actual=40
	0000  1d 00 00 18 f0 03 02 10  00 67 00 04 09 02 00 00 |.........g......|
	0010  00 00 04 00 0d 00 00 00  82 69 16 6a 84 52 00 44 |.........i.j.R.D|
	0020  0a 79 1b 6a c0 6b 00 6c                          |.y.j.k.l|
[1915] +31.939596 ASYNC-IN-SUBMIT ep=0x81 len=0 type=BULK (in, awaiting data)
[1916] +31.979891 ASYNC-OUT ep=0x01 len=16 type=BULK 
	0000  08 00 00 18 02 10 f0 03  00 63 00 08 60 2d 00 00 |.........c..`-..|
[1917] +31.980124 ASYNC-OUT-DONE ep=0x01 len=0 status=0 actual=16
[1918] +32.013819 ASYNC-IN-DONE ep=0x81 len=40 status=0 actual=40
	0000  1d 00 00 18 f0 03 02 10  00 68 00 04 09 02 00 00 |.........h......|
	0010  00 00 04 00 0d 00 00 00  82 69 16 6a 84 52 00 44 |.........i.j.R.D|
	0020  0a 79 1b 6a c0 6b 00 6c                          |.y.j.k.l|
[1919] +32.013919 ASYNC-IN-SUBMIT ep=0x81 len=0 type=BULK (in, awaiting data)
[1920] +32.031551 ASYNC-OUT ep=0x01 len=16 type=BULK 
	0000  08 00 00 18 02 10 f0 03  00 64 00 08 75 2d 00 00 |.........d..u-..|
[1921] +32.031748 ASYNC-OUT-DONE ep=0x01 len=0 status=0 actual=16
[1922] +32.089533 ASYNC-IN-DONE ep=0x81 len=40 status=0 actual=40
	0000  1d 00 00 18 f0 03 02 10  00 69 00 04 09 02 00 00 |.........i......|
	0010  00 00 04 00 0d 00 00 00  82 69 16 6a 84 52 00 44 |.........i.j.R.D|
	0020  0a 79 1b 6a c0 6b 00 6c                          |.y.j.k.l|
[1923] +32.089639 ASYNC-IN-SUBMIT ep=0x81 len=0 type=BULK (in, awaiting data)
[1924] +32.134887 ASYNC-OUT ep=0x01 len=16 type=BULK 
	0000  08 00 00 18 80 10 ed 03  00 31 00 10 c6 1b 00 00 |.........1......|
[1925] +32.135001 ASYNC-OUT ep=0x01 len=16 type=BULK 
	0000  08 00 00 18 02 10 f0 03  00 65 00 08 8a 2d 00 00 |.........e...-..|
[1926] +32.135108 ASYNC-OUT-DONE ep=0x01 len=0 status=0 actual=16
[1927] +32.135185 ASYNC-OUT-DONE ep=0x01 len=0 status=0 actual=16
[1928] +32.164208 ASYNC-IN-DONE ep=0x81 len=40 status=0 actual=40
	0000  1d 00 00 18 f0 03 02 10  00 6a 00 04 09 02 00 00 |.........j......|
	0010  00 00 04 00 0d 00 00 00  82 69 16 6a 84 52 00 44 |.........i.j.R.D|
	0020  0a 79 1b 6a c0 6b 00 6c                          |.y.j.k.l|
[1929] +32.164305 ASYNC-IN-SUBMIT ep=0x81 len=0 type=BULK (in, awaiting data)
[1930] +32.186920 ASYNC-OUT ep=0x01 len=16 type=BULK 
	0000  08 00 00 18 02 10 f0 03  00 66 00 08 9f 2d 00 00 |.........f...-..|
[1931] +32.187013 ASYNC-OUT ep=0x01 len=16 type=BULK 
	0000  08 00 00 18 01 10 ef 03  00 33 00 10 b5 1e 00 00 |.........3......|
[1932] +32.187135 ASYNC-OUT-DONE ep=0x01 len=0 status=0 actual=16
[1933] +32.187193 ASYNC-OUT-DONE ep=0x01 len=0 status=0 actual=16
[1934] +32.239117 ASYNC-IN-DONE ep=0x81 len=40 status=0 actual=40
	0000  1d 00 00 18 f0 03 02 10  00 6b 00 04 09 02 00 00 |.........k......|
	0010  00 00 04 00 0d 00 00 00  82 69 16 6a 84 52 00 44 |.........i.j.R.D|
	0020  0a 79 1b 6a c0 6b 00 6c                          |.y.j.k.l|
[1935] +32.239216 ASYNC-IN-SUBMIT ep=0x81 len=0 type=BULK (in, awaiting data)
[1936] +32.288806 ASYNC-IN-DONE ep=0x81 len=16 status=0 actual=16
	0000  08 00 00 18 ed 03 80 10  00 33 00 10 ae 02 00 00 |.........3......|
[1937] +32.288864 ASYNC-IN-SUBMIT ep=0x81 len=0 type=BULK (in, awaiting data)
[1938] +32.291021 ASYNC-OUT ep=0x01 len=16 type=BULK 
	0000  08 00 00 18 02 10 f0 03  00 67 00 08 b4 2d 00 00 |.........g...-..|
[1939] +32.291203 ASYNC-OUT-DONE ep=0x01 len=0 status=0 actual=16
[1940] +32.313907 ASYNC-IN-DONE ep=0x81 len=40 status=0 actual=40
	0000  1d 00 00 18 f0 03 02 10  00 6c 00 04 09 02 00 00 |.........l......|
	0010  00 00 04 00 0d 00 00 00  82 69 16 6a 84 52 00 44 |.........i.j.R.D|
	0020  0a 79 1b 6a c0 6b 00 6c                          |.y.j.k.l|
[1941] +32.313994 ASYNC-IN-SUBMIT ep=0x81 len=0 type=BULK (in, awaiting data)
[1942] +32.343110 ASYNC-OUT ep=0x01 len=16 type=BULK 
	0000  08 00 00 18 02 10 f0 03  00 68 00 08 c9 2d 00 00 |.........h...-..|
[1943] +32.343312 ASYNC-OUT-DONE ep=0x01 len=0 status=0 actual=16
[1944] +32.389945 ASYNC-IN-DONE ep=0x81 len=40 status=0 actual=40
	0000  1d 00 00 18 f0 03 02 10  00 6d 00 04 09 02 00 00 |.........m......|
	0010  00 00 04 00 0d 00 00 00  82 69 16 6a 84 52 00 44 |.........i.j.R.D|
	0020  0a 79 1b 6a c0 6b 00 6c                          |.y.j.k.l|
[1945] +32.390036 ASYNC-IN-SUBMIT ep=0x81 len=0 type=BULK (in, awaiting data)
[1946] +32.395169 ASYNC-OUT ep=0x01 len=16 type=BULK 
	0000  08 00 00 18 02 10 f0 03  00 69 00 08 de 2d 00 00 |.........i...-..|
[1947] +32.395344 ASYNC-OUT-DONE ep=0x01 len=0 status=0 actual=16
[1948] +32.463859 ASYNC-IN-DONE ep=0x81 len=40 status=0 actual=40
	0000  1d 00 00 18 f0 03 02 10  00 6e 00 04 09 02 00 00 |.........n......|
	0010  00 00 04 00 0d 00 00 00  82 69 16 6a 84 52 00 44 |.........i.j.R.D|
	0020  0a 79 1b 6a c0 6b 00 6c                          |.y.j.k.l|
[1949] +32.463964 ASYNC-IN-SUBMIT ep=0x81 len=0 type=BULK (in, awaiting data)
[1950] +32.499256 ASYNC-OUT ep=0x01 len=16 type=BULK 
	0000  08 00 00 18 02 10 f0 03  00 6a 00 08 f3 2d 00 00 |.........j...-..|
[1951] +32.499476 ASYNC-OUT-DONE ep=0x01 len=0 status=0 actual=16
[1952] +32.539559 ASYNC-IN-DONE ep=0x81 len=40 status=0 actual=40
	0000  1d 00 00 18 f0 03 02 10  00 6f 00 04 09 02 00 00 |.........o......|
	0010  00 00 04 00 0d 00 00 00  82 69 16 6a 84 52 00 44 |.........i.j.R.D|
	0020  0a 79 1b 6a c0 6b 00 6c                          |.y.j.k.l|
[1953] +32.539705 ASYNC-IN-SUBMIT ep=0x81 len=0 type=BULK (in, awaiting data)
[1954] +32.551307 ASYNC-OUT ep=0x01 len=16 type=BULK 
	0000  08 00 00 18 02 10 f0 03  00 6b 00 08 08 2e 00 00 |.........k......|
[1955] +32.551562 ASYNC-OUT-DONE ep=0x01 len=0 status=0 actual=16
[1956] +32.613874 ASYNC-IN-DONE ep=0x81 len=40 status=0 actual=40
	0000  1d 00 00 18 f0 03 02 10  00 70 00 04 09 02 00 00 |.........p......|
	0010  00 00 04 00 0d 00 00 00  82 69 16 6a 84 52 00 44 |.........i.j.R.D|
	0020  0a 79 1b 6a c0 6b 00 6c                          |.y.j.k.l|
[1957] +32.613996 ASYNC-IN-SUBMIT ep=0x81 len=0 type=BULK (in, awaiting data)
[1958] +32.654764 ASYNC-OUT ep=0x01 len=16 type=BULK 
	0000  08 00 00 18 02 10 f0 03  00 6c 00 08 1d 2e 00 00 |.........l......|
[1959] +32.654978 ASYNC-OUT-DONE ep=0x01 len=0 status=0 actual=16
[1960] +32.691316 ASYNC-IN-DONE ep=0x81 len=40 status=0 actual=40
	0000  1d 00 00 18 f0 03 02 10  00 71 00 04 09 02 00 00 |.........q......|
	0010  00 00 04 00 0d 00 00 00  82 69 16 6a 84 52 00 44 |.........i.j.R.D|
	0020  0a 79 1b 6a c0 6b 00 6c                          |.y.j.k.l|
[1961] +32.691419 ASYNC-IN-SUBMIT ep=0x81 len=0 type=BULK (in, awaiting data)
[1962] +32.706800 ASYNC-OUT ep=0x01 len=16 type=BULK 
	0000  08 00 00 18 02 10 f0 03  00 6d 00 08 32 2e 00 00 |.........m..2...|
[1963] +32.706994 ASYNC-OUT-DONE ep=0x01 len=0 status=0 actual=16
[1964] +32.764170 ASYNC-IN-DONE ep=0x81 len=40 status=0 actual=40
	0000  1d 00 00 18 f0 03 02 10  00 72 00 04 09 02 00 00 |.........r......|
	0010  00 00 04 00 0d 00 00 00  82 69 16 6a 84 52 00 44 |.........i.j.R.D|
	0020  0a 79 1b 6a c0 6b 00 6c                          |.y.j.k.l|
[1965] +32.764275 ASYNC-IN-SUBMIT ep=0x81 len=0 type=BULK (in, awaiting data)
[1966] +32.810891 ASYNC-OUT ep=0x01 len=16 type=BULK 
	0000  08 00 00 18 02 10 f0 03  00 6e 00 08 47 2e 00 00 |.........n..G...|
[1967] +32.811093 ASYNC-OUT-DONE ep=0x01 len=0 status=0 actual=16
[1968] +32.839718 ASYNC-IN-DONE ep=0x81 len=40 status=0 actual=40
	0000  1d 00 00 18 f0 03 02 10  00 73 00 04 09 02 00 00 |.........s......|
	0010  00 00 04 00 0d 00 00 00  82 69 16 6a 84 52 00 44 |.........i.j.R.D|
	0020  0a 79 1b 6a c0 6b 00 6c                          |.y.j.k.l|
[1969] +32.839826 ASYNC-IN-SUBMIT ep=0x81 len=0 type=BULK (in, awaiting data)
[1970] +32.862944 ASYNC-OUT ep=0x01 len=16 type=BULK 
	0000  08 00 00 18 02 10 f0 03  00 6f 00 08 5c 2e 00 00 |.........o..\...|
[1971] +32.863142 ASYNC-OUT-DONE ep=0x01 len=0 status=0 actual=16
[1972] +32.891315 ASYNC-IN-DONE ep=0x81 len=16 status=0 actual=16
	0000  08 00 00 18 ef 03 01 10  00 37 00 10 aa 02 00 00 |.........7......|
[1973] +32.891378 ASYNC-IN-SUBMIT ep=0x81 len=0 type=BULK (in, awaiting data)
[1974] +32.913775 ASYNC-IN-DONE ep=0x81 len=40 status=0 actual=40
	0000  1d 00 00 18 f0 03 02 10  00 74 00 04 09 02 00 00 |.........t......|
	0010  00 00 04 00 0d 00 00 00  82 69 16 6a 84 52 00 44 |.........i.j.R.D|
	0020  0a 79 1b 6a c0 6b 00 6c                          |.y.j.k.l|
[1975] +32.913878 ASYNC-IN-SUBMIT ep=0x81 len=0 type=BULK (in, awaiting data)
[1976] +32.915001 ASYNC-OUT ep=0x01 len=16 type=BULK 
	0000  08 00 00 18 02 10 f0 03  00 70 00 08 71 2e 00 00 |.........p..q...|
[1977] +32.915182 ASYNC-OUT-DONE ep=0x01 len=0 status=0 actual=16
[1978] +32.992375 ASYNC-IN-DONE ep=0x81 len=40 status=0 actual=40
	0000  1d 00 00 18 f0 03 02 10  00 75 00 04 09 02 00 00 |.........u......|
	0010  00 00 04 00 0d 00 00 00  82 69 16 6a 84 52 00 44 |.........i.j.R.D|
	0020  0a 79 1b 6a c0 6b 00 6c                          |.y.j.k.l|
[1979] +32.992482 ASYNC-IN-SUBMIT ep=0x81 len=0 type=BULK (in, awaiting data)
[1980] +33.019111 ASYNC-OUT ep=0x01 len=16 type=BULK 
	0000  08 00 00 18 02 10 f0 03  00 71 00 08 86 2e 00 00 |.........q......|
[1981] +33.019300 ASYNC-OUT-DONE ep=0x01 len=0 status=0 actual=16
[1982] +33.064109 ASYNC-IN-DONE ep=0x81 len=40 status=0 actual=40
	0000  1d 00 00 18 f0 03 02 10  00 76 00 04 09 02 00 00 |.........v......|
	0010  00 00 04 00 0d 00 00 00  82 69 16 6a 84 52 00 44 |.........i.j.R.D|
	0020  0a 79 1b 6a c0 6b 00 6c                          |.y.j.k.l|
[1983] +33.064202 ASYNC-IN-SUBMIT ep=0x81 len=0 type=BULK (in, awaiting data)
[1984] +33.071150 ASYNC-OUT ep=0x01 len=16 type=BULK 
	0000  08 00 00 18 02 10 f0 03  00 72 00 08 9b 2e 00 00 |.........r......|
[1985] +33.071344 ASYNC-OUT-DONE ep=0x01 len=0 status=0 actual=16
[1986] +33.139359 ASYNC-IN-DONE ep=0x81 len=40 status=0 actual=40
	0000  1d 00 00 18 f0 03 02 10  00 77 00 04 09 02 00 00 |.........w......|
	0010  00 00 04 00 0d 00 00 00  82 69 16 6a 84 52 00 44 |.........i.j.R.D|
	0020  0a 79 1b 6a c0 6b 00 6c                          |.y.j.k.l|
[1987] +33.139464 ASYNC-IN-SUBMIT ep=0x81 len=0 type=BULK (in, awaiting data)
[1988] +33.175281 ASYNC-OUT ep=0x01 len=16 type=BULK 
	0000  08 00 00 18 80 10 ed 03  00 32 00 10 c6 1b 00 00 |.........2......|
[1989] +33.175372 ASYNC-OUT ep=0x01 len=16 type=BULK 
	0000  08 00 00 18 02 10 f0 03  00 73 00 08 b0 2e 00 00 |.........s......|
[1990] +33.175495 ASYNC-OUT-DONE ep=0x01 len=0 status=0 actual=16
[1991] +33.175563 ASYNC-OUT-DONE ep=0x01 len=0 status=0 actual=16
[1992] +33.214070 ASYNC-IN-DONE ep=0x81 len=40 status=0 actual=40
	0000  1d 00 00 18 f0 03 02 10  00 78 00 04 09 02 00 00 |.........x......|
	0010  00 00 04 00 0d 00 00 00  82 69 16 6a 84 52 00 44 |.........i.j.R.D|
	0020  0a 79 1b 6a c0 6b 00 6c                          |.y.j.k.l|
[1993] +33.214163 ASYNC-IN-SUBMIT ep=0x81 len=0 type=BULK (in, awaiting data)
[1994] +33.226591 ASYNC-OUT ep=0x01 len=16 type=BULK 
	0000  08 00 00 18 02 10 f0 03  00 74 00 08 c5 2e 00 00 |.........t......|
[1995] +33.226675 ASYNC-OUT ep=0x01 len=16 type=BULK 
	0000  08 00 00 18 01 10 ef 03  00 34 00 10 b5 1e 00 00 |.........4......|
[1996] +33.226790 ASYNC-OUT-DONE ep=0x01 len=0 status=0 actual=16
[1997] +33.226871 ASYNC-OUT-DONE ep=0x01 len=0 status=0 actual=16
[1998] +33.293155 ASYNC-IN-DONE ep=0x81 len=16 status=0 actual=16
	0000  08 00 00 18 ed 03 80 10  00 34 00 10 ae 02 00 00 |.........4......|
[1999] +33.293220 ASYNC-IN-SUBMIT ep=0x81 len=0 type=BULK (in, awaiting data)
[2000] +33.293433 ASYNC-IN-DONE ep=0x81 len=40 status=0 actual=40
	0000  1d 00 00 18 f0 03 02 10  00 79 00 04 09 02 00 00 |.........y......|
	0010  00 00 04 00 0d 00 00 00  82 69 16 6a 84 52 00 44 |.........i.j.R.D|
	0020  0a 79 1b 6a c0 6b 00 6c                          |.y.j.k.l|
[2001] +33.293524 ASYNC-IN-SUBMIT ep=0x81 len=0 type=BULK (in, awaiting data)
[2002] +33.330666 ASYNC-OUT ep=0x01 len=16 type=BULK 
	0000  08 00 00 18 02 10 f0 03  00 75 00 08 da 2e 00 00 |.........u......|
[2003] +33.330863 ASYNC-OUT-DONE ep=0x01 len=0 status=0 actual=16
[2004] +33.364342 ASYNC-IN-DONE ep=0x81 len=40 status=0 actual=40
	0000  1d 00 00 18 f0 03 02 10  00 7a 00 04 09 02 00 00 |.........z......|
	0010  00 00 04 00 0d 00 00 00  82 69 16 6a 84 52 00 44 |.........i.j.R.D|
	0020  0a 79 1b 6a c0 6b 00 6c                          |.y.j.k.l|
[2005] +33.364432 ASYNC-IN-SUBMIT ep=0x81 len=0 type=BULK (in, awaiting data)
[2006] +33.382465 ASYNC-OUT ep=0x01 len=16 type=BULK 
	0000  08 00 00 18 02 10 f0 03  00 76 00 08 ef 2e 00 00 |.........v......|
[2007] +33.382677 ASYNC-OUT-DONE ep=0x01 len=0 status=0 actual=16
[2008] +33.439263 ASYNC-IN-DONE ep=0x81 len=40 status=0 actual=40
	0000  1d 00 00 18 f0 03 02 10  00 7b 00 04 09 02 00 00 |.........{......|
	0010  00 00 04 00 0d 00 00 00  82 69 16 6a 84 52 00 44 |.........i.j.R.D|
	0020  0a 79 1b 6a c0 6b 00 6c                          |.y.j.k.l|
[2009] +33.439371 ASYNC-IN-SUBMIT ep=0x81 len=0 type=BULK (in, awaiting data)
[2010] +33.486531 ASYNC-OUT ep=0x01 len=16 type=BULK 
	0000  08 00 00 18 02 10 f0 03  00 77 00 08 04 2f 00 00 |.........w.../..|
[2011] +33.486731 ASYNC-OUT-DONE ep=0x01 len=0 status=0 actual=16
[2012] +33.514066 ASYNC-IN-DONE ep=0x81 len=40 status=0 actual=40
	0000  1d 00 00 18 f0 03 02 10  00 7c 00 04 09 02 00 00 |.........|......|
	0010  00 00 04 00 0d 00 00 00  82 69 16 6a 84 52 00 44 |.........i.j.R.D|
	0020  0a 79 1b 6a c0 6b 00 6c                          |.y.j.k.l|
[2013] +33.514163 ASYNC-IN-SUBMIT ep=0x81 len=0 type=BULK (in, awaiting data)
[2014] +33.538609 ASYNC-OUT ep=0x01 len=16 type=BULK 
	0000  08 00 00 18 02 10 f0 03  00 78 00 08 19 2f 00 00 |.........x.../..|
[2015] +33.538819 ASYNC-OUT-DONE ep=0x01 len=0 status=0 actual=16
[2016] +33.589567 ASYNC-IN-DONE ep=0x81 len=40 status=0 actual=40
	0000  1d 00 00 18 f0 03 02 10  00 7d 00 04 09 02 00 00 |.........}......|
	0010  00 00 04 00 0d 00 00 00  82 69 16 6a 84 52 00 44 |.........i.j.R.D|
	0020  0a 79 1b 6a c0 6b 00 6c                          |.y.j.k.l|
[2017] +33.589667 ASYNC-IN-SUBMIT ep=0x81 len=0 type=BULK (in, awaiting data)
[2018] +33.589742 ASYNC-OUT ep=0x01 len=16 type=BULK 
	0000  08 00 00 18 02 10 f0 03  00 79 00 08 2e 2f 00 00 |.........y.../..|
[2019] +33.589920 ASYNC-OUT-DONE ep=0x01 len=0 status=0 actual=16
[2020] +33.664040 ASYNC-IN-DONE ep=0x81 len=40 status=0 actual=40
	0000  1d 00 00 18 f0 03 02 10  00 7e 00 04 09 02 00 00 |.........~......|
	0010  00 00 04 00 0d 00 00 00  82 69 16 6a 84 52 00 44 |.........i.j.R.D|
	0020  0a 79 1b 6a c0 6b 00 6c                          |.y.j.k.l|
[2021] +33.664155 ASYNC-IN-SUBMIT ep=0x81 len=0 type=BULK (in, awaiting data)
[2022] +33.693878 ASYNC-OUT ep=0x01 len=16 type=BULK 
	0000  08 00 00 18 02 10 f0 03  00 7a 00 08 43 2f 00 00 |.........z..C/..|
[2023] +33.694091 ASYNC-OUT-DONE ep=0x01 len=0 status=0 actual=16
[2024] +33.738845 ASYNC-IN-DONE ep=0x81 len=40 status=0 actual=40
	0000  1d 00 00 18 f0 03 02 10  00 7f 00 04 09 02 00 00 |................|
	0010  00 00 04 00 0d 00 00 00  82 69 16 6a 84 52 00 44 |.........i.j.R.D|
	0020  0a 79 1b 6a c0 6b 00 6c                          |.y.j.k.l|
[2025] +33.738952 ASYNC-IN-SUBMIT ep=0x81 len=0 type=BULK (in, awaiting data)
[2026] +33.745894 ASYNC-OUT ep=0x01 len=16 type=BULK 
	0000  08 00 00 18 02 10 f0 03  00 7b 00 08 58 2f 00 00 |.........{..X/..|
[2027] +33.746083 ASYNC-OUT-DONE ep=0x01 len=0 status=0 actual=16
[2028] +33.814406 ASYNC-IN-DONE ep=0x81 len=40 status=0 actual=40
	0000  1d 00 00 18 f0 03 02 10  00 80 00 04 09 02 00 00 |................|
	0010  00 00 04 00 0d 00 00 00  82 69 16 6a 84 52 00 44 |.........i.j.R.D|
	0020  0a 79 1b 6a c0 6b 00 6c                          |.y.j.k.l|
[2029] +33.814506 ASYNC-IN-SUBMIT ep=0x81 len=0 type=BULK (in, awaiting data)
[2030] +33.849796 ASYNC-OUT ep=0x01 len=16 type=BULK 
	0000  08 00 00 18 02 10 f0 03  00 7c 00 08 6d 2f 00 00 |.........|..m/..|
[2031] +33.850002 ASYNC-OUT-DONE ep=0x01 len=0 status=0 actual=16
[2032] +33.889185 ASYNC-IN-DONE ep=0x81 len=40 status=0 actual=40
	0000  1d 00 00 18 f0 03 02 10  00 81 00 04 09 02 00 00 |................|
	0010  00 00 04 00 0d 00 00 00  82 69 16 6a 84 52 00 44 |.........i.j.R.D|
	0020  0a 79 1b 6a c0 6b 00 6c                          |.y.j.k.l|
[2033] +33.889301 ASYNC-IN-SUBMIT ep=0x81 len=0 type=BULK (in, awaiting data)
[2034] +33.894001 ASYNC-IN-DONE ep=0x81 len=16 status=0 actual=16
	0000  08 00 00 18 ef 03 01 10  00 38 00 10 aa 02 00 00 |.........8......|
[2035] +33.894058 ASYNC-IN-SUBMIT ep=0x81 len=0 type=BULK (in, awaiting data)
[2036] +33.901827 ASYNC-OUT ep=0x01 len=16 type=BULK 
	0000  08 00 00 18 02 10 f0 03  00 7d 00 08 82 2f 00 00 |.........}.../..|
[2037] +33.902024 ASYNC-OUT-DONE ep=0x01 len=0 status=0 actual=16
[2038] +33.963982 ASYNC-IN-DONE ep=0x81 len=40 status=0 actual=40
	0000  1d 00 00 18 f0 03 02 10  00 82 00 04 09 02 00 00 |................|
	0010  00 00 04 00 0d 00 00 00  82 69 16 6a 84 52 00 44 |.........i.j.R.D|
	0020  0a 79 1b 6a c0 6b 00 6c                          |.y.j.k.l|
[2039] +33.964077 ASYNC-IN-SUBMIT ep=0x81 len=0 type=BULK (in, awaiting data)
[2040] +34.005274 ASYNC-OUT ep=0x01 len=16 type=BULK 
	0000  08 00 00 18 02 10 f0 03  00 7e 00 08 97 2f 00 00 |.........~.../..|
[2041] +34.005479 ASYNC-OUT-DONE ep=0x01 len=0 status=0 actual=16
[2042] +34.039132 ASYNC-IN-DONE ep=0x81 len=40 status=0 actual=40
	0000  1d 00 00 18 f0 03 02 10  00 83 00 04 09 02 00 00 |................|
	0010  00 00 04 00 0d 00 00 00  82 69 16 6a 84 52 00 44 |.........i.j.R.D|
	0020  0a 79 1b 6a c0 6b 00 6c                          |.y.j.k.l|
[2043] +34.039225 ASYNC-IN-SUBMIT ep=0x81 len=0 type=BULK (in, awaiting data)
[2044] +34.057307 ASYNC-OUT ep=0x01 len=16 type=BULK 
	0000  08 00 00 18 02 10 f0 03  00 7f 00 08 ac 2f 00 00 |............./..|
[2045] +34.057495 ASYNC-OUT-DONE ep=0x01 len=0 status=0 actual=16
[2046] +34.113939 ASYNC-IN-DONE ep=0x81 len=40 status=0 actual=40
	0000  1d 00 00 18 f0 03 02 10  00 84 00 04 09 02 00 00 |................|
	0010  00 00 04 00 0d 00 00 00  82 69 16 6a 84 52 00 44 |.........i.j.R.D|
	0020  0a 79 1b 6a c0 6b 00 6c                          |.y.j.k.l|
[2047] +34.114043 ASYNC-IN-SUBMIT ep=0x81 len=0 type=BULK (in, awaiting data)
[2048] +34.161422 ASYNC-OUT ep=0x01 len=16 type=BULK 
	0000  08 00 00 18 02 10 f0 03  00 80 00 08 c1 2f 00 00 |............./..|
[2049] +34.161617 ASYNC-OUT-DONE ep=0x01 len=0 status=0 actual=16
[2050] +34.189443 ASYNC-IN-DONE ep=0x81 len=40 status=0 actual=40
	0000  1d 00 00 18 f0 03 02 10  00 85 00 04 09 02 00 00 |................|
	0010  00 00 04 00 0d 00 00 00  82 69 16 6a 84 52 00 44 |.........i.j.R.D|
	0020  0a 79 1b 6a c0 6b 00 6c                          |.y.j.k.l|
[2051] +34.189536 ASYNC-IN-SUBMIT ep=0x81 len=0 type=BULK (in, awaiting data)
[2052] +34.213461 ASYNC-OUT ep=0x01 len=16 type=BULK 
	0000  08 00 00 18 80 10 ed 03  00 33 00 10 c6 1b 00 00 |.........3......|
[2053] +34.213551 ASYNC-OUT ep=0x01 len=16 type=BULK 
	0000  08 00 00 18 02 10 f0 03  00 81 00 08 d6 2f 00 00 |............./..|
[2054] +34.213671 ASYNC-OUT-DONE ep=0x01 len=0 status=0 actual=16
[2055] +34.213723 ASYNC-OUT-DONE ep=0x01 len=0 status=0 actual=16
[2056] +34.255416 ASYNC-OUT ep=0x01 len=16 type=BULK 
	0000  08 00 00 18 80 10 ed 03  00 34 00 02 c6 1b 00 00 |.........4......|
[2057] +34.255543 ASYNC-OUT ep=0x01 len=16 type=BULK 
	0000  08 00 00 18 02 10 f0 03  00 82 00 02 d6 2f 00 00 |............./..|
[2058] +34.255632 ASYNC-OUT-DONE ep=0x01 len=0 status=0 actual=16
[2059] +34.255689 ASYNC-OUT-DONE ep=0x01 len=0 status=0 actual=16
[2060] +34.256256 ASYNC-IN-DONE ep=0x81 len=16 status=0 actual=16
	0000  08 00 00 18 ed 03 80 10  00 35 00 02 ae 02 00 00 |.........5......|
[2061] +34.256281 ASYNC-IN-SUBMIT ep=0x81 len=0 type=BULK (in, awaiting data)
[2062] +34.256515 ASYNC-IN-DONE ep=0x81 len=16 status=0 actual=16
	0000  08 00 00 18 f0 03 02 10  00 86 00 02 09 02 00 00 |................|
[2063] +34.256536 ASYNC-IN-SUBMIT ep=0x81 len=0 type=BULK (in, awaiting data)
[2064] +34.256559 ASYNC-OUT ep=0x01 len=16 type=BULK 
	0000  08 00 00 18 01 10 ef 03  00 35 00 02 b5 1e 00 00 |.........5......|
[2065] +34.256668 ASYNC-OUT-DONE ep=0x01 len=0 status=0 actual=16
[2066] +34.257072 ASYNC-IN-DONE ep=0x81 len=16 status=0 actual=16
	0000  08 00 00 18 ef 03 01 10  00 39 00 02 aa 02 00 00 |.........9......|
[2067] +34.257096 ASYNC-IN-SUBMIT ep=0x81 len=0 type=BULK (in, awaiting data)
[2068] +34.365290 ASYNC-IN-DONE ep=0x81 len=0 status=2 actual=0
[2069] +34.365376 ASYNC-IN-SUBMIT ep=0x81 len=0 type=BULK (in, awaiting data)
[2070] +34.456554 ASYNC-IN-DONE ep=0x81 len=0 status=3 actual=0
[2071] +35.708751 RELEASE interface=0
